axis,region,replica,block,start_ns,end_ns,shared_rff_norm,stable_shared_rff_norm,shared_norm_minus_stable
dAGO,compound110_extension,1,0,0.0,1.0,0.07843421942813235,0.06464362687543543,0.01379059255269692
dAGO,compound110_extension,1,1,1.0,2.0,0.07102333467519026,0.05146231144955693,0.01956102322563333
dAGO,compound110_extension,1,2,2.0,3.0,0.05571336497173207,0.06699436872843266,-0.011281003756700589
dAGO,compound110_extension,1,3,3.0,4.0,0.07252060186762807,0.08110539827345241,-0.008584796405824338
dAGO,compound110_extension,1,4,4.0,5.0,0.07438206673101858,0.10511743973418171,-0.030735373003163133
dAGO,compound110_extension,1,5,5.0,6.0,0.10265253568701119,0.09701399943304546,0.005638536253965723
dAGO,compound110_extension,1,6,6.0,7.0,0.10224603412103098,0.09210828648474678,0.010137747636284195
dAGO,compound110_extension,1,7,7.0,8.0,0.08634954606242097,0.11382152925448609,-0.02747198319206512
dAGO,compound110_extension,1,8,8.0,9.0,0.09807176779849969,0.0936669872887847,0.0044047805097149895
dAGO,compound110_extension,1,9,9.0,10.0,0.11992172649112638,0.10110152242719492,0.018820204063931464
dAGO,compound110_extension,1,10,10.0,11.0,0.097507317149547,0.10065066243609354,-0.003143345286546542
dAGO,compound110_extension,1,11,11.0,12.0,0.09971308783865093,0.09786947094668284,0.001843616891968089
dAGO,compound110_extension,1,12,12.0,13.0,0.1136824137383552,0.08416218367913239,0.029520230059222816
dAGO,compound110_extension,1,13,13.0,14.0,0.14764231834625866,0.09890554204583979,0.048736776300418866
dAGO,compound110_extension,1,14,14.0,15.0,0.17881039074082186,0.08735173094654869,0.09145865979427317
dAGO,compound110_extension,1,15,15.0,16.0,0.13514710115698897,0.06986399492743817,0.0652831062295508
dAGO,compound110_extension,1,16,16.0,17.0,0.13784371806594828,0.08038355530296457,0.05746016276298371
dAGO,compound110_extension,1,17,17.0,18.0,0.16878555265791112,0.0983582702960955,0.07042728236181561
dAGO,compound110_extension,1,18,18.0,19.0,0.1466550163104286,0.10481304536985,0.04184197094057859
dAGO,compound110_extension,1,19,19.0,20.0,0.16987138982657016,0.09190859436654836,0.0779627954600218
dAGO,compound110_extension,1,20,20.0,21.0,0.18792411518310184,0.08814372706912128,0.09978038811398056
dAGO,compound110_extension,1,21,21.0,22.0,0.1687617686608647,0.07818807750332733,0.09057369115753737
dAGO,compound110_extension,1,22,22.0,23.0,0.18100368015602786,0.07071961206288832,0.11028406809313954
dAGO,compound110_extension,1,23,23.0,24.0,0.15020904428217832,0.08757690221860294,0.06263214206357538
dAGO,compound110_extension,1,24,24.0,25.0,0.14500809422302138,0.08347904465356985,0.06152904956945153
dAGO,compound110_extension,1,25,25.0,26.0,0.16995071203258424,0.105174344390496,0.06477636764208825
dAGO,compound110_extension,1,26,26.0,27.0,0.1579651117635479,0.07713503164040053,0.08083008012314738
dAGO,compound110_extension,1,27,27.0,28.0,0.18497309012166888,0.11122696840173449,0.07374612171993439
dAGO,compound110_extension,1,28,28.0,29.0,0.16905033810092052,0.08751006972424397,0.08154026837667655
dAGO,compound110_extension,1,29,29.0,30.0,0.16232286975753274,0.09605811434931509,0.06626475540821765
dAGO,compound110_extension,1,30,30.0,31.0,0.14130438752744276,0.0679577368802468,0.07334665064719596
dAGO,compound110_extension,1,31,31.0,32.0,0.15870454624301256,0.07881209950460831,0.07989244673840425
dAGO,compound110_extension,1,32,32.0,33.0,0.14393501939541814,0.08478775960645328,0.05914725978896486
dAGO,compound110_extension,1,33,33.0,34.0,0.13526896248693157,0.09813973420391932,0.03712922828301225
dAGO,compound110_extension,1,34,34.0,35.0,0.1522429495789384,0.07472744500979565,0.07751550456914276
dAGO,compound110_extension,1,35,35.0,36.0,0.14345310216105672,0.10556159194967378,0.03789151021138294
dAGO,compound110_extension,1,36,36.0,37.0,0.1693803945583034,0.11718707263731812,0.052193321920985275
dAGO,compound110_extension,1,37,37.0,38.0,0.1361107321384151,0.1293973062780549,0.006713425860360195
dAGO,compound110_extension,1,38,38.0,39.0,0.14083780911065844,0.1048501328296775,0.03598767628098093
dAGO,compound110_extension,1,39,39.0,40.0,0.11029072959124821,0.09258732609385065,0.01770340349739756
dAGO,compound110_extension,1,40,40.0,41.0,0.13654047745848538,0.10268224142092176,0.03385823603756362
dAGO,compound110_extension,1,41,41.0,42.0,0.10658317727186867,0.09328901980709635,0.013294157464772319
dAGO,compound110_extension,1,42,42.0,43.0,0.10280009130618806,0.09749792508963873,0.005302166216549331
dAGO,compound110_extension,1,43,43.0,44.0,0.10124505316464842,0.09861835186434792,0.002626701300300502
dAGO,compound110_extension,1,44,44.0,45.0,0.11131534512069022,0.10922779587476342,0.002087549245926801
dAGO,compound110_extension,1,45,45.0,46.0,0.12850703631675428,0.10725817217422584,0.02124886414252844
dAGO,compound110_extension,1,46,46.0,47.0,0.14004586533557384,0.0938591106671368,0.04618675466843704
dAGO,compound110_extension,1,47,47.0,48.0,0.08922692410267197,0.11588240341553106,-0.026655479312859096
dAGO,compound110_extension,1,48,48.0,49.0,0.1535999195503828,0.1126971248328552,0.0409027947175276
dAGO,compound110_extension,1,49,49.0,50.0,0.15772698363303778,0.09008225732474474,0.06764472630829303
dAGO,compound110_extension,2,0,0.0,1.0,0.0849814126502956,0.04858995845675203,0.036391454193543574
dAGO,compound110_extension,2,1,1.0,2.0,0.07387715986374142,0.09194154032768896,-0.018064380463947538
dAGO,compound110_extension,2,2,2.0,3.0,0.07877472946512011,0.0678345519682761,0.010940177496844006
dAGO,compound110_extension,2,3,3.0,4.0,0.07767839416760176,0.08460685966060329,-0.006928465493001523
dAGO,compound110_extension,2,4,4.0,5.0,0.08395554284158988,0.06889316110089214,0.015062381740697739
dAGO,compound110_extension,2,5,5.0,6.0,0.07706914873012118,0.06649442786050541,0.010574720869615764
dAGO,compound110_extension,2,6,6.0,7.0,0.08240794100049506,0.07302356456557371,0.009384376434921349
dAGO,compound110_extension,2,7,7.0,8.0,0.09424465058216133,0.10077510349087769,-0.006530452908716358
dAGO,compound110_extension,2,8,8.0,9.0,0.08362465964970944,0.08750064240015475,-0.003875982750445303
dAGO,compound110_extension,2,9,9.0,10.0,0.0819821713240353,0.0931638028161738,-0.011181631492138494
dAGO,compound110_extension,2,10,10.0,11.0,0.1045723534104991,0.08556819656822924,0.01900415684226986
dAGO,compound110_extension,2,11,11.0,12.0,0.0968581061520618,0.07930060412613837,0.01755750202592342
dAGO,compound110_extension,2,12,12.0,13.0,0.11758649731248376,0.08135529560086188,0.03623120171162188
dAGO,compound110_extension,2,13,13.0,14.0,0.11090162705844821,0.09709641802735902,0.013805209031089186
dAGO,compound110_extension,2,14,14.0,15.0,0.12585985049079057,0.09511832062232775,0.03074152986846282
dAGO,compound110_extension,2,15,15.0,16.0,0.10387562078787492,0.10791755138020526,-0.004041930592330337
dAGO,compound110_extension,2,16,16.0,17.0,0.11620926863090288,0.09785448187274341,0.018354786758159464
dAGO,compound110_extension,2,17,17.0,18.0,0.07912321939882451,0.09626772669179919,-0.017144507292974676
dAGO,compound110_extension,2,18,18.0,19.0,0.08108999650789772,0.09223477739639309,-0.011144780888495368
dAGO,compound110_extension,2,19,19.0,20.0,0.0964331753306919,0.08075802661795918,0.01567514871273272
dAGO,compound110_extension,2,20,20.0,21.0,0.10366122274898562,0.09065782093401116,0.01300340181497446
dAGO,compound110_extension,2,21,21.0,22.0,0.12663765096978663,0.07941796627165906,0.04721968469812757
dAGO,compound110_extension,2,22,22.0,23.0,0.14147735663492766,0.09043009067972488,0.051047265955202786
dAGO,compound110_extension,2,23,23.0,24.0,0.08564932289156692,0.08357778179566978,0.0020715410958971336
dAGO,compound110_extension,2,24,24.0,25.0,0.11287844620863799,0.07786076728599149,0.0350176789226465
dAGO,compound110_extension,2,25,25.0,26.0,0.13607460915109287,0.08856119700743245,0.04751341214366042
dAGO,compound110_extension,2,26,26.0,27.0,0.14751384963612696,0.07682904772349756,0.0706848019126294
dAGO,compound110_extension,2,27,27.0,28.0,0.13485113183224778,0.08259425992465184,0.05225687190759594
dAGO,compound110_extension,2,28,28.0,29.0,0.13111564466447573,0.07477484611017461,0.056340798554301116
dAGO,compound110_extension,2,29,29.0,30.0,0.12093962656755343,0.08494453420049906,0.035995092367054365
dAGO,compound110_extension,2,30,30.0,31.0,0.10097674900652072,0.10475589984095604,-0.0037791508344353214
dAGO,compound110_extension,2,31,31.0,32.0,0.09105144155216598,0.10209331404746534,-0.011041872495299365
dAGO,compound110_extension,2,32,32.0,33.0,0.10015965280684971,0.09940727669236421,0.0007523761144855035
dAGO,compound110_extension,2,33,33.0,34.0,0.066958227165297,0.10058161956713277,-0.033623392401835775
dAGO,compound110_extension,2,34,34.0,35.0,0.09436417135376064,0.10056616891972954,-0.0062019975659688975
dAGO,compound110_extension,2,35,35.0,36.0,0.07914481181190712,0.08778919305564194,-0.008644381243734817
dAGO,compound110_extension,2,36,36.0,37.0,0.07581428643780543,0.08360850983512627,-0.007794223397320846
dAGO,compound110_extension,2,37,37.0,38.0,0.07351551336421196,0.09271389228775385,-0.019198378923541898
dAGO,compound110_extension,2,38,38.0,39.0,0.08978537657573786,0.09616508044326076,-0.006379703867522901
dAGO,compound110_extension,2,39,39.0,40.0,0.07594118002077561,0.10449184405160866,-0.028550664030833048
dAGO,compound110_extension,2,40,40.0,41.0,0.0946588864323884,0.10098643665411192,-0.006327550221723516
dAGO,compound110_extension,2,41,41.0,42.0,0.08926923671269253,0.09998543313741101,-0.01071619642471848
dAGO,compound110_extension,2,42,42.0,43.0,0.093162757583802,0.09333965423445915,-0.000176896650657149
dAGO,compound110_extension,2,43,43.0,44.0,0.08596846274238036,0.10731778134376586,-0.021349318601385503
dAGO,compound110_extension,2,44,44.0,45.0,0.0977402944601922,0.09870151573397311,-0.0009612212737809128
dAGO,compound110_extension,2,45,45.0,46.0,0.0784100867316618,0.0885325408753289,-0.010122454143667095
dAGO,compound110_extension,2,46,46.0,47.0,0.09299861681174434,0.07142350600964248,0.021575110802101866
dAGO,compound110_extension,2,47,47.0,48.0,0.11083232201413977,0.0950418781328413,0.015790443881298466
dAGO,compound110_extension,2,48,48.0,49.0,0.09039681587220576,0.09802961473041505,-0.0076327988582092915
dAGO,compound110_extension,2,49,49.0,50.0,0.08594450876440943,0.12534971777129963,-0.03940520900689021
dAGO,compound110_extension,3,0,0.0,1.0,0.0860651139008079,0.08273904676677059,0.003326067134037311
dAGO,compound110_extension,3,1,1.0,2.0,0.14256667587601232,0.08835149696255856,0.05421517891345376
dAGO,compound110_extension,3,2,2.0,3.0,0.14796750970924594,0.09077045620241288,0.05719705350683306
dAGO,compound110_extension,3,3,3.0,4.0,0.20244864647420535,0.09355946462680415,0.1088891818474012
dAGO,compound110_extension,3,4,4.0,5.0,0.15635364726669862,0.07495097964655706,0.08140266762014156
dAGO,compound110_extension,3,5,5.0,6.0,0.19580537693103459,0.08209195447994502,0.11371342245108956
dAGO,compound110_extension,3,6,6.0,7.0,0.1952025067047682,0.0734873249632244,0.12171518174154382
dAGO,compound110_extension,3,7,7.0,8.0,0.21481933234833028,0.07430309416824929,0.140516238180081
dAGO,compound110_extension,3,8,8.0,9.0,0.22106560478991527,0.08735237315818954,0.13371323163172572
dAGO,compound110_extension,3,9,9.0,10.0,0.1909636188649909,0.10208975557222674,0.08887386329276417
dAGO,compound110_extension,3,10,10.0,11.0,0.21117149135391233,0.07627536933116763,0.1348961220227447
dAGO,compound110_extension,3,11,11.0,12.0,0.2239676168417799,0.08475766468717104,0.13920995215460885
dAGO,compound110_extension,3,12,12.0,13.0,0.2294426029777585,0.0916462385057934,0.1377963644719651
dAGO,compound110_extension,3,13,13.0,14.0,0.2238679472489213,0.06896052326415315,0.15490742398476814
dAGO,compound110_extension,3,14,14.0,15.0,0.16484313423085953,0.0743754078918092,0.09046772633905033
dAGO,compound110_extension,3,15,15.0,16.0,0.17325892840293214,0.07392320107653834,0.0993357273263938
dAGO,compound110_extension,3,16,16.0,17.0,0.15762023700118216,0.09184706897548414,0.06577316802569802
dAGO,compound110_extension,3,17,17.0,18.0,0.19200124138805494,0.07201381156941189,0.11998742981864305
dAGO,compound110_extension,3,18,18.0,19.0,0.21208241655228297,0.0906933963739802,0.12138902017830276
dAGO,compound110_extension,3,19,19.0,20.0,0.1923970084653612,0.08450755959743567,0.10788944886792554
dAGO,compound110_extension,3,20,20.0,21.0,0.17280739180166835,0.10020119686804113,0.07260619493362722
dAGO,compound110_extension,3,21,21.0,22.0,0.20090457548636362,0.07785726547894563,0.12304731000741799
dAGO,compound110_extension,3,22,22.0,23.0,0.14977274806072174,0.08444092455014969,0.06533182351057205
dAGO,compound110_extension,3,23,23.0,24.0,0.1974663597465494,0.0817090735435126,0.11575728620303681
dAGO,compound110_extension,3,24,24.0,25.0,0.20836936091346697,0.07184118483823365,0.13652817607523332
dAGO,compound110_extension,3,25,25.0,26.0,0.1887661415157611,0.08550035301302618,0.10326578850273492
dAGO,compound110_extension,3,26,26.0,27.0,0.19455605434196124,0.09724598626396935,0.09731006807799189
dAGO,compound110_extension,3,27,27.0,28.0,0.16749991176057558,0.10082450601868262,0.06667540574189296
dAGO,compound110_extension,3,28,28.0,29.0,0.18359481845255562,0.10550198119570875,0.07809283725684688
dAGO,compound110_extension,3,29,29.0,30.0,0.17110793747023995,0.0737006293542813,0.09740730811595864
dAGO,compound110_extension,3,30,30.0,31.0,0.15384802386358692,0.10339390620778958,0.05045411765579734
dAGO,compound110_extension,3,31,31.0,32.0,0.15373661840234945,0.09420360492691979,0.059533013475429664
dAGO,compound110_extension,3,32,32.0,33.0,0.11553235777369017,0.09250394344028051,0.023028414333409658
dAGO,compound110_extension,3,33,33.0,34.0,0.1381305382593164,0.10526940627114793,0.032861131988168465
dAGO,compound110_extension,3,34,34.0,35.0,0.1495873942757548,0.10269693299434698,0.04689046128140781
dAGO,compound110_extension,3,35,35.0,36.0,0.11879294818086147,0.10055778271195918,0.01823516546890229
dAGO,compound110_extension,3,36,36.0,37.0,0.112506510675682,0.10469440410468443,0.007812106570997568
dAGO,compound110_extension,3,37,37.0,38.0,0.11776128444689762,0.10073341497366563,0.017027869473231996
dAGO,compound110_extension,3,38,38.0,39.0,0.11283682420047629,0.11181735054660973,0.001019473653866565
dAGO,compound110_extension,3,39,39.0,40.0,0.09066218147827834,0.09433455274672782,-0.0036723712684494786
dAGO,compound110_extension,3,40,40.0,41.0,0.08747165490661139,0.10164671822989312,-0.014175063323281722
dAGO,compound110_extension,3,41,41.0,42.0,0.09607162505532467,0.07921780486438044,0.016853820190944224
dAGO,compound110_extension,3,42,42.0,43.0,0.08117322594478234,0.07685139308205187,0.004321832862730468
dAGO,compound110_extension,3,43,43.0,44.0,0.1070164751483964,0.08117548048907199,0.02584099465932442
dAGO,compound110_extension,3,44,44.0,45.0,0.09967738479013781,0.09179425609804726,0.007883128692090555
dAGO,compound110_extension,3,45,45.0,46.0,0.10001368411573551,0.09714398470555079,0.002869699410184723
dAGO,compound110_extension,3,46,46.0,47.0,0.08535879842587155,0.12177003097101873,-0.03641123254514718
dAGO,compound110_extension,3,47,47.0,48.0,0.10262971634580596,0.0799299777759046,0.02269973856990136
dAGO,compound110_extension,3,48,48.0,49.0,0.10386825110726473,0.06814507896428765,0.035723172142977086
dAGO,compound110_extension,3,49,49.0,50.0,0.10871439420727487,0.08958932677009826,0.01912506743717661
dAGO,cooperativity_mutagenesis,1,0,0.0,1.0,0.10564354984337772,0.06464362687543543,0.04099992296794229
dAGO,cooperativity_mutagenesis,1,1,1.0,2.0,0.10723986311629043,0.05146231144955693,0.055777551666733496
dAGO,cooperativity_mutagenesis,1,2,2.0,3.0,0.0875046630682144,0.06699436872843266,0.020510294339781743
dAGO,cooperativity_mutagenesis,1,3,3.0,4.0,0.11148404115424157,0.08110539827345241,0.03037864288078916
dAGO,cooperativity_mutagenesis,1,4,4.0,5.0,0.10918542527175497,0.10511743973418171,0.00406798553757326
dAGO,cooperativity_mutagenesis,1,5,5.0,6.0,0.09041082585819715,0.09701399943304546,-0.006603173574848312
dAGO,cooperativity_mutagenesis,1,6,6.0,7.0,0.08549210731880857,0.09210828648474678,-0.006616179165938207
dAGO,cooperativity_mutagenesis,1,7,7.0,8.0,0.08937321740026087,0.11382152925448609,-0.02444831185422522
dAGO,cooperativity_mutagenesis,1,8,8.0,9.0,0.08817802174071494,0.0936669872887847,-0.005488965548069755
dAGO,cooperativity_mutagenesis,1,9,9.0,10.0,0.07521220267995317,0.10110152242719492,-0.02588931974724175
dAGO,cooperativity_mutagenesis,1,10,10.0,11.0,0.09731949029486314,0.10065066243609354,-0.0033311721412303957
dAGO,cooperativity_mutagenesis,1,11,11.0,12.0,0.08601557788807136,0.09786947094668284,-0.011853893058611481
dAGO,cooperativity_mutagenesis,1,12,12.0,13.0,0.06059626976411739,0.08416218367913239,-0.023565913915015002
dAGO,cooperativity_mutagenesis,1,13,13.0,14.0,0.08504449844968841,0.09890554204583979,-0.013861043596151382
dAGO,cooperativity_mutagenesis,1,14,14.0,15.0,0.08248600629461234,0.08735173094654869,-0.004865724651936354
dAGO,cooperativity_mutagenesis,1,15,15.0,16.0,0.08758125000090608,0.06986399492743817,0.017717255073467914
dAGO,cooperativity_mutagenesis,1,16,16.0,17.0,0.06452950519699958,0.08038355530296457,-0.01585405010596498
dAGO,cooperativity_mutagenesis,1,17,17.0,18.0,0.07080905055597149,0.0983582702960955,-0.027549219740124017
dAGO,cooperativity_mutagenesis,1,18,18.0,19.0,0.07102602109278386,0.10481304536985,-0.03378702427706615
dAGO,cooperativity_mutagenesis,1,19,19.0,20.0,0.06557194810436416,0.09190859436654836,-0.026336646262184196
dAGO,cooperativity_mutagenesis,1,20,20.0,21.0,0.07926153649870567,0.08814372706912128,-0.008882190570415616
dAGO,cooperativity_mutagenesis,1,21,21.0,22.0,0.09466286540807012,0.07818807750332733,0.016474787904742785
dAGO,cooperativity_mutagenesis,1,22,22.0,23.0,0.07693588082994358,0.07071961206288832,0.0062162687670552635
dAGO,cooperativity_mutagenesis,1,23,23.0,24.0,0.07854507971277953,0.08757690221860294,-0.009031822505823406
dAGO,cooperativity_mutagenesis,1,24,24.0,25.0,0.07218090786797784,0.08347904465356985,-0.011298136785592008
dAGO,cooperativity_mutagenesis,1,25,25.0,26.0,0.09544374663185962,0.105174344390496,-0.009730597758636383
dAGO,cooperativity_mutagenesis,1,26,26.0,27.0,0.0735970292844062,0.07713503164040053,-0.0035380023559943297
dAGO,cooperativity_mutagenesis,1,27,27.0,28.0,0.07628554486143538,0.11122696840173449,-0.03494142354029911
dAGO,cooperativity_mutagenesis,1,28,28.0,29.0,0.06738876972214074,0.08751006972424397,-0.02012130000210323
dAGO,cooperativity_mutagenesis,1,29,29.0,30.0,0.07812159036514663,0.09605811434931509,-0.017936523984168465
dAGO,cooperativity_mutagenesis,1,30,30.0,31.0,0.08046206558062327,0.0679577368802468,0.012504328700376474
dAGO,cooperativity_mutagenesis,1,31,31.0,32.0,0.08063232749420322,0.07881209950460831,0.0018202279895949136
dAGO,cooperativity_mutagenesis,1,32,32.0,33.0,0.0803873007460466,0.08478775960645328,-0.004400458860406686
dAGO,cooperativity_mutagenesis,1,33,33.0,34.0,0.07553679586131296,0.09813973420391932,-0.022602938342606363
dAGO,cooperativity_mutagenesis,1,34,34.0,35.0,0.06939583039037923,0.07472744500979565,-0.005331614619416419
dAGO,cooperativity_mutagenesis,1,35,35.0,36.0,0.07585794575199795,0.10556159194967378,-0.029703646197675834
dAGO,cooperativity_mutagenesis,1,36,36.0,37.0,0.0927678388523389,0.11718707263731812,-0.02441923378497922
dAGO,cooperativity_mutagenesis,1,37,37.0,38.0,0.09111585948220445,0.1293973062780549,-0.03828144679585045
dAGO,cooperativity_mutagenesis,1,38,38.0,39.0,0.07632799148745062,0.1048501328296775,-0.028522141342226887
dAGO,cooperativity_mutagenesis,1,39,39.0,40.0,0.06645784565854061,0.09258732609385065,-0.026129480435310035
dAGO,cooperativity_mutagenesis,1,40,40.0,41.0,0.076793460147031,0.10268224142092176,-0.025888781273890757
dAGO,cooperativity_mutagenesis,1,41,41.0,42.0,0.09502868038031317,0.09328901980709635,0.0017396605732168252
dAGO,cooperativity_mutagenesis,1,42,42.0,43.0,0.10058856177702187,0.09749792508963873,0.0030906366873831442
dAGO,cooperativity_mutagenesis,1,43,43.0,44.0,0.07100910115275869,0.09861835186434792,-0.027609250711589234
dAGO,cooperativity_mutagenesis,1,44,44.0,45.0,0.076536855711967,0.10922779587476342,-0.03269094016279642
dAGO,cooperativity_mutagenesis,1,45,45.0,46.0,0.061963729368118795,0.10725817217422584,-0.045294442806107046
dAGO,cooperativity_mutagenesis,1,46,46.0,47.0,0.08518828207454572,0.0938591106671368,-0.008670828592591079
dAGO,cooperativity_mutagenesis,1,47,47.0,48.0,0.07636186086397243,0.11588240341553106,-0.03952054255155864
dAGO,cooperativity_mutagenesis,1,48,48.0,49.0,0.06668681247653821,0.1126971248328552,-0.04601031235631699
dAGO,cooperativity_mutagenesis,1,49,49.0,50.0,0.07080783120225433,0.09008225732474474,-0.019274426122490418
dAGO,cooperativity_mutagenesis,2,0,0.0,1.0,0.0702758576153287,0.04858995845675203,0.021685899158576674
dAGO,cooperativity_mutagenesis,2,1,1.0,2.0,0.09638350569617968,0.09194154032768896,0.004441965368490716
dAGO,cooperativity_mutagenesis,2,2,2.0,3.0,0.08999305556272866,0.0678345519682761,0.022158503594452553
dAGO,cooperativity_mutagenesis,2,3,3.0,4.0,0.0994529436609411,0.08460685966060329,0.014846084000337809
dAGO,cooperativity_mutagenesis,2,4,4.0,5.0,0.09408086094867016,0.06889316110089214,0.025187699847778022
dAGO,cooperativity_mutagenesis,2,5,5.0,6.0,0.07175806157846251,0.06649442786050541,0.0052636337179571
dAGO,cooperativity_mutagenesis,2,6,6.0,7.0,0.08669336833229616,0.07302356456557371,0.013669803766722444
dAGO,cooperativity_mutagenesis,2,7,7.0,8.0,0.09797485226244225,0.10077510349087769,-0.002800251228435441
dAGO,cooperativity_mutagenesis,2,8,8.0,9.0,0.13530155032611735,0.08750064240015475,0.0478009079259626
dAGO,cooperativity_mutagenesis,2,9,9.0,10.0,0.1290314338875966,0.0931638028161738,0.03586763107142281
dAGO,cooperativity_mutagenesis,2,10,10.0,11.0,0.11817851874104769,0.08556819656822924,0.03261032217281845
dAGO,cooperativity_mutagenesis,2,11,11.0,12.0,0.09258220481273531,0.07930060412613837,0.013281600686596937
dAGO,cooperativity_mutagenesis,2,12,12.0,13.0,0.1106516108194397,0.08135529560086188,0.029296315218577812
dAGO,cooperativity_mutagenesis,2,13,13.0,14.0,0.08869177150315931,0.09709641802735902,-0.008404646524199713
dAGO,cooperativity_mutagenesis,2,14,14.0,15.0,0.11065412778438206,0.09511832062232775,0.015535807162054313
dAGO,cooperativity_mutagenesis,2,15,15.0,16.0,0.10083673072698839,0.10791755138020526,-0.007080820653216871
dAGO,cooperativity_mutagenesis,2,16,16.0,17.0,0.10135400789444536,0.09785448187274341,0.0034995260217019486
dAGO,cooperativity_mutagenesis,2,17,17.0,18.0,0.13825067116681983,0.09626772669179919,0.04198294447502064
dAGO,cooperativity_mutagenesis,2,18,18.0,19.0,0.15778485396378839,0.09223477739639309,0.0655500765673953
dAGO,cooperativity_mutagenesis,2,19,19.0,20.0,0.13930921321648237,0.08075802661795918,0.058551186598523194
dAGO,cooperativity_mutagenesis,2,20,20.0,21.0,0.12948540801499017,0.09065782093401116,0.03882758708097901
dAGO,cooperativity_mutagenesis,2,21,21.0,22.0,0.14837811147042887,0.07941796627165906,0.0689601451987698
dAGO,cooperativity_mutagenesis,2,22,22.0,23.0,0.10621000563249997,0.09043009067972488,0.015779914952775087
dAGO,cooperativity_mutagenesis,2,23,23.0,24.0,0.12316193958576704,0.08357778179566978,0.03958415779009726
dAGO,cooperativity_mutagenesis,2,24,24.0,25.0,0.14247032793547096,0.07786076728599149,0.06460956064947947
dAGO,cooperativity_mutagenesis,2,25,25.0,26.0,0.10654112515943566,0.08856119700743245,0.017979928152003208
dAGO,cooperativity_mutagenesis,2,26,26.0,27.0,0.1337135384852715,0.07682904772349756,0.056884490761773945
dAGO,cooperativity_mutagenesis,2,27,27.0,28.0,0.0991979002457787,0.08259425992465184,0.01660364032112685
dAGO,cooperativity_mutagenesis,2,28,28.0,29.0,0.09486484709191564,0.07477484611017461,0.020090000981741032
dAGO,cooperativity_mutagenesis,2,29,29.0,30.0,0.09196468158676521,0.08494453420049906,0.007020147386266148
dAGO,cooperativity_mutagenesis,2,30,30.0,31.0,0.09281101132091343,0.10475589984095604,-0.011944888520042607
dAGO,cooperativity_mutagenesis,2,31,31.0,32.0,0.08562841302389149,0.10209331404746534,-0.016464901023573855
dAGO,cooperativity_mutagenesis,2,32,32.0,33.0,0.07632701560298931,0.09940727669236421,-0.0230802610893749
dAGO,cooperativity_mutagenesis,2,33,33.0,34.0,0.07177711363133296,0.10058161956713277,-0.028804505935799807
dAGO,cooperativity_mutagenesis,2,34,34.0,35.0,0.08026475325163156,0.10056616891972954,-0.020301415668097983
dAGO,cooperativity_mutagenesis,2,35,35.0,36.0,0.09598401182394799,0.08778919305564194,0.00819481876830605
dAGO,cooperativity_mutagenesis,2,36,36.0,37.0,0.08249196097909589,0.08360850983512627,-0.0011165488560303805
dAGO,cooperativity_mutagenesis,2,37,37.0,38.0,0.08025269157375055,0.09271389228775385,-0.012461200714003307
dAGO,cooperativity_mutagenesis,2,38,38.0,39.0,0.0816534432134047,0.09616508044326076,-0.014511637229856059
dAGO,cooperativity_mutagenesis,2,39,39.0,40.0,0.08348155529851715,0.10449184405160866,-0.021010288753091508
dAGO,cooperativity_mutagenesis,2,40,40.0,41.0,0.1112902701707965,0.10098643665411192,0.010303833516684582
dAGO,cooperativity_mutagenesis,2,41,41.0,42.0,0.10559006193397774,0.09998543313741101,0.00560462879656673
dAGO,cooperativity_mutagenesis,2,42,42.0,43.0,0.11896680243493285,0.09333965423445915,0.025627148200473696
dAGO,cooperativity_mutagenesis,2,43,43.0,44.0,0.09880375961660397,0.10731778134376586,-0.008514021727161897
dAGO,cooperativity_mutagenesis,2,44,44.0,45.0,0.10657187686993733,0.09870151573397311,0.007870361135964218
dAGO,cooperativity_mutagenesis,2,45,45.0,46.0,0.09383426935291,0.0885325408753289,0.005301728477581105
dAGO,cooperativity_mutagenesis,2,46,46.0,47.0,0.11331592450106316,0.07142350600964248,0.04189241849142068
dAGO,cooperativity_mutagenesis,2,47,47.0,48.0,0.1289561091481322,0.0950418781328413,0.03391423101529088
dAGO,cooperativity_mutagenesis,2,48,48.0,49.0,0.10399623417408901,0.09802961473041505,0.005966619443673965
dAGO,cooperativity_mutagenesis,2,49,49.0,50.0,0.09169114489207396,0.12534971777129963,-0.033658572879225676
dAGO,cooperativity_mutagenesis,3,0,0.0,1.0,0.08312469971832102,0.08273904676677059,0.0003856529515504359
dAGO,cooperativity_mutagenesis,3,1,1.0,2.0,0.08219273467085066,0.08835149696255856,-0.006158762291707906
dAGO,cooperativity_mutagenesis,3,2,2.0,3.0,0.09977718917946203,0.09077045620241288,0.009006732977049153
dAGO,cooperativity_mutagenesis,3,3,3.0,4.0,0.09643258677438757,0.09355946462680415,0.0028731221475834234
dAGO,cooperativity_mutagenesis,3,4,4.0,5.0,0.10476031814063279,0.07495097964655706,0.02980933849407573
dAGO,cooperativity_mutagenesis,3,5,5.0,6.0,0.08190754196214464,0.08209195447994502,-0.00018441251780038082
dAGO,cooperativity_mutagenesis,3,6,6.0,7.0,0.08826535641194459,0.0734873249632244,0.014778031448720197
dAGO,cooperativity_mutagenesis,3,7,7.0,8.0,0.08641758045520945,0.07430309416824929,0.012114486286960158
dAGO,cooperativity_mutagenesis,3,8,8.0,9.0,0.08488822243052101,0.08735237315818954,-0.002464150727668535
dAGO,cooperativity_mutagenesis,3,9,9.0,10.0,0.09003346702930683,0.10208975557222674,-0.012056288542919916
dAGO,cooperativity_mutagenesis,3,10,10.0,11.0,0.09675650856599503,0.07627536933116763,0.020481139234827403
dAGO,cooperativity_mutagenesis,3,11,11.0,12.0,0.09057791504335132,0.08475766468717104,0.005820250356180279
dAGO,cooperativity_mutagenesis,3,12,12.0,13.0,0.10372529859386803,0.0916462385057934,0.012079060088074633
dAGO,cooperativity_mutagenesis,3,13,13.0,14.0,0.09626102317205382,0.06896052326415315,0.027300499907900663
dAGO,cooperativity_mutagenesis,3,14,14.0,15.0,0.0982358072722853,0.0743754078918092,0.0238603993804761
dAGO,cooperativity_mutagenesis,3,15,15.0,16.0,0.08382291342507718,0.07392320107653834,0.009899712348538842
dAGO,cooperativity_mutagenesis,3,16,16.0,17.0,0.08152985187320717,0.09184706897548414,-0.010317217102276968
dAGO,cooperativity_mutagenesis,3,17,17.0,18.0,0.08152802876450468,0.07201381156941189,0.009514217195092795
dAGO,cooperativity_mutagenesis,3,18,18.0,19.0,0.09591426397531433,0.0906933963739802,0.005220867601334125
dAGO,cooperativity_mutagenesis,3,19,19.0,20.0,0.08827559135700902,0.08450755959743567,0.0037680317595733537
dAGO,cooperativity_mutagenesis,3,20,20.0,21.0,0.09341203580909231,0.10020119686804113,-0.00678916105894882
dAGO,cooperativity_mutagenesis,3,21,21.0,22.0,0.09477047053492581,0.07785726547894563,0.01691320505598018
dAGO,cooperativity_mutagenesis,3,22,22.0,23.0,0.0952089384179388,0.08444092455014969,0.010768013867789111
dAGO,cooperativity_mutagenesis,3,23,23.0,24.0,0.10463184637523738,0.0817090735435126,0.02292277283172478
dAGO,cooperativity_mutagenesis,3,24,24.0,25.0,0.09000956468600682,0.07184118483823365,0.01816837984777317
dAGO,cooperativity_mutagenesis,3,25,25.0,26.0,0.09429582264009233,0.08550035301302618,0.00879546962706615
dAGO,cooperativity_mutagenesis,3,26,26.0,27.0,0.09451754101595779,0.09724598626396935,-0.0027284452480115656
dAGO,cooperativity_mutagenesis,3,27,27.0,28.0,0.09139517384955104,0.10082450601868262,-0.009429332169131582
dAGO,cooperativity_mutagenesis,3,28,28.0,29.0,0.0750965677278809,0.10550198119570875,-0.030405413467827852
dAGO,cooperativity_mutagenesis,3,29,29.0,30.0,0.09345424868724782,0.0737006293542813,0.019753619332966516
dAGO,cooperativity_mutagenesis,3,30,30.0,31.0,0.0865505832509724,0.10339390620778958,-0.01684332295681719
dAGO,cooperativity_mutagenesis,3,31,31.0,32.0,0.0862343785823243,0.09420360492691979,-0.007969226344595487
dAGO,cooperativity_mutagenesis,3,32,32.0,33.0,0.07743435520023326,0.09250394344028051,-0.015069588240047255
dAGO,cooperativity_mutagenesis,3,33,33.0,34.0,0.08400231776413751,0.10526940627114793,-0.021267088507010423
dAGO,cooperativity_mutagenesis,3,34,34.0,35.0,0.0868636728369984,0.10269693299434698,-0.01583326015734858
dAGO,cooperativity_mutagenesis,3,35,35.0,36.0,0.08886382819529798,0.10055778271195918,-0.011693954516661206
dAGO,cooperativity_mutagenesis,3,36,36.0,37.0,0.09396099293375128,0.10469440410468443,-0.010733411170933155
dAGO,cooperativity_mutagenesis,3,37,37.0,38.0,0.09326226820154782,0.10073341497366563,-0.007471146772117812
dAGO,cooperativity_mutagenesis,3,38,38.0,39.0,0.09533479501716256,0.11181735054660973,-0.016482555529447163
dAGO,cooperativity_mutagenesis,3,39,39.0,40.0,0.08867913129463526,0.09433455274672782,-0.0056554214520925655
dAGO,cooperativity_mutagenesis,3,40,40.0,41.0,0.07934019735781395,0.10164671822989312,-0.02230652087207917
dAGO,cooperativity_mutagenesis,3,41,41.0,42.0,0.08593853598024286,0.07921780486438044,0.0067207311158624106
dAGO,cooperativity_mutagenesis,3,42,42.0,43.0,0.09288442438055744,0.07685139308205187,0.01603303129850557
dAGO,cooperativity_mutagenesis,3,43,43.0,44.0,0.12548863013086822,0.08117548048907199,0.04431314964179624
dAGO,cooperativity_mutagenesis,3,44,44.0,45.0,0.12916927734320727,0.09179425609804726,0.03737502124516001
dAGO,cooperativity_mutagenesis,3,45,45.0,46.0,0.1192084233071767,0.09714398470555079,0.022064438601625908
dAGO,cooperativity_mutagenesis,3,46,46.0,47.0,0.09056537651110085,0.12177003097101873,-0.03120465445991788
dAGO,cooperativity_mutagenesis,3,47,47.0,48.0,0.08225290814449443,0.0799299777759046,0.002322930368589826
dAGO,cooperativity_mutagenesis,3,48,48.0,49.0,0.09134415387708297,0.06814507896428765,0.023199074912795326
dAGO,cooperativity_mutagenesis,3,49,49.0,50.0,0.09953217038315736,0.08958932677009826,0.009942843613059096
dAGO,distal_control,1,0,0.0,1.0,0.08421511676675625,0.06464362687543543,0.01957148989132082
dAGO,distal_control,1,1,1.0,2.0,0.11527638518298634,0.05146231144955693,0.06381407373342941
dAGO,distal_control,1,2,2.0,3.0,0.12033123675516012,0.06699436872843266,0.05333686802672746
dAGO,distal_control,1,3,3.0,4.0,0.10165801076709827,0.08110539827345241,0.020552612493645858
dAGO,distal_control,1,4,4.0,5.0,0.11613503441171144,0.10511743973418171,0.011017594677529732
dAGO,distal_control,1,5,5.0,6.0,0.10306388344341576,0.09701399943304546,0.006049884010370293
dAGO,distal_control,1,6,6.0,7.0,0.13607679721190663,0.09210828648474678,0.04396851072715985
dAGO,distal_control,1,7,7.0,8.0,0.11181035111325781,0.11382152925448609,-0.0020111781412282814
dAGO,distal_control,1,8,8.0,9.0,0.11502341340573478,0.0936669872887847,0.021356426116950086
dAGO,distal_control,1,9,9.0,10.0,0.12421189183306802,0.10110152242719492,0.023110369405873105
dAGO,distal_control,1,10,10.0,11.0,0.13115727468009863,0.10065066243609354,0.030506612244005096
dAGO,distal_control,1,11,11.0,12.0,0.1270262309918593,0.09786947094668284,0.029156760045176464
dAGO,distal_control,1,12,12.0,13.0,0.11282372902146286,0.08416218367913239,0.028661545342330466
dAGO,distal_control,1,13,13.0,14.0,0.1285654658375459,0.09890554204583979,0.029659923791706122
dAGO,distal_control,1,14,14.0,15.0,0.10220565245835697,0.08735173094654869,0.014853921511808282
dAGO,distal_control,1,15,15.0,16.0,0.13553979371726982,0.06986399492743817,0.06567579878983165
dAGO,distal_control,1,16,16.0,17.0,0.11209516638288648,0.08038355530296457,0.03171161107992192
dAGO,distal_control,1,17,17.0,18.0,0.10107431111983532,0.0983582702960955,0.0027160408237398154
dAGO,distal_control,1,18,18.0,19.0,0.1134979768849191,0.10481304536985,0.008684931515069091
dAGO,distal_control,1,19,19.0,20.0,0.09354626572934661,0.09190859436654836,0.001637671362798257
dAGO,distal_control,1,20,20.0,21.0,0.0959064953942067,0.08814372706912128,0.00776276832508542
dAGO,distal_control,1,21,21.0,22.0,0.10377360982292472,0.07818807750332733,0.025585532319597384
dAGO,distal_control,1,22,22.0,23.0,0.08714314898847142,0.07071961206288832,0.0164235369255831
dAGO,distal_control,1,23,23.0,24.0,0.08360083088562235,0.08757690221860294,-0.003976071332980585
dAGO,distal_control,1,24,24.0,25.0,0.11152600695556508,0.08347904465356985,0.02804696230199523
dAGO,distal_control,1,25,25.0,26.0,0.11135453074816624,0.105174344390496,0.006180186357670245
dAGO,distal_control,1,26,26.0,27.0,0.09303333619540834,0.07713503164040053,0.015898304555007806
dAGO,distal_control,1,27,27.0,28.0,0.10495045907495246,0.11122696840173449,-0.0062765093267820316
dAGO,distal_control,1,28,28.0,29.0,0.10326891090958577,0.08751006972424397,0.015758841185341807
dAGO,distal_control,1,29,29.0,30.0,0.1064350537523692,0.09605811434931509,0.010376939403054106
dAGO,distal_control,1,30,30.0,31.0,0.11384470866757958,0.0679577368802468,0.04588697178733278
dAGO,distal_control,1,31,31.0,32.0,0.08803161241148888,0.07881209950460831,0.00921951290688057
dAGO,distal_control,1,32,32.0,33.0,0.12537134915400283,0.08478775960645328,0.04058358954754955
dAGO,distal_control,1,33,33.0,34.0,0.09609649939523715,0.09813973420391932,-0.0020432348086821678
dAGO,distal_control,1,34,34.0,35.0,0.09732260691551017,0.07472744500979565,0.02259516190571452
dAGO,distal_control,1,35,35.0,36.0,0.111947311567634,0.10556159194967378,0.006385719617960223
dAGO,distal_control,1,36,36.0,37.0,0.12716230268298137,0.11718707263731812,0.009975230045663253
dAGO,distal_control,1,37,37.0,38.0,0.12505847706397438,0.1293973062780549,-0.00433882921408052
dAGO,distal_control,1,38,38.0,39.0,0.11560420985988686,0.1048501328296775,0.01075407703020935
dAGO,distal_control,1,39,39.0,40.0,0.10513030827752384,0.09258732609385065,0.012542982183673196
dAGO,distal_control,1,40,40.0,41.0,0.10938775976985941,0.10268224142092176,0.00670551834893765
dAGO,distal_control,1,41,41.0,42.0,0.09560531705168203,0.09328901980709635,0.00231629724458568
dAGO,distal_control,1,42,42.0,43.0,0.08353839884941232,0.09749792508963873,-0.013959526240226408
dAGO,distal_control,1,43,43.0,44.0,0.09281773115809552,0.09861835186434792,-0.005800620706252396
dAGO,distal_control,1,44,44.0,45.0,0.09992878667288674,0.10922779587476342,-0.009299009201876679
dAGO,distal_control,1,45,45.0,46.0,0.0791328269666075,0.10725817217422584,-0.028125345207618335
dAGO,distal_control,1,46,46.0,47.0,0.08410763718938274,0.0938591106671368,-0.009751473477754055
dAGO,distal_control,1,47,47.0,48.0,0.0898523754453388,0.11588240341553106,-0.026030027970192257
dAGO,distal_control,1,48,48.0,49.0,0.0982629240924728,0.1126971248328552,-0.014434200740382402
dAGO,distal_control,1,49,49.0,50.0,0.10194829968958577,0.09008225732474474,0.011866042364841026
dAGO,distal_control,2,0,0.0,1.0,0.10446029001419042,0.04858995845675203,0.055870331557438396
dAGO,distal_control,2,1,1.0,2.0,0.12199583417086932,0.09194154032768896,0.030054293843180355
dAGO,distal_control,2,2,2.0,3.0,0.09662335475260415,0.0678345519682761,0.02878880278432805
dAGO,distal_control,2,3,3.0,4.0,0.09578357659698453,0.08460685966060329,0.01117671693638124
dAGO,distal_control,2,4,4.0,5.0,0.07313433819694587,0.06889316110089214,0.004241177096053733
dAGO,distal_control,2,5,5.0,6.0,0.12072736983032577,0.06649442786050541,0.054232941969820356
dAGO,distal_control,2,6,6.0,7.0,0.12220924906328066,0.07302356456557371,0.04918568449770695
dAGO,distal_control,2,7,7.0,8.0,0.12432696940510095,0.10077510349087769,0.023551865914223258
dAGO,distal_control,2,8,8.0,9.0,0.11391127033332105,0.08750064240015475,0.0264106279331663
dAGO,distal_control,2,9,9.0,10.0,0.11506814412977805,0.0931638028161738,0.021904341313604248
dAGO,distal_control,2,10,10.0,11.0,0.09764299138160773,0.08556819656822924,0.01207479481337849
dAGO,distal_control,2,11,11.0,12.0,0.10463572258389695,0.07930060412613837,0.02533511845775857
dAGO,distal_control,2,12,12.0,13.0,0.10241179405311425,0.08135529560086188,0.021056498452252367
dAGO,distal_control,2,13,13.0,14.0,0.10246827111853635,0.09709641802735902,0.0053718530911773255
dAGO,distal_control,2,14,14.0,15.0,0.11829828012825519,0.09511832062232775,0.02317995950592744
dAGO,distal_control,2,15,15.0,16.0,0.11020218509100084,0.10791755138020526,0.0022846337107955833
dAGO,distal_control,2,16,16.0,17.0,0.12607772875085255,0.09785448187274341,0.028223246878109134
dAGO,distal_control,2,17,17.0,18.0,0.11406860246101788,0.09626772669179919,0.017800875769218696
dAGO,distal_control,2,18,18.0,19.0,0.11774563255861685,0.09223477739639309,0.02551085516222376
dAGO,distal_control,2,19,19.0,20.0,0.11961608971048074,0.08075802661795918,0.03885806309252156
dAGO,distal_control,2,20,20.0,21.0,0.12278957033188242,0.09065782093401116,0.032131749397871265
dAGO,distal_control,2,21,21.0,22.0,0.11569099004997853,0.07941796627165906,0.036273023778319466
dAGO,distal_control,2,22,22.0,23.0,0.09366494162299158,0.09043009067972488,0.0032348509432666983
dAGO,distal_control,2,23,23.0,24.0,0.08494138652814384,0.08357778179566978,0.001363604732474058
dAGO,distal_control,2,24,24.0,25.0,0.10356527666037123,0.07786076728599149,0.025704509374379736
dAGO,distal_control,2,25,25.0,26.0,0.09150847795599482,0.08856119700743245,0.002947280948562364
dAGO,distal_control,2,26,26.0,27.0,0.09969176861723318,0.07682904772349756,0.022862720893735616
dAGO,distal_control,2,27,27.0,28.0,0.09299242553202204,0.08259425992465184,0.010398165607370197
dAGO,distal_control,2,28,28.0,29.0,0.08076269632498109,0.07477484611017461,0.005987850214806481
dAGO,distal_control,2,29,29.0,30.0,0.09762506450588058,0.08494453420049906,0.012680530305381521
dAGO,distal_control,2,30,30.0,31.0,0.11979378288385102,0.10475589984095604,0.015037883042894981
dAGO,distal_control,2,31,31.0,32.0,0.08177649103567328,0.10209331404746534,-0.020316823011792065
dAGO,distal_control,2,32,32.0,33.0,0.07263069013287927,0.09940727669236421,-0.026776586559484936
dAGO,distal_control,2,33,33.0,34.0,0.08091443289950419,0.10058161956713277,-0.01966718666762858
dAGO,distal_control,2,34,34.0,35.0,0.09652960408238392,0.10056616891972954,-0.004036564837345616
dAGO,distal_control,2,35,35.0,36.0,0.09547662267085466,0.08778919305564194,0.007687429615212724
dAGO,distal_control,2,36,36.0,37.0,0.10296049000859019,0.08360850983512627,0.019351980173463915
dAGO,distal_control,2,37,37.0,38.0,0.10147531236693026,0.09271389228775385,0.008761420079176407
dAGO,distal_control,2,38,38.0,39.0,0.0899439546875683,0.09616508044326076,-0.006221125755692461
dAGO,distal_control,2,39,39.0,40.0,0.0956267676472028,0.10449184405160866,-0.008865076404405856
dAGO,distal_control,2,40,40.0,41.0,0.07667625356003789,0.10098643665411192,-0.024310183094074025
dAGO,distal_control,2,41,41.0,42.0,0.08147791366333167,0.09998543313741101,-0.018507519474079345
dAGO,distal_control,2,42,42.0,43.0,0.07187477108145203,0.09333965423445915,-0.021464883153007125
dAGO,distal_control,2,43,43.0,44.0,0.07514704799340212,0.10731778134376586,-0.032170733350363745
dAGO,distal_control,2,44,44.0,45.0,0.0964080209476799,0.09870151573397311,-0.0022934947862932042
dAGO,distal_control,2,45,45.0,46.0,0.06532143984448233,0.0885325408753289,-0.023211101030846573
dAGO,distal_control,2,46,46.0,47.0,0.09447436243456331,0.07142350600964248,0.02305085642492083
dAGO,distal_control,2,47,47.0,48.0,0.1028060641326321,0.0950418781328413,0.007764185999790799
dAGO,distal_control,2,48,48.0,49.0,0.10021051731988591,0.09802961473041505,0.0021809025894708595
dAGO,distal_control,2,49,49.0,50.0,0.1178485348832831,0.12534971777129963,-0.0075011828880165304
dAGO,distal_control,3,0,0.0,1.0,0.06473644789666319,0.08273904676677059,-0.018002598870107397
dAGO,distal_control,3,1,1.0,2.0,0.12643514312030116,0.08835149696255856,0.038083646157742596
dAGO,distal_control,3,2,2.0,3.0,0.12111368464379076,0.09077045620241288,0.03034322844137788
dAGO,distal_control,3,3,3.0,4.0,0.11840106707381029,0.09355946462680415,0.024841602447006145
dAGO,distal_control,3,4,4.0,5.0,0.11885222293816142,0.07495097964655706,0.04390124329160436
dAGO,distal_control,3,5,5.0,6.0,0.09890623463777184,0.08209195447994502,0.016814280157826822
dAGO,distal_control,3,6,6.0,7.0,0.10859584808871332,0.0734873249632244,0.03510852312548893
dAGO,distal_control,3,7,7.0,8.0,0.1128676714970557,0.07430309416824929,0.038564577328806415
dAGO,distal_control,3,8,8.0,9.0,0.10163751563851772,0.08735237315818954,0.01428514248032818
dAGO,distal_control,3,9,9.0,10.0,0.10384556520454355,0.10208975557222674,0.001755809632316807
dAGO,distal_control,3,10,10.0,11.0,0.10492141709553439,0.07627536933116763,0.028646047764366758
dAGO,distal_control,3,11,11.0,12.0,0.09157005275104976,0.08475766468717104,0.006812388063878724
dAGO,distal_control,3,12,12.0,13.0,0.09123125080674979,0.0916462385057934,-0.00041498769904360633
dAGO,distal_control,3,13,13.0,14.0,0.11905168900026748,0.06896052326415315,0.05009116573611433
dAGO,distal_control,3,14,14.0,15.0,0.12629570296293768,0.0743754078918092,0.05192029507112848
dAGO,distal_control,3,15,15.0,16.0,0.1015626640071193,0.07392320107653834,0.027639462930580963
dAGO,distal_control,3,16,16.0,17.0,0.07896427862459934,0.09184706897548414,-0.012882790350884799
dAGO,distal_control,3,17,17.0,18.0,0.0887336094716317,0.07201381156941189,0.016719797902219807
dAGO,distal_control,3,18,18.0,19.0,0.09122402764617929,0.0906933963739802,0.0005306312721990863
dAGO,distal_control,3,19,19.0,20.0,0.11002188548741225,0.08450755959743567,0.025514325889976583
dAGO,distal_control,3,20,20.0,21.0,0.12331370244322858,0.10020119686804113,0.023112505575187445
dAGO,distal_control,3,21,21.0,22.0,0.09591678796709793,0.07785726547894563,0.018059522488152305
dAGO,distal_control,3,22,22.0,23.0,0.13797888937044672,0.08444092455014969,0.05353796482029703
dAGO,distal_control,3,23,23.0,24.0,0.09295522337936729,0.0817090735435126,0.011246149835854688
dAGO,distal_control,3,24,24.0,25.0,0.07215218535773663,0.07184118483823365,0.00031100051950297414
dAGO,distal_control,3,25,25.0,26.0,0.09029738465884657,0.08550035301302618,0.00479703164582039
dAGO,distal_control,3,26,26.0,27.0,0.09186648459178925,0.09724598626396935,-0.005379501672180098
dAGO,distal_control,3,27,27.0,28.0,0.11994329937129741,0.10082450601868262,0.019118793352614794
dAGO,distal_control,3,28,28.0,29.0,0.11107629349229732,0.10550198119570875,0.005574312296588571
dAGO,distal_control,3,29,29.0,30.0,0.10829580775935531,0.0737006293542813,0.034595178405074006
dAGO,distal_control,3,30,30.0,31.0,0.08921340330906778,0.10339390620778958,-0.014180502898721803
dAGO,distal_control,3,31,31.0,32.0,0.1006768043597411,0.09420360492691979,0.006473199432821319
dAGO,distal_control,3,32,32.0,33.0,0.08529994189322156,0.09250394344028051,-0.007204001547058955
dAGO,distal_control,3,33,33.0,34.0,0.09118752340940406,0.10526940627114793,-0.014081882861743875
dAGO,distal_control,3,34,34.0,35.0,0.09751732151539727,0.10269693299434698,-0.005179611478949714
dAGO,distal_control,3,35,35.0,36.0,0.1284353208815586,0.10055778271195918,0.02787753816959941
dAGO,distal_control,3,36,36.0,37.0,0.10017300209098776,0.10469440410468443,-0.0045214020136966765
dAGO,distal_control,3,37,37.0,38.0,0.1346239919641571,0.10073341497366563,0.033890576990491486
dAGO,distal_control,3,38,38.0,39.0,0.1383011759998129,0.11181735054660973,0.026483825453203172
dAGO,distal_control,3,39,39.0,40.0,0.1426782624290221,0.09433455274672782,0.048343709682294275
dAGO,distal_control,3,40,40.0,41.0,0.11385269108090115,0.10164671822989312,0.012205972851008037
dAGO,distal_control,3,41,41.0,42.0,0.11741740929156971,0.07921780486438044,0.03819960442718927
dAGO,distal_control,3,42,42.0,43.0,0.10676918523950446,0.07685139308205187,0.02991779215745259
dAGO,distal_control,3,43,43.0,44.0,0.1173767848435186,0.08117548048907199,0.036201304354446615
dAGO,distal_control,3,44,44.0,45.0,0.14243263558470834,0.09179425609804726,0.050638379486661084
dAGO,distal_control,3,45,45.0,46.0,0.15458506098964986,0.09714398470555079,0.05744107628409907
dAGO,distal_control,3,46,46.0,47.0,0.13087397226702768,0.12177003097101873,0.009103941296008958
dAGO,distal_control,3,47,47.0,48.0,0.13042688180275447,0.0799299777759046,0.050496904026849865
dAGO,distal_control,3,48,48.0,49.0,0.11688821588753644,0.06814507896428765,0.04874313692324879
dAGO,distal_control,3,49,49.0,50.0,0.1263664937683568,0.08958932677009826,0.03677716699825853
dAGO,intracellular_microswitches,1,0,0.0,1.0,0.07200147938640161,0.06464362687543543,0.007357852510966184
dAGO,intracellular_microswitches,1,1,1.0,2.0,0.09197658337926962,0.05146231144955693,0.040514271929712686
dAGO,intracellular_microswitches,1,2,2.0,3.0,0.07814074729527332,0.06699436872843266,0.011146378566840656
dAGO,intracellular_microswitches,1,3,3.0,4.0,0.06947831971392834,0.08110539827345241,-0.011627078559524065
dAGO,intracellular_microswitches,1,4,4.0,5.0,0.09393390205968502,0.10511743973418171,-0.011183537674496688
dAGO,intracellular_microswitches,1,5,5.0,6.0,0.09151538631502992,0.09701399943304546,-0.005498613118015541
dAGO,intracellular_microswitches,1,6,6.0,7.0,0.07015166349141529,0.09210828648474678,-0.021956622993331495
dAGO,intracellular_microswitches,1,7,7.0,8.0,0.09773436962447701,0.11382152925448609,-0.016087159630009076
dAGO,intracellular_microswitches,1,8,8.0,9.0,0.06888645028945697,0.0936669872887847,-0.024780536999327724
dAGO,intracellular_microswitches,1,9,9.0,10.0,0.08537294968494095,0.10110152242719492,-0.015728572742253963
dAGO,intracellular_microswitches,1,10,10.0,11.0,0.10855672594148087,0.10065066243609354,0.007906063505387334
dAGO,intracellular_microswitches,1,11,11.0,12.0,0.07482021711036767,0.09786947094668284,-0.023049253836315176
dAGO,intracellular_microswitches,1,12,12.0,13.0,0.08648338373635252,0.08416218367913239,0.002321200057220127
dAGO,intracellular_microswitches,1,13,13.0,14.0,0.0855794027715697,0.09890554204583979,-0.013326139274270093
dAGO,intracellular_microswitches,1,14,14.0,15.0,0.08155047614704612,0.08735173094654869,-0.005801254799502567
dAGO,intracellular_microswitches,1,15,15.0,16.0,0.08412563509176597,0.06986399492743817,0.014261640164327807
dAGO,intracellular_microswitches,1,16,16.0,17.0,0.08983063619696532,0.08038355530296457,0.009447080894000759
dAGO,intracellular_microswitches,1,17,17.0,18.0,0.10158204000365106,0.0983582702960955,0.003223769707555557
dAGO,intracellular_microswitches,1,18,18.0,19.0,0.10044473579870036,0.10481304536985,-0.004368309571149642
dAGO,intracellular_microswitches,1,19,19.0,20.0,0.09865265393141838,0.09190859436654836,0.0067440595648700224
dAGO,intracellular_microswitches,1,20,20.0,21.0,0.07332640961238976,0.08814372706912128,-0.014817317456731524
dAGO,intracellular_microswitches,1,21,21.0,22.0,0.09954816572216468,0.07818807750332733,0.02136008821883735
dAGO,intracellular_microswitches,1,22,22.0,23.0,0.08241582999982125,0.07071961206288832,0.011696217936932929
dAGO,intracellular_microswitches,1,23,23.0,24.0,0.09283757255241674,0.08757690221860294,0.005260670333813805
dAGO,intracellular_microswitches,1,24,24.0,25.0,0.08227011254283789,0.08347904465356985,-0.0012089321107319612
dAGO,intracellular_microswitches,1,25,25.0,26.0,0.07838650990235065,0.105174344390496,-0.026787834488145354
dAGO,intracellular_microswitches,1,26,26.0,27.0,0.09917759026416226,0.07713503164040053,0.022042558623761727
dAGO,intracellular_microswitches,1,27,27.0,28.0,0.09267262582061506,0.11122696840173449,-0.018554342581119432
dAGO,intracellular_microswitches,1,28,28.0,29.0,0.08196482564414516,0.08751006972424397,-0.005545244080098807
dAGO,intracellular_microswitches,1,29,29.0,30.0,0.08472005357048792,0.09605811434931509,-0.011338060778827166
dAGO,intracellular_microswitches,1,30,30.0,31.0,0.08759998004815847,0.0679577368802468,0.019642243167911674
dAGO,intracellular_microswitches,1,31,31.0,32.0,0.11103249080787458,0.07881209950460831,0.032220391303266274
dAGO,intracellular_microswitches,1,32,32.0,33.0,0.09307654405353243,0.08478775960645328,0.008288784447079145
dAGO,intracellular_microswitches,1,33,33.0,34.0,0.08401129994024391,0.09813973420391932,-0.01412843426367541
dAGO,intracellular_microswitches,1,34,34.0,35.0,0.09635144563122715,0.07472744500979565,0.021624000621431494
dAGO,intracellular_microswitches,1,35,35.0,36.0,0.09713657249878467,0.10556159194967378,-0.00842501945088911
dAGO,intracellular_microswitches,1,36,36.0,37.0,0.10329529340312459,0.11718707263731812,-0.013891779234193533
dAGO,intracellular_microswitches,1,37,37.0,38.0,0.10704481113002381,0.1293973062780549,-0.022352495148031087
dAGO,intracellular_microswitches,1,38,38.0,39.0,0.09203283426715006,0.1048501328296775,-0.012817298562527446
dAGO,intracellular_microswitches,1,39,39.0,40.0,0.10284246936283285,0.09258732609385065,0.010255143268982206
dAGO,intracellular_microswitches,1,40,40.0,41.0,0.08535285660511184,0.10268224142092176,-0.017329384815809923
dAGO,intracellular_microswitches,1,41,41.0,42.0,0.09491844591858947,0.09328901980709635,0.0016294261114931236
dAGO,intracellular_microswitches,1,42,42.0,43.0,0.10190186803811126,0.09749792508963873,0.004403942948472531
dAGO,intracellular_microswitches,1,43,43.0,44.0,0.1125857855207001,0.09861835186434792,0.013967433656352182
dAGO,intracellular_microswitches,1,44,44.0,45.0,0.09901622867914374,0.10922779587476342,-0.010211567195619678
dAGO,intracellular_microswitches,1,45,45.0,46.0,0.08432564189396813,0.10725817217422584,-0.022932530280257712
dAGO,intracellular_microswitches,1,46,46.0,47.0,0.09199817718649647,0.0938591106671368,-0.0018609334806403283
dAGO,intracellular_microswitches,1,47,47.0,48.0,0.11597041535914374,0.11588240341553106,8.801194361267306e-05
dAGO,intracellular_microswitches,1,48,48.0,49.0,0.10302163490504634,0.1126971248328552,-0.009675489927808853
dAGO,intracellular_microswitches,1,49,49.0,50.0,0.11491843647141024,0.09008225732474474,0.0248361791466655
dAGO,intracellular_microswitches,2,0,0.0,1.0,0.05518283061185046,0.04858995845675203,0.006592872155098434
dAGO,intracellular_microswitches,2,1,1.0,2.0,0.06900626268537247,0.09194154032768896,-0.022935277642316496
dAGO,intracellular_microswitches,2,2,2.0,3.0,0.07094886338704058,0.0678345519682761,0.003114311418764476
dAGO,intracellular_microswitches,2,3,3.0,4.0,0.08059964429357558,0.08460685966060329,-0.004007215367027708
dAGO,intracellular_microswitches,2,4,4.0,5.0,0.08142267778347134,0.06889316110089214,0.012529516682579206
dAGO,intracellular_microswitches,2,5,5.0,6.0,0.0822309706119398,0.06649442786050541,0.015736542751434393
dAGO,intracellular_microswitches,2,6,6.0,7.0,0.09791486418271787,0.07302356456557371,0.02489129961714416
dAGO,intracellular_microswitches,2,7,7.0,8.0,0.1063806498280475,0.10077510349087769,0.005605546337169809
dAGO,intracellular_microswitches,2,8,8.0,9.0,0.09336793760504071,0.08750064240015475,0.005867295204885964
dAGO,intracellular_microswitches,2,9,9.0,10.0,0.09139019309610721,0.0931638028161738,-0.0017736097200665851
dAGO,intracellular_microswitches,2,10,10.0,11.0,0.08860584888956988,0.08556819656822924,0.0030376523213406365
dAGO,intracellular_microswitches,2,11,11.0,12.0,0.07779642023116887,0.07930060412613837,-0.0015041838949695074
dAGO,intracellular_microswitches,2,12,12.0,13.0,0.10371483148743556,0.08135529560086188,0.022359535886573675
dAGO,intracellular_microswitches,2,13,13.0,14.0,0.12257214398721274,0.09709641802735902,0.025475725959853715
dAGO,intracellular_microswitches,2,14,14.0,15.0,0.10885491024491455,0.09511832062232775,0.013736589622586795
dAGO,intracellular_microswitches,2,15,15.0,16.0,0.09287279917654517,0.10791755138020526,-0.015044752203660083
dAGO,intracellular_microswitches,2,16,16.0,17.0,0.12197064187132972,0.09785448187274341,0.02411615999858631
dAGO,intracellular_microswitches,2,17,17.0,18.0,0.11798088489458435,0.09626772669179919,0.02171315820278516
dAGO,intracellular_microswitches,2,18,18.0,19.0,0.09908838632454227,0.09223477739639309,0.00685360892814918
dAGO,intracellular_microswitches,2,19,19.0,20.0,0.10738636692890063,0.08075802661795918,0.026628340310941453
dAGO,intracellular_microswitches,2,20,20.0,21.0,0.09840404872606673,0.09065782093401116,0.007746227792055568
dAGO,intracellular_microswitches,2,21,21.0,22.0,0.08363147161953745,0.07941796627165906,0.004213505347878385
dAGO,intracellular_microswitches,2,22,22.0,23.0,0.10051596422848832,0.09043009067972488,0.010085873548763447
dAGO,intracellular_microswitches,2,23,23.0,24.0,0.0928632635147712,0.08357778179566978,0.009285481719101416
dAGO,intracellular_microswitches,2,24,24.0,25.0,0.09440427870200813,0.07786076728599149,0.016543511416016635
dAGO,intracellular_microswitches,2,25,25.0,26.0,0.09415720851564703,0.08856119700743245,0.0055960115082145795
dAGO,intracellular_microswitches,2,26,26.0,27.0,0.1085719310298232,0.07682904772349756,0.03174288330632563
dAGO,intracellular_microswitches,2,27,27.0,28.0,0.09158124932006871,0.08259425992465184,0.008986989395416867
dAGO,intracellular_microswitches,2,28,28.0,29.0,0.09418357107443077,0.07477484611017461,0.019408724964256163
dAGO,intracellular_microswitches,2,29,29.0,30.0,0.0880304153789318,0.08494453420049906,0.0030858811784327395
dAGO,intracellular_microswitches,2,30,30.0,31.0,0.08498683261135484,0.10475589984095604,-0.0197690672296012
dAGO,intracellular_microswitches,2,31,31.0,32.0,0.09765836868774654,0.10209331404746534,-0.004434945359718806
dAGO,intracellular_microswitches,2,32,32.0,33.0,0.09625267439009133,0.09940727669236421,-0.0031546023022728797
dAGO,intracellular_microswitches,2,33,33.0,34.0,0.10248077107958897,0.10058161956713277,0.0018991515124562042
dAGO,intracellular_microswitches,2,34,34.0,35.0,0.08421209027274747,0.10056616891972954,-0.016354078646982073
dAGO,intracellular_microswitches,2,35,35.0,36.0,0.10097105754293866,0.08778919305564194,0.013181864487296718
dAGO,intracellular_microswitches,2,36,36.0,37.0,0.09530817220070952,0.08360850983512627,0.011699662365583244
dAGO,intracellular_microswitches,2,37,37.0,38.0,0.08483559308873109,0.09271389228775385,-0.007878299199022762
dAGO,intracellular_microswitches,2,38,38.0,39.0,0.0805042722611022,0.09616508044326076,-0.015660808182158564
dAGO,intracellular_microswitches,2,39,39.0,40.0,0.1160551810632921,0.10449184405160866,0.011563337011683439
dAGO,intracellular_microswitches,2,40,40.0,41.0,0.0936470001927343,0.10098643665411192,-0.007339436461377621
dAGO,intracellular_microswitches,2,41,41.0,42.0,0.09468077295568118,0.09998543313741101,-0.005304660181729828
dAGO,intracellular_microswitches,2,42,42.0,43.0,0.08489035439354173,0.09333965423445915,-0.008449299840917426
dAGO,intracellular_microswitches,2,43,43.0,44.0,0.08303465479131229,0.10731778134376586,-0.02428312655245357
dAGO,intracellular_microswitches,2,44,44.0,45.0,0.07721511295650973,0.09870151573397311,-0.021486402777463373
dAGO,intracellular_microswitches,2,45,45.0,46.0,0.08731689789886504,0.0885325408753289,-0.001215642976463857
dAGO,intracellular_microswitches,2,46,46.0,47.0,0.09289668447477663,0.07142350600964248,0.02147317846513415
dAGO,intracellular_microswitches,2,47,47.0,48.0,0.11415226102584274,0.0950418781328413,0.019110382893001432
dAGO,intracellular_microswitches,2,48,48.0,49.0,0.0948430911153137,0.09802961473041505,-0.0031865236151013554
dAGO,intracellular_microswitches,2,49,49.0,50.0,0.10669876631554852,0.12534971777129963,-0.018650951455751116
dAGO,intracellular_microswitches,3,0,0.0,1.0,0.07418797616456005,0.08273904676677059,-0.00855107060221054
dAGO,intracellular_microswitches,3,1,1.0,2.0,0.09140793072005438,0.08835149696255856,0.0030564337574958134
dAGO,intracellular_microswitches,3,2,2.0,3.0,0.10190272428621377,0.09077045620241288,0.011132268083800897
dAGO,intracellular_microswitches,3,3,3.0,4.0,0.09862219541795006,0.09355946462680415,0.005062730791145914
dAGO,intracellular_microswitches,3,4,4.0,5.0,0.11470964870871504,0.07495097964655706,0.039758669062157984
dAGO,intracellular_microswitches,3,5,5.0,6.0,0.11796627479488409,0.08209195447994502,0.03587432031493906
dAGO,intracellular_microswitches,3,6,6.0,7.0,0.10410406066725263,0.0734873249632244,0.03061673570402823
dAGO,intracellular_microswitches,3,7,7.0,8.0,0.10188074583502323,0.07430309416824929,0.027577651666773936
dAGO,intracellular_microswitches,3,8,8.0,9.0,0.1181585064620689,0.08735237315818954,0.03080613330387935
dAGO,intracellular_microswitches,3,9,9.0,10.0,0.1208574825811929,0.10208975557222674,0.01876772700896616
dAGO,intracellular_microswitches,3,10,10.0,11.0,0.09786358504782952,0.07627536933116763,0.02158821571666189
dAGO,intracellular_microswitches,3,11,11.0,12.0,0.11187523044519908,0.08475766468717104,0.02711756575802804
dAGO,intracellular_microswitches,3,12,12.0,13.0,0.11363177360214265,0.0916462385057934,0.02198553509634925
dAGO,intracellular_microswitches,3,13,13.0,14.0,0.09771688075572738,0.06896052326415315,0.028756357491574222
dAGO,intracellular_microswitches,3,14,14.0,15.0,0.09891828359550735,0.0743754078918092,0.024542875703698147
dAGO,intracellular_microswitches,3,15,15.0,16.0,0.09257704997122453,0.07392320107653834,0.018653848894686187
dAGO,intracellular_microswitches,3,16,16.0,17.0,0.11093320129255363,0.09184706897548414,0.019086132317069487
dAGO,intracellular_microswitches,3,17,17.0,18.0,0.11456549960280396,0.07201381156941189,0.04255168803339207
dAGO,intracellular_microswitches,3,18,18.0,19.0,0.09710807441443907,0.0906933963739802,0.0064146780404588655
dAGO,intracellular_microswitches,3,19,19.0,20.0,0.11927138312780006,0.08450755959743567,0.03476382353036439
dAGO,intracellular_microswitches,3,20,20.0,21.0,0.10015092936181885,0.10020119686804113,-5.0267506222279046e-05
dAGO,intracellular_microswitches,3,21,21.0,22.0,0.10323949645077493,0.07785726547894563,0.025382230971829303
dAGO,intracellular_microswitches,3,22,22.0,23.0,0.0989720416149412,0.08444092455014969,0.014531117064791516
dAGO,intracellular_microswitches,3,23,23.0,24.0,0.09910167492624482,0.0817090735435126,0.017392601382732215
dAGO,intracellular_microswitches,3,24,24.0,25.0,0.08684743793395452,0.07184118483823365,0.015006253095720873
dAGO,intracellular_microswitches,3,25,25.0,26.0,0.0894452346720312,0.08550035301302618,0.003944881659005028
dAGO,intracellular_microswitches,3,26,26.0,27.0,0.10816175813919005,0.09724598626396935,0.010915771875220692
dAGO,intracellular_microswitches,3,27,27.0,28.0,0.11716444809801933,0.10082450601868262,0.016339942079336714
dAGO,intracellular_microswitches,3,28,28.0,29.0,0.10373031156653555,0.10550198119570875,-0.0017716696291732031
dAGO,intracellular_microswitches,3,29,29.0,30.0,0.10998182186147187,0.0737006293542813,0.03628119250719057
dAGO,intracellular_microswitches,3,30,30.0,31.0,0.11006647524593688,0.10339390620778958,0.006672569038147294
dAGO,intracellular_microswitches,3,31,31.0,32.0,0.1172029088664019,0.09420360492691979,0.022999303939482116
dAGO,intracellular_microswitches,3,32,32.0,33.0,0.09689156437536399,0.09250394344028051,0.004387620935083478
dAGO,intracellular_microswitches,3,33,33.0,34.0,0.1155908702662007,0.10526940627114793,0.010321463995052765
dAGO,intracellular_microswitches,3,34,34.0,35.0,0.10250084975613215,0.10269693299434698,-0.00019608323821483642
dAGO,intracellular_microswitches,3,35,35.0,36.0,0.14676740505077182,0.10055778271195918,0.046209622338812636
dAGO,intracellular_microswitches,3,36,36.0,37.0,0.1000934093881136,0.10469440410468443,-0.004600994716570828
dAGO,intracellular_microswitches,3,37,37.0,38.0,0.10569062958544054,0.10073341497366563,0.00495721461177491
dAGO,intracellular_microswitches,3,38,38.0,39.0,0.08191975571031858,0.11181735054660973,-0.029897594836291147
dAGO,intracellular_microswitches,3,39,39.0,40.0,0.10313959918112439,0.09433455274672782,0.008805046434396571
dAGO,intracellular_microswitches,3,40,40.0,41.0,0.1000055428332972,0.10164671822989312,-0.0016411753965959175
dAGO,intracellular_microswitches,3,41,41.0,42.0,0.11756437511846606,0.07921780486438044,0.03834657025408561
dAGO,intracellular_microswitches,3,42,42.0,43.0,0.11018998169864325,0.07685139308205187,0.03333858861659138
dAGO,intracellular_microswitches,3,43,43.0,44.0,0.11300936696157853,0.08117548048907199,0.03183388647250654
dAGO,intracellular_microswitches,3,44,44.0,45.0,0.099919602715379,0.09179425609804726,0.008125346617331747
dAGO,intracellular_microswitches,3,45,45.0,46.0,0.09403220737031512,0.09714398470555079,-0.0031117773352356687
dAGO,intracellular_microswitches,3,46,46.0,47.0,0.09285523755743973,0.12177003097101873,-0.028914793413579
dAGO,intracellular_microswitches,3,47,47.0,48.0,0.08866573493976995,0.0799299777759046,0.008735757163865349
dAGO,intracellular_microswitches,3,48,48.0,49.0,0.09055815171943482,0.06814507896428765,0.022413072755147173
dAGO,intracellular_microswitches,3,49,49.0,50.0,0.10936116952364984,0.08958932677009826,0.01977184275355158
dAGO,orthosteric_activation_core,1,0,0.0,1.0,0.0898699984813824,0.06464362687543543,0.02522637160594697
dAGO,orthosteric_activation_core,1,1,1.0,2.0,0.1077326854843616,0.05146231144955693,0.05627037403480467
dAGO,orthosteric_activation_core,1,2,2.0,3.0,0.12161972727120515,0.06699436872843266,0.05462535854277249
dAGO,orthosteric_activation_core,1,3,3.0,4.0,0.13270662993297042,0.08110539827345241,0.05160123165951801
dAGO,orthosteric_activation_core,1,4,4.0,5.0,0.14190093607670506,0.10511743973418171,0.036783496342523356
dAGO,orthosteric_activation_core,1,5,5.0,6.0,0.1519216262893085,0.09701399943304546,0.054907626856263034
dAGO,orthosteric_activation_core,1,6,6.0,7.0,0.1595847077643708,0.09210828648474678,0.06747642127962403
dAGO,orthosteric_activation_core,1,7,7.0,8.0,0.14302223039307546,0.11382152925448609,0.02920070113858937
dAGO,orthosteric_activation_core,1,8,8.0,9.0,0.1297870530361092,0.0936669872887847,0.036120065747324515
dAGO,orthosteric_activation_core,1,9,9.0,10.0,0.13054175699087453,0.10110152242719492,0.029440234563679613
dAGO,orthosteric_activation_core,1,10,10.0,11.0,0.1489123004045699,0.10065066243609354,0.048261637968476365
dAGO,orthosteric_activation_core,1,11,11.0,12.0,0.14840834292517435,0.09786947094668284,0.05053887197849151
dAGO,orthosteric_activation_core,1,12,12.0,13.0,0.1278162298761062,0.08416218367913239,0.0436540461969738
dAGO,orthosteric_activation_core,1,13,13.0,14.0,0.13464677591575577,0.09890554204583979,0.035741233869915984
dAGO,orthosteric_activation_core,1,14,14.0,15.0,0.1447700613457972,0.08735173094654869,0.05741833039924851
dAGO,orthosteric_activation_core,1,15,15.0,16.0,0.11837328457925331,0.06986399492743817,0.04850928965181514
dAGO,orthosteric_activation_core,1,16,16.0,17.0,0.11495842089767593,0.08038355530296457,0.03457486559471136
dAGO,orthosteric_activation_core,1,17,17.0,18.0,0.12697071778634964,0.0983582702960955,0.028612447490254128
dAGO,orthosteric_activation_core,1,18,18.0,19.0,0.12502236634717384,0.10481304536985,0.020209320977323836
dAGO,orthosteric_activation_core,1,19,19.0,20.0,0.1240863113221115,0.09190859436654836,0.03217771695556314
dAGO,orthosteric_activation_core,1,20,20.0,21.0,0.11934598218014404,0.08814372706912128,0.03120225511102276
dAGO,orthosteric_activation_core,1,21,21.0,22.0,0.12496116631929069,0.07818807750332733,0.04677308881596336
dAGO,orthosteric_activation_core,1,22,22.0,23.0,0.12207484754172283,0.07071961206288832,0.05135523547883451
dAGO,orthosteric_activation_core,1,23,23.0,24.0,0.13877203872863725,0.08757690221860294,0.05119513651003431
dAGO,orthosteric_activation_core,1,24,24.0,25.0,0.13756817911942443,0.08347904465356985,0.054089134465854574
dAGO,orthosteric_activation_core,1,25,25.0,26.0,0.13594102855032986,0.105174344390496,0.030766684159833857
dAGO,orthosteric_activation_core,1,26,26.0,27.0,0.08582172555260313,0.07713503164040053,0.0086866939122026
dAGO,orthosteric_activation_core,1,27,27.0,28.0,0.11606607341886784,0.11122696840173449,0.004839105017133347
dAGO,orthosteric_activation_core,1,28,28.0,29.0,0.09529291754075388,0.08751006972424397,0.007782847816509911
dAGO,orthosteric_activation_core,1,29,29.0,30.0,0.12484365898882395,0.09605811434931509,0.02878554463950886
dAGO,orthosteric_activation_core,1,30,30.0,31.0,0.11371775055028154,0.0679577368802468,0.04576001367003474
dAGO,orthosteric_activation_core,1,31,31.0,32.0,0.13175799486074424,0.07881209950460831,0.05294589535613593
dAGO,orthosteric_activation_core,1,32,32.0,33.0,0.12995053040297613,0.08478775960645328,0.04516277079652285
dAGO,orthosteric_activation_core,1,33,33.0,34.0,0.12420228050495755,0.09813973420391932,0.026062546301038228
dAGO,orthosteric_activation_core,1,34,34.0,35.0,0.0972729719813418,0.07472744500979565,0.022545526971546145
dAGO,orthosteric_activation_core,1,35,35.0,36.0,0.1377582936501877,0.10556159194967378,0.03219670170051393
dAGO,orthosteric_activation_core,1,36,36.0,37.0,0.13210374118791277,0.11718707263731812,0.014916668550594647
dAGO,orthosteric_activation_core,1,37,37.0,38.0,0.1296575693575829,0.1293973062780549,0.00026026307952800587
dAGO,orthosteric_activation_core,1,38,38.0,39.0,0.13431840255893174,0.1048501328296775,0.02946826972925423
dAGO,orthosteric_activation_core,1,39,39.0,40.0,0.12355364938450492,0.09258732609385065,0.03096632329065427
dAGO,orthosteric_activation_core,1,40,40.0,41.0,0.10894078662910678,0.10268224142092176,0.006258545208185015
dAGO,orthosteric_activation_core,1,41,41.0,42.0,0.11921306740485203,0.09328901980709635,0.025924047597755684
dAGO,orthosteric_activation_core,1,42,42.0,43.0,0.1152800708559832,0.09749792508963873,0.017782145766344473
dAGO,orthosteric_activation_core,1,43,43.0,44.0,0.10370596553278104,0.09861835186434792,0.005087613668433119
dAGO,orthosteric_activation_core,1,44,44.0,45.0,0.07616790102534193,0.10922779587476342,-0.033059894849421484
dAGO,orthosteric_activation_core,1,45,45.0,46.0,0.0669346504928592,0.10725817217422584,-0.040323521681366645
dAGO,orthosteric_activation_core,1,46,46.0,47.0,0.07261834467459283,0.0938591106671368,-0.021240765992543972
dAGO,orthosteric_activation_core,1,47,47.0,48.0,0.08306188624023729,0.11588240341553106,-0.03282051717529377
dAGO,orthosteric_activation_core,1,48,48.0,49.0,0.0880080223433304,0.1126971248328552,-0.0246891024895248
dAGO,orthosteric_activation_core,1,49,49.0,50.0,0.1074030896177504,0.09008225732474474,0.017320832293005656
dAGO,orthosteric_activation_core,2,0,0.0,1.0,0.06731674743760437,0.04858995845675203,0.018726788980852338
dAGO,orthosteric_activation_core,2,1,1.0,2.0,0.08202796482310727,0.09194154032768896,-0.00991357550458169
dAGO,orthosteric_activation_core,2,2,2.0,3.0,0.06737638952265362,0.0678345519682761,-0.00045816244562248143
dAGO,orthosteric_activation_core,2,3,3.0,4.0,0.09050468955740418,0.08460685966060329,0.005897829896800891
dAGO,orthosteric_activation_core,2,4,4.0,5.0,0.09800113983179197,0.06889316110089214,0.029107978730899833
dAGO,orthosteric_activation_core,2,5,5.0,6.0,0.06958219509861492,0.06649442786050541,0.0030877672381095095
dAGO,orthosteric_activation_core,2,6,6.0,7.0,0.08275418664770343,0.07302356456557371,0.009730622082129714
dAGO,orthosteric_activation_core,2,7,7.0,8.0,0.09405457048527051,0.10077510349087769,-0.006720533005607182
dAGO,orthosteric_activation_core,2,8,8.0,9.0,0.10152432602127173,0.08750064240015475,0.014023683621116986
dAGO,orthosteric_activation_core,2,9,9.0,10.0,0.09742420624593136,0.0931638028161738,0.004260403429757559
dAGO,orthosteric_activation_core,2,10,10.0,11.0,0.09820931964334625,0.08556819656822924,0.012641123075117014
dAGO,orthosteric_activation_core,2,11,11.0,12.0,0.09203532944257489,0.07930060412613837,0.012734725316436518
dAGO,orthosteric_activation_core,2,12,12.0,13.0,0.11507767662762894,0.08135529560086188,0.033722381026767057
dAGO,orthosteric_activation_core,2,13,13.0,14.0,0.1083287649355686,0.09709641802735902,0.011232346908209581
dAGO,orthosteric_activation_core,2,14,14.0,15.0,0.13678672907952535,0.09511832062232775,0.0416684084571976
dAGO,orthosteric_activation_core,2,15,15.0,16.0,0.10842696225593462,0.10791755138020526,0.0005094108757293658
dAGO,orthosteric_activation_core,2,16,16.0,17.0,0.11424982119004948,0.09785448187274341,0.016395339317306065
dAGO,orthosteric_activation_core,2,17,17.0,18.0,0.11276315996684753,0.09626772669179919,0.01649543327504835
dAGO,orthosteric_activation_core,2,18,18.0,19.0,0.10111333188268583,0.09223477739639309,0.008878554486292739
dAGO,orthosteric_activation_core,2,19,19.0,20.0,0.09031243176330682,0.08075802661795918,0.009554405145347639
dAGO,orthosteric_activation_core,2,20,20.0,21.0,0.09602192382533781,0.09065782093401116,0.005364102891326647
dAGO,orthosteric_activation_core,2,21,21.0,22.0,0.09930054598570935,0.07941796627165906,0.01988257971405029
dAGO,orthosteric_activation_core,2,22,22.0,23.0,0.10773657479293682,0.09043009067972488,0.017306484113211937
dAGO,orthosteric_activation_core,2,23,23.0,24.0,0.09835546326108902,0.08357778179566978,0.014777681465419232
dAGO,orthosteric_activation_core,2,24,24.0,25.0,0.12029386200699943,0.07786076728599149,0.04243309472100794
dAGO,orthosteric_activation_core,2,25,25.0,26.0,0.10166264274163979,0.08856119700743245,0.013101445734207337
dAGO,orthosteric_activation_core,2,26,26.0,27.0,0.10684912557117085,0.07682904772349756,0.030020077847673285
dAGO,orthosteric_activation_core,2,27,27.0,28.0,0.12475340278402959,0.08259425992465184,0.042159142859377746
dAGO,orthosteric_activation_core,2,28,28.0,29.0,0.11975235464891745,0.07477484611017461,0.04497750853874284
dAGO,orthosteric_activation_core,2,29,29.0,30.0,0.14086677522861848,0.08494453420049906,0.05592224102811942
dAGO,orthosteric_activation_core,2,30,30.0,31.0,0.12400503577184666,0.10475589984095604,0.019249135930890615
dAGO,orthosteric_activation_core,2,31,31.0,32.0,0.1278489641123262,0.10209331404746534,0.02575565006486087
dAGO,orthosteric_activation_core,2,32,32.0,33.0,0.118347025600559,0.09940727669236421,0.01893974890819479
dAGO,orthosteric_activation_core,2,33,33.0,34.0,0.10569904625027363,0.10058161956713277,0.005117426683140858
dAGO,orthosteric_activation_core,2,34,34.0,35.0,0.13620054512412882,0.10056616891972954,0.035634376204399285
dAGO,orthosteric_activation_core,2,35,35.0,36.0,0.15719710312345667,0.08778919305564194,0.06940791006781473
dAGO,orthosteric_activation_core,2,36,36.0,37.0,0.12792896433045922,0.08360850983512627,0.04432045449533295
dAGO,orthosteric_activation_core,2,37,37.0,38.0,0.10874293834706442,0.09271389228775385,0.01602904605931056
dAGO,orthosteric_activation_core,2,38,38.0,39.0,0.10277628641518272,0.09616508044326076,0.006611205971921955
dAGO,orthosteric_activation_core,2,39,39.0,40.0,0.11162469869851285,0.10449184405160866,0.007132854646904191
dAGO,orthosteric_activation_core,2,40,40.0,41.0,0.1280731202040137,0.10098643665411192,0.02708668354990179
dAGO,orthosteric_activation_core,2,41,41.0,42.0,0.13429110389786345,0.09998543313741101,0.034305670760452434
dAGO,orthosteric_activation_core,2,42,42.0,43.0,0.12971636006884224,0.09333965423445915,0.036376705834383086
dAGO,orthosteric_activation_core,2,43,43.0,44.0,0.09939393144694693,0.10731778134376586,-0.007923849896818935
dAGO,orthosteric_activation_core,2,44,44.0,45.0,0.10720837844470206,0.09870151573397311,0.008506862710728952
dAGO,orthosteric_activation_core,2,45,45.0,46.0,0.15572905277548496,0.0885325408753289,0.06719651190015606
dAGO,orthosteric_activation_core,2,46,46.0,47.0,0.119144593851742,0.07142350600964248,0.047721087842099524
dAGO,orthosteric_activation_core,2,47,47.0,48.0,0.1243995674827944,0.0950418781328413,0.0293576893499531
dAGO,orthosteric_activation_core,2,48,48.0,49.0,0.10683662908335702,0.09802961473041505,0.00880701435294197
dAGO,orthosteric_activation_core,2,49,49.0,50.0,0.1151879162325579,0.12534971777129963,-0.01016180153874173
dAGO,orthosteric_activation_core,3,0,0.0,1.0,0.08571582780946019,0.08273904676677059,0.0029767810426895996
dAGO,orthosteric_activation_core,3,1,1.0,2.0,0.08443505139083414,0.08835149696255856,-0.003916445571724422
dAGO,orthosteric_activation_core,3,2,2.0,3.0,0.07706188715005054,0.09077045620241288,-0.01370856905236234
dAGO,orthosteric_activation_core,3,3,3.0,4.0,0.08918628028766391,0.09355946462680415,-0.004373184339140232
dAGO,orthosteric_activation_core,3,4,4.0,5.0,0.07288490434965665,0.07495097964655706,-0.0020660752969004076
dAGO,orthosteric_activation_core,3,5,5.0,6.0,0.10052096003235184,0.08209195447994502,0.018429005552406813
dAGO,orthosteric_activation_core,3,6,6.0,7.0,0.08975382061294328,0.0734873249632244,0.01626649564971888
dAGO,orthosteric_activation_core,3,7,7.0,8.0,0.07915899652540466,0.07430309416824929,0.00485590235715537
dAGO,orthosteric_activation_core,3,8,8.0,9.0,0.09719679739709682,0.08735237315818954,0.009844424238907273
dAGO,orthosteric_activation_core,3,9,9.0,10.0,0.09906203872698262,0.10208975557222674,-0.0030277168452441244
dAGO,orthosteric_activation_core,3,10,10.0,11.0,0.0801317915547091,0.07627536933116763,0.0038564222235414752
dAGO,orthosteric_activation_core,3,11,11.0,12.0,0.10474575886542375,0.08475766468717104,0.019988094178252716
dAGO,orthosteric_activation_core,3,12,12.0,13.0,0.0861737275603738,0.0916462385057934,-0.005472510945419604
dAGO,orthosteric_activation_core,3,13,13.0,14.0,0.08370104315716292,0.06896052326415315,0.01474051989300977
dAGO,orthosteric_activation_core,3,14,14.0,15.0,0.08075717132305309,0.0743754078918092,0.0063817634312438865
dAGO,orthosteric_activation_core,3,15,15.0,16.0,0.08720055081884978,0.07392320107653834,0.013277349742311442
dAGO,orthosteric_activation_core,3,16,16.0,17.0,0.07385710320662839,0.09184706897548414,-0.017989965768855753
dAGO,orthosteric_activation_core,3,17,17.0,18.0,0.07844097403620708,0.07201381156941189,0.006427162466795186
dAGO,orthosteric_activation_core,3,18,18.0,19.0,0.08851452980308197,0.0906933963739802,-0.002178866570898233
dAGO,orthosteric_activation_core,3,19,19.0,20.0,0.0759106949426321,0.08450755959743567,-0.008596864654803568
dAGO,orthosteric_activation_core,3,20,20.0,21.0,0.08401646492068614,0.10020119686804113,-0.016184731947354994
dAGO,orthosteric_activation_core,3,21,21.0,22.0,0.08369365948349942,0.07785726547894563,0.0058363940045537965
dAGO,orthosteric_activation_core,3,22,22.0,23.0,0.11279277617412747,0.08444092455014969,0.028351851623977783
dAGO,orthosteric_activation_core,3,23,23.0,24.0,0.09787986682408303,0.0817090735435126,0.01617079328057043
dAGO,orthosteric_activation_core,3,24,24.0,25.0,0.08918810897880447,0.07184118483823365,0.01734692414057082
dAGO,orthosteric_activation_core,3,25,25.0,26.0,0.07673749568836742,0.08550035301302618,-0.008762857324658757
dAGO,orthosteric_activation_core,3,26,26.0,27.0,0.08245664855089076,0.09724598626396935,-0.014789337713078596
dAGO,orthosteric_activation_core,3,27,27.0,28.0,0.08314736438951009,0.10082450601868262,-0.017677141629172527
dAGO,orthosteric_activation_core,3,28,28.0,29.0,0.09928370614818431,0.10550198119570875,-0.006218275047524438
dAGO,orthosteric_activation_core,3,29,29.0,30.0,0.11776670790431104,0.0737006293542813,0.04406607855002974
dAGO,orthosteric_activation_core,3,30,30.0,31.0,0.1047395533343411,0.10339390620778958,0.0013456471265515108
dAGO,orthosteric_activation_core,3,31,31.0,32.0,0.09998732697184018,0.09420360492691979,0.005783722044920392
dAGO,orthosteric_activation_core,3,32,32.0,33.0,0.10340178590086291,0.09250394344028051,0.010897842460582396
dAGO,orthosteric_activation_core,3,33,33.0,34.0,0.07856532438812568,0.10526940627114793,-0.026704081883022257
dAGO,orthosteric_activation_core,3,34,34.0,35.0,0.09613090687492454,0.10269693299434698,-0.006566026119422447
dAGO,orthosteric_activation_core,3,35,35.0,36.0,0.08989508173847924,0.10055778271195918,-0.010662700973479947
dAGO,orthosteric_activation_core,3,36,36.0,37.0,0.08290201641470772,0.10469440410468443,-0.02179238768997671
dAGO,orthosteric_activation_core,3,37,37.0,38.0,0.07879650929047075,0.10073341497366563,-0.021936905683194882
dAGO,orthosteric_activation_core,3,38,38.0,39.0,0.10084508801421185,0.11181735054660973,-0.010972262532397872
dAGO,orthosteric_activation_core,3,39,39.0,40.0,0.0777879799666483,0.09433455274672782,-0.016546572780079524
dAGO,orthosteric_activation_core,3,40,40.0,41.0,0.08537984767017692,0.10164671822989312,-0.016266870559716193
dAGO,orthosteric_activation_core,3,41,41.0,42.0,0.07171023718228459,0.07921780486438044,-0.007507567682095859
dAGO,orthosteric_activation_core,3,42,42.0,43.0,0.08017190096261212,0.07685139308205187,0.00332050788056025
dAGO,orthosteric_activation_core,3,43,43.0,44.0,0.08389873528738287,0.08117548048907199,0.002723254798310884
dAGO,orthosteric_activation_core,3,44,44.0,45.0,0.06457356662641574,0.09179425609804726,-0.027220689471631518
dAGO,orthosteric_activation_core,3,45,45.0,46.0,0.07144074561714206,0.09714398470555079,-0.025703239088408728
dAGO,orthosteric_activation_core,3,46,46.0,47.0,0.11934653221019295,0.12177003097101873,-0.0024234987608257735
dAGO,orthosteric_activation_core,3,47,47.0,48.0,0.07560527033011602,0.0799299777759046,-0.004324707445788584
dAGO,orthosteric_activation_core,3,48,48.0,49.0,0.06544001711856585,0.06814507896428765,-0.002705061845721793
dAGO,orthosteric_activation_core,3,49,49.0,50.0,0.07137646448389638,0.08958932677009826,-0.018212862286201878
dAGO,orthosteric_contact_union,1,0,0.0,1.0,0.08560950750924012,0.06464362687543543,0.020965880633804695
dAGO,orthosteric_contact_union,1,1,1.0,2.0,0.10406077538999975,0.05146231144955693,0.05259846394044282
dAGO,orthosteric_contact_union,1,2,2.0,3.0,0.11898695632555097,0.06699436872843266,0.051992587597118306
dAGO,orthosteric_contact_union,1,3,3.0,4.0,0.12350742025543639,0.08110539827345241,0.04240202198198398
dAGO,orthosteric_contact_union,1,4,4.0,5.0,0.13801893257132175,0.10511743973418171,0.03290149283714004
dAGO,orthosteric_contact_union,1,5,5.0,6.0,0.14903195757946983,0.09701399943304546,0.05201795814642436
dAGO,orthosteric_contact_union,1,6,6.0,7.0,0.1505354138087044,0.09210828648474678,0.058427127323957606
dAGO,orthosteric_contact_union,1,7,7.0,8.0,0.13969685920897348,0.11382152925448609,0.025875329954487394
dAGO,orthosteric_contact_union,1,8,8.0,9.0,0.12095195699648466,0.0936669872887847,0.02728496970769996
dAGO,orthosteric_contact_union,1,9,9.0,10.0,0.12388652321876516,0.10110152242719492,0.02278500079157024
dAGO,orthosteric_contact_union,1,10,10.0,11.0,0.1428854211445276,0.10065066243609354,0.04223475870843406
dAGO,orthosteric_contact_union,1,11,11.0,12.0,0.14489341047360035,0.09786947094668284,0.04702393952691751
dAGO,orthosteric_contact_union,1,12,12.0,13.0,0.12058130088646964,0.08416218367913239,0.036419117207337245
dAGO,orthosteric_contact_union,1,13,13.0,14.0,0.12782444325256798,0.09890554204583979,0.028918901206728187
dAGO,orthosteric_contact_union,1,14,14.0,15.0,0.13553297693146438,0.08735173094654869,0.04818124598491569
dAGO,orthosteric_contact_union,1,15,15.0,16.0,0.10713037962464744,0.06986399492743817,0.037266384697209276
dAGO,orthosteric_contact_union,1,16,16.0,17.0,0.10174088075088378,0.08038355530296457,0.021357325447919212
dAGO,orthosteric_contact_union,1,17,17.0,18.0,0.11893184042748221,0.0983582702960955,0.020573570131386706
dAGO,orthosteric_contact_union,1,18,18.0,19.0,0.12123350807687183,0.10481304536985,0.016420462707021827
dAGO,orthosteric_contact_union,1,19,19.0,20.0,0.11173754482817037,0.09190859436654836,0.019828950461622016
dAGO,orthosteric_contact_union,1,20,20.0,21.0,0.10448647709302102,0.08814372706912128,0.016342750023899733
dAGO,orthosteric_contact_union,1,21,21.0,22.0,0.11108340989973843,0.07818807750332733,0.0328953323964111
dAGO,orthosteric_contact_union,1,22,22.0,23.0,0.10781874931570419,0.07071961206288832,0.03709913725281587
dAGO,orthosteric_contact_union,1,23,23.0,24.0,0.12124417986676446,0.08757690221860294,0.03366727764816152
dAGO,orthosteric_contact_union,1,24,24.0,25.0,0.12901111199154916,0.08347904465356985,0.04553206733797931
dAGO,orthosteric_contact_union,1,25,25.0,26.0,0.12866531228686398,0.105174344390496,0.02349096789636798
dAGO,orthosteric_contact_union,1,26,26.0,27.0,0.07616231673737206,0.07713503164040053,-0.000972714903028471
dAGO,orthosteric_contact_union,1,27,27.0,28.0,0.10697818049595055,0.11122696840173449,-0.004248787905783938
dAGO,orthosteric_contact_union,1,28,28.0,29.0,0.08701997975384294,0.08751006972424397,-0.0004900899704010225
dAGO,orthosteric_contact_union,1,29,29.0,30.0,0.11266450724499749,0.09605811434931509,0.0166063928956824
dAGO,orthosteric_contact_union,1,30,30.0,31.0,0.1088849915774899,0.0679577368802468,0.04092725469724311
dAGO,orthosteric_contact_union,1,31,31.0,32.0,0.12444543866729163,0.07881209950460831,0.04563333916268332
dAGO,orthosteric_contact_union,1,32,32.0,33.0,0.1148403062363515,0.08478775960645328,0.030052546629898216
dAGO,orthosteric_contact_union,1,33,33.0,34.0,0.11342143456680087,0.09813973420391932,0.015281700362881553
dAGO,orthosteric_contact_union,1,34,34.0,35.0,0.08874903195541657,0.07472744500979565,0.014021586945620917
dAGO,orthosteric_contact_union,1,35,35.0,36.0,0.12316266389384567,0.10556159194967378,0.01760107194417189
dAGO,orthosteric_contact_union,1,36,36.0,37.0,0.11925583436775615,0.11718707263731812,0.002068761730438032
dAGO,orthosteric_contact_union,1,37,37.0,38.0,0.1201480213551604,0.1293973062780549,-0.009249284922894507
dAGO,orthosteric_contact_union,1,38,38.0,39.0,0.12293177534173137,0.1048501328296775,0.018081642512053867
dAGO,orthosteric_contact_union,1,39,39.0,40.0,0.11612568538123844,0.09258732609385065,0.02353835928738779
dAGO,orthosteric_contact_union,1,40,40.0,41.0,0.09846658927013348,0.10268224142092176,-0.004215652150788285
dAGO,orthosteric_contact_union,1,41,41.0,42.0,0.10381087201022016,0.09328901980709635,0.010521852203123808
dAGO,orthosteric_contact_union,1,42,42.0,43.0,0.10321538422393729,0.09749792508963873,0.0057174591342985664
dAGO,orthosteric_contact_union,1,43,43.0,44.0,0.10067232221876737,0.09861835186434792,0.0020539703544194543
dAGO,orthosteric_contact_union,1,44,44.0,45.0,0.0688202762058318,0.10922779587476342,-0.04040751966893162
dAGO,orthosteric_contact_union,1,45,45.0,46.0,0.06196499698755367,0.10725817217422584,-0.04529317518667217
dAGO,orthosteric_contact_union,1,46,46.0,47.0,0.06443006399820085,0.0938591106671368,-0.02942904666893595
dAGO,orthosteric_contact_union,1,47,47.0,48.0,0.07364886749253033,0.11588240341553106,-0.042233535923000734
dAGO,orthosteric_contact_union,1,48,48.0,49.0,0.07807659646342004,0.1126971248328552,-0.03462052836943516
dAGO,orthosteric_contact_union,1,49,49.0,50.0,0.0941521790369396,0.09008225732474474,0.004069921712194863
dAGO,orthosteric_contact_union,2,0,0.0,1.0,0.06339490570002718,0.04858995845675203,0.014804947243275149
dAGO,orthosteric_contact_union,2,1,1.0,2.0,0.07915626850498447,0.09194154032768896,-0.012785271822704489
dAGO,orthosteric_contact_union,2,2,2.0,3.0,0.06593940384672756,0.0678345519682761,-0.0018951481215485483
dAGO,orthosteric_contact_union,2,3,3.0,4.0,0.08540919388192239,0.08460685966060329,0.0008023342213191037
dAGO,orthosteric_contact_union,2,4,4.0,5.0,0.09544991900575076,0.06889316110089214,0.02655675790485862
dAGO,orthosteric_contact_union,2,5,5.0,6.0,0.06739602428670269,0.06649442786050541,0.0009015964261972764
dAGO,orthosteric_contact_union,2,6,6.0,7.0,0.0782391958235936,0.07302356456557371,0.005215631258019882
dAGO,orthosteric_contact_union,2,7,7.0,8.0,0.08924501533269968,0.10077510349087769,-0.011530088158178006
dAGO,orthosteric_contact_union,2,8,8.0,9.0,0.09474063929258567,0.08750064240015475,0.007239996892430919
dAGO,orthosteric_contact_union,2,9,9.0,10.0,0.09391419184698069,0.0931638028161738,0.0007503890308068889
dAGO,orthosteric_contact_union,2,10,10.0,11.0,0.09332445215473319,0.08556819656822924,0.007756255586503946
dAGO,orthosteric_contact_union,2,11,11.0,12.0,0.08846366825987753,0.07930060412613837,0.009163064133739157
dAGO,orthosteric_contact_union,2,12,12.0,13.0,0.10912181558635901,0.08135529560086188,0.027766519985497132
dAGO,orthosteric_contact_union,2,13,13.0,14.0,0.10145279052568736,0.09709641802735902,0.004356372498328334
dAGO,orthosteric_contact_union,2,14,14.0,15.0,0.1250134601025699,0.09511832062232775,0.02989513948024214
dAGO,orthosteric_contact_union,2,15,15.0,16.0,0.10501398523969215,0.10791755138020526,-0.0029035661405131113
dAGO,orthosteric_contact_union,2,16,16.0,17.0,0.10883886980298609,0.09785448187274341,0.010984387930242673
dAGO,orthosteric_contact_union,2,17,17.0,18.0,0.11106181576334878,0.09626772669179919,0.014794089071549596
dAGO,orthosteric_contact_union,2,18,18.0,19.0,0.0958297295949939,0.09223477739639309,0.003594952198600815
dAGO,orthosteric_contact_union,2,19,19.0,20.0,0.08548946420298176,0.08075802661795918,0.004731437585022577
dAGO,orthosteric_contact_union,2,20,20.0,21.0,0.09222833896766787,0.09065782093401116,0.0015705180336567093
dAGO,orthosteric_contact_union,2,21,21.0,22.0,0.09405540132415201,0.07941796627165906,0.014637435052492945
dAGO,orthosteric_contact_union,2,22,22.0,23.0,0.09845842110759194,0.09043009067972488,0.008028330427867061
dAGO,orthosteric_contact_union,2,23,23.0,24.0,0.08907387703157005,0.08357778179566978,0.005496095235900264
dAGO,orthosteric_contact_union,2,24,24.0,25.0,0.11741971762966426,0.07786076728599149,0.039558950343672766
dAGO,orthosteric_contact_union,2,25,25.0,26.0,0.09660499342687977,0.08856119700743245,0.008043796419447316
dAGO,orthosteric_contact_union,2,26,26.0,27.0,0.10232496186734327,0.07682904772349756,0.025495914143845708
dAGO,orthosteric_contact_union,2,27,27.0,28.0,0.1212574284346857,0.08259425992465184,0.03866316851003386
dAGO,orthosteric_contact_union,2,28,28.0,29.0,0.11120065294547236,0.07477484611017461,0.03642580683529775
dAGO,orthosteric_contact_union,2,29,29.0,30.0,0.13333208179841222,0.08494453420049906,0.04838754759791315
dAGO,orthosteric_contact_union,2,30,30.0,31.0,0.12122761012110539,0.10475589984095604,0.01647171028014935
dAGO,orthosteric_contact_union,2,31,31.0,32.0,0.12186681121001604,0.10209331404746534,0.019773497162550696
dAGO,orthosteric_contact_union,2,32,32.0,33.0,0.11868450006147688,0.09940727669236421,0.019277223369112667
dAGO,orthosteric_contact_union,2,33,33.0,34.0,0.11079199704092425,0.10058161956713277,0.010210377473791485
dAGO,orthosteric_contact_union,2,34,34.0,35.0,0.13106914024749525,0.10056616891972954,0.030502971327765707
dAGO,orthosteric_contact_union,2,35,35.0,36.0,0.1490865337850057,0.08778919305564194,0.061297340729363756
dAGO,orthosteric_contact_union,2,36,36.0,37.0,0.12544647251489838,0.08360850983512627,0.041837962679772106
dAGO,orthosteric_contact_union,2,37,37.0,38.0,0.10710297353265893,0.09271389228775385,0.01438908124490508
dAGO,orthosteric_contact_union,2,38,38.0,39.0,0.10128944903882661,0.09616508044326076,0.005124368595565851
dAGO,orthosteric_contact_union,2,39,39.0,40.0,0.10652903322481115,0.10449184405160866,0.002037189173202489
dAGO,orthosteric_contact_union,2,40,40.0,41.0,0.12428324053883014,0.10098643665411192,0.02329680388471822
dAGO,orthosteric_contact_union,2,41,41.0,42.0,0.12243193225612024,0.09998543313741101,0.02244649911870923
dAGO,orthosteric_contact_union,2,42,42.0,43.0,0.12097468205471923,0.09333965423445915,0.027635027820260075
dAGO,orthosteric_contact_union,2,43,43.0,44.0,0.09800116632097104,0.10731778134376586,-0.009316615022794822
dAGO,orthosteric_contact_union,2,44,44.0,45.0,0.10407006404154522,0.09870151573397311,0.0053685483075721074
dAGO,orthosteric_contact_union,2,45,45.0,46.0,0.15101165135245762,0.0885325408753289,0.062479110477128716
dAGO,orthosteric_contact_union,2,46,46.0,47.0,0.1185054720028435,0.07142350600964248,0.047081965993201025
dAGO,orthosteric_contact_union,2,47,47.0,48.0,0.12134289404788212,0.0950418781328413,0.026301015915040818
dAGO,orthosteric_contact_union,2,48,48.0,49.0,0.10621672570502327,0.09802961473041505,0.008187110974608225
dAGO,orthosteric_contact_union,2,49,49.0,50.0,0.11857644108282184,0.12534971777129963,-0.006773276688477797
dAGO,orthosteric_contact_union,3,0,0.0,1.0,0.07727030708475227,0.08273904676677059,-0.005468739682018317
dAGO,orthosteric_contact_union,3,1,1.0,2.0,0.07396072594866945,0.08835149696255856,-0.014390771013889109
dAGO,orthosteric_contact_union,3,2,2.0,3.0,0.07167566178882041,0.09077045620241288,-0.019094794413592464
dAGO,orthosteric_contact_union,3,3,3.0,4.0,0.08738291174186522,0.09355946462680415,-0.0061765528849389295
dAGO,orthosteric_contact_union,3,4,4.0,5.0,0.07057212940329126,0.07495097964655706,-0.0043788502432658
dAGO,orthosteric_contact_union,3,5,5.0,6.0,0.0992175936152687,0.08209195447994502,0.01712563913532368
dAGO,orthosteric_contact_union,3,6,6.0,7.0,0.07854754685900057,0.0734873249632244,0.005060221895776179
dAGO,orthosteric_contact_union,3,7,7.0,8.0,0.07514822780795107,0.07430309416824929,0.0008451336397017756
dAGO,orthosteric_contact_union,3,8,8.0,9.0,0.09101393267543378,0.08735237315818954,0.0036615595172442422
dAGO,orthosteric_contact_union,3,9,9.0,10.0,0.09484964700356345,0.10208975557222674,-0.007240108568663292
dAGO,orthosteric_contact_union,3,10,10.0,11.0,0.07528432108119966,0.07627536933116763,-0.0009910482499679713
dAGO,orthosteric_contact_union,3,11,11.0,12.0,0.09340026304582759,0.08475766468717104,0.00864259835865655
dAGO,orthosteric_contact_union,3,12,12.0,13.0,0.08174489503837998,0.0916462385057934,-0.00990134346741342
dAGO,orthosteric_contact_union,3,13,13.0,14.0,0.08036948561987521,0.06896052326415315,0.011408962355722058
dAGO,orthosteric_contact_union,3,14,14.0,15.0,0.0766925895150925,0.0743754078918092,0.0023171816232833015
dAGO,orthosteric_contact_union,3,15,15.0,16.0,0.07796478550865783,0.07392320107653834,0.004041584432119494
dAGO,orthosteric_contact_union,3,16,16.0,17.0,0.07050893284612622,0.09184706897548414,-0.02133813612935792
dAGO,orthosteric_contact_union,3,17,17.0,18.0,0.07392808191476065,0.07201381156941189,0.0019142703453487592
dAGO,orthosteric_contact_union,3,18,18.0,19.0,0.08313610909561839,0.0906933963739802,-0.007557287278361816
dAGO,orthosteric_contact_union,3,19,19.0,20.0,0.07226239638835807,0.08450755959743567,-0.012245163209077592
dAGO,orthosteric_contact_union,3,20,20.0,21.0,0.08055422658345,0.10020119686804113,-0.019646970284591128
dAGO,orthosteric_contact_union,3,21,21.0,22.0,0.0828241684571411,0.07785726547894563,0.004966902978195478
dAGO,orthosteric_contact_union,3,22,22.0,23.0,0.10687056099114313,0.08444092455014969,0.02242963644099344
dAGO,orthosteric_contact_union,3,23,23.0,24.0,0.09014018141768478,0.0817090735435126,0.008431107874172172
dAGO,orthosteric_contact_union,3,24,24.0,25.0,0.08293568104352389,0.07184118483823365,0.011094496205290238
dAGO,orthosteric_contact_union,3,25,25.0,26.0,0.07001089887939767,0.08550035301302618,-0.01548945413362851
dAGO,orthosteric_contact_union,3,26,26.0,27.0,0.07682297927937898,0.09724598626396935,-0.020423006984590375
dAGO,orthosteric_contact_union,3,27,27.0,28.0,0.0751730121592726,0.10082450601868262,-0.025651493859410013
dAGO,orthosteric_contact_union,3,28,28.0,29.0,0.09408741163129736,0.10550198119570875,-0.011414569564411392
dAGO,orthosteric_contact_union,3,29,29.0,30.0,0.11106738381156167,0.0737006293542813,0.03736675445728037
dAGO,orthosteric_contact_union,3,30,30.0,31.0,0.09804672904460005,0.10339390620778958,-0.00534717716318954
dAGO,orthosteric_contact_union,3,31,31.0,32.0,0.09211272775005361,0.09420360492691979,-0.0020908771768661794
dAGO,orthosteric_contact_union,3,32,32.0,33.0,0.09413552483549294,0.09250394344028051,0.0016315813952124253
dAGO,orthosteric_contact_union,3,33,33.0,34.0,0.07064886708386806,0.10526940627114793,-0.03462053918727988
dAGO,orthosteric_contact_union,3,34,34.0,35.0,0.09106154779891722,0.10269693299434698,-0.011635385195429768
dAGO,orthosteric_contact_union,3,35,35.0,36.0,0.08153129457751619,0.10055778271195918,-0.019026488134442993
dAGO,orthosteric_contact_union,3,36,36.0,37.0,0.0764874897288505,0.10469440410468443,-0.028206914375833933
dAGO,orthosteric_contact_union,3,37,37.0,38.0,0.07371324224252553,0.10073341497366563,-0.027020172731140102
dAGO,orthosteric_contact_union,3,38,38.0,39.0,0.09283184459396353,0.11181735054660973,-0.018985505952646198
dAGO,orthosteric_contact_union,3,39,39.0,40.0,0.07301756232107043,0.09433455274672782,-0.021316990425657392
dAGO,orthosteric_contact_union,3,40,40.0,41.0,0.08015175723319858,0.10164671822989312,-0.02149496099669454
dAGO,orthosteric_contact_union,3,41,41.0,42.0,0.06516802884276615,0.07921780486438044,-0.014049776021614294
dAGO,orthosteric_contact_union,3,42,42.0,43.0,0.07335532760169494,0.07685139308205187,-0.0034960654803569274
dAGO,orthosteric_contact_union,3,43,43.0,44.0,0.07799591123879655,0.08117548048907199,-0.0031795692502754325
dAGO,orthosteric_contact_union,3,44,44.0,45.0,0.06107690630543683,0.09179425609804726,-0.030717349792610427
dAGO,orthosteric_contact_union,3,45,45.0,46.0,0.06934458840732095,0.09714398470555079,-0.027799396298229834
dAGO,orthosteric_contact_union,3,46,46.0,47.0,0.11050821828953117,0.12177003097101873,-0.011261812681487557
dAGO,orthosteric_contact_union,3,47,47.0,48.0,0.07366494935809959,0.0799299777759046,-0.006265028417805019
dAGO,orthosteric_contact_union,3,48,48.0,49.0,0.06284892392610814,0.06814507896428765,-0.005296155038179512
dAGO,orthosteric_contact_union,3,49,49.0,50.0,0.0656528466060856,0.08958932677009826,-0.02393648016401266
dAGO,pam_contact_consensus,1,0,0.0,1.0,0.10747012481097731,0.06464362687543543,0.042826497935541885
dAGO,pam_contact_consensus,1,1,1.0,2.0,0.10146855943500806,0.05146231144955693,0.05000624798545113
dAGO,pam_contact_consensus,1,2,2.0,3.0,0.0838447943243862,0.06699436872843266,0.01685042559595354
dAGO,pam_contact_consensus,1,3,3.0,4.0,0.11186003843296338,0.08110539827345241,0.030754640159510974
dAGO,pam_contact_consensus,1,4,4.0,5.0,0.09622413511950949,0.10511743973418171,-0.00889330461467222
dAGO,pam_contact_consensus,1,5,5.0,6.0,0.0965072437919658,0.09701399943304546,-0.0005067556410796592
dAGO,pam_contact_consensus,1,6,6.0,7.0,0.08638325169497603,0.09210828648474678,-0.005725034789770753
dAGO,pam_contact_consensus,1,7,7.0,8.0,0.0953946309452327,0.11382152925448609,-0.018426898309253384
dAGO,pam_contact_consensus,1,8,8.0,9.0,0.10364527512188722,0.0936669872887847,0.00997828783310252
dAGO,pam_contact_consensus,1,9,9.0,10.0,0.0972495215840355,0.10110152242719492,-0.0038520008431594116
dAGO,pam_contact_consensus,1,10,10.0,11.0,0.11412207720778393,0.10065066243609354,0.013471414771690393
dAGO,pam_contact_consensus,1,11,11.0,12.0,0.11786439789591979,0.09786947094668284,0.01999492694923695
dAGO,pam_contact_consensus,1,12,12.0,13.0,0.08980340395604132,0.08416218367913239,0.005641220276908929
dAGO,pam_contact_consensus,1,13,13.0,14.0,0.08997835149589291,0.09890554204583979,-0.008927190549946881
dAGO,pam_contact_consensus,1,14,14.0,15.0,0.1059557032078608,0.08735173094654869,0.018603972261312107
dAGO,pam_contact_consensus,1,15,15.0,16.0,0.12162796704574952,0.06986399492743817,0.05176397211831135
dAGO,pam_contact_consensus,1,16,16.0,17.0,0.09530909812416143,0.08038355530296457,0.01492554282119686
dAGO,pam_contact_consensus,1,17,17.0,18.0,0.08904220298285334,0.0983582702960955,-0.009316067313242166
dAGO,pam_contact_consensus,1,18,18.0,19.0,0.08279737554496905,0.10481304536985,-0.022015669824880957
dAGO,pam_contact_consensus,1,19,19.0,20.0,0.08395985366348084,0.09190859436654836,-0.007948740703067517
dAGO,pam_contact_consensus,1,20,20.0,21.0,0.0928242152232562,0.08814372706912128,0.004680488154134924
dAGO,pam_contact_consensus,1,21,21.0,22.0,0.11435286854114993,0.07818807750332733,0.036164791037822594
dAGO,pam_contact_consensus,1,22,22.0,23.0,0.09891672558346311,0.07071961206288832,0.028197113520574787
dAGO,pam_contact_consensus,1,23,23.0,24.0,0.09551774605497115,0.08757690221860294,0.007940843836368214
dAGO,pam_contact_consensus,1,24,24.0,25.0,0.10456122252394963,0.08347904465356985,0.021082177870379776
dAGO,pam_contact_consensus,1,25,25.0,26.0,0.0942695015970885,0.105174344390496,-0.010904842793407504
dAGO,pam_contact_consensus,1,26,26.0,27.0,0.07324899045861596,0.07713503164040053,-0.0038860411817845664
dAGO,pam_contact_consensus,1,27,27.0,28.0,0.08392728100410769,0.11122696840173449,-0.027299687397626796
dAGO,pam_contact_consensus,1,28,28.0,29.0,0.0865478667630937,0.08751006972424397,-0.0009622029611502658
dAGO,pam_contact_consensus,1,29,29.0,30.0,0.08322417897838238,0.09605811434931509,-0.012833935370932706
dAGO,pam_contact_consensus,1,30,30.0,31.0,0.09747156375265133,0.0679577368802468,0.02951382687240453
dAGO,pam_contact_consensus,1,31,31.0,32.0,0.0860707688997636,0.07881209950460831,0.007258669395155293
dAGO,pam_contact_consensus,1,32,32.0,33.0,0.08181212889356161,0.08478775960645328,-0.0029756307128916692
dAGO,pam_contact_consensus,1,33,33.0,34.0,0.08169155014224924,0.09813973420391932,-0.016448184061670076
dAGO,pam_contact_consensus,1,34,34.0,35.0,0.06995134020533249,0.07472744500979565,-0.004776104804463166
dAGO,pam_contact_consensus,1,35,35.0,36.0,0.07266238168572779,0.10556159194967378,-0.03289921026394599
dAGO,pam_contact_consensus,1,36,36.0,37.0,0.0709312834419623,0.11718707263731812,-0.04625578919535582
dAGO,pam_contact_consensus,1,37,37.0,38.0,0.11183200072482864,0.1293973062780549,-0.01756530555322626
dAGO,pam_contact_consensus,1,38,38.0,39.0,0.074413193811057,0.1048501328296775,-0.030436939018620504
dAGO,pam_contact_consensus,1,39,39.0,40.0,0.06969098358331623,0.09258732609385065,-0.02289634251053442
dAGO,pam_contact_consensus,1,40,40.0,41.0,0.0935987278237899,0.10268224142092176,-0.00908351359713186
dAGO,pam_contact_consensus,1,41,41.0,42.0,0.09882516956062316,0.09328901980709635,0.0055361497535268145
dAGO,pam_contact_consensus,1,42,42.0,43.0,0.10733696055326945,0.09749792508963873,0.009839035463630727
dAGO,pam_contact_consensus,1,43,43.0,44.0,0.10217735479879593,0.09861835186434792,0.0035590029344480106
dAGO,pam_contact_consensus,1,44,44.0,45.0,0.09429790897755196,0.10922779587476342,-0.014929886897211461
dAGO,pam_contact_consensus,1,45,45.0,46.0,0.08578891554846424,0.10725817217422584,-0.0214692566257616
dAGO,pam_contact_consensus,1,46,46.0,47.0,0.09057699379696191,0.0938591106671368,-0.003282116870174892
dAGO,pam_contact_consensus,1,47,47.0,48.0,0.09627063597394452,0.11588240341553106,-0.019611767441586547
dAGO,pam_contact_consensus,1,48,48.0,49.0,0.08369374417028738,0.1126971248328552,-0.029003380662567815
dAGO,pam_contact_consensus,1,49,49.0,50.0,0.07532561944992086,0.09008225732474474,-0.014756637874823883
dAGO,pam_contact_consensus,2,0,0.0,1.0,0.08440159701503311,0.04858995845675203,0.03581163855828108
dAGO,pam_contact_consensus,2,1,1.0,2.0,0.10653068837433204,0.09194154032768896,0.014589148046643075
dAGO,pam_contact_consensus,2,2,2.0,3.0,0.10525205723891524,0.0678345519682761,0.03741750527063914
dAGO,pam_contact_consensus,2,3,3.0,4.0,0.10922218327741315,0.08460685966060329,0.02461532361680986
dAGO,pam_contact_consensus,2,4,4.0,5.0,0.09633888037871427,0.06889316110089214,0.027445719277822134
dAGO,pam_contact_consensus,2,5,5.0,6.0,0.10552138151480214,0.06649442786050541,0.03902695365429673
dAGO,pam_contact_consensus,2,6,6.0,7.0,0.09494507078088309,0.07302356456557371,0.021921506215309375
dAGO,pam_contact_consensus,2,7,7.0,8.0,0.09680479582192966,0.10077510349087769,-0.003970307668948028
dAGO,pam_contact_consensus,2,8,8.0,9.0,0.14040729551881898,0.08750064240015475,0.05290665311866423
dAGO,pam_contact_consensus,2,9,9.0,10.0,0.14822098990117133,0.0931638028161738,0.05505718708499753
dAGO,pam_contact_consensus,2,10,10.0,11.0,0.1222451021346645,0.08556819656822924,0.036676905566435256
dAGO,pam_contact_consensus,2,11,11.0,12.0,0.11554473541314712,0.07930060412613837,0.03624413128700875
dAGO,pam_contact_consensus,2,12,12.0,13.0,0.11566136934531136,0.08135529560086188,0.03430607374444948
dAGO,pam_contact_consensus,2,13,13.0,14.0,0.1072353501072406,0.09709641802735902,0.010138932079881577
dAGO,pam_contact_consensus,2,14,14.0,15.0,0.1101192716274061,0.09511832062232775,0.015000951005078353
dAGO,pam_contact_consensus,2,15,15.0,16.0,0.10047176878174123,0.10791755138020526,-0.007445782598464026
dAGO,pam_contact_consensus,2,16,16.0,17.0,0.08949594028489226,0.09785448187274341,-0.008358541587851154
dAGO,pam_contact_consensus,2,17,17.0,18.0,0.11894043947453231,0.09626772669179919,0.022672712782733126
dAGO,pam_contact_consensus,2,18,18.0,19.0,0.13158681567317146,0.09223477739639309,0.03935203827677837
dAGO,pam_contact_consensus,2,19,19.0,20.0,0.12248655616657003,0.08075802661795918,0.04172852954861085
dAGO,pam_contact_consensus,2,20,20.0,21.0,0.11107410047056138,0.09065782093401116,0.020416279536550216
dAGO,pam_contact_consensus,2,21,21.0,22.0,0.13403566641237724,0.07941796627165906,0.05461770014071818
dAGO,pam_contact_consensus,2,22,22.0,23.0,0.10275695369080134,0.09043009067972488,0.012326863011076467
dAGO,pam_contact_consensus,2,23,23.0,24.0,0.10419352456708102,0.08357778179566978,0.020615742771411233
dAGO,pam_contact_consensus,2,24,24.0,25.0,0.1556675951860224,0.07786076728599149,0.07780682790003092
dAGO,pam_contact_consensus,2,25,25.0,26.0,0.12035712617268583,0.08856119700743245,0.03179592916525338
dAGO,pam_contact_consensus,2,26,26.0,27.0,0.1321311614336995,0.07682904772349756,0.055302113710201925
dAGO,pam_contact_consensus,2,27,27.0,28.0,0.09628253919988446,0.08259425992465184,0.013688279275232612
dAGO,pam_contact_consensus,2,28,28.0,29.0,0.11640618582616753,0.07477484611017461,0.04163133971599292
dAGO,pam_contact_consensus,2,29,29.0,30.0,0.10485474774712365,0.08494453420049906,0.01991021354662459
dAGO,pam_contact_consensus,2,30,30.0,31.0,0.09188466347392409,0.10475589984095604,-0.012871236367031955
dAGO,pam_contact_consensus,2,31,31.0,32.0,0.10115994721975081,0.10209331404746534,-0.0009333668277145268
dAGO,pam_contact_consensus,2,32,32.0,33.0,0.08506120201765882,0.09940727669236421,-0.014346074674705389
dAGO,pam_contact_consensus,2,33,33.0,34.0,0.08379893732758567,0.10058161956713277,-0.016782682239547098
dAGO,pam_contact_consensus,2,34,34.0,35.0,0.08836509280509985,0.10056616891972954,-0.012201076114629686
dAGO,pam_contact_consensus,2,35,35.0,36.0,0.12506322659679425,0.08778919305564194,0.037274033541152315
dAGO,pam_contact_consensus,2,36,36.0,37.0,0.09220347657582917,0.08360850983512627,0.008594966740702897
dAGO,pam_contact_consensus,2,37,37.0,38.0,0.10890244406998922,0.09271389228775385,0.01618855178223537
dAGO,pam_contact_consensus,2,38,38.0,39.0,0.1321340943218324,0.09616508044326076,0.03596901387857164
dAGO,pam_contact_consensus,2,39,39.0,40.0,0.12197830857093091,0.10449184405160866,0.017486464519322245
dAGO,pam_contact_consensus,2,40,40.0,41.0,0.13763457902593892,0.10098643665411192,0.03664814237182701
dAGO,pam_contact_consensus,2,41,41.0,42.0,0.12935702112894235,0.09998543313741101,0.029371587991531334
dAGO,pam_contact_consensus,2,42,42.0,43.0,0.13288878152834563,0.09333965423445915,0.039549127293886474
dAGO,pam_contact_consensus,2,43,43.0,44.0,0.11727466109960749,0.10731778134376586,0.009956879755841627
dAGO,pam_contact_consensus,2,44,44.0,45.0,0.12470586031824453,0.09870151573397311,0.02600434458427142
dAGO,pam_contact_consensus,2,45,45.0,46.0,0.11377369457535,0.0885325408753289,0.0252411537000211
dAGO,pam_contact_consensus,2,46,46.0,47.0,0.13257142450458573,0.07142350600964248,0.06114791849494325
dAGO,pam_contact_consensus,2,47,47.0,48.0,0.14872666115233105,0.0950418781328413,0.05368478301948974
dAGO,pam_contact_consensus,2,48,48.0,49.0,0.12438264636678248,0.09802961473041505,0.02635303163636743
dAGO,pam_contact_consensus,2,49,49.0,50.0,0.0903894991326235,0.12534971777129963,-0.03496021863867614
dAGO,pam_contact_consensus,3,0,0.0,1.0,0.08070315452508608,0.08273904676677059,-0.0020358922416845032
dAGO,pam_contact_consensus,3,1,1.0,2.0,0.10613377091670528,0.08835149696255856,0.01778227395414672
dAGO,pam_contact_consensus,3,2,2.0,3.0,0.13696915041811128,0.09077045620241288,0.0461986942156984
dAGO,pam_contact_consensus,3,3,3.0,4.0,0.1596134574825913,0.09355946462680415,0.06605399285578714
dAGO,pam_contact_consensus,3,4,4.0,5.0,0.14824156886083037,0.07495097964655706,0.07329058921427331
dAGO,pam_contact_consensus,3,5,5.0,6.0,0.10703497889892377,0.08209195447994502,0.02494302441897875
dAGO,pam_contact_consensus,3,6,6.0,7.0,0.11738923578833203,0.0734873249632244,0.04390191082510764
dAGO,pam_contact_consensus,3,7,7.0,8.0,0.1191043884677545,0.07430309416824929,0.044801294299505204
dAGO,pam_contact_consensus,3,8,8.0,9.0,0.10608459595314587,0.08735237315818954,0.01873222279495633
dAGO,pam_contact_consensus,3,9,9.0,10.0,0.105778884531138,0.10208975557222674,0.003689128958911256
dAGO,pam_contact_consensus,3,10,10.0,11.0,0.11597355165819423,0.07627536933116763,0.0396981823270266
dAGO,pam_contact_consensus,3,11,11.0,12.0,0.1255602619290803,0.08475766468717104,0.04080259724190925
dAGO,pam_contact_consensus,3,12,12.0,13.0,0.13473175958020842,0.0916462385057934,0.04308552107441502
dAGO,pam_contact_consensus,3,13,13.0,14.0,0.1348740278687917,0.06896052326415315,0.06591350460463856
dAGO,pam_contact_consensus,3,14,14.0,15.0,0.10706436242794118,0.0743754078918092,0.03268895453613198
dAGO,pam_contact_consensus,3,15,15.0,16.0,0.10280844869365727,0.07392320107653834,0.028885247617118928
dAGO,pam_contact_consensus,3,16,16.0,17.0,0.10104155796967654,0.09184706897548414,0.009194488994192396
dAGO,pam_contact_consensus,3,17,17.0,18.0,0.11943071894888056,0.07201381156941189,0.04741690737946867
dAGO,pam_contact_consensus,3,18,18.0,19.0,0.11546031288236525,0.0906933963739802,0.024766916508385042
dAGO,pam_contact_consensus,3,19,19.0,20.0,0.13206539661060335,0.08450755959743567,0.04755783701316768
dAGO,pam_contact_consensus,3,20,20.0,21.0,0.11572409097723889,0.10020119686804113,0.015522894109197757
dAGO,pam_contact_consensus,3,21,21.0,22.0,0.10804394999382678,0.07785726547894563,0.030186684514881157
dAGO,pam_contact_consensus,3,22,22.0,23.0,0.11538203010339748,0.08444092455014969,0.03094110555324779
dAGO,pam_contact_consensus,3,23,23.0,24.0,0.12174011070780186,0.0817090735435126,0.040031037164289254
dAGO,pam_contact_consensus,3,24,24.0,25.0,0.10586387363410707,0.07184118483823365,0.03402268879587342
dAGO,pam_contact_consensus,3,25,25.0,26.0,0.1167896266157656,0.08550035301302618,0.03128927360273942
dAGO,pam_contact_consensus,3,26,26.0,27.0,0.12939928440487372,0.09724598626396935,0.03215329814090437
dAGO,pam_contact_consensus,3,27,27.0,28.0,0.11490729997801588,0.10082450601868262,0.014082793959333262
dAGO,pam_contact_consensus,3,28,28.0,29.0,0.12356937991696183,0.10550198119570875,0.018067398721253083
dAGO,pam_contact_consensus,3,29,29.0,30.0,0.11754962381808967,0.0737006293542813,0.04384899446380837
dAGO,pam_contact_consensus,3,30,30.0,31.0,0.11315517715299689,0.10339390620778958,0.009761270945207304
dAGO,pam_contact_consensus,3,31,31.0,32.0,0.1032275471651435,0.09420360492691979,0.009023942238223712
dAGO,pam_contact_consensus,3,32,32.0,33.0,0.09332327906152749,0.09250394344028051,0.0008193356212469749
dAGO,pam_contact_consensus,3,33,33.0,34.0,0.11985622464305627,0.10526940627114793,0.014586818371908339
dAGO,pam_contact_consensus,3,34,34.0,35.0,0.10763001432396681,0.10269693299434698,0.004933081329619823
dAGO,pam_contact_consensus,3,35,35.0,36.0,0.10359912932515038,0.10055778271195918,0.0030413466131911926
dAGO,pam_contact_consensus,3,36,36.0,37.0,0.10955114493384813,0.10469440410468443,0.004856740829163694
dAGO,pam_contact_consensus,3,37,37.0,38.0,0.09908955961966213,0.10073341497366563,-0.0016438553540034928
dAGO,pam_contact_consensus,3,38,38.0,39.0,0.0970364650712087,0.11181735054660973,-0.014780885475401032
dAGO,pam_contact_consensus,3,39,39.0,40.0,0.13211067915853866,0.09433455274672782,0.03777612641181084
dAGO,pam_contact_consensus,3,40,40.0,41.0,0.10472927687881822,0.10164671822989312,0.0030825586489251072
dAGO,pam_contact_consensus,3,41,41.0,42.0,0.0870178489181482,0.07921780486438044,0.00780004405376776
dAGO,pam_contact_consensus,3,42,42.0,43.0,0.11280990581759395,0.07685139308205187,0.035958512735542084
dAGO,pam_contact_consensus,3,43,43.0,44.0,0.1419246902363288,0.08117548048907199,0.060749209747256824
dAGO,pam_contact_consensus,3,44,44.0,45.0,0.1364372938626819,0.09179425609804726,0.04464303776463466
dAGO,pam_contact_consensus,3,45,45.0,46.0,0.12335363323635787,0.09714398470555079,0.02620964853080708
dAGO,pam_contact_consensus,3,46,46.0,47.0,0.09823074188145171,0.12177003097101873,-0.02353928908956701
dAGO,pam_contact_consensus,3,47,47.0,48.0,0.09371424535377697,0.0799299777759046,0.013784267577872364
dAGO,pam_contact_consensus,3,48,48.0,49.0,0.10056482181240363,0.06814507896428765,0.03241974284811598
dAGO,pam_contact_consensus,3,49,49.0,50.0,0.10799313429363233,0.08958932677009826,0.01840380752353407
dAGO,pam_contact_union,1,0,0.0,1.0,0.09597592187542757,0.06464362687543543,0.03133229499999214
dAGO,pam_contact_union,1,1,1.0,2.0,0.09005112627669203,0.05146231144955693,0.038588814827135096
dAGO,pam_contact_union,1,2,2.0,3.0,0.067797610945137,0.06699436872843266,0.0008032422167043446
dAGO,pam_contact_union,1,3,3.0,4.0,0.09510029384494618,0.08110539827345241,0.013994895571493776
dAGO,pam_contact_union,1,4,4.0,5.0,0.08834511234455249,0.10511743973418171,-0.01677232738962922
dAGO,pam_contact_union,1,5,5.0,6.0,0.09237061881268246,0.09701399943304546,-0.004643380620363
dAGO,pam_contact_union,1,6,6.0,7.0,0.09204076593457168,0.09210828648474678,-6.752055017510139e-05
dAGO,pam_contact_union,1,7,7.0,8.0,0.10030589183381515,0.11382152925448609,-0.01351563742067094
dAGO,pam_contact_union,1,8,8.0,9.0,0.10164888131784511,0.0936669872887847,0.00798189402906041
dAGO,pam_contact_union,1,9,9.0,10.0,0.10458790999436528,0.10110152242719492,0.00348638756717036
dAGO,pam_contact_union,1,10,10.0,11.0,0.1083565804873397,0.10065066243609354,0.007705918051246166
dAGO,pam_contact_union,1,11,11.0,12.0,0.09826758799634934,0.09786947094668284,0.0003981170496664965
dAGO,pam_contact_union,1,12,12.0,13.0,0.07674825954764862,0.08416218367913239,-0.007413924131483771
dAGO,pam_contact_union,1,13,13.0,14.0,0.08196560682768608,0.09890554204583979,-0.016939935218153707
dAGO,pam_contact_union,1,14,14.0,15.0,0.08922285722763507,0.08735173094654869,0.0018711262810863771
dAGO,pam_contact_union,1,15,15.0,16.0,0.09978338300826159,0.06986399492743817,0.029919388080823422
dAGO,pam_contact_union,1,16,16.0,17.0,0.08262626993963196,0.08038355530296457,0.0022427146366673922
dAGO,pam_contact_union,1,17,17.0,18.0,0.07807698822932758,0.0983582702960955,-0.020281282066767922
dAGO,pam_contact_union,1,18,18.0,19.0,0.08061852578162866,0.10481304536985,-0.024194519588221344
dAGO,pam_contact_union,1,19,19.0,20.0,0.08316502431777315,0.09190859436654836,-0.008743570048775212
dAGO,pam_contact_union,1,20,20.0,21.0,0.08050055646460592,0.08814372706912128,-0.007643170604515359
dAGO,pam_contact_union,1,21,21.0,22.0,0.1013491677209154,0.07818807750332733,0.023161090217588068
dAGO,pam_contact_union,1,22,22.0,23.0,0.10232858041216321,0.07071961206288832,0.03160896834927489
dAGO,pam_contact_union,1,23,23.0,24.0,0.09007342962000796,0.08757690221860294,0.0024965274014050187
dAGO,pam_contact_union,1,24,24.0,25.0,0.08551781753306674,0.08347904465356985,0.0020387728794968862
dAGO,pam_contact_union,1,25,25.0,26.0,0.09104612563229908,0.105174344390496,-0.01412821875819692
dAGO,pam_contact_union,1,26,26.0,27.0,0.06473352234582735,0.07713503164040053,-0.012401509294573176
dAGO,pam_contact_union,1,27,27.0,28.0,0.08521318391667776,0.11122696840173449,-0.02601378448505673
dAGO,pam_contact_union,1,28,28.0,29.0,0.08738149047114954,0.08751006972424397,-0.00012857925309442408
dAGO,pam_contact_union,1,29,29.0,30.0,0.0756214215445212,0.09605811434931509,-0.02043669280479389
dAGO,pam_contact_union,1,30,30.0,31.0,0.08306858968364916,0.0679577368802468,0.015110852803402366
dAGO,pam_contact_union,1,31,31.0,32.0,0.08439578622404328,0.07881209950460831,0.005583686719434974
dAGO,pam_contact_union,1,32,32.0,33.0,0.07437293855762979,0.08478775960645328,-0.010414821048823492
dAGO,pam_contact_union,1,33,33.0,34.0,0.07279151551922611,0.09813973420391932,-0.02534821868469321
dAGO,pam_contact_union,1,34,34.0,35.0,0.05582354906362839,0.07472744500979565,-0.018903895946167266
dAGO,pam_contact_union,1,35,35.0,36.0,0.06157035074023147,0.10556159194967378,-0.04399124120944231
dAGO,pam_contact_union,1,36,36.0,37.0,0.06215924119303241,0.11718707263731812,-0.055027831444285705
dAGO,pam_contact_union,1,37,37.0,38.0,0.09405565094920655,0.1293973062780549,-0.03534165532884835
dAGO,pam_contact_union,1,38,38.0,39.0,0.05633248008151857,0.1048501328296775,-0.04851765274815894
dAGO,pam_contact_union,1,39,39.0,40.0,0.05427576487548568,0.09258732609385065,-0.038311561218364966
dAGO,pam_contact_union,1,40,40.0,41.0,0.07492712437900119,0.10268224142092176,-0.027755117041920574
dAGO,pam_contact_union,1,41,41.0,42.0,0.08133083797246024,0.09328901980709635,-0.011958181834636109
dAGO,pam_contact_union,1,42,42.0,43.0,0.08336344019916009,0.09749792508963873,-0.014134484890478638
dAGO,pam_contact_union,1,43,43.0,44.0,0.08289772680526297,0.09861835186434792,-0.015720625059084947
dAGO,pam_contact_union,1,44,44.0,45.0,0.07518916054487934,0.10922779587476342,-0.034038635329884076
dAGO,pam_contact_union,1,45,45.0,46.0,0.07052527190829487,0.10725817217422584,-0.03673290026593097
dAGO,pam_contact_union,1,46,46.0,47.0,0.06926998297681583,0.0938591106671368,-0.02458912769032097
dAGO,pam_contact_union,1,47,47.0,48.0,0.06985007350149522,0.11588240341553106,-0.046032329914035844
dAGO,pam_contact_union,1,48,48.0,49.0,0.06737356337377184,0.1126971248328552,-0.04532356145908335
dAGO,pam_contact_union,1,49,49.0,50.0,0.059681296006204344,0.09008225732474474,-0.0304009613185404
dAGO,pam_contact_union,2,0,0.0,1.0,0.07113758297752858,0.04858995845675203,0.02254762452077655
dAGO,pam_contact_union,2,1,1.0,2.0,0.09149715221422686,0.09194154032768896,-0.0004443881134621047
dAGO,pam_contact_union,2,2,2.0,3.0,0.08743382810922307,0.0678345519682761,0.01959927614094696
dAGO,pam_contact_union,2,3,3.0,4.0,0.0936978520746403,0.08460685966060329,0.009090992414037019
dAGO,pam_contact_union,2,4,4.0,5.0,0.08260973405114985,0.06889316110089214,0.013716572950257716
dAGO,pam_contact_union,2,5,5.0,6.0,0.09225043759025561,0.06649442786050541,0.0257560097297502
dAGO,pam_contact_union,2,6,6.0,7.0,0.08098806287466487,0.07302356456557371,0.007964498309091156
dAGO,pam_contact_union,2,7,7.0,8.0,0.07797318034252616,0.10077510349087769,-0.022801923148351527
dAGO,pam_contact_union,2,8,8.0,9.0,0.1106657797299251,0.08750064240015475,0.023165137329770352
dAGO,pam_contact_union,2,9,9.0,10.0,0.12105036546519085,0.0931638028161738,0.027886562649017052
dAGO,pam_contact_union,2,10,10.0,11.0,0.09336888553568617,0.08556819656822924,0.007800688967456934
dAGO,pam_contact_union,2,11,11.0,12.0,0.09107798376532687,0.07930060412613837,0.011777379639188498
dAGO,pam_contact_union,2,12,12.0,13.0,0.09353151501269907,0.08135529560086188,0.012176219411837191
dAGO,pam_contact_union,2,13,13.0,14.0,0.0886497979003883,0.09709641802735902,-0.008446620126970728
dAGO,pam_contact_union,2,14,14.0,15.0,0.10143965788010961,0.09511832062232775,0.006321337257781862
dAGO,pam_contact_union,2,15,15.0,16.0,0.09164255514049231,0.10791755138020526,-0.016274996239712944
dAGO,pam_contact_union,2,16,16.0,17.0,0.09391922498528406,0.09785448187274341,-0.003935256887459354
dAGO,pam_contact_union,2,17,17.0,18.0,0.08715522328007286,0.09626772669179919,-0.009112503411726328
dAGO,pam_contact_union,2,18,18.0,19.0,0.11602348764185169,0.09223477739639309,0.023788710245458602
dAGO,pam_contact_union,2,19,19.0,20.0,0.10553836905351303,0.08075802661795918,0.024780342435553854
dAGO,pam_contact_union,2,20,20.0,21.0,0.0918491872857938,0.09065782093401116,0.001191366351782644
dAGO,pam_contact_union,2,21,21.0,22.0,0.11167071545148557,0.07941796627165906,0.03225274917982651
dAGO,pam_contact_union,2,22,22.0,23.0,0.10778795200881465,0.09043009067972488,0.01735786132908977
dAGO,pam_contact_union,2,23,23.0,24.0,0.09259173049912076,0.08357778179566978,0.009013948703450972
dAGO,pam_contact_union,2,24,24.0,25.0,0.1297640916873589,0.07786076728599149,0.0519033244013674
dAGO,pam_contact_union,2,25,25.0,26.0,0.10682096731991508,0.08856119700743245,0.01825977031248263
dAGO,pam_contact_union,2,26,26.0,27.0,0.11796582216213453,0.07682904772349756,0.04113677443863696
dAGO,pam_contact_union,2,27,27.0,28.0,0.08925627875594883,0.08259425992465184,0.006662018831296981
dAGO,pam_contact_union,2,28,28.0,29.0,0.10698808247064491,0.07477484611017461,0.0322132363604703
dAGO,pam_contact_union,2,29,29.0,30.0,0.09585614027290158,0.08494453420049906,0.010911606072402519
dAGO,pam_contact_union,2,30,30.0,31.0,0.08376421948171488,0.10475589984095604,-0.020991680359241163
dAGO,pam_contact_union,2,31,31.0,32.0,0.08783268236206515,0.10209331404746534,-0.01426063168540019
dAGO,pam_contact_union,2,32,32.0,33.0,0.08534886209690735,0.09940727669236421,-0.014058414595456856
dAGO,pam_contact_union,2,33,33.0,34.0,0.08909451346857132,0.10058161956713277,-0.011487106098561448
dAGO,pam_contact_union,2,34,34.0,35.0,0.0834915418792374,0.10056616891972954,-0.017074627040492146
dAGO,pam_contact_union,2,35,35.0,36.0,0.10754308734223327,0.08778919305564194,0.019753894286591328
dAGO,pam_contact_union,2,36,36.0,37.0,0.08369924532067737,0.08360850983512627,9.07354855510939e-05
dAGO,pam_contact_union,2,37,37.0,38.0,0.09079645014889436,0.09271389228775385,-0.0019174421388594987
dAGO,pam_contact_union,2,38,38.0,39.0,0.1168612999489373,0.09616508044326076,0.020696219505676544
dAGO,pam_contact_union,2,39,39.0,40.0,0.10800574205520143,0.10449184405160866,0.0035138980035927664
dAGO,pam_contact_union,2,40,40.0,41.0,0.11816600899467951,0.10098643665411192,0.017179572340567592
dAGO,pam_contact_union,2,41,41.0,42.0,0.10344565490912652,0.09998543313741101,0.0034602217717155104
dAGO,pam_contact_union,2,42,42.0,43.0,0.11196482640101801,0.09333965423445915,0.01862517216655886
dAGO,pam_contact_union,2,43,43.0,44.0,0.09614691953832846,0.10731778134376586,-0.011170861805437401
dAGO,pam_contact_union,2,44,44.0,45.0,0.1019344879368312,0.09870151573397311,0.003232972202858092
dAGO,pam_contact_union,2,45,45.0,46.0,0.0923455314203212,0.0885325408753289,0.0038129905449923035
dAGO,pam_contact_union,2,46,46.0,47.0,0.10904593651224145,0.07142350600964248,0.037622430502598975
dAGO,pam_contact_union,2,47,47.0,48.0,0.1355241289879794,0.0950418781328413,0.04048225085513808
dAGO,pam_contact_union,2,48,48.0,49.0,0.10401285047005916,0.09802961473041505,0.005983235739644113
dAGO,pam_contact_union,2,49,49.0,50.0,0.08114074886638604,0.12534971777129963,-0.04420896890491359
dAGO,pam_contact_union,3,0,0.0,1.0,0.06907573016781939,0.08273904676677059,-0.013663316598951203
dAGO,pam_contact_union,3,1,1.0,2.0,0.09399790979321117,0.08835149696255856,0.005646412830652606
dAGO,pam_contact_union,3,2,2.0,3.0,0.107227872998916,0.09077045620241288,0.016457416796503116
dAGO,pam_contact_union,3,3,3.0,4.0,0.12330712675049936,0.09355946462680415,0.029747662123695215
dAGO,pam_contact_union,3,4,4.0,5.0,0.12026148399090361,0.07495097964655706,0.04531050434434655
dAGO,pam_contact_union,3,5,5.0,6.0,0.09021059520253799,0.08209195447994502,0.008118640722592968
dAGO,pam_contact_union,3,6,6.0,7.0,0.09202258766336652,0.0734873249632244,0.01853526270014212
dAGO,pam_contact_union,3,7,7.0,8.0,0.09792121633187824,0.07430309416824929,0.02361812216362895
dAGO,pam_contact_union,3,8,8.0,9.0,0.08958081970942347,0.08735237315818954,0.0022284465512339285
dAGO,pam_contact_union,3,9,9.0,10.0,0.09018211907003193,0.10208975557222674,-0.011907636502194813
dAGO,pam_contact_union,3,10,10.0,11.0,0.09634400706423593,0.07627536933116763,0.0200686377330683
dAGO,pam_contact_union,3,11,11.0,12.0,0.10645902151438971,0.08475766468717104,0.021701356827218674
dAGO,pam_contact_union,3,12,12.0,13.0,0.11215353432577646,0.0916462385057934,0.020507295819983062
dAGO,pam_contact_union,3,13,13.0,14.0,0.10992855054225421,0.06896052326415315,0.04096802727810106
dAGO,pam_contact_union,3,14,14.0,15.0,0.09448527868770318,0.0743754078918092,0.020109870795893978
dAGO,pam_contact_union,3,15,15.0,16.0,0.09947249549713238,0.07392320107653834,0.025549294420594046
dAGO,pam_contact_union,3,16,16.0,17.0,0.09227640179795493,0.09184706897548414,0.0004293328224707904
dAGO,pam_contact_union,3,17,17.0,18.0,0.10119945159294194,0.07201381156941189,0.02918564002353005
dAGO,pam_contact_union,3,18,18.0,19.0,0.09762501220635005,0.0906933963739802,0.006931615832369842
dAGO,pam_contact_union,3,19,19.0,20.0,0.10768622904165076,0.08450755959743567,0.023178669444215094
dAGO,pam_contact_union,3,20,20.0,21.0,0.10058595100032908,0.10020119686804113,0.00038475413228794553
dAGO,pam_contact_union,3,21,21.0,22.0,0.09232849831799678,0.07785726547894563,0.014471232839051149
dAGO,pam_contact_union,3,22,22.0,23.0,0.09224221513826697,0.08444092455014969,0.0078012905881172795
dAGO,pam_contact_union,3,23,23.0,24.0,0.10731504703529014,0.0817090735435126,0.02560597349177754
dAGO,pam_contact_union,3,24,24.0,25.0,0.09397383411066636,0.07184118483823365,0.022132649272432706
dAGO,pam_contact_union,3,25,25.0,26.0,0.10178190508390902,0.08550035301302618,0.016281552070882846
dAGO,pam_contact_union,3,26,26.0,27.0,0.10459037053227004,0.09724598626396935,0.007344384268300683
dAGO,pam_contact_union,3,27,27.0,28.0,0.09657260085753437,0.10082450601868262,-0.004251905161148248
dAGO,pam_contact_union,3,28,28.0,29.0,0.10962912925050515,0.10550198119570875,0.004127148054796401
dAGO,pam_contact_union,3,29,29.0,30.0,0.09478495215892986,0.0737006293542813,0.02108432280464856
dAGO,pam_contact_union,3,30,30.0,31.0,0.09797852943276569,0.10339390620778958,-0.005415376775023892
dAGO,pam_contact_union,3,31,31.0,32.0,0.0855048096973042,0.09420360492691979,-0.008698795229615586
dAGO,pam_contact_union,3,32,32.0,33.0,0.08033004845327237,0.09250394344028051,-0.012173894987008146
dAGO,pam_contact_union,3,33,33.0,34.0,0.10406962022179134,0.10526940627114793,-0.0011997860493565965
dAGO,pam_contact_union,3,34,34.0,35.0,0.09286801520356164,0.10269693299434698,-0.009828917790785346
dAGO,pam_contact_union,3,35,35.0,36.0,0.0856790003107613,0.10055778271195918,-0.014878782401197888
dAGO,pam_contact_union,3,36,36.0,37.0,0.09178320775969734,0.10469440410468443,-0.012911196344987094
dAGO,pam_contact_union,3,37,37.0,38.0,0.07748531807269646,0.10073341497366563,-0.02324809690096917
dAGO,pam_contact_union,3,38,38.0,39.0,0.07925829297848543,0.11181735054660973,-0.0325590575681243
dAGO,pam_contact_union,3,39,39.0,40.0,0.10124848703619548,0.09433455274672782,0.006913934289467655
dAGO,pam_contact_union,3,40,40.0,41.0,0.08224675837056938,0.10164671822989312,-0.01939995985932373
dAGO,pam_contact_union,3,41,41.0,42.0,0.070730101783025,0.07921780486438044,-0.00848770308135545
dAGO,pam_contact_union,3,42,42.0,43.0,0.08751745245455034,0.07685139308205187,0.010666059372498468
dAGO,pam_contact_union,3,43,43.0,44.0,0.11787885366036481,0.08117548048907199,0.036703373171292825
dAGO,pam_contact_union,3,44,44.0,45.0,0.11636799971501133,0.09179425609804726,0.024573743616964072
dAGO,pam_contact_union,3,45,45.0,46.0,0.10600331382504549,0.09714398470555079,0.008859329119494705
dAGO,pam_contact_union,3,46,46.0,47.0,0.08643158638811821,0.12177003097101873,-0.035338444582900516
dAGO,pam_contact_union,3,47,47.0,48.0,0.08270715503422679,0.0799299777759046,0.0027771772583221888
dAGO,pam_contact_union,3,48,48.0,49.0,0.08293779523565556,0.06814507896428765,0.014792716271367912
dAGO,pam_contact_union,3,49,49.0,50.0,0.08635357193466796,0.08958932677009826,-0.0032357548354303017
dAGO,stable_core_control,1,0,0.0,1.0,0.06464362687543543,0.06464362687543543,0.0
dAGO,stable_core_control,1,1,1.0,2.0,0.05146231144955693,0.05146231144955693,0.0
dAGO,stable_core_control,1,2,2.0,3.0,0.06699436872843266,0.06699436872843266,0.0
dAGO,stable_core_control,1,3,3.0,4.0,0.08110539827345241,0.08110539827345241,0.0
dAGO,stable_core_control,1,4,4.0,5.0,0.10511743973418171,0.10511743973418171,0.0
dAGO,stable_core_control,1,5,5.0,6.0,0.09701399943304546,0.09701399943304546,0.0
dAGO,stable_core_control,1,6,6.0,7.0,0.09210828648474678,0.09210828648474678,0.0
dAGO,stable_core_control,1,7,7.0,8.0,0.11382152925448609,0.11382152925448609,0.0
dAGO,stable_core_control,1,8,8.0,9.0,0.0936669872887847,0.0936669872887847,0.0
dAGO,stable_core_control,1,9,9.0,10.0,0.10110152242719492,0.10110152242719492,0.0
dAGO,stable_core_control,1,10,10.0,11.0,0.10065066243609354,0.10065066243609354,0.0
dAGO,stable_core_control,1,11,11.0,12.0,0.09786947094668284,0.09786947094668284,0.0
dAGO,stable_core_control,1,12,12.0,13.0,0.08416218367913239,0.08416218367913239,0.0
dAGO,stable_core_control,1,13,13.0,14.0,0.09890554204583979,0.09890554204583979,0.0
dAGO,stable_core_control,1,14,14.0,15.0,0.08735173094654869,0.08735173094654869,0.0
dAGO,stable_core_control,1,15,15.0,16.0,0.06986399492743817,0.06986399492743817,0.0
dAGO,stable_core_control,1,16,16.0,17.0,0.08038355530296457,0.08038355530296457,0.0
dAGO,stable_core_control,1,17,17.0,18.0,0.0983582702960955,0.0983582702960955,0.0
dAGO,stable_core_control,1,18,18.0,19.0,0.10481304536985,0.10481304536985,0.0
dAGO,stable_core_control,1,19,19.0,20.0,0.09190859436654836,0.09190859436654836,0.0
dAGO,stable_core_control,1,20,20.0,21.0,0.08814372706912128,0.08814372706912128,0.0
dAGO,stable_core_control,1,21,21.0,22.0,0.07818807750332733,0.07818807750332733,0.0
dAGO,stable_core_control,1,22,22.0,23.0,0.07071961206288832,0.07071961206288832,0.0
dAGO,stable_core_control,1,23,23.0,24.0,0.08757690221860294,0.08757690221860294,0.0
dAGO,stable_core_control,1,24,24.0,25.0,0.08347904465356985,0.08347904465356985,0.0
dAGO,stable_core_control,1,25,25.0,26.0,0.105174344390496,0.105174344390496,0.0
dAGO,stable_core_control,1,26,26.0,27.0,0.07713503164040053,0.07713503164040053,0.0
dAGO,stable_core_control,1,27,27.0,28.0,0.11122696840173449,0.11122696840173449,0.0
dAGO,stable_core_control,1,28,28.0,29.0,0.08751006972424397,0.08751006972424397,0.0
dAGO,stable_core_control,1,29,29.0,30.0,0.09605811434931509,0.09605811434931509,0.0
dAGO,stable_core_control,1,30,30.0,31.0,0.0679577368802468,0.0679577368802468,0.0
dAGO,stable_core_control,1,31,31.0,32.0,0.07881209950460831,0.07881209950460831,0.0
dAGO,stable_core_control,1,32,32.0,33.0,0.08478775960645328,0.08478775960645328,0.0
dAGO,stable_core_control,1,33,33.0,34.0,0.09813973420391932,0.09813973420391932,0.0
dAGO,stable_core_control,1,34,34.0,35.0,0.07472744500979565,0.07472744500979565,0.0
dAGO,stable_core_control,1,35,35.0,36.0,0.10556159194967378,0.10556159194967378,0.0
dAGO,stable_core_control,1,36,36.0,37.0,0.11718707263731812,0.11718707263731812,0.0
dAGO,stable_core_control,1,37,37.0,38.0,0.1293973062780549,0.1293973062780549,0.0
dAGO,stable_core_control,1,38,38.0,39.0,0.1048501328296775,0.1048501328296775,0.0
dAGO,stable_core_control,1,39,39.0,40.0,0.09258732609385065,0.09258732609385065,0.0
dAGO,stable_core_control,1,40,40.0,41.0,0.10268224142092176,0.10268224142092176,0.0
dAGO,stable_core_control,1,41,41.0,42.0,0.09328901980709635,0.09328901980709635,0.0
dAGO,stable_core_control,1,42,42.0,43.0,0.09749792508963873,0.09749792508963873,0.0
dAGO,stable_core_control,1,43,43.0,44.0,0.09861835186434792,0.09861835186434792,0.0
dAGO,stable_core_control,1,44,44.0,45.0,0.10922779587476342,0.10922779587476342,0.0
dAGO,stable_core_control,1,45,45.0,46.0,0.10725817217422584,0.10725817217422584,0.0
dAGO,stable_core_control,1,46,46.0,47.0,0.0938591106671368,0.0938591106671368,0.0
dAGO,stable_core_control,1,47,47.0,48.0,0.11588240341553106,0.11588240341553106,0.0
dAGO,stable_core_control,1,48,48.0,49.0,0.1126971248328552,0.1126971248328552,0.0
dAGO,stable_core_control,1,49,49.0,50.0,0.09008225732474474,0.09008225732474474,0.0
dAGO,stable_core_control,2,0,0.0,1.0,0.04858995845675203,0.04858995845675203,0.0
dAGO,stable_core_control,2,1,1.0,2.0,0.09194154032768896,0.09194154032768896,0.0
dAGO,stable_core_control,2,2,2.0,3.0,0.0678345519682761,0.0678345519682761,0.0
dAGO,stable_core_control,2,3,3.0,4.0,0.08460685966060329,0.08460685966060329,0.0
dAGO,stable_core_control,2,4,4.0,5.0,0.06889316110089214,0.06889316110089214,0.0
dAGO,stable_core_control,2,5,5.0,6.0,0.06649442786050541,0.06649442786050541,0.0
dAGO,stable_core_control,2,6,6.0,7.0,0.07302356456557371,0.07302356456557371,0.0
dAGO,stable_core_control,2,7,7.0,8.0,0.10077510349087769,0.10077510349087769,0.0
dAGO,stable_core_control,2,8,8.0,9.0,0.08750064240015475,0.08750064240015475,0.0
dAGO,stable_core_control,2,9,9.0,10.0,0.0931638028161738,0.0931638028161738,0.0
dAGO,stable_core_control,2,10,10.0,11.0,0.08556819656822924,0.08556819656822924,0.0
dAGO,stable_core_control,2,11,11.0,12.0,0.07930060412613837,0.07930060412613837,0.0
dAGO,stable_core_control,2,12,12.0,13.0,0.08135529560086188,0.08135529560086188,0.0
dAGO,stable_core_control,2,13,13.0,14.0,0.09709641802735902,0.09709641802735902,0.0
dAGO,stable_core_control,2,14,14.0,15.0,0.09511832062232775,0.09511832062232775,0.0
dAGO,stable_core_control,2,15,15.0,16.0,0.10791755138020526,0.10791755138020526,0.0
dAGO,stable_core_control,2,16,16.0,17.0,0.09785448187274341,0.09785448187274341,0.0
dAGO,stable_core_control,2,17,17.0,18.0,0.09626772669179919,0.09626772669179919,0.0
dAGO,stable_core_control,2,18,18.0,19.0,0.09223477739639309,0.09223477739639309,0.0
dAGO,stable_core_control,2,19,19.0,20.0,0.08075802661795918,0.08075802661795918,0.0
dAGO,stable_core_control,2,20,20.0,21.0,0.09065782093401116,0.09065782093401116,0.0
dAGO,stable_core_control,2,21,21.0,22.0,0.07941796627165906,0.07941796627165906,0.0
dAGO,stable_core_control,2,22,22.0,23.0,0.09043009067972488,0.09043009067972488,0.0
dAGO,stable_core_control,2,23,23.0,24.0,0.08357778179566978,0.08357778179566978,0.0
dAGO,stable_core_control,2,24,24.0,25.0,0.07786076728599149,0.07786076728599149,0.0
dAGO,stable_core_control,2,25,25.0,26.0,0.08856119700743245,0.08856119700743245,0.0
dAGO,stable_core_control,2,26,26.0,27.0,0.07682904772349756,0.07682904772349756,0.0
dAGO,stable_core_control,2,27,27.0,28.0,0.08259425992465184,0.08259425992465184,0.0
dAGO,stable_core_control,2,28,28.0,29.0,0.07477484611017461,0.07477484611017461,0.0
dAGO,stable_core_control,2,29,29.0,30.0,0.08494453420049906,0.08494453420049906,0.0
dAGO,stable_core_control,2,30,30.0,31.0,0.10475589984095604,0.10475589984095604,0.0
dAGO,stable_core_control,2,31,31.0,32.0,0.10209331404746534,0.10209331404746534,0.0
dAGO,stable_core_control,2,32,32.0,33.0,0.09940727669236421,0.09940727669236421,0.0
dAGO,stable_core_control,2,33,33.0,34.0,0.10058161956713277,0.10058161956713277,0.0
dAGO,stable_core_control,2,34,34.0,35.0,0.10056616891972954,0.10056616891972954,0.0
dAGO,stable_core_control,2,35,35.0,36.0,0.08778919305564194,0.08778919305564194,0.0
dAGO,stable_core_control,2,36,36.0,37.0,0.08360850983512627,0.08360850983512627,0.0
dAGO,stable_core_control,2,37,37.0,38.0,0.09271389228775385,0.09271389228775385,0.0
dAGO,stable_core_control,2,38,38.0,39.0,0.09616508044326076,0.09616508044326076,0.0
dAGO,stable_core_control,2,39,39.0,40.0,0.10449184405160866,0.10449184405160866,0.0
dAGO,stable_core_control,2,40,40.0,41.0,0.10098643665411192,0.10098643665411192,0.0
dAGO,stable_core_control,2,41,41.0,42.0,0.09998543313741101,0.09998543313741101,0.0
dAGO,stable_core_control,2,42,42.0,43.0,0.09333965423445915,0.09333965423445915,0.0
dAGO,stable_core_control,2,43,43.0,44.0,0.10731778134376586,0.10731778134376586,0.0
dAGO,stable_core_control,2,44,44.0,45.0,0.09870151573397311,0.09870151573397311,0.0
dAGO,stable_core_control,2,45,45.0,46.0,0.0885325408753289,0.0885325408753289,0.0
dAGO,stable_core_control,2,46,46.0,47.0,0.07142350600964248,0.07142350600964248,0.0
dAGO,stable_core_control,2,47,47.0,48.0,0.0950418781328413,0.0950418781328413,0.0
dAGO,stable_core_control,2,48,48.0,49.0,0.09802961473041505,0.09802961473041505,0.0
dAGO,stable_core_control,2,49,49.0,50.0,0.12534971777129963,0.12534971777129963,0.0
dAGO,stable_core_control,3,0,0.0,1.0,0.08273904676677059,0.08273904676677059,0.0
dAGO,stable_core_control,3,1,1.0,2.0,0.08835149696255856,0.08835149696255856,0.0
dAGO,stable_core_control,3,2,2.0,3.0,0.09077045620241288,0.09077045620241288,0.0
dAGO,stable_core_control,3,3,3.0,4.0,0.09355946462680415,0.09355946462680415,0.0
dAGO,stable_core_control,3,4,4.0,5.0,0.07495097964655706,0.07495097964655706,0.0
dAGO,stable_core_control,3,5,5.0,6.0,0.08209195447994502,0.08209195447994502,0.0
dAGO,stable_core_control,3,6,6.0,7.0,0.0734873249632244,0.0734873249632244,0.0
dAGO,stable_core_control,3,7,7.0,8.0,0.07430309416824929,0.07430309416824929,0.0
dAGO,stable_core_control,3,8,8.0,9.0,0.08735237315818954,0.08735237315818954,0.0
dAGO,stable_core_control,3,9,9.0,10.0,0.10208975557222674,0.10208975557222674,0.0
dAGO,stable_core_control,3,10,10.0,11.0,0.07627536933116763,0.07627536933116763,0.0
dAGO,stable_core_control,3,11,11.0,12.0,0.08475766468717104,0.08475766468717104,0.0
dAGO,stable_core_control,3,12,12.0,13.0,0.0916462385057934,0.0916462385057934,0.0
dAGO,stable_core_control,3,13,13.0,14.0,0.06896052326415315,0.06896052326415315,0.0
dAGO,stable_core_control,3,14,14.0,15.0,0.0743754078918092,0.0743754078918092,0.0
dAGO,stable_core_control,3,15,15.0,16.0,0.07392320107653834,0.07392320107653834,0.0
dAGO,stable_core_control,3,16,16.0,17.0,0.09184706897548414,0.09184706897548414,0.0
dAGO,stable_core_control,3,17,17.0,18.0,0.07201381156941189,0.07201381156941189,0.0
dAGO,stable_core_control,3,18,18.0,19.0,0.0906933963739802,0.0906933963739802,0.0
dAGO,stable_core_control,3,19,19.0,20.0,0.08450755959743567,0.08450755959743567,0.0
dAGO,stable_core_control,3,20,20.0,21.0,0.10020119686804113,0.10020119686804113,0.0
dAGO,stable_core_control,3,21,21.0,22.0,0.07785726547894563,0.07785726547894563,0.0
dAGO,stable_core_control,3,22,22.0,23.0,0.08444092455014969,0.08444092455014969,0.0
dAGO,stable_core_control,3,23,23.0,24.0,0.0817090735435126,0.0817090735435126,0.0
dAGO,stable_core_control,3,24,24.0,25.0,0.07184118483823365,0.07184118483823365,0.0
dAGO,stable_core_control,3,25,25.0,26.0,0.08550035301302618,0.08550035301302618,0.0
dAGO,stable_core_control,3,26,26.0,27.0,0.09724598626396935,0.09724598626396935,0.0
dAGO,stable_core_control,3,27,27.0,28.0,0.10082450601868262,0.10082450601868262,0.0
dAGO,stable_core_control,3,28,28.0,29.0,0.10550198119570875,0.10550198119570875,0.0
dAGO,stable_core_control,3,29,29.0,30.0,0.0737006293542813,0.0737006293542813,0.0
dAGO,stable_core_control,3,30,30.0,31.0,0.10339390620778958,0.10339390620778958,0.0
dAGO,stable_core_control,3,31,31.0,32.0,0.09420360492691979,0.09420360492691979,0.0
dAGO,stable_core_control,3,32,32.0,33.0,0.09250394344028051,0.09250394344028051,0.0
dAGO,stable_core_control,3,33,33.0,34.0,0.10526940627114793,0.10526940627114793,0.0
dAGO,stable_core_control,3,34,34.0,35.0,0.10269693299434698,0.10269693299434698,0.0
dAGO,stable_core_control,3,35,35.0,36.0,0.10055778271195918,0.10055778271195918,0.0
dAGO,stable_core_control,3,36,36.0,37.0,0.10469440410468443,0.10469440410468443,0.0
dAGO,stable_core_control,3,37,37.0,38.0,0.10073341497366563,0.10073341497366563,0.0
dAGO,stable_core_control,3,38,38.0,39.0,0.11181735054660973,0.11181735054660973,0.0
dAGO,stable_core_control,3,39,39.0,40.0,0.09433455274672782,0.09433455274672782,0.0
dAGO,stable_core_control,3,40,40.0,41.0,0.10164671822989312,0.10164671822989312,0.0
dAGO,stable_core_control,3,41,41.0,42.0,0.07921780486438044,0.07921780486438044,0.0
dAGO,stable_core_control,3,42,42.0,43.0,0.07685139308205187,0.07685139308205187,0.0
dAGO,stable_core_control,3,43,43.0,44.0,0.08117548048907199,0.08117548048907199,0.0
dAGO,stable_core_control,3,44,44.0,45.0,0.09179425609804726,0.09179425609804726,0.0
dAGO,stable_core_control,3,45,45.0,46.0,0.09714398470555079,0.09714398470555079,0.0
dAGO,stable_core_control,3,46,46.0,47.0,0.12177003097101873,0.12177003097101873,0.0
dAGO,stable_core_control,3,47,47.0,48.0,0.0799299777759046,0.0799299777759046,0.0
dAGO,stable_core_control,3,48,48.0,49.0,0.06814507896428765,0.06814507896428765,0.0
dAGO,stable_core_control,3,49,49.0,50.0,0.08958932677009826,0.08958932677009826,0.0
dPAM,compound110_extension,1,0,0.0,1.0,0.09643517139705107,0.051644943082254285,0.04479022831479679
dPAM,compound110_extension,1,1,1.0,2.0,0.1278858336059384,0.13653715245700118,-0.008651318851062795
dPAM,compound110_extension,1,2,2.0,3.0,0.11681125109563713,0.1289917900391899,-0.012180538943552768
dPAM,compound110_extension,1,3,3.0,4.0,0.13179273173843847,0.08703090610239195,0.044761825636046526
dPAM,compound110_extension,1,4,4.0,5.0,0.13108951297163832,0.09203429741013999,0.039055215561498324
dPAM,compound110_extension,1,5,5.0,6.0,0.14483480255901884,0.07815697432487696,0.06667782823414188
dPAM,compound110_extension,1,6,6.0,7.0,0.13317857052599794,0.07511084282990885,0.05806772769608909
dPAM,compound110_extension,1,7,7.0,8.0,0.11624949588130143,0.07419395001048128,0.04205554587082015
dPAM,compound110_extension,1,8,8.0,9.0,0.17568075411570178,0.057713439246678676,0.1179673148690231
dPAM,compound110_extension,1,9,9.0,10.0,0.17304232229890032,0.058456970045625785,0.11458535225327454
dPAM,compound110_extension,1,10,10.0,11.0,0.16519218111494763,0.057533635507265105,0.10765854560768252
dPAM,compound110_extension,1,11,11.0,12.0,0.10096356078943089,0.07456572671497523,0.02639783407445566
dPAM,compound110_extension,1,12,12.0,13.0,0.15126370533663072,0.09598511051358669,0.055278594823044036
dPAM,compound110_extension,1,13,13.0,14.0,0.15067345280834302,0.06490653609868796,0.08576691670965506
dPAM,compound110_extension,1,14,14.0,15.0,0.14952530392366611,0.058518278628822445,0.09100702529484367
dPAM,compound110_extension,1,15,15.0,16.0,0.13492426536871957,0.08384936828419683,0.051074897084522744
dPAM,compound110_extension,1,16,16.0,17.0,0.10905771854290172,0.06735489091726785,0.041702827625633876
dPAM,compound110_extension,1,17,17.0,18.0,0.09954623197996987,0.06760916379303089,0.03193706818693898
dPAM,compound110_extension,1,18,18.0,19.0,0.12781927153490025,0.08092255009459463,0.046896721440305614
dPAM,compound110_extension,1,19,19.0,20.0,0.12314096450239939,0.06972171622917872,0.05341924827322067
dPAM,compound110_extension,1,20,20.0,21.0,0.11375263993258165,0.06286102953385544,0.05089161039872621
dPAM,compound110_extension,1,21,21.0,22.0,0.14703966867025642,0.05935995673468222,0.0876797119355742
dPAM,compound110_extension,1,22,22.0,23.0,0.11884703833882125,0.06921854314476274,0.049628495194058514
dPAM,compound110_extension,1,23,23.0,24.0,0.11296197748300027,0.06980969422053288,0.043152283262467395
dPAM,compound110_extension,1,24,24.0,25.0,0.1169994894056416,0.0864490721547339,0.030550417250907708
dPAM,compound110_extension,1,25,25.0,26.0,0.1334203199748752,0.08203132626940766,0.051388993705467526
dPAM,compound110_extension,1,26,26.0,27.0,0.11580213113708748,0.0659356728586582,0.04986645827842928
dPAM,compound110_extension,1,27,27.0,28.0,0.12395664619608965,0.07077729751072787,0.05317934868536178
dPAM,compound110_extension,1,28,28.0,29.0,0.12734131032280674,0.07198633505211789,0.05535497527068885
dPAM,compound110_extension,1,29,29.0,30.0,0.11346975358882934,0.09299342360478688,0.02047632998404246
dPAM,compound110_extension,1,30,30.0,31.0,0.10757064590871099,0.07187952384745877,0.03569112206125222
dPAM,compound110_extension,1,31,31.0,32.0,0.1384110728128951,0.09603320264945915,0.04237787016343596
dPAM,compound110_extension,1,32,32.0,33.0,0.15033864559068522,0.08325517199311606,0.06708347359756915
dPAM,compound110_extension,1,33,33.0,34.0,0.13742641111920212,0.06705229940234524,0.07037411171685688
dPAM,compound110_extension,1,34,34.0,35.0,0.15418086956189944,0.07195811810804226,0.08222275145385718
dPAM,compound110_extension,1,35,35.0,36.0,0.16891413533032032,0.06222799292602251,0.1066861424042978
dPAM,compound110_extension,1,36,36.0,37.0,0.1557767281761153,0.08272576751737548,0.07305096065873981
dPAM,compound110_extension,1,37,37.0,38.0,0.13635570323940943,0.06068192084333734,0.07567378239607209
dPAM,compound110_extension,1,38,38.0,39.0,0.14253605228768088,0.06315990556397517,0.0793761467237057
dPAM,compound110_extension,1,39,39.0,40.0,0.15177460430814632,0.061248107206001684,0.09052649710214464
dPAM,compound110_extension,1,40,40.0,41.0,0.15865498635871825,0.059534549713282266,0.09912043664543599
dPAM,compound110_extension,1,41,41.0,42.0,0.16965976620804185,0.0545175923195918,0.11514217388845005
dPAM,compound110_extension,1,42,42.0,43.0,0.18126213017914555,0.08431980477125009,0.09694232540789546
dPAM,compound110_extension,1,43,43.0,44.0,0.190928584430639,0.04838975401062459,0.14253883042001442
dPAM,compound110_extension,1,44,44.0,45.0,0.15983990114293273,0.06846497663865257,0.09137492450428016
dPAM,compound110_extension,1,45,45.0,46.0,0.17607529500000724,0.07094127983948027,0.10513401516052696
dPAM,compound110_extension,1,46,46.0,47.0,0.16741114161668247,0.050807867412573725,0.11660327420410874
dPAM,compound110_extension,1,47,47.0,48.0,0.15997639787279547,0.07319236548499942,0.08678403238779604
dPAM,compound110_extension,1,48,48.0,49.0,0.17377118705839043,0.06746546843453947,0.10630571862385095
dPAM,compound110_extension,1,49,49.0,50.0,0.17371003355111542,0.0778284287215026,0.09588160482961282
dPAM,compound110_extension,2,0,0.0,1.0,0.07648541960448658,0.06268617502392863,0.013799244580557951
dPAM,compound110_extension,2,1,1.0,2.0,0.07966980525212095,0.09975259135509547,-0.020082786102974523
dPAM,compound110_extension,2,2,2.0,3.0,0.0807947018076134,0.11503007416335717,-0.03423537235574377
dPAM,compound110_extension,2,3,3.0,4.0,0.09843193801263583,0.08491005395055407,0.013521884062081768
dPAM,compound110_extension,2,4,4.0,5.0,0.09338506540884003,0.09774048734970314,-0.004355421940863108
dPAM,compound110_extension,2,5,5.0,6.0,0.1202874488425782,0.0759938722432694,0.04429357659930881
dPAM,compound110_extension,2,6,6.0,7.0,0.1319200628591563,0.07957567586372499,0.05234438699543131
dPAM,compound110_extension,2,7,7.0,8.0,0.12222053625255484,0.06622278705928157,0.05599774919327327
dPAM,compound110_extension,2,8,8.0,9.0,0.14140511696991942,0.09431806614477076,0.04708705082514866
dPAM,compound110_extension,2,9,9.0,10.0,0.15101257812736202,0.09403941877515193,0.05697315935221009
dPAM,compound110_extension,2,10,10.0,11.0,0.13483055957855125,0.07885431883062231,0.05597624074792894
dPAM,compound110_extension,2,11,11.0,12.0,0.12440058655287607,0.07675457480221043,0.04764601175066564
dPAM,compound110_extension,2,12,12.0,13.0,0.11225410463404219,0.09097022964606535,0.021283874987976834
dPAM,compound110_extension,2,13,13.0,14.0,0.10934962213219629,0.11112991117664076,-0.0017802890444444663
dPAM,compound110_extension,2,14,14.0,15.0,0.10372723199551911,0.07944453011951022,0.024282701876008894
dPAM,compound110_extension,2,15,15.0,16.0,0.12008837742727649,0.08237730409990414,0.03771107332737235
dPAM,compound110_extension,2,16,16.0,17.0,0.13132415188075722,0.07476468255704904,0.05655946932370817
dPAM,compound110_extension,2,17,17.0,18.0,0.12990844598983647,0.07380983304942418,0.056098612940412296
dPAM,compound110_extension,2,18,18.0,19.0,0.11250847331771278,0.06812020968144093,0.04438826363627185
dPAM,compound110_extension,2,19,19.0,20.0,0.14261516574430774,0.06207578063561751,0.08053938510869024
dPAM,compound110_extension,2,20,20.0,21.0,0.1530116980069933,0.06347345548393862,0.08953824252305467
dPAM,compound110_extension,2,21,21.0,22.0,0.1453259040554074,0.08042282339818879,0.06490308065721861
dPAM,compound110_extension,2,22,22.0,23.0,0.14689586503162044,0.0645721498804598,0.08232371515116065
dPAM,compound110_extension,2,23,23.0,24.0,0.1149158870195788,0.07348349883369241,0.04143238818588639
dPAM,compound110_extension,2,24,24.0,25.0,0.08568444925255214,0.05929448278350908,0.026389966469043062
dPAM,compound110_extension,2,25,25.0,26.0,0.0979760577590721,0.08299981059972507,0.014976247159347034
dPAM,compound110_extension,2,26,26.0,27.0,0.1304645064776153,0.07882200058031899,0.0516425058972963
dPAM,compound110_extension,2,27,27.0,28.0,0.1355439939566528,0.06330582890117097,0.07223816505548182
dPAM,compound110_extension,2,28,28.0,29.0,0.13249456275365443,0.08039162966787762,0.052102933085776806
dPAM,compound110_extension,2,29,29.0,30.0,0.10465519919026985,0.09697357035047975,0.0076816288397900945
dPAM,compound110_extension,2,30,30.0,31.0,0.11351692662620326,0.07204033708926406,0.041476589536939196
dPAM,compound110_extension,2,31,31.0,32.0,0.12711708327174104,0.06775262243789376,0.05936446083384728
dPAM,compound110_extension,2,32,32.0,33.0,0.11362591063475926,0.07523325736105152,0.038392653273707736
dPAM,compound110_extension,2,33,33.0,34.0,0.10714358531927433,0.07881759752393727,0.028325987795337057
dPAM,compound110_extension,2,34,34.0,35.0,0.10360836485865352,0.08288750333372204,0.02072086152493148
dPAM,compound110_extension,2,35,35.0,36.0,0.12268171395712471,0.10622067673515538,0.01646103722196933
dPAM,compound110_extension,2,36,36.0,37.0,0.08293050688828084,0.08106792647878637,0.0018625804094944687
dPAM,compound110_extension,2,37,37.0,38.0,0.09317298119989152,0.08102085458423884,0.01215212661565268
dPAM,compound110_extension,2,38,38.0,39.0,0.09231011775228157,0.09367413295173004,-0.0013640151994484678
dPAM,compound110_extension,2,39,39.0,40.0,0.11600759728857465,0.10232709507751823,0.01368050221105642
dPAM,compound110_extension,2,40,40.0,41.0,0.11630672787555872,0.07835180612493571,0.03795492175062301
dPAM,compound110_extension,2,41,41.0,42.0,0.07835938430930385,0.09742470115143155,-0.0190653168421277
dPAM,compound110_extension,2,42,42.0,43.0,0.09285274360142745,0.09448172488490443,-0.0016289812834769796
dPAM,compound110_extension,2,43,43.0,44.0,0.08719778732934298,0.09381943219957758,-0.006621644870234603
dPAM,compound110_extension,2,44,44.0,45.0,0.08226451662225433,0.0884727236822063,-0.006208207059951967
dPAM,compound110_extension,2,45,45.0,46.0,0.11241937625997704,0.08442045299656983,0.027998923263407208
dPAM,compound110_extension,2,46,46.0,47.0,0.06690556921621832,0.0992221224841679,-0.03231655326794958
dPAM,compound110_extension,2,47,47.0,48.0,0.10252407788650217,0.07099304521600848,0.03153103267049369
dPAM,compound110_extension,2,48,48.0,49.0,0.1002655383366191,0.06356443770010313,0.036701100636515965
dPAM,compound110_extension,2,49,49.0,50.0,0.0830189941550466,0.08736433156021117,-0.004345337405164573
dPAM,compound110_extension,3,0,0.0,1.0,0.08309289774633724,0.07022561904273478,0.012867278703602464
dPAM,compound110_extension,3,1,1.0,2.0,0.08057808317257738,0.07694187913173066,0.003636204040846719
dPAM,compound110_extension,3,2,2.0,3.0,0.14385225557911363,0.09870879604771719,0.04514345953139644
dPAM,compound110_extension,3,3,3.0,4.0,0.10648378849953032,0.10000364256430772,0.0064801459352226
dPAM,compound110_extension,3,4,4.0,5.0,0.09543684140250794,0.08305305391339267,0.01238378748911527
dPAM,compound110_extension,3,5,5.0,6.0,0.1136130980805654,0.09549192344614209,0.01812117463442331
dPAM,compound110_extension,3,6,6.0,7.0,0.11147895879401921,0.09834531044598947,0.013133648348029742
dPAM,compound110_extension,3,7,7.0,8.0,0.11870444061105948,0.11566255735808932,0.003041883252970154
dPAM,compound110_extension,3,8,8.0,9.0,0.08976943352538526,0.09642437928540062,-0.0066549457600153655
dPAM,compound110_extension,3,9,9.0,10.0,0.13082110121164803,0.09616164771371764,0.034659453497930384
dPAM,compound110_extension,3,10,10.0,11.0,0.09024901616593008,0.13523062322245682,-0.04498160705652675
dPAM,compound110_extension,3,11,11.0,12.0,0.09501910964466415,0.12141984551706671,-0.02640073587240256
dPAM,compound110_extension,3,12,12.0,13.0,0.10252401435683008,0.11214338082895269,-0.009619366472122609
dPAM,compound110_extension,3,13,13.0,14.0,0.088668295701993,0.11275250735225244,-0.024084211650259438
dPAM,compound110_extension,3,14,14.0,15.0,0.10409760273804518,0.0955824873659826,0.008515115372062579
dPAM,compound110_extension,3,15,15.0,16.0,0.0805432151741445,0.11113838486844113,-0.030595169694296626
dPAM,compound110_extension,3,16,16.0,17.0,0.09270740988332932,0.09968386306456908,-0.006976453181239767
dPAM,compound110_extension,3,17,17.0,18.0,0.09121462778008611,0.08848124178243089,0.002733385997655227
dPAM,compound110_extension,3,18,18.0,19.0,0.07744330782743386,0.11208738444936794,-0.03464407662193408
dPAM,compound110_extension,3,19,19.0,20.0,0.08664471825510422,0.06958902012848735,0.017055698126616878
dPAM,compound110_extension,3,20,20.0,21.0,0.07410711683407802,0.06845150094061087,0.00565561589346715
dPAM,compound110_extension,3,21,21.0,22.0,0.08033957958056931,0.06204942464322171,0.0182901549373476
dPAM,compound110_extension,3,22,22.0,23.0,0.059094822935424736,0.08287961131998652,-0.02378478838456178
dPAM,compound110_extension,3,23,23.0,24.0,0.08385942199889479,0.09512947930894203,-0.011270057310047238
dPAM,compound110_extension,3,24,24.0,25.0,0.09592122135302561,0.09271512688710773,0.0032060944659178803
dPAM,compound110_extension,3,25,25.0,26.0,0.09857388030686622,0.06692720603958771,0.031646674267278505
dPAM,compound110_extension,3,26,26.0,27.0,0.09671071173632607,0.07733513333373151,0.01937557840259456
dPAM,compound110_extension,3,27,27.0,28.0,0.09164788325255166,0.07471499419365533,0.016932889058896325
dPAM,compound110_extension,3,28,28.0,29.0,0.06425100784545791,0.08236516903735776,-0.018114161191899847
dPAM,compound110_extension,3,29,29.0,30.0,0.09022309867725721,0.09583591065297227,-0.00561281197571506
dPAM,compound110_extension,3,30,30.0,31.0,0.07967002231852201,0.09861091238105035,-0.018940890062528346
dPAM,compound110_extension,3,31,31.0,32.0,0.06650234593113659,0.08501484014219925,-0.018512494211062658
dPAM,compound110_extension,3,32,32.0,33.0,0.09396069822723228,0.07035977815093959,0.023600920076292692
dPAM,compound110_extension,3,33,33.0,34.0,0.08263705367715747,0.08140798376624084,0.001229069910916633
dPAM,compound110_extension,3,34,34.0,35.0,0.06505348848971036,0.07869600113199414,-0.013642512642283777
dPAM,compound110_extension,3,35,35.0,36.0,0.07059645108600254,0.09290830247336526,-0.02231185138736272
dPAM,compound110_extension,3,36,36.0,37.0,0.08116920047291808,0.0921787808302964,-0.011009580357378326
dPAM,compound110_extension,3,37,37.0,38.0,0.09002980326239557,0.07898258767285847,0.011047215589537099
dPAM,compound110_extension,3,38,38.0,39.0,0.0915039614578252,0.09888010891877637,-0.007376147460951166
dPAM,compound110_extension,3,39,39.0,40.0,0.07708567999250455,0.0926748607062262,-0.015589180713721645
dPAM,compound110_extension,3,40,40.0,41.0,0.060536202445587474,0.08345555069047618,-0.022919348244888706
dPAM,compound110_extension,3,41,41.0,42.0,0.08839735787713277,0.09103389037695073,-0.002636532499817962
dPAM,compound110_extension,3,42,42.0,43.0,0.13059911910947392,0.10664370860690647,0.023955410502567442
dPAM,compound110_extension,3,43,43.0,44.0,0.07935291889285559,0.10701417377847766,-0.027661254885622072
dPAM,compound110_extension,3,44,44.0,45.0,0.08819320815839309,0.08435459821694316,0.0038386099414499247
dPAM,compound110_extension,3,45,45.0,46.0,0.0715211177401777,0.08969114990474628,-0.01817003216456857
dPAM,compound110_extension,3,46,46.0,47.0,0.061237110584691064,0.07046199360606621,-0.009224883021375148
dPAM,compound110_extension,3,47,47.0,48.0,0.09636664131376946,0.07068620564979565,0.025680435663973808
dPAM,compound110_extension,3,48,48.0,49.0,0.08742746803939658,0.09119569452880627,-0.003768226489409693
dPAM,compound110_extension,3,49,49.0,50.0,0.07926639877295642,0.10363174012654691,-0.02436534135359049
dPAM,cooperativity_mutagenesis,1,0,0.0,1.0,0.0718646915531409,0.051644943082254285,0.020219748470886617
dPAM,cooperativity_mutagenesis,1,1,1.0,2.0,0.08282031084228117,0.13653715245700118,-0.05371684161472001
dPAM,cooperativity_mutagenesis,1,2,2.0,3.0,0.08939353178828037,0.1289917900391899,-0.03959825825090953
dPAM,cooperativity_mutagenesis,1,3,3.0,4.0,0.08130168612282744,0.08703090610239195,-0.005729219979564507
dPAM,cooperativity_mutagenesis,1,4,4.0,5.0,0.11822948236479319,0.09203429741013999,0.0261951849546532
dPAM,cooperativity_mutagenesis,1,5,5.0,6.0,0.11112652971082161,0.07815697432487696,0.03296955538594465
dPAM,cooperativity_mutagenesis,1,6,6.0,7.0,0.10949578685907617,0.07511084282990885,0.03438494402916732
dPAM,cooperativity_mutagenesis,1,7,7.0,8.0,0.09200061883532383,0.07419395001048128,0.017806668824842553
dPAM,cooperativity_mutagenesis,1,8,8.0,9.0,0.08786336510410242,0.057713439246678676,0.030149925857423744
dPAM,cooperativity_mutagenesis,1,9,9.0,10.0,0.12994377593240453,0.058456970045625785,0.07148680588677875
dPAM,cooperativity_mutagenesis,1,10,10.0,11.0,0.12253907885863025,0.057533635507265105,0.06500544335136514
dPAM,cooperativity_mutagenesis,1,11,11.0,12.0,0.1106197104953095,0.07456572671497523,0.03605398378033427
dPAM,cooperativity_mutagenesis,1,12,12.0,13.0,0.10838188375727711,0.09598511051358669,0.012396773243690429
dPAM,cooperativity_mutagenesis,1,13,13.0,14.0,0.11479589314151685,0.06490653609868796,0.04988935704282889
dPAM,cooperativity_mutagenesis,1,14,14.0,15.0,0.1217181996361112,0.058518278628822445,0.06319992100728876
dPAM,cooperativity_mutagenesis,1,15,15.0,16.0,0.15362415408619082,0.08384936828419683,0.06977478580199399
dPAM,cooperativity_mutagenesis,1,16,16.0,17.0,0.11822891557684599,0.06735489091726785,0.050874024659578146
dPAM,cooperativity_mutagenesis,1,17,17.0,18.0,0.08977849642598683,0.06760916379303089,0.022169332632955938
dPAM,cooperativity_mutagenesis,1,18,18.0,19.0,0.08622599937549047,0.08092255009459463,0.005303449280895836
dPAM,cooperativity_mutagenesis,1,19,19.0,20.0,0.08550678594833558,0.06972171622917872,0.015785069719156858
dPAM,cooperativity_mutagenesis,1,20,20.0,21.0,0.1034437686731564,0.06286102953385544,0.04058273913930095
dPAM,cooperativity_mutagenesis,1,21,21.0,22.0,0.10016948243908516,0.05935995673468222,0.04080952570440294
dPAM,cooperativity_mutagenesis,1,22,22.0,23.0,0.11021618557501363,0.06921854314476274,0.04099764243025089
dPAM,cooperativity_mutagenesis,1,23,23.0,24.0,0.10867201326153636,0.06980969422053288,0.038862319041003485
dPAM,cooperativity_mutagenesis,1,24,24.0,25.0,0.09359603041199986,0.0864490721547339,0.007146958257265967
dPAM,cooperativity_mutagenesis,1,25,25.0,26.0,0.09493276662527192,0.08203132626940766,0.012901440355864255
dPAM,cooperativity_mutagenesis,1,26,26.0,27.0,0.09811903967786305,0.0659356728586582,0.03218336681920485
dPAM,cooperativity_mutagenesis,1,27,27.0,28.0,0.0968503348864095,0.07077729751072787,0.026073037375681632
dPAM,cooperativity_mutagenesis,1,28,28.0,29.0,0.10245819242290102,0.07198633505211789,0.03047185737078313
dPAM,cooperativity_mutagenesis,1,29,29.0,30.0,0.09704493024011084,0.09299342360478688,0.0040515066353239565
dPAM,cooperativity_mutagenesis,1,30,30.0,31.0,0.11814830727108787,0.07187952384745877,0.0462687834236291
dPAM,cooperativity_mutagenesis,1,31,31.0,32.0,0.10850339989116642,0.09603320264945915,0.012470197241707268
dPAM,cooperativity_mutagenesis,1,32,32.0,33.0,0.10795284482481665,0.08325517199311606,0.024697672831700587
dPAM,cooperativity_mutagenesis,1,33,33.0,34.0,0.08542760364424294,0.06705229940234524,0.018375304241897705
dPAM,cooperativity_mutagenesis,1,34,34.0,35.0,0.10154693329263288,0.07195811810804226,0.029588815184590625
dPAM,cooperativity_mutagenesis,1,35,35.0,36.0,0.1168805858195288,0.06222799292602251,0.05465259289350629
dPAM,cooperativity_mutagenesis,1,36,36.0,37.0,0.11229726826985423,0.08272576751737548,0.029571500752478747
dPAM,cooperativity_mutagenesis,1,37,37.0,38.0,0.09823326752146079,0.06068192084333734,0.03755134667812345
dPAM,cooperativity_mutagenesis,1,38,38.0,39.0,0.1080405643138673,0.06315990556397517,0.044880658749892124
dPAM,cooperativity_mutagenesis,1,39,39.0,40.0,0.09530630709840177,0.061248107206001684,0.03405819989240008
dPAM,cooperativity_mutagenesis,1,40,40.0,41.0,0.11141952091938206,0.059534549713282266,0.0518849712060998
dPAM,cooperativity_mutagenesis,1,41,41.0,42.0,0.1234525997160348,0.0545175923195918,0.068935007396443
dPAM,cooperativity_mutagenesis,1,42,42.0,43.0,0.12697380181094667,0.08431980477125009,0.04265399703969658
dPAM,cooperativity_mutagenesis,1,43,43.0,44.0,0.13067316307211838,0.04838975401062459,0.08228340906149378
dPAM,cooperativity_mutagenesis,1,44,44.0,45.0,0.11540551870024034,0.06846497663865257,0.046940542061587764
dPAM,cooperativity_mutagenesis,1,45,45.0,46.0,0.12442535565274751,0.07094127983948027,0.05348407581326724
dPAM,cooperativity_mutagenesis,1,46,46.0,47.0,0.12186143942807245,0.050807867412573725,0.07105357201549872
dPAM,cooperativity_mutagenesis,1,47,47.0,48.0,0.13535813799338534,0.07319236548499942,0.06216577250838591
dPAM,cooperativity_mutagenesis,1,48,48.0,49.0,0.11564371981526052,0.06746546843453947,0.04817825138072104
dPAM,cooperativity_mutagenesis,1,49,49.0,50.0,0.12926847551991033,0.0778284287215026,0.05144004679840773
dPAM,cooperativity_mutagenesis,2,0,0.0,1.0,0.0943781911104333,0.06268617502392863,0.03169201608650467
dPAM,cooperativity_mutagenesis,2,1,1.0,2.0,0.08527322149147173,0.09975259135509547,-0.014479369863623734
dPAM,cooperativity_mutagenesis,2,2,2.0,3.0,0.065922704604295,0.11503007416335717,-0.04910736955906217
dPAM,cooperativity_mutagenesis,2,3,3.0,4.0,0.07483122363360677,0.08491005395055407,-0.010078830316947299
dPAM,cooperativity_mutagenesis,2,4,4.0,5.0,0.06890187982503866,0.09774048734970314,-0.02883860752466448
dPAM,cooperativity_mutagenesis,2,5,5.0,6.0,0.07168546790241362,0.0759938722432694,-0.004308404340855776
dPAM,cooperativity_mutagenesis,2,6,6.0,7.0,0.07769357029783465,0.07957567586372499,-0.0018821055658903435
dPAM,cooperativity_mutagenesis,2,7,7.0,8.0,0.07638897341260865,0.06622278705928157,0.010166186353327084
dPAM,cooperativity_mutagenesis,2,8,8.0,9.0,0.07164254794692865,0.09431806614477076,-0.02267551819784211
dPAM,cooperativity_mutagenesis,2,9,9.0,10.0,0.06670506388968073,0.09403941877515193,-0.0273343548854712
dPAM,cooperativity_mutagenesis,2,10,10.0,11.0,0.05519436087164814,0.07885431883062231,-0.023659957958974173
dPAM,cooperativity_mutagenesis,2,11,11.0,12.0,0.05948752932100355,0.07675457480221043,-0.01726704548120688
dPAM,cooperativity_mutagenesis,2,12,12.0,13.0,0.0556677538439395,0.09097022964606535,-0.03530247580212585
dPAM,cooperativity_mutagenesis,2,13,13.0,14.0,0.07037752778961624,0.11112991117664076,-0.04075238338702451
dPAM,cooperativity_mutagenesis,2,14,14.0,15.0,0.0688421855910922,0.07944453011951022,-0.010602344528418017
dPAM,cooperativity_mutagenesis,2,15,15.0,16.0,0.07390484949747245,0.08237730409990414,-0.008472454602431692
dPAM,cooperativity_mutagenesis,2,16,16.0,17.0,0.06995284651224849,0.07476468255704904,-0.004811836044800552
dPAM,cooperativity_mutagenesis,2,17,17.0,18.0,0.06258645676762153,0.07380983304942418,-0.011223376281802644
dPAM,cooperativity_mutagenesis,2,18,18.0,19.0,0.07243767645953254,0.06812020968144093,0.004317466778091611
dPAM,cooperativity_mutagenesis,2,19,19.0,20.0,0.09226046879696398,0.06207578063561751,0.030184688161346472
dPAM,cooperativity_mutagenesis,2,20,20.0,21.0,0.08769953367381145,0.06347345548393862,0.024226078189872824
dPAM,cooperativity_mutagenesis,2,21,21.0,22.0,0.07050540956466533,0.08042282339818879,-0.009917413833523459
dPAM,cooperativity_mutagenesis,2,22,22.0,23.0,0.07899033066225845,0.0645721498804598,0.014418180781798656
dPAM,cooperativity_mutagenesis,2,23,23.0,24.0,0.06246252903042991,0.07348349883369241,-0.011020969803262504
dPAM,cooperativity_mutagenesis,2,24,24.0,25.0,0.06908727307136109,0.05929448278350908,0.009792790287852009
dPAM,cooperativity_mutagenesis,2,25,25.0,26.0,0.06188772549626816,0.08299981059972507,-0.021112085103456905
dPAM,cooperativity_mutagenesis,2,26,26.0,27.0,0.07024378722360049,0.07882200058031899,-0.008578213356718503
dPAM,cooperativity_mutagenesis,2,27,27.0,28.0,0.08750262119017851,0.06330582890117097,0.02419679228900755
dPAM,cooperativity_mutagenesis,2,28,28.0,29.0,0.09217089414584055,0.08039162966787762,0.01177926447796293
dPAM,cooperativity_mutagenesis,2,29,29.0,30.0,0.07158324896384251,0.09697357035047975,-0.025390321386637243
dPAM,cooperativity_mutagenesis,2,30,30.0,31.0,0.10506972214973195,0.07204033708926406,0.03302938506046789
dPAM,cooperativity_mutagenesis,2,31,31.0,32.0,0.10253290079952389,0.06775262243789376,0.034780278361630126
dPAM,cooperativity_mutagenesis,2,32,32.0,33.0,0.0901065413406187,0.07523325736105152,0.014873283979567178
dPAM,cooperativity_mutagenesis,2,33,33.0,34.0,0.08544242233371273,0.07881759752393727,0.006624824809775456
dPAM,cooperativity_mutagenesis,2,34,34.0,35.0,0.08820183933411965,0.08288750333372204,0.005314336000397615
dPAM,cooperativity_mutagenesis,2,35,35.0,36.0,0.07952591720989056,0.10622067673515538,-0.026694759525264816
dPAM,cooperativity_mutagenesis,2,36,36.0,37.0,0.0648951073299455,0.08106792647878637,-0.016172819148840875
dPAM,cooperativity_mutagenesis,2,37,37.0,38.0,0.06125648287526915,0.08102085458423884,-0.01976437170896969
dPAM,cooperativity_mutagenesis,2,38,38.0,39.0,0.07639035855766381,0.09367413295173004,-0.017283774394066226
dPAM,cooperativity_mutagenesis,2,39,39.0,40.0,0.07906201236062853,0.10232709507751823,-0.023265082716889707
dPAM,cooperativity_mutagenesis,2,40,40.0,41.0,0.08615237566560002,0.07835180612493571,0.007800569540664312
dPAM,cooperativity_mutagenesis,2,41,41.0,42.0,0.0634397468602684,0.09742470115143155,-0.03398495429116315
dPAM,cooperativity_mutagenesis,2,42,42.0,43.0,0.06058308384631563,0.09448172488490443,-0.0338986410385888
dPAM,cooperativity_mutagenesis,2,43,43.0,44.0,0.10229249672125715,0.09381943219957758,0.008473064521679563
dPAM,cooperativity_mutagenesis,2,44,44.0,45.0,0.0698803459314802,0.0884727236822063,-0.0185923777507261
dPAM,cooperativity_mutagenesis,2,45,45.0,46.0,0.09211027194835955,0.08442045299656983,0.0076898189517897175
dPAM,cooperativity_mutagenesis,2,46,46.0,47.0,0.08311789548133319,0.0992221224841679,-0.016104227002834703
dPAM,cooperativity_mutagenesis,2,47,47.0,48.0,0.07106502775217116,0.07099304521600848,7.198253616268191e-05
dPAM,cooperativity_mutagenesis,2,48,48.0,49.0,0.07009888483347883,0.06356443770010313,0.006534447133375698
dPAM,cooperativity_mutagenesis,2,49,49.0,50.0,0.0759983389533953,0.08736433156021117,-0.011365992606815867
dPAM,cooperativity_mutagenesis,3,0,0.0,1.0,0.08899834119485095,0.07022561904273478,0.018772722152116172
dPAM,cooperativity_mutagenesis,3,1,1.0,2.0,0.08363796132872599,0.07694187913173066,0.006696082196995329
dPAM,cooperativity_mutagenesis,3,2,2.0,3.0,0.11474674577098115,0.09870879604771719,0.01603794972326396
dPAM,cooperativity_mutagenesis,3,3,3.0,4.0,0.11552593422976408,0.10000364256430772,0.015522291665456364
dPAM,cooperativity_mutagenesis,3,4,4.0,5.0,0.1271927117677594,0.08305305391339267,0.04413965785436673
dPAM,cooperativity_mutagenesis,3,5,5.0,6.0,0.1328425002716851,0.09549192344614209,0.037350576825543005
dPAM,cooperativity_mutagenesis,3,6,6.0,7.0,0.11661608807994094,0.09834531044598947,0.018270777633951463
dPAM,cooperativity_mutagenesis,3,7,7.0,8.0,0.1202137897704061,0.11566255735808932,0.00455123241231678
dPAM,cooperativity_mutagenesis,3,8,8.0,9.0,0.12530875954979914,0.09642437928540062,0.028884380264398518
dPAM,cooperativity_mutagenesis,3,9,9.0,10.0,0.13851131035045375,0.09616164771371764,0.042349662636736105
dPAM,cooperativity_mutagenesis,3,10,10.0,11.0,0.15885820608072615,0.13523062322245682,0.023627582858269325
dPAM,cooperativity_mutagenesis,3,11,11.0,12.0,0.15485614699723865,0.12141984551706671,0.033436301480171945
dPAM,cooperativity_mutagenesis,3,12,12.0,13.0,0.1255815436671558,0.11214338082895269,0.013438162838203108
dPAM,cooperativity_mutagenesis,3,13,13.0,14.0,0.13589754692892794,0.11275250735225244,0.023145039576675505
dPAM,cooperativity_mutagenesis,3,14,14.0,15.0,0.12345138080506945,0.0955824873659826,0.027868893439086856
dPAM,cooperativity_mutagenesis,3,15,15.0,16.0,0.12352533039975484,0.11113838486844113,0.012386945531313712
dPAM,cooperativity_mutagenesis,3,16,16.0,17.0,0.13091133587686443,0.09968386306456908,0.031227472812295348
dPAM,cooperativity_mutagenesis,3,17,17.0,18.0,0.13534829621913344,0.08848124178243089,0.046867054436702554
dPAM,cooperativity_mutagenesis,3,18,18.0,19.0,0.126621252772575,0.11208738444936794,0.01453386832320705
dPAM,cooperativity_mutagenesis,3,19,19.0,20.0,0.13772601162651835,0.06958902012848735,0.068136991498031
dPAM,cooperativity_mutagenesis,3,20,20.0,21.0,0.10788155756083782,0.06845150094061087,0.03943005662022696
dPAM,cooperativity_mutagenesis,3,21,21.0,22.0,0.13288140471698656,0.06204942464322171,0.07083198007376484
dPAM,cooperativity_mutagenesis,3,22,22.0,23.0,0.12366314792795012,0.08287961131998652,0.040783536607963605
dPAM,cooperativity_mutagenesis,3,23,23.0,24.0,0.12702710010407356,0.09512947930894203,0.03189762079513153
dPAM,cooperativity_mutagenesis,3,24,24.0,25.0,0.12880090074036216,0.09271512688710773,0.03608577385325443
dPAM,cooperativity_mutagenesis,3,25,25.0,26.0,0.11146967666279468,0.06692720603958771,0.04454247062320697
dPAM,cooperativity_mutagenesis,3,26,26.0,27.0,0.12471672015128739,0.07733513333373151,0.047381586817555874
dPAM,cooperativity_mutagenesis,3,27,27.0,28.0,0.12112125337463742,0.07471499419365533,0.04640625918098208
dPAM,cooperativity_mutagenesis,3,28,28.0,29.0,0.1273379444842622,0.08236516903735776,0.04497277544690444
dPAM,cooperativity_mutagenesis,3,29,29.0,30.0,0.11440397186973239,0.09583591065297227,0.01856806121676012
dPAM,cooperativity_mutagenesis,3,30,30.0,31.0,0.11208771449274815,0.09861091238105035,0.0134768021116978
dPAM,cooperativity_mutagenesis,3,31,31.0,32.0,0.10607373752053215,0.08501484014219925,0.0210588973783329
dPAM,cooperativity_mutagenesis,3,32,32.0,33.0,0.13262940376984597,0.07035977815093959,0.06226962561890638
dPAM,cooperativity_mutagenesis,3,33,33.0,34.0,0.10365250500676225,0.08140798376624084,0.02224452124052141
dPAM,cooperativity_mutagenesis,3,34,34.0,35.0,0.09668160210545358,0.07869600113199414,0.017985600973459442
dPAM,cooperativity_mutagenesis,3,35,35.0,36.0,0.11023853084015504,0.09290830247336526,0.017330228366789782
dPAM,cooperativity_mutagenesis,3,36,36.0,37.0,0.12310776509260568,0.0921787808302964,0.030928984262309278
dPAM,cooperativity_mutagenesis,3,37,37.0,38.0,0.12199993607422702,0.07898258767285847,0.043017348401368546
dPAM,cooperativity_mutagenesis,3,38,38.0,39.0,0.14924256531055657,0.09888010891877637,0.050362456391780205
dPAM,cooperativity_mutagenesis,3,39,39.0,40.0,0.11625461288093734,0.0926748607062262,0.023579752174711144
dPAM,cooperativity_mutagenesis,3,40,40.0,41.0,0.10799354473922836,0.08345555069047618,0.024537994048752176
dPAM,cooperativity_mutagenesis,3,41,41.0,42.0,0.12336470955997868,0.09103389037695073,0.03233081918302795
dPAM,cooperativity_mutagenesis,3,42,42.0,43.0,0.11170641847537237,0.10664370860690647,0.005062709868465895
dPAM,cooperativity_mutagenesis,3,43,43.0,44.0,0.11821226176522386,0.10701417377847766,0.011198087986746194
dPAM,cooperativity_mutagenesis,3,44,44.0,45.0,0.13510861477314015,0.08435459821694316,0.05075401655619699
dPAM,cooperativity_mutagenesis,3,45,45.0,46.0,0.12842065484232937,0.08969114990474628,0.03872950493758309
dPAM,cooperativity_mutagenesis,3,46,46.0,47.0,0.1305861785093211,0.07046199360606621,0.0601241849032549
dPAM,cooperativity_mutagenesis,3,47,47.0,48.0,0.11426622535689925,0.07068620564979565,0.043580019707103596
dPAM,cooperativity_mutagenesis,3,48,48.0,49.0,0.11105422361276107,0.09119569452880627,0.0198585290839548
dPAM,cooperativity_mutagenesis,3,49,49.0,50.0,0.1139519841017267,0.10363174012654691,0.01032024397517979
dPAM,distal_control,1,0,0.0,1.0,0.06816270942564452,0.051644943082254285,0.016517766343390236
dPAM,distal_control,1,1,1.0,2.0,0.055843271281482434,0.13653715245700118,-0.08069388117551875
dPAM,distal_control,1,2,2.0,3.0,0.07135049826441443,0.1289917900391899,-0.05764129177477546
dPAM,distal_control,1,3,3.0,4.0,0.07682344465085193,0.08703090610239195,-0.010207461451540015
dPAM,distal_control,1,4,4.0,5.0,0.08885193357272943,0.09203429741013999,-0.003182363837410565
dPAM,distal_control,1,5,5.0,6.0,0.08114427563306947,0.07815697432487696,0.002987301308192511
dPAM,distal_control,1,6,6.0,7.0,0.08556425897602495,0.07511084282990885,0.010453416146116098
dPAM,distal_control,1,7,7.0,8.0,0.06564200014967542,0.07419395001048128,-0.00855194986080586
dPAM,distal_control,1,8,8.0,9.0,0.07523301505040095,0.057713439246678676,0.017519575803722272
dPAM,distal_control,1,9,9.0,10.0,0.05836870510032918,0.058456970045625785,-8.82649452966025e-05
dPAM,distal_control,1,10,10.0,11.0,0.06134452181207617,0.057533635507265105,0.0038108863048110647
dPAM,distal_control,1,11,11.0,12.0,0.06856890605140961,0.07456572671497523,-0.005996820663565619
dPAM,distal_control,1,12,12.0,13.0,0.08695096689016277,0.09598511051358669,-0.009034143623423918
dPAM,distal_control,1,13,13.0,14.0,0.07363733852354426,0.06490653609868796,0.008730802424856299
dPAM,distal_control,1,14,14.0,15.0,0.10324593058341652,0.058518278628822445,0.04472765195459408
dPAM,distal_control,1,15,15.0,16.0,0.08992430276605495,0.08384936828419683,0.006074934481858127
dPAM,distal_control,1,16,16.0,17.0,0.0935316763636502,0.06735489091726785,0.026176785446382356
dPAM,distal_control,1,17,17.0,18.0,0.09395862829533463,0.06760916379303089,0.026349464502303743
dPAM,distal_control,1,18,18.0,19.0,0.10091502650882006,0.08092255009459463,0.019992476414225427
dPAM,distal_control,1,19,19.0,20.0,0.07309186394212645,0.06972171622917872,0.0033701477129477325
dPAM,distal_control,1,20,20.0,21.0,0.07818577008660105,0.06286102953385544,0.015324740552745603
dPAM,distal_control,1,21,21.0,22.0,0.10910877434471553,0.05935995673468222,0.0497488176100333
dPAM,distal_control,1,22,22.0,23.0,0.09334335459809628,0.06921854314476274,0.024124811453333547
dPAM,distal_control,1,23,23.0,24.0,0.0732385022941634,0.06980969422053288,0.0034288080736305238
dPAM,distal_control,1,24,24.0,25.0,0.0818580531276245,0.0864490721547339,-0.0045910190271094
dPAM,distal_control,1,25,25.0,26.0,0.10756658568169737,0.08203132626940766,0.025535259412289707
dPAM,distal_control,1,26,26.0,27.0,0.10031970103046865,0.0659356728586582,0.03438402817181045
dPAM,distal_control,1,27,27.0,28.0,0.09470912973287414,0.07077729751072787,0.023931832222146274
dPAM,distal_control,1,28,28.0,29.0,0.09391866121767292,0.07198633505211789,0.02193232616555503
dPAM,distal_control,1,29,29.0,30.0,0.11272540999351946,0.09299342360478688,0.01973198638873258
dPAM,distal_control,1,30,30.0,31.0,0.12202528141072577,0.07187952384745877,0.050145757563267
dPAM,distal_control,1,31,31.0,32.0,0.11281982518133765,0.09603320264945915,0.0167866225318785
dPAM,distal_control,1,32,32.0,33.0,0.10943890787278746,0.08325517199311606,0.02618373587967139
dPAM,distal_control,1,33,33.0,34.0,0.11766434964360442,0.06705229940234524,0.050612050241259185
dPAM,distal_control,1,34,34.0,35.0,0.09921763343585334,0.07195811810804226,0.027259515327811082
dPAM,distal_control,1,35,35.0,36.0,0.1257921244857896,0.06222799292602251,0.06356413155976709
dPAM,distal_control,1,36,36.0,37.0,0.1050627134554436,0.08272576751737548,0.02233694593806812
dPAM,distal_control,1,37,37.0,38.0,0.09698400029778782,0.06068192084333734,0.036302079454450485
dPAM,distal_control,1,38,38.0,39.0,0.08801850632048738,0.06315990556397517,0.02485860075651221
dPAM,distal_control,1,39,39.0,40.0,0.11197276377474834,0.061248107206001684,0.050724656568746654
dPAM,distal_control,1,40,40.0,41.0,0.09682479877189451,0.059534549713282266,0.037290249058612245
dPAM,distal_control,1,41,41.0,42.0,0.11059263463842928,0.0545175923195918,0.056075042318837476
dPAM,distal_control,1,42,42.0,43.0,0.125222836612673,0.08431980477125009,0.04090303184142291
dPAM,distal_control,1,43,43.0,44.0,0.1346603217535475,0.04838975401062459,0.08627056774292291
dPAM,distal_control,1,44,44.0,45.0,0.13295084143308275,0.06846497663865257,0.06448586479443018
dPAM,distal_control,1,45,45.0,46.0,0.16203517526389666,0.07094127983948027,0.09109389542441639
dPAM,distal_control,1,46,46.0,47.0,0.13166272069699303,0.050807867412573725,0.0808548532844193
dPAM,distal_control,1,47,47.0,48.0,0.16294623637048825,0.07319236548499942,0.08975387088548882
dPAM,distal_control,1,48,48.0,49.0,0.14252897201729386,0.06746546843453947,0.07506350358275439
dPAM,distal_control,1,49,49.0,50.0,0.1322818346544806,0.0778284287215026,0.054453405932978
dPAM,distal_control,2,0,0.0,1.0,0.06439990971903331,0.06268617502392863,0.0017137346951046767
dPAM,distal_control,2,1,1.0,2.0,0.06165922358908674,0.09975259135509547,-0.03809336776600873
dPAM,distal_control,2,2,2.0,3.0,0.07499467886533134,0.11503007416335717,-0.04003539529802583
dPAM,distal_control,2,3,3.0,4.0,0.08316228437405596,0.08491005395055407,-0.0017477695764981094
dPAM,distal_control,2,4,4.0,5.0,0.07193762120149286,0.09774048734970314,-0.025802866148210285
dPAM,distal_control,2,5,5.0,6.0,0.08919705425020205,0.0759938722432694,0.013203182006932657
dPAM,distal_control,2,6,6.0,7.0,0.08487450337966948,0.07957567586372499,0.0052988275159444875
dPAM,distal_control,2,7,7.0,8.0,0.08290619864137336,0.06622278705928157,0.016683411582091787
dPAM,distal_control,2,8,8.0,9.0,0.09471293079913182,0.09431806614477076,0.0003948646543610601
dPAM,distal_control,2,9,9.0,10.0,0.08868942205039719,0.09403941877515193,-0.005349996724754738
dPAM,distal_control,2,10,10.0,11.0,0.0971738350712669,0.07885431883062231,0.01831951624064458
dPAM,distal_control,2,11,11.0,12.0,0.08768683114069026,0.07675457480221043,0.010932256338479829
dPAM,distal_control,2,12,12.0,13.0,0.11328200532612918,0.09097022964606535,0.02231177568006383
dPAM,distal_control,2,13,13.0,14.0,0.09915636693069274,0.11112991117664076,-0.011973544245948015
dPAM,distal_control,2,14,14.0,15.0,0.10400589136720456,0.07944453011951022,0.02456136124769434
dPAM,distal_control,2,15,15.0,16.0,0.12468856988447156,0.08237730409990414,0.042311265784567426
dPAM,distal_control,2,16,16.0,17.0,0.11147979387643658,0.07476468255704904,0.03671511131938754
dPAM,distal_control,2,17,17.0,18.0,0.09318953863562145,0.07380983304942418,0.01937970558619727
dPAM,distal_control,2,18,18.0,19.0,0.09297514979746707,0.06812020968144093,0.02485494011602614
dPAM,distal_control,2,19,19.0,20.0,0.10019949488698844,0.06207578063561751,0.038123714251370934
dPAM,distal_control,2,20,20.0,21.0,0.10786155500457179,0.06347345548393862,0.04438809952063316
dPAM,distal_control,2,21,21.0,22.0,0.10884028391137186,0.08042282339818879,0.02841746051318307
dPAM,distal_control,2,22,22.0,23.0,0.1091368820643026,0.0645721498804598,0.0445647321838428
dPAM,distal_control,2,23,23.0,24.0,0.0826914460464832,0.07348349883369241,0.009207947212790779
dPAM,distal_control,2,24,24.0,25.0,0.06173496093781339,0.05929448278350908,0.0024404781543043083
dPAM,distal_control,2,25,25.0,26.0,0.07093849114703832,0.08299981059972507,-0.01206131945268675
dPAM,distal_control,2,26,26.0,27.0,0.08801311079959363,0.07882200058031899,0.009191110219274642
dPAM,distal_control,2,27,27.0,28.0,0.08587841309069583,0.06330582890117097,0.02257258418952486
dPAM,distal_control,2,28,28.0,29.0,0.11558196030960374,0.08039162966787762,0.03519033064172612
dPAM,distal_control,2,29,29.0,30.0,0.07798117762404912,0.09697357035047975,-0.018992392726430635
dPAM,distal_control,2,30,30.0,31.0,0.07387959512307223,0.07204033708926406,0.001839258033808161
dPAM,distal_control,2,31,31.0,32.0,0.06058104870320734,0.06775262243789376,-0.007171573734686423
dPAM,distal_control,2,32,32.0,33.0,0.06615184172801929,0.07523325736105152,-0.009081415633032233
dPAM,distal_control,2,33,33.0,34.0,0.0725961075468313,0.07881759752393727,-0.006221489977105976
dPAM,distal_control,2,34,34.0,35.0,0.060874684837751845,0.08288750333372204,-0.022012818495970192
dPAM,distal_control,2,35,35.0,36.0,0.07559656053392057,0.10622067673515538,-0.030624116201234813
dPAM,distal_control,2,36,36.0,37.0,0.0860478072216234,0.08106792647878637,0.004979880742837034
dPAM,distal_control,2,37,37.0,38.0,0.08640728327814114,0.08102085458423884,0.005386428693902295
dPAM,distal_control,2,38,38.0,39.0,0.07703948513157523,0.09367413295173004,-0.016634647820154808
dPAM,distal_control,2,39,39.0,40.0,0.06992922201408518,0.10232709507751823,-0.03239787306343306
dPAM,distal_control,2,40,40.0,41.0,0.06915258341616631,0.07835180612493571,-0.009199222708769397
dPAM,distal_control,2,41,41.0,42.0,0.08207506809690206,0.09742470115143155,-0.015349633054529493
dPAM,distal_control,2,42,42.0,43.0,0.09669720333275199,0.09448172488490443,0.0022154784478475575
dPAM,distal_control,2,43,43.0,44.0,0.08406400963206699,0.09381943219957758,-0.009755422567510594
dPAM,distal_control,2,44,44.0,45.0,0.09319148327993879,0.0884727236822063,0.004718759597732491
dPAM,distal_control,2,45,45.0,46.0,0.0722475236625666,0.08442045299656983,-0.012172929334003227
dPAM,distal_control,2,46,46.0,47.0,0.08646292684135444,0.0992221224841679,-0.012759195642813456
dPAM,distal_control,2,47,47.0,48.0,0.08799276520007572,0.07099304521600848,0.01699971998406724
dPAM,distal_control,2,48,48.0,49.0,0.0887911113071263,0.06356443770010313,0.025226673607023173
dPAM,distal_control,2,49,49.0,50.0,0.10709271265126447,0.08736433156021117,0.019728381091053293
dPAM,distal_control,3,0,0.0,1.0,0.06165337589274651,0.07022561904273478,-0.008572243149988265
dPAM,distal_control,3,1,1.0,2.0,0.07290560154890723,0.07694187913173066,-0.004036277582823433
dPAM,distal_control,3,2,2.0,3.0,0.07056772452876868,0.09870879604771719,-0.028141071518948513
dPAM,distal_control,3,3,3.0,4.0,0.06419541256261889,0.10000364256430772,-0.035808230001688826
dPAM,distal_control,3,4,4.0,5.0,0.07936285562233585,0.08305305391339267,-0.003690198291056823
dPAM,distal_control,3,5,5.0,6.0,0.10113699880761354,0.09549192344614209,0.005645075361471449
dPAM,distal_control,3,6,6.0,7.0,0.0874352881885951,0.09834531044598947,-0.010910022257394375
dPAM,distal_control,3,7,7.0,8.0,0.10076853671938535,0.11566255735808932,-0.014894020638703973
dPAM,distal_control,3,8,8.0,9.0,0.0820984615751292,0.09642437928540062,-0.014325917710271419
dPAM,distal_control,3,9,9.0,10.0,0.080552308726095,0.09616164771371764,-0.015609338987622637
dPAM,distal_control,3,10,10.0,11.0,0.06421204952035862,0.13523062322245682,-0.0710185737020982
dPAM,distal_control,3,11,11.0,12.0,0.07237014994848448,0.12141984551706671,-0.04904969556858223
dPAM,distal_control,3,12,12.0,13.0,0.08810494072688171,0.11214338082895269,-0.02403844010207097
dPAM,distal_control,3,13,13.0,14.0,0.10287110471330982,0.11275250735225244,-0.009881402638942618
dPAM,distal_control,3,14,14.0,15.0,0.13527322653905213,0.0955824873659826,0.039690739173069534
dPAM,distal_control,3,15,15.0,16.0,0.12453317742872146,0.11113838486844113,0.013394792560280325
dPAM,distal_control,3,16,16.0,17.0,0.08575520758439238,0.09968386306456908,-0.013928655480176702
dPAM,distal_control,3,17,17.0,18.0,0.10168887472727715,0.08848124178243089,0.013207632944846268
dPAM,distal_control,3,18,18.0,19.0,0.12009677889725238,0.11208738444936794,0.008009394447884441
dPAM,distal_control,3,19,19.0,20.0,0.1432833879365117,0.06958902012848735,0.07369436780802437
dPAM,distal_control,3,20,20.0,21.0,0.15539485032886746,0.06845150094061087,0.0869433493882566
dPAM,distal_control,3,21,21.0,22.0,0.1266187318292456,0.06204942464322171,0.06456930718602388
dPAM,distal_control,3,22,22.0,23.0,0.16630900070544838,0.08287961131998652,0.08342938938546186
dPAM,distal_control,3,23,23.0,24.0,0.15223240778050756,0.09512947930894203,0.057102928471565534
dPAM,distal_control,3,24,24.0,25.0,0.12386768512274546,0.09271512688710773,0.03115255823563773
dPAM,distal_control,3,25,25.0,26.0,0.12816072277296803,0.06692720603958771,0.06123351673338032
dPAM,distal_control,3,26,26.0,27.0,0.10964439979195217,0.07733513333373151,0.03230926645822066
dPAM,distal_control,3,27,27.0,28.0,0.12797206205769526,0.07471499419365533,0.05325706786403993
dPAM,distal_control,3,28,28.0,29.0,0.11042678397552547,0.08236516903735776,0.02806161493816771
dPAM,distal_control,3,29,29.0,30.0,0.11537805396335044,0.09583591065297227,0.019542143310378166
dPAM,distal_control,3,30,30.0,31.0,0.13274622272062148,0.09861091238105035,0.03413531033957112
dPAM,distal_control,3,31,31.0,32.0,0.11485327284844901,0.08501484014219925,0.029838432706249765
dPAM,distal_control,3,32,32.0,33.0,0.09286956345372331,0.07035977815093959,0.02250978530278372
dPAM,distal_control,3,33,33.0,34.0,0.130836770231667,0.08140798376624084,0.04942878646542617
dPAM,distal_control,3,34,34.0,35.0,0.09490270154442085,0.07869600113199414,0.01620670041242671
dPAM,distal_control,3,35,35.0,36.0,0.0639104643985815,0.09290830247336526,-0.02899783807478376
dPAM,distal_control,3,36,36.0,37.0,0.06812065342125664,0.0921787808302964,-0.02405812740903976
dPAM,distal_control,3,37,37.0,38.0,0.09123598979144484,0.07898258767285847,0.012253402118586373
dPAM,distal_control,3,38,38.0,39.0,0.09656362077671343,0.09888010891877637,-0.0023164881420629363
dPAM,distal_control,3,39,39.0,40.0,0.1139845000995709,0.0926748607062262,0.021309639393344695
dPAM,distal_control,3,40,40.0,41.0,0.11140890146944596,0.08345555069047618,0.02795335077896978
dPAM,distal_control,3,41,41.0,42.0,0.10593325811243007,0.09103389037695073,0.01489936773547934
dPAM,distal_control,3,42,42.0,43.0,0.08428373003792859,0.10664370860690647,-0.02235997856897788
dPAM,distal_control,3,43,43.0,44.0,0.09157425590230266,0.10701417377847766,-0.015439917876175005
dPAM,distal_control,3,44,44.0,45.0,0.08347450428220007,0.08435459821694316,-0.000880093934743087
dPAM,distal_control,3,45,45.0,46.0,0.07573204516301034,0.08969114990474628,-0.013959104741735937
dPAM,distal_control,3,46,46.0,47.0,0.0762979782805318,0.07046199360606621,0.005835984674465583
dPAM,distal_control,3,47,47.0,48.0,0.1122272927359792,0.07068620564979565,0.04154108708618355
dPAM,distal_control,3,48,48.0,49.0,0.06804255296963273,0.09119569452880627,-0.023153141559173543
dPAM,distal_control,3,49,49.0,50.0,0.07564804888647102,0.10363174012654691,-0.027983691240075895
dPAM,intracellular_microswitches,1,0,0.0,1.0,0.07519121073755049,0.051644943082254285,0.023546267655296202
dPAM,intracellular_microswitches,1,1,1.0,2.0,0.11190277728219346,0.13653715245700118,-0.024634375174807724
dPAM,intracellular_microswitches,1,2,2.0,3.0,0.09422400720898898,0.1289917900391899,-0.03476778283020092
dPAM,intracellular_microswitches,1,3,3.0,4.0,0.07563119532101686,0.08703090610239195,-0.011399710781375083
dPAM,intracellular_microswitches,1,4,4.0,5.0,0.0937215007686533,0.09203429741013999,0.0016872033585133145
dPAM,intracellular_microswitches,1,5,5.0,6.0,0.08340209857065978,0.07815697432487696,0.0052451242457828146
dPAM,intracellular_microswitches,1,6,6.0,7.0,0.05857793066885354,0.07511084282990885,-0.016532912161055305
dPAM,intracellular_microswitches,1,7,7.0,8.0,0.06720090569041642,0.07419395001048128,-0.0069930443200648534
dPAM,intracellular_microswitches,1,8,8.0,9.0,0.06817881954221985,0.057713439246678676,0.010465380295541178
dPAM,intracellular_microswitches,1,9,9.0,10.0,0.07067439570845353,0.058456970045625785,0.012217425662827748
dPAM,intracellular_microswitches,1,10,10.0,11.0,0.0803406227411451,0.057533635507265105,0.02280698723388
dPAM,intracellular_microswitches,1,11,11.0,12.0,0.0708829865661522,0.07456572671497523,-0.003682740148823027
dPAM,intracellular_microswitches,1,12,12.0,13.0,0.06750127645947397,0.09598511051358669,-0.028483834054112714
dPAM,intracellular_microswitches,1,13,13.0,14.0,0.07294409022507072,0.06490653609868796,0.008037554126382754
dPAM,intracellular_microswitches,1,14,14.0,15.0,0.07498617958368961,0.058518278628822445,0.016467900954867165
dPAM,intracellular_microswitches,1,15,15.0,16.0,0.08435157784789701,0.08384936828419683,0.0005022095637001872
dPAM,intracellular_microswitches,1,16,16.0,17.0,0.07344389016107045,0.06735489091726785,0.006088999243802601
dPAM,intracellular_microswitches,1,17,17.0,18.0,0.05540992316120731,0.06760916379303089,-0.01219924063182358
dPAM,intracellular_microswitches,1,18,18.0,19.0,0.045719759983443194,0.08092255009459463,-0.03520279011115144
dPAM,intracellular_microswitches,1,19,19.0,20.0,0.07120858996375513,0.06972171622917872,0.0014868737345764133
dPAM,intracellular_microswitches,1,20,20.0,21.0,0.054978918431054666,0.06286102953385544,-0.007882111102800779
dPAM,intracellular_microswitches,1,21,21.0,22.0,0.05927398534280691,0.05935995673468222,-8.597139187531411e-05
dPAM,intracellular_microswitches,1,22,22.0,23.0,0.05864418980644999,0.06921854314476274,-0.010574353338312747
dPAM,intracellular_microswitches,1,23,23.0,24.0,0.07233246248433033,0.06980969422053288,0.0025227682637974508
dPAM,intracellular_microswitches,1,24,24.0,25.0,0.06909172333322278,0.0864490721547339,-0.017357348821511118
dPAM,intracellular_microswitches,1,25,25.0,26.0,0.0871582538801644,0.08203132626940766,0.00512692761075674
dPAM,intracellular_microswitches,1,26,26.0,27.0,0.08006055574348714,0.0659356728586582,0.014124882884828938
dPAM,intracellular_microswitches,1,27,27.0,28.0,0.05536465381469704,0.07077729751072787,-0.015412643696030827
dPAM,intracellular_microswitches,1,28,28.0,29.0,0.06924920617596304,0.07198633505211789,-0.0027371288761548485
dPAM,intracellular_microswitches,1,29,29.0,30.0,0.08909256438717313,0.09299342360478688,-0.003900859217613753
dPAM,intracellular_microswitches,1,30,30.0,31.0,0.08799681087562161,0.07187952384745877,0.01611728702816284
dPAM,intracellular_microswitches,1,31,31.0,32.0,0.06983810510621177,0.09603320264945915,-0.026195097543247378
dPAM,intracellular_microswitches,1,32,32.0,33.0,0.10208253800379112,0.08325517199311606,0.018827366010675056
dPAM,intracellular_microswitches,1,33,33.0,34.0,0.0741096765981198,0.06705229940234524,0.007057377195774567
dPAM,intracellular_microswitches,1,34,34.0,35.0,0.1085037494383848,0.07195811810804226,0.03654563133034254
dPAM,intracellular_microswitches,1,35,35.0,36.0,0.07580939070592067,0.06222799292602251,0.013581397779898162
dPAM,intracellular_microswitches,1,36,36.0,37.0,0.08123961984866244,0.08272576751737548,-0.0014861476687130365
dPAM,intracellular_microswitches,1,37,37.0,38.0,0.07914504403623954,0.06068192084333734,0.0184631231929022
dPAM,intracellular_microswitches,1,38,38.0,39.0,0.10522807154012533,0.06315990556397517,0.04206816597615015
dPAM,intracellular_microswitches,1,39,39.0,40.0,0.07880481539135231,0.061248107206001684,0.017556708185350628
dPAM,intracellular_microswitches,1,40,40.0,41.0,0.07950904060279729,0.059534549713282266,0.01997449088951502
dPAM,intracellular_microswitches,1,41,41.0,42.0,0.12231063270553644,0.0545175923195918,0.06779304038594464
dPAM,intracellular_microswitches,1,42,42.0,43.0,0.16186878227404317,0.08431980477125009,0.07754897750279308
dPAM,intracellular_microswitches,1,43,43.0,44.0,0.08275899696478463,0.04838975401062459,0.03436924295416004
dPAM,intracellular_microswitches,1,44,44.0,45.0,0.0803853474716856,0.06846497663865257,0.011920370833033031
dPAM,intracellular_microswitches,1,45,45.0,46.0,0.06173100541569368,0.07094127983948027,-0.009210274423786594
dPAM,intracellular_microswitches,1,46,46.0,47.0,0.07370229998023724,0.050807867412573725,0.022894432567663513
dPAM,intracellular_microswitches,1,47,47.0,48.0,0.09928528624412926,0.07319236548499942,0.026092920759129834
dPAM,intracellular_microswitches,1,48,48.0,49.0,0.08175569990041896,0.06746546843453947,0.014290231465879488
dPAM,intracellular_microswitches,1,49,49.0,50.0,0.08185841272753631,0.0778284287215026,0.0040299840060337155
dPAM,intracellular_microswitches,2,0,0.0,1.0,0.06768763760351058,0.06268617502392863,0.00500146257958195
dPAM,intracellular_microswitches,2,1,1.0,2.0,0.09838097416738413,0.09975259135509547,-0.0013716171877113381
dPAM,intracellular_microswitches,2,2,2.0,3.0,0.1257070564910003,0.11503007416335717,0.010676982327643136
dPAM,intracellular_microswitches,2,3,3.0,4.0,0.10847449677147161,0.08491005395055407,0.023564442820917547
dPAM,intracellular_microswitches,2,4,4.0,5.0,0.0955907273437959,0.09774048734970314,-0.0021497600059072475
dPAM,intracellular_microswitches,2,5,5.0,6.0,0.08845469385995117,0.0759938722432694,0.012460821616681772
dPAM,intracellular_microswitches,2,6,6.0,7.0,0.07961879289777868,0.07957567586372499,4.311703405368572e-05
dPAM,intracellular_microswitches,2,7,7.0,8.0,0.09121791431536849,0.06622278705928157,0.02499512725608692
dPAM,intracellular_microswitches,2,8,8.0,9.0,0.07961235183060142,0.09431806614477076,-0.014705714314169338
dPAM,intracellular_microswitches,2,9,9.0,10.0,0.09025071185570682,0.09403941877515193,-0.003788706919445106
dPAM,intracellular_microswitches,2,10,10.0,11.0,0.09764661604891625,0.07885431883062231,0.018792297218293938
dPAM,intracellular_microswitches,2,11,11.0,12.0,0.08906470692882257,0.07675457480221043,0.012310132126612139
dPAM,intracellular_microswitches,2,12,12.0,13.0,0.0945493163057847,0.09097022964606535,0.003579086659719344
dPAM,intracellular_microswitches,2,13,13.0,14.0,0.09633645839638214,0.11112991117664076,-0.01479345278025862
dPAM,intracellular_microswitches,2,14,14.0,15.0,0.10452200807886289,0.07944453011951022,0.025077477959352668
dPAM,intracellular_microswitches,2,15,15.0,16.0,0.09468152233957312,0.08237730409990414,0.012304218239668985
dPAM,intracellular_microswitches,2,16,16.0,17.0,0.0877802547529987,0.07476468255704904,0.013015572195949648
dPAM,intracellular_microswitches,2,17,17.0,18.0,0.08384607265451059,0.07380983304942418,0.010036239605086414
dPAM,intracellular_microswitches,2,18,18.0,19.0,0.08140214446185706,0.06812020968144093,0.01328193478041613
dPAM,intracellular_microswitches,2,19,19.0,20.0,0.07648612751680159,0.06207578063561751,0.014410346881184082
dPAM,intracellular_microswitches,2,20,20.0,21.0,0.08552836107499946,0.06347345548393862,0.02205490559106084
dPAM,intracellular_microswitches,2,21,21.0,22.0,0.07760104133468272,0.08042282339818879,-0.0028217820635060703
dPAM,intracellular_microswitches,2,22,22.0,23.0,0.09639584186517615,0.0645721498804598,0.03182369198471635
dPAM,intracellular_microswitches,2,23,23.0,24.0,0.08548140500881218,0.07348349883369241,0.011997906175119769
dPAM,intracellular_microswitches,2,24,24.0,25.0,0.09601218044140959,0.05929448278350908,0.03671769765790051
dPAM,intracellular_microswitches,2,25,25.0,26.0,0.08685282934137845,0.08299981059972507,0.0038530187416533773
dPAM,intracellular_microswitches,2,26,26.0,27.0,0.13102045929390446,0.07882200058031899,0.05219845871358547
dPAM,intracellular_microswitches,2,27,27.0,28.0,0.08560835470921983,0.06330582890117097,0.022302525808048868
dPAM,intracellular_microswitches,2,28,28.0,29.0,0.07981921430436754,0.08039162966787762,-0.0005724153635100759
dPAM,intracellular_microswitches,2,29,29.0,30.0,0.08329017059192848,0.09697357035047975,-0.013683399758551276
dPAM,intracellular_microswitches,2,30,30.0,31.0,0.133745804656723,0.07204033708926406,0.06170546756745894
dPAM,intracellular_microswitches,2,31,31.0,32.0,0.10741443932081297,0.06775262243789376,0.03966181688291921
dPAM,intracellular_microswitches,2,32,32.0,33.0,0.08704345951689274,0.07523325736105152,0.01181020215584122
dPAM,intracellular_microswitches,2,33,33.0,34.0,0.09314262492971694,0.07881759752393727,0.014325027405779664
dPAM,intracellular_microswitches,2,34,34.0,35.0,0.07631021934358094,0.08288750333372204,-0.006577283990141097
dPAM,intracellular_microswitches,2,35,35.0,36.0,0.08978480370218533,0.10622067673515538,-0.016435873032970047
dPAM,intracellular_microswitches,2,36,36.0,37.0,0.08154331095397496,0.08106792647878637,0.00047538447518859217
dPAM,intracellular_microswitches,2,37,37.0,38.0,0.08497200992683827,0.08102085458423884,0.003951155342599433
dPAM,intracellular_microswitches,2,38,38.0,39.0,0.07766513487590354,0.09367413295173004,-0.016008998075826494
dPAM,intracellular_microswitches,2,39,39.0,40.0,0.0991169102355194,0.10232709507751823,-0.0032101848419988366
dPAM,intracellular_microswitches,2,40,40.0,41.0,0.09029135377790692,0.07835180612493571,0.011939547652971214
dPAM,intracellular_microswitches,2,41,41.0,42.0,0.061517466730176856,0.09742470115143155,-0.035907234421254694
dPAM,intracellular_microswitches,2,42,42.0,43.0,0.06103083413164637,0.09448172488490443,-0.03345089075325806
dPAM,intracellular_microswitches,2,43,43.0,44.0,0.07117416975231224,0.09381943219957758,-0.02264526244726535
dPAM,intracellular_microswitches,2,44,44.0,45.0,0.08560448693539038,0.0884727236822063,-0.002868236746815911
dPAM,intracellular_microswitches,2,45,45.0,46.0,0.06247888734123706,0.08442045299656983,-0.02194156565533277
dPAM,intracellular_microswitches,2,46,46.0,47.0,0.0810454641114827,0.0992221224841679,-0.0181766583726852
dPAM,intracellular_microswitches,2,47,47.0,48.0,0.06974253774714953,0.07099304521600848,-0.0012505074688589496
dPAM,intracellular_microswitches,2,48,48.0,49.0,0.07861947201779308,0.06356443770010313,0.015055034317689953
dPAM,intracellular_microswitches,2,49,49.0,50.0,0.08411667811968292,0.08736433156021117,-0.003247653440528256
dPAM,intracellular_microswitches,3,0,0.0,1.0,0.07737129814448468,0.07022561904273478,0.007145679101749902
dPAM,intracellular_microswitches,3,1,1.0,2.0,0.09412008232688858,0.07694187913173066,0.01717820319515792
dPAM,intracellular_microswitches,3,2,2.0,3.0,0.07790389285773074,0.09870879604771719,-0.020804903189986457
dPAM,intracellular_microswitches,3,3,3.0,4.0,0.08723176789521217,0.10000364256430772,-0.012771874669095545
dPAM,intracellular_microswitches,3,4,4.0,5.0,0.09257020193009399,0.08305305391339267,0.009517148016701324
dPAM,intracellular_microswitches,3,5,5.0,6.0,0.10660661610426159,0.09549192344614209,0.011114692658119499
dPAM,intracellular_microswitches,3,6,6.0,7.0,0.07527807488909118,0.09834531044598947,-0.023067235556898297
dPAM,intracellular_microswitches,3,7,7.0,8.0,0.08208221882697819,0.11566255735808932,-0.03358033853111113
dPAM,intracellular_microswitches,3,8,8.0,9.0,0.06969051789341164,0.09642437928540062,-0.02673386139198898
dPAM,intracellular_microswitches,3,9,9.0,10.0,0.06014871075939636,0.09616164771371764,-0.036012936954321284
dPAM,intracellular_microswitches,3,10,10.0,11.0,0.06754792417207481,0.13523062322245682,-0.06768269905038202
dPAM,intracellular_microswitches,3,11,11.0,12.0,0.0843689494924076,0.12141984551706671,-0.03705089602465911
dPAM,intracellular_microswitches,3,12,12.0,13.0,0.07178819833631545,0.11214338082895269,-0.04035518249263724
dPAM,intracellular_microswitches,3,13,13.0,14.0,0.09587000093569381,0.11275250735225244,-0.016882506416558626
dPAM,intracellular_microswitches,3,14,14.0,15.0,0.07594689972171337,0.0955824873659826,-0.01963558764426923
dPAM,intracellular_microswitches,3,15,15.0,16.0,0.06019888826457515,0.11113838486844113,-0.05093949660386598
dPAM,intracellular_microswitches,3,16,16.0,17.0,0.062075290486525776,0.09968386306456908,-0.03760857257804331
dPAM,intracellular_microswitches,3,17,17.0,18.0,0.06336343264033883,0.08848124178243089,-0.02511780914209205
dPAM,intracellular_microswitches,3,18,18.0,19.0,0.07332097908536818,0.11208738444936794,-0.038766405363999765
dPAM,intracellular_microswitches,3,19,19.0,20.0,0.07281933931679152,0.06958902012848735,0.003230319188304173
dPAM,intracellular_microswitches,3,20,20.0,21.0,0.10732221033814575,0.06845150094061087,0.03887070939753488
dPAM,intracellular_microswitches,3,21,21.0,22.0,0.06353871516267626,0.06204942464322171,0.001489290519454546
dPAM,intracellular_microswitches,3,22,22.0,23.0,0.05806843694245034,0.08287961131998652,-0.024811174377536174
dPAM,intracellular_microswitches,3,23,23.0,24.0,0.051717550587983545,0.09512947930894203,-0.04341192872095848
dPAM,intracellular_microswitches,3,24,24.0,25.0,0.08435401681942531,0.09271512688710773,-0.00836111006768242
dPAM,intracellular_microswitches,3,25,25.0,26.0,0.07796420392813905,0.06692720603958771,0.011036997888551336
dPAM,intracellular_microswitches,3,26,26.0,27.0,0.08489189453488807,0.07733513333373151,0.007556761201156559
dPAM,intracellular_microswitches,3,27,27.0,28.0,0.07466941293430916,0.07471499419365533,-4.558125934617241e-05
dPAM,intracellular_microswitches,3,28,28.0,29.0,0.060830176725227586,0.08236516903735776,-0.02153499231213017
dPAM,intracellular_microswitches,3,29,29.0,30.0,0.08260842084529443,0.09583591065297227,-0.013227489807677836
dPAM,intracellular_microswitches,3,30,30.0,31.0,0.07175026546480442,0.09861091238105035,-0.026860646916245928
dPAM,intracellular_microswitches,3,31,31.0,32.0,0.08592882086897112,0.08501484014219925,0.0009139807267718736
dPAM,intracellular_microswitches,3,32,32.0,33.0,0.08145443024724554,0.07035977815093959,0.011094652096305946
dPAM,intracellular_microswitches,3,33,33.0,34.0,0.07047632070974186,0.08140798376624084,-0.01093166305649898
dPAM,intracellular_microswitches,3,34,34.0,35.0,0.08427774800183144,0.07869600113199414,0.005581746869837298
dPAM,intracellular_microswitches,3,35,35.0,36.0,0.07440124719524295,0.09290830247336526,-0.01850705527812231
dPAM,intracellular_microswitches,3,36,36.0,37.0,0.08946367903171253,0.0921787808302964,-0.002715101798583877
dPAM,intracellular_microswitches,3,37,37.0,38.0,0.07522291677404291,0.07898258767285847,-0.0037596708988155564
dPAM,intracellular_microswitches,3,38,38.0,39.0,0.11184535401988659,0.09888010891877637,0.012965245101110218
dPAM,intracellular_microswitches,3,39,39.0,40.0,0.06906198850567563,0.0926748607062262,-0.02361287220055057
dPAM,intracellular_microswitches,3,40,40.0,41.0,0.06522671092025933,0.08345555069047618,-0.018228839770216845
dPAM,intracellular_microswitches,3,41,41.0,42.0,0.09192429066366009,0.09103389037695073,0.0008904002867093641
dPAM,intracellular_microswitches,3,42,42.0,43.0,0.07586467928124893,0.10664370860690647,-0.030779029325657542
dPAM,intracellular_microswitches,3,43,43.0,44.0,0.08102108596794076,0.10701417377847766,-0.0259930878105369
dPAM,intracellular_microswitches,3,44,44.0,45.0,0.06414777524450464,0.08435459821694316,-0.020206822972438518
dPAM,intracellular_microswitches,3,45,45.0,46.0,0.06479929882805907,0.08969114990474628,-0.024891851076687205
dPAM,intracellular_microswitches,3,46,46.0,47.0,0.07635237767637063,0.07046199360606621,0.005890384070304414
dPAM,intracellular_microswitches,3,47,47.0,48.0,0.07887680918723927,0.07068620564979565,0.008190603537443622
dPAM,intracellular_microswitches,3,48,48.0,49.0,0.10072480004660994,0.09119569452880627,0.009529105517803671
dPAM,intracellular_microswitches,3,49,49.0,50.0,0.09095916771230167,0.10363174012654691,-0.012672572414245242
dPAM,orthosteric_activation_core,1,0,0.0,1.0,0.05848185777377114,0.051644943082254285,0.006836914691516857
dPAM,orthosteric_activation_core,1,1,1.0,2.0,0.07809860872051684,0.13653715245700118,-0.05843854373648434
dPAM,orthosteric_activation_core,1,2,2.0,3.0,0.07549505979409625,0.1289917900391899,-0.053496730245093646
dPAM,orthosteric_activation_core,1,3,3.0,4.0,0.0771174538210604,0.08703090610239195,-0.009913452281331545
dPAM,orthosteric_activation_core,1,4,4.0,5.0,0.08029641168437582,0.09203429741013999,-0.011737885725764174
dPAM,orthosteric_activation_core,1,5,5.0,6.0,0.09590602835168636,0.07815697432487696,0.017749054026809402
dPAM,orthosteric_activation_core,1,6,6.0,7.0,0.07497821605018037,0.07511084282990885,-0.00013262677972847303
dPAM,orthosteric_activation_core,1,7,7.0,8.0,0.07803536036450386,0.07419395001048128,0.0038414103540225786
dPAM,orthosteric_activation_core,1,8,8.0,9.0,0.09016806163725297,0.057713439246678676,0.03245462239057429
dPAM,orthosteric_activation_core,1,9,9.0,10.0,0.08627894993597197,0.058456970045625785,0.02782197989034619
dPAM,orthosteric_activation_core,1,10,10.0,11.0,0.06955079391620272,0.057533635507265105,0.01201715840893762
dPAM,orthosteric_activation_core,1,11,11.0,12.0,0.07632359013168685,0.07456572671497523,0.001757863416711622
dPAM,orthosteric_activation_core,1,12,12.0,13.0,0.07764157219434946,0.09598511051358669,-0.018343538319237226
dPAM,orthosteric_activation_core,1,13,13.0,14.0,0.09136931564605756,0.06490653609868796,0.0264627795473696
dPAM,orthosteric_activation_core,1,14,14.0,15.0,0.07539927416393774,0.058518278628822445,0.016880995535115295
dPAM,orthosteric_activation_core,1,15,15.0,16.0,0.07889006061293932,0.08384936828419683,-0.004959307671257504
dPAM,orthosteric_activation_core,1,16,16.0,17.0,0.09914644319615819,0.06735489091726785,0.03179155227889034
dPAM,orthosteric_activation_core,1,17,17.0,18.0,0.06579024940570834,0.06760916379303089,-0.0018189143873225538
dPAM,orthosteric_activation_core,1,18,18.0,19.0,0.1097129643258129,0.08092255009459463,0.028790414231218267
dPAM,orthosteric_activation_core,1,19,19.0,20.0,0.07198645822344539,0.06972171622917872,0.0022647419942666697
dPAM,orthosteric_activation_core,1,20,20.0,21.0,0.07202494755011819,0.06286102953385544,0.009163918016262748
dPAM,orthosteric_activation_core,1,21,21.0,22.0,0.07150256029987745,0.05935995673468222,0.012142603565195226
dPAM,orthosteric_activation_core,1,22,22.0,23.0,0.0888141506586092,0.06921854314476274,0.019595607513846466
dPAM,orthosteric_activation_core,1,23,23.0,24.0,0.10179124504742104,0.06980969422053288,0.031981550826888167
dPAM,orthosteric_activation_core,1,24,24.0,25.0,0.09097112380734228,0.0864490721547339,0.004522051652608383
dPAM,orthosteric_activation_core,1,25,25.0,26.0,0.08010313981410445,0.08203132626940766,-0.0019281864553032102
dPAM,orthosteric_activation_core,1,26,26.0,27.0,0.08558846073209733,0.0659356728586582,0.01965278787343913
dPAM,orthosteric_activation_core,1,27,27.0,28.0,0.06991552982872351,0.07077729751072787,-0.0008617676820043552
dPAM,orthosteric_activation_core,1,28,28.0,29.0,0.07541755388263086,0.07198633505211789,0.0034312188305129637
dPAM,orthosteric_activation_core,1,29,29.0,30.0,0.09505669272314067,0.09299342360478688,0.0020632691183537916
dPAM,orthosteric_activation_core,1,30,30.0,31.0,0.09047974557881279,0.07187952384745877,0.01860022173135402
dPAM,orthosteric_activation_core,1,31,31.0,32.0,0.08305428993298405,0.09603320264945915,-0.012978912716475097
dPAM,orthosteric_activation_core,1,32,32.0,33.0,0.07493205635215709,0.08325517199311606,-0.008323115640958972
dPAM,orthosteric_activation_core,1,33,33.0,34.0,0.07681533671216725,0.06705229940234524,0.009763037309822017
dPAM,orthosteric_activation_core,1,34,34.0,35.0,0.07676594129491628,0.07195811810804226,0.004807823186874019
dPAM,orthosteric_activation_core,1,35,35.0,36.0,0.0699613767355237,0.06222799292602251,0.007733383809501192
dPAM,orthosteric_activation_core,1,36,36.0,37.0,0.08045317638359531,0.08272576751737548,-0.002272591133780172
dPAM,orthosteric_activation_core,1,37,37.0,38.0,0.08367173426277554,0.06068192084333734,0.022989813419438197
dPAM,orthosteric_activation_core,1,38,38.0,39.0,0.07484067762421823,0.06315990556397517,0.011680772060243053
dPAM,orthosteric_activation_core,1,39,39.0,40.0,0.08963729457737386,0.061248107206001684,0.02838918737137218
dPAM,orthosteric_activation_core,1,40,40.0,41.0,0.11099532208308359,0.059534549713282266,0.05146077236980132
dPAM,orthosteric_activation_core,1,41,41.0,42.0,0.08847084342139519,0.0545175923195918,0.03395325110180339
dPAM,orthosteric_activation_core,1,42,42.0,43.0,0.10141056222179452,0.08431980477125009,0.017090757450544433
dPAM,orthosteric_activation_core,1,43,43.0,44.0,0.0799145610642683,0.04838975401062459,0.0315248070536437
dPAM,orthosteric_activation_core,1,44,44.0,45.0,0.07590647818271627,0.06846497663865257,0.0074415015440637
dPAM,orthosteric_activation_core,1,45,45.0,46.0,0.10605648282434667,0.07094127983948027,0.035115202984866395
dPAM,orthosteric_activation_core,1,46,46.0,47.0,0.0893492794486405,0.050807867412573725,0.03854141203606678
dPAM,orthosteric_activation_core,1,47,47.0,48.0,0.08560813767756492,0.07319236548499942,0.012415772192565497
dPAM,orthosteric_activation_core,1,48,48.0,49.0,0.07841666440551442,0.06746546843453947,0.01095119597097495
dPAM,orthosteric_activation_core,1,49,49.0,50.0,0.09413492179217094,0.0778284287215026,0.016306493070668338
dPAM,orthosteric_activation_core,2,0,0.0,1.0,0.06757965743176593,0.06268617502392863,0.004893482407837296
dPAM,orthosteric_activation_core,2,1,1.0,2.0,0.07464734058606733,0.09975259135509547,-0.025105250769028142
dPAM,orthosteric_activation_core,2,2,2.0,3.0,0.08042057653144265,0.11503007416335717,-0.034609497631914524
dPAM,orthosteric_activation_core,2,3,3.0,4.0,0.10632270702736273,0.08491005395055407,0.02141265307680866
dPAM,orthosteric_activation_core,2,4,4.0,5.0,0.07809195130017131,0.09774048734970314,-0.01964853604953183
dPAM,orthosteric_activation_core,2,5,5.0,6.0,0.10075207350259015,0.0759938722432694,0.024758201259320753
dPAM,orthosteric_activation_core,2,6,6.0,7.0,0.09512702042545713,0.07957567586372499,0.015551344561732142
dPAM,orthosteric_activation_core,2,7,7.0,8.0,0.060938382471657615,0.06622278705928157,-0.005284404587623956
dPAM,orthosteric_activation_core,2,8,8.0,9.0,0.09532835691978851,0.09431806614477076,0.0010102907750177553
dPAM,orthosteric_activation_core,2,9,9.0,10.0,0.10130483271889702,0.09403941877515193,0.007265413943745094
dPAM,orthosteric_activation_core,2,10,10.0,11.0,0.11544292537907809,0.07885431883062231,0.03658860654845578
dPAM,orthosteric_activation_core,2,11,11.0,12.0,0.10846550306911762,0.07675457480221043,0.03171092826690719
dPAM,orthosteric_activation_core,2,12,12.0,13.0,0.09972106371155096,0.09097022964606535,0.008750834065485602
dPAM,orthosteric_activation_core,2,13,13.0,14.0,0.08103754976513197,0.11112991117664076,-0.030092361411508783
dPAM,orthosteric_activation_core,2,14,14.0,15.0,0.08993885493569462,0.07944453011951022,0.010494324816184397
dPAM,orthosteric_activation_core,2,15,15.0,16.0,0.07445666627193852,0.08237730409990414,-0.007920637827965621
dPAM,orthosteric_activation_core,2,16,16.0,17.0,0.06793990711444915,0.07476468255704904,-0.0068247754425998924
dPAM,orthosteric_activation_core,2,17,17.0,18.0,0.08330455193789936,0.07380983304942418,0.009494718888475182
dPAM,orthosteric_activation_core,2,18,18.0,19.0,0.061799609849505256,0.06812020968144093,-0.006320599831935676
dPAM,orthosteric_activation_core,2,19,19.0,20.0,0.09699763265689522,0.06207578063561751,0.03492185202127771
dPAM,orthosteric_activation_core,2,20,20.0,21.0,0.0643406356241649,0.06347345548393862,0.0008671801402262702
dPAM,orthosteric_activation_core,2,21,21.0,22.0,0.05899851013114799,0.08042282339818879,-0.0214243132670408
dPAM,orthosteric_activation_core,2,22,22.0,23.0,0.09906604121244515,0.0645721498804598,0.034493891331985355
dPAM,orthosteric_activation_core,2,23,23.0,24.0,0.0643509798211016,0.07348349883369241,-0.009132519012590809
dPAM,orthosteric_activation_core,2,24,24.0,25.0,0.07382315659897741,0.05929448278350908,0.01452867381546833
dPAM,orthosteric_activation_core,2,25,25.0,26.0,0.0749934216219344,0.08299981059972507,-0.008006388977790671
dPAM,orthosteric_activation_core,2,26,26.0,27.0,0.09226246356929331,0.07882200058031899,0.01344046298897432
dPAM,orthosteric_activation_core,2,27,27.0,28.0,0.0632643280065474,0.06330582890117097,-4.150089462356954e-05
dPAM,orthosteric_activation_core,2,28,28.0,29.0,0.06773695699714233,0.08039162966787762,-0.012654672670735292
dPAM,orthosteric_activation_core,2,29,29.0,30.0,0.07228568628635335,0.09697357035047975,-0.024687884064126406
dPAM,orthosteric_activation_core,2,30,30.0,31.0,0.05180788125829509,0.07204033708926406,-0.020232455830968978
dPAM,orthosteric_activation_core,2,31,31.0,32.0,0.06656866333179433,0.06775262243789376,-0.0011839591060994331
dPAM,orthosteric_activation_core,2,32,32.0,33.0,0.08987319335018992,0.07523325736105152,0.014639935989138403
dPAM,orthosteric_activation_core,2,33,33.0,34.0,0.05490008253294311,0.07881759752393727,-0.023917514990994163
dPAM,orthosteric_activation_core,2,34,34.0,35.0,0.056710632881145154,0.08288750333372204,-0.026176870452576884
dPAM,orthosteric_activation_core,2,35,35.0,36.0,0.052342577095215594,0.10622067673515538,-0.05387809963993979
dPAM,orthosteric_activation_core,2,36,36.0,37.0,0.057663991943788205,0.08106792647878637,-0.023403934534998165
dPAM,orthosteric_activation_core,2,37,37.0,38.0,0.06482959558479552,0.08102085458423884,-0.01619125899944332
dPAM,orthosteric_activation_core,2,38,38.0,39.0,0.08175669079067441,0.09367413295173004,-0.011917442161055627
dPAM,orthosteric_activation_core,2,39,39.0,40.0,0.055053987141686064,0.10232709507751823,-0.04727310793583217
dPAM,orthosteric_activation_core,2,40,40.0,41.0,0.050059833605101155,0.07835180612493571,-0.028291972519834556
dPAM,orthosteric_activation_core,2,41,41.0,42.0,0.054933788372858255,0.09742470115143155,-0.042490912778573295
dPAM,orthosteric_activation_core,2,42,42.0,43.0,0.07062071841520753,0.09448172488490443,-0.023861006469696897
dPAM,orthosteric_activation_core,2,43,43.0,44.0,0.06551494364058072,0.09381943219957758,-0.028304488558996865
dPAM,orthosteric_activation_core,2,44,44.0,45.0,0.07634558704340921,0.0884727236822063,-0.012127136638797081
dPAM,orthosteric_activation_core,2,45,45.0,46.0,0.0550817250022361,0.08442045299656983,-0.029338727994333735
dPAM,orthosteric_activation_core,2,46,46.0,47.0,0.0686342760887113,0.0992221224841679,-0.0305878463954566
dPAM,orthosteric_activation_core,2,47,47.0,48.0,0.05351738748606775,0.07099304521600848,-0.01747565772994073
dPAM,orthosteric_activation_core,2,48,48.0,49.0,0.05097316714381547,0.06356443770010313,-0.012591270556287656
dPAM,orthosteric_activation_core,2,49,49.0,50.0,0.07586773666310197,0.08736433156021117,-0.011496594897109205
dPAM,orthosteric_activation_core,3,0,0.0,1.0,0.05477762826535157,0.07022561904273478,-0.015447990777383208
dPAM,orthosteric_activation_core,3,1,1.0,2.0,0.06157959198453022,0.07694187913173066,-0.015362287147200442
dPAM,orthosteric_activation_core,3,2,2.0,3.0,0.07862675074947494,0.09870879604771719,-0.020082045298242257
dPAM,orthosteric_activation_core,3,3,3.0,4.0,0.08399102232017792,0.10000364256430772,-0.01601262024412979
dPAM,orthosteric_activation_core,3,4,4.0,5.0,0.12092018262800698,0.08305305391339267,0.03786712871461431
dPAM,orthosteric_activation_core,3,5,5.0,6.0,0.10888316893998681,0.09549192344614209,0.013391245493844725
dPAM,orthosteric_activation_core,3,6,6.0,7.0,0.1031807377375408,0.09834531044598947,0.004835427291551328
dPAM,orthosteric_activation_core,3,7,7.0,8.0,0.08500140046564912,0.11566255735808932,-0.0306611568924402
dPAM,orthosteric_activation_core,3,8,8.0,9.0,0.10065352453109729,0.09642437928540062,0.004229145245696661
dPAM,orthosteric_activation_core,3,9,9.0,10.0,0.09741247061847483,0.09616164771371764,0.0012508229047571845
dPAM,orthosteric_activation_core,3,10,10.0,11.0,0.10331144503147711,0.13523062322245682,-0.03191917819097971
dPAM,orthosteric_activation_core,3,11,11.0,12.0,0.08286715462058332,0.12141984551706671,-0.03855269089648339
dPAM,orthosteric_activation_core,3,12,12.0,13.0,0.07814325079253927,0.11214338082895269,-0.03400013003641342
dPAM,orthosteric_activation_core,3,13,13.0,14.0,0.09477117562189585,0.11275250735225244,-0.017981331730356584
dPAM,orthosteric_activation_core,3,14,14.0,15.0,0.09424221224885715,0.0955824873659826,-0.0013402751171254501
dPAM,orthosteric_activation_core,3,15,15.0,16.0,0.08732526060041669,0.11113838486844113,-0.02381312426802444
dPAM,orthosteric_activation_core,3,16,16.0,17.0,0.09718750601447165,0.09968386306456908,-0.002496357050097431
dPAM,orthosteric_activation_core,3,17,17.0,18.0,0.10680697534061095,0.08848124178243089,0.01832573355818007
dPAM,orthosteric_activation_core,3,18,18.0,19.0,0.10454756840019454,0.11208738444936794,-0.007539816049173406
dPAM,orthosteric_activation_core,3,19,19.0,20.0,0.10215062969081856,0.06958902012848735,0.032561609562331215
dPAM,orthosteric_activation_core,3,20,20.0,21.0,0.09222409083239072,0.06845150094061087,0.023772589891779855
dPAM,orthosteric_activation_core,3,21,21.0,22.0,0.07001815280802558,0.06204942464322171,0.007968728164803866
dPAM,orthosteric_activation_core,3,22,22.0,23.0,0.08222793335954925,0.08287961131998652,-0.0006516779604372608
dPAM,orthosteric_activation_core,3,23,23.0,24.0,0.07528714627139974,0.09512947930894203,-0.019842333037542292
dPAM,orthosteric_activation_core,3,24,24.0,25.0,0.09903288252852975,0.09271512688710773,0.006317755641422021
dPAM,orthosteric_activation_core,3,25,25.0,26.0,0.07600578993894425,0.06692720603958771,0.009078583899356535
dPAM,orthosteric_activation_core,3,26,26.0,27.0,0.06582842688451811,0.07733513333373151,-0.011506706449213408
dPAM,orthosteric_activation_core,3,27,27.0,28.0,0.07284854072149417,0.07471499419365533,-0.0018664534721611614
dPAM,orthosteric_activation_core,3,28,28.0,29.0,0.06506206733780362,0.08236516903735776,-0.017303101699554138
dPAM,orthosteric_activation_core,3,29,29.0,30.0,0.07111831464822266,0.09583591065297227,-0.024717596004749612
dPAM,orthosteric_activation_core,3,30,30.0,31.0,0.08642166756108327,0.09861091238105035,-0.012189244819967082
dPAM,orthosteric_activation_core,3,31,31.0,32.0,0.07026537785297415,0.08501484014219925,-0.014749462289225093
dPAM,orthosteric_activation_core,3,32,32.0,33.0,0.07738762433957264,0.07035977815093959,0.007027846188633044
dPAM,orthosteric_activation_core,3,33,33.0,34.0,0.07921238021295801,0.08140798376624084,-0.0021956035532828266
dPAM,orthosteric_activation_core,3,34,34.0,35.0,0.06996052178088065,0.07869600113199414,-0.00873547935111349
dPAM,orthosteric_activation_core,3,35,35.0,36.0,0.07892353542557624,0.09290830247336526,-0.013984767047789018
dPAM,orthosteric_activation_core,3,36,36.0,37.0,0.06389912452395644,0.0921787808302964,-0.028279656306339968
dPAM,orthosteric_activation_core,3,37,37.0,38.0,0.07439590472492853,0.07898258767285847,-0.004586682947929938
dPAM,orthosteric_activation_core,3,38,38.0,39.0,0.0933262655122631,0.09888010891877637,-0.00555384340651327
dPAM,orthosteric_activation_core,3,39,39.0,40.0,0.07915052095747262,0.0926748607062262,-0.013524339748753583
dPAM,orthosteric_activation_core,3,40,40.0,41.0,0.06521426474679008,0.08345555069047618,-0.018241285943686097
dPAM,orthosteric_activation_core,3,41,41.0,42.0,0.06606165931558348,0.09103389037695073,-0.024972231061367242
dPAM,orthosteric_activation_core,3,42,42.0,43.0,0.06696115614416864,0.10664370860690647,-0.03968255246273783
dPAM,orthosteric_activation_core,3,43,43.0,44.0,0.06552768039261096,0.10701417377847766,-0.0414864933858667
dPAM,orthosteric_activation_core,3,44,44.0,45.0,0.09031497653318064,0.08435459821694316,0.005960378316237483
dPAM,orthosteric_activation_core,3,45,45.0,46.0,0.07741641820417085,0.08969114990474628,-0.012274731700575428
dPAM,orthosteric_activation_core,3,46,46.0,47.0,0.07809347143123949,0.07046199360606621,0.0076314778251732746
dPAM,orthosteric_activation_core,3,47,47.0,48.0,0.08531531357223314,0.07068620564979565,0.01462910792243749
dPAM,orthosteric_activation_core,3,48,48.0,49.0,0.07806309091816031,0.09119569452880627,-0.013132603610645957
dPAM,orthosteric_activation_core,3,49,49.0,50.0,0.0773367616253077,0.10363174012654691,-0.026294978501239213
dPAM,orthosteric_contact_union,1,0,0.0,1.0,0.055469174778728036,0.051644943082254285,0.003824231696473751
dPAM,orthosteric_contact_union,1,1,1.0,2.0,0.0709222286034362,0.13653715245700118,-0.06561492385356499
dPAM,orthosteric_contact_union,1,2,2.0,3.0,0.07026474231386853,0.1289917900391899,-0.05872704772532136
dPAM,orthosteric_contact_union,1,3,3.0,4.0,0.07022788168814698,0.08703090610239195,-0.01680302441424497
dPAM,orthosteric_contact_union,1,4,4.0,5.0,0.07722526865974029,0.09203429741013999,-0.014809028750399703
dPAM,orthosteric_contact_union,1,5,5.0,6.0,0.09058728089817943,0.07815697432487696,0.012430306573302463
dPAM,orthosteric_contact_union,1,6,6.0,7.0,0.07008014149978162,0.07511084282990885,-0.00503070133012723
dPAM,orthosteric_contact_union,1,7,7.0,8.0,0.07806924108563097,0.07419395001048128,0.003875291075149695
dPAM,orthosteric_contact_union,1,8,8.0,9.0,0.08367303626201351,0.057713439246678676,0.02595959701533484
dPAM,orthosteric_contact_union,1,9,9.0,10.0,0.08156830370225383,0.058456970045625785,0.02311133365662805
dPAM,orthosteric_contact_union,1,10,10.0,11.0,0.06743478605460639,0.057533635507265105,0.00990115054734128
dPAM,orthosteric_contact_union,1,11,11.0,12.0,0.07108349916339839,0.07456572671497523,-0.003482227551576844
dPAM,orthosteric_contact_union,1,12,12.0,13.0,0.07522045953359179,0.09598511051358669,-0.0207646509799949
dPAM,orthosteric_contact_union,1,13,13.0,14.0,0.0839959160997655,0.06490653609868796,0.019089380001077544
dPAM,orthosteric_contact_union,1,14,14.0,15.0,0.07198242128712472,0.058518278628822445,0.013464142658302272
dPAM,orthosteric_contact_union,1,15,15.0,16.0,0.07328429006218183,0.08384936828419683,-0.010565078222014995
dPAM,orthosteric_contact_union,1,16,16.0,17.0,0.08928033717686118,0.06735489091726785,0.021925446259593334
dPAM,orthosteric_contact_union,1,17,17.0,18.0,0.05957786558468813,0.06760916379303089,-0.008031298208342759
dPAM,orthosteric_contact_union,1,18,18.0,19.0,0.09508558345511889,0.08092255009459463,0.014163033360524255
dPAM,orthosteric_contact_union,1,19,19.0,20.0,0.06707781693509149,0.06972171622917872,-0.002643899294087232
dPAM,orthosteric_contact_union,1,20,20.0,21.0,0.06425103537509232,0.06286102953385544,0.0013900058412368715
dPAM,orthosteric_contact_union,1,21,21.0,22.0,0.06819800200413317,0.05935995673468222,0.00883804526945095
dPAM,orthosteric_contact_union,1,22,22.0,23.0,0.08457014344115356,0.06921854314476274,0.015351600296390822
dPAM,orthosteric_contact_union,1,23,23.0,24.0,0.09387054078234083,0.06980969422053288,0.024060846561807958
dPAM,orthosteric_contact_union,1,24,24.0,25.0,0.0849468830671331,0.0864490721547339,-0.0015021890876007887
dPAM,orthosteric_contact_union,1,25,25.0,26.0,0.07671801928209455,0.08203132626940766,-0.00531330698731311
dPAM,orthosteric_contact_union,1,26,26.0,27.0,0.07809218937242753,0.0659356728586582,0.012156516513769325
dPAM,orthosteric_contact_union,1,27,27.0,28.0,0.06665205496824704,0.07077729751072787,-0.004125242542480825
dPAM,orthosteric_contact_union,1,28,28.0,29.0,0.06946659352189803,0.07198633505211789,-0.00251974153021986
dPAM,orthosteric_contact_union,1,29,29.0,30.0,0.08738983843481522,0.09299342360478688,-0.005603585169971656
dPAM,orthosteric_contact_union,1,30,30.0,31.0,0.08092070591195845,0.07187952384745877,0.009041182064499678
dPAM,orthosteric_contact_union,1,31,31.0,32.0,0.0766430778533875,0.09603320264945915,-0.019390124796071648
dPAM,orthosteric_contact_union,1,32,32.0,33.0,0.0712628076581188,0.08325517199311606,-0.011992364334997258
dPAM,orthosteric_contact_union,1,33,33.0,34.0,0.07177805458031102,0.06705229940234524,0.004725755177965779
dPAM,orthosteric_contact_union,1,34,34.0,35.0,0.0715033532299472,0.07195811810804226,-0.0004547648780950514
dPAM,orthosteric_contact_union,1,35,35.0,36.0,0.06583646288053759,0.06222799292602251,0.003608469954515074
dPAM,orthosteric_contact_union,1,36,36.0,37.0,0.07507679532296507,0.08272576751737548,-0.007648972194410408
dPAM,orthosteric_contact_union,1,37,37.0,38.0,0.07516810045380354,0.06068192084333734,0.0144861796104662
dPAM,orthosteric_contact_union,1,38,38.0,39.0,0.06916879158970023,0.06315990556397517,0.006008886025725052
dPAM,orthosteric_contact_union,1,39,39.0,40.0,0.08407277868246751,0.061248107206001684,0.02282467147646583
dPAM,orthosteric_contact_union,1,40,40.0,41.0,0.10495495726579591,0.059534549713282266,0.04542040755251365
dPAM,orthosteric_contact_union,1,41,41.0,42.0,0.0801461867162637,0.0545175923195918,0.025628594396671894
dPAM,orthosteric_contact_union,1,42,42.0,43.0,0.09634973250995525,0.08431980477125009,0.012029927738705162
dPAM,orthosteric_contact_union,1,43,43.0,44.0,0.07477957177021362,0.04838975401062459,0.026389817759589027
dPAM,orthosteric_contact_union,1,44,44.0,45.0,0.07036051361051938,0.06846497663865257,0.0018955369718668125
dPAM,orthosteric_contact_union,1,45,45.0,46.0,0.10237621776454799,0.07094127983948027,0.03143493792506771
dPAM,orthosteric_contact_union,1,46,46.0,47.0,0.08479766802034809,0.050807867412573725,0.033989800607774366
dPAM,orthosteric_contact_union,1,47,47.0,48.0,0.08231067583144377,0.07319236548499942,0.00911831034644435
dPAM,orthosteric_contact_union,1,48,48.0,49.0,0.07184730016925103,0.06746546843453947,0.004381831734711558
dPAM,orthosteric_contact_union,1,49,49.0,50.0,0.08653431172492579,0.0778284287215026,0.00870588300342319
dPAM,orthosteric_contact_union,2,0,0.0,1.0,0.06342088822630813,0.06268617502392863,0.0007347132023795
dPAM,orthosteric_contact_union,2,1,1.0,2.0,0.07227614630869039,0.09975259135509547,-0.027476445046405076
dPAM,orthosteric_contact_union,2,2,2.0,3.0,0.0750344851445266,0.11503007416335717,-0.039995589018830574
dPAM,orthosteric_contact_union,2,3,3.0,4.0,0.09991125700729978,0.08491005395055407,0.01500120305674571
dPAM,orthosteric_contact_union,2,4,4.0,5.0,0.0732147984871085,0.09774048734970314,-0.02452568886259464
dPAM,orthosteric_contact_union,2,5,5.0,6.0,0.09658862152399912,0.0759938722432694,0.020594749280729727
dPAM,orthosteric_contact_union,2,6,6.0,7.0,0.08788916302133518,0.07957567586372499,0.008313487157610183
dPAM,orthosteric_contact_union,2,7,7.0,8.0,0.06035053710390625,0.06622278705928157,-0.0058722499553753235
dPAM,orthosteric_contact_union,2,8,8.0,9.0,0.09107208578898567,0.09431806614477076,-0.0032459803557850914
dPAM,orthosteric_contact_union,2,9,9.0,10.0,0.09096694148419038,0.09403941877515193,-0.0030724772909615505
dPAM,orthosteric_contact_union,2,10,10.0,11.0,0.1052502764162795,0.07885431883062231,0.026395957585657187
dPAM,orthosteric_contact_union,2,11,11.0,12.0,0.10129825289707,0.07675457480221043,0.024543678094859578
dPAM,orthosteric_contact_union,2,12,12.0,13.0,0.09466991601399713,0.09097022964606535,0.003699686367931776
dPAM,orthosteric_contact_union,2,13,13.0,14.0,0.07408192493399147,0.11112991117664076,-0.03704798624264928
dPAM,orthosteric_contact_union,2,14,14.0,15.0,0.08120303427141913,0.07944453011951022,0.00175850415190891
dPAM,orthosteric_contact_union,2,15,15.0,16.0,0.07405246581467226,0.08237730409990414,-0.00832483828523188
dPAM,orthosteric_contact_union,2,16,16.0,17.0,0.06415855069348643,0.07476468255704904,-0.010606131863562615
dPAM,orthosteric_contact_union,2,17,17.0,18.0,0.07734617481966545,0.07380983304942418,0.003536341770241272
dPAM,orthosteric_contact_union,2,18,18.0,19.0,0.056831210188437155,0.06812020968144093,-0.011288999493003778
dPAM,orthosteric_contact_union,2,19,19.0,20.0,0.09481210720314572,0.06207578063561751,0.03273632656752821
dPAM,orthosteric_contact_union,2,20,20.0,21.0,0.06220397302273466,0.06347345548393862,-0.0012694824612039662
dPAM,orthosteric_contact_union,2,21,21.0,22.0,0.05541822117901253,0.08042282339818879,-0.02500460221917626
dPAM,orthosteric_contact_union,2,22,22.0,23.0,0.0912372324645882,0.0645721498804598,0.026665082584128405
dPAM,orthosteric_contact_union,2,23,23.0,24.0,0.06109203288635919,0.07348349883369241,-0.012391465947333223
dPAM,orthosteric_contact_union,2,24,24.0,25.0,0.07218008047592012,0.05929448278350908,0.012885597692411037
dPAM,orthosteric_contact_union,2,25,25.0,26.0,0.07482383083180977,0.08299981059972507,-0.0081759797679153
dPAM,orthosteric_contact_union,2,26,26.0,27.0,0.08994696323095448,0.07882200058031899,0.011124962650635492
dPAM,orthosteric_contact_union,2,27,27.0,28.0,0.05953438964197801,0.06330582890117097,-0.0037714392591929533
dPAM,orthosteric_contact_union,2,28,28.0,29.0,0.0665273117544307,0.08039162966787762,-0.013864317913446916
dPAM,orthosteric_contact_union,2,29,29.0,30.0,0.06781858701737244,0.09697357035047975,-0.029154983333107315
dPAM,orthosteric_contact_union,2,30,30.0,31.0,0.04912747656307793,0.07204033708926406,-0.022912860526186137
dPAM,orthosteric_contact_union,2,31,31.0,32.0,0.06296553639691783,0.06775262243789376,-0.004787086040975927
dPAM,orthosteric_contact_union,2,32,32.0,33.0,0.08188993402473951,0.07523325736105152,0.006656676663687994
dPAM,orthosteric_contact_union,2,33,33.0,34.0,0.05539562280224581,0.07881759752393727,-0.02342197472169146
dPAM,orthosteric_contact_union,2,34,34.0,35.0,0.05391658687700166,0.08288750333372204,-0.028970916456720376
dPAM,orthosteric_contact_union,2,35,35.0,36.0,0.0520697850106754,0.10622067673515538,-0.05415089172447998
dPAM,orthosteric_contact_union,2,36,36.0,37.0,0.05648781757810862,0.08106792647878637,-0.02458010890067775
dPAM,orthosteric_contact_union,2,37,37.0,38.0,0.06737457778432494,0.08102085458423884,-0.013646276799913898
dPAM,orthosteric_contact_union,2,38,38.0,39.0,0.0762733873977398,0.09367413295173004,-0.017400745553990238
dPAM,orthosteric_contact_union,2,39,39.0,40.0,0.053229077851479366,0.10232709507751823,-0.04909801722603887
dPAM,orthosteric_contact_union,2,40,40.0,41.0,0.0503191905577927,0.07835180612493571,-0.02803261556714301
dPAM,orthosteric_contact_union,2,41,41.0,42.0,0.05650376544321819,0.09742470115143155,-0.04092093570821336
dPAM,orthosteric_contact_union,2,42,42.0,43.0,0.07514331487910283,0.09448172488490443,-0.019338410005801596
dPAM,orthosteric_contact_union,2,43,43.0,44.0,0.06240813721548328,0.09381943219957758,-0.031411294984094305
dPAM,orthosteric_contact_union,2,44,44.0,45.0,0.06960389182512507,0.0884727236822063,-0.018868831857081228
dPAM,orthosteric_contact_union,2,45,45.0,46.0,0.05207841878150346,0.08442045299656983,-0.03234203421506637
dPAM,orthosteric_contact_union,2,46,46.0,47.0,0.07022005159288826,0.0992221224841679,-0.029002070891279638
dPAM,orthosteric_contact_union,2,47,47.0,48.0,0.05232969520124124,0.07099304521600848,-0.018663350014767238
dPAM,orthosteric_contact_union,2,48,48.0,49.0,0.049854908073232534,0.06356443770010313,-0.013709529626870595
dPAM,orthosteric_contact_union,2,49,49.0,50.0,0.06998868700762279,0.08736433156021117,-0.017375644552588387
dPAM,orthosteric_contact_union,3,0,0.0,1.0,0.05612640858236131,0.07022561904273478,-0.01409921046037347
dPAM,orthosteric_contact_union,3,1,1.0,2.0,0.05759026313447636,0.07694187913173066,-0.019351615997254296
dPAM,orthosteric_contact_union,3,2,2.0,3.0,0.07483082387759009,0.09870879604771719,-0.023877972170127104
dPAM,orthosteric_contact_union,3,3,3.0,4.0,0.0791930698413761,0.10000364256430772,-0.020810572722931617
dPAM,orthosteric_contact_union,3,4,4.0,5.0,0.11249902883897664,0.08305305391339267,0.02944597492558397
dPAM,orthosteric_contact_union,3,5,5.0,6.0,0.10032944672159241,0.09549192344614209,0.0048375232754503256
dPAM,orthosteric_contact_union,3,6,6.0,7.0,0.0954346425679436,0.09834531044598947,-0.002910667878045878
dPAM,orthosteric_contact_union,3,7,7.0,8.0,0.07925601262336522,0.11566255735808932,-0.0364065447347241
dPAM,orthosteric_contact_union,3,8,8.0,9.0,0.09583446244579542,0.09642437928540062,-0.0005899168396052007
dPAM,orthosteric_contact_union,3,9,9.0,10.0,0.09441229923141925,0.09616164771371764,-0.0017493484822983935
dPAM,orthosteric_contact_union,3,10,10.0,11.0,0.09747579909010351,0.13523062322245682,-0.037754824132353315
dPAM,orthosteric_contact_union,3,11,11.0,12.0,0.07585382594429144,0.12141984551706671,-0.04556601957277527
dPAM,orthosteric_contact_union,3,12,12.0,13.0,0.0737320903355361,0.11214338082895269,-0.038411290493416586
dPAM,orthosteric_contact_union,3,13,13.0,14.0,0.08888700483677522,0.11275250735225244,-0.023865502515477213
dPAM,orthosteric_contact_union,3,14,14.0,15.0,0.08521825041620086,0.0955824873659826,-0.010364236949781738
dPAM,orthosteric_contact_union,3,15,15.0,16.0,0.0830290012206553,0.11113838486844113,-0.028109383647785827
dPAM,orthosteric_contact_union,3,16,16.0,17.0,0.09952357543791882,0.09968386306456908,-0.0001602876266502684
dPAM,orthosteric_contact_union,3,17,17.0,18.0,0.09564931955341013,0.08848124178243089,0.007168077770979248
dPAM,orthosteric_contact_union,3,18,18.0,19.0,0.09562090040323833,0.11208738444936794,-0.016466484046129617
dPAM,orthosteric_contact_union,3,19,19.0,20.0,0.09493818916323367,0.06958902012848735,0.02534916903474632
dPAM,orthosteric_contact_union,3,20,20.0,21.0,0.08351910287927929,0.06845150094061087,0.01506760193866842
dPAM,orthosteric_contact_union,3,21,21.0,22.0,0.0645615285948248,0.06204942464322171,0.0025121039516030827
dPAM,orthosteric_contact_union,3,22,22.0,23.0,0.07346682307748473,0.08287961131998652,-0.009412788242501788
dPAM,orthosteric_contact_union,3,23,23.0,24.0,0.06742939268652534,0.09512947930894203,-0.027700086622416686
dPAM,orthosteric_contact_union,3,24,24.0,25.0,0.09227471969970272,0.09271512688710773,-0.00044040718740501195
dPAM,orthosteric_contact_union,3,25,25.0,26.0,0.07110084457750701,0.06692720603958771,0.0041736385379193
dPAM,orthosteric_contact_union,3,26,26.0,27.0,0.06497178336926365,0.07733513333373151,-0.012363349964467862
dPAM,orthosteric_contact_union,3,27,27.0,28.0,0.06864822889534537,0.07471499419365533,-0.006066765298309962
dPAM,orthosteric_contact_union,3,28,28.0,29.0,0.06062470839405819,0.08236516903735776,-0.02174046064329957
dPAM,orthosteric_contact_union,3,29,29.0,30.0,0.06820558201794234,0.09583591065297227,-0.027630328635029927
dPAM,orthosteric_contact_union,3,30,30.0,31.0,0.08259238849933155,0.09861091238105035,-0.016018523881718802
dPAM,orthosteric_contact_union,3,31,31.0,32.0,0.06628032179682986,0.08501484014219925,-0.01873451834536939
dPAM,orthosteric_contact_union,3,32,32.0,33.0,0.07654983550802118,0.07035977815093959,0.006190057357081585
dPAM,orthosteric_contact_union,3,33,33.0,34.0,0.07669323584474827,0.08140798376624084,-0.004714747921492568
dPAM,orthosteric_contact_union,3,34,34.0,35.0,0.06366128344764455,0.07869600113199414,-0.015034717684349594
dPAM,orthosteric_contact_union,3,35,35.0,36.0,0.07275867505553968,0.09290830247336526,-0.020149627417825583
dPAM,orthosteric_contact_union,3,36,36.0,37.0,0.06034640955842657,0.0921787808302964,-0.03183237127186983
dPAM,orthosteric_contact_union,3,37,37.0,38.0,0.06921514639615159,0.07898258767285847,-0.009767441276706881
dPAM,orthosteric_contact_union,3,38,38.0,39.0,0.08647032438973279,0.09888010891877637,-0.01240978452904358
dPAM,orthosteric_contact_union,3,39,39.0,40.0,0.07254135810094939,0.0926748607062262,-0.020133502605276812
dPAM,orthosteric_contact_union,3,40,40.0,41.0,0.062492554573621774,0.08345555069047618,-0.020962996116854406
dPAM,orthosteric_contact_union,3,41,41.0,42.0,0.06104117266838358,0.09103389037695073,-0.029992717708567145
dPAM,orthosteric_contact_union,3,42,42.0,43.0,0.06422186389484896,0.10664370860690647,-0.04242184471205751
dPAM,orthosteric_contact_union,3,43,43.0,44.0,0.06288197512520237,0.10701417377847766,-0.04413219865327529
dPAM,orthosteric_contact_union,3,44,44.0,45.0,0.08476193668185658,0.08435459821694316,0.0004073384649134204
dPAM,orthosteric_contact_union,3,45,45.0,46.0,0.07026213696197987,0.08969114990474628,-0.019429012942766402
dPAM,orthosteric_contact_union,3,46,46.0,47.0,0.06937959685891916,0.07046199360606621,-0.001082396747147052
dPAM,orthosteric_contact_union,3,47,47.0,48.0,0.07848836446131865,0.07068620564979565,0.007802158811523005
dPAM,orthosteric_contact_union,3,48,48.0,49.0,0.07220355380623886,0.09119569452880627,-0.018992140722567413
dPAM,orthosteric_contact_union,3,49,49.0,50.0,0.0697994325738819,0.10363174012654691,-0.03383230755266502
dPAM,pam_contact_consensus,1,0,0.0,1.0,0.06798599368943674,0.051644943082254285,0.016341050607182453
dPAM,pam_contact_consensus,1,1,1.0,2.0,0.08535321836550165,0.13653715245700118,-0.05118393409149953
dPAM,pam_contact_consensus,1,2,2.0,3.0,0.08770097054176497,0.1289917900391899,-0.04129081949742493
dPAM,pam_contact_consensus,1,3,3.0,4.0,0.08105769901437639,0.08703090610239195,-0.005973207088015561
dPAM,pam_contact_consensus,1,4,4.0,5.0,0.09551864637829716,0.09203429741013999,0.0034843489681571638
dPAM,pam_contact_consensus,1,5,5.0,6.0,0.12085109631197721,0.07815697432487696,0.04269412198710025
dPAM,pam_contact_consensus,1,6,6.0,7.0,0.09408661636113218,0.07511084282990885,0.01897577353122333
dPAM,pam_contact_consensus,1,7,7.0,8.0,0.09382085100903564,0.07419395001048128,0.019626900998554367
dPAM,pam_contact_consensus,1,8,8.0,9.0,0.08244239438954895,0.057713439246678676,0.024728955142870275
dPAM,pam_contact_consensus,1,9,9.0,10.0,0.12861568249766214,0.058456970045625785,0.07015871245203636
dPAM,pam_contact_consensus,1,10,10.0,11.0,0.11163084268573932,0.057533635507265105,0.054097207178474216
dPAM,pam_contact_consensus,1,11,11.0,12.0,0.09932365766506307,0.07456572671497523,0.02475793095008784
dPAM,pam_contact_consensus,1,12,12.0,13.0,0.09428539468021599,0.09598511051358669,-0.0016997158333706963
dPAM,pam_contact_consensus,1,13,13.0,14.0,0.11528817528039871,0.06490653609868796,0.05038163918171075
dPAM,pam_contact_consensus,1,14,14.0,15.0,0.13345625346249748,0.058518278628822445,0.07493797483367504
dPAM,pam_contact_consensus,1,15,15.0,16.0,0.15143506001294965,0.08384936828419683,0.06758569172875283
dPAM,pam_contact_consensus,1,16,16.0,17.0,0.11401295169160314,0.06735489091726785,0.04665806077433529
dPAM,pam_contact_consensus,1,17,17.0,18.0,0.1060279945186123,0.06760916379303089,0.038418830725581415
dPAM,pam_contact_consensus,1,18,18.0,19.0,0.08759486293293094,0.08092255009459463,0.006672312838336303
dPAM,pam_contact_consensus,1,19,19.0,20.0,0.10261112504602138,0.06972171622917872,0.03288940881684266
dPAM,pam_contact_consensus,1,20,20.0,21.0,0.12460455476809494,0.06286102953385544,0.061743525234239496
dPAM,pam_contact_consensus,1,21,21.0,22.0,0.1012876810301779,0.05935995673468222,0.04192772429549568
dPAM,pam_contact_consensus,1,22,22.0,23.0,0.1169955042493492,0.06921854314476274,0.04777696110458646
dPAM,pam_contact_consensus,1,23,23.0,24.0,0.10677159909489647,0.06980969422053288,0.0369619048743636
dPAM,pam_contact_consensus,1,24,24.0,25.0,0.11064698758887988,0.0864490721547339,0.024197915434145983
dPAM,pam_contact_consensus,1,25,25.0,26.0,0.10037485834069985,0.08203132626940766,0.01834353207129219
dPAM,pam_contact_consensus,1,26,26.0,27.0,0.1076505774872168,0.0659356728586582,0.041714904628558605
dPAM,pam_contact_consensus,1,27,27.0,28.0,0.10480545202832538,0.07077729751072787,0.03402815451759751
dPAM,pam_contact_consensus,1,28,28.0,29.0,0.10488069934697367,0.07198633505211789,0.032894364294855774
dPAM,pam_contact_consensus,1,29,29.0,30.0,0.1002417648530077,0.09299342360478688,0.007248341248220824
dPAM,pam_contact_consensus,1,30,30.0,31.0,0.11016777868970991,0.07187952384745877,0.03828825484225114
dPAM,pam_contact_consensus,1,31,31.0,32.0,0.09841672697364437,0.09603320264945915,0.0023835243241852183
dPAM,pam_contact_consensus,1,32,32.0,33.0,0.11960555734280814,0.08325517199311606,0.03635038534969208
dPAM,pam_contact_consensus,1,33,33.0,34.0,0.10546082834963151,0.06705229940234524,0.038408528947286275
dPAM,pam_contact_consensus,1,34,34.0,35.0,0.1103918592177181,0.07195811810804226,0.038433741109675845
dPAM,pam_contact_consensus,1,35,35.0,36.0,0.12280070097913359,0.06222799292602251,0.06057270805311108
dPAM,pam_contact_consensus,1,36,36.0,37.0,0.12352876689461222,0.08272576751737548,0.040802999377236734
dPAM,pam_contact_consensus,1,37,37.0,38.0,0.10138386929190407,0.06068192084333734,0.040701948448566734
dPAM,pam_contact_consensus,1,38,38.0,39.0,0.11095427074023154,0.06315990556397517,0.04779436517625636
dPAM,pam_contact_consensus,1,39,39.0,40.0,0.09595600982944633,0.061248107206001684,0.03470790262344464
dPAM,pam_contact_consensus,1,40,40.0,41.0,0.10515075170065256,0.059534549713282266,0.0456162019873703
dPAM,pam_contact_consensus,1,41,41.0,42.0,0.11871172891052749,0.0545175923195918,0.06419413659093569
dPAM,pam_contact_consensus,1,42,42.0,43.0,0.12952918573325806,0.08431980477125009,0.04520938096200797
dPAM,pam_contact_consensus,1,43,43.0,44.0,0.12046054727099251,0.04838975401062459,0.07207079326036792
dPAM,pam_contact_consensus,1,44,44.0,45.0,0.11571123958624717,0.06846497663865257,0.0472462629475946
dPAM,pam_contact_consensus,1,45,45.0,46.0,0.11929023863658063,0.07094127983948027,0.048348958797100355
dPAM,pam_contact_consensus,1,46,46.0,47.0,0.1193572624477625,0.050807867412573725,0.06854939503518878
dPAM,pam_contact_consensus,1,47,47.0,48.0,0.1297456819233469,0.07319236548499942,0.056553316438347476
dPAM,pam_contact_consensus,1,48,48.0,49.0,0.12241477437944281,0.06746546843453947,0.05494930594490334
dPAM,pam_contact_consensus,1,49,49.0,50.0,0.13633307674405618,0.0778284287215026,0.058504648022553576
dPAM,pam_contact_consensus,2,0,0.0,1.0,0.10189211205687276,0.06268617502392863,0.03920593703294413
dPAM,pam_contact_consensus,2,1,1.0,2.0,0.08456249299335314,0.09975259135509547,-0.01519009836174233
dPAM,pam_contact_consensus,2,2,2.0,3.0,0.07118192541484841,0.11503007416335717,-0.04384814874850876
dPAM,pam_contact_consensus,2,3,3.0,4.0,0.0951806860944507,0.08491005395055407,0.010270632143896632
dPAM,pam_contact_consensus,2,4,4.0,5.0,0.11221188950032564,0.09774048734970314,0.014471402150622495
dPAM,pam_contact_consensus,2,5,5.0,6.0,0.08192078745722509,0.0759938722432694,0.005926915213955691
dPAM,pam_contact_consensus,2,6,6.0,7.0,0.09699299695133784,0.07957567586372499,0.017417321087612847
dPAM,pam_contact_consensus,2,7,7.0,8.0,0.08887082721501426,0.06622278705928157,0.022648040155732685
dPAM,pam_contact_consensus,2,8,8.0,9.0,0.07908311381068613,0.09431806614477076,-0.015234952334084631
dPAM,pam_contact_consensus,2,9,9.0,10.0,0.07844403300430226,0.09403941877515193,-0.015595385770849665
dPAM,pam_contact_consensus,2,10,10.0,11.0,0.08436915190972834,0.07885431883062231,0.005514833079106024
dPAM,pam_contact_consensus,2,11,11.0,12.0,0.07715091036414093,0.07675457480221043,0.0003963355619304998
dPAM,pam_contact_consensus,2,12,12.0,13.0,0.07179112118841782,0.09097022964606535,-0.01917910845764753
dPAM,pam_contact_consensus,2,13,13.0,14.0,0.08610620255453029,0.11112991117664076,-0.025023708622110466
dPAM,pam_contact_consensus,2,14,14.0,15.0,0.10122453871117425,0.07944453011951022,0.021780008591664027
dPAM,pam_contact_consensus,2,15,15.0,16.0,0.09902948801132759,0.08237730409990414,0.01665218391142345
dPAM,pam_contact_consensus,2,16,16.0,17.0,0.07414944547360937,0.07476468255704904,-0.0006152370834396764
dPAM,pam_contact_consensus,2,17,17.0,18.0,0.09012715234588982,0.07380983304942418,0.01631731929646564
dPAM,pam_contact_consensus,2,18,18.0,19.0,0.08270994092311056,0.06812020968144093,0.014589731241669623
dPAM,pam_contact_consensus,2,19,19.0,20.0,0.10105506709606994,0.06207578063561751,0.038979286460452435
dPAM,pam_contact_consensus,2,20,20.0,21.0,0.10013454817912135,0.06347345548393862,0.03666109269518272
dPAM,pam_contact_consensus,2,21,21.0,22.0,0.08116539604594916,0.08042282339818879,0.00074257264776037
dPAM,pam_contact_consensus,2,22,22.0,23.0,0.08089958597825755,0.0645721498804598,0.016327436097797757
dPAM,pam_contact_consensus,2,23,23.0,24.0,0.07252993959613342,0.07348349883369241,-0.000953559237558993
dPAM,pam_contact_consensus,2,24,24.0,25.0,0.07495061958279074,0.05929448278350908,0.015656136799281663
dPAM,pam_contact_consensus,2,25,25.0,26.0,0.07170482071833142,0.08299981059972507,-0.011294989881393644
dPAM,pam_contact_consensus,2,26,26.0,27.0,0.07409958875833726,0.07882200058031899,-0.0047224118219817285
dPAM,pam_contact_consensus,2,27,27.0,28.0,0.08931112309049265,0.06330582890117097,0.02600529418932168
dPAM,pam_contact_consensus,2,28,28.0,29.0,0.09603214420997222,0.08039162966787762,0.0156405145420946
dPAM,pam_contact_consensus,2,29,29.0,30.0,0.08672840438109426,0.09697357035047975,-0.010245165969385489
dPAM,pam_contact_consensus,2,30,30.0,31.0,0.10430487652966032,0.07204033708926406,0.032264539440396256
dPAM,pam_contact_consensus,2,31,31.0,32.0,0.11066357741046828,0.06775262243789376,0.04291095497257452
dPAM,pam_contact_consensus,2,32,32.0,33.0,0.11417309815365392,0.07523325736105152,0.038939840792602404
dPAM,pam_contact_consensus,2,33,33.0,34.0,0.10209797852949205,0.07881759752393727,0.02328038100555478
dPAM,pam_contact_consensus,2,34,34.0,35.0,0.10476471483067634,0.08288750333372204,0.021877211496954305
dPAM,pam_contact_consensus,2,35,35.0,36.0,0.09262912745798396,0.10622067673515538,-0.01359154927717142
dPAM,pam_contact_consensus,2,36,36.0,37.0,0.07838328969038677,0.08106792647878637,-0.0026846367883995997
dPAM,pam_contact_consensus,2,37,37.0,38.0,0.07258681823755846,0.08102085458423884,-0.008434036346680385
dPAM,pam_contact_consensus,2,38,38.0,39.0,0.08879944004045838,0.09367413295173004,-0.004874692911271655
dPAM,pam_contact_consensus,2,39,39.0,40.0,0.07882519950730235,0.10232709507751823,-0.023501895570215883
dPAM,pam_contact_consensus,2,40,40.0,41.0,0.09337473711191763,0.07835180612493571,0.015022930986981917
dPAM,pam_contact_consensus,2,41,41.0,42.0,0.08188802197171391,0.09742470115143155,-0.015536679179717641
dPAM,pam_contact_consensus,2,42,42.0,43.0,0.07394544393128626,0.09448172488490443,-0.020536280953618175
dPAM,pam_contact_consensus,2,43,43.0,44.0,0.09380563469879594,0.09381943219957758,-1.3797500781648209e-05
dPAM,pam_contact_consensus,2,44,44.0,45.0,0.0819577052983058,0.0884727236822063,-0.006515018383900492
dPAM,pam_contact_consensus,2,45,45.0,46.0,0.10130354836919854,0.08442045299656983,0.016883095372628706
dPAM,pam_contact_consensus,2,46,46.0,47.0,0.08202141394624538,0.0992221224841679,-0.01720070853792252
dPAM,pam_contact_consensus,2,47,47.0,48.0,0.08401025203137127,0.07099304521600848,0.013017206815362795
dPAM,pam_contact_consensus,2,48,48.0,49.0,0.08610949095084824,0.06356443770010313,0.022545053250745115
dPAM,pam_contact_consensus,2,49,49.0,50.0,0.0854621746826985,0.08736433156021117,-0.0019021568775126757
dPAM,pam_contact_consensus,3,0,0.0,1.0,0.11098308054701604,0.07022561904273478,0.040757461504281264
dPAM,pam_contact_consensus,3,1,1.0,2.0,0.10582404096132206,0.07694187913173066,0.0288821618295914
dPAM,pam_contact_consensus,3,2,2.0,3.0,0.11839223223011068,0.09870879604771719,0.019683436182393488
dPAM,pam_contact_consensus,3,3,3.0,4.0,0.12210428501402024,0.10000364256430772,0.02210064244971252
dPAM,pam_contact_consensus,3,4,4.0,5.0,0.1570591893970877,0.08305305391339267,0.07400613548369504
dPAM,pam_contact_consensus,3,5,5.0,6.0,0.16138085820035736,0.09549192344614209,0.06588893475421527
dPAM,pam_contact_consensus,3,6,6.0,7.0,0.13973850484811876,0.09834531044598947,0.04139319440212928
dPAM,pam_contact_consensus,3,7,7.0,8.0,0.12712568595212756,0.11566255735808932,0.011463128594038238
dPAM,pam_contact_consensus,3,8,8.0,9.0,0.13352553945980786,0.09642437928540062,0.03710116017440723
dPAM,pam_contact_consensus,3,9,9.0,10.0,0.14708363536896296,0.09616164771371764,0.05092198765524532
dPAM,pam_contact_consensus,3,10,10.0,11.0,0.17222562630875174,0.13523062322245682,0.036995003086294914
dPAM,pam_contact_consensus,3,11,11.0,12.0,0.15693968770567499,0.12141984551706671,0.03551984218860828
dPAM,pam_contact_consensus,3,12,12.0,13.0,0.13405560077977816,0.11214338082895269,0.02191221995082547
dPAM,pam_contact_consensus,3,13,13.0,14.0,0.13819455609835143,0.11275250735225244,0.025442048746098997
dPAM,pam_contact_consensus,3,14,14.0,15.0,0.12259213372504954,0.0955824873659826,0.02700964635906694
dPAM,pam_contact_consensus,3,15,15.0,16.0,0.12612268075565508,0.11113838486844113,0.01498429588721395
dPAM,pam_contact_consensus,3,16,16.0,17.0,0.13084124449688334,0.09968386306456908,0.03115738143231425
dPAM,pam_contact_consensus,3,17,17.0,18.0,0.146199715568705,0.08848124178243089,0.05771847378627412
dPAM,pam_contact_consensus,3,18,18.0,19.0,0.11224789674168892,0.11208738444936794,0.00016051229232097453
dPAM,pam_contact_consensus,3,19,19.0,20.0,0.1254380138946929,0.06958902012848735,0.05584899376620554
dPAM,pam_contact_consensus,3,20,20.0,21.0,0.0963763865966049,0.06845150094061087,0.027924885655994033
dPAM,pam_contact_consensus,3,21,21.0,22.0,0.10669212908415403,0.06204942464322171,0.04464270444093232
dPAM,pam_contact_consensus,3,22,22.0,23.0,0.11243637678861135,0.08287961131998652,0.029556765468624832
dPAM,pam_contact_consensus,3,23,23.0,24.0,0.11337791605027928,0.09512947930894203,0.01824843674133725
dPAM,pam_contact_consensus,3,24,24.0,25.0,0.12172587733933399,0.09271512688710773,0.029010750452226258
dPAM,pam_contact_consensus,3,25,25.0,26.0,0.11156316194804593,0.06692720603958771,0.044635955908458216
dPAM,pam_contact_consensus,3,26,26.0,27.0,0.11688618174447535,0.07733513333373151,0.03955104841074383
dPAM,pam_contact_consensus,3,27,27.0,28.0,0.11689918125341618,0.07471499419365533,0.04218418705976085
dPAM,pam_contact_consensus,3,28,28.0,29.0,0.1111447800824476,0.08236516903735776,0.028779611045089845
dPAM,pam_contact_consensus,3,29,29.0,30.0,0.10490880423393786,0.09583591065297227,0.009072893580965594
dPAM,pam_contact_consensus,3,30,30.0,31.0,0.12265269313835228,0.09861091238105035,0.024041780757301928
dPAM,pam_contact_consensus,3,31,31.0,32.0,0.12693308507395343,0.08501484014219925,0.04191824493175418
dPAM,pam_contact_consensus,3,32,32.0,33.0,0.14582274012216118,0.07035977815093959,0.07546296197122158
dPAM,pam_contact_consensus,3,33,33.0,34.0,0.11066538613054273,0.08140798376624084,0.029257402364301896
dPAM,pam_contact_consensus,3,34,34.0,35.0,0.09329050048448594,0.07869600113199414,0.014594499352491797
dPAM,pam_contact_consensus,3,35,35.0,36.0,0.09685723687328605,0.09290830247336526,0.003948934399920792
dPAM,pam_contact_consensus,3,36,36.0,37.0,0.12574170365140633,0.0921787808302964,0.033562922821109925
dPAM,pam_contact_consensus,3,37,37.0,38.0,0.127965861016145,0.07898258767285847,0.04898327334328652
dPAM,pam_contact_consensus,3,38,38.0,39.0,0.15167861156577184,0.09888010891877637,0.05279850264699547
dPAM,pam_contact_consensus,3,39,39.0,40.0,0.11601266221423198,0.0926748607062262,0.02333780150800578
dPAM,pam_contact_consensus,3,40,40.0,41.0,0.1104991446407594,0.08345555069047618,0.027043593950283218
dPAM,pam_contact_consensus,3,41,41.0,42.0,0.11517826940916252,0.09103389037695073,0.024144379032211796
dPAM,pam_contact_consensus,3,42,42.0,43.0,0.11189622363974855,0.10664370860690647,0.0052525150328420755
dPAM,pam_contact_consensus,3,43,43.0,44.0,0.1079544536951246,0.10701417377847766,0.0009402799166469411
dPAM,pam_contact_consensus,3,44,44.0,45.0,0.12727872827898443,0.08435459821694316,0.042924130062041266
dPAM,pam_contact_consensus,3,45,45.0,46.0,0.1144478960895266,0.08969114990474628,0.024756746184780326
dPAM,pam_contact_consensus,3,46,46.0,47.0,0.12929102645142296,0.07046199360606621,0.058829032845356746
dPAM,pam_contact_consensus,3,47,47.0,48.0,0.12647681909464845,0.07068620564979565,0.055790613444852796
dPAM,pam_contact_consensus,3,48,48.0,49.0,0.12048621399006498,0.09119569452880627,0.029290519461258713
dPAM,pam_contact_consensus,3,49,49.0,50.0,0.12522611005657525,0.10363174012654691,0.021594369930028334
dPAM,pam_contact_union,1,0,0.0,1.0,0.06325051530383512,0.051644943082254285,0.011605572221580832
dPAM,pam_contact_union,1,1,1.0,2.0,0.07662238111773444,0.13653715245700118,-0.059914771339266745
dPAM,pam_contact_union,1,2,2.0,3.0,0.07746400408666017,0.1289917900391899,-0.05152778595252973
dPAM,pam_contact_union,1,3,3.0,4.0,0.0724502833523027,0.08703090610239195,-0.014580622750089242
dPAM,pam_contact_union,1,4,4.0,5.0,0.0816211171184715,0.09203429741013999,-0.010413180291668489
dPAM,pam_contact_union,1,5,5.0,6.0,0.10582305015321224,0.07815697432487696,0.027666075828335274
dPAM,pam_contact_union,1,6,6.0,7.0,0.08095001580648344,0.07511084282990885,0.005839172976574589
dPAM,pam_contact_union,1,7,7.0,8.0,0.07801678871182259,0.07419395001048128,0.0038228387013413134
dPAM,pam_contact_union,1,8,8.0,9.0,0.07582011611790682,0.057713439246678676,0.01810667687122814
dPAM,pam_contact_union,1,9,9.0,10.0,0.10110469321670042,0.058456970045625785,0.04264772317107463
dPAM,pam_contact_union,1,10,10.0,11.0,0.0939625162515092,0.057533635507265105,0.036428880744244094
dPAM,pam_contact_union,1,11,11.0,12.0,0.08236559331200814,0.07456572671497523,0.007799866597032912
dPAM,pam_contact_union,1,12,12.0,13.0,0.08658265641266989,0.09598511051358669,-0.009402454100916793
dPAM,pam_contact_union,1,13,13.0,14.0,0.10915240058402917,0.06490653609868796,0.04424586448534121
dPAM,pam_contact_union,1,14,14.0,15.0,0.11462726954898424,0.058518278628822445,0.05610899092016179
dPAM,pam_contact_union,1,15,15.0,16.0,0.1289150710256295,0.08384936828419683,0.045065702741432664
dPAM,pam_contact_union,1,16,16.0,17.0,0.09306774994861561,0.06735489091726785,0.025712859031347762
dPAM,pam_contact_union,1,17,17.0,18.0,0.0856803788579554,0.06760916379303089,0.018071215064924512
dPAM,pam_contact_union,1,18,18.0,19.0,0.0796420073966693,0.08092255009459463,-0.0012805426979253381
dPAM,pam_contact_union,1,19,19.0,20.0,0.08589335044913698,0.06972171622917872,0.016171634219958264
dPAM,pam_contact_union,1,20,20.0,21.0,0.09918377741773125,0.06286102953385544,0.03632274788387581
dPAM,pam_contact_union,1,21,21.0,22.0,0.08195960247441486,0.05935995673468222,0.022599645739732638
dPAM,pam_contact_union,1,22,22.0,23.0,0.10034682804883831,0.06921854314476274,0.03112828490407557
dPAM,pam_contact_union,1,23,23.0,24.0,0.08696046282488905,0.06980969422053288,0.017150768604356173
dPAM,pam_contact_union,1,24,24.0,25.0,0.09042850970531126,0.0864490721547339,0.003979437550577364
dPAM,pam_contact_union,1,25,25.0,26.0,0.07837565202364011,0.08203132626940766,-0.0036556742457675567
dPAM,pam_contact_union,1,26,26.0,27.0,0.08088175284641996,0.0659356728586582,0.014946079987761762
dPAM,pam_contact_union,1,27,27.0,28.0,0.07623443065168257,0.07077729751072787,0.005457133140954709
dPAM,pam_contact_union,1,28,28.0,29.0,0.0859692932820095,0.07198633505211789,0.01398295822989161
dPAM,pam_contact_union,1,29,29.0,30.0,0.081996985221504,0.09299342360478688,-0.010996438383282875
dPAM,pam_contact_union,1,30,30.0,31.0,0.08791274252896253,0.07187952384745877,0.016033218681503758
dPAM,pam_contact_union,1,31,31.0,32.0,0.08168491396810025,0.09603320264945915,-0.0143482886813589
dPAM,pam_contact_union,1,32,32.0,33.0,0.0969167918895326,0.08325517199311606,0.013661619896416538
dPAM,pam_contact_union,1,33,33.0,34.0,0.08156429329911537,0.06705229940234524,0.014511993896770131
dPAM,pam_contact_union,1,34,34.0,35.0,0.0874886241193486,0.07195811810804226,0.015530506011306344
dPAM,pam_contact_union,1,35,35.0,36.0,0.09200598836393904,0.06222799292602251,0.02977799543791653
dPAM,pam_contact_union,1,36,36.0,37.0,0.10243347884172903,0.08272576751737548,0.019707711324353547
dPAM,pam_contact_union,1,37,37.0,38.0,0.08085491547070471,0.06068192084333734,0.020172994627367373
dPAM,pam_contact_union,1,38,38.0,39.0,0.08997928012516555,0.06315990556397517,0.02681937456119038
dPAM,pam_contact_union,1,39,39.0,40.0,0.08253055834230247,0.061248107206001684,0.021282451136300784
dPAM,pam_contact_union,1,40,40.0,41.0,0.0843030464497425,0.059534549713282266,0.024768496736460234
dPAM,pam_contact_union,1,41,41.0,42.0,0.0919499819807864,0.0545175923195918,0.037432389661194596
dPAM,pam_contact_union,1,42,42.0,43.0,0.1029315741857624,0.08431980477125009,0.018611769414512314
dPAM,pam_contact_union,1,43,43.0,44.0,0.0954143547344791,0.04838975401062459,0.047024600723854504
dPAM,pam_contact_union,1,44,44.0,45.0,0.08945994323852045,0.06846497663865257,0.02099496659986788
dPAM,pam_contact_union,1,45,45.0,46.0,0.09723731385161993,0.07094127983948027,0.02629603401213966
dPAM,pam_contact_union,1,46,46.0,47.0,0.0912404033326716,0.050807867412573725,0.04043253592009787
dPAM,pam_contact_union,1,47,47.0,48.0,0.09817309324483471,0.07319236548499942,0.024980727759835286
dPAM,pam_contact_union,1,48,48.0,49.0,0.09167000069058125,0.06746546843453947,0.024204532256041772
dPAM,pam_contact_union,1,49,49.0,50.0,0.10947345147817372,0.0778284287215026,0.03164502275667112
dPAM,pam_contact_union,2,0,0.0,1.0,0.08354927627262686,0.06268617502392863,0.020863101248698224
dPAM,pam_contact_union,2,1,1.0,2.0,0.07999710410020895,0.09975259135509547,-0.019755487254886517
dPAM,pam_contact_union,2,2,2.0,3.0,0.07881456372990772,0.11503007416335717,-0.03621551043344945
dPAM,pam_contact_union,2,3,3.0,4.0,0.09326153444447835,0.08491005395055407,0.008351480493924285
dPAM,pam_contact_union,2,4,4.0,5.0,0.11016589401390106,0.09774048734970314,0.012425406664197919
dPAM,pam_contact_union,2,5,5.0,6.0,0.08730919117684806,0.0759938722432694,0.011315318933578664
dPAM,pam_contact_union,2,6,6.0,7.0,0.08035833833021007,0.07957567586372499,0.0007826624664850762
dPAM,pam_contact_union,2,7,7.0,8.0,0.08473140146974746,0.06622278705928157,0.01850861441046589
dPAM,pam_contact_union,2,8,8.0,9.0,0.08344185330851715,0.09431806614477076,-0.010876212836253604
dPAM,pam_contact_union,2,9,9.0,10.0,0.07279824146819185,0.09403941877515193,-0.021241177306960082
dPAM,pam_contact_union,2,10,10.0,11.0,0.07959301719793062,0.07885431883062231,0.0007386983673083047
dPAM,pam_contact_union,2,11,11.0,12.0,0.07224763268940262,0.07675457480221043,-0.004506942112807805
dPAM,pam_contact_union,2,12,12.0,13.0,0.06682295794207381,0.09097022964606535,-0.024147271703991544
dPAM,pam_contact_union,2,13,13.0,14.0,0.06810762605908831,0.11112991117664076,-0.04302228511755245
dPAM,pam_contact_union,2,14,14.0,15.0,0.06925583303787576,0.07944453011951022,-0.01018869708163446
dPAM,pam_contact_union,2,15,15.0,16.0,0.0826588545906549,0.08237730409990414,0.0002815504907507649
dPAM,pam_contact_union,2,16,16.0,17.0,0.06604067843773817,0.07476468255704904,-0.008724004119310874
dPAM,pam_contact_union,2,17,17.0,18.0,0.07387837784239387,0.07380983304942418,6.854479296969362e-05
dPAM,pam_contact_union,2,18,18.0,19.0,0.07180568560939386,0.06812020968144093,0.0036854759279529303
dPAM,pam_contact_union,2,19,19.0,20.0,0.08290799890861307,0.06207578063561751,0.020832218272995563
dPAM,pam_contact_union,2,20,20.0,21.0,0.0807562930436812,0.06347345548393862,0.01728283755974258
dPAM,pam_contact_union,2,21,21.0,22.0,0.06953904309117595,0.08042282339818879,-0.010883780307012841
dPAM,pam_contact_union,2,22,22.0,23.0,0.06896873269345388,0.0645721498804598,0.004396582812994085
dPAM,pam_contact_union,2,23,23.0,24.0,0.06167250930756137,0.07348349883369241,-0.011810989526131042
dPAM,pam_contact_union,2,24,24.0,25.0,0.06457176367643978,0.05929448278350908,0.005277280892930704
dPAM,pam_contact_union,2,25,25.0,26.0,0.0633485796037776,0.08299981059972507,-0.01965123099594747
dPAM,pam_contact_union,2,26,26.0,27.0,0.060883203820964064,0.07882200058031899,-0.017938796759354926
dPAM,pam_contact_union,2,27,27.0,28.0,0.06956846824446608,0.06330582890117097,0.006262639343295115
dPAM,pam_contact_union,2,28,28.0,29.0,0.07723320734776848,0.08039162966787762,-0.0031584223201091416
dPAM,pam_contact_union,2,29,29.0,30.0,0.06703130605554161,0.09697357035047975,-0.02994226429493814
dPAM,pam_contact_union,2,30,30.0,31.0,0.08718643434933325,0.07204033708926406,0.015146097260069186
dPAM,pam_contact_union,2,31,31.0,32.0,0.08987059784207753,0.06775262243789376,0.022117975404183768
dPAM,pam_contact_union,2,32,32.0,33.0,0.08678773182398102,0.07523325736105152,0.011554474462929495
dPAM,pam_contact_union,2,33,33.0,34.0,0.08890195479769662,0.07881759752393727,0.01008435727375935
dPAM,pam_contact_union,2,34,34.0,35.0,0.08622251838387134,0.08288750333372204,0.003335015050149298
dPAM,pam_contact_union,2,35,35.0,36.0,0.07792425668932644,0.10622067673515538,-0.02829642004582894
dPAM,pam_contact_union,2,36,36.0,37.0,0.0644800892326774,0.08106792647878637,-0.016587837246108975
dPAM,pam_contact_union,2,37,37.0,38.0,0.0616362346100087,0.08102085458423884,-0.01938461997423014
dPAM,pam_contact_union,2,38,38.0,39.0,0.0769981339248949,0.09367413295173004,-0.016675999026835142
dPAM,pam_contact_union,2,39,39.0,40.0,0.07223667069831083,0.10232709507751823,-0.030090424379207406
dPAM,pam_contact_union,2,40,40.0,41.0,0.07230532258248082,0.07835180612493571,-0.006046483542454892
dPAM,pam_contact_union,2,41,41.0,42.0,0.06413852907055112,0.09742470115143155,-0.03328617208088043
dPAM,pam_contact_union,2,42,42.0,43.0,0.057156568156480875,0.09448172488490443,-0.037325156728423556
dPAM,pam_contact_union,2,43,43.0,44.0,0.0721815975719488,0.09381943219957758,-0.02163783462762879
dPAM,pam_contact_union,2,44,44.0,45.0,0.06339539613739487,0.0884727236822063,-0.02507732754481143
dPAM,pam_contact_union,2,45,45.0,46.0,0.07115106424624024,0.08442045299656983,-0.013269388750329597
dPAM,pam_contact_union,2,46,46.0,47.0,0.07115589771513568,0.0992221224841679,-0.028066224769032214
dPAM,pam_contact_union,2,47,47.0,48.0,0.06601826504832005,0.07099304521600848,-0.004974780167688431
dPAM,pam_contact_union,2,48,48.0,49.0,0.07689290280086762,0.06356443770010313,0.013328465100764492
dPAM,pam_contact_union,2,49,49.0,50.0,0.0780553770659065,0.08736433156021117,-0.009308954494304675
dPAM,pam_contact_union,3,0,0.0,1.0,0.10975929064969192,0.07022561904273478,0.039533671606957144
dPAM,pam_contact_union,3,1,1.0,2.0,0.11297761419696144,0.07694187913173066,0.03603573506523078
dPAM,pam_contact_union,3,2,2.0,3.0,0.10796099261850735,0.09870879604771719,0.009252196570790155
dPAM,pam_contact_union,3,3,3.0,4.0,0.08753173403344731,0.10000364256430772,-0.012471908530860401
dPAM,pam_contact_union,3,4,4.0,5.0,0.1324060356002809,0.08305305391339267,0.049352981686888245
dPAM,pam_contact_union,3,5,5.0,6.0,0.14926264709163084,0.09549192344614209,0.05377072364548875
dPAM,pam_contact_union,3,6,6.0,7.0,0.11658256778475705,0.09834531044598947,0.018237257338767576
dPAM,pam_contact_union,3,7,7.0,8.0,0.09826504335805897,0.11566255735808932,-0.017397514000030354
dPAM,pam_contact_union,3,8,8.0,9.0,0.1146720964246291,0.09642437928540062,0.018247717139228473
dPAM,pam_contact_union,3,9,9.0,10.0,0.12727460779310681,0.09616164771371764,0.03111296007938917
dPAM,pam_contact_union,3,10,10.0,11.0,0.1579318634030273,0.13523062322245682,0.022701240180570487
dPAM,pam_contact_union,3,11,11.0,12.0,0.14271143647678375,0.12141984551706671,0.02129159095971704
dPAM,pam_contact_union,3,12,12.0,13.0,0.11809655409673282,0.11214338082895269,0.0059531732677801374
dPAM,pam_contact_union,3,13,13.0,14.0,0.12294300515572905,0.11275250735225244,0.010190497803476611
dPAM,pam_contact_union,3,14,14.0,15.0,0.09724732453991797,0.0955824873659826,0.0016648371739353685
dPAM,pam_contact_union,3,15,15.0,16.0,0.10036057942104251,0.11113838486844113,-0.01077780544739862
dPAM,pam_contact_union,3,16,16.0,17.0,0.10617268702343552,0.09968386306456908,0.006488823958866435
dPAM,pam_contact_union,3,17,17.0,18.0,0.11700077270298008,0.08848124178243089,0.028519530920549194
dPAM,pam_contact_union,3,18,18.0,19.0,0.09127160418053078,0.11208738444936794,-0.020815780268837167
dPAM,pam_contact_union,3,19,19.0,20.0,0.10965983646225508,0.06958902012848735,0.04007081633376773
dPAM,pam_contact_union,3,20,20.0,21.0,0.08084095431949861,0.06845150094061087,0.01238945337888775
dPAM,pam_contact_union,3,21,21.0,22.0,0.09021214747165181,0.06204942464322171,0.028162722828430096
dPAM,pam_contact_union,3,22,22.0,23.0,0.09489848018955635,0.08287961131998652,0.012018868869569835
dPAM,pam_contact_union,3,23,23.0,24.0,0.09268111045724846,0.09512947930894203,-0.002448368851693569
dPAM,pam_contact_union,3,24,24.0,25.0,0.09720631937226064,0.09271512688710773,0.004491192485152909
dPAM,pam_contact_union,3,25,25.0,26.0,0.08781746524626384,0.06692720603958771,0.02089025920667613
dPAM,pam_contact_union,3,26,26.0,27.0,0.09174772022864305,0.07733513333373151,0.014412586894911539
dPAM,pam_contact_union,3,27,27.0,28.0,0.08899454464717661,0.07471499419365533,0.014279550453521278
dPAM,pam_contact_union,3,28,28.0,29.0,0.09228053123275982,0.08236516903735776,0.009915362195402067
dPAM,pam_contact_union,3,29,29.0,30.0,0.07672217141864349,0.09583591065297227,-0.019113739234328783
dPAM,pam_contact_union,3,30,30.0,31.0,0.09671461537336343,0.09861091238105035,-0.0018962970076869257
dPAM,pam_contact_union,3,31,31.0,32.0,0.10447817783375954,0.08501484014219925,0.019463337691560292
dPAM,pam_contact_union,3,32,32.0,33.0,0.12058125249179957,0.07035977815093959,0.05022147434085998
dPAM,pam_contact_union,3,33,33.0,34.0,0.08862910789755296,0.08140798376624084,0.007221124131312123
dPAM,pam_contact_union,3,34,34.0,35.0,0.08614632319453128,0.07869600113199414,0.0074503220625371375
dPAM,pam_contact_union,3,35,35.0,36.0,0.0781908180487986,0.09290830247336526,-0.014717484424566663
dPAM,pam_contact_union,3,36,36.0,37.0,0.10528497815119009,0.0921787808302964,0.013106197320893687
dPAM,pam_contact_union,3,37,37.0,38.0,0.10383755087144655,0.07898258767285847,0.024854963198588084
dPAM,pam_contact_union,3,38,38.0,39.0,0.12417354280844499,0.09888010891877637,0.02529343388966862
dPAM,pam_contact_union,3,39,39.0,40.0,0.08825247197882752,0.0926748607062262,-0.004422388727398682
dPAM,pam_contact_union,3,40,40.0,41.0,0.09212810031269171,0.08345555069047618,0.00867254962221553
dPAM,pam_contact_union,3,41,41.0,42.0,0.0961076029315788,0.09103389037695073,0.005073712554628074
dPAM,pam_contact_union,3,42,42.0,43.0,0.09093755813484317,0.10664370860690647,-0.015706150472063307
dPAM,pam_contact_union,3,43,43.0,44.0,0.10322155594569024,0.10701417377847766,-0.0037926178327874205
dPAM,pam_contact_union,3,44,44.0,45.0,0.11108558361187709,0.08435459821694316,0.02673098539493393
dPAM,pam_contact_union,3,45,45.0,46.0,0.10013529518032077,0.08969114990474628,0.010444145275574496
dPAM,pam_contact_union,3,46,46.0,47.0,0.11266130841789285,0.07046199360606621,0.042199314811826635
dPAM,pam_contact_union,3,47,47.0,48.0,0.12124131331424251,0.07068620564979565,0.05055510766444686
dPAM,pam_contact_union,3,48,48.0,49.0,0.09958046121154714,0.09119569452880627,0.008384766682740866
dPAM,pam_contact_union,3,49,49.0,50.0,0.11028125861187328,0.10363174012654691,0.0066495184853263695
dPAM,stable_core_control,1,0,0.0,1.0,0.051644943082254285,0.051644943082254285,0.0
dPAM,stable_core_control,1,1,1.0,2.0,0.13653715245700118,0.13653715245700118,0.0
dPAM,stable_core_control,1,2,2.0,3.0,0.1289917900391899,0.1289917900391899,0.0
dPAM,stable_core_control,1,3,3.0,4.0,0.08703090610239195,0.08703090610239195,0.0
dPAM,stable_core_control,1,4,4.0,5.0,0.09203429741013999,0.09203429741013999,0.0
dPAM,stable_core_control,1,5,5.0,6.0,0.07815697432487696,0.07815697432487696,0.0
dPAM,stable_core_control,1,6,6.0,7.0,0.07511084282990885,0.07511084282990885,0.0
dPAM,stable_core_control,1,7,7.0,8.0,0.07419395001048128,0.07419395001048128,0.0
dPAM,stable_core_control,1,8,8.0,9.0,0.057713439246678676,0.057713439246678676,0.0
dPAM,stable_core_control,1,9,9.0,10.0,0.058456970045625785,0.058456970045625785,0.0
dPAM,stable_core_control,1,10,10.0,11.0,0.057533635507265105,0.057533635507265105,0.0
dPAM,stable_core_control,1,11,11.0,12.0,0.07456572671497523,0.07456572671497523,0.0
dPAM,stable_core_control,1,12,12.0,13.0,0.09598511051358669,0.09598511051358669,0.0
dPAM,stable_core_control,1,13,13.0,14.0,0.06490653609868796,0.06490653609868796,0.0
dPAM,stable_core_control,1,14,14.0,15.0,0.058518278628822445,0.058518278628822445,0.0
dPAM,stable_core_control,1,15,15.0,16.0,0.08384936828419683,0.08384936828419683,0.0
dPAM,stable_core_control,1,16,16.0,17.0,0.06735489091726785,0.06735489091726785,0.0
dPAM,stable_core_control,1,17,17.0,18.0,0.06760916379303089,0.06760916379303089,0.0
dPAM,stable_core_control,1,18,18.0,19.0,0.08092255009459463,0.08092255009459463,0.0
dPAM,stable_core_control,1,19,19.0,20.0,0.06972171622917872,0.06972171622917872,0.0
dPAM,stable_core_control,1,20,20.0,21.0,0.06286102953385544,0.06286102953385544,0.0
dPAM,stable_core_control,1,21,21.0,22.0,0.05935995673468222,0.05935995673468222,0.0
dPAM,stable_core_control,1,22,22.0,23.0,0.06921854314476274,0.06921854314476274,0.0
dPAM,stable_core_control,1,23,23.0,24.0,0.06980969422053288,0.06980969422053288,0.0
dPAM,stable_core_control,1,24,24.0,25.0,0.0864490721547339,0.0864490721547339,0.0
dPAM,stable_core_control,1,25,25.0,26.0,0.08203132626940766,0.08203132626940766,0.0
dPAM,stable_core_control,1,26,26.0,27.0,0.0659356728586582,0.0659356728586582,0.0
dPAM,stable_core_control,1,27,27.0,28.0,0.07077729751072787,0.07077729751072787,0.0
dPAM,stable_core_control,1,28,28.0,29.0,0.07198633505211789,0.07198633505211789,0.0
dPAM,stable_core_control,1,29,29.0,30.0,0.09299342360478688,0.09299342360478688,0.0
dPAM,stable_core_control,1,30,30.0,31.0,0.07187952384745877,0.07187952384745877,0.0
dPAM,stable_core_control,1,31,31.0,32.0,0.09603320264945915,0.09603320264945915,0.0
dPAM,stable_core_control,1,32,32.0,33.0,0.08325517199311606,0.08325517199311606,0.0
dPAM,stable_core_control,1,33,33.0,34.0,0.06705229940234524,0.06705229940234524,0.0
dPAM,stable_core_control,1,34,34.0,35.0,0.07195811810804226,0.07195811810804226,0.0
dPAM,stable_core_control,1,35,35.0,36.0,0.06222799292602251,0.06222799292602251,0.0
dPAM,stable_core_control,1,36,36.0,37.0,0.08272576751737548,0.08272576751737548,0.0
dPAM,stable_core_control,1,37,37.0,38.0,0.06068192084333734,0.06068192084333734,0.0
dPAM,stable_core_control,1,38,38.0,39.0,0.06315990556397517,0.06315990556397517,0.0
dPAM,stable_core_control,1,39,39.0,40.0,0.061248107206001684,0.061248107206001684,0.0
dPAM,stable_core_control,1,40,40.0,41.0,0.059534549713282266,0.059534549713282266,0.0
dPAM,stable_core_control,1,41,41.0,42.0,0.0545175923195918,0.0545175923195918,0.0
dPAM,stable_core_control,1,42,42.0,43.0,0.08431980477125009,0.08431980477125009,0.0
dPAM,stable_core_control,1,43,43.0,44.0,0.04838975401062459,0.04838975401062459,0.0
dPAM,stable_core_control,1,44,44.0,45.0,0.06846497663865257,0.06846497663865257,0.0
dPAM,stable_core_control,1,45,45.0,46.0,0.07094127983948027,0.07094127983948027,0.0
dPAM,stable_core_control,1,46,46.0,47.0,0.050807867412573725,0.050807867412573725,0.0
dPAM,stable_core_control,1,47,47.0,48.0,0.07319236548499942,0.07319236548499942,0.0
dPAM,stable_core_control,1,48,48.0,49.0,0.06746546843453947,0.06746546843453947,0.0
dPAM,stable_core_control,1,49,49.0,50.0,0.0778284287215026,0.0778284287215026,0.0
dPAM,stable_core_control,2,0,0.0,1.0,0.06268617502392863,0.06268617502392863,0.0
dPAM,stable_core_control,2,1,1.0,2.0,0.09975259135509547,0.09975259135509547,0.0
dPAM,stable_core_control,2,2,2.0,3.0,0.11503007416335717,0.11503007416335717,0.0
dPAM,stable_core_control,2,3,3.0,4.0,0.08491005395055407,0.08491005395055407,0.0
dPAM,stable_core_control,2,4,4.0,5.0,0.09774048734970314,0.09774048734970314,0.0
dPAM,stable_core_control,2,5,5.0,6.0,0.0759938722432694,0.0759938722432694,0.0
dPAM,stable_core_control,2,6,6.0,7.0,0.07957567586372499,0.07957567586372499,0.0
dPAM,stable_core_control,2,7,7.0,8.0,0.06622278705928157,0.06622278705928157,0.0
dPAM,stable_core_control,2,8,8.0,9.0,0.09431806614477076,0.09431806614477076,0.0
dPAM,stable_core_control,2,9,9.0,10.0,0.09403941877515193,0.09403941877515193,0.0
dPAM,stable_core_control,2,10,10.0,11.0,0.07885431883062231,0.07885431883062231,0.0
dPAM,stable_core_control,2,11,11.0,12.0,0.07675457480221043,0.07675457480221043,0.0
dPAM,stable_core_control,2,12,12.0,13.0,0.09097022964606535,0.09097022964606535,0.0
dPAM,stable_core_control,2,13,13.0,14.0,0.11112991117664076,0.11112991117664076,0.0
dPAM,stable_core_control,2,14,14.0,15.0,0.07944453011951022,0.07944453011951022,0.0
dPAM,stable_core_control,2,15,15.0,16.0,0.08237730409990414,0.08237730409990414,0.0
dPAM,stable_core_control,2,16,16.0,17.0,0.07476468255704904,0.07476468255704904,0.0
dPAM,stable_core_control,2,17,17.0,18.0,0.07380983304942418,0.07380983304942418,0.0
dPAM,stable_core_control,2,18,18.0,19.0,0.06812020968144093,0.06812020968144093,0.0
dPAM,stable_core_control,2,19,19.0,20.0,0.06207578063561751,0.06207578063561751,0.0
dPAM,stable_core_control,2,20,20.0,21.0,0.06347345548393862,0.06347345548393862,0.0
dPAM,stable_core_control,2,21,21.0,22.0,0.08042282339818879,0.08042282339818879,0.0
dPAM,stable_core_control,2,22,22.0,23.0,0.0645721498804598,0.0645721498804598,0.0
dPAM,stable_core_control,2,23,23.0,24.0,0.07348349883369241,0.07348349883369241,0.0
dPAM,stable_core_control,2,24,24.0,25.0,0.05929448278350908,0.05929448278350908,0.0
dPAM,stable_core_control,2,25,25.0,26.0,0.08299981059972507,0.08299981059972507,0.0
dPAM,stable_core_control,2,26,26.0,27.0,0.07882200058031899,0.07882200058031899,0.0
dPAM,stable_core_control,2,27,27.0,28.0,0.06330582890117097,0.06330582890117097,0.0
dPAM,stable_core_control,2,28,28.0,29.0,0.08039162966787762,0.08039162966787762,0.0
dPAM,stable_core_control,2,29,29.0,30.0,0.09697357035047975,0.09697357035047975,0.0
dPAM,stable_core_control,2,30,30.0,31.0,0.07204033708926406,0.07204033708926406,0.0
dPAM,stable_core_control,2,31,31.0,32.0,0.06775262243789376,0.06775262243789376,0.0
dPAM,stable_core_control,2,32,32.0,33.0,0.07523325736105152,0.07523325736105152,0.0
dPAM,stable_core_control,2,33,33.0,34.0,0.07881759752393727,0.07881759752393727,0.0
dPAM,stable_core_control,2,34,34.0,35.0,0.08288750333372204,0.08288750333372204,0.0
dPAM,stable_core_control,2,35,35.0,36.0,0.10622067673515538,0.10622067673515538,0.0
dPAM,stable_core_control,2,36,36.0,37.0,0.08106792647878637,0.08106792647878637,0.0
dPAM,stable_core_control,2,37,37.0,38.0,0.08102085458423884,0.08102085458423884,0.0
dPAM,stable_core_control,2,38,38.0,39.0,0.09367413295173004,0.09367413295173004,0.0
dPAM,stable_core_control,2,39,39.0,40.0,0.10232709507751823,0.10232709507751823,0.0
dPAM,stable_core_control,2,40,40.0,41.0,0.07835180612493571,0.07835180612493571,0.0
dPAM,stable_core_control,2,41,41.0,42.0,0.09742470115143155,0.09742470115143155,0.0
dPAM,stable_core_control,2,42,42.0,43.0,0.09448172488490443,0.09448172488490443,0.0
dPAM,stable_core_control,2,43,43.0,44.0,0.09381943219957758,0.09381943219957758,0.0
dPAM,stable_core_control,2,44,44.0,45.0,0.0884727236822063,0.0884727236822063,0.0
dPAM,stable_core_control,2,45,45.0,46.0,0.08442045299656983,0.08442045299656983,0.0
dPAM,stable_core_control,2,46,46.0,47.0,0.0992221224841679,0.0992221224841679,0.0
dPAM,stable_core_control,2,47,47.0,48.0,0.07099304521600848,0.07099304521600848,0.0
dPAM,stable_core_control,2,48,48.0,49.0,0.06356443770010313,0.06356443770010313,0.0
dPAM,stable_core_control,2,49,49.0,50.0,0.08736433156021117,0.08736433156021117,0.0
dPAM,stable_core_control,3,0,0.0,1.0,0.07022561904273478,0.07022561904273478,0.0
dPAM,stable_core_control,3,1,1.0,2.0,0.07694187913173066,0.07694187913173066,0.0
dPAM,stable_core_control,3,2,2.0,3.0,0.09870879604771719,0.09870879604771719,0.0
dPAM,stable_core_control,3,3,3.0,4.0,0.10000364256430772,0.10000364256430772,0.0
dPAM,stable_core_control,3,4,4.0,5.0,0.08305305391339267,0.08305305391339267,0.0
dPAM,stable_core_control,3,5,5.0,6.0,0.09549192344614209,0.09549192344614209,0.0
dPAM,stable_core_control,3,6,6.0,7.0,0.09834531044598947,0.09834531044598947,0.0
dPAM,stable_core_control,3,7,7.0,8.0,0.11566255735808932,0.11566255735808932,0.0
dPAM,stable_core_control,3,8,8.0,9.0,0.09642437928540062,0.09642437928540062,0.0
dPAM,stable_core_control,3,9,9.0,10.0,0.09616164771371764,0.09616164771371764,0.0
dPAM,stable_core_control,3,10,10.0,11.0,0.13523062322245682,0.13523062322245682,0.0
dPAM,stable_core_control,3,11,11.0,12.0,0.12141984551706671,0.12141984551706671,0.0
dPAM,stable_core_control,3,12,12.0,13.0,0.11214338082895269,0.11214338082895269,0.0
dPAM,stable_core_control,3,13,13.0,14.0,0.11275250735225244,0.11275250735225244,0.0
dPAM,stable_core_control,3,14,14.0,15.0,0.0955824873659826,0.0955824873659826,0.0
dPAM,stable_core_control,3,15,15.0,16.0,0.11113838486844113,0.11113838486844113,0.0
dPAM,stable_core_control,3,16,16.0,17.0,0.09968386306456908,0.09968386306456908,0.0
dPAM,stable_core_control,3,17,17.0,18.0,0.08848124178243089,0.08848124178243089,0.0
dPAM,stable_core_control,3,18,18.0,19.0,0.11208738444936794,0.11208738444936794,0.0
dPAM,stable_core_control,3,19,19.0,20.0,0.06958902012848735,0.06958902012848735,0.0
dPAM,stable_core_control,3,20,20.0,21.0,0.06845150094061087,0.06845150094061087,0.0
dPAM,stable_core_control,3,21,21.0,22.0,0.06204942464322171,0.06204942464322171,0.0
dPAM,stable_core_control,3,22,22.0,23.0,0.08287961131998652,0.08287961131998652,0.0
dPAM,stable_core_control,3,23,23.0,24.0,0.09512947930894203,0.09512947930894203,0.0
dPAM,stable_core_control,3,24,24.0,25.0,0.09271512688710773,0.09271512688710773,0.0
dPAM,stable_core_control,3,25,25.0,26.0,0.06692720603958771,0.06692720603958771,0.0
dPAM,stable_core_control,3,26,26.0,27.0,0.07733513333373151,0.07733513333373151,0.0
dPAM,stable_core_control,3,27,27.0,28.0,0.07471499419365533,0.07471499419365533,0.0
dPAM,stable_core_control,3,28,28.0,29.0,0.08236516903735776,0.08236516903735776,0.0
dPAM,stable_core_control,3,29,29.0,30.0,0.09583591065297227,0.09583591065297227,0.0
dPAM,stable_core_control,3,30,30.0,31.0,0.09861091238105035,0.09861091238105035,0.0
dPAM,stable_core_control,3,31,31.0,32.0,0.08501484014219925,0.08501484014219925,0.0
dPAM,stable_core_control,3,32,32.0,33.0,0.07035977815093959,0.07035977815093959,0.0
dPAM,stable_core_control,3,33,33.0,34.0,0.08140798376624084,0.08140798376624084,0.0
dPAM,stable_core_control,3,34,34.0,35.0,0.07869600113199414,0.07869600113199414,0.0
dPAM,stable_core_control,3,35,35.0,36.0,0.09290830247336526,0.09290830247336526,0.0
dPAM,stable_core_control,3,36,36.0,37.0,0.0921787808302964,0.0921787808302964,0.0
dPAM,stable_core_control,3,37,37.0,38.0,0.07898258767285847,0.07898258767285847,0.0
dPAM,stable_core_control,3,38,38.0,39.0,0.09888010891877637,0.09888010891877637,0.0
dPAM,stable_core_control,3,39,39.0,40.0,0.0926748607062262,0.0926748607062262,0.0
dPAM,stable_core_control,3,40,40.0,41.0,0.08345555069047618,0.08345555069047618,0.0
dPAM,stable_core_control,3,41,41.0,42.0,0.09103389037695073,0.09103389037695073,0.0
dPAM,stable_core_control,3,42,42.0,43.0,0.10664370860690647,0.10664370860690647,0.0
dPAM,stable_core_control,3,43,43.0,44.0,0.10701417377847766,0.10701417377847766,0.0
dPAM,stable_core_control,3,44,44.0,45.0,0.08435459821694316,0.08435459821694316,0.0
dPAM,stable_core_control,3,45,45.0,46.0,0.08969114990474628,0.08969114990474628,0.0
dPAM,stable_core_control,3,46,46.0,47.0,0.07046199360606621,0.07046199360606621,0.0
dPAM,stable_core_control,3,47,47.0,48.0,0.07068620564979565,0.07068620564979565,0.0
dPAM,stable_core_control,3,48,48.0,49.0,0.09119569452880627,0.09119569452880627,0.0
dPAM,stable_core_control,3,49,49.0,50.0,0.10363174012654691,0.10363174012654691,0.0
dINT,compound110_extension,1,0,0.0,1.0,0.10198655445761666,0.08476907778610784,0.017217476671508816
dINT,compound110_extension,1,1,1.0,2.0,0.1577081653160238,0.1471293567562156,0.010578808559808195
dINT,compound110_extension,1,2,2.0,3.0,0.1408587439573811,0.13260600771475065,0.008252736242630454
dINT,compound110_extension,1,3,3.0,4.0,0.16057122053643097,0.08918166992774175,0.07138955060868922
dINT,compound110_extension,1,4,4.0,5.0,0.15678700746624094,0.08951355924572736,0.06727344822051358
dINT,compound110_extension,1,5,5.0,6.0,0.21749324180501278,0.10229756515498051,0.11519567665003227
dINT,compound110_extension,1,6,6.0,7.0,0.19978622981367447,0.12719630712080876,0.07258992269286571
dINT,compound110_extension,1,7,7.0,8.0,0.180789341831186,0.1509380833020146,0.029851258529171393
dINT,compound110_extension,1,8,8.0,9.0,0.2441368942997814,0.1262126006918843,0.11792429360789708
dINT,compound110_extension,1,9,9.0,10.0,0.2716941570325485,0.11741485889542644,0.15427929813712207
dINT,compound110_extension,1,10,10.0,11.0,0.22364513913913076,0.1318229629281824,0.09182217621094835
dINT,compound110_extension,1,11,11.0,12.0,0.17068729019642773,0.12877791371830316,0.041909376478124566
dINT,compound110_extension,1,12,12.0,13.0,0.24127855688342464,0.14935822010128777,0.09192033678213687
dINT,compound110_extension,1,13,13.0,14.0,0.2643588784819204,0.12995089557359177,0.13440798290832864
dINT,compound110_extension,1,14,14.0,15.0,0.28902641260799306,0.11876547120725209,0.17026094140074097
dINT,compound110_extension,1,15,15.0,16.0,0.24837748031039997,0.1192348887253009,0.12914259158509905
dINT,compound110_extension,1,16,16.0,17.0,0.22463893699121318,0.11392140419986285,0.11071753279135033
dINT,compound110_extension,1,17,17.0,18.0,0.24495639842404698,0.13236091425076954,0.11259548417327744
dINT,compound110_extension,1,18,18.0,19.0,0.2611069610546997,0.14070953573259987,0.12039742532209985
dINT,compound110_extension,1,19,19.0,20.0,0.2689202060281694,0.12802961792392556,0.14089058810424385
dINT,compound110_extension,1,20,20.0,21.0,0.26606759012378084,0.10371502866765163,0.1623525614561292
dINT,compound110_extension,1,21,21.0,22.0,0.30284146844068516,0.1014420754680413,0.20139939297264386
dINT,compound110_extension,1,22,22.0,23.0,0.28668505855710896,0.10982066830308049,0.17686439025402848
dINT,compound110_extension,1,23,23.0,24.0,0.23918830597090593,0.10309914855557202,0.1360891574153339
dINT,compound110_extension,1,24,24.0,25.0,0.23906376055719666,0.11131187626829946,0.12775188428889722
dINT,compound110_extension,1,25,25.0,26.0,0.2741269104259047,0.14006686982399585,0.13406004060190885
dINT,compound110_extension,1,26,26.0,27.0,0.24453223901569468,0.09498963709322919,0.1495426019224655
dINT,compound110_extension,1,27,27.0,28.0,0.2909315241101585,0.14189188453125454,0.14903963957890395
dINT,compound110_extension,1,28,28.0,29.0,0.26930204734185237,0.1221739032774226,0.14712814406442976
dINT,compound110_extension,1,29,29.0,30.0,0.2549704024080745,0.11906110625733889,0.1359092961507356
dINT,compound110_extension,1,30,30.0,31.0,0.23061587206453732,0.10230880122651001,0.1283070708380273
dINT,compound110_extension,1,31,31.0,32.0,0.2669559567525546,0.14821782098932482,0.11873813576322981
dINT,compound110_extension,1,32,32.0,33.0,0.27281552867727815,0.1286343303675996,0.14418119830967854
dINT,compound110_extension,1,33,33.0,34.0,0.25107742657057813,0.1323288027865069,0.11874862378407122
dINT,compound110_extension,1,34,34.0,35.0,0.283497939718387,0.10876565567180897,0.17473228404657803
dINT,compound110_extension,1,35,35.0,36.0,0.2938255716244001,0.12626424923535368,0.16756132238904642
dINT,compound110_extension,1,36,36.0,37.0,0.2995728490264257,0.16288326371113349,0.13668958531529224
dINT,compound110_extension,1,37,37.0,38.0,0.24729066706054212,0.1434582421819636,0.10383242487857852
dINT,compound110_extension,1,38,38.0,39.0,0.2634891210008025,0.1335994920859827,0.1298896289148198
dINT,compound110_extension,1,39,39.0,40.0,0.242912590502843,0.10658636059417309,0.1363262299086699
dINT,compound110_extension,1,40,40.0,41.0,0.27891453566256325,0.11420092682595039,0.16471360883661285
dINT,compound110_extension,1,41,41.0,42.0,0.2498339082279134,0.1025213377268111,0.1473125705011023
dINT,compound110_extension,1,42,42.0,43.0,0.2542691246440536,0.11676292188915045,0.13750620275490316
dINT,compound110_extension,1,43,43.0,44.0,0.25888873390006917,0.10100106418593348,0.1578876697141357
dINT,compound110_extension,1,44,44.0,45.0,0.22180858343163787,0.12511253637154002,0.09669604706009785
dINT,compound110_extension,1,45,45.0,46.0,0.2611174652143168,0.1265264684546169,0.13459099675969988
dINT,compound110_extension,1,46,46.0,47.0,0.2692942187186237,0.10721684942884752,0.16207736928977617
dINT,compound110_extension,1,47,47.0,48.0,0.21547549015865167,0.12875885847948615,0.08671663167916552
dINT,compound110_extension,1,48,48.0,49.0,0.29832840037785746,0.11939731267290608,0.17893108770495136
dINT,compound110_extension,1,49,49.0,50.0,0.3118217104364506,0.11576301896454946,0.19605869147190116
dINT,compound110_extension,2,0,0.0,1.0,0.10686411946925958,0.07209042245265336,0.03477369701660622
dINT,compound110_extension,2,1,1.0,2.0,0.09690754728488543,0.14576668103524118,-0.04885913375035575
dINT,compound110_extension,2,2,2.0,3.0,0.10868112005416214,0.14150622420730374,-0.032825104153141604
dINT,compound110_extension,2,3,3.0,4.0,0.11537445615179533,0.12855010429484115,-0.013175648143045823
dINT,compound110_extension,2,4,4.0,5.0,0.1007685684554625,0.12128589794224866,-0.020517329486786154
dINT,compound110_extension,2,5,5.0,6.0,0.12589030554778102,0.10588276404417794,0.02000754150360308
dINT,compound110_extension,2,6,6.0,7.0,0.15855343932821953,0.10695219764912221,0.05160124167909731
dINT,compound110_extension,2,7,7.0,8.0,0.16109784598074747,0.1281827687457634,0.032915077234984075
dINT,compound110_extension,2,8,8.0,9.0,0.16637113300198678,0.12994674566762954,0.03642438733435724
dINT,compound110_extension,2,9,9.0,10.0,0.16791652129325754,0.1289584728621284,0.038958048431129155
dINT,compound110_extension,2,10,10.0,11.0,0.19970689793293905,0.12924205359217636,0.0704648443407627
dINT,compound110_extension,2,11,11.0,12.0,0.17132993838694036,0.12432424706013648,0.04700569132680388
dINT,compound110_extension,2,12,12.0,13.0,0.17258255635061442,0.13696716861569525,0.03561538773491918
dINT,compound110_extension,2,13,13.0,14.0,0.16034052566689824,0.16053504107704764,-0.0001945154101493929
dINT,compound110_extension,2,14,14.0,15.0,0.18608056007114182,0.129303018050827,0.05677754202031482
dINT,compound110_extension,2,15,15.0,16.0,0.1828425267767945,0.1428745356203725,0.039967991156421995
dINT,compound110_extension,2,16,16.0,17.0,0.1784377034077387,0.13975299646002984,0.03868470694770887
dINT,compound110_extension,2,17,17.0,18.0,0.15995252446076028,0.13403668916663355,0.02591583529412672
dINT,compound110_extension,2,18,18.0,19.0,0.16133638685483748,0.10031250443412061,0.061023882420716866
dINT,compound110_extension,2,19,19.0,20.0,0.18631553247115487,0.10622509235809317,0.0800904401130617
dINT,compound110_extension,2,20,20.0,21.0,0.16234090970007437,0.09988557462416421,0.062455335075910154
dINT,compound110_extension,2,21,21.0,22.0,0.16782906179539456,0.13005553049505494,0.03777353130033961
dINT,compound110_extension,2,22,22.0,23.0,0.16510118904915266,0.09483151002922305,0.07026967901992962
dINT,compound110_extension,2,23,23.0,24.0,0.15193396365059547,0.09999771265515191,0.051936250995443564
dINT,compound110_extension,2,24,24.0,25.0,0.13897435321003954,0.10549712540801735,0.03347722780202218
dINT,compound110_extension,2,25,25.0,26.0,0.17046269921677437,0.10858424891639434,0.06187845030038003
dINT,compound110_extension,2,26,26.0,27.0,0.22229480573671379,0.10934800072936264,0.11294680500735114
dINT,compound110_extension,2,27,27.0,28.0,0.2070292409122439,0.08466483821346532,0.12236440269877857
dINT,compound110_extension,2,28,28.0,29.0,0.20476486129999721,0.10302902577225626,0.10173583552774096
dINT,compound110_extension,2,29,29.0,30.0,0.17526986785384335,0.11987671951825155,0.05539314833559181
dINT,compound110_extension,2,30,30.0,31.0,0.1542974593817032,0.10322409115040414,0.05107336823129906
dINT,compound110_extension,2,31,31.0,32.0,0.15292850603104313,0.09691835200839319,0.056010154022649944
dINT,compound110_extension,2,32,32.0,33.0,0.15180453166215394,0.08592636876444393,0.06587816289771001
dINT,compound110_extension,2,33,33.0,34.0,0.12046141937354893,0.11710826787401757,0.0033531514995313594
dINT,compound110_extension,2,34,34.0,35.0,0.13268039506515897,0.1307728094034514,0.001907585661707567
dINT,compound110_extension,2,35,35.0,36.0,0.14982443673379703,0.15016468132081007,-0.00034024458701303884
dINT,compound110_extension,2,36,36.0,37.0,0.11581218206905203,0.11614394531762445,-0.00033176324857242534
dINT,compound110_extension,2,37,37.0,38.0,0.1160677132823283,0.12347381278032042,-0.007406099497992119
dINT,compound110_extension,2,38,38.0,39.0,0.13474715590406275,0.10548746131123561,0.029259694592827137
dINT,compound110_extension,2,39,39.0,40.0,0.14811318221865985,0.14627596041586757,0.001837221802792277
dINT,compound110_extension,2,40,40.0,41.0,0.1311112807482372,0.11627109208944146,0.01484018865879573
dINT,compound110_extension,2,41,41.0,42.0,0.12319473355432885,0.11777130330812477,0.005423430246204078
dINT,compound110_extension,2,42,42.0,43.0,0.12552656124807035,0.11256256284258973,0.012963998405480626
dINT,compound110_extension,2,43,43.0,44.0,0.10088549352385702,0.10417066699932694,-0.0032851734754699158
dINT,compound110_extension,2,44,44.0,45.0,0.12658284840535597,0.11076079979970718,0.015822048605648786
dINT,compound110_extension,2,45,45.0,46.0,0.13056195915558816,0.11278024693420156,0.017781712221386595
dINT,compound110_extension,2,46,46.0,47.0,0.11778221842137997,0.11078641775914559,0.006995800662234375
dINT,compound110_extension,2,47,47.0,48.0,0.13057886476690733,0.10346312108809555,0.027115743678811782
dINT,compound110_extension,2,48,48.0,49.0,0.10117045409496797,0.11154985335684584,-0.010379399261877864
dINT,compound110_extension,2,49,49.0,50.0,0.08767049327941945,0.14891961417302504,-0.061249120893605596
dINT,compound110_extension,3,0,0.0,1.0,0.10290325579647895,0.0696733611983164,0.03322989459816256
dINT,compound110_extension,3,1,1.0,2.0,0.1535421994564605,0.10471809609212408,0.048824103364336416
dINT,compound110_extension,3,2,2.0,3.0,0.14473596525863586,0.08686446326891255,0.05787150198972331
dINT,compound110_extension,3,3,3.0,4.0,0.21397537240598016,0.09551297506065128,0.11846239734532889
dINT,compound110_extension,3,4,4.0,5.0,0.16045267560617227,0.12619480158103835,0.034257874025133916
dINT,compound110_extension,3,5,5.0,6.0,0.1805539168513911,0.13530951463577123,0.04524440221561987
dINT,compound110_extension,3,6,6.0,7.0,0.22273411557708717,0.10572908753182346,0.1170050280452637
dINT,compound110_extension,3,7,7.0,8.0,0.18168216797664435,0.15024844351483346,0.03143372446181089
dINT,compound110_extension,3,8,8.0,9.0,0.20070132477791752,0.1444568698007477,0.05624445497716982
dINT,compound110_extension,3,9,9.0,10.0,0.14124607930134442,0.15896512112902322,-0.017719041827678805
dINT,compound110_extension,3,10,10.0,11.0,0.17045478625820706,0.1667430734755914,0.0037117127826156726
dINT,compound110_extension,3,11,11.0,12.0,0.19798620758487742,0.16885510794352407,0.029131099641353353
dINT,compound110_extension,3,12,12.0,13.0,0.21293775192285996,0.13410728577340714,0.07883046614945283
dINT,compound110_extension,3,13,13.0,14.0,0.2179735293712835,0.12984999881358694,0.08812353055769656
dINT,compound110_extension,3,14,14.0,15.0,0.15785812854706174,0.10719081732542408,0.05066731122163766
dINT,compound110_extension,3,15,15.0,16.0,0.16116492301932936,0.12718472292042773,0.033980200098901625
dINT,compound110_extension,3,16,16.0,17.0,0.14923395991060756,0.12200339370353391,0.027230566207073648
dINT,compound110_extension,3,17,17.0,18.0,0.18353927087125382,0.10961461934808514,0.07392465152316868
dINT,compound110_extension,3,18,18.0,19.0,0.21212860612518583,0.13535520975951262,0.07677339636567321
dINT,compound110_extension,3,19,19.0,20.0,0.18701985994673762,0.09476757411318759,0.09225228583355002
dINT,compound110_extension,3,20,20.0,21.0,0.1819215900179029,0.1094258681433811,0.0724957218745218
dINT,compound110_extension,3,21,21.0,22.0,0.21150553321880142,0.08923198621635564,0.12227354700244578
dINT,compound110_extension,3,22,22.0,23.0,0.1567803514078368,0.13891636364170104,0.017863987766135764
dINT,compound110_extension,3,23,23.0,24.0,0.18295021056640123,0.12626354481247504,0.056686665753926196
dINT,compound110_extension,3,24,24.0,25.0,0.18316282187668603,0.12412312191752223,0.059039699959163805
dINT,compound110_extension,3,25,25.0,26.0,0.18775130732479778,0.10272009151805649,0.08503121580674129
dINT,compound110_extension,3,26,26.0,27.0,0.1840012755337591,0.11979198959260716,0.06420928594115195
dINT,compound110_extension,3,27,27.0,28.0,0.16680178071480714,0.11757418910120643,0.04922759161360071
dINT,compound110_extension,3,28,28.0,29.0,0.18855036297419592,0.1303902179693445,0.05816014500485142
dINT,compound110_extension,3,29,29.0,30.0,0.18025788229953665,0.1124628354027512,0.06779504689678545
dINT,compound110_extension,3,30,30.0,31.0,0.15142443479383957,0.14850920134737827,0.0029152334464613017
dINT,compound110_extension,3,31,31.0,32.0,0.15030866252833272,0.1177203778477841,0.032588284680548626
dINT,compound110_extension,3,32,32.0,33.0,0.11736465665892987,0.1165608483594928,0.0008038082994370616
dINT,compound110_extension,3,33,33.0,34.0,0.12684353161846668,0.12387794629901278,0.0029655853194539006
dINT,compound110_extension,3,34,34.0,35.0,0.1425041597987969,0.13009446918907602,0.012409690609720886
dINT,compound110_extension,3,35,35.0,36.0,0.13072915425028556,0.11690203253411911,0.013827121716166443
dINT,compound110_extension,3,36,36.0,37.0,0.1497659349877829,0.09900009782671926,0.05076583716106364
dINT,compound110_extension,3,37,37.0,38.0,0.16371716632277047,0.0959052833234731,0.06781188299929737
dINT,compound110_extension,3,38,38.0,39.0,0.12133083830375566,0.12683132790534113,-0.005500489601585473
dINT,compound110_extension,3,39,39.0,40.0,0.11374289878836473,0.14238981953735771,-0.028646920748992985
dINT,compound110_extension,3,40,40.0,41.0,0.098808203772459,0.12218375286487392,-0.02337554909241492
dINT,compound110_extension,3,41,41.0,42.0,0.11607563038868089,0.10522168341551336,0.010853946973167536
dINT,compound110_extension,3,42,42.0,43.0,0.11313539778311153,0.10932528174749437,0.0038101160356171643
dINT,compound110_extension,3,43,43.0,44.0,0.14189344125499195,0.1054935386665758,0.03639990258841615
dINT,compound110_extension,3,44,44.0,45.0,0.1201108852667812,0.1050384543977411,0.015072430869040102
dINT,compound110_extension,3,45,45.0,46.0,0.1293342905700015,0.11672309929380636,0.012611191276195144
dINT,compound110_extension,3,46,46.0,47.0,0.10831668969838348,0.1224410704734563,-0.014124380775072817
dINT,compound110_extension,3,47,47.0,48.0,0.12393538520940359,0.13169134958442855,-0.00775596437502496
dINT,compound110_extension,3,48,48.0,49.0,0.13061245878432146,0.13224884207108836,-0.001636383286766907
dINT,compound110_extension,3,49,49.0,50.0,0.12202116416793807,0.16630219146940217,-0.044281027301464104
dINT,cooperativity_mutagenesis,1,0,0.0,1.0,0.11333477746695193,0.08476907778610784,0.02856569968084409
dINT,cooperativity_mutagenesis,1,1,1.0,2.0,0.11296855534206936,0.1471293567562156,-0.03416080141414625
dINT,cooperativity_mutagenesis,1,2,2.0,3.0,0.11469052426306314,0.13260600771475065,-0.017915483451687503
dINT,cooperativity_mutagenesis,1,3,3.0,4.0,0.14305397931803726,0.08918166992774175,0.05387230939029551
dINT,cooperativity_mutagenesis,1,4,4.0,5.0,0.1573821481928165,0.08951355924572736,0.06786858894708915
dINT,cooperativity_mutagenesis,1,5,5.0,6.0,0.1508346624280181,0.10229756515498051,0.048537097273037594
dINT,cooperativity_mutagenesis,1,6,6.0,7.0,0.14999737115471937,0.12719630712080876,0.022801064033910606
dINT,cooperativity_mutagenesis,1,7,7.0,8.0,0.13115074100785046,0.1509380833020146,-0.01978734229416415
dINT,cooperativity_mutagenesis,1,8,8.0,9.0,0.1247617870935102,0.1262126006918843,-0.0014508135983741094
dINT,cooperativity_mutagenesis,1,9,9.0,10.0,0.1373053195232083,0.11741485889542644,0.019890460627781853
dINT,cooperativity_mutagenesis,1,10,10.0,11.0,0.1579908612494649,0.1318229629281824,0.026167898321282496
dINT,cooperativity_mutagenesis,1,11,11.0,12.0,0.12434884555657223,0.12877791371830316,-0.0044290681617309285
dINT,cooperativity_mutagenesis,1,12,12.0,13.0,0.12040108635955252,0.14935822010128777,-0.028957133741735253
dINT,cooperativity_mutagenesis,1,13,13.0,14.0,0.13992894322262434,0.12995089557359177,0.009978047649032568
dINT,cooperativity_mutagenesis,1,14,14.0,15.0,0.13754749742593178,0.11876547120725209,0.018782026218679693
dINT,cooperativity_mutagenesis,1,15,15.0,16.0,0.17106298849747748,0.1192348887253009,0.051828099772176575
dINT,cooperativity_mutagenesis,1,16,16.0,17.0,0.12234837301629181,0.11392140419986285,0.008426968816428959
dINT,cooperativity_mutagenesis,1,17,17.0,18.0,0.10971253111540392,0.13236091425076954,-0.022648383135365616
dINT,cooperativity_mutagenesis,1,18,18.0,19.0,0.12436802220789758,0.14070953573259987,-0.016341513524702284
dINT,cooperativity_mutagenesis,1,19,19.0,20.0,0.11644061821653823,0.12802961792392556,-0.011588999707387332
dINT,cooperativity_mutagenesis,1,20,20.0,21.0,0.1396091790957961,0.10371502866765163,0.035894150428144464
dINT,cooperativity_mutagenesis,1,21,21.0,22.0,0.15274674754583567,0.1014420754680413,0.051304672077794364
dINT,cooperativity_mutagenesis,1,22,22.0,23.0,0.15984180810470255,0.10982066830308049,0.050021139801622067
dINT,cooperativity_mutagenesis,1,23,23.0,24.0,0.14705842261546903,0.10309914855557202,0.04395927405989701
dINT,cooperativity_mutagenesis,1,24,24.0,25.0,0.13468432185424675,0.11131187626829946,0.023372445585947296
dINT,cooperativity_mutagenesis,1,25,25.0,26.0,0.1394946381008264,0.14006686982399585,-0.0005722317231694474
dINT,cooperativity_mutagenesis,1,26,26.0,27.0,0.11514242394431376,0.09498963709322919,0.02015278685108457
dINT,cooperativity_mutagenesis,1,27,27.0,28.0,0.1253394735229301,0.14189188453125454,-0.01655241100832444
dINT,cooperativity_mutagenesis,1,28,28.0,29.0,0.12847144375450295,0.1221739032774226,0.006297540477080352
dINT,cooperativity_mutagenesis,1,29,29.0,30.0,0.12344386149912949,0.11906110625733889,0.0043827552417906035
dINT,cooperativity_mutagenesis,1,30,30.0,31.0,0.15353384538531528,0.10230880122651001,0.05122504415880527
dINT,cooperativity_mutagenesis,1,31,31.0,32.0,0.15048961758299348,0.14821782098932482,0.0022717965936686624
dINT,cooperativity_mutagenesis,1,32,32.0,33.0,0.14438777101731304,0.1286343303675996,0.01575344064971343
dINT,cooperativity_mutagenesis,1,33,33.0,34.0,0.1304711989886741,0.1323288027865069,-0.001857603797832813
dINT,cooperativity_mutagenesis,1,34,34.0,35.0,0.13749397377532488,0.10876565567180897,0.028728318103515907
dINT,cooperativity_mutagenesis,1,35,35.0,36.0,0.1394019664685824,0.12626424923535368,0.013137717233228735
dINT,cooperativity_mutagenesis,1,36,36.0,37.0,0.15208642243292608,0.16288326371113349,-0.010796841278207403
dINT,cooperativity_mutagenesis,1,37,37.0,38.0,0.13123398429834712,0.1434582421819636,-0.012224257883616474
dINT,cooperativity_mutagenesis,1,38,38.0,39.0,0.13993765538978606,0.1335994920859827,0.006338163303803351
dINT,cooperativity_mutagenesis,1,39,39.0,40.0,0.10834724721125147,0.10658636059417309,0.0017608866170783777
dINT,cooperativity_mutagenesis,1,40,40.0,41.0,0.1187122624730548,0.11420092682595039,0.004511335647104417
dINT,cooperativity_mutagenesis,1,41,41.0,42.0,0.12190961748774058,0.1025213377268111,0.01938827976092948
dINT,cooperativity_mutagenesis,1,42,42.0,43.0,0.1441029736994839,0.11676292188915045,0.027340051810333457
dINT,cooperativity_mutagenesis,1,43,43.0,44.0,0.14278666128467804,0.10100106418593348,0.04178559709874456
dINT,cooperativity_mutagenesis,1,44,44.0,45.0,0.12496604459161592,0.12511253637154002,-0.00014649177992409612
dINT,cooperativity_mutagenesis,1,45,45.0,46.0,0.13417994591501634,0.1265264684546169,0.007653477460399433
dINT,cooperativity_mutagenesis,1,46,46.0,47.0,0.12373956341060091,0.10721684942884752,0.016522713981753395
dINT,cooperativity_mutagenesis,1,47,47.0,48.0,0.16368030320683216,0.12875885847948615,0.03492144472734601
dINT,cooperativity_mutagenesis,1,48,48.0,49.0,0.1266839328606377,0.11939731267290608,0.007286620187731616
dINT,cooperativity_mutagenesis,1,49,49.0,50.0,0.14223251011581825,0.11576301896454946,0.026469491151268787
dINT,cooperativity_mutagenesis,2,0,0.0,1.0,0.07133111540891439,0.07209042245265336,-0.0007593070437389715
dINT,cooperativity_mutagenesis,2,1,1.0,2.0,0.09571852711731245,0.14576668103524118,-0.05004815391792873
dINT,cooperativity_mutagenesis,2,2,2.0,3.0,0.09584650433210717,0.14150622420730374,-0.04565971987519657
dINT,cooperativity_mutagenesis,2,3,3.0,4.0,0.11096456639492859,0.12855010429484115,-0.01758553789991256
dINT,cooperativity_mutagenesis,2,4,4.0,5.0,0.1052777433945944,0.12128589794224866,-0.016008154547654252
dINT,cooperativity_mutagenesis,2,5,5.0,6.0,0.09995299406366266,0.10588276404417794,-0.0059297699805152815
dINT,cooperativity_mutagenesis,2,6,6.0,7.0,0.12647515674302254,0.10695219764912221,0.019522959093900324
dINT,cooperativity_mutagenesis,2,7,7.0,8.0,0.11421467309610123,0.1281827687457634,-0.013968095649662171
dINT,cooperativity_mutagenesis,2,8,8.0,9.0,0.13902012809144526,0.12994674566762954,0.009073382423815723
dINT,cooperativity_mutagenesis,2,9,9.0,10.0,0.132997351689322,0.1289584728621284,0.004038878827193615
dINT,cooperativity_mutagenesis,2,10,10.0,11.0,0.12415109801241274,0.12924205359217636,-0.00509095557976362
dINT,cooperativity_mutagenesis,2,11,11.0,12.0,0.0990105389793809,0.12432424706013648,-0.025313708080755573
dINT,cooperativity_mutagenesis,2,12,12.0,13.0,0.11449750720549019,0.13696716861569525,-0.022469661410205052
dINT,cooperativity_mutagenesis,2,13,13.0,14.0,0.11267336175137946,0.16053504107704764,-0.04786167932566818
dINT,cooperativity_mutagenesis,2,14,14.0,15.0,0.15279345103324019,0.129303018050827,0.023490432982413184
dINT,cooperativity_mutagenesis,2,15,15.0,16.0,0.11902517868097369,0.1428745356203725,-0.02384935693939881
dINT,cooperativity_mutagenesis,2,16,16.0,17.0,0.10219912323089216,0.13975299646002984,-0.03755387322913768
dINT,cooperativity_mutagenesis,2,17,17.0,18.0,0.15808050511421395,0.13403668916663355,0.0240438159475804
dINT,cooperativity_mutagenesis,2,18,18.0,19.0,0.18585506648916594,0.10031250443412061,0.08554256205504533
dINT,cooperativity_mutagenesis,2,19,19.0,20.0,0.19599482169416696,0.10622509235809317,0.08976972933607379
dINT,cooperativity_mutagenesis,2,20,20.0,21.0,0.19658160650460324,0.09988557462416421,0.09669603188043903
dINT,cooperativity_mutagenesis,2,21,21.0,22.0,0.19222620795897397,0.13005553049505494,0.06217067746391902
dINT,cooperativity_mutagenesis,2,22,22.0,23.0,0.14421603093585916,0.09483151002922305,0.049384520906636115
dINT,cooperativity_mutagenesis,2,23,23.0,24.0,0.14630581229743217,0.09999771265515191,0.04630809964228026
dINT,cooperativity_mutagenesis,2,24,24.0,25.0,0.1798068757143793,0.10549712540801735,0.07430975030636196
dINT,cooperativity_mutagenesis,2,25,25.0,26.0,0.12476326068183866,0.10858424891639434,0.016179011765444312
dINT,cooperativity_mutagenesis,2,26,26.0,27.0,0.1551974609749228,0.10934800072936264,0.04584946024556015
dINT,cooperativity_mutagenesis,2,27,27.0,28.0,0.13598548403162927,0.08466483821346532,0.05132064581816395
dINT,cooperativity_mutagenesis,2,28,28.0,29.0,0.1330682691314935,0.10302902577225626,0.030039243359237244
dINT,cooperativity_mutagenesis,2,29,29.0,30.0,0.1284402076113407,0.11987671951825155,0.008563488093089155
dINT,cooperativity_mutagenesis,2,30,30.0,31.0,0.16927845348990256,0.10322409115040414,0.06605436233949842
dINT,cooperativity_mutagenesis,2,31,31.0,32.0,0.15754436707577343,0.09691835200839319,0.060626015067380246
dINT,cooperativity_mutagenesis,2,32,32.0,33.0,0.13813549797658753,0.08592636876444393,0.0522091292121436
dINT,cooperativity_mutagenesis,2,33,33.0,34.0,0.12496815728899956,0.11710826787401757,0.007859889414981988
dINT,cooperativity_mutagenesis,2,34,34.0,35.0,0.11966012887931046,0.1307728094034514,-0.011112680524140939
dINT,cooperativity_mutagenesis,2,35,35.0,36.0,0.1409354369385851,0.15016468132081007,-0.009229244382224971
dINT,cooperativity_mutagenesis,2,36,36.0,37.0,0.10728646572162229,0.11614394531762445,-0.008857479596002166
dINT,cooperativity_mutagenesis,2,37,37.0,38.0,0.11104812301677452,0.12347381278032042,-0.012425689763545897
dINT,cooperativity_mutagenesis,2,38,38.0,39.0,0.11361711081004912,0.10548746131123561,0.008129649498813507
dINT,cooperativity_mutagenesis,2,39,39.0,40.0,0.10658745852996183,0.14627596041586757,-0.03968850188590574
dINT,cooperativity_mutagenesis,2,40,40.0,41.0,0.1446844351346129,0.11627109208944146,0.028413343045171444
dINT,cooperativity_mutagenesis,2,41,41.0,42.0,0.12440866997514985,0.11777130330812477,0.00663736666702508
dINT,cooperativity_mutagenesis,2,42,42.0,43.0,0.14382709727561574,0.11256256284258973,0.031264534433026014
dINT,cooperativity_mutagenesis,2,43,43.0,44.0,0.15353930428091778,0.10417066699932694,0.04936863728159084
dINT,cooperativity_mutagenesis,2,44,44.0,45.0,0.13691463868287193,0.11076079979970718,0.02615383888316475
dINT,cooperativity_mutagenesis,2,45,45.0,46.0,0.13954430009286894,0.11278024693420156,0.02676405315866738
dINT,cooperativity_mutagenesis,2,46,46.0,47.0,0.1656754217405049,0.11078641775914559,0.054889003981359305
dINT,cooperativity_mutagenesis,2,47,47.0,48.0,0.16118153650276487,0.10346312108809555,0.05771841541466932
dINT,cooperativity_mutagenesis,2,48,48.0,49.0,0.1343992396216653,0.11154985335684584,0.02284938626481947
dINT,cooperativity_mutagenesis,2,49,49.0,50.0,0.13205614171312574,0.14891961417302504,-0.016863472459899304
dINT,cooperativity_mutagenesis,3,0,0.0,1.0,0.11114433067407052,0.0696733611983164,0.04147096947575413
dINT,cooperativity_mutagenesis,3,1,1.0,2.0,0.08797749671291359,0.10471809609212408,-0.01674059937921049
dINT,cooperativity_mutagenesis,3,2,2.0,3.0,0.10982760167547694,0.08686446326891255,0.022963138406564387
dINT,cooperativity_mutagenesis,3,3,3.0,4.0,0.12379445789385128,0.09551297506065128,0.028281482833200006
dINT,cooperativity_mutagenesis,3,4,4.0,5.0,0.14020607293014378,0.12619480158103835,0.01401127134910543
dINT,cooperativity_mutagenesis,3,5,5.0,6.0,0.13621747668973683,0.13530951463577123,0.0009079620539655942
dINT,cooperativity_mutagenesis,3,6,6.0,7.0,0.10292949747369255,0.10572908753182346,-0.0027995900581309074
dINT,cooperativity_mutagenesis,3,7,7.0,8.0,0.11814522130114449,0.15024844351483346,-0.03210322221368897
dINT,cooperativity_mutagenesis,3,8,8.0,9.0,0.12130886006751071,0.1444568698007477,-0.023148009733236996
dINT,cooperativity_mutagenesis,3,9,9.0,10.0,0.13328639259831915,0.15896512112902322,-0.025678728530704076
dINT,cooperativity_mutagenesis,3,10,10.0,11.0,0.13738909888692497,0.1667430734755914,-0.029353974588666426
dINT,cooperativity_mutagenesis,3,11,11.0,12.0,0.13428043305291765,0.16885510794352407,-0.03457467489060642
dINT,cooperativity_mutagenesis,3,12,12.0,13.0,0.12139075064825723,0.13410728577340714,-0.012716535125149905
dINT,cooperativity_mutagenesis,3,13,13.0,14.0,0.14029901502230777,0.12984999881358694,0.010449016208720824
dINT,cooperativity_mutagenesis,3,14,14.0,15.0,0.1366228035340248,0.10719081732542408,0.029431986208600727
dINT,cooperativity_mutagenesis,3,15,15.0,16.0,0.13196086642262736,0.12718472292042773,0.004776143502199626
dINT,cooperativity_mutagenesis,3,16,16.0,17.0,0.10974160353269656,0.12200339370353391,-0.012261790170837353
dINT,cooperativity_mutagenesis,3,17,17.0,18.0,0.1229603146545646,0.10961461934808514,0.013345695306479458
dINT,cooperativity_mutagenesis,3,18,18.0,19.0,0.1168844084833311,0.13535520975951262,-0.018470801276181517
dINT,cooperativity_mutagenesis,3,19,19.0,20.0,0.14307837766950235,0.09476757411318759,0.04831080355631476
dINT,cooperativity_mutagenesis,3,20,20.0,21.0,0.11668371450136057,0.1094258681433811,0.007257846357979478
dINT,cooperativity_mutagenesis,3,21,21.0,22.0,0.14167529839453624,0.08923198621635564,0.0524433121781806
dINT,cooperativity_mutagenesis,3,22,22.0,23.0,0.1562738638207896,0.13891636364170104,0.017357500179088547
dINT,cooperativity_mutagenesis,3,23,23.0,24.0,0.14747646353750646,0.12626354481247504,0.02121291872503142
dINT,cooperativity_mutagenesis,3,24,24.0,25.0,0.1266803895695761,0.12412312191752223,0.002557267652053885
dINT,cooperativity_mutagenesis,3,25,25.0,26.0,0.1066906121715421,0.10272009151805649,0.003970520653485618
dINT,cooperativity_mutagenesis,3,26,26.0,27.0,0.1285351616284986,0.11979198959260716,0.008743172035891436
dINT,cooperativity_mutagenesis,3,27,27.0,28.0,0.14704326402934667,0.11757418910120643,0.029469074928140243
dINT,cooperativity_mutagenesis,3,28,28.0,29.0,0.12759667161562385,0.1303902179693445,-0.002793546353720644
dINT,cooperativity_mutagenesis,3,29,29.0,30.0,0.13915125740133338,0.1124628354027512,0.02668842199858218
dINT,cooperativity_mutagenesis,3,30,30.0,31.0,0.12189812477950744,0.14850920134737827,-0.02661107656787083
dINT,cooperativity_mutagenesis,3,31,31.0,32.0,0.13996994656428943,0.1177203778477841,0.02224956871650534
dINT,cooperativity_mutagenesis,3,32,32.0,33.0,0.16387995275926556,0.1165608483594928,0.04731910439977276
dINT,cooperativity_mutagenesis,3,33,33.0,34.0,0.12636713393576265,0.12387794629901278,0.002489187636749879
dINT,cooperativity_mutagenesis,3,34,34.0,35.0,0.1156274361080677,0.13009446918907602,-0.01446703308100833
dINT,cooperativity_mutagenesis,3,35,35.0,36.0,0.11308220698229603,0.11690203253411911,-0.003819825551823086
dINT,cooperativity_mutagenesis,3,36,36.0,37.0,0.14242997086446743,0.09900009782671926,0.04342987303774817
dINT,cooperativity_mutagenesis,3,37,37.0,38.0,0.12354702394154718,0.0959052833234731,0.027641740618074076
dINT,cooperativity_mutagenesis,3,38,38.0,39.0,0.1489919480440164,0.12683132790534113,0.022160620138675258
dINT,cooperativity_mutagenesis,3,39,39.0,40.0,0.11668700903480983,0.14238981953735771,-0.025702810502547885
dINT,cooperativity_mutagenesis,3,40,40.0,41.0,0.13754214794343714,0.12218375286487392,0.015358395078563222
dINT,cooperativity_mutagenesis,3,41,41.0,42.0,0.15227896112718517,0.10522168341551336,0.04705727771167181
dINT,cooperativity_mutagenesis,3,42,42.0,43.0,0.16852962920354259,0.10932528174749437,0.05920434745604822
dINT,cooperativity_mutagenesis,3,43,43.0,44.0,0.20464886233222607,0.1054935386665758,0.09915532366565026
dINT,cooperativity_mutagenesis,3,44,44.0,45.0,0.2274443593033854,0.1050384543977411,0.12240590490564432
dINT,cooperativity_mutagenesis,3,45,45.0,46.0,0.208804268216633,0.11672309929380636,0.09208116892282664
dINT,cooperativity_mutagenesis,3,46,46.0,47.0,0.17655952936200778,0.1224410704734563,0.05411845888855148
dINT,cooperativity_mutagenesis,3,47,47.0,48.0,0.13738770864692065,0.13169134958442855,0.005696359062492107
dINT,cooperativity_mutagenesis,3,48,48.0,49.0,0.14852440798328284,0.13224884207108836,0.01627556591219448
dINT,cooperativity_mutagenesis,3,49,49.0,50.0,0.1498392109013015,0.16630219146940217,-0.016462980568100666
dINT,distal_control,1,0,0.0,1.0,0.11628296066642729,0.08476907778610784,0.03151388288031945
dINT,distal_control,1,1,1.0,2.0,0.12329359273955888,0.1471293567562156,-0.023835764016656727
dINT,distal_control,1,2,2.0,3.0,0.15757943614851175,0.13260600771475065,0.024973428433761102
dINT,distal_control,1,3,3.0,4.0,0.12694471283881956,0.08918166992774175,0.03776304291107781
dINT,distal_control,1,4,4.0,5.0,0.14869834682931732,0.08951355924572736,0.05918478758358996
dINT,distal_control,1,5,5.0,6.0,0.14998047655746938,0.10229756515498051,0.04768291140248887
dINT,distal_control,1,6,6.0,7.0,0.18856624904444477,0.12719630712080876,0.06136994192363601
dINT,distal_control,1,7,7.0,8.0,0.14721803986416385,0.1509380833020146,-0.003720043437850762
dINT,distal_control,1,8,8.0,9.0,0.16652584018728328,0.1262126006918843,0.04031323949539897
dINT,distal_control,1,9,9.0,10.0,0.15788505899844804,0.11741485889542644,0.0404702001030216
dINT,distal_control,1,10,10.0,11.0,0.17010953799505577,0.1318229629281824,0.03828657506687336
dINT,distal_control,1,11,11.0,12.0,0.16804084679674636,0.12877791371830316,0.039262933078443196
dINT,distal_control,1,12,12.0,13.0,0.168154291155771,0.14935822010128777,0.01879607105448322
dINT,distal_control,1,13,13.0,14.0,0.14958654969009075,0.12995089557359177,0.01963565411649898
dINT,distal_control,1,14,14.0,15.0,0.1159665115200669,0.11876547120725209,-0.0027989596871851874
dINT,distal_control,1,15,15.0,16.0,0.12867803556293658,0.1192348887253009,0.009443146837635683
dINT,distal_control,1,16,16.0,17.0,0.12297838659768989,0.11392140419986285,0.00905698239782704
dINT,distal_control,1,17,17.0,18.0,0.11419890739442982,0.13236091425076954,-0.018162006856339716
dINT,distal_control,1,18,18.0,19.0,0.13534904614908458,0.14070953573259987,-0.005360489583515288
dINT,distal_control,1,19,19.0,20.0,0.09996673626193939,0.12802961792392556,-0.028062881661986172
dINT,distal_control,1,20,20.0,21.0,0.10873040427222888,0.10371502866765163,0.005015375604577252
dINT,distal_control,1,21,21.0,22.0,0.1482964449937334,0.1014420754680413,0.046854369525692094
dINT,distal_control,1,22,22.0,23.0,0.10701653599686858,0.10982066830308049,-0.002804132306211904
dINT,distal_control,1,23,23.0,24.0,0.0937672057466442,0.10309914855557202,-0.009331942808927823
dINT,distal_control,1,24,24.0,25.0,0.10739887944682171,0.11131187626829946,-0.003912996821477749
dINT,distal_control,1,25,25.0,26.0,0.11327457932137279,0.14006686982399585,-0.026792290502623065
dINT,distal_control,1,26,26.0,27.0,0.108929021340633,0.09498963709322919,0.013939384247403805
dINT,distal_control,1,27,27.0,28.0,0.11243717129146284,0.14189188453125454,-0.029454713239791694
dINT,distal_control,1,28,28.0,29.0,0.13197836711574948,0.1221739032774226,0.00980446383832688
dINT,distal_control,1,29,29.0,30.0,0.1326826763625997,0.11906110625733889,0.013621570105260813
dINT,distal_control,1,30,30.0,31.0,0.12840575601567267,0.10230880122651001,0.026096954789162657
dINT,distal_control,1,31,31.0,32.0,0.12852309635137327,0.14821782098932482,-0.01969472463795155
dINT,distal_control,1,32,32.0,33.0,0.15039809166649604,0.1286343303675996,0.021763761298896428
dINT,distal_control,1,33,33.0,34.0,0.13186425849612743,0.1323288027865069,-0.00046454429037948164
dINT,distal_control,1,34,34.0,35.0,0.11291843109618625,0.10876565567180897,0.004152775424377281
dINT,distal_control,1,35,35.0,36.0,0.14423088502632705,0.12626424923535368,0.01796663579097338
dINT,distal_control,1,36,36.0,37.0,0.10715048192586145,0.16288326371113349,-0.05573278178527204
dINT,distal_control,1,37,37.0,38.0,0.1349270785864848,0.1434582421819636,-0.008531163595478786
dINT,distal_control,1,38,38.0,39.0,0.09466233744094953,0.1335994920859827,-0.03893715464503318
dINT,distal_control,1,39,39.0,40.0,0.11380832328804898,0.10658636059417309,0.007221962693875886
dINT,distal_control,1,40,40.0,41.0,0.08410756666719701,0.11420092682595039,-0.03009336015875337
dINT,distal_control,1,41,41.0,42.0,0.10144446724284675,0.1025213377268111,-0.0010768704839643484
dINT,distal_control,1,42,42.0,43.0,0.15810057619193568,0.11676292188915045,0.04133765430278523
dINT,distal_control,1,43,43.0,44.0,0.13759344783988015,0.10100106418593348,0.03659238365394667
dINT,distal_control,1,44,44.0,45.0,0.12323100017513718,0.12511253637154002,-0.0018815361964028415
dINT,distal_control,1,45,45.0,46.0,0.17442576194505777,0.1265264684546169,0.047899293490440864
dINT,distal_control,1,46,46.0,47.0,0.15749108545278634,0.10721684942884752,0.05027423602393882
dINT,distal_control,1,47,47.0,48.0,0.1950955906653405,0.12875885847948615,0.06633673218585434
dINT,distal_control,1,48,48.0,49.0,0.18073119432143425,0.11939731267290608,0.06133388164852817
dINT,distal_control,1,49,49.0,50.0,0.14440547167067466,0.11576301896454946,0.0286424527061252
dINT,distal_control,2,0,0.0,1.0,0.1416511157919691,0.07209042245265336,0.06956069333931574
dINT,distal_control,2,1,1.0,2.0,0.14410024565476276,0.14576668103524118,-0.0016664353804784204
dINT,distal_control,2,2,2.0,3.0,0.11523633897343766,0.14150622420730374,-0.026269885233866086
dINT,distal_control,2,3,3.0,4.0,0.13481765030169615,0.12855010429484115,0.0062675460068550015
dINT,distal_control,2,4,4.0,5.0,0.10875536843340278,0.12128589794224866,-0.01253052950884588
dINT,distal_control,2,5,5.0,6.0,0.12910697908246505,0.10588276404417794,0.023224215038287102
dINT,distal_control,2,6,6.0,7.0,0.15990984478566794,0.10695219764912221,0.05295764713654573
dINT,distal_control,2,7,7.0,8.0,0.16543315447944426,0.1281827687457634,0.03725038573368086
dINT,distal_control,2,8,8.0,9.0,0.16454211084315692,0.12994674566762954,0.03459536517552739
dINT,distal_control,2,9,9.0,10.0,0.14983661872376478,0.1289584728621284,0.020878145861636388
dINT,distal_control,2,10,10.0,11.0,0.14622174696602314,0.12924205359217636,0.016979693373846777
dINT,distal_control,2,11,11.0,12.0,0.16184473286241635,0.12432424706013648,0.037520485802279874
dINT,distal_control,2,12,12.0,13.0,0.13709947821177515,0.13696716861569525,0.00013230959607990478
dINT,distal_control,2,13,13.0,14.0,0.1440774722299012,0.16053504107704764,-0.016457568847146442
dINT,distal_control,2,14,14.0,15.0,0.15981819072216039,0.129303018050827,0.030515172671333385
dINT,distal_control,2,15,15.0,16.0,0.17093528038819567,0.1428745356203725,0.028060744767823165
dINT,distal_control,2,16,16.0,17.0,0.1300072330520398,0.13975299646002984,-0.009745763407990049
dINT,distal_control,2,17,17.0,18.0,0.12038969461655508,0.13403668916663355,-0.013646994550078478
dINT,distal_control,2,18,18.0,19.0,0.12483468684377601,0.10031250443412061,0.024522182409655396
dINT,distal_control,2,19,19.0,20.0,0.1702348223739102,0.10622509235809317,0.06400973001581702
dINT,distal_control,2,20,20.0,21.0,0.2014576182307692,0.09988557462416421,0.10157204360660498
dINT,distal_control,2,21,21.0,22.0,0.18999816733845423,0.13005553049505494,0.05994263684339929
dINT,distal_control,2,22,22.0,23.0,0.16143324386755997,0.09483151002922305,0.06660173383833692
dINT,distal_control,2,23,23.0,24.0,0.11314790561332635,0.09999771265515191,0.013150192958174448
dINT,distal_control,2,24,24.0,25.0,0.1280366893294001,0.10549712540801735,0.022539563921382746
dINT,distal_control,2,25,25.0,26.0,0.11364407833613242,0.10858424891639434,0.005059829419738079
dINT,distal_control,2,26,26.0,27.0,0.09776135670886783,0.10934800072936264,-0.011586644020494807
dINT,distal_control,2,27,27.0,28.0,0.10887699310749904,0.08466483821346532,0.02421215489403372
dINT,distal_control,2,28,28.0,29.0,0.1585642133974417,0.10302902577225626,0.055535187625185445
dINT,distal_control,2,29,29.0,30.0,0.14705694468984978,0.11987671951825155,0.027180225171598238
dINT,distal_control,2,30,30.0,31.0,0.15285955797667797,0.10322409115040414,0.04963546682627383
dINT,distal_control,2,31,31.0,32.0,0.09740867234542099,0.09691835200839319,0.000490320337027797
dINT,distal_control,2,32,32.0,33.0,0.11119921845358818,0.08592636876444393,0.025272849689144256
dINT,distal_control,2,33,33.0,34.0,0.1251094710368634,0.11710826787401757,0.008001203162845832
dINT,distal_control,2,34,34.0,35.0,0.12394281092679421,0.1307728094034514,-0.00682999847665719
dINT,distal_control,2,35,35.0,36.0,0.1287983788584422,0.15016468132081007,-0.02136630246236787
dINT,distal_control,2,36,36.0,37.0,0.15392121176545323,0.11614394531762445,0.03777726644782878
dINT,distal_control,2,37,37.0,38.0,0.15169363224567822,0.12347381278032042,0.0282198194653578
dINT,distal_control,2,38,38.0,39.0,0.1414735294929291,0.10548746131123561,0.03598606818169349
dINT,distal_control,2,39,39.0,40.0,0.1297739196342928,0.14627596041586757,-0.016502040781574773
dINT,distal_control,2,40,40.0,41.0,0.11090178053426372,0.11627109208944146,-0.005369311555177739
dINT,distal_control,2,41,41.0,42.0,0.11838251618300899,0.11777130330812477,0.0006112128748842205
dINT,distal_control,2,42,42.0,43.0,0.13144973618126143,0.11256256284258973,0.01888717333867171
dINT,distal_control,2,43,43.0,44.0,0.10277841624345364,0.10417066699932694,-0.0013922507558732922
dINT,distal_control,2,44,44.0,45.0,0.12320170910348985,0.11076079979970718,0.012440909303782666
dINT,distal_control,2,45,45.0,46.0,0.08321243765056431,0.11278024693420156,-0.029567809283637253
dINT,distal_control,2,46,46.0,47.0,0.10787451866413683,0.11078641775914559,-0.0029118990950087603
dINT,distal_control,2,47,47.0,48.0,0.11260440552497829,0.10346312108809555,0.009141284436882738
dINT,distal_control,2,48,48.0,49.0,0.11968409646344436,0.11154985335684584,0.008134243106598521
dINT,distal_control,2,49,49.0,50.0,0.16405355554040854,0.14891961417302504,0.015133941367383497
dINT,distal_control,3,0,0.0,1.0,0.09502262601999945,0.0696733611983164,0.02534926482168305
dINT,distal_control,3,1,1.0,2.0,0.16468546446794016,0.10471809609212408,0.05996736837581608
dINT,distal_control,3,2,2.0,3.0,0.14436029224845384,0.08686446326891255,0.057495828979541294
dINT,distal_control,3,3,3.0,4.0,0.11361341668616538,0.09551297506065128,0.018100441625514108
dINT,distal_control,3,4,4.0,5.0,0.1562014813308108,0.12619480158103835,0.030006679749772447
dINT,distal_control,3,5,5.0,6.0,0.15260991950755812,0.13530951463577123,0.017300404871786884
dINT,distal_control,3,6,6.0,7.0,0.14759096867654622,0.10572908753182346,0.041861881144722765
dINT,distal_control,3,7,7.0,8.0,0.1699731273294118,0.15024844351483346,0.019724683814578342
dINT,distal_control,3,8,8.0,9.0,0.12867183849054584,0.1444568698007477,-0.01578503131020187
dINT,distal_control,3,9,9.0,10.0,0.14379772321636966,0.15896512112902322,-0.015167397912653563
dINT,distal_control,3,10,10.0,11.0,0.1313787375883427,0.1667430734755914,-0.03536433588724869
dINT,distal_control,3,11,11.0,12.0,0.11811795599342466,0.16885510794352407,-0.05073715195009941
dINT,distal_control,3,12,12.0,13.0,0.15236749632737454,0.13410728577340714,0.0182602105539674
dINT,distal_control,3,13,13.0,14.0,0.1913983773474402,0.12984999881358694,0.061548378533853254
dINT,distal_control,3,14,14.0,15.0,0.22623542512877248,0.10719081732542408,0.1190446078033484
dINT,distal_control,3,15,15.0,16.0,0.1929472591187807,0.12718472292042773,0.06576253619835296
dINT,distal_control,3,16,16.0,17.0,0.13279536184729895,0.12200339370353391,0.01079196814376504
dINT,distal_control,3,17,17.0,18.0,0.14686297302456294,0.10961461934808514,0.0372483536764778
dINT,distal_control,3,18,18.0,19.0,0.1506322700756747,0.13535520975951262,0.015277060316162078
dINT,distal_control,3,19,19.0,20.0,0.2201186462884734,0.09476757411318759,0.12535107217528582
dINT,distal_control,3,20,20.0,21.0,0.23082099210527882,0.1094258681433811,0.12139512396189772
dINT,distal_control,3,21,21.0,22.0,0.19919464551406033,0.08923198621635564,0.10996265929770468
dINT,distal_control,3,22,22.0,23.0,0.26138500150620414,0.13891636364170104,0.1224686378645031
dINT,distal_control,3,23,23.0,24.0,0.2173124429384964,0.12626354481247504,0.09104889812602135
dINT,distal_control,3,24,24.0,25.0,0.17133520085805604,0.12412312191752223,0.04721207894053381
dINT,distal_control,3,25,25.0,26.0,0.14270948917643933,0.10272009151805649,0.039989397658382844
dINT,distal_control,3,26,26.0,27.0,0.1320824394440923,0.11979198959260716,0.012290449851485127
dINT,distal_control,3,27,27.0,28.0,0.1300845311816785,0.11757418910120643,0.012510342080472081
dINT,distal_control,3,28,28.0,29.0,0.12389646341139868,0.1303902179693445,-0.006493754557945819
dINT,distal_control,3,29,29.0,30.0,0.14732320016785247,0.1124628354027512,0.034860364765101265
dINT,distal_control,3,30,30.0,31.0,0.1450496587149457,0.14850920134737827,-0.0034595426324325607
dINT,distal_control,3,31,31.0,32.0,0.13284785632248294,0.1177203778477841,0.01512747847469885
dINT,distal_control,3,32,32.0,33.0,0.14384356126398684,0.1165608483594928,0.027282712904494036
dINT,distal_control,3,33,33.0,34.0,0.18691270292939816,0.12387794629901278,0.06303475663038538
dINT,distal_control,3,34,34.0,35.0,0.15487150735458974,0.13009446918907602,0.024777038165513715
dINT,distal_control,3,35,35.0,36.0,0.12314637606682095,0.11690203253411911,0.00624434353270184
dINT,distal_control,3,36,36.0,37.0,0.12674858967195113,0.09900009782671926,0.02774849184523187
dINT,distal_control,3,37,37.0,38.0,0.20283413379122894,0.0959052833234731,0.10692885046775584
dINT,distal_control,3,38,38.0,39.0,0.1946817022641651,0.12683132790534113,0.06785037435882396
dINT,distal_control,3,39,39.0,40.0,0.23131928227039555,0.14238981953735771,0.08892946273303784
dINT,distal_control,3,40,40.0,41.0,0.2063275676527496,0.12218375286487392,0.08414381478787568
dINT,distal_control,3,41,41.0,42.0,0.20158581918627735,0.10522168341551336,0.096364135770764
dINT,distal_control,3,42,42.0,43.0,0.15791995634211128,0.10932528174749437,0.048594674594616916
dINT,distal_control,3,43,43.0,44.0,0.17544392327093175,0.1054935386665758,0.06995038460435594
dINT,distal_control,3,44,44.0,45.0,0.19712687405329596,0.1050384543977411,0.09208841965555487
dINT,distal_control,3,45,45.0,46.0,0.20416459077133378,0.11672309929380636,0.08744149147752742
dINT,distal_control,3,46,46.0,47.0,0.17816746612182682,0.1224410704734563,0.05572639564837052
dINT,distal_control,3,47,47.0,48.0,0.219931663342018,0.13169134958442855,0.08824031375758945
dINT,distal_control,3,48,48.0,49.0,0.14503694640156792,0.13224884207108836,0.012788104330479555
dINT,distal_control,3,49,49.0,50.0,0.17749382466498348,0.16630219146940217,0.011191633195581308
dINT,intracellular_microswitches,1,0,0.0,1.0,0.12225144716819572,0.08476907778610784,0.03748236938208788
dINT,intracellular_microswitches,1,1,1.0,2.0,0.15092369014052395,0.1471293567562156,0.003794333384308346
dINT,intracellular_microswitches,1,2,2.0,3.0,0.11562239312083392,0.13260600771475065,-0.01698361459391673
dINT,intracellular_microswitches,1,3,3.0,4.0,0.11043978171471022,0.08918166992774175,0.021258111786968473
dINT,intracellular_microswitches,1,4,4.0,5.0,0.162807406881307,0.08951355924572736,0.07329384763557963
dINT,intracellular_microswitches,1,5,5.0,6.0,0.13962803314029804,0.10229756515498051,0.03733046798531753
dINT,intracellular_microswitches,1,6,6.0,7.0,0.08979823083702822,0.12719630712080876,-0.03739807628378054
dINT,intracellular_microswitches,1,7,7.0,8.0,0.11140234342557466,0.1509380833020146,-0.03953573987643995
dINT,intracellular_microswitches,1,8,8.0,9.0,0.08265267247731621,0.1262126006918843,-0.0435599282145681
dINT,intracellular_microswitches,1,9,9.0,10.0,0.10698992651712994,0.11741485889542644,-0.010424932378296503
dINT,intracellular_microswitches,1,10,10.0,11.0,0.16292046713165842,0.1318229629281824,0.031097504203476012
dINT,intracellular_microswitches,1,11,11.0,12.0,0.11144138884805288,0.12877791371830316,-0.01733652487025028
dINT,intracellular_microswitches,1,12,12.0,13.0,0.11329943275257404,0.14935822010128777,-0.03605878734871373
dINT,intracellular_microswitches,1,13,13.0,14.0,0.11890884385113439,0.12995089557359177,-0.011042051722457383
dINT,intracellular_microswitches,1,14,14.0,15.0,0.13024705965819686,0.11876547120725209,0.011481588450944769
dINT,intracellular_microswitches,1,15,15.0,16.0,0.11896426752758689,0.1192348887253009,-0.0002706211977140105
dINT,intracellular_microswitches,1,16,16.0,17.0,0.11878699291385354,0.11392140419986285,0.00486558871399069
dINT,intracellular_microswitches,1,17,17.0,18.0,0.1184225645940271,0.13236091425076954,-0.01393834965674244
dINT,intracellular_microswitches,1,18,18.0,19.0,0.11563361323629093,0.14070953573259987,-0.02507592249630894
dINT,intracellular_microswitches,1,19,19.0,20.0,0.11028590842039493,0.12802961792392556,-0.01774370950353063
dINT,intracellular_microswitches,1,20,20.0,21.0,0.09017381221024004,0.10371502866765163,-0.01354121645741159
dINT,intracellular_microswitches,1,21,21.0,22.0,0.09806934587026106,0.1014420754680413,-0.003372729597780247
dINT,intracellular_microswitches,1,22,22.0,23.0,0.10348555358967099,0.10982066830308049,-0.006335114713409501
dINT,intracellular_microswitches,1,23,23.0,24.0,0.12344514217639799,0.10309914855557202,0.020345993620825967
dINT,intracellular_microswitches,1,24,24.0,25.0,0.10788991456600593,0.11131187626829946,-0.00342196170229353
dINT,intracellular_microswitches,1,25,25.0,26.0,0.12470767111386516,0.14006686982399585,-0.015359198710130695
dINT,intracellular_microswitches,1,26,26.0,27.0,0.1080551683718606,0.09498963709322919,0.013065531278631415
dINT,intracellular_microswitches,1,27,27.0,28.0,0.10872904284261271,0.14189188453125454,-0.03316284168864182
dINT,intracellular_microswitches,1,28,28.0,29.0,0.10176949793989014,0.1221739032774226,-0.02040440533753246
dINT,intracellular_microswitches,1,29,29.0,30.0,0.10731106580773556,0.11906110625733889,-0.01175004044960333
dINT,intracellular_microswitches,1,30,30.0,31.0,0.12518823100913554,0.10230880122651001,0.022879429782625527
dINT,intracellular_microswitches,1,31,31.0,32.0,0.14243190379251694,0.14821782098932482,-0.005785917196807877
dINT,intracellular_microswitches,1,32,32.0,33.0,0.12826874994378412,0.1286343303675996,-0.00036558042381548694
dINT,intracellular_microswitches,1,33,33.0,34.0,0.12008598626878342,0.1323288027865069,-0.012242816517723493
dINT,intracellular_microswitches,1,34,34.0,35.0,0.17088811445436936,0.10876565567180897,0.06212245878256038
dINT,intracellular_microswitches,1,35,35.0,36.0,0.13408538655989188,0.12626424923535368,0.007821137324538208
dINT,intracellular_microswitches,1,36,36.0,37.0,0.12057630893756192,0.16288326371113349,-0.04230695477357156
dINT,intracellular_microswitches,1,37,37.0,38.0,0.1508690482629988,0.1434582421819636,0.007410806081035198
dINT,intracellular_microswitches,1,38,38.0,39.0,0.1498528904021987,0.1335994920859827,0.016253398316216
dINT,intracellular_microswitches,1,39,39.0,40.0,0.1471318759746416,0.10658636059417309,0.04054551538046852
dINT,intracellular_microswitches,1,40,40.0,41.0,0.12941429479768293,0.11420092682595039,0.015213367971732547
dINT,intracellular_microswitches,1,41,41.0,42.0,0.19145336985685965,0.1025213377268111,0.08893203213004855
dINT,intracellular_microswitches,1,42,42.0,43.0,0.23000316760467254,0.11676292188915045,0.11324024571552209
dINT,intracellular_microswitches,1,43,43.0,44.0,0.16719388590378823,0.10100106418593348,0.06619282171785475
dINT,intracellular_microswitches,1,44,44.0,45.0,0.13882606454572813,0.12511253637154002,0.013713528174188111
dINT,intracellular_microswitches,1,45,45.0,46.0,0.1164190732659081,0.1265264684546169,-0.010107395188708804
dINT,intracellular_microswitches,1,46,46.0,47.0,0.10601484347252901,0.10721684942884752,-0.0012020059563185026
dINT,intracellular_microswitches,1,47,47.0,48.0,0.17703251501877987,0.12875885847948615,0.04827365653929372
dINT,intracellular_microswitches,1,48,48.0,49.0,0.11626368478756796,0.11939731267290608,-0.003133627885338122
dINT,intracellular_microswitches,1,49,49.0,50.0,0.14978232000073882,0.11576301896454946,0.03401930103618936
dINT,intracellular_microswitches,2,0,0.0,1.0,0.08872127310624404,0.07209042245265336,0.016630850653590684
dINT,intracellular_microswitches,2,1,1.0,2.0,0.13581092376507017,0.14576668103524118,-0.009955757270171006
dINT,intracellular_microswitches,2,2,2.0,3.0,0.17113066047030331,0.14150622420730374,0.02962443626299957
dINT,intracellular_microswitches,2,3,3.0,4.0,0.1445926007150535,0.12855010429484115,0.016042496420212354
dINT,intracellular_microswitches,2,4,4.0,5.0,0.13574946460403764,0.12128589794224866,0.014463566661788982
dINT,intracellular_microswitches,2,5,5.0,6.0,0.13137765883094785,0.10588276404417794,0.025494894786769903
dINT,intracellular_microswitches,2,6,6.0,7.0,0.1361075236376332,0.10695219764912221,0.02915532598851099
dINT,intracellular_microswitches,2,7,7.0,8.0,0.1617143633248283,0.1281827687457634,0.033531594579064905
dINT,intracellular_microswitches,2,8,8.0,9.0,0.14458252614792608,0.12994674566762954,0.01463578048029654
dINT,intracellular_microswitches,2,9,9.0,10.0,0.12931714542887657,0.1289584728621284,0.0003586725667481805
dINT,intracellular_microswitches,2,10,10.0,11.0,0.13769652100478982,0.12924205359217636,0.008454467412613464
dINT,intracellular_microswitches,2,11,11.0,12.0,0.12974831175730248,0.12432424706013648,0.005424064697165998
dINT,intracellular_microswitches,2,12,12.0,13.0,0.15661778251548927,0.13696716861569525,0.01965061389979403
dINT,intracellular_microswitches,2,13,13.0,14.0,0.14243570854611895,0.16053504107704764,-0.018099332530928686
dINT,intracellular_microswitches,2,14,14.0,15.0,0.17349544066529635,0.129303018050827,0.044192422614469345
dINT,intracellular_microswitches,2,15,15.0,16.0,0.15064216947191847,0.1428745356203725,0.007767633851545969
dINT,intracellular_microswitches,2,16,16.0,17.0,0.15516165656363065,0.13975299646002984,0.015408660103600813
dINT,intracellular_microswitches,2,17,17.0,18.0,0.15394919248325672,0.13403668916663355,0.01991250331662317
dINT,intracellular_microswitches,2,18,18.0,19.0,0.12601014298992413,0.10031250443412061,0.025697638555803523
dINT,intracellular_microswitches,2,19,19.0,20.0,0.14131994232112033,0.10622509235809317,0.035094849963027155
dINT,intracellular_microswitches,2,20,20.0,21.0,0.15428979263262566,0.09988557462416421,0.054404218008461444
dINT,intracellular_microswitches,2,21,21.0,22.0,0.12354122449944564,0.13005553049505494,-0.006514305995609301
dINT,intracellular_microswitches,2,22,22.0,23.0,0.15830079297922678,0.09483151002922305,0.06346928295000373
dINT,intracellular_microswitches,2,23,23.0,24.0,0.1364936572857332,0.09999771265515191,0.0364959446305813
dINT,intracellular_microswitches,2,24,24.0,25.0,0.1442152184613272,0.10549712540801735,0.03871809305330985
dINT,intracellular_microswitches,2,25,25.0,26.0,0.15404737525904447,0.10858424891639434,0.04546312634265012
dINT,intracellular_microswitches,2,26,26.0,27.0,0.15308146675797374,0.10934800072936264,0.0437334660286111
dINT,intracellular_microswitches,2,27,27.0,28.0,0.14082497290574086,0.08466483821346532,0.05616013469227554
dINT,intracellular_microswitches,2,28,28.0,29.0,0.1461563928572146,0.10302902577225626,0.043127367084958346
dINT,intracellular_microswitches,2,29,29.0,30.0,0.14475814597505576,0.11987671951825155,0.024881426456804218
dINT,intracellular_microswitches,2,30,30.0,31.0,0.19643471327404038,0.10322409115040414,0.09321062212363625
dINT,intracellular_microswitches,2,31,31.0,32.0,0.16810455675524336,0.09691835200839319,0.07118620474685017
dINT,intracellular_microswitches,2,32,32.0,33.0,0.15722929678425981,0.08592636876444393,0.07130292801981589
dINT,intracellular_microswitches,2,33,33.0,34.0,0.1654262108021745,0.11710826787401757,0.04831794292815694
dINT,intracellular_microswitches,2,34,34.0,35.0,0.12871877546431035,0.1307728094034514,-0.0020540339391410534
dINT,intracellular_microswitches,2,35,35.0,36.0,0.15746510482562134,0.15016468132081007,0.0073004235048112764
dINT,intracellular_microswitches,2,36,36.0,37.0,0.15052744850159944,0.11614394531762445,0.034383503183974984
dINT,intracellular_microswitches,2,37,37.0,38.0,0.13896003867279447,0.12347381278032042,0.015486225892474045
dINT,intracellular_microswitches,2,38,38.0,39.0,0.12945835233853223,0.10548746131123561,0.023970891027296617
dINT,intracellular_microswitches,2,39,39.0,40.0,0.18982838332304597,0.14627596041586757,0.043552422907178395
dINT,intracellular_microswitches,2,40,40.0,41.0,0.15327411010174227,0.11627109208944146,0.03700301801230081
dINT,intracellular_microswitches,2,41,41.0,42.0,0.13191243060528798,0.11777130330812477,0.014141127297163214
dINT,intracellular_microswitches,2,42,42.0,43.0,0.12082909426621781,0.11256256284258973,0.008266531423628085
dINT,intracellular_microswitches,2,43,43.0,44.0,0.12025846464853347,0.10417066699932694,0.016087797649206537
dINT,intracellular_microswitches,2,44,44.0,45.0,0.1321446784303304,0.11076079979970718,0.021383878630623215
dINT,intracellular_microswitches,2,45,45.0,46.0,0.11934026795365771,0.11278024693420156,0.006560021019456144
dINT,intracellular_microswitches,2,46,46.0,47.0,0.12418249581398154,0.11078641775914559,0.013396078054835947
dINT,intracellular_microswitches,2,47,47.0,48.0,0.135142308304923,0.10346312108809555,0.03167918721682744
dINT,intracellular_microswitches,2,48,48.0,49.0,0.13720198801063216,0.11154985335684584,0.025652134653786324
dINT,intracellular_microswitches,2,49,49.0,50.0,0.15148719119379522,0.14891961417302504,0.0025675770207701787
dINT,intracellular_microswitches,3,0,0.0,1.0,0.08995671827718647,0.0696733611983164,0.02028335707887008
dINT,intracellular_microswitches,3,1,1.0,2.0,0.11752125977462154,0.10471809609212408,0.012803163682497454
dINT,intracellular_microswitches,3,2,2.0,3.0,0.08668883129157001,0.08686446326891255,-0.00017563197734253577
dINT,intracellular_microswitches,3,3,3.0,4.0,0.11615443075401545,0.09551297506065128,0.020641455693364175
dINT,intracellular_microswitches,3,4,4.0,5.0,0.1450774429603568,0.12619480158103835,0.018882641379318443
dINT,intracellular_microswitches,3,5,5.0,6.0,0.14069910129688432,0.13530951463577123,0.005389586661113083
dINT,intracellular_microswitches,3,6,6.0,7.0,0.11423087472977671,0.10572908753182346,0.008501787197953248
dINT,intracellular_microswitches,3,7,7.0,8.0,0.11361523607736665,0.15024844351483346,-0.036633207437466814
dINT,intracellular_microswitches,3,8,8.0,9.0,0.11147214251799512,0.1444568698007477,-0.03298472728275259
dINT,intracellular_microswitches,3,9,9.0,10.0,0.11447137802862588,0.15896512112902322,-0.044493743100397345
dINT,intracellular_microswitches,3,10,10.0,11.0,0.10371805634123972,0.1667430734755914,-0.06302501713435167
dINT,intracellular_microswitches,3,11,11.0,12.0,0.11936719980767524,0.16885510794352407,-0.04948790813584883
dINT,intracellular_microswitches,3,12,12.0,13.0,0.10910524865287469,0.13410728577340714,-0.02500203712053245
dINT,intracellular_microswitches,3,13,13.0,14.0,0.12159425577299596,0.12984999881358694,-0.008255743040590985
dINT,intracellular_microswitches,3,14,14.0,15.0,0.10121077817500441,0.10719081732542408,-0.005980039150419669
dINT,intracellular_microswitches,3,15,15.0,16.0,0.10124543256102218,0.12718472292042773,-0.02593929035940555
dINT,intracellular_microswitches,3,16,16.0,17.0,0.12911984534055876,0.12200339370353391,0.007116451637024845
dINT,intracellular_microswitches,3,17,17.0,18.0,0.1324647965870107,0.10961461934808514,0.022850177238925573
dINT,intracellular_microswitches,3,18,18.0,19.0,0.10356546954530658,0.13535520975951262,-0.03178974021420604
dINT,intracellular_microswitches,3,19,19.0,20.0,0.1373527999769192,0.09476757411318759,0.04258522586373162
dINT,intracellular_microswitches,3,20,20.0,21.0,0.12620436322175557,0.1094258681433811,0.016778495078374478
dINT,intracellular_microswitches,3,21,21.0,22.0,0.11029872597251919,0.08923198621635564,0.02106673975616355
dINT,intracellular_microswitches,3,22,22.0,23.0,0.11192992492899392,0.13891636364170104,-0.026986438712707117
dINT,intracellular_microswitches,3,23,23.0,24.0,0.10038079308453307,0.12626354481247504,-0.025882751727941966
dINT,intracellular_microswitches,3,24,24.0,25.0,0.12502927270771994,0.12412312191752223,0.0009061507901977073
dINT,intracellular_microswitches,3,25,25.0,26.0,0.10561693335395306,0.10272009151805649,0.0028968418358965714
dINT,intracellular_microswitches,3,26,26.0,27.0,0.11368574493846159,0.11979198959260716,-0.006106244654145568
dINT,intracellular_microswitches,3,27,27.0,28.0,0.12478780790532415,0.11757418910120643,0.007213618804117722
dINT,intracellular_microswitches,3,28,28.0,29.0,0.11268801006398982,0.1303902179693445,-0.017702207905354678
dINT,intracellular_microswitches,3,29,29.0,30.0,0.10943656476805173,0.1124628354027512,-0.003026270634699471
dINT,intracellular_microswitches,3,30,30.0,31.0,0.11705592647738462,0.14850920134737827,-0.03145327486999365
dINT,intracellular_microswitches,3,31,31.0,32.0,0.1351646319180316,0.1177203778477841,0.01744425407024751
dINT,intracellular_microswitches,3,32,32.0,33.0,0.11826161849589624,0.1165608483594928,0.0017007701364034344
dINT,intracellular_microswitches,3,33,33.0,34.0,0.13400003446368486,0.12387794629901278,0.010122088164672083
dINT,intracellular_microswitches,3,34,34.0,35.0,0.13091379855818286,0.13009446918907602,0.000819329369106836
dINT,intracellular_microswitches,3,35,35.0,36.0,0.13782133349965647,0.11690203253411911,0.02091930096553736
dINT,intracellular_microswitches,3,36,36.0,37.0,0.10560037070206477,0.09900009782671926,0.006600272875345509
dINT,intracellular_microswitches,3,37,37.0,38.0,0.11029247005978841,0.0959052833234731,0.01438718673631531
dINT,intracellular_microswitches,3,38,38.0,39.0,0.12654113650175758,0.12683132790534113,-0.00029019140358355067
dINT,intracellular_microswitches,3,39,39.0,40.0,0.11627685359230934,0.14238981953735771,-0.026112965945048375
dINT,intracellular_microswitches,3,40,40.0,41.0,0.10442237637772774,0.12218375286487392,-0.01776137648714618
dINT,intracellular_microswitches,3,41,41.0,42.0,0.15966927973919917,0.10522168341551336,0.054447596323685815
dINT,intracellular_microswitches,3,42,42.0,43.0,0.143635827004273,0.10932528174749437,0.034310545256778624
dINT,intracellular_microswitches,3,43,43.0,44.0,0.1437157868790623,0.1054935386665758,0.0382222482124865
dINT,intracellular_microswitches,3,44,44.0,45.0,0.12201782319957523,0.1050384543977411,0.016979368801834135
dINT,intracellular_microswitches,3,45,45.0,46.0,0.10802585260128166,0.11672309929380636,-0.00869724669252471
dINT,intracellular_microswitches,3,46,46.0,47.0,0.10104569937460263,0.1224410704734563,-0.02139537109885367
dINT,intracellular_microswitches,3,47,47.0,48.0,0.11664940927567631,0.13169134958442855,-0.015041940308752236
dINT,intracellular_microswitches,3,48,48.0,49.0,0.12439118184758353,0.13224884207108836,-0.007857660223504828
dINT,intracellular_microswitches,3,49,49.0,50.0,0.12567206273926548,0.16630219146940217,-0.04063012873013669
dINT,orthosteric_activation_core,1,0,0.0,1.0,0.08713383153919796,0.08476907778610784,0.0023647537530901153
dINT,orthosteric_activation_core,1,1,1.0,2.0,0.09725208040119426,0.1471293567562156,-0.049877276355021344
dINT,orthosteric_activation_core,1,2,2.0,3.0,0.11073792889917447,0.13260600771475065,-0.021868078815576175
dINT,orthosteric_activation_core,1,3,3.0,4.0,0.1318906595879307,0.08918166992774175,0.04270898966018895
dINT,orthosteric_activation_core,1,4,4.0,5.0,0.14096614426479628,0.08951355924572736,0.05145258501906892
dINT,orthosteric_activation_core,1,5,5.0,6.0,0.14444159639403234,0.10229756515498051,0.04214403123905183
dINT,orthosteric_activation_core,1,6,6.0,7.0,0.15570415975470575,0.12719630712080876,0.02850785263389699
dINT,orthosteric_activation_core,1,7,7.0,8.0,0.129933276770639,0.1509380833020146,-0.021004806531375597
dINT,orthosteric_activation_core,1,8,8.0,9.0,0.12999439212875774,0.1262126006918843,0.003781791436873433
dINT,orthosteric_activation_core,1,9,9.0,10.0,0.12034364330853024,0.11741485889542644,0.002928784413103805
dINT,orthosteric_activation_core,1,10,10.0,11.0,0.1367070797764925,0.1318229629281824,0.004884116848310083
dINT,orthosteric_activation_core,1,11,11.0,12.0,0.14227291462274488,0.12877791371830316,0.013495000904441723
dINT,orthosteric_activation_core,1,12,12.0,13.0,0.13860605535403375,0.14935822010128777,-0.010752164747254017
dINT,orthosteric_activation_core,1,13,13.0,14.0,0.14263454026863934,0.12995089557359177,0.012683644695047569
dINT,orthosteric_activation_core,1,14,14.0,15.0,0.137130695001761,0.11876547120725209,0.018365223794508917
dINT,orthosteric_activation_core,1,15,15.0,16.0,0.13592967951608903,0.1192348887253009,0.01669479079078813
dINT,orthosteric_activation_core,1,16,16.0,17.0,0.12028187101128397,0.11392140419986285,0.00636046681142112
dINT,orthosteric_activation_core,1,17,17.0,18.0,0.13225789201079266,0.13236091425076954,-0.00010302223997687987
dINT,orthosteric_activation_core,1,18,18.0,19.0,0.1374288630850916,0.14070953573259987,-0.0032806726475082537
dINT,orthosteric_activation_core,1,19,19.0,20.0,0.14743387568777558,0.12802961792392556,0.01940425776385002
dINT,orthosteric_activation_core,1,20,20.0,21.0,0.12375190919762066,0.10371502866765163,0.020036880529969034
dINT,orthosteric_activation_core,1,21,21.0,22.0,0.11295852448878187,0.1014420754680413,0.01151644902074056
dINT,orthosteric_activation_core,1,22,22.0,23.0,0.11282190638592035,0.10982066830308049,0.0030012380828398633
dINT,orthosteric_activation_core,1,23,23.0,24.0,0.1524286389246188,0.10309914855557202,0.04932949036904678
dINT,orthosteric_activation_core,1,24,24.0,25.0,0.16362351172238235,0.11131187626829946,0.05231163545408289
dINT,orthosteric_activation_core,1,25,25.0,26.0,0.15256124119442716,0.14006686982399585,0.0124943713704313
dINT,orthosteric_activation_core,1,26,26.0,27.0,0.10905893985238506,0.09498963709322919,0.014069302759155869
dINT,orthosteric_activation_core,1,27,27.0,28.0,0.13833949701403422,0.14189188453125454,-0.0035523875172203123
dINT,orthosteric_activation_core,1,28,28.0,29.0,0.12446711042431598,0.1221739032774226,0.002293207146893378
dINT,orthosteric_activation_core,1,29,29.0,30.0,0.11248096379029865,0.11906110625733889,-0.006580142467040237
dINT,orthosteric_activation_core,1,30,30.0,31.0,0.14133232829546677,0.10230880122651001,0.03902352706895676
dINT,orthosteric_activation_core,1,31,31.0,32.0,0.1665047626853465,0.14821782098932482,0.018286941696021686
dINT,orthosteric_activation_core,1,32,32.0,33.0,0.15551143262084052,0.1286343303675996,0.026877102253240914
dINT,orthosteric_activation_core,1,33,33.0,34.0,0.1628276212994231,0.1323288027865069,0.030498818512916193
dINT,orthosteric_activation_core,1,34,34.0,35.0,0.1250156559201902,0.10876565567180897,0.016250000248381233
dINT,orthosteric_activation_core,1,35,35.0,36.0,0.15355686203021987,0.12626424923535368,0.027292612794866195
dINT,orthosteric_activation_core,1,36,36.0,37.0,0.1447105327584661,0.16288326371113349,-0.018172730952667387
dINT,orthosteric_activation_core,1,37,37.0,38.0,0.13600713619494856,0.1434582421819636,-0.007451105987015039
dINT,orthosteric_activation_core,1,38,38.0,39.0,0.1415969798952678,0.1335994920859827,0.007997487809285081
dINT,orthosteric_activation_core,1,39,39.0,40.0,0.11997521946856271,0.10658636059417309,0.01338885887438962
dINT,orthosteric_activation_core,1,40,40.0,41.0,0.1274225297022949,0.11420092682595039,0.01322160287634451
dINT,orthosteric_activation_core,1,41,41.0,42.0,0.09128959131940681,0.1025213377268111,-0.011231746407404292
dINT,orthosteric_activation_core,1,42,42.0,43.0,0.10274844143918206,0.11676292188915045,-0.014014480449968392
dINT,orthosteric_activation_core,1,43,43.0,44.0,0.0878105729442827,0.10100106418593348,-0.013190491241650781
dINT,orthosteric_activation_core,1,44,44.0,45.0,0.10446320872056077,0.12511253637154002,-0.02064932765097925
dINT,orthosteric_activation_core,1,45,45.0,46.0,0.11323104290651191,0.1265264684546169,-0.013295425548104992
dINT,orthosteric_activation_core,1,46,46.0,47.0,0.10776591887170961,0.10721684942884752,0.0005490694428620935
dINT,orthosteric_activation_core,1,47,47.0,48.0,0.10418590558642178,0.12875885847948615,-0.024572952893064368
dINT,orthosteric_activation_core,1,48,48.0,49.0,0.10461709192891898,0.11939731267290608,-0.014780220743987105
dINT,orthosteric_activation_core,1,49,49.0,50.0,0.13390544347099156,0.11576301896454946,0.0181424245064421
dINT,orthosteric_activation_core,2,0,0.0,1.0,0.10848665005981756,0.07209042245265336,0.0363962276071642
dINT,orthosteric_activation_core,2,1,1.0,2.0,0.08991609793106775,0.14576668103524118,-0.05585058310417343
dINT,orthosteric_activation_core,2,2,2.0,3.0,0.09032599608224379,0.14150622420730374,-0.05118022812505996
dINT,orthosteric_activation_core,2,3,3.0,4.0,0.12997291473643902,0.12855010429484115,0.001422810441597866
dINT,orthosteric_activation_core,2,4,4.0,5.0,0.1186928831446322,0.12128589794224866,-0.0025930147976164636
dINT,orthosteric_activation_core,2,5,5.0,6.0,0.1057629896436471,0.10588276404417794,-0.00011977440053084765
dINT,orthosteric_activation_core,2,6,6.0,7.0,0.10327433654166046,0.10695219764912221,-0.0036778611074617523
dINT,orthosteric_activation_core,2,7,7.0,8.0,0.09785623296105649,0.1281827687457634,-0.030326535784706912
dINT,orthosteric_activation_core,2,8,8.0,9.0,0.11752897789983617,0.12994674566762954,-0.012417767767793367
dINT,orthosteric_activation_core,2,9,9.0,10.0,0.13954920113159971,0.1289584728621284,0.010590728269471328
dINT,orthosteric_activation_core,2,10,10.0,11.0,0.15184500530180028,0.12924205359217636,0.022602951709623925
dINT,orthosteric_activation_core,2,11,11.0,12.0,0.13068293306777176,0.12432424706013648,0.006358686007635284
dINT,orthosteric_activation_core,2,12,12.0,13.0,0.1718019411003809,0.13696716861569525,0.03483477248468567
dINT,orthosteric_activation_core,2,13,13.0,14.0,0.1426345890918164,0.16053504107704764,-0.01790045198523124
dINT,orthosteric_activation_core,2,14,14.0,15.0,0.18835646518830904,0.129303018050827,0.059053447137482035
dINT,orthosteric_activation_core,2,15,15.0,16.0,0.1257164292364804,0.1428745356203725,-0.01715810638389209
dINT,orthosteric_activation_core,2,16,16.0,17.0,0.11216277712345378,0.13975299646002984,-0.027590219336576058
dINT,orthosteric_activation_core,2,17,17.0,18.0,0.14667389044532617,0.13403668916663355,0.012637201278692611
dINT,orthosteric_activation_core,2,18,18.0,19.0,0.1262941219551469,0.10031250443412061,0.025981617521026276
dINT,orthosteric_activation_core,2,19,19.0,20.0,0.14074115732036763,0.10622509235809317,0.034516064962274454
dINT,orthosteric_activation_core,2,20,20.0,21.0,0.1156859157797957,0.09988557462416421,0.01580034115563149
dINT,orthosteric_activation_core,2,21,21.0,22.0,0.11310799736070232,0.13005553049505494,-0.016947533134352627
dINT,orthosteric_activation_core,2,22,22.0,23.0,0.1567245576293977,0.09483151002922305,0.06189304760017464
dINT,orthosteric_activation_core,2,23,23.0,24.0,0.10223239979210635,0.09999771265515191,0.002234687136954447
dINT,orthosteric_activation_core,2,24,24.0,25.0,0.12062047480234464,0.10549712540801735,0.015123349394327287
dINT,orthosteric_activation_core,2,25,25.0,26.0,0.10003809196303959,0.10858424891639434,-0.008546156953354755
dINT,orthosteric_activation_core,2,26,26.0,27.0,0.10447383563358885,0.10934800072936264,-0.004874165095773791
dINT,orthosteric_activation_core,2,27,27.0,28.0,0.12297664677496863,0.08466483821346532,0.038311808561503305
dINT,orthosteric_activation_core,2,28,28.0,29.0,0.10809381025022802,0.10302902577225626,0.005064784477971762
dINT,orthosteric_activation_core,2,29,29.0,30.0,0.11059902279365645,0.11987671951825155,-0.009277696724595094
dINT,orthosteric_activation_core,2,30,30.0,31.0,0.1278892137695558,0.10322409115040414,0.024665122619151672
dINT,orthosteric_activation_core,2,31,31.0,32.0,0.12235869890155722,0.09691835200839319,0.02544034689316403
dINT,orthosteric_activation_core,2,32,32.0,33.0,0.16930415931335932,0.08592636876444393,0.08337779054891539
dINT,orthosteric_activation_core,2,33,33.0,34.0,0.103208032194371,0.11710826787401757,-0.013900235679646572
dINT,orthosteric_activation_core,2,34,34.0,35.0,0.12830420150147098,0.1307728094034514,-0.0024686079019804186
dINT,orthosteric_activation_core,2,35,35.0,36.0,0.16768389605546535,0.15016468132081007,0.017519214734655286
dINT,orthosteric_activation_core,2,36,36.0,37.0,0.14537104995294423,0.11614394531762445,0.029227104635319773
dINT,orthosteric_activation_core,2,37,37.0,38.0,0.1049320419086095,0.12347381278032042,-0.018541770871710925
dINT,orthosteric_activation_core,2,38,38.0,39.0,0.10496895796757985,0.10548746131123561,-0.0005185033436557601
dINT,orthosteric_activation_core,2,39,39.0,40.0,0.11138153249899375,0.14627596041586757,-0.03489442791687382
dINT,orthosteric_activation_core,2,40,40.0,41.0,0.12610625083297586,0.11627109208944146,0.009835158743534397
dINT,orthosteric_activation_core,2,41,41.0,42.0,0.1262155110822823,0.11777130330812477,0.008444207774157525
dINT,orthosteric_activation_core,2,42,42.0,43.0,0.12195298651140254,0.11256256284258973,0.00939042366881282
dINT,orthosteric_activation_core,2,43,43.0,44.0,0.10628202496945423,0.10417066699932694,0.002111357970127292
dINT,orthosteric_activation_core,2,44,44.0,45.0,0.13925074655221173,0.11076079979970718,0.028489946752504547
dINT,orthosteric_activation_core,2,45,45.0,46.0,0.169928714596003,0.11278024693420156,0.05714846766180144
dINT,orthosteric_activation_core,2,46,46.0,47.0,0.11621163952132042,0.11078641775914559,0.005425221762174831
dINT,orthosteric_activation_core,2,47,47.0,48.0,0.11277483059999172,0.10346312108809555,0.009311709511896166
dINT,orthosteric_activation_core,2,48,48.0,49.0,0.12323775857829153,0.11154985335684584,0.011687905221445694
dINT,orthosteric_activation_core,2,49,49.0,50.0,0.16459409996405566,0.14891961417302504,0.015674485791030618
dINT,orthosteric_activation_core,3,0,0.0,1.0,0.1060121140997765,0.0696733611983164,0.0363387529014601
dINT,orthosteric_activation_core,3,1,1.0,2.0,0.10901243353824229,0.10471809609212408,0.004294337446118207
dINT,orthosteric_activation_core,3,2,2.0,3.0,0.10842765281791322,0.08686446326891255,0.021563189549000675
dINT,orthosteric_activation_core,3,3,3.0,4.0,0.09975712679526706,0.09551297506065128,0.004244151734615786
dINT,orthosteric_activation_core,3,4,4.0,5.0,0.15545823855680682,0.12619480158103835,0.02926343697576847
dINT,orthosteric_activation_core,3,5,5.0,6.0,0.1723288747419051,0.13530951463577123,0.03701936010613388
dINT,orthosteric_activation_core,3,6,6.0,7.0,0.14209391837948382,0.10572908753182346,0.03636483084766036
dINT,orthosteric_activation_core,3,7,7.0,8.0,0.1271265298060429,0.15024844351483346,-0.023121913708790576
dINT,orthosteric_activation_core,3,8,8.0,9.0,0.16090601224014656,0.1444568698007477,0.01644914243939885
dINT,orthosteric_activation_core,3,9,9.0,10.0,0.1627158802297061,0.15896512112902322,0.003750759100682871
dINT,orthosteric_activation_core,3,10,10.0,11.0,0.11561590386455436,0.1667430734755914,-0.05112716961103703
dINT,orthosteric_activation_core,3,11,11.0,12.0,0.11549545396727742,0.16885510794352407,-0.053359653976246646
dINT,orthosteric_activation_core,3,12,12.0,13.0,0.12153081330083382,0.13410728577340714,-0.012576472472573319
dINT,orthosteric_activation_core,3,13,13.0,14.0,0.10814788599356466,0.12984999881358694,-0.021702112820022282
dINT,orthosteric_activation_core,3,14,14.0,15.0,0.10697345588314768,0.10719081732542408,-0.0002173614422764092
dINT,orthosteric_activation_core,3,15,15.0,16.0,0.11475253786068247,0.12718472292042773,-0.012432185059745263
dINT,orthosteric_activation_core,3,16,16.0,17.0,0.11650940578006697,0.12200339370353391,-0.0054939879234669475
dINT,orthosteric_activation_core,3,17,17.0,18.0,0.13690735090736852,0.10961461934808514,0.027292731559283384
dINT,orthosteric_activation_core,3,18,18.0,19.0,0.1534362313705088,0.13535520975951262,0.018081021610996173
dINT,orthosteric_activation_core,3,19,19.0,20.0,0.12576361350480064,0.09476757411318759,0.03099603939161305
dINT,orthosteric_activation_core,3,20,20.0,21.0,0.1167175276254054,0.1094258681433811,0.007291659482024301
dINT,orthosteric_activation_core,3,21,21.0,22.0,0.10218302754722963,0.08923198621635564,0.012951041330873991
dINT,orthosteric_activation_core,3,22,22.0,23.0,0.16662362657303623,0.13891636364170104,0.027707262931335186
dINT,orthosteric_activation_core,3,23,23.0,24.0,0.1361486662640286,0.12626354481247504,0.009885121451553569
dINT,orthosteric_activation_core,3,24,24.0,25.0,0.1140640224565994,0.12412312191752223,-0.01005909946092283
dINT,orthosteric_activation_core,3,25,25.0,26.0,0.09679341226382374,0.10272009151805649,-0.00592667925423275
dINT,orthosteric_activation_core,3,26,26.0,27.0,0.09809031801962777,0.11979198959260716,-0.021701671572979392
dINT,orthosteric_activation_core,3,27,27.0,28.0,0.12041663359018609,0.11757418910120643,0.002842444488979662
dINT,orthosteric_activation_core,3,28,28.0,29.0,0.13196563866116193,0.1303902179693445,0.0015754206918174307
dINT,orthosteric_activation_core,3,29,29.0,30.0,0.15205501471865027,0.1124628354027512,0.03959217931589906
dINT,orthosteric_activation_core,3,30,30.0,31.0,0.13398511821903786,0.14850920134737827,-0.014524083128340415
dINT,orthosteric_activation_core,3,31,31.0,32.0,0.12794596277782963,0.1177203778477841,0.010225584930045536
dINT,orthosteric_activation_core,3,32,32.0,33.0,0.123091645674944,0.1165608483594928,0.006530797315451198
dINT,orthosteric_activation_core,3,33,33.0,34.0,0.117484725408231,0.12387794629901278,-0.006393220890781773
dINT,orthosteric_activation_core,3,34,34.0,35.0,0.12890440609754025,0.13009446918907602,-0.0011900630915357702
dINT,orthosteric_activation_core,3,35,35.0,36.0,0.11514348998623938,0.11690203253411911,-0.0017585425478797295
dINT,orthosteric_activation_core,3,36,36.0,37.0,0.10534017708599229,0.09900009782671926,0.006340079259273032
dINT,orthosteric_activation_core,3,37,37.0,38.0,0.11535273210968781,0.0959052833234731,0.01944744878621471
dINT,orthosteric_activation_core,3,38,38.0,39.0,0.13205117562364763,0.12683132790534113,0.005219847718306497
dINT,orthosteric_activation_core,3,39,39.0,40.0,0.11085511163058122,0.14238981953735771,-0.031534707906776496
dINT,orthosteric_activation_core,3,40,40.0,41.0,0.11610943196983979,0.12218375286487392,-0.006074320895034124
dINT,orthosteric_activation_core,3,41,41.0,42.0,0.1019425859606791,0.10522168341551336,-0.003279097454834262
dINT,orthosteric_activation_core,3,42,42.0,43.0,0.11481532468891438,0.10932528174749437,0.005490042941420012
dINT,orthosteric_activation_core,3,43,43.0,44.0,0.09572286517828893,0.1054935386665758,-0.009770673488286877
dINT,orthosteric_activation_core,3,44,44.0,45.0,0.11366514874197159,0.1050384543977411,0.008626694344230496
dINT,orthosteric_activation_core,3,45,45.0,46.0,0.10034375585427364,0.11672309929380636,-0.01637934343953272
dINT,orthosteric_activation_core,3,46,46.0,47.0,0.11639312946693674,0.1224410704734563,-0.006047941006519564
dINT,orthosteric_activation_core,3,47,47.0,48.0,0.1151444178592108,0.13169134958442855,-0.016546931725217748
dINT,orthosteric_activation_core,3,48,48.0,49.0,0.09419698883944264,0.13224884207108836,-0.03805185323164573
dINT,orthosteric_activation_core,3,49,49.0,50.0,0.09643758464054993,0.16630219146940217,-0.06986460682885225
dINT,orthosteric_contact_union,1,0,0.0,1.0,0.08619230663873159,0.08476907778610784,0.001423228852623748
dINT,orthosteric_contact_union,1,1,1.0,2.0,0.09925260154127963,0.1471293567562156,-0.04787675521493598
dINT,orthosteric_contact_union,1,2,2.0,3.0,0.11191346975386758,0.13260600771475065,-0.020692537960883065
dINT,orthosteric_contact_union,1,3,3.0,4.0,0.12176542985703036,0.08918166992774175,0.03258375992928861
dINT,orthosteric_contact_union,1,4,4.0,5.0,0.14377837467305332,0.08951355924572736,0.05426481542732596
dINT,orthosteric_contact_union,1,5,5.0,6.0,0.143695855099401,0.10229756515498051,0.04139828994442049
dINT,orthosteric_contact_union,1,6,6.0,7.0,0.14651169711335896,0.12719630712080876,0.019315389992550197
dINT,orthosteric_contact_union,1,7,7.0,8.0,0.12361702565474542,0.1509380833020146,-0.027321057647269192
dINT,orthosteric_contact_union,1,8,8.0,9.0,0.12181286529753292,0.1262126006918843,-0.004399735394351387
dINT,orthosteric_contact_union,1,9,9.0,10.0,0.11207244348660046,0.11741485889542644,-0.005342415408825976
dINT,orthosteric_contact_union,1,10,10.0,11.0,0.12960597301284574,0.1318229629281824,-0.00221698991533667
dINT,orthosteric_contact_union,1,11,11.0,12.0,0.13969282516607046,0.12877791371830316,0.010914911447767295
dINT,orthosteric_contact_union,1,12,12.0,13.0,0.13039380287637925,0.14935822010128777,-0.01896441722490852
dINT,orthosteric_contact_union,1,13,13.0,14.0,0.14155869351096315,0.12995089557359177,0.011607797937371378
dINT,orthosteric_contact_union,1,14,14.0,15.0,0.12600038639956967,0.11876547120725209,0.007234915192317587
dINT,orthosteric_contact_union,1,15,15.0,16.0,0.12770206692788155,0.1192348887253009,0.008467178202580652
dINT,orthosteric_contact_union,1,16,16.0,17.0,0.10692455379385363,0.11392140419986285,-0.006996850406009225
dINT,orthosteric_contact_union,1,17,17.0,18.0,0.12755875097241318,0.13236091425076954,-0.004802163278356364
dINT,orthosteric_contact_union,1,18,18.0,19.0,0.12512121226608736,0.14070953573259987,-0.01558832346651251
dINT,orthosteric_contact_union,1,19,19.0,20.0,0.13321269903015326,0.12802961792392556,0.005183081106227699
dINT,orthosteric_contact_union,1,20,20.0,21.0,0.11115639853507965,0.10371502866765163,0.0074413698674280215
dINT,orthosteric_contact_union,1,21,21.0,22.0,0.09999237190365914,0.1014420754680413,-0.0014497035643821626
dINT,orthosteric_contact_union,1,22,22.0,23.0,0.09988490180517681,0.10982066830308049,-0.009935766497903675
dINT,orthosteric_contact_union,1,23,23.0,24.0,0.13835031496423017,0.10309914855557202,0.03525116640865815
dINT,orthosteric_contact_union,1,24,24.0,25.0,0.15873061665699037,0.11131187626829946,0.047418740388690914
dINT,orthosteric_contact_union,1,25,25.0,26.0,0.15007383997795773,0.14006686982399585,0.010006970153961875
dINT,orthosteric_contact_union,1,26,26.0,27.0,0.10288378429572029,0.09498963709322919,0.007894147202491097
dINT,orthosteric_contact_union,1,27,27.0,28.0,0.13142220438855282,0.14189188453125454,-0.01046968014270172
dINT,orthosteric_contact_union,1,28,28.0,29.0,0.11657545685697204,0.1221739032774226,-0.005598446420450556
dINT,orthosteric_contact_union,1,29,29.0,30.0,0.10928858813679662,0.11906110625733889,-0.009772518120542265
dINT,orthosteric_contact_union,1,30,30.0,31.0,0.13684272959251897,0.10230880122651001,0.034533928366008965
dINT,orthosteric_contact_union,1,31,31.0,32.0,0.16305732476521317,0.14821782098932482,0.014839503775888357
dINT,orthosteric_contact_union,1,32,32.0,33.0,0.14318385364642433,0.1286343303675996,0.014549523278824722
dINT,orthosteric_contact_union,1,33,33.0,34.0,0.15184203935985321,0.1323288027865069,0.019513236573346304
dINT,orthosteric_contact_union,1,34,34.0,35.0,0.11920789594517182,0.10876565567180897,0.010442240273362852
dINT,orthosteric_contact_union,1,35,35.0,36.0,0.1398360382722476,0.12626424923535368,0.013571789036893933
dINT,orthosteric_contact_union,1,36,36.0,37.0,0.1318008663587963,0.16288326371113349,-0.0310823973523372
dINT,orthosteric_contact_union,1,37,37.0,38.0,0.12911502599032354,0.1434582421819636,-0.014343216191640057
dINT,orthosteric_contact_union,1,38,38.0,39.0,0.13021347928430582,0.1335994920859827,-0.0033860128016768853
dINT,orthosteric_contact_union,1,39,39.0,40.0,0.10979500822220761,0.10658636059417309,0.003208647628034522
dINT,orthosteric_contact_union,1,40,40.0,41.0,0.11406796908561403,0.11420092682595039,-0.00013295774033635077
dINT,orthosteric_contact_union,1,41,41.0,42.0,0.07783890025220797,0.1025213377268111,-0.024682437474603136
dINT,orthosteric_contact_union,1,42,42.0,43.0,0.09792534343705343,0.11676292188915045,-0.01883757845209702
dINT,orthosteric_contact_union,1,43,43.0,44.0,0.08706972215421616,0.10100106418593348,-0.013931342031717323
dINT,orthosteric_contact_union,1,44,44.0,45.0,0.0937006165499798,0.12511253637154002,-0.03141191982156022
dINT,orthosteric_contact_union,1,45,45.0,46.0,0.10542817460428842,0.1265264684546169,-0.02109829385032848
dINT,orthosteric_contact_union,1,46,46.0,47.0,0.10310851128159881,0.10721684942884752,-0.004108338147248702
dINT,orthosteric_contact_union,1,47,47.0,48.0,0.09820639252556809,0.12875885847948615,-0.030552465953918057
dINT,orthosteric_contact_union,1,48,48.0,49.0,0.09472683356306652,0.11939731267290608,-0.024670479109839563
dINT,orthosteric_contact_union,1,49,49.0,50.0,0.12106634613327619,0.11576301896454946,0.005303327168726724
dINT,orthosteric_contact_union,2,0,0.0,1.0,0.10059471249476418,0.07209042245265336,0.028504290042110816
dINT,orthosteric_contact_union,2,1,1.0,2.0,0.08299115134325454,0.14576668103524118,-0.06277552969198665
dINT,orthosteric_contact_union,2,2,2.0,3.0,0.08882961959912465,0.14150622420730374,-0.05267660460817909
dINT,orthosteric_contact_union,2,3,3.0,4.0,0.12382369410681095,0.12855010429484115,-0.004726410188030203
dINT,orthosteric_contact_union,2,4,4.0,5.0,0.11574061797296264,0.12128589794224866,-0.005545279969286013
dINT,orthosteric_contact_union,2,5,5.0,6.0,0.1079483413357338,0.10588276404417794,0.0020655772915558618
dINT,orthosteric_contact_union,2,6,6.0,7.0,0.09638123564449284,0.10695219764912221,-0.01057096200462937
dINT,orthosteric_contact_union,2,7,7.0,8.0,0.0928054760722035,0.1281827687457634,-0.03537729267355989
dINT,orthosteric_contact_union,2,8,8.0,9.0,0.10880338594291646,0.12994674566762954,-0.02114335972471308
dINT,orthosteric_contact_union,2,9,9.0,10.0,0.129975017869031,0.1289584728621284,0.001016545006902625
dINT,orthosteric_contact_union,2,10,10.0,11.0,0.13940392615624492,0.12924205359217636,0.010161872564068558
dINT,orthosteric_contact_union,2,11,11.0,12.0,0.126618493308393,0.12432424706013648,0.0022942462482565262
dINT,orthosteric_contact_union,2,12,12.0,13.0,0.16421136689112334,0.13696716861569525,0.027244198275428094
dINT,orthosteric_contact_union,2,13,13.0,14.0,0.1306295021659552,0.16053504107704764,-0.029905538911092433
dINT,orthosteric_contact_union,2,14,14.0,15.0,0.16981693841000167,0.129303018050827,0.04051392035917467
dINT,orthosteric_contact_union,2,15,15.0,16.0,0.124142319239663,0.1428745356203725,-0.0187322163807095
dINT,orthosteric_contact_union,2,16,16.0,17.0,0.10710462405679752,0.13975299646002984,-0.03264837240323232
dINT,orthosteric_contact_union,2,17,17.0,18.0,0.1395316154113944,0.13403668916663355,0.005494926244760834
dINT,orthosteric_contact_union,2,18,18.0,19.0,0.11776760374382071,0.10031250443412061,0.0174550993097001
dINT,orthosteric_contact_union,2,19,19.0,20.0,0.13568972276400132,0.10622509235809317,0.029464630405908146
dINT,orthosteric_contact_union,2,20,20.0,21.0,0.11037892106505728,0.09988557462416421,0.010493346440893073
dINT,orthosteric_contact_union,2,21,21.0,22.0,0.1070556686651016,0.13005553049505494,-0.02299986182995334
dINT,orthosteric_contact_union,2,22,22.0,23.0,0.14597927513028577,0.09483151002922305,0.051147765101062725
dINT,orthosteric_contact_union,2,23,23.0,24.0,0.09509779769056172,0.09999771265515191,-0.004899914964590191
dINT,orthosteric_contact_union,2,24,24.0,25.0,0.11517438374723152,0.10549712540801735,0.009677258339214165
dINT,orthosteric_contact_union,2,25,25.0,26.0,0.0979675783311345,0.10858424891639434,-0.01061667058525985
dINT,orthosteric_contact_union,2,26,26.0,27.0,0.10162153883282456,0.10934800072936264,-0.007726461896538084
dINT,orthosteric_contact_union,2,27,27.0,28.0,0.1132476303940976,0.08466483821346532,0.028582792180632283
dINT,orthosteric_contact_union,2,28,28.0,29.0,0.10105938549219835,0.10302902577225626,-0.001969640280057902
dINT,orthosteric_contact_union,2,29,29.0,30.0,0.10624265274152615,0.11987671951825155,-0.013634066776725393
dINT,orthosteric_contact_union,2,30,30.0,31.0,0.12155853318377607,0.10322409115040414,0.018334442033371937
dINT,orthosteric_contact_union,2,31,31.0,32.0,0.11317797924022906,0.09691835200839319,0.01625962723183587
dINT,orthosteric_contact_union,2,32,32.0,33.0,0.16168304451095475,0.08592636876444393,0.07575667574651082
dINT,orthosteric_contact_union,2,33,33.0,34.0,0.11073284118253222,0.11710826787401757,-0.006375426691485345
dINT,orthosteric_contact_union,2,34,34.0,35.0,0.12260406286103057,0.1307728094034514,-0.008168746542420835
dINT,orthosteric_contact_union,2,35,35.0,36.0,0.1586787073702885,0.15016468132081007,0.00851402604947843
dINT,orthosteric_contact_union,2,36,36.0,37.0,0.14015611006299641,0.11614394531762445,0.02401216474537196
dINT,orthosteric_contact_union,2,37,37.0,38.0,0.09864445368801707,0.12347381278032042,-0.024829359092303355
dINT,orthosteric_contact_union,2,38,38.0,39.0,0.0993735409169538,0.10548746131123561,-0.0061139203942818104
dINT,orthosteric_contact_union,2,39,39.0,40.0,0.10180091854111521,0.14627596041586757,-0.04447504187475236
dINT,orthosteric_contact_union,2,40,40.0,41.0,0.11801675156348296,0.11627109208944146,0.0017456594740414971
dINT,orthosteric_contact_union,2,41,41.0,42.0,0.11462691049036478,0.11777130330812477,-0.0031443928177599945
dINT,orthosteric_contact_union,2,42,42.0,43.0,0.10895442150938915,0.11256256284258973,-0.0036081413332005735
dINT,orthosteric_contact_union,2,43,43.0,44.0,0.1009888458062957,0.10417066699932694,-0.0031818211930312312
dINT,orthosteric_contact_union,2,44,44.0,45.0,0.12896128183364752,0.11076079979970718,0.01820048203394034
dINT,orthosteric_contact_union,2,45,45.0,46.0,0.15879642125662657,0.11278024693420156,0.04601617432242501
dINT,orthosteric_contact_union,2,46,46.0,47.0,0.10755020113095297,0.11078641775914559,-0.003236216628192623
dINT,orthosteric_contact_union,2,47,47.0,48.0,0.10862276092619622,0.10346312108809555,0.005159639838100666
dINT,orthosteric_contact_union,2,48,48.0,49.0,0.120064925381291,0.11154985335684584,0.008515072024445167
dINT,orthosteric_contact_union,2,49,49.0,50.0,0.16282686286177736,0.14891961417302504,0.013907248688752316
dINT,orthosteric_contact_union,3,0,0.0,1.0,0.09844423563492133,0.0696733611983164,0.028770874436604935
dINT,orthosteric_contact_union,3,1,1.0,2.0,0.09565881143917333,0.10471809609212408,-0.00905928465295075
dINT,orthosteric_contact_union,3,2,2.0,3.0,0.10139609818913177,0.08686446326891255,0.014531634920219222
dINT,orthosteric_contact_union,3,3,3.0,4.0,0.09385111727590405,0.09551297506065128,-0.0016618577847472282
dINT,orthosteric_contact_union,3,4,4.0,5.0,0.15114343404017447,0.12619480158103835,0.024948632459136116
dINT,orthosteric_contact_union,3,5,5.0,6.0,0.1640395083046749,0.13530951463577123,0.028729993668903664
dINT,orthosteric_contact_union,3,6,6.0,7.0,0.1299634974968386,0.10572908753182346,0.02423440996501515
dINT,orthosteric_contact_union,3,7,7.0,8.0,0.11763596046574139,0.15024844351483346,-0.032612483049092075
dINT,orthosteric_contact_union,3,8,8.0,9.0,0.14988875061501922,0.1444568698007477,0.005431880814271511
dINT,orthosteric_contact_union,3,9,9.0,10.0,0.15677659071446037,0.15896512112902322,-0.0021885304145628504
dINT,orthosteric_contact_union,3,10,10.0,11.0,0.11072190406077997,0.1667430734755914,-0.05602116941481142
dINT,orthosteric_contact_union,3,11,11.0,12.0,0.10639881023950255,0.16885510794352407,-0.062456297704021516
dINT,orthosteric_contact_union,3,12,12.0,13.0,0.11483984238391728,0.13410728577340714,-0.019267443389489852
dINT,orthosteric_contact_union,3,13,13.0,14.0,0.10075576296342768,0.12984999881358694,-0.02909423585015926
dINT,orthosteric_contact_union,3,14,14.0,15.0,0.09642410397266533,0.10719081732542408,-0.01076671335275875
dINT,orthosteric_contact_union,3,15,15.0,16.0,0.10446381960471429,0.12718472292042773,-0.022720903315713442
dINT,orthosteric_contact_union,3,16,16.0,17.0,0.11137681363894143,0.12200339370353391,-0.01062658006459248
dINT,orthosteric_contact_union,3,17,17.0,18.0,0.12321865406685924,0.10961461934808514,0.013604034718774097
dINT,orthosteric_contact_union,3,18,18.0,19.0,0.138536911560771,0.13535520975951262,0.003181701801258374
dINT,orthosteric_contact_union,3,19,19.0,20.0,0.11999550160431512,0.09476757411318759,0.025227927491127525
dINT,orthosteric_contact_union,3,20,20.0,21.0,0.110799806553886,0.1094258681433811,0.001373938410504899
dINT,orthosteric_contact_union,3,21,21.0,22.0,0.09832065332989064,0.08923198621635564,0.009088667113534996
dINT,orthosteric_contact_union,3,22,22.0,23.0,0.1516365789452708,0.13891636364170104,0.01272021530356976
dINT,orthosteric_contact_union,3,23,23.0,24.0,0.12196221291595649,0.12626354481247504,-0.004301331896518545
dINT,orthosteric_contact_union,3,24,24.0,25.0,0.10668347107713656,0.12412312191752223,-0.017439650840385665
dINT,orthosteric_contact_union,3,25,25.0,26.0,0.08892320537232846,0.10272009151805649,-0.013796886145728021
dINT,orthosteric_contact_union,3,26,26.0,27.0,0.09228815991773814,0.11979198959260716,-0.027503829674869015
dINT,orthosteric_contact_union,3,27,27.0,28.0,0.11134333870947616,0.11757418910120643,-0.006230850391730269
dINT,orthosteric_contact_union,3,28,28.0,29.0,0.12400718407727505,0.1303902179693445,-0.006383033892069442
dINT,orthosteric_contact_union,3,29,29.0,30.0,0.1448858823862108,0.1124628354027512,0.0324230469834596
dINT,orthosteric_contact_union,3,30,30.0,31.0,0.1249430446707324,0.14850920134737827,-0.02356615667664587
dINT,orthosteric_contact_union,3,31,31.0,32.0,0.11818252349684408,0.1177203778477841,0.00046214564905998345
dINT,orthosteric_contact_union,3,32,32.0,33.0,0.11687635008110747,0.1165608483594928,0.0003155017216146666
dINT,orthosteric_contact_union,3,33,33.0,34.0,0.10900731420453146,0.12387794629901278,-0.01487063209448132
dINT,orthosteric_contact_union,3,34,34.0,35.0,0.12212738202925652,0.13009446918907602,-0.007967087159819503
dINT,orthosteric_contact_union,3,35,35.0,36.0,0.10473148152578124,0.11690203253411911,-0.012170551008337874
dINT,orthosteric_contact_union,3,36,36.0,37.0,0.09807443483737084,0.09900009782671926,-0.0009256629893484164
dINT,orthosteric_contact_union,3,37,37.0,38.0,0.10836157051784609,0.0959052833234731,0.012456287194372986
dINT,orthosteric_contact_union,3,38,38.0,39.0,0.11982016110562424,0.12683132790534113,-0.007011166799716889
dINT,orthosteric_contact_union,3,39,39.0,40.0,0.10229492809995233,0.14238981953735771,-0.04009489143740538
dINT,orthosteric_contact_union,3,40,40.0,41.0,0.11169426342070377,0.12218375286487392,-0.01048948944417015
dINT,orthosteric_contact_union,3,41,41.0,42.0,0.09424825844729308,0.10522168341551336,-0.010973424968220277
dINT,orthosteric_contact_union,3,42,42.0,43.0,0.10910417086367104,0.10932528174749437,-0.00022111088382333055
dINT,orthosteric_contact_union,3,43,43.0,44.0,0.08946815931844382,0.1054935386665758,-0.016025379348131988
dINT,orthosteric_contact_union,3,44,44.0,45.0,0.10922912999873702,0.1050384543977411,0.0041906756009959245
dINT,orthosteric_contact_union,3,45,45.0,46.0,0.09505866400767925,0.11672309929380636,-0.021664435286127118
dINT,orthosteric_contact_union,3,46,46.0,47.0,0.11097206727655488,0.1224410704734563,-0.011469003196901417
dINT,orthosteric_contact_union,3,47,47.0,48.0,0.11131225953642304,0.13169134958442855,-0.020379090048005505
dINT,orthosteric_contact_union,3,48,48.0,49.0,0.09169983694403985,0.13224884207108836,-0.04054900512704851
dINT,orthosteric_contact_union,3,49,49.0,50.0,0.08883577245581935,0.16630219146940217,-0.07746641901358282
dINT,pam_contact_consensus,1,0,0.0,1.0,0.1037807577201115,0.08476907778610784,0.019011679934003656
dINT,pam_contact_consensus,1,1,1.0,2.0,0.10627392129872082,0.1471293567562156,-0.04085543545749479
dINT,pam_contact_consensus,1,2,2.0,3.0,0.10728819116067222,0.13260600771475065,-0.02531781655407843
dINT,pam_contact_consensus,1,3,3.0,4.0,0.1402580765847798,0.08918166992774175,0.05107640665703804
dINT,pam_contact_consensus,1,4,4.0,5.0,0.15087043115470883,0.08951355924572736,0.06135687190898147
dINT,pam_contact_consensus,1,5,5.0,6.0,0.16378446048780448,0.10229756515498051,0.061486895332823976
dINT,pam_contact_consensus,1,6,6.0,7.0,0.13390439684247546,0.12719630712080876,0.006708089721666699
dINT,pam_contact_consensus,1,7,7.0,8.0,0.14403702831450463,0.1509380833020146,-0.00690105498750998
dINT,pam_contact_consensus,1,8,8.0,9.0,0.14388275818930238,0.1262126006918843,0.01767015749741807
dINT,pam_contact_consensus,1,9,9.0,10.0,0.16976478837975997,0.11741485889542644,0.052349929484333535
dINT,pam_contact_consensus,1,10,10.0,11.0,0.1417635731213914,0.1318229629281824,0.009940610193208993
dINT,pam_contact_consensus,1,11,11.0,12.0,0.11710106268054735,0.12877791371830316,-0.011676851037755814
dINT,pam_contact_consensus,1,12,12.0,13.0,0.12730513398956414,0.14935822010128777,-0.02205308611172363
dINT,pam_contact_consensus,1,13,13.0,14.0,0.1345805280899882,0.12995089557359177,0.00462963251639642
dINT,pam_contact_consensus,1,14,14.0,15.0,0.15507142329437493,0.11876547120725209,0.03630595208712284
dINT,pam_contact_consensus,1,15,15.0,16.0,0.18029551854938797,0.1192348887253009,0.06106062982408707
dINT,pam_contact_consensus,1,16,16.0,17.0,0.13734019669400624,0.11392140419986285,0.023418792494143387
dINT,pam_contact_consensus,1,17,17.0,18.0,0.14027208412621606,0.13236091425076954,0.007911169875446517
dINT,pam_contact_consensus,1,18,18.0,19.0,0.1226646921577379,0.14070953573259987,-0.01804484357486197
dINT,pam_contact_consensus,1,19,19.0,20.0,0.1270896278450409,0.12802961792392556,-0.0009399900788846505
dINT,pam_contact_consensus,1,20,20.0,21.0,0.1423454800646285,0.10371502866765163,0.038630451396976864
dINT,pam_contact_consensus,1,21,21.0,22.0,0.1639525578138453,0.1014420754680413,0.06251048234580399
dINT,pam_contact_consensus,1,22,22.0,23.0,0.152607815975057,0.10982066830308049,0.0427871476719765
dINT,pam_contact_consensus,1,23,23.0,24.0,0.1464249746961687,0.10309914855557202,0.04332582614059667
dINT,pam_contact_consensus,1,24,24.0,25.0,0.15445374491212752,0.11131187626829946,0.04314186864382806
dINT,pam_contact_consensus,1,25,25.0,26.0,0.1412285212844116,0.14006686982399585,0.0011616514604157469
dINT,pam_contact_consensus,1,26,26.0,27.0,0.12426535847717513,0.09498963709322919,0.029275721383945935
dINT,pam_contact_consensus,1,27,27.0,28.0,0.14439849608241287,0.14189188453125454,0.002506611551158333
dINT,pam_contact_consensus,1,28,28.0,29.0,0.1499098005283585,0.1221739032774226,0.027735897250935906
dINT,pam_contact_consensus,1,29,29.0,30.0,0.13695596144174335,0.11906110625733889,0.017894855184404465
dINT,pam_contact_consensus,1,30,30.0,31.0,0.15521976327293252,0.10230880122651001,0.05291096204642251
dINT,pam_contact_consensus,1,31,31.0,32.0,0.1467510099435064,0.14821782098932482,-0.001466811045818417
dINT,pam_contact_consensus,1,32,32.0,33.0,0.1627299400833286,0.1286343303675996,0.034095609715729
dINT,pam_contact_consensus,1,33,33.0,34.0,0.1552205489547464,0.1323288027865069,0.022891746168239496
dINT,pam_contact_consensus,1,34,34.0,35.0,0.14384322294718038,0.10876565567180897,0.03507756727537141
dINT,pam_contact_consensus,1,35,35.0,36.0,0.14876367286811976,0.12626424923535368,0.02249942363276608
dINT,pam_contact_consensus,1,36,36.0,37.0,0.1561664805574627,0.16288326371113349,-0.0067167831536707745
dINT,pam_contact_consensus,1,37,37.0,38.0,0.15267047654051094,0.1434582421819636,0.009212234358547344
dINT,pam_contact_consensus,1,38,38.0,39.0,0.14077404173382466,0.1335994920859827,0.007174549647841949
dINT,pam_contact_consensus,1,39,39.0,40.0,0.11596171339401617,0.10658636059417309,0.009375352799843084
dINT,pam_contact_consensus,1,40,40.0,41.0,0.13672487046371998,0.11420092682595039,0.022523943637769592
dINT,pam_contact_consensus,1,41,41.0,42.0,0.15385608238280107,0.1025213377268111,0.05133474465598997
dINT,pam_contact_consensus,1,42,42.0,43.0,0.1816199519973634,0.11676292188915045,0.06485703010821293
dINT,pam_contact_consensus,1,43,43.0,44.0,0.17600019001100603,0.10100106418593348,0.07499912582507255
dINT,pam_contact_consensus,1,44,44.0,45.0,0.15988555508399346,0.12511253637154002,0.034773018712453446
dINT,pam_contact_consensus,1,45,45.0,46.0,0.1509815895379579,0.1265264684546169,0.024455121083340997
dINT,pam_contact_consensus,1,46,46.0,47.0,0.15168422940688084,0.10721684942884752,0.04446737997803332
dINT,pam_contact_consensus,1,47,47.0,48.0,0.1826862402719897,0.12875885847948615,0.05392738179250356
dINT,pam_contact_consensus,1,48,48.0,49.0,0.15722688185025188,0.11939731267290608,0.0378295691773458
dINT,pam_contact_consensus,1,49,49.0,50.0,0.1575347414015425,0.11576301896454946,0.041771722436993036
dINT,pam_contact_consensus,2,0,0.0,1.0,0.0789974588780349,0.07209042245265336,0.006907036425381541
dINT,pam_contact_consensus,2,1,1.0,2.0,0.1277033032671582,0.14576668103524118,-0.018063377768082978
dINT,pam_contact_consensus,2,2,2.0,3.0,0.10413735121518446,0.14150622420730374,-0.03736887299211929
dINT,pam_contact_consensus,2,3,3.0,4.0,0.10187034649916164,0.12855010429484115,-0.026679757795679507
dINT,pam_contact_consensus,2,4,4.0,5.0,0.11872222604475553,0.12128589794224866,-0.002563671897493125
dINT,pam_contact_consensus,2,5,5.0,6.0,0.11064382949925398,0.10588276404417794,0.004761065455076041
dINT,pam_contact_consensus,2,6,6.0,7.0,0.13362923527034848,0.10695219764912221,0.026677037621226266
dINT,pam_contact_consensus,2,7,7.0,8.0,0.112095994639796,0.1281827687457634,-0.0160867741059674
dINT,pam_contact_consensus,2,8,8.0,9.0,0.14989498710618213,0.12994674566762954,0.01994824143855259
dINT,pam_contact_consensus,2,9,9.0,10.0,0.15856116608385812,0.1289584728621284,0.02960269322172973
dINT,pam_contact_consensus,2,10,10.0,11.0,0.13966032329258948,0.12924205359217636,0.010418269700413124
dINT,pam_contact_consensus,2,11,11.0,12.0,0.14801949642622045,0.12432424706013648,0.02369524936608397
dINT,pam_contact_consensus,2,12,12.0,13.0,0.13082304981532902,0.13696716861569525,-0.006144118800366222
dINT,pam_contact_consensus,2,13,13.0,14.0,0.1318393940489892,0.16053504107704764,-0.028695647028058435
dINT,pam_contact_consensus,2,14,14.0,15.0,0.16511439506693756,0.129303018050827,0.03581137701611056
dINT,pam_contact_consensus,2,15,15.0,16.0,0.13442071858591254,0.1428745356203725,-0.008453817034459965
dINT,pam_contact_consensus,2,16,16.0,17.0,0.10635709011089385,0.13975299646002984,-0.03339590634913599
dINT,pam_contact_consensus,2,17,17.0,18.0,0.15985853431706143,0.13403668916663355,0.025821845150427875
dINT,pam_contact_consensus,2,18,18.0,19.0,0.17191187620842052,0.10031250443412061,0.07159937177429991
dINT,pam_contact_consensus,2,19,19.0,20.0,0.187782978575823,0.10622509235809317,0.08155788621772982
dINT,pam_contact_consensus,2,20,20.0,21.0,0.18506979418859032,0.09988557462416421,0.08518421956442611
dINT,pam_contact_consensus,2,21,21.0,22.0,0.1852587703784558,0.13005553049505494,0.05520323988340087
dINT,pam_contact_consensus,2,22,22.0,23.0,0.13979788683218686,0.09483151002922305,0.04496637680296381
dINT,pam_contact_consensus,2,23,23.0,24.0,0.14131996891639448,0.09999771265515191,0.04132225626124257
dINT,pam_contact_consensus,2,24,24.0,25.0,0.19103321535769313,0.10549712540801735,0.08553608994967578
dINT,pam_contact_consensus,2,25,25.0,26.0,0.15558221213208367,0.10858424891639434,0.04699796321568933
dINT,pam_contact_consensus,2,26,26.0,27.0,0.1550063379023695,0.10934800072936264,0.045658337173006866
dINT,pam_contact_consensus,2,27,27.0,28.0,0.14224032056979263,0.08466483821346532,0.05757548235632731
dINT,pam_contact_consensus,2,28,28.0,29.0,0.16333722000062378,0.10302902577225626,0.06030819422836753
dINT,pam_contact_consensus,2,29,29.0,30.0,0.14868543500170864,0.11987671951825155,0.028808715483457092
dINT,pam_contact_consensus,2,30,30.0,31.0,0.1567442272062125,0.10322409115040414,0.05352013605580837
dINT,pam_contact_consensus,2,31,31.0,32.0,0.17279184789259566,0.09691835200839319,0.07587349588420247
dINT,pam_contact_consensus,2,32,32.0,33.0,0.14595633244260398,0.08592636876444393,0.06002996367816005
dINT,pam_contact_consensus,2,33,33.0,34.0,0.13922033680070586,0.11710826787401757,0.022112068926688294
dINT,pam_contact_consensus,2,34,34.0,35.0,0.14003427708614502,0.1307728094034514,0.00926146768269362
dINT,pam_contact_consensus,2,35,35.0,36.0,0.16312057041683795,0.15016468132081007,0.012955889096027878
dINT,pam_contact_consensus,2,36,36.0,37.0,0.120847128442588,0.11614394531762445,0.004703183124963553
dINT,pam_contact_consensus,2,37,37.0,38.0,0.14577577601560746,0.12347381278032042,0.022301963235287034
dINT,pam_contact_consensus,2,38,38.0,39.0,0.17923088459788694,0.10548746131123561,0.07374342328665133
dINT,pam_contact_consensus,2,39,39.0,40.0,0.14862058506921613,0.14627596041586757,0.0023446246533485593
dINT,pam_contact_consensus,2,40,40.0,41.0,0.16656356005203252,0.11627109208944146,0.050292467962591056
dINT,pam_contact_consensus,2,41,41.0,42.0,0.1636679718994999,0.11777130330812477,0.04589666859137512
dINT,pam_contact_consensus,2,42,42.0,43.0,0.16681373903373858,0.11256256284258973,0.05425117619114886
dINT,pam_contact_consensus,2,43,43.0,44.0,0.15912899738077108,0.10417066699932694,0.05495833038144414
dINT,pam_contact_consensus,2,44,44.0,45.0,0.15001861723748505,0.11076079979970718,0.03925781743777787
dINT,pam_contact_consensus,2,45,45.0,46.0,0.16917009127635238,0.11278024693420156,0.056389844342150816
dINT,pam_contact_consensus,2,46,46.0,47.0,0.17585240740411004,0.11078641775914559,0.06506598964496445
dINT,pam_contact_consensus,2,47,47.0,48.0,0.17287041814898033,0.10346312108809555,0.06940729706088478
dINT,pam_contact_consensus,2,48,48.0,49.0,0.1543032186074488,0.11154985335684584,0.04275336525060297
dINT,pam_contact_consensus,2,49,49.0,50.0,0.1270802200342818,0.14891961417302504,-0.02183939413874325
dINT,pam_contact_consensus,3,0,0.0,1.0,0.09598667013465982,0.0696733611983164,0.026313308936343427
dINT,pam_contact_consensus,3,1,1.0,2.0,0.11370562662469685,0.10471809609212408,0.008987530532572771
dINT,pam_contact_consensus,3,2,2.0,3.0,0.14743795662526235,0.08686446326891255,0.0605734933563498
dINT,pam_contact_consensus,3,3,3.0,4.0,0.18725895300612522,0.09551297506065128,0.09174597794547394
dINT,pam_contact_consensus,3,4,4.0,5.0,0.19649890624114644,0.12619480158103835,0.07030410466010809
dINT,pam_contact_consensus,3,5,5.0,6.0,0.1895274585758213,0.13530951463577123,0.054217943940050056
dINT,pam_contact_consensus,3,6,6.0,7.0,0.1672294624706649,0.10572908753182346,0.06150037493884143
dINT,pam_contact_consensus,3,7,7.0,8.0,0.17697148946214233,0.15024844351483346,0.02672304594730887
dINT,pam_contact_consensus,3,8,8.0,9.0,0.14623641724517847,0.1444568698007477,0.0017795474444307624
dINT,pam_contact_consensus,3,9,9.0,10.0,0.1562126450297565,0.15896512112902322,-0.0027524760992667374
dINT,pam_contact_consensus,3,10,10.0,11.0,0.18508019775013296,0.1667430734755914,0.018337124274541566
dINT,pam_contact_consensus,3,11,11.0,12.0,0.1770169460090958,0.16885510794352407,0.00816183806557172
dINT,pam_contact_consensus,3,12,12.0,13.0,0.16637611260419338,0.13410728577340714,0.032268826830786246
dINT,pam_contact_consensus,3,13,13.0,14.0,0.1846207879951922,0.12984999881358694,0.054770789181605245
dINT,pam_contact_consensus,3,14,14.0,15.0,0.14326620194796136,0.10719081732542408,0.036075384622537274
dINT,pam_contact_consensus,3,15,15.0,16.0,0.14150238896864373,0.12718472292042773,0.014317666048215993
dINT,pam_contact_consensus,3,16,16.0,17.0,0.1362326385745286,0.12200339370353391,0.014229244870994695
dINT,pam_contact_consensus,3,17,17.0,18.0,0.15428984816064248,0.10961461934808514,0.04467522881255734
dINT,pam_contact_consensus,3,18,18.0,19.0,0.13234631285207796,0.13535520975951262,-0.003008896907434666
dINT,pam_contact_consensus,3,19,19.0,20.0,0.17952332525430037,0.09476757411318759,0.08475575114111278
dINT,pam_contact_consensus,3,20,20.0,21.0,0.1371412045631718,0.1094258681433811,0.02771533641979071
dINT,pam_contact_consensus,3,21,21.0,22.0,0.12978021523961014,0.08923198621635564,0.0405482290232545
dINT,pam_contact_consensus,3,22,22.0,23.0,0.16476986346211045,0.13891636364170104,0.02585349982040941
dINT,pam_contact_consensus,3,23,23.0,24.0,0.1537095305177379,0.12626354481247504,0.027445985705262854
dINT,pam_contact_consensus,3,24,24.0,25.0,0.13383659480565596,0.12412312191752223,0.009713472888133734
dINT,pam_contact_consensus,3,25,25.0,26.0,0.12065571071631886,0.10272009151805649,0.01793561919826238
dINT,pam_contact_consensus,3,26,26.0,27.0,0.15810833566643925,0.11979198959260716,0.038316346073832094
dINT,pam_contact_consensus,3,27,27.0,28.0,0.15903693000357996,0.11757418910120643,0.041462740902373535
dINT,pam_contact_consensus,3,28,28.0,29.0,0.15446264155687225,0.1303902179693445,0.024072423587527758
dINT,pam_contact_consensus,3,29,29.0,30.0,0.15339686676354708,0.1124628354027512,0.040934031360795875
dINT,pam_contact_consensus,3,30,30.0,31.0,0.16945974961993654,0.14850920134737827,0.020950548272558267
dINT,pam_contact_consensus,3,31,31.0,32.0,0.1774493738882281,0.1177203778477841,0.059728996040444
dINT,pam_contact_consensus,3,32,32.0,33.0,0.18884839933330644,0.1165608483594928,0.07228755097381363
dINT,pam_contact_consensus,3,33,33.0,34.0,0.17431932736625005,0.12387794629901278,0.05044138106723728
dINT,pam_contact_consensus,3,34,34.0,35.0,0.14234858844320863,0.13009446918907602,0.012254119254132612
dINT,pam_contact_consensus,3,35,35.0,36.0,0.1250476956015741,0.11690203253411911,0.008145663067454997
dINT,pam_contact_consensus,3,36,36.0,37.0,0.17334568066700037,0.09900009782671926,0.07434558284028112
dINT,pam_contact_consensus,3,37,37.0,38.0,0.1604208044845708,0.0959052833234731,0.0645155211610977
dINT,pam_contact_consensus,3,38,38.0,39.0,0.17381140905211562,0.12683132790534113,0.04698008114677449
dINT,pam_contact_consensus,3,39,39.0,40.0,0.1751157937707921,0.14238981953735771,0.032725974233434374
dINT,pam_contact_consensus,3,40,40.0,41.0,0.16382789264828423,0.12218375286487392,0.04164413978341032
dINT,pam_contact_consensus,3,41,41.0,42.0,0.15632089363361307,0.10522168341551336,0.05109921021809971
dINT,pam_contact_consensus,3,42,42.0,43.0,0.16619917098323256,0.10932528174749437,0.05687388923573819
dINT,pam_contact_consensus,3,43,43.0,44.0,0.20163299906979068,0.1054935386665758,0.09613946040321487
dINT,pam_contact_consensus,3,44,44.0,45.0,0.22672549387491542,0.1050384543977411,0.12168703947717432
dINT,pam_contact_consensus,3,45,45.0,46.0,0.1966887729400444,0.11672309929380636,0.07996567364623802
dINT,pam_contact_consensus,3,46,46.0,47.0,0.17489904689164423,0.1224410704734563,0.05245797641818793
dINT,pam_contact_consensus,3,47,47.0,48.0,0.16387258143370476,0.13169134958442855,0.03218123184927621
dINT,pam_contact_consensus,3,48,48.0,49.0,0.16396482802808682,0.13224884207108836,0.031715985956998455
dINT,pam_contact_consensus,3,49,49.0,50.0,0.17227410573592725,0.16630219146940217,0.005971914266525075
dINT,pam_contact_union,1,0,0.0,1.0,0.10303913838158009,0.08476907778610784,0.018270060595472246
dINT,pam_contact_union,1,1,1.0,2.0,0.09258386891311034,0.1471293567562156,-0.05454548784310527
dINT,pam_contact_union,1,2,2.0,3.0,0.09142987730131047,0.13260600771475065,-0.041176130413440176
dINT,pam_contact_union,1,3,3.0,4.0,0.11144073035519712,0.08918166992774175,0.022259060427455374
dINT,pam_contact_union,1,4,4.0,5.0,0.12368039320429922,0.08951355924572736,0.034166833958571854
dINT,pam_contact_union,1,5,5.0,6.0,0.16194500477456245,0.10229756515498051,0.05964743961958194
dINT,pam_contact_union,1,6,6.0,7.0,0.13362113715728327,0.12719630712080876,0.00642483003647451
dINT,pam_contact_union,1,7,7.0,8.0,0.14814966597347448,0.1509380833020146,-0.002788417328540127
dINT,pam_contact_union,1,8,8.0,9.0,0.13670747803055794,0.1262126006918843,0.01049487733867363
dINT,pam_contact_union,1,9,9.0,10.0,0.16147489208258892,0.11741485889542644,0.04406003318716248
dINT,pam_contact_union,1,10,10.0,11.0,0.1475550183018902,0.1318229629281824,0.01573205537370778
dINT,pam_contact_union,1,11,11.0,12.0,0.11316466125777035,0.12877791371830316,-0.015613252460532814
dINT,pam_contact_union,1,12,12.0,13.0,0.1178366208913345,0.14935822010128777,-0.031521599209953274
dINT,pam_contact_union,1,13,13.0,14.0,0.152543428491921,0.12995089557359177,0.022592532918329244
dINT,pam_contact_union,1,14,14.0,15.0,0.15745243005464052,0.11876547120725209,0.03868695884738843
dINT,pam_contact_union,1,15,15.0,16.0,0.17545285275101838,0.1192348887253009,0.05621796402571748
dINT,pam_contact_union,1,16,16.0,17.0,0.12576540856920337,0.11392140419986285,0.011844004369340522
dINT,pam_contact_union,1,17,17.0,18.0,0.12651477346490267,0.13236091425076954,-0.005846140785866871
dINT,pam_contact_union,1,18,18.0,19.0,0.11745974912551392,0.14070953573259987,-0.023249786607085945
dINT,pam_contact_union,1,19,19.0,20.0,0.11679099927284706,0.12802961792392556,-0.011238618651078502
dINT,pam_contact_union,1,20,20.0,21.0,0.12583349206490324,0.10371502866765163,0.02211846339725161
dINT,pam_contact_union,1,21,21.0,22.0,0.14071361109881417,0.1014420754680413,0.03927153563077286
dINT,pam_contact_union,1,22,22.0,23.0,0.1448718690527424,0.10982066830308049,0.03505120074966192
dINT,pam_contact_union,1,23,23.0,24.0,0.12370494777641423,0.10309914855557202,0.020605799220842214
dINT,pam_contact_union,1,24,24.0,25.0,0.12509489856197029,0.11131187626829946,0.01378302229367083
dINT,pam_contact_union,1,25,25.0,26.0,0.1215310409755364,0.14006686982399585,-0.01853582884845946
dINT,pam_contact_union,1,26,26.0,27.0,0.10121335417490594,0.09498963709322919,0.006223717081676752
dINT,pam_contact_union,1,27,27.0,28.0,0.12126872855826881,0.14189188453125454,-0.020623155972985724
dINT,pam_contact_union,1,28,28.0,29.0,0.13209636061058705,0.1221739032774226,0.00992245733316445
dINT,pam_contact_union,1,29,29.0,30.0,0.1157209712778318,0.11906110625733889,-0.003340134979507081
dINT,pam_contact_union,1,30,30.0,31.0,0.12268263315865484,0.10230880122651001,0.02037383193214483
dINT,pam_contact_union,1,31,31.0,32.0,0.1233930168641089,0.14821782098932482,-0.024824804125215913
dINT,pam_contact_union,1,32,32.0,33.0,0.13875451554646304,0.1286343303675996,0.010120185178863428
dINT,pam_contact_union,1,33,33.0,34.0,0.12904238568989537,0.1323288027865069,-0.003286417096611538
dINT,pam_contact_union,1,34,34.0,35.0,0.10925561768969548,0.10876565567180897,0.0004899620178865083
dINT,pam_contact_union,1,35,35.0,36.0,0.11324765478811226,0.12626424923535368,-0.013016594447241417
dINT,pam_contact_union,1,36,36.0,37.0,0.12433166382132534,0.16288326371113349,-0.03855159988980815
dINT,pam_contact_union,1,37,37.0,38.0,0.11717687520261967,0.1434582421819636,-0.026281366979343926
dINT,pam_contact_union,1,38,38.0,39.0,0.10194099253160369,0.1335994920859827,-0.03165849955437902
dINT,pam_contact_union,1,39,39.0,40.0,0.08823469870701663,0.10658636059417309,-0.018351661887156465
dINT,pam_contact_union,1,40,40.0,41.0,0.11118412962172416,0.11420092682595039,-0.003016797204226221
dINT,pam_contact_union,1,41,41.0,42.0,0.12164766242931932,0.1025213377268111,0.01912632470250822
dINT,pam_contact_union,1,42,42.0,43.0,0.13879682978651955,0.11676292188915045,0.0220339078973691
dINT,pam_contact_union,1,43,43.0,44.0,0.13804266610971408,0.10100106418593348,0.0370416019237806
dINT,pam_contact_union,1,44,44.0,45.0,0.12650895526727537,0.12511253637154002,0.0013964188957353574
dINT,pam_contact_union,1,45,45.0,46.0,0.11729851830956584,0.1265264684546169,-0.009227950145051067
dINT,pam_contact_union,1,46,46.0,47.0,0.11377147465623899,0.10721684942884752,0.006554625227391475
dINT,pam_contact_union,1,47,47.0,48.0,0.13435131641726264,0.12875885847948615,0.0055924579377764905
dINT,pam_contact_union,1,48,48.0,49.0,0.12600231161656616,0.11939731267290608,0.0066049989436600814
dINT,pam_contact_union,1,49,49.0,50.0,0.12136024810383184,0.11576301896454946,0.0055972291392823725
dINT,pam_contact_union,2,0,0.0,1.0,0.05851961928329628,0.07209042245265336,-0.013570803169357083
dINT,pam_contact_union,2,1,1.0,2.0,0.10607579783002978,0.14576668103524118,-0.0396908832052114
dINT,pam_contact_union,2,2,2.0,3.0,0.1045198107920593,0.14150622420730374,-0.036986413415244446
dINT,pam_contact_union,2,3,3.0,4.0,0.10102566140382736,0.12855010429484115,-0.027524442891013787
dINT,pam_contact_union,2,4,4.0,5.0,0.11347574823694914,0.12128589794224866,-0.007810149705299516
dINT,pam_contact_union,2,5,5.0,6.0,0.10009236140786548,0.10588276404417794,-0.005790402636312461
dINT,pam_contact_union,2,6,6.0,7.0,0.11687282896002887,0.10695219764912221,0.00992063131090666
dINT,pam_contact_union,2,7,7.0,8.0,0.10131392682398202,0.1281827687457634,-0.026868841921781378
dINT,pam_contact_union,2,8,8.0,9.0,0.12573008478090708,0.12994674566762954,-0.004216660886722456
dINT,pam_contact_union,2,9,9.0,10.0,0.1239337530705867,0.1289584728621284,-0.00502471979154169
dINT,pam_contact_union,2,10,10.0,11.0,0.11698735868169009,0.12924205359217636,-0.012254694910486266
dINT,pam_contact_union,2,11,11.0,12.0,0.12266239358804011,0.12432424706013648,-0.0016618534720963668
dINT,pam_contact_union,2,12,12.0,13.0,0.11160414688011504,0.13696716861569525,-0.025363021735580207
dINT,pam_contact_union,2,13,13.0,14.0,0.10776401132424476,0.16053504107704764,-0.05277102975280287
dINT,pam_contact_union,2,14,14.0,15.0,0.1387986342813527,0.129303018050827,0.009495616230525694
dINT,pam_contact_union,2,15,15.0,16.0,0.12268625562235635,0.1428745356203725,-0.020188279998016145
dINT,pam_contact_union,2,16,16.0,17.0,0.11589767106409775,0.13975299646002984,-0.02385532539593209
dINT,pam_contact_union,2,17,17.0,18.0,0.11902522517620744,0.13403668916663355,-0.015011463990426119
dINT,pam_contact_union,2,18,18.0,19.0,0.1458927569342064,0.10031250443412061,0.04558025250008578
dINT,pam_contact_union,2,19,19.0,20.0,0.14782938567962423,0.10622509235809317,0.04160429332153105
dINT,pam_contact_union,2,20,20.0,21.0,0.1497333014897864,0.09988557462416421,0.04984772686562218
dINT,pam_contact_union,2,21,21.0,22.0,0.15575463508526835,0.13005553049505494,0.025699104590213406
dINT,pam_contact_union,2,22,22.0,23.0,0.14030979903663657,0.09483151002922305,0.04547828900741352
dINT,pam_contact_union,2,23,23.0,24.0,0.12764076513374956,0.09999771265515191,0.02764305247859765
dINT,pam_contact_union,2,24,24.0,25.0,0.16664207598830805,0.10549712540801735,0.061144950580290694
dINT,pam_contact_union,2,25,25.0,26.0,0.1427464416882399,0.10858424891639434,0.03416219277184557
dINT,pam_contact_union,2,26,26.0,27.0,0.138378868184689,0.10934800072936264,0.029030867455326362
dINT,pam_contact_union,2,27,27.0,28.0,0.12269199319668897,0.08466483821346532,0.03802715498322365
dINT,pam_contact_union,2,28,28.0,29.0,0.13970259726534506,0.10302902577225626,0.03667357149308881
dINT,pam_contact_union,2,29,29.0,30.0,0.12517598195045235,0.11987671951825155,0.005299262432200802
dINT,pam_contact_union,2,30,30.0,31.0,0.13357646905122503,0.10322409115040414,0.03035237790082089
dINT,pam_contact_union,2,31,31.0,32.0,0.13956909398985612,0.09691835200839319,0.04265074198146293
dINT,pam_contact_union,2,32,32.0,33.0,0.11991062233446881,0.08592636876444393,0.03398425357002488
dINT,pam_contact_union,2,33,33.0,34.0,0.11789208654408492,0.11710826787401757,0.0007838186700673544
dINT,pam_contact_union,2,34,34.0,35.0,0.12103867575221261,0.1307728094034514,-0.009734133651238791
dINT,pam_contact_union,2,35,35.0,36.0,0.13771964372721968,0.15016468132081007,-0.012445037593590391
dINT,pam_contact_union,2,36,36.0,37.0,0.1072175713984333,0.11614394531762445,-0.008926373919191155
dINT,pam_contact_union,2,37,37.0,38.0,0.11544940387404568,0.12347381278032042,-0.008024408906274746
dINT,pam_contact_union,2,38,38.0,39.0,0.1525202251219232,0.10548746131123561,0.04703276381068759
dINT,pam_contact_union,2,39,39.0,40.0,0.12697180662228116,0.14627596041586757,-0.01930415379358641
dINT,pam_contact_union,2,40,40.0,41.0,0.1409496641044919,0.11627109208944146,0.02467857201505043
dINT,pam_contact_union,2,41,41.0,42.0,0.12873465754778576,0.11777130330812477,0.010963354239660994
dINT,pam_contact_union,2,42,42.0,43.0,0.13697245976632486,0.11256256284258973,0.02440989692373513
dINT,pam_contact_union,2,43,43.0,44.0,0.12197326504372834,0.10417066699932694,0.017802598044401402
dINT,pam_contact_union,2,44,44.0,45.0,0.118426323100704,0.11076079979970718,0.007665523300996818
dINT,pam_contact_union,2,45,45.0,46.0,0.1285862553187176,0.11278024693420156,0.015806008384516027
dINT,pam_contact_union,2,46,46.0,47.0,0.1582153533716003,0.11078641775914559,0.04742893561245472
dINT,pam_contact_union,2,47,47.0,48.0,0.1596329496785752,0.10346312108809555,0.05616982859047964
dINT,pam_contact_union,2,48,48.0,49.0,0.1284888404121589,0.11154985335684584,0.016938987055313076
dINT,pam_contact_union,2,49,49.0,50.0,0.11452262071902017,0.14891961417302504,-0.034396993454004876
dINT,pam_contact_union,3,0,0.0,1.0,0.10497696547917347,0.0696733611983164,0.035303604280857076
dINT,pam_contact_union,3,1,1.0,2.0,0.10444154623032312,0.10471809609212408,-0.00027654986180096486
dINT,pam_contact_union,3,2,2.0,3.0,0.13106914179095341,0.08686446326891255,0.044204678522040866
dINT,pam_contact_union,3,3,3.0,4.0,0.14826552013427147,0.09551297506065128,0.05275254507362019
dINT,pam_contact_union,3,4,4.0,5.0,0.16564959279043384,0.12619480158103835,0.03945479120939549
dINT,pam_contact_union,3,5,5.0,6.0,0.176128497684614,0.13530951463577123,0.040818983048842766
dINT,pam_contact_union,3,6,6.0,7.0,0.14060593519933107,0.10572908753182346,0.03487684766750761
dINT,pam_contact_union,3,7,7.0,8.0,0.1381295603648166,0.15024844351483346,-0.012118883150016857
dINT,pam_contact_union,3,8,8.0,9.0,0.12365869792625922,0.1444568698007477,-0.020798171874488486
dINT,pam_contact_union,3,9,9.0,10.0,0.13966560419645074,0.15896512112902322,-0.01929951693257248
dINT,pam_contact_union,3,10,10.0,11.0,0.17134889322781932,0.1667430734755914,0.00460581975222793
dINT,pam_contact_union,3,11,11.0,12.0,0.16498891778479344,0.16885510794352407,-0.0038661901587306313
dINT,pam_contact_union,3,12,12.0,13.0,0.14730627107491337,0.13410728577340714,0.013198985301506233
dINT,pam_contact_union,3,13,13.0,14.0,0.15999756071047105,0.12984999881358694,0.030147561896884112
dINT,pam_contact_union,3,14,14.0,15.0,0.11734091481455504,0.10719081732542408,0.010150097489130955
dINT,pam_contact_union,3,15,15.0,16.0,0.1322026727813906,0.12718472292042773,0.005017949860962878
dINT,pam_contact_union,3,16,16.0,17.0,0.1079834540393291,0.12200339370353391,-0.014019939664204811
dINT,pam_contact_union,3,17,17.0,18.0,0.1251655860876231,0.10961461934808514,0.015550966739537958
dINT,pam_contact_union,3,18,18.0,19.0,0.10835248409071084,0.13535520975951262,-0.027002725668801783
dINT,pam_contact_union,3,19,19.0,20.0,0.15064440275164845,0.09476757411318759,0.05587682863846086
dINT,pam_contact_union,3,20,20.0,21.0,0.11566659085488781,0.1094258681433811,0.006240722711506719
dINT,pam_contact_union,3,21,21.0,22.0,0.11483186438513858,0.08923198621635564,0.02559987816878294
dINT,pam_contact_union,3,22,22.0,23.0,0.13134696749504635,0.13891636364170104,-0.007569396146654694
dINT,pam_contact_union,3,23,23.0,24.0,0.1324247718660834,0.12626354481247504,0.006161227053608359
dINT,pam_contact_union,3,24,24.0,25.0,0.10836964477273153,0.12412312191752223,-0.015753477144790695
dINT,pam_contact_union,3,25,25.0,26.0,0.0938956992583077,0.10272009151805649,-0.008824392259748792
dINT,pam_contact_union,3,26,26.0,27.0,0.11971117376775765,0.11979198959260716,-8.081582484950611e-05
dINT,pam_contact_union,3,27,27.0,28.0,0.12473441190721543,0.11757418910120643,0.007160222806009003
dINT,pam_contact_union,3,28,28.0,29.0,0.1343744664341356,0.1303902179693445,0.00398424846479109
dINT,pam_contact_union,3,29,29.0,30.0,0.11762181221866666,0.1124628354027512,0.005158976815915456
dINT,pam_contact_union,3,30,30.0,31.0,0.13925967605652317,0.14850920134737827,-0.009249525290855098
dINT,pam_contact_union,3,31,31.0,32.0,0.1549291241843306,0.1177203778477841,0.037208746336546514
dINT,pam_contact_union,3,32,32.0,33.0,0.1616871027431677,0.1165608483594928,0.04512625438367489
dINT,pam_contact_union,3,33,33.0,34.0,0.14696187456194812,0.12387794629901278,0.023083928262935344
dINT,pam_contact_union,3,34,34.0,35.0,0.13032893742986387,0.13009446918907602,0.00023446824078784956
dINT,pam_contact_union,3,35,35.0,36.0,0.10426862158065767,0.11690203253411911,-0.012633410953461446
dINT,pam_contact_union,3,36,36.0,37.0,0.1472550649410015,0.09900009782671926,0.04825496711428223
dINT,pam_contact_union,3,37,37.0,38.0,0.12606047296837958,0.0959052833234731,0.030155189644906474
dINT,pam_contact_union,3,38,38.0,39.0,0.14547827026072893,0.12683132790534113,0.018646942355387802
dINT,pam_contact_union,3,39,39.0,40.0,0.12530293837433573,0.14238981953735771,-0.017086881163021983
dINT,pam_contact_union,3,40,40.0,41.0,0.13385125940785964,0.12218375286487392,0.01166750654298572
dINT,pam_contact_union,3,41,41.0,42.0,0.12080381952670009,0.10522168341551336,0.015582136111186737
dINT,pam_contact_union,3,42,42.0,43.0,0.1432211046821003,0.10932528174749437,0.03389582293460594
dINT,pam_contact_union,3,43,43.0,44.0,0.18054231683252103,0.1054935386665758,0.07504877816594523
dINT,pam_contact_union,3,44,44.0,45.0,0.19468722899082516,0.1050384543977411,0.08964877459308407
dINT,pam_contact_union,3,45,45.0,46.0,0.16898228066401705,0.11672309929380636,0.05225918137021068
dINT,pam_contact_union,3,46,46.0,47.0,0.15917689819528913,0.1224410704734563,0.03673582772183283
dINT,pam_contact_union,3,47,47.0,48.0,0.15899281819627917,0.13169134958442855,0.02730146861185062
dINT,pam_contact_union,3,48,48.0,49.0,0.14480282648121176,0.13224884207108836,0.012553984410123398
dINT,pam_contact_union,3,49,49.0,50.0,0.1503476392226316,0.16630219146940217,-0.01595455224677056
dINT,stable_core_control,1,0,0.0,1.0,0.08476907778610784,0.08476907778610784,0.0
dINT,stable_core_control,1,1,1.0,2.0,0.1471293567562156,0.1471293567562156,0.0
dINT,stable_core_control,1,2,2.0,3.0,0.13260600771475065,0.13260600771475065,0.0
dINT,stable_core_control,1,3,3.0,4.0,0.08918166992774175,0.08918166992774175,0.0
dINT,stable_core_control,1,4,4.0,5.0,0.08951355924572736,0.08951355924572736,0.0
dINT,stable_core_control,1,5,5.0,6.0,0.10229756515498051,0.10229756515498051,0.0
dINT,stable_core_control,1,6,6.0,7.0,0.12719630712080876,0.12719630712080876,0.0
dINT,stable_core_control,1,7,7.0,8.0,0.1509380833020146,0.1509380833020146,0.0
dINT,stable_core_control,1,8,8.0,9.0,0.1262126006918843,0.1262126006918843,0.0
dINT,stable_core_control,1,9,9.0,10.0,0.11741485889542644,0.11741485889542644,0.0
dINT,stable_core_control,1,10,10.0,11.0,0.1318229629281824,0.1318229629281824,0.0
dINT,stable_core_control,1,11,11.0,12.0,0.12877791371830316,0.12877791371830316,0.0
dINT,stable_core_control,1,12,12.0,13.0,0.14935822010128777,0.14935822010128777,0.0
dINT,stable_core_control,1,13,13.0,14.0,0.12995089557359177,0.12995089557359177,0.0
dINT,stable_core_control,1,14,14.0,15.0,0.11876547120725209,0.11876547120725209,0.0
dINT,stable_core_control,1,15,15.0,16.0,0.1192348887253009,0.1192348887253009,0.0
dINT,stable_core_control,1,16,16.0,17.0,0.11392140419986285,0.11392140419986285,0.0
dINT,stable_core_control,1,17,17.0,18.0,0.13236091425076954,0.13236091425076954,0.0
dINT,stable_core_control,1,18,18.0,19.0,0.14070953573259987,0.14070953573259987,0.0
dINT,stable_core_control,1,19,19.0,20.0,0.12802961792392556,0.12802961792392556,0.0
dINT,stable_core_control,1,20,20.0,21.0,0.10371502866765163,0.10371502866765163,0.0
dINT,stable_core_control,1,21,21.0,22.0,0.1014420754680413,0.1014420754680413,0.0
dINT,stable_core_control,1,22,22.0,23.0,0.10982066830308049,0.10982066830308049,0.0
dINT,stable_core_control,1,23,23.0,24.0,0.10309914855557202,0.10309914855557202,0.0
dINT,stable_core_control,1,24,24.0,25.0,0.11131187626829946,0.11131187626829946,0.0
dINT,stable_core_control,1,25,25.0,26.0,0.14006686982399585,0.14006686982399585,0.0
dINT,stable_core_control,1,26,26.0,27.0,0.09498963709322919,0.09498963709322919,0.0
dINT,stable_core_control,1,27,27.0,28.0,0.14189188453125454,0.14189188453125454,0.0
dINT,stable_core_control,1,28,28.0,29.0,0.1221739032774226,0.1221739032774226,0.0
dINT,stable_core_control,1,29,29.0,30.0,0.11906110625733889,0.11906110625733889,0.0
dINT,stable_core_control,1,30,30.0,31.0,0.10230880122651001,0.10230880122651001,0.0
dINT,stable_core_control,1,31,31.0,32.0,0.14821782098932482,0.14821782098932482,0.0
dINT,stable_core_control,1,32,32.0,33.0,0.1286343303675996,0.1286343303675996,0.0
dINT,stable_core_control,1,33,33.0,34.0,0.1323288027865069,0.1323288027865069,0.0
dINT,stable_core_control,1,34,34.0,35.0,0.10876565567180897,0.10876565567180897,0.0
dINT,stable_core_control,1,35,35.0,36.0,0.12626424923535368,0.12626424923535368,0.0
dINT,stable_core_control,1,36,36.0,37.0,0.16288326371113349,0.16288326371113349,0.0
dINT,stable_core_control,1,37,37.0,38.0,0.1434582421819636,0.1434582421819636,0.0
dINT,stable_core_control,1,38,38.0,39.0,0.1335994920859827,0.1335994920859827,0.0
dINT,stable_core_control,1,39,39.0,40.0,0.10658636059417309,0.10658636059417309,0.0
dINT,stable_core_control,1,40,40.0,41.0,0.11420092682595039,0.11420092682595039,0.0
dINT,stable_core_control,1,41,41.0,42.0,0.1025213377268111,0.1025213377268111,0.0
dINT,stable_core_control,1,42,42.0,43.0,0.11676292188915045,0.11676292188915045,0.0
dINT,stable_core_control,1,43,43.0,44.0,0.10100106418593348,0.10100106418593348,0.0
dINT,stable_core_control,1,44,44.0,45.0,0.12511253637154002,0.12511253637154002,0.0
dINT,stable_core_control,1,45,45.0,46.0,0.1265264684546169,0.1265264684546169,0.0
dINT,stable_core_control,1,46,46.0,47.0,0.10721684942884752,0.10721684942884752,0.0
dINT,stable_core_control,1,47,47.0,48.0,0.12875885847948615,0.12875885847948615,0.0
dINT,stable_core_control,1,48,48.0,49.0,0.11939731267290608,0.11939731267290608,0.0
dINT,stable_core_control,1,49,49.0,50.0,0.11576301896454946,0.11576301896454946,0.0
dINT,stable_core_control,2,0,0.0,1.0,0.07209042245265336,0.07209042245265336,0.0
dINT,stable_core_control,2,1,1.0,2.0,0.14576668103524118,0.14576668103524118,0.0
dINT,stable_core_control,2,2,2.0,3.0,0.14150622420730374,0.14150622420730374,0.0
dINT,stable_core_control,2,3,3.0,4.0,0.12855010429484115,0.12855010429484115,0.0
dINT,stable_core_control,2,4,4.0,5.0,0.12128589794224866,0.12128589794224866,0.0
dINT,stable_core_control,2,5,5.0,6.0,0.10588276404417794,0.10588276404417794,0.0
dINT,stable_core_control,2,6,6.0,7.0,0.10695219764912221,0.10695219764912221,0.0
dINT,stable_core_control,2,7,7.0,8.0,0.1281827687457634,0.1281827687457634,0.0
dINT,stable_core_control,2,8,8.0,9.0,0.12994674566762954,0.12994674566762954,0.0
dINT,stable_core_control,2,9,9.0,10.0,0.1289584728621284,0.1289584728621284,0.0
dINT,stable_core_control,2,10,10.0,11.0,0.12924205359217636,0.12924205359217636,0.0
dINT,stable_core_control,2,11,11.0,12.0,0.12432424706013648,0.12432424706013648,0.0
dINT,stable_core_control,2,12,12.0,13.0,0.13696716861569525,0.13696716861569525,0.0
dINT,stable_core_control,2,13,13.0,14.0,0.16053504107704764,0.16053504107704764,0.0
dINT,stable_core_control,2,14,14.0,15.0,0.129303018050827,0.129303018050827,0.0
dINT,stable_core_control,2,15,15.0,16.0,0.1428745356203725,0.1428745356203725,0.0
dINT,stable_core_control,2,16,16.0,17.0,0.13975299646002984,0.13975299646002984,0.0
dINT,stable_core_control,2,17,17.0,18.0,0.13403668916663355,0.13403668916663355,0.0
dINT,stable_core_control,2,18,18.0,19.0,0.10031250443412061,0.10031250443412061,0.0
dINT,stable_core_control,2,19,19.0,20.0,0.10622509235809317,0.10622509235809317,0.0
dINT,stable_core_control,2,20,20.0,21.0,0.09988557462416421,0.09988557462416421,0.0
dINT,stable_core_control,2,21,21.0,22.0,0.13005553049505494,0.13005553049505494,0.0
dINT,stable_core_control,2,22,22.0,23.0,0.09483151002922305,0.09483151002922305,0.0
dINT,stable_core_control,2,23,23.0,24.0,0.09999771265515191,0.09999771265515191,0.0
dINT,stable_core_control,2,24,24.0,25.0,0.10549712540801735,0.10549712540801735,0.0
dINT,stable_core_control,2,25,25.0,26.0,0.10858424891639434,0.10858424891639434,0.0
dINT,stable_core_control,2,26,26.0,27.0,0.10934800072936264,0.10934800072936264,0.0
dINT,stable_core_control,2,27,27.0,28.0,0.08466483821346532,0.08466483821346532,0.0
dINT,stable_core_control,2,28,28.0,29.0,0.10302902577225626,0.10302902577225626,0.0
dINT,stable_core_control,2,29,29.0,30.0,0.11987671951825155,0.11987671951825155,0.0
dINT,stable_core_control,2,30,30.0,31.0,0.10322409115040414,0.10322409115040414,0.0
dINT,stable_core_control,2,31,31.0,32.0,0.09691835200839319,0.09691835200839319,0.0
dINT,stable_core_control,2,32,32.0,33.0,0.08592636876444393,0.08592636876444393,0.0
dINT,stable_core_control,2,33,33.0,34.0,0.11710826787401757,0.11710826787401757,0.0
dINT,stable_core_control,2,34,34.0,35.0,0.1307728094034514,0.1307728094034514,0.0
dINT,stable_core_control,2,35,35.0,36.0,0.15016468132081007,0.15016468132081007,0.0
dINT,stable_core_control,2,36,36.0,37.0,0.11614394531762445,0.11614394531762445,0.0
dINT,stable_core_control,2,37,37.0,38.0,0.12347381278032042,0.12347381278032042,0.0
dINT,stable_core_control,2,38,38.0,39.0,0.10548746131123561,0.10548746131123561,0.0
dINT,stable_core_control,2,39,39.0,40.0,0.14627596041586757,0.14627596041586757,0.0
dINT,stable_core_control,2,40,40.0,41.0,0.11627109208944146,0.11627109208944146,0.0
dINT,stable_core_control,2,41,41.0,42.0,0.11777130330812477,0.11777130330812477,0.0
dINT,stable_core_control,2,42,42.0,43.0,0.11256256284258973,0.11256256284258973,0.0
dINT,stable_core_control,2,43,43.0,44.0,0.10417066699932694,0.10417066699932694,0.0
dINT,stable_core_control,2,44,44.0,45.0,0.11076079979970718,0.11076079979970718,0.0
dINT,stable_core_control,2,45,45.0,46.0,0.11278024693420156,0.11278024693420156,0.0
dINT,stable_core_control,2,46,46.0,47.0,0.11078641775914559,0.11078641775914559,0.0
dINT,stable_core_control,2,47,47.0,48.0,0.10346312108809555,0.10346312108809555,0.0
dINT,stable_core_control,2,48,48.0,49.0,0.11154985335684584,0.11154985335684584,0.0
dINT,stable_core_control,2,49,49.0,50.0,0.14891961417302504,0.14891961417302504,0.0
dINT,stable_core_control,3,0,0.0,1.0,0.0696733611983164,0.0696733611983164,0.0
dINT,stable_core_control,3,1,1.0,2.0,0.10471809609212408,0.10471809609212408,0.0
dINT,stable_core_control,3,2,2.0,3.0,0.08686446326891255,0.08686446326891255,0.0
dINT,stable_core_control,3,3,3.0,4.0,0.09551297506065128,0.09551297506065128,0.0
dINT,stable_core_control,3,4,4.0,5.0,0.12619480158103835,0.12619480158103835,0.0
dINT,stable_core_control,3,5,5.0,6.0,0.13530951463577123,0.13530951463577123,0.0
dINT,stable_core_control,3,6,6.0,7.0,0.10572908753182346,0.10572908753182346,0.0
dINT,stable_core_control,3,7,7.0,8.0,0.15024844351483346,0.15024844351483346,0.0
dINT,stable_core_control,3,8,8.0,9.0,0.1444568698007477,0.1444568698007477,0.0
dINT,stable_core_control,3,9,9.0,10.0,0.15896512112902322,0.15896512112902322,0.0
dINT,stable_core_control,3,10,10.0,11.0,0.1667430734755914,0.1667430734755914,0.0
dINT,stable_core_control,3,11,11.0,12.0,0.16885510794352407,0.16885510794352407,0.0
dINT,stable_core_control,3,12,12.0,13.0,0.13410728577340714,0.13410728577340714,0.0
dINT,stable_core_control,3,13,13.0,14.0,0.12984999881358694,0.12984999881358694,0.0
dINT,stable_core_control,3,14,14.0,15.0,0.10719081732542408,0.10719081732542408,0.0
dINT,stable_core_control,3,15,15.0,16.0,0.12718472292042773,0.12718472292042773,0.0
dINT,stable_core_control,3,16,16.0,17.0,0.12200339370353391,0.12200339370353391,0.0
dINT,stable_core_control,3,17,17.0,18.0,0.10961461934808514,0.10961461934808514,0.0
dINT,stable_core_control,3,18,18.0,19.0,0.13535520975951262,0.13535520975951262,0.0
dINT,stable_core_control,3,19,19.0,20.0,0.09476757411318759,0.09476757411318759,0.0
dINT,stable_core_control,3,20,20.0,21.0,0.1094258681433811,0.1094258681433811,0.0
dINT,stable_core_control,3,21,21.0,22.0,0.08923198621635564,0.08923198621635564,0.0
dINT,stable_core_control,3,22,22.0,23.0,0.13891636364170104,0.13891636364170104,0.0
dINT,stable_core_control,3,23,23.0,24.0,0.12626354481247504,0.12626354481247504,0.0
dINT,stable_core_control,3,24,24.0,25.0,0.12412312191752223,0.12412312191752223,0.0
dINT,stable_core_control,3,25,25.0,26.0,0.10272009151805649,0.10272009151805649,0.0
dINT,stable_core_control,3,26,26.0,27.0,0.11979198959260716,0.11979198959260716,0.0
dINT,stable_core_control,3,27,27.0,28.0,0.11757418910120643,0.11757418910120643,0.0
dINT,stable_core_control,3,28,28.0,29.0,0.1303902179693445,0.1303902179693445,0.0
dINT,stable_core_control,3,29,29.0,30.0,0.1124628354027512,0.1124628354027512,0.0
dINT,stable_core_control,3,30,30.0,31.0,0.14850920134737827,0.14850920134737827,0.0
dINT,stable_core_control,3,31,31.0,32.0,0.1177203778477841,0.1177203778477841,0.0
dINT,stable_core_control,3,32,32.0,33.0,0.1165608483594928,0.1165608483594928,0.0
dINT,stable_core_control,3,33,33.0,34.0,0.12387794629901278,0.12387794629901278,0.0
dINT,stable_core_control,3,34,34.0,35.0,0.13009446918907602,0.13009446918907602,0.0
dINT,stable_core_control,3,35,35.0,36.0,0.11690203253411911,0.11690203253411911,0.0
dINT,stable_core_control,3,36,36.0,37.0,0.09900009782671926,0.09900009782671926,0.0
dINT,stable_core_control,3,37,37.0,38.0,0.0959052833234731,0.0959052833234731,0.0
dINT,stable_core_control,3,38,38.0,39.0,0.12683132790534113,0.12683132790534113,0.0
dINT,stable_core_control,3,39,39.0,40.0,0.14238981953735771,0.14238981953735771,0.0
dINT,stable_core_control,3,40,40.0,41.0,0.12218375286487392,0.12218375286487392,0.0
dINT,stable_core_control,3,41,41.0,42.0,0.10522168341551336,0.10522168341551336,0.0
dINT,stable_core_control,3,42,42.0,43.0,0.10932528174749437,0.10932528174749437,0.0
dINT,stable_core_control,3,43,43.0,44.0,0.1054935386665758,0.1054935386665758,0.0
dINT,stable_core_control,3,44,44.0,45.0,0.1050384543977411,0.1050384543977411,0.0
dINT,stable_core_control,3,45,45.0,46.0,0.11672309929380636,0.11672309929380636,0.0
dINT,stable_core_control,3,46,46.0,47.0,0.1224410704734563,0.1224410704734563,0.0
dINT,stable_core_control,3,47,47.0,48.0,0.13169134958442855,0.13169134958442855,0.0
dINT,stable_core_control,3,48,48.0,49.0,0.13224884207108836,0.13224884207108836,0.0
dINT,stable_core_control,3,49,49.0,50.0,0.16630219146940217,0.16630219146940217,0.0
