#"Step","Time (ps)","Potential Energy (kJ/mole)","Kinetic Energy (kJ/mole)","Temperature (K)","Box Volume (nm^3)","Density (g/mL)","Speed (ns/day)","Time Remaining"
5000,14.000000000001178,-1477586.4282777226,387818.422173501,299.6828336701777,1375.5068834010915,1.0124050433375056,0,--
10000,23.99999999999741,-1479170.9691444375,389536.99612554105,301.0108446216242,1363.8730149987823,1.0210408818023007,232,1:02:04
15000,33.99999999999542,-1482914.3121046852,388848.1858019108,300.4785732857503,1360.6163648729525,1.0234847543015921,234,1:01:15
20000,44.00000000000764,-1486097.1200637277,390401.1394534348,301.67860279502145,1358.384172292127,1.025166616562461,237,1:00:28
25000,54.00000000001986,-1483853.4073104756,388060.4313975319,299.8698438942548,1357.0801814862446,1.0261516783596434,237,1:00:20
30000,64.00000000003207,-1483796.6572242621,390137.67733436334,301.47501505938584,1354.0050855482075,1.0284821827954194,238,1:00:10
35000,74.00000000000877,-1485874.2902340349,387741.2550757978,299.6232035619013,1357.0681911728896,1.026160744875426,237,1:00:24
40000,83.99999999998546,-1484286.460934449,388427.00163109007,300.1531074012233,1354.431465375433,1.0281584129579526,237,1:00:10
45000,93.99999999996216,-1488228.84456278,388260.0852977164,300.0241244625302,1349.2009302051254,1.0321443416800788,238,59:54
50000,103.99999999993885,-1485800.6936221002,388545.92663268757,300.24500551496743,1355.8836857500075,1.0270572030154774,239,59:42
55000,113.99999999991554,-1488066.4029274601,390040.8334563043,301.4001799145319,1353.6717396583347,1.0287354497421972,234,1:00:55
60000,123.99999999989224,-1488111.5971610965,387544.1782268435,299.47091438436706,1354.3948513905586,1.0281862076417123,234,1:00:52
65000,133.99999999991155,-1485651.7172682844,389454.32940212043,300.9469647322005,1354.062623655458,1.0284384795596124,234,1:00:36
70000,143.9999999999593,-1484612.7313976828,388819.1195148944,300.4561126011636,1354.237689595935,1.0283055305573583,235,1:00:23
75000,154.00000000000705,-1486668.823906566,388119.068487715,299.9151551232721,1354.2727932486064,1.028278876193212,235,1:00:14
80000,164.0000000000548,-1487655.06012417,390323.75162941695,301.6188021226778,1352.8764836346793,1.0293401672260558,236,59:59
85000,174.00000000010255,-1486943.403493072,389309.83501493663,300.83530812971634,1352.9796263875119,1.0292616967329469,237,59:47
90000,184.0000000001503,-1485372.489738726,387427.5777590094,299.3808125309998,1352.1248963643272,1.0299123325405393,237,59:38
95000,194.00000000019804,-1488260.7343358342,388073.8092987486,299.88018153454203,1351.9630708979505,1.030035609608625,237,59:30
100000,204.0000000002458,-1488229.5175370984,388297.00267634785,300.0526520001803,1354.7525764311508,1.027914713083028,237,59:30
105000,214.00000000029354,-1487752.773017412,390117.92365835665,301.459750602458,1353.0106903732644,1.0292380657513809,234,1:00:08
110000,224.0000000003413,-1486033.5081254113,389019.6979535296,300.61110759734373,1356.7378407357999,1.0264106034998526,235,59:58
115000,234.00000000038904,-1486565.3023437187,387349.91381314374,299.3207984882409,1354.5426159346894,1.0280740447134544,235,59:47
120000,244.00000000043678,-1486770.3754491704,388283.39137247903,300.04213400031193,1355.5328453562192,1.0273230270084432,236,59:39
125000,254.00000000048453,-1487733.6811955012,388962.9210954434,300.56723384420224,1355.38845180437,1.0274324707775477,236,59:32
130000,264.0000000005323,-1488285.7477785135,386800.3840955884,298.896154857286,1352.980037873553,1.029261383700375,236,59:25
135000,274.00000000058003,-1488739.9672178263,389192.3523948287,300.7445246019416,1355.1705256142852,1.0275976931165036,236,59:17
140000,284.0000000006278,-1488724.4357640902,387844.3221935014,299.7028476533772,1349.3513396076314,1.0320292906854451,237,59:10
145000,294.0000000006755,-1488914.9719941868,387659.4149950503,299.5599624523925,1352.0550450626454,1.0299655409637531,237,59:04
150000,304.0000000007233,-1487728.9201042438,388868.225966456,300.49405912385066,1353.4184072243843,1.0289280081217662,237,58:57
155000,314.000000000771,-1487131.6837784257,389726.72570133174,301.1574562667991,1351.1467272449777,1.0306579424872713,235,59:20
160000,324.0000000008188,-1491241.4455874143,390214.25033591036,301.5341860857585,1355.5342906576404,1.0273219316533195,235,59:15
165000,334.0000000008665,-1487188.575287384,388819.3105357714,300.456260210649,1353.1746016129905,1.0291133932315675,236,59:07
170000,344.00000000091427,-1489955.0430843774,387500.6910065471,299.43731006682634,1355.2216806362183,1.0275589047888958,236,59:00
175000,354.000000000962,-1485073.2345662415,388339.61130254605,300.0855773928584,1352.633678290798,1.02952493956855,236,58:54
180000,364.00000000100977,-1487103.474705318,388394.2815313985,300.1278232691839,1352.6904666976318,1.029481718238502,236,58:48
185000,374.0000000010575,-1486567.6144790715,387036.81610646873,299.0788553452975,1352.7826390738144,1.0294115740974807,236,58:41
190000,384.00000000110526,-1488476.7411446692,386727.96127507545,298.84019084208506,1351.7159792483321,1.0302238985701015,236,58:37
195000,394.000000001153,-1485326.866873593,387700.928200527,299.59204136958846,1355.3371697639784,1.0274713458520617,236,58:34
200000,404.00000000120076,-1489271.415126741,387087.0842760309,299.11769957403055,1354.0275001414477,1.0284651572846528,236,58:30
205000,414.0000000012485,-1489264.2505914737,388569.9102882437,300.26353864657716,1352.3621526709508,1.029731646327396,234,58:57
210000,424.00000000129626,-1488533.9737418136,387473.3964406727,299.41621846215423,1353.2002050461008,1.0290939217329464,234,58:50
215000,434.000000001344,-1490419.576147573,389802.0028670916,301.21562594893834,1350.4625547232858,1.03118009531635,235,58:44
220000,444.00000000139175,-1488202.8371500168,387692.29365785257,299.58536911250064,1351.6007782875552,1.0303117076220327,235,58:38
225000,454.0000000014395,-1488441.6795312501,387269.63372127124,299.25876284464044,1356.6854749325767,1.0264502212422713,235,58:31
230000,464.00000000148725,-1487535.5636731656,387501.70038615505,299.4380900548926,1354.8038941661716,1.027875777370563,235,58:24
235000,474.000000001535,-1487683.1013635555,390839.2172957143,302.01712309636935,1357.0828345837613,1.0261496722326773,235,58:20
240000,484.00000000158275,-1490974.2500790982,387917.9541989765,299.7597460542472,1349.4510747136108,1.0319530155595003,235,58:14
245000,494.0000000016305,-1490280.0874900268,388470.29350191663,300.1865607644015,1350.1706323245487,1.031403048297068,235,58:09
250000,504.00000000167825,-1488095.7884505214,387133.5288804906,299.1535891808088,1352.1362876413884,1.0299036558880184,236,58:03
255000,514.0000000016692,-1487526.9202576224,387263.1411072175,299.25374574161924,1350.7068616362737,1.0309935822890035,235,58:14
260000,524.0000000014327,-1490634.9652999202,388206.44848815823,299.98267715069977,1351.4872115639394,1.0303982856702276,235,58:08
265000,534.0000000011962,-1487347.483469258,389258.97869672836,300.7960094149588,1351.9034662241247,1.0300810233072164,235,58:02
270000,544.0000000009597,-1487255.2046835981,388215.5364205474,299.9896997601862,1355.4578048659944,1.027379901389401,235,57:56
275000,554.0000000007233,-1487179.3334146263,389338.7781281925,300.857673633003,1350.5452905805223,1.0311169241145055,235,57:50
280000,564.0000000004868,-1489033.3007503366,387202.1182752291,299.20659095431864,1352.5951505525875,1.0295542648750442,235,57:45
285000,574.0000000002503,-1488181.3646930708,387227.6437757893,299.2263155313407,1354.027572153776,1.02846510258697,235,57:39
290000,584.0000000000139,-1489228.8301654449,387922.75267382374,299.7634540280238,1352.3899827713965,1.0297104560379715,236,57:34
295000,593.9999999997774,-1489991.838393963,387388.1873926352,299.3503740166349,1351.0369888711991,1.0307416579794912,236,57:28
300000,603.9999999995409,-1488019.5508648483,389823.5430293978,301.2322708954096,1349.4812676852243,1.0319299268891708,236,57:22
305000,613.9999999993045,-1488779.5164668877,389309.19632863626,300.8348145912215,1353.2898795598999,1.0290257297672198,235,57:30
310000,623.999999999068,-1487009.1524061095,389333.2652889098,300.8534136412044,1353.8374567441788,1.0286095269144702,235,57:25
315000,633.9999999988315,-1488479.104572461,389251.3617241712,300.790123475072,1354.0674442964505,1.028434818196426,235,57:19
320000,643.9999999985951,-1488213.9418636002,387710.9194056646,299.5997619741194,1351.0817673354618,1.0307074964434453,235,57:14
325000,653.9999999983586,-1488651.2672861842,388918.5365882877,300.53293615715336,1353.9386604945107,1.0285326407564865,235,57:10
330000,663.9999999981221,-1489425.473210196,386957.04082735174,299.0172097907397,1349.9633538405524,1.0315614138257558,236,57:06
335000,673.9999999978857,-1490624.337544485,387631.85420744505,299.53866512752217,1352.2353046534497,1.0298282415112705,236,57:00
340000,683.9999999976492,-1489294.0185239157,388572.6164759861,300.2656298262755,1351.9626398548637,1.0300359380124695,236,56:55
345000,693.9999999974127,-1488013.9121190896,388788.9920268641,300.43283188403404,1351.4883182529688,1.0303974419111928,236,56:50
350000,703.9999999971762,-1490299.952113457,389338.30340882734,300.8573067983288,1352.2161501719775,1.0298428292870259,236,56:45
355000,713.9999999969398,-1486210.5074236868,388691.2315839105,300.3572884727618,1355.8497949836903,1.0270828752955417,235,56:52
360000,723.9999999967033,-1489831.0979056489,389105.1101715665,300.6771090404621,1352.6966157924476,1.0294770384155303,235,56:47
365000,733.9999999964668,-1489356.1537959892,388355.4178436466,300.097791740493,1352.2743849332205,1.0297984798177544,235,56:42
370000,743.9999999962304,-1488161.9070545156,387247.6595577851,299.24178252806814,1353.8575154116022,1.028594287100698,236,56:36
375000,753.9999999959939,-1488884.073979564,387698.83171260275,299.59042132936867,1353.0835066934906,1.0291826772049875,236,56:31
380000,763.9999999957574,-1487496.9522413043,388262.15430091886,300.02572326420426,1355.8495845970704,1.027083034667567,236,56:26
385000,773.999999995521,-1488951.591700729,388223.17118775187,299.99559945071,1352.209407109822,1.0298479648038856,236,56:22
390000,783.9999999952845,-1488164.2038162677,388523.13263483276,300.2273916795299,1350.532846997719,1.0311264246526477,236,56:18
395000,793.999999995048,-1488778.2962244013,388094.94712213776,299.89651557761135,1350.3922621139293,1.0312337718232805,236,56:13
400000,803.9999999948116,-1488920.3457834143,388314.96404016647,300.0665314656672,1353.2512635468638,1.0290550937678795,236,56:08
405000,813.9999999945751,-1490216.6014045374,389187.34231336496,300.7406531112539,1355.53668244574,1.027320118986497,235,56:16
410000,823.9999999943386,-1489685.5699511915,388264.6453738917,300.027648216101,1354.0185044514424,1.0284719900965424,235,56:11
415000,833.9999999941022,-1490492.196340369,389612.79799718456,301.0694197650233,1351.8251140531613,1.0301407270984873,235,56:07
420000,843.9999999938657,-1489512.8884149725,388605.7662527255,300.29124598698576,1353.1252917617876,1.0291508956185231,235,56:02
425000,853.9999999936292,-1487390.4294420583,388015.3111962711,299.83497770689365,1354.8826231135638,1.0278160499988909,235,55:57
430000,863.9999999933927,-1488726.9723609854,388591.84842607443,300.28049112468204,1352.2770484182704,1.0297964514960738,235,55:53
435000,873.9999999931563,-1488374.8335943157,386472.0761111741,298.6424581232979,1353.957654062186,1.0285182123109144,236,55:49
440000,883.9999999929198,-1490126.2713933354,388391.83597877796,300.12593349268724,1351.1273798711832,1.030672700921424,236,55:44
445000,893.9999999926833,-1485803.0615140134,388350.62975155737,300.0940917898895,1350.8664319383445,1.030871796779001,236,55:39
450000,903.9999999924469,-1489702.3798170565,389264.7484230939,300.80046791369915,1351.1661473754098,1.0306431289784272,236,55:35
455000,913.9999999922104,-1487216.437224037,386644.1230653545,298.77540569825874,1351.4754829892247,1.030407227825251,235,55:39
460000,923.9999999919739,-1490447.2800997654,389381.565980477,300.8907375208591,1351.289254911807,1.0305492335107826,235,55:34
465000,933.9999999917375,-1487716.135641302,388671.6021729816,300.3421200404386,1354.0670344931377,1.028435129448369,235,55:29
470000,943.999999991501,-1488777.1642335672,389643.30089202255,301.09299057403484,1351.3483951508651,1.0305041326853774,235,55:24
475000,953.9999999912645,-1488352.1673629973,387158.41563034244,299.17282016956545,1353.1172132298743,1.0291570399704482,236,55:19
480000,963.9999999910281,-1486660.233477939,388629.7539063655,300.30978220807515,1354.4581556905769,1.028138152552015,236,55:14
485000,973.9999999907916,-1488848.766552085,388985.705271346,300.58484008982373,1352.2988072979563,1.0297798817727493,236,55:10
490000,983.9999999905551,-1490428.7558581708,387697.9010259395,299.58970215049385,1352.841786087185,1.029366567637181,236,55:06
495000,993.9999999903187,-1488408.9310585642,389234.7045967815,300.777251845331,1349.4761855621198,1.031933813134056,236,55:02
500000,1003.9999999900822,-1489028.6449125763,388098.39635230764,299.8991809359652,1352.5759782073508,1.0295688584876208,236,54:58
505000,1013.9999999898457,-1487510.4491152419,389426.8962365849,300.9257660260169,1356.5380264202909,1.0265617909551066,235,55:01
510000,1023.9999999896093,-1489807.9077860434,387458.942846305,299.4050495906691,1353.623302764951,1.0287722611277557,235,54:57
515000,1033.9999999893728,-1490671.885035796,389260.32228936325,300.797047662822,1353.1101356412896,1.0291624230874066,235,54:52
520000,1043.9999999891363,-1490069.2063114028,388763.1278657842,300.41284561045916,1353.7455429137324,1.028679365328452,235,54:48
525000,1053.9999999888998,-1490674.181314609,389241.9941962375,300.7828848109056,1352.6995027438509,1.029474841290319,235,54:43
530000,1063.9999999886634,-1490181.6805311954,387328.19709925103,299.30401711328483,1351.9288111741,1.0300617121187938,236,54:38
535000,1073.999999988427,-1490563.7312502367,386807.6322493515,298.901755796113,1350.6931601554406,1.0310040407256222,236,54:34
540000,1083.9999999881904,-1489096.4159989841,391521.9818705729,302.5447226399302,1353.8264164519726,1.0286179151019108,236,54:29
545000,1093.999999987954,-1486830.2827551244,389018.8749860527,300.6104716574002,1354.1880749678915,1.0283432055283295,236,54:25
550000,1103.9999999877175,-1486916.4831933416,387687.15805819794,299.58140062887765,1352.2865754260754,1.0297891964666965,236,54:21
555000,1113.999999987481,-1489691.9606941165,388156.7235348163,299.94425268690526,1353.2486060992267,1.0290571145791443,235,54:23
560000,1123.9999999872446,-1490116.6700944891,388526.759824974,300.2301945546839,1352.6010744501955,1.0295497558042161,235,54:19
565000,1133.999999987008,-1490174.8296473082,387477.9080172024,299.4197047381056,1348.2559579423985,1.0328677560794535,235,54:15
570000,1143.9999999867716,-1487571.4751793724,388120.9378795035,299.9165996772087,1354.3007251760316,1.0282576683400309,235,54:11
575000,1153.9999999865352,-1488190.4524553511,388731.9384589898,300.3887443061522,1353.1731900144905,1.0291144667784964,235,54:06
580000,1163.9999999862987,-1490023.232973449,389017.28485873475,300.6092429023094,1351.1428914478274,1.0306608684507823,236,54:02
585000,1173.9999999860622,-1490133.8165790252,389420.12974520447,300.9205372870119,1355.788392780635,1.0271293907780457,236,53:57
590000,1183.9999999858258,-1489766.2492148587,389931.05902469245,301.3153528128549,1353.0687706897506,1.0291938858294927,236,53:53
595000,1193.9999999855893,-1489778.018808432,389256.16062787874,300.79383178024614,1348.7529151799733,1.0324871888895224,236,53:49
600000,1203.9999999853528,-1487894.1414395869,386184.66226684547,298.4203619298739,1353.6155152143613,1.0287781798069808,236,53:44
605000,1213.9999999851163,-1487615.882453178,388582.83782034204,300.2735282686015,1353.7548745850356,1.0286722744600136,235,53:47
610000,1223.9999999848799,-1487724.4922259264,389468.41729681013,300.95785101289187,1353.3115450951168,1.029009255812447,235,53:42
615000,1233.9999999846434,-1489318.9779527737,387993.7406425435,299.8183092757534,1356.6817685398116,1.0264530254574984,235,53:38
620000,1243.999999984407,-1488454.5195757449,388389.9013820697,300.1244385522965,1355.979279116635,1.0269847978856443,235,53:34
625000,1253.9999999841705,-1490706.6638669362,388439.4217576175,300.16270493063263,1346.991173700128,1.033837587870296,236,53:29
630000,1263.999999983934,-1488879.452892542,388512.14227610367,300.2188989889854,1351.20110964148,1.0306164611352457,236,53:25
635000,1273.9999999836975,-1487323.3154376969,388359.3061418498,300.1007963843084,1352.2229860547648,1.0298376231302433,236,53:21
640000,1283.999999983461,-1489135.5009491388,389078.4509319863,300.65650837787337,1353.7247282384958,1.028695182153295,236,53:17
645000,1293.9999999832246,-1489742.5964088477,390844.62571875675,302.02130240155543,1353.1096018479552,1.029162829085591,236,53:12
650000,1303.9999999829881,-1489659.298461671,388579.09226493863,300.27063392786687,1353.9848518889266,1.0284975522126136,236,53:08
655000,1313.9999999827517,-1490350.2980701234,388413.2134150694,300.14245269424686,1353.9285852348748,1.028540294582185,235,53:09
660000,1323.9999999825152,-1489665.7232859945,389441.39483539364,300.9369696742369,1351.7726319927397,1.030180721922027,235,53:04
665000,1333.9999999822787,-1491730.9326669564,388557.84430845466,300.2542147805424,1348.9046596512624,1.0323710396706214,236,53:00
670000,1343.9999999820423,-1488852.2569944914,390458.3531961441,301.722814146416,1352.1390387345918,1.0299015604223403,236,52:56
675000,1353.9999999818058,-1488771.2524557142,388639.04681845085,300.31696321358584,1353.4479144711593,1.028905575908214,236,52:51
680000,1363.9999999815693,-1488479.9514835477,386549.8809114973,298.7025810099399,1354.2093972483897,1.0283270140720293,236,52:47
685000,1373.9999999813328,-1488050.511467482,387497.57610956195,299.4349030611202,1351.9643727595335,1.0300346177453656,236,52:43
690000,1383.9999999810964,-1490587.7868890585,389599.2396707523,301.05894270294294,1353.3100186266338,1.0290104164852985,236,52:38
695000,1393.99999998086,-1488708.3223880082,385936.88335989683,298.2288932406303,1354.8669875614055,1.0278279112897826,236,52:34
700000,1403.9999999806234,-1488299.6102522453,387436.6236904382,299.3878026846614,1353.2766039895926,1.029035824453985,236,52:30
705000,1413.999999980387,-1489046.6294467105,388711.377885074,300.37285632687974,1352.7762113748029,1.0294164653335194,235,52:31
710000,1423.9999999801505,-1487914.6453832015,387262.2525981757,299.25305915508244,1352.6718101295296,1.0294959172449738,236,52:27
715000,1433.999999979914,-1488111.3912579631,387764.6560872543,299.64128646107025,1353.1060079804092,1.0291655625557472,236,52:23
720000,1443.9999999796776,-1488621.2159335548,387550.4543416381,299.47576418973614,1351.7436497258116,1.0302028096697098,236,52:20
725000,1453.999999979441,-1488580.1732740924,389578.0935195689,301.04260222465325,1351.6569782878894,1.0302688687070987,236,52:16
730000,1463.9999999792046,-1489792.9157081041,387366.7077404022,299.3337758287217,1353.153518845548,1.0291294273016411,236,52:11
735000,1473.9999999789682,-1488849.1330556069,389351.87984426745,300.8677978539651,1351.7181308668314,1.0302222586950802,236,52:07
740000,1483.9999999787317,-1490049.6613201313,386901.40814875293,298.9742201909324,1352.9536935895978,1.0292814251506368,236,52:03
745000,1493.9999999784952,-1489327.492923283,388671.6468377666,300.3421545547075,1352.1849387608895,1.0298666003311925,236,51:59
750000,1503.9999999782588,-1489432.0511927446,387921.7237024178,299.7626589005903,1355.0904921887393,1.0276583843868927,236,51:56
755000,1513.9999999780223,-1490597.322601078,389785.11695868085,301.20257753093574,1351.911905935683,1.0300745927205188,235,51:56
760000,1523.9999999777858,-1489279.054103787,388965.2795008772,300.56905627857594,1349.6837785042594,1.0317750928621126,235,51:52
765000,1533.9999999775494,-1488790.388268033,387681.0579981631,299.5766868680755,1354.2134267484755,1.0283239542561173,235,51:48
770000,1543.9999999773129,-1487827.194498104,387539.8802488737,299.4675931645812,1355.0062997977172,1.0277222372387567,235,51:44
775000,1553.9999999770764,-1486831.3884824915,388488.689051584,300.20077574269044,1354.6631567128436,1.0279825645216918,236,51:40
780000,1563.99999997684,-1486810.977820497,388214.55065223365,299.9889380175131,1351.4642976832984,1.0304157559233234,236,51:36
785000,1573.9999999766035,-1490507.8486505896,390677.3136048504,301.8920136273868,1352.6258847883403,1.0295308714416842,236,51:32
790000,1583.999999976367,-1490298.4023813223,390213.902592343,301.53391737037083,1352.35900979126,1.0297340394217256,236,51:28
795000,1593.9999999761305,-1487750.6537380312,387929.68557864876,299.76881136136524,1355.0644664267245,1.0276781218925297,236,51:24
800000,1603.999999975894,-1489108.310394317,389885.88627263095,301.28044601738446,1352.458309883429,1.0296584343666368,236,51:19
805000,1613.9999999756576,-1489532.9513238333,387168.3047993863,299.18046192671846,1352.178453089916,1.0298715400459921,235,51:20
810000,1623.9999999754211,-1490227.4296881603,388363.9498758932,300.10438478366586,1354.6475346742866,1.0279944194011696,235,51:15
815000,1633.9999999751847,-1488832.3184582628,389737.01286785165,301.16540557254854,1354.2346391021529,1.0283078468765077,235,51:11
820000,1643.9999999749482,-1486988.629245611,389513.65458135365,300.9928076751968,1352.2732046464462,1.0297993786431705,235,51:07
825000,1653.9999999747117,-1489489.4717264725,387709.9055379665,299.5989785179261,1352.8242169692119,1.029379936013085,236,51:02
830000,1663.9999999744753,-1486798.0621672925,387828.9833679331,299.6909947282744,1351.8863788965225,1.0300940431380075,236,50:58
835000,1673.9999999742388,-1489544.8331557754,389515.587139023,300.99430103994035,1351.6830025270808,1.0302490327223148,236,50:54
840000,1683.9999999740023,-1489546.3591405796,389285.5021476045,300.8165051481752,1355.0216224229112,1.0277106157248381,236,50:50
845000,1693.9999999737659,-1489918.7823286336,388497.57198411354,300.2076399405716,1353.4552488155261,1.0289000002914201,236,50:45
850000,1703.9999999735294,-1488737.1330435164,389272.48964589305,300.8064498667263,1355.893738349054,1.0270495884112,236,50:41
855000,1713.999999973293,-1490958.2867058031,390252.016537457,301.56336954288525,1352.150793150103,1.0298926073596064,235,50:41
860000,1723.9999999730564,-1490236.0823863307,389044.130187673,300.62998736360123,1352.8235078020475,1.029380475627045,236,50:37
865000,1733.99999997282,-1489496.197332114,386903.5461506115,298.97587231063255,1356.2908463084264,1.0267488788935193,236,50:33
870000,1743.9999999725835,-1490165.4960530326,387947.25452346524,299.78238758896595,1354.3621590695627,1.0282110265524584,236,50:29
875000,1753.999999972347,-1490234.7142707128,390116.56270623324,301.45869894022246,1354.7603891356969,1.0279087852495776,236,50:25
880000,1763.9999999721106,-1488603.6243982045,387857.1584367853,299.7127667328769,1352.1405640905903,1.0299003985856459,236,50:20
885000,1773.999999971874,-1490133.0601946888,387655.56581853935,299.55698803947615,1351.6904259232185,1.0302433746614572,236,50:16
890000,1783.9999999716376,-1490798.037688625,390135.410491779,301.4732633792945,1350.9504934620254,1.0308076518274456,236,50:12
895000,1793.9999999714012,-1489303.169333757,387793.8783765229,299.6638676948478,1355.2928080554018,1.027504977244588,236,50:08
900000,1803.9999999711647,-1489486.1439442597,388615.5475261466,300.298804368868,1354.0202032174777,1.0284706997662498,236,50:04
905000,1813.9999999709282,-1488594.5407579485,388538.9972115607,300.23965087361915,1352.12496408826,1.0299122809552825,236,50:04
910000,1823.9999999706918,-1488941.9159179032,387392.99733468104,299.35409085157534,1350.2009872888793,1.0313798604879667,236,50:00
915000,1833.9999999704553,-1488010.8229121799,388831.3773937052,300.4655847552615,1354.827528980352,1.0278578461929928,236,49:56
920000,1843.9999999702188,-1488041.6701839482,387921.2365973863,299.7622824950155,1352.145018530828,1.0298970057322807,236,49:52
925000,1853.9999999699824,-1490545.8261420317,386346.2202196035,298.54520423316916,1351.4193549715135,1.0304500233608633,236,49:48
930000,1863.9999999697459,-1489563.3010985255,387811.25004673866,299.67729148046027,1350.088230680998,1.0314659992245785,236,49:44
935000,1873.9999999695094,-1486666.2520398274,387598.8651261492,299.5131731426198,1349.9695715798573,1.0315566626224077,236,49:40
940000,1883.999999969273,-1489313.557894648,388918.8731893507,300.5331962622815,1355.1294275901994,1.027628857840612,236,49:35
945000,1893.9999999690365,-1488795.8741801493,388200.32450153877,299.977944900867,1354.2007938460197,1.0283335471586368,236,49:31
950000,1903.9999999688,-1490607.9487768048,389003.49001210846,300.59858307159834,1348.8257890687994,1.032431406032146,236,49:27
955000,1913.9999999685635,-1491493.2151007652,389380.07271830575,300.8895836173483,1353.167980473648,1.0291184287506414,236,49:27
960000,1923.999999968327,-1488497.666129225,389016.79403185204,300.60886362071096,1352.6885131741165,1.0294832049937495,236,49:23
965000,1933.9999999680906,-1489156.3005179586,388926.35155281017,300.53897509336485,1353.3907722521365,1.0289490178681988,236,49:19
970000,1943.9999999678541,-1490069.4657993475,388917.7670354159,300.5323414928154,1353.5690050708658,1.028813529774798,236,49:15
975000,1953.9999999676177,-1490791.3794201836,388737.7079860481,300.3932026508798,1349.2816861159804,1.0320825667688027,236,49:11
980000,1963.9999999673812,-1488987.7384098694,389744.2180576696,301.1709733114137,1352.9052153305922,1.0293183070925145,236,49:07
985000,1973.9999999671447,-1490103.7485346552,389066.67638694425,300.6474097151446,1351.1870407180775,1.0306271921914298,236,49:03
990000,1983.9999999669083,-1490897.4267918887,388863.14838579047,300.49013547382526,1353.670473330409,1.0287364121008018,236,48:59
995000,1993.9999999666718,-1487883.2274518656,388447.2076785333,300.16872142368544,1354.8135544754296,1.027868448245566,236,48:54
1000000,2003.9999999664353,-1487758.7715109317,387891.5533109099,299.73934503022446,1354.0193162141882,1.0284713735061908,236,48:50
1005000,2013.9999999661989,-1491727.683785351,389111.86252632365,300.6823268555319,1351.9461571654213,1.0300484960292153,236,48:50
1010000,2023.9999999659624,-1488703.3195806844,389111.2649501191,300.68186508445535,1353.616615448383,1.0287773436051042,236,48:46
1015000,2033.999999965726,-1488522.7319931295,389691.3341210314,301.1301077746542,1355.1245732433288,1.0276325390275884,236,48:42
1020000,2043.9999999654895,-1487230.13739199,389927.7772575284,301.3128168598755,1353.7455098816279,1.0286793904287712,236,48:37
1025000,2053.999999965253,-1490172.2809799649,388102.2618745808,299.9021679799069,1353.3886722114944,1.0289506144788405,236,48:33
1030000,2063.9999999650167,-1489939.1858760798,389455.03725485166,300.9475117183677,1351.2468993461673,1.0305815366344575,236,48:29
1035000,2073.9999999647803,-1486707.3266018098,389085.1125443077,300.6616560726273,1352.6213036005151,1.0295343583557832,236,48:25
1040000,2083.999999964544,-1489775.9693148956,388209.49594942166,299.9850320461217,1352.272339509224,1.0298000374733098,236,48:21
1045000,2093.9999999643073,-1488836.8705415754,387156.5851955677,299.1714057192744,1353.648922011179,1.0287527905180267,236,48:17
1050000,2103.999999964071,-1488675.4190940717,387438.9743053528,299.38961909898876,1354.0071477877316,1.0284806163512463,236,48:13
1055000,2113.9999999638344,-1485747.162427159,388377.5249182808,300.11487476283475,1355.0755344721579,1.0276697279780544,236,48:12
1060000,2123.999999963598,-1488846.7371282894,389038.48204513267,300.6256228175542,1354.1493134919306,1.02837264105663,236,48:08
1065000,2133.9999999633615,-1490278.9269682933,388565.4563932484,300.26009694345856,1353.6411844593206,1.0287586709745005,236,48:04
1070000,2143.999999963125,-1485769.8019829886,388125.50057205465,299.92012545255795,1352.5035964458095,1.0296239577922002,236,48:00
1075000,2153.9999999628885,-1489617.342051425,387781.18171166093,299.6540564731872,1353.2077089837653,1.0290882151022582,236,47:56
1080000,2163.999999962652,-1487037.7824022863,388607.5748367878,300.2926435523559,1354.2690737044338,1.028281700394677,236,47:52
1085000,2173.9999999624156,-1490945.6773639768,389483.3110616668,300.9693600217503,1350.4461258963709,1.0311926401183817,236,47:48
1090000,2183.999999962179,-1489015.9270344516,387130.9393200455,299.15158812369606,1352.8755519391866,1.0293408761098795,236,47:44
1095000,2193.9999999619426,-1490830.5787439523,389149.4336625385,300.711359577861,1352.021761710922,1.0299908961069424,236,47:40
1100000,2203.999999961706,-1490850.7916346397,388799.4580709267,300.44091941562783,1355.031145521497,1.0277033930203685,236,47:36
1105000,2213.9999999614697,-1488885.6357200984,389821.18901195773,301.2304518518144,1351.6114395736734,1.0303035806947336,236,47:34
1110000,2223.9999999612332,-1487269.1029539136,389100.98132288444,300.67391851365346,1356.2845950983021,1.026753611250585,236,47:30
1115000,2233.999999960997,-1488181.811779026,388847.5510536258,300.47808279031784,1353.8892372827297,1.0285701869494304,236,47:26
1120000,2243.9999999607603,-1487485.099633879,388515.5375665346,300.2215226659417,1354.95924769948,1.0277579257568792,236,47:23
1125000,2253.999999960524,-1489954.4388497146,388497.39503293065,300.2075032033026,1350.955339007517,1.0308039545731944,236,47:19
1130000,2263.9999999602874,-1488808.998699069,388737.21653162723,300.39282288435754,1352.5991551673474,1.0295512166931868,236,47:15
1135000,2273.999999960051,-1490285.9354002336,389209.19457509666,300.75753922945614,1352.2712723234347,1.0298008501711673,236,47:10
1140000,2283.9999999598144,-1488774.8727167156,389010.93471458694,300.60433589149295,1356.2197386198345,1.0268027121606982,236,47:07
1145000,2293.999999959578,-1487926.6848768154,388531.0003892346,300.2334714085963,1352.17439339255,1.0298746320782026,236,47:03
1150000,2303.9999999593415,-1490733.7161042318,386250.72865934443,298.47141407846317,1352.702057320445,1.0294728971280258,236,46:59
1155000,2313.999999959105,-1489038.0025036605,387481.71886273124,299.4226495311363,1352.3991050589093,1.029703510370232,236,46:58
1160000,2323.9999999588686,-1491090.8867472038,388849.0434286322,300.4792360082808,1353.888491012495,1.0285707539025584,236,46:54
1165000,2333.999999958632,-1489171.7300030664,390150.7515484629,301.4851180284697,1355.960387596,1.0269991060503065,236,46:50
1170000,2343.9999999583956,-1490259.8196936604,387250.6995982465,299.24413168913907,1352.8756986758733,1.0293407644646857,236,46:46
1175000,2353.999999958159,-1489192.3435638836,387520.5345287559,299.4526439515144,1353.477203421794,1.0288833106166049,236,46:42
1180000,2363.9999999579227,-1487954.106404001,387380.3382012646,299.3443086319665,1354.3741308629728,1.0282019378304343,236,46:38
1185000,2373.999999957686,-1490439.6388838422,386262.0324031018,298.48014893417553,1353.482787385288,1.0288790658290834,236,46:34
1190000,2383.9999999574497,-1488429.6372015802,386287.4618952022,298.4997993216139,1352.7882142909252,1.029407331605595,236,46:30
1195000,2393.9999999572133,-1488355.9328664541,388275.8302848472,300.0362912449461,1355.2038992248838,1.0275723872232123,236,46:26
1200000,2403.999999956977,-1489419.6202882929,388966.60080753476,300.57007730517154,1352.4697400160314,1.0296497324104363,236,46:22
1205000,2413.9999999567403,-1489325.0038194144,388909.69765448535,300.52610595885164,1355.7331429444587,1.0271712491119425,236,46:23
1210000,2423.999999956504,-1489180.2527178442,387106.5327756839,299.1327282089623,1354.94985734284,1.027765048539623,236,46:19
1215000,2433.9999999562674,-1489731.165101952,390188.91819252365,301.51461092357175,1352.474690132856,1.0296459638471493,236,46:15
1220000,2443.999999956031,-1488898.8803478833,388827.7622734142,300.46279120696437,1355.6350665206046,1.0272455620928371,236,46:11
1225000,2453.9999999557945,-1488684.9052057508,387287.32985802594,299.2724373585481,1353.9645622257988,1.0285129646314053,236,46:08
1230000,2463.999999955558,-1489786.409711428,386936.83668167156,299.00159723784606,1353.020451137649,1.0292306407710363,236,46:04
1235000,2473.9999999553215,-1489455.2224184796,388442.2070479341,300.16485723605945,1352.655491712368,1.0295083370694944,236,46:00
1240000,2483.999999955085,-1488800.2060662825,390108.16290691367,301.4522080787305,1354.1576934050195,1.0283662771941369,236,45:56
1245000,2493.9999999548486,-1488250.901916761,386596.14905458555,298.73833425794606,1354.5651605322187,1.0280569340448473,236,45:52
1250000,2503.999999954612,-1488564.1646023802,387080.87384608283,299.1129005259742,1354.150601443791,1.0283716629568125,236,45:48
1255000,2513.9999999543757,-1489452.9164941823,388668.16587333067,300.33946467401483,1354.8970588234843,1.0278050991637315,236,45:47
1260000,2523.999999954139,-1488890.1847017994,389383.3271339187,300.89209843468825,1351.0626049473915,1.0307221151716681,236,45:43
1265000,2533.9999999539027,-1492291.3710945975,389324.79885431915,300.84687128796855,1351.8260248538966,1.0301400330351136,236,45:39
1270000,2543.9999999536662,-1488868.5635826979,388965.7038855614,300.56938421762544,1353.177175731526,1.0291114355722837,236,45:35
1275000,2553.99999995343,-1488377.9942126665,388479.6450633114,300.1937870905836,1356.5108582586145,1.0265823509060554,236,45:31
1280000,2563.9999999531933,-1489057.8546634344,388456.64146204956,300.1760112861952,1351.9325644649948,1.0300588524190228,236,45:27
1285000,2573.999999952957,-1488609.1334894411,389986.11879526085,301.3578997036722,1350.177267482829,1.031397979686715,236,45:23
1290000,2583.9999999527204,-1485626.091385834,387325.1291742198,299.30164640468956,1354.407833429092,1.0281763524469643,236,45:19
1295000,2593.999999952484,-1489917.7010994675,390092.7000996002,301.4402593479657,1354.6100615112384,1.0280228572546786,236,45:15
1300000,2603.9999999522474,-1489764.4752244,389118.4577982271,300.6874232863868,1351.920285539388,1.0300682080120669,236,45:11
1305000,2613.999999952011,-1490290.9606733378,389182.8958990884,300.7372171887863,1354.8358238534643,1.0278515532161896,236,45:10
1310000,2623.9999999517745,-1490873.3076599082,387415.19951545494,299.3712473662419,1356.59338324951,1.026519901317101,236,45:06
1315000,2633.999999951538,-1491741.0375144817,388913.46626687376,300.52901811664253,1351.7710730557744,1.0301819099832603,236,45:02
1320000,2643.9999999513016,-1489518.7900070501,387926.7431618128,299.76653763798123,1353.477347974998,1.0288832007304811,236,44:58
1325000,2653.999999951065,-1490561.1292978823,387729.3454372729,299.6140005070254,1354.2826561518323,1.0282713874943064,236,44:54
1330000,2663.9999999508286,-1489384.2606807612,389603.8080573227,301.062472878289,1355.80050596152,1.0271202140562137,236,44:50
1335000,2673.999999950592,-1490656.2604856016,388358.01470347703,300.0997984381333,1353.2172633054963,1.0290809492772033,236,44:46
1340000,2683.9999999503557,-1494001.5290048271,387531.3958503893,299.461036929925,1349.4008795041038,1.0319914022973513,236,44:42
1345000,2693.999999950119,-1488996.979450617,389248.9566916133,300.78826501005125,1351.962111471508,1.0300363405783706,236,44:38
1350000,2703.9999999498827,-1491148.479532767,389293.7468585946,300.822876166701,1352.083996910784,1.0299434865603299,236,44:34
1355000,2713.9999999496463,-1490668.466693419,388048.8064635913,299.86086084201855,1354.674592259795,1.027973886760295,236,44:32
1360000,2723.99999994941,-1491508.8316396046,388463.81861510687,300.18155735993207,1353.1297352015558,1.0291475160682124,236,44:28
1365000,2733.9999999491733,-1487898.0488585029,388754.9197750805,300.40650288989593,1353.9126510013543,1.0285523994999042,236,44:24
1370000,2743.999999948937,-1489983.0080314474,387747.90665080596,299.62834350042107,1354.0832426708484,1.0284228192307865,236,44:20
1375000,2753.9999999487004,-1490684.5580797,388273.21724506543,300.03427204440914,1353.4669641785376,1.0288910943208094,236,44:16
1380000,2763.999999948464,-1490039.6704426166,387553.8008425596,299.4783501650836,1353.2124572220214,1.0290846041718344,236,44:12
1385000,2773.9999999482275,-1487068.0785158714,388574.79590456985,300.2673139580661,1353.8988829438808,1.0285628590465727,236,44:09
1390000,2783.999999947991,-1490180.2077027718,388478.31317292247,300.19275788551477,1352.061540025028,1.0299605932692542,236,44:05
1395000,2793.9999999477545,-1490231.516493719,387658.0538056947,299.55891060683814,1350.187004169234,1.0313905419031666,236,44:01
1400000,2803.999999947518,-1492137.3712061616,388051.15580879676,299.8626762751909,1351.4884704133303,1.030397325901585,236,43:57
1405000,2813.9999999472816,-1488254.1515374528,389704.0458387139,301.1399306282323,1354.5402851690487,1.0280758137266655,236,43:55
1410000,2823.999999947045,-1487244.2382827671,387817.1508704866,299.68185128340076,1354.8150159734923,1.0278673394390292,236,43:51
1415000,2833.9999999468087,-1488942.5382871842,389785.25225254154,301.20268207792276,1354.9767142108035,1.0277446773037806,236,43:47
1420000,2843.999999946572,-1490595.170008774,389387.91682621464,300.8956450738221,1351.5493278648064,1.0303509292559214,236,43:43
1425000,2853.9999999463357,-1488614.9468981484,388194.45858714305,299.97341207378173,1354.6794337905326,1.0279702128526191,236,43:39
1430000,2863.9999999460993,-1488548.241454361,390431.8428068532,301.70232850640986,1354.5322663899187,1.028081899896101,236,43:36
1435000,2873.999999945863,-1490219.2599675888,389370.46374873805,300.8821583815574,1351.3488026958332,1.0305038219019789,236,43:32
1440000,2883.9999999456263,-1489510.7646320863,386986.3991486367,299.03989614190675,1352.1728619805842,1.0298757984692604,236,43:28
1445000,2893.99999994539,-1491456.445669814,387277.51298923534,299.26485147069764,1353.7099927002298,1.028706379808112,236,43:24
1450000,2903.9999999451534,-1489081.2759782095,386946.3193064945,299.0089248419904,1353.6579486698115,1.0287459304391815,236,43:20
1455000,2913.999999944917,-1491486.2419659086,388751.5668630415,300.4039119604211,1352.0889465400335,1.0299397162178392,236,43:18
1460000,2923.9999999446804,-1490321.1035598982,388530.3799451812,300.2329919666167,1350.6815974112828,1.031012866814592,236,43:14
1465000,2933.999999944444,-1490383.61948884,388248.87790819915,300.0154640635998,1352.9210081245676,1.0293062917480404,236,43:10
1470000,2943.9999999442075,-1489168.520931269,389137.9269829978,300.7024679055378,1350.7245850107295,1.0309800542274556,236,43:06
1475000,2953.999999943971,-1488621.4528608052,389538.08620038594,301.0116869661333,1352.2133760384638,1.0298449420612057,236,43:03
1480000,2963.9999999437346,-1487726.0417935262,388965.83666533476,300.56948682187647,1354.0653581315805,1.0284364026728148,236,42:59
1485000,2973.999999943498,-1493389.3834912647,389621.567095383,301.07619599855576,1349.391443635012,1.0319986186879857,236,42:55
1490000,2983.9999999432616,-1489543.6410034485,387730.3854809681,299.6148041904605,1355.378883649238,1.0274397238293598,236,42:51
1495000,2993.999999943025,-1489561.3880118458,388342.4972730852,300.0878074979272,1352.183236984674,1.0298678964591417,236,42:47
1500000,3003.9999999427887,-1490300.5951565653,388005.7483855748,299.8275881399121,1353.2140032883678,1.0290834284279606,236,42:43
1505000,3013.999999942552,-1490387.0851730695,387897.99263449165,299.74432095356275,1354.1337745806786,1.0283844418044612,236,42:41
1510000,3023.9999999423158,-1489007.0975550348,389013.54446127324,300.60635254732307,1351.802479370596,1.030157975852437,236,42:37
1515000,3033.9999999420793,-1487482.5495094284,390780.3605314791,301.9716421164102,1352.235973183463,1.0298277323759555,236,42:34
1520000,3043.999999941843,-1491332.1761741713,388787.5865415648,300.43174580922914,1352.768588750605,1.0294222659227135,236,42:30
1525000,3053.9999999416063,-1489879.966743499,389114.5817488225,300.6844281077088,1348.4819660629962,1.0326946454956618,236,42:26
1530000,3063.99999994137,-1489024.3762655575,389387.96765039535,300.89568434770297,1353.7876154200264,1.0286473964150278,236,42:22
1535000,3073.9999999411334,-1488060.2103360584,388060.11615680536,299.86960029511454,1352.1510864087604,1.0298923839933518,236,42:18
1540000,3083.999999940897,-1489979.7313585142,388485.7596378566,300.19851206732943,1350.9658678232624,1.0307959209543107,236,42:14
1545000,3093.9999999406605,-1491160.7928993609,387631.9423101962,299.538733208048,1351.8830137418252,1.0300966072842928,236,42:10
1550000,3103.999999940424,-1491003.5080514103,388122.3852002652,299.9177180799516,1352.851851615168,1.0293589089138855,236,42:07
1555000,3113.9999999401875,-1491778.406801681,388676.20599493646,300.34567759812603,1350.8363175568572,1.030894778147024,236,42:05
1560000,3123.999999939951,-1487717.8966606716,388906.38412139984,300.523545459072,1350.9654726446906,1.030796222478271,236,42:01
1565000,3133.9999999397146,-1490419.7205887213,389170.739318159,300.72782331162017,1355.7675990971036,1.0271451440705064,236,41:57
1570000,3143.999999939478,-1490612.4362700842,387386.3418579428,299.34894789803235,1352.0520161663585,1.029967848314924,236,41:53
1575000,3153.9999999392417,-1491797.929961403,388889.20587733627,300.51027114159734,1351.9637107453402,1.030035122120987,236,41:49
1580000,3163.999999939005,-1490486.8802669654,388324.3335195491,300.07377163779637,1352.5615828110447,1.0295798162524505,236,41:45
1585000,3173.9999999387687,-1488510.5971791921,388412.3238345764,300.1417652797568,1353.0761521312559,1.029188271264153,236,41:42
1590000,3183.9999999385323,-1489626.7393808197,388448.8095830809,300.1699592795135,1352.209812735954,1.0298476558775322,236,41:38
1595000,3193.999999938296,-1489722.5297945132,388912.2988027624,300.52811597034645,1353.1366817964215,1.0291422327358282,236,41:34
1600000,3203.9999999380593,-1488371.738761561,389948.9060454053,301.3291439208425,1349.5493522337213,1.0318778661897705,236,41:30
1605000,3213.999999937823,-1491005.8801287552,387039.3593094565,299.0808205801455,1352.1473005071252,1.0298952676076292,236,41:28
1610000,3223.9999999375864,-1488831.6465428546,388865.9577554555,300.49230638632946,1351.914728144952,1.0300724423733092,236,41:24
1615000,3233.99999993735,-1489292.654197028,388639.77899755264,300.3175289977143,1350.213186500314,1.0313705419439667,236,41:20
1620000,3243.9999999371134,-1490484.029480747,389030.47406572034,300.61943473100376,1349.9217288685738,1.0315932221254713,236,41:16
1625000,3253.999999936877,-1490706.2315136446,389592.1042228921,301.0534288564828,1350.7667130497196,1.0309478997721355,236,41:13
1630000,3263.9999999366405,-1488421.6381463455,386830.60297281615,298.9195061945102,1350.952137609879,1.0308063973046975,236,41:09
1635000,3273.999999936404,-1488522.7542231902,389349.45604579494,300.86592488777023,1351.1148643332501,1.0306822481654263,236,41:05
1640000,3283.9999999361676,-1491009.6612276677,387305.4338254755,299.2864270195744,1350.7620654279785,1.030951446996325,236,41:01
1645000,3293.999999935931,-1489227.7466793219,388523.1942724648,300.2274393093978,1353.2431088710114,1.0290612948788764,236,40:57
1650000,3303.9999999356946,-1488763.1139805317,387995.5370042693,299.8196973964344,1352.6379629757623,1.0295216783928698,236,40:53
1655000,3313.999999935458,-1489941.7391252527,387612.2206878109,299.5234935202377,1352.8833281544482,1.0293349595788206,236,40:51
1660000,3323.9999999352217,-1490164.2401153892,388750.46448297,300.40306010717046,1349.9975724761168,1.031535266649789,236,40:47
1665000,3333.999999934985,-1492432.0146387396,389579.00756502704,301.04330854420215,1350.327664266964,1.0312831046505198,236,40:44
1670000,3343.9999999347488,-1488634.9742495492,389584.26600621606,301.0473719524007,1354.1615003159725,1.0283633861808836,236,40:40
1675000,3353.9999999345123,-1492099.9553646669,388162.051943806,299.94837016202683,1354.749221913485,1.0279172583201892,236,40:36
1680000,3363.999999934276,-1488713.7138515562,388433.0475618179,300.15777933414114,1354.994622561467,1.0277310940675322,236,40:32
1685000,3373.9999999340394,-1490600.0828754194,387610.8391090245,299.5224259189533,1354.744574676235,1.0279207844279605,236,40:28
1690000,3383.999999933803,-1491996.4545062408,388373.6156064903,300.1118538809785,1349.3172683635185,1.032055350176952,236,40:24
1695000,3393.9999999335664,-1489734.8024717132,388285.45601417485,300.04372943167505,1349.7862150784113,1.0316967904579042,236,40:20
1700000,3403.99999993333,-1488953.3589687115,390905.9988513747,302.0687278801882,1352.7818499603268,1.0294121745805205,236,40:17
1705000,3413.9999999330935,-1489188.793473119,388771.05479281885,300.4189710645898,1352.406224078976,1.0296980900462032,236,40:14
1710000,3423.999999932857,-1488149.483507975,389027.06135570793,300.61679759323897,1353.8863394637124,1.028572388471199,236,40:11
1715000,3433.9999999326205,-1489660.0896668201,387161.2359905379,299.17499957489287,1352.3689281291975,1.0297264873033825,236,40:07
1720000,3443.999999932384,-1490208.2340475721,386933.7037066794,298.9991762625396,1353.701719800297,1.0287126665585946,236,40:03
1725000,3453.9999999321476,-1488697.9246637588,387796.04632403655,299.6655429547555,1349.8656083178812,1.0316361105281093,236,39:59
1730000,3463.999999931911,-1490847.8795855846,388213.58822939324,299.9881943148225,1351.118528874202,1.030679452720596,236,39:55
1735000,3473.9999999316747,-1488446.7214128766,387983.66192762845,299.81052104891114,1352.5321096529115,1.029602251925895,236,39:51
1740000,3483.999999931438,-1490334.9261135645,387948.9285620995,299.783681185693,1351.7239083700954,1.0302178553458274,236,39:47
1745000,3493.9999999312017,-1489961.0644699512,389666.9872918677,301.1112940042465,1352.2733741591412,1.0297992495538375,236,39:43
1750000,3503.9999999309653,-1491792.4921398945,387817.03737602767,299.68176358168483,1352.515821407719,1.0296146513475244,236,39:40
1755000,3513.999999930729,-1489947.5394285237,388661.76602832234,300.3345192573521,1351.9752630571418,1.0300263207122464,236,39:38
1760000,3523.9999999304923,-1488473.4482031176,388213.442224792,299.98808149121714,1352.5135096883,1.0296164111674202,236,39:34
1765000,3533.999999930256,-1490036.8622013107,388717.689262015,300.3777333807222,1350.0830693459493,1.0314699424942444,236,39:30
1770000,3543.9999999300194,-1490944.1937690182,389143.98302973865,300.7071476555042,1353.2082856704767,1.029087776543387,236,39:26
1775000,3553.999999929783,-1489887.8952944307,390051.1396769242,301.4081439441479,1353.1301764046161,1.0291471805032821,236,39:22
1780000,3563.9999999295464,-1491440.9602944404,388054.8859754541,299.86555872442494,1350.9804415248136,1.030784801243284,236,39:18
1785000,3573.99999992931,-1490020.5761099607,388105.7756546665,299.90488321856697,1352.085455911238,1.0299423751749452,236,39:15
1790000,3583.9999999290735,-1489899.1937433612,388538.6295427271,300.2393667611799,1352.8370070510236,1.0293702039806758,236,39:11
1795000,3593.999999928837,-1486421.6512536416,389315.0182729643,300.8393134408737,1353.6384650981465,1.0287607376758092,236,39:07
1800000,3603.9999999286006,-1487430.6567267608,387276.7883715728,299.2642915295963,1352.350008343684,1.0297408934882881,236,39:03
1805000,3613.999999928364,-1490095.7647621725,391360.8594521729,302.4202168914841,1354.374114310529,1.0282019503965745,236,39:01
1810000,3623.9999999281276,-1492584.9319777284,388953.69371030113,300.5601034739859,1354.1703863409539,1.0283566380915503,236,38:57
1815000,3633.999999927891,-1489459.898131582,389422.7666955333,300.92257496418654,1352.9541413177403,1.029281084534317,236,38:53
1820000,3643.9999999276547,-1489979.467164889,389387.53082863975,300.8953467980301,1352.7559417843245,1.029431890030273,236,38:49
1825000,3653.9999999274182,-1489213.9000376742,387632.9685415256,299.5395262181146,1352.4196875261648,1.029687839318575,236,38:45
1830000,3663.9999999271818,-1492015.3159146914,388555.15540870884,300.25213695997166,1350.6711693323819,1.0310208269189958,236,38:42
1835000,3673.9999999269453,-1491543.9304431854,388350.27698713675,300.09381919468734,1349.4783160874013,1.0319321839407214,236,38:38
1840000,3683.999999926709,-1491588.5099656796,387728.2445523292,299.6131498091199,1352.1849445256014,1.0298665959406066,236,38:34
1845000,3693.9999999264724,-1491738.0587098673,388135.1612838598,299.92759067164894,1352.5483217167964,1.029589910793814,236,38:30
1850000,3703.999999926236,-1492182.1237975853,387477.8035316682,299.4196239979469,1348.8779096438197,1.0323915129342112,236,38:26
1855000,3713.9999999259994,-1488916.7303409334,387346.906647354,299.31847473074595,1353.1297455150589,1.0291475082240895,236,38:24
1860000,3723.999999925763,-1490270.1561313374,388234.6210004115,300.0044471797158,1353.3884395221278,1.0289507913873022,236,38:20
1865000,3733.9999999255265,-1489805.9979386134,387453.57545322424,299.40090199097835,1353.6405499841294,1.0287591531718272,236,38:16
1870000,3743.99999992529,-1488971.8237503488,390128.64223950513,301.46803327957656,1352.7599766245278,1.0294288195719152,236,38:12
1875000,3753.9999999250535,-1488063.8105218904,388276.062601283,300.0364707651644,1354.3361632858332,1.02823076253249,236,38:09
1880000,3763.999999924817,-1490960.196097292,388450.1818360187,300.171019674341,1354.0565139859177,1.0284431200005306,236,38:05
1885000,3773.9999999245806,-1489528.802692663,388391.77485572104,300.1258862604521,1353.808539902493,1.02863149762744,236,38:01
1890000,3783.999999924344,-1490597.7722542938,388824.37439427985,300.46017325701393,1353.0193051103133,1.029231512544591,236,37:57
1895000,3793.9999999241077,-1489522.4980562562,389311.7145819261,300.8367605464383,1349.3167256879465,1.0320557652546107,236,37:54
1900000,3803.999999923871,-1488629.448409928,390303.4430248291,301.6031088502007,1355.9392911604418,1.0270150846568713,236,37:50
1905000,3813.9999999236347,-1490835.7726448197,389573.73330287565,301.03923291051206,1351.7455075911664,1.030201393738902,236,37:47
1910000,3823.9999999233983,-1489838.23884702,387407.974588822,299.36566437594894,1353.164506723871,1.029121070631872,236,37:44
1915000,3833.999999923162,-1488991.7336458974,389315.3366096979,300.8395594324226,1353.2961278948135,1.0290209786286764,236,37:40
1920000,3843.9999999229253,-1490790.417366079,388085.52230391884,299.8892326429461,1351.9429762604855,1.0300509195680794,236,37:36
1925000,3853.999999922689,-1488250.0585876629,389147.64540887123,300.70997772260176,1351.5510556943873,1.0303496120501772,236,37:32
1930000,3863.9999999224524,-1489734.1349626668,388350.72789322597,300.0941676278891,1356.0448534990453,1.0269351358898098,236,37:28
1935000,3873.999999922216,-1490970.1516788146,387423.22591966146,299.377449690369,1352.272741010562,1.0297997317168743,236,37:25
1940000,3883.9999999219795,-1489735.0802826397,388309.5316356714,300.06233362905175,1352.5599196483856,1.0295810822656453,236,37:21
1945000,3893.999999921743,-1486566.8832462607,385971.89822544507,298.25595063019233,1354.4544378219075,1.0281409747086845,236,37:17
1950000,3903.9999999215065,-1487337.724953088,386746.4413170088,298.8544711109333,1355.2089512833172,1.027568556555078,236,37:13
1955000,3913.99999992127,-1489138.2371144295,389294.1731154136,300.82320555242404,1354.9069398422725,1.0277976036220104,236,37:11
1960000,3923.9999999210336,-1490226.36679608,388956.12806067907,300.5619845940609,1351.0786628771361,1.0307098647648143,236,37:07
1965000,3933.999999920797,-1491447.6663618293,386490.8415995567,298.6569589680545,1352.4919210911478,1.0296328459967712,236,37:03
1970000,3943.9999999205606,-1490438.057695251,386811.2156575303,298.90452483919046,1351.9476019250292,1.0300473952672782,236,36:59
1975000,3953.999999920324,-1487886.0033969218,388566.8178916061,300.2611490277912,1349.3024797736348,1.0320666616831113,236,36:56
1980000,3963.9999999200877,-1491843.6973889237,391006.1232908175,302.1460980462666,1352.570054205392,1.0295733678052088,236,36:52
1985000,3973.9999999198512,-1490974.1254297746,389362.8709546197,300.87629112531897,1353.6948599271032,1.028717879578644,236,36:48
1990000,3983.9999999196148,-1491106.0162131237,389780.2476007288,301.19881478294394,1352.310174443868,1.029771225727417,236,36:44
1995000,3993.9999999193783,-1490061.9571147421,387224.52189639193,299.2239031300449,1351.060883943913,1.0307234281223772,236,36:41
2000000,4003.999999919142,-1490316.9923027623,388333.79945280583,300.08108634369876,1353.240394330225,1.0290633591306297,236,36:37
2005000,4013.9999999189054,-1490640.3131796792,388750.83165067696,300.40334383236905,1351.568210758028,1.0303365341211268,236,36:34
2010000,4023.999999918669,-1491793.400216069,389480.69631911,300.96733950541085,1352.4674801450647,1.0296514528773388,236,36:31
2015000,4033.9999999184324,-1488825.2288458198,387839.5645121598,299.6991712023768,1354.4688467042597,1.0281300373125368,236,36:27
2020000,4043.999999918196,-1491175.527480184,388980.6133738521,300.5809053766114,1354.176680058742,1.0283518586661171,236,36:23
2025000,4053.9999999179595,-1488720.1169084338,388419.3555507753,300.14719896860595,1351.4719864574365,1.0304098936974724,236,36:19
2030000,4063.999999917723,-1491253.849956383,387859.90191866574,299.71488673125,1353.0409899656288,1.0292150173041648,236,36:15
2035000,4073.9999999174865,-1488925.63388043,388585.11315061024,300.2752865074662,1354.295869162792,1.0282613552986672,236,36:12
2040000,4083.99999991725,-1490388.9621933326,388363.8754172398,300.10432724648103,1352.825721446248,1.0293787912399996,236,36:08
2045000,4093.9999999170136,-1488559.709505964,388218.6894640058,299.99213624320066,1357.4710324570322,1.0258562227881634,236,36:04
2050000,4103.999999918596,-1491800.1341555752,388447.19800788444,300.1687139507876,1353.685147161326,1.0287252606863084,236,36:00
2055000,4113.999999920633,-1491129.1411001496,389504.4452229263,300.9856912349454,1351.859540765269,1.03011449333886,236,35:58
2060000,4123.99999992267,-1491399.3957258463,389558.29425181716,301.02730253715725,1352.6484781545555,1.0295136751276501,236,35:54
2065000,4133.9999999247075,-1490193.8719668658,390141.50714733446,301.4779745093191,1353.4603774027296,1.0288961015416207,236,35:50
2070000,4143.999999926745,-1488775.0162554756,388916.77576091577,300.5315754952914,1353.1815152189797,1.0291081353379006,236,35:47
2075000,4153.999999928782,-1488738.1691861264,387015.73170768033,299.0625625855577,1352.2580490554647,1.0298109202407129,236,35:43
2080000,4163.999999930819,-1490821.0901463628,389182.26120988035,300.73672673900495,1351.4570681733471,1.0304212680488187,236,35:39
2085000,4173.999999932857,-1490046.8573403042,390445.0012821537,301.7124965874998,1351.785440610604,1.0301709606161262,236,35:35
2090000,4183.999999934894,-1492433.4729549857,387176.1349479708,299.186512596263,1350.611863620343,1.0310660993069514,236,35:31
2095000,4193.999999936931,-1490597.8819660228,387394.3193278313,299.35511240865134,1354.2546144005137,1.0282926793032687,236,35:28
2100000,4203.999999938968,-1489780.3946400257,387690.9623184927,299.5843403332341,1352.2143892957579,1.029844170365602,236,35:24
2105000,4213.999999941006,-1491505.5403401125,388071.7063693173,299.8785565167116,1349.8620942634657,1.0316387961546225,236,35:21
2110000,4223.999999943043,-1489439.1115055261,386779.34617179463,298.8798980106366,1351.3448851696253,1.0305068093153134,236,35:17
2115000,4233.99999994508,-1488991.7233171286,389045.6268715275,300.63114391118376,1352.2027868854775,1.0298530068172833,236,35:14
2120000,4243.999999947117,-1490617.3295979453,386772.75158325164,298.8748021078418,1352.6981338261353,1.02947588310912,236,35:10
2125000,4253.999999949155,-1489716.769484791,389004.6474400352,300.5994774625324,1350.2184511790388,1.0313665204950342,236,35:06
2130000,4263.999999951192,-1489908.217196392,390164.3773816967,301.4956472557605,1349.3332072087921,1.032043159140333,236,35:02
2135000,4273.999999953229,-1488579.8333582925,386298.2024690964,298.5080989934083,1351.7315644849964,1.0302120202625304,236,34:59
2140000,4283.9999999552665,-1491355.3161551002,388480.8955067362,300.1947533583199,1352.2893768243973,1.029787063158711,236,34:55
2145000,4293.999999957304,-1489654.591499784,388281.32242339104,300.0405352404544,1351.302467909799,1.030539156829006,236,34:51
2150000,4303.999999959341,-1487554.9778999044,389350.63344470295,300.8668347110817,1352.8511055410347,1.0293594765876324,236,34:47
2155000,4313.999999961378,-1491299.9918976994,389503.7796881785,300.98517694957957,1349.8100969819504,1.0316785368655754,236,34:45
2160000,4323.999999963416,-1489837.6810915694,388868.6912380882,300.4944186578831,1353.758643122113,1.0286694108848657,236,34:41
2165000,4333.999999965453,-1492525.6777330814,388555.03237300465,300.2520418853533,1348.6563056114271,1.0325611500176712,236,34:37
2170000,4343.99999996749,-1491085.6589085488,387106.50308709475,299.1327052673999,1351.127198499357,1.0306728392762659,236,34:34
2175000,4353.999999969527,-1490885.5835264614,388629.06470260036,300.3092496327112,1351.9843715476297,1.0300193812940535,236,34:30
2180000,4363.999999971565,-1488633.4870218243,388819.89046133775,300.4567083423702,1353.3443453428774,1.028984316292321,236,34:26
2185000,4373.999999973602,-1490065.485350294,389649.81176539883,301.0980217867661,1352.6047905137352,1.0295469272822881,236,34:22
2190000,4383.999999975639,-1491389.1741975872,388799.4096633151,300.44088200912677,1353.0352644738277,1.0292193725211338,236,34:19
2195000,4393.999999977676,-1490656.8806555858,389695.1181997388,301.13303188388943,1351.9863439113592,1.0300178786362215,236,34:15
2200000,4403.999999979714,-1489170.0480508907,386065.51906840963,298.3282952066902,1354.1292403565255,1.0283878852908255,236,34:11
2205000,4413.999999981751,-1491958.0893602548,387400.99761749996,299.36027299065967,1352.288423269837,1.0297877893042084,236,34:08
2210000,4423.999999983788,-1491269.1299280385,389365.97037572926,300.87868617219596,1352.0669769499611,1.0299564515968922,236,34:05
2215000,4433.9999999858255,-1491466.6499495516,389429.6212004283,300.92787171476084,1351.493396019854,1.0303935705507967,236,34:01
2220000,4443.999999987863,-1491839.1135661798,388061.27596503834,299.87049652540657,1352.115719766277,1.029919322394562,236,33:57
2225000,4453.9999999899,-1490665.5767128747,387735.58963058563,299.61882564538644,1350.3405641493794,1.0312732527426822,236,33:53
2230000,4463.999999991937,-1491189.4009901565,388490.1570450954,300.20191012009536,1352.5941150570786,1.0295550530633155,236,33:49
2235000,4473.999999993975,-1488990.568450302,391559.23319056234,302.57350822744775,1352.9432909393756,1.02928933919605,236,33:46
2240000,4483.999999996012,-1489777.5281795012,387028.0662378363,299.0720939712212,1354.1676010936108,1.0283587532120064,236,33:42
2245000,4493.999999998049,-1492171.7576431604,387779.3523584611,299.6526428586724,1353.49473752956,1.02886998174997,236,33:38
2250000,4504.000000000086,-1490154.6577662127,388655.52513865795,300.3296966718525,1353.1022612894178,1.029168412277791,236,33:34
2255000,4514.000000002124,-1489705.3238307526,389111.1367172897,300.68176599381013,1354.4798537230529,1.0281216823365573,236,33:32
2260000,4524.000000004161,-1491688.1280054906,387377.5946046518,299.3421885449351,1355.0441741982459,1.0276935117075994,236,33:28
2265000,4534.000000006198,-1492350.1063898373,388985.1404942189,300.58440366390846,1349.8353840592329,1.0316592099645323,236,33:24
2270000,4544.0000000082355,-1489757.856982409,388428.4063393425,300.1541928755729,1353.9568619030185,1.028518814065781,236,33:20
2275000,4554.000000010273,-1490740.3014465608,389207.5359214766,300.75625752134613,1351.7245037515884,1.030217401575371,236,33:17
2280000,4564.00000001231,-1490601.7117365813,388013.3891505825,299.83349246517884,1350.701818120077,1.0309974320156874,236,33:13
2285000,4574.000000014347,-1490764.0676972773,388768.37383733504,300.4168993828687,1355.4188960592805,1.0274093934719748,236,33:09
2290000,4584.000000016385,-1489497.5809053332,388849.21535117173,300.4793688597155,1355.2485780029535,1.0275385110182231,236,33:05
2295000,4594.000000018422,-1489945.4314845493,388281.84778969,300.0409412120436,1354.8562598231206,1.0278360496208816,236,33:02
2300000,4604.000000020459,-1489441.840501653,389942.7394234868,301.3243787250059,1352.913936750838,1.0293116716981419,236,32:58
2305000,4614.000000022496,-1491108.7258795826,388076.56288151874,299.88230933827725,1354.4894094777408,1.0281144290656814,236,32:55
2310000,4624.000000024534,-1489112.6584891332,389162.61721937463,300.7215470404585,1354.4447555338852,1.0281483244045682,236,32:51
2315000,4634.000000026571,-1492533.6969267558,386712.05754701805,298.82790139419484,1351.089819621753,1.0307013535862324,236,32:47
2320000,4644.000000028608,-1489399.1337514184,388850.9078864649,300.48067674955206,1352.6109016192763,1.0295422757820492,236,32:44
2325000,4654.000000030645,-1490036.5624048803,387940.33291854535,299.777038987514,1352.6452450577851,1.0295161358743612,236,32:40
2330000,4664.000000032683,-1490917.0237724762,389020.5831839001,300.6117916503198,1352.1527881813747,1.0298910878065084,236,32:36
2335000,4674.00000003472,-1487259.8697645124,388920.0026735947,300.5340690600123,1357.888606504668,1.025540754396139,236,32:32
2340000,4684.000000036757,-1490556.6988607896,386849.9962429733,298.9344921513976,1354.1295282518654,1.0283876666499394,236,32:28
2345000,4694.0000000387945,-1492104.2980698077,390739.007706119,301.93968713135627,1352.6424869694777,1.0295182350960284,236,32:25
2350000,4704.000000040832,-1488237.8967119893,388181.4080876437,299.9633274299197,1352.8552137120644,1.029356350765491,236,32:21
2355000,4714.000000042869,-1487894.1342747957,388891.6676706134,300.5121734679001,1352.620862101366,1.0295346943986137,236,32:18
2360000,4724.000000044906,-1489809.8643075991,389167.9507904907,300.72566850456195,1353.043469226676,1.0292131314130168,236,32:14
2365000,4734.000000046944,-1492116.8418097207,388622.61328262126,300.3042643620021,1353.1758157931893,1.0291124698267224,236,32:11
2370000,4744.000000048981,-1489176.015717717,387456.00499975256,299.40277939892627,1351.4747383800882,1.0304077955388857,236,32:07
2375000,4754.000000051018,-1489822.2521390216,389040.4946520204,300.62717803953615,1352.746058043069,1.029439411499939,236,32:03
2380000,4764.000000053055,-1490048.4119295655,387483.127040421,299.42373768645916,1354.7400636771683,1.0279242071876644,236,31:59
2385000,4774.000000055093,-1490540.4623730164,388918.4175370687,300.53284416150643,1349.261851937794,1.0320977384046888,236,31:55
2390000,4784.00000005713,-1489519.6885693576,388318.2568094386,300.06907592041625,1354.6523890722242,1.027990735582332,236,31:52
2395000,4794.000000059167,-1490315.5827203616,388222.7656869545,299.99528610399653,1356.5884420899745,1.0265236402540117,236,31:48
2400000,4804.000000061204,-1490930.0799431484,387552.01798493334,299.4769724795614,1352.3035976052233,1.0297762339513135,236,31:44
2405000,4814.000000063242,-1492029.9549158262,389695.705983174,301.1334860877007,1351.5965064065479,1.030314964044341,236,31:41
2410000,4824.000000065279,-1490027.9593474446,391456.8211028887,302.4943703039213,1354.4130234041177,1.0281724125781804,236,31:38
2415000,4834.000000067316,-1489802.510076847,388198.988274651,299.9769123448117,1355.0964238128095,1.0276538860478066,236,31:34
2420000,4844.0000000693535,-1492278.3889830224,387092.8595517231,299.1221623609579,1350.1705704777225,1.0314030955422133,236,31:30
2425000,4854.000000071391,-1492175.0741702616,388613.1046729818,300.29691667834885,1351.0287064493805,1.0307479768957044,236,31:26
2430000,4864.000000073428,-1489263.8563471837,389046.4308685295,300.6317651918812,1353.1064518330686,1.029165224963778,236,31:23
2435000,4874.000000075465,-1490044.5246935226,387781.21571368986,299.6540827479173,1354.7349519160516,1.027928085808339,236,31:19
2440000,4884.000000077503,-1490788.001740816,387072.65779514436,299.10655165421866,1353.9212876504089,1.028545838375421,236,31:15
2445000,4894.00000007954,-1492554.9460038068,387802.22325900407,299.6703161198983,1349.3489418295046,1.032031124590066,236,31:11
2450000,4904.000000081577,-1490868.1316372575,389720.29118245887,301.1524840562519,1351.71856337363,1.0302219290568382,236,31:07
2455000,4914.000000083614,-1491375.9480152875,388252.4373065145,300.0182145532938,1350.726547750493,1.030978556111089,236,31:05
2460000,4924.000000085652,-1492754.490150569,388432.5855750299,300.15742233843946,1350.6649863707921,1.0310255466401963,236,31:01
2465000,4934.000000087689,-1490549.684212232,386702.6190373774,298.82060787961944,1352.394593715,1.029706945275016,236,30:57
2470000,4944.000000089726,-1488190.5936272629,388637.8634829125,300.31604880280224,1352.5326766957098,1.029601820270119,236,30:53
2475000,4954.0000000917635,-1488378.5425629364,387497.29915068776,299.43468904390113,1353.036240920042,1.0292186297639705,236,30:50
2480000,4964.000000093801,-1490982.10450989,387834.627135725,299.69535589377807,1353.4923126173035,1.028871825069955,236,30:46
2485000,4974.000000095838,-1489978.6883196654,388682.7475585494,300.35073252643286,1353.0358587749217,1.029218920451667,236,30:42
2490000,4984.000000097875,-1490655.9652474327,389416.4387704471,300.91768512292924,1353.6710907279457,1.028735942903128,236,30:38
2495000,4994.0000000999125,-1488691.6992209572,389595.8512483507,301.05632433318806,1354.537078040046,1.028078247895366,236,30:35
2500000,5004.00000010195,-1489520.666415845,389130.6871731929,300.69687341442153,1351.9190333298764,1.0300691621085594,236,30:31
2505000,5014.000000103987,-1491064.6000894578,387902.33499355137,299.747676468395,1351.8071625984148,1.0301544069525055,236,30:28
2510000,5024.000000106024,-1492489.4039817248,387031.408166266,299.07467641322097,1351.2203850833785,1.0306017591754948,236,30:24
2515000,5034.000000108062,-1490319.8558027623,388651.26689934876,300.32640615972196,1351.7179094967917,1.0302224274139682,236,30:21
2520000,5044.000000110099,-1491893.5645824578,388539.54321535374,300.24007279262696,1348.8031642640922,1.032448724021571,236,30:17
2525000,5054.000000112136,-1490480.8994040312,388419.21583699784,300.1470910061721,1352.7225550957219,1.0294572975477427,236,30:13
2530000,5064.000000114173,-1490800.3875748692,388942.0048299573,300.55107100780174,1353.4037283201305,1.0289391677893505,236,30:09
2535000,5074.000000116211,-1490955.8615742475,387947.0845014338,299.78225620612994,1354.1778861204475,1.0283509427925015,236,30:06
2540000,5084.000000118248,-1491510.6820345726,387535.1312176958,299.46392339790896,1352.5325166315242,1.0296019421173759,236,30:02
2545000,5094.000000120285,-1490085.8854234768,388140.0320793639,299.9313545304948,1351.4601983342445,1.030418881456624,236,29:58
2550000,5104.0000001223225,-1490237.7833805773,387600.4021057312,299.51436082832544,1353.0487178138253,1.029209139010715,236,29:55
2555000,5114.00000012436,-1491423.467643382,388501.55790444434,300.2107200209165,1351.2888321210557,1.0305495559486464,236,29:52
2560000,5124.000000126397,-1488939.6561742881,387422.4659080636,299.37686239895567,1353.1867412632146,1.0291041608941127,236,29:48
2565000,5134.000000128434,-1489573.1196686663,386470.7276522333,298.64141611504516,1354.5966874015835,1.028033007058342,236,29:44
2570000,5144.000000130472,-1490819.3993922025,387543.80432541366,299.47062545575096,1352.2045376777005,1.0298516733957594,236,29:40
2575000,5154.000000132509,-1490913.868164936,387805.87303551123,299.6731364484423,1352.6765100585096,1.0294923402199718,236,29:37
2580000,5164.000000134546,-1488694.6101803798,389232.4119865252,300.7754802535272,1355.9401102073641,1.0270144642949999,236,29:33
2585000,5174.000000136583,-1488946.0876943152,389425.38074571313,300.9245949454986,1351.012873459614,1.0307600565897552,236,29:29
2590000,5184.000000138621,-1490098.4312758464,388206.292448399,299.9825565725257,1351.299437041464,1.030541468254892,236,29:25
2595000,5194.000000140658,-1490610.2441964243,389606.95528076775,301.06490486394586,1351.9727957483537,1.0300282004786152,236,29:22
2600000,5204.000000142695,-1493487.770402575,388258.10365625017,300.02259316877013,1350.829361753803,1.0309000865162745,236,29:18
2605000,5214.000000144732,-1490240.2926104805,388080.7815845726,299.8855692991593,1353.1293385725892,1.0291478177317002,236,29:15
2610000,5224.00000014677,-1490169.212921326,389256.1943031631,300.7938578024877,1353.392171252627,1.0289479542443571,236,29:11
2615000,5234.000000148807,-1491217.437357366,390087.5566104499,301.43628476781333,1354.2390252861653,1.028304516336364,236,29:08
2620000,5244.000000150844,-1489215.491614418,388757.158851466,300.40823311393297,1355.2796321716928,1.0275149665381396,236,29:04
2625000,5254.0000001528815,-1491147.1940017827,389824.5553775313,301.2330531773744,1350.5328768975824,1.0311264018242223,236,29:00
2630000,5264.000000154919,-1491136.6798949428,389190.60845749837,300.7431769916914,1352.3182604560009,1.0297650683435609,236,28:56
2635000,5274.000000156956,-1489134.115894082,387549.09744536853,299.4747156616214,1356.0896671783373,1.026901199533721,236,28:52
2640000,5284.000000158993,-1492405.3995997235,390945.4968581096,302.09924957257266,1350.9562222073741,1.0308032806757799,236,28:49
2645000,5294.000000161031,-1491798.4428941663,389709.721854922,301.1443167133793,1350.106396723377,1.0314521205739036,236,28:45
2650000,5304.000000163068,-1489696.8465181002,388259.5239887547,300.02369071660536,1351.3364071211417,1.0305132745349626,236,28:41
2655000,5314.000000165105,-1489777.9494922636,390348.2223586726,301.6377116356509,1355.8008397891124,1.027119961156925,236,28:38
2660000,5324.000000167142,-1491024.2491098456,388148.11882135255,299.9376034800438,1354.5592893920327,1.0280613900080717,236,28:35
2665000,5334.00000016918,-1490751.5672617294,388913.21040340234,300.52882040068636,1353.0156440133494,1.0292342975207902,236,28:31
2670000,5344.000000171217,-1492773.7918758718,388177.6800978712,299.96044666285184,1352.6084297721377,1.0295441572364838,236,28:27
2675000,5354.000000173254,-1491629.8320143856,389376.2651280216,300.8866413397757,1350.3217155326458,1.0312876478857544,236,28:23
2680000,5364.0000001752915,-1494438.4876155686,388196.52652552957,299.97501005262984,1349.1549440060442,1.032179522513376,236,28:20
2685000,5374.000000177329,-1490915.2702191789,388192.98529621784,299.972273602853,1351.3984760662781,1.030465943660293,236,28:16
2690000,5384.000000179366,-1490582.9670687355,386555.90952018066,298.7072395574198,1352.0480429990419,1.0299708750081051,236,28:12
2695000,5394.000000181403,-1489290.01044052,389579.03851928515,301.0433324637976,1355.27657691627,1.0275172829071577,236,28:08
2700000,5404.0000001834405,-1491373.2041294966,387812.31167440943,299.6781118426981,1352.4802193106812,1.0296417544727352,236,28:05
2705000,5414.000000185478,-1490656.1730787912,388760.069252467,300.41048209739847,1352.9159112769955,1.0293101694593085,236,28:02
2710000,5424.000000187515,-1488578.1336662564,387594.9521165199,299.5101494032953,1353.085167412698,1.0291814140299256,236,27:58
2715000,5434.000000189552,-1490081.1151317246,389056.3674366269,300.63944357618203,1353.6658658684935,1.028739913602878,236,27:54
2720000,5444.00000019159,-1492780.6166971978,389365.940200932,300.87866285492106,1350.4050307233404,1.0312240211033523,236,27:50
2725000,5454.000000193627,-1491864.5666708816,389207.9019914544,300.75654039828544,1351.6597692993644,1.030266741328375,236,27:47
2730000,5464.000000195664,-1490294.3824360436,388743.6805825088,300.39781791547114,1353.988827525431,1.0284945322966956,236,27:43
2735000,5474.000000197701,-1490922.5925871497,389202.9618888723,300.75272298308334,1354.392308361505,1.0281881381808793,236,27:39
2740000,5484.000000199739,-1491921.9375019874,388881.6128007446,300.50440366708045,1352.8496709749882,1.029360568123659,236,27:35
2745000,5494.000000201776,-1492220.363245272,388781.02826484095,300.4266779660319,1352.422476079907,1.0296857162099102,236,27:32
2750000,5504.000000203813,-1490447.7399169868,389354.9133650651,300.87014197703064,1352.5687917247233,1.0295743288036303,236,27:28
2755000,5514.0000002058505,-1491501.850579666,389535.2889736054,301.00952543692244,1352.6917699662542,1.0294807263708419,236,27:25
2760000,5524.000000207888,-1490196.1244240925,388577.3292026465,300.2692715389925,1351.177687767521,1.0306343262680635,236,27:21
2765000,5534.000000209925,-1490717.6917186193,388857.0131404617,300.4853945239367,1351.6661432007566,1.030261883014323,236,27:17
2770000,5544.000000211962,-1490166.84739553,388595.4689008051,300.2832888105693,1350.6962168098041,1.0310017075414755,236,27:14
2775000,5554.000000214,-1489937.3641199013,389710.56023864663,301.1449645660751,1350.525748374493,1.0311318444515634,236,27:10
2780000,5564.000000216037,-1488116.1208448475,389345.86536945665,300.8631502282947,1353.7334222969928,1.0286885755822066,236,27:06
2785000,5574.000000218074,-1491885.399121778,389167.28480268474,300.7251538690999,1354.6091531218165,1.0280235466380974,236,27:02
2790000,5584.000000220111,-1490971.792671578,387902.2439900195,299.74760614631964,1355.0185597474692,1.0277129386037696,236,26:59
2795000,5594.000000222149,-1491120.4221470943,389705.86256060825,301.1413344820313,1352.246844250174,1.0298194533209686,236,26:55
2800000,5604.000000224186,-1490546.384649546,388343.5072690408,300.08858796226997,1352.3322102810296,1.0297544459222248,236,26:51
2805000,5614.000000226223,-1492592.446372238,387869.71876549383,299.7224726021291,1349.560604654486,1.0318692625569374,236,26:48
2810000,5624.00000022826,-1490831.143317896,388430.0995690566,300.1555013020162,1354.110770163064,1.028401912594657,236,26:44
2815000,5634.000000230298,-1492757.3595004939,388249.6220315218,300.01603907750626,1350.805501146544,1.0309182963192896,236,26:41
2820000,5644.000000232335,-1489391.533005206,389518.9034378291,300.99686367690316,1353.9820278093623,1.0284996974101563,236,26:37
2825000,5654.000000234372,-1491309.6912949262,386909.75534743414,298.98067040580344,1353.2765799714718,1.0290358427174404,236,26:33
2830000,5664.0000002364095,-1491461.8464521775,389851.80885097536,301.25411302827916,1352.8756174477292,1.0293408262674404,236,26:30
2835000,5674.000000238447,-1490081.9132058118,387724.04523401643,299.609904827604,1352.868525190726,1.0293462224678456,236,26:26
2840000,5684.000000240484,-1490416.0945178,388410.49204215966,300.1403497803613,1352.2010249282507,1.0298543487456762,236,26:22
2845000,5694.000000242521,-1489475.2501498293,389015.2628480656,300.6076804136487,1351.309277809346,1.0305339634448913,236,26:18
2850000,5704.000000244559,-1492188.1330117518,389103.9252904352,300.6761934353369,1351.1121162221386,1.0306843445342655,236,26:15
2855000,5714.000000246596,-1492814.650985227,388969.76504335064,300.57252243696905,1349.1292501418245,1.0321991801410635,236,26:12
2860000,5724.000000248633,-1489998.7307164678,391162.7499143214,302.26712971386195,1353.2727829137223,1.0290387300204074,236,26:08
2865000,5734.00000025067,-1490310.7045956077,386669.81127529556,298.7952560073387,1349.4168764791066,1.0319791683161752,236,26:04
2870000,5744.000000252708,-1488257.1306886673,388439.04152451514,300.1624111092795,1355.9486035145778,1.0270080313451553,236,26:00
2875000,5754.000000254745,-1490182.7206770014,387610.336364742,299.52203742830255,1351.4403216276098,1.0304340366458615,236,25:57
2880000,5764.000000256782,-1489624.719797519,388746.2942894101,300.3998376315181,1351.3635270045168,1.030492593645429,236,25:53
2885000,5774.0000002588195,-1493195.4569445774,389442.988669086,300.93820129339167,1353.8841959795943,1.0285740169181412,236,25:49
2890000,5784.000000260857,-1489306.3140519382,388901.37090103107,300.5196715428266,1353.1492816353825,1.029132649885971,236,25:45
2895000,5794.000000262894,-1492779.9416033998,389087.81392534624,300.66374353799296,1352.296823114904,1.0297813927367283,236,25:42
2900000,5804.000000264931,-1491633.5938596055,389181.84936930495,300.736408493291,1351.726507190129,1.030215874656104,236,25:38
2905000,5814.0000002669685,-1491082.2991957879,387790.85873489303,299.6615342967713,1348.0109366291101,1.0330554953678903,236,25:35
2910000,5824.000000269006,-1493026.6325222757,388678.3298763997,300.347318806431,1348.9933163292033,1.0323031916051997,236,25:31
2915000,5834.000000271043,-1491164.2029116852,390037.47934049065,301.39758805485224,1353.0087402066526,1.029239549249345,236,25:27
2920000,5844.00000027308,-1492129.3210208742,388521.65276969085,300.22624812844043,1351.8642185833485,1.030110928862388,236,25:24
2925000,5854.000000275118,-1491051.973348665,388589.3837832593,300.2785865964271,1352.6151216428532,1.0295390637133626,236,25:20
2930000,5864.000000277155,-1492896.8259407235,387325.2458783145,299.30173658661954,1351.5032377673936,1.0303860671478418,236,25:16
2935000,5874.000000279192,-1492290.394063659,388050.15533233306,299.8619031669409,1352.9648889950893,1.029272908135145,236,25:12
2940000,5884.000000281229,-1492122.8604174089,388310.3283510995,300.06294928298536,1351.6118628667257,1.0303032580278797,236,25:09
2945000,5894.000000283267,-1491235.233323655,388547.54669793276,300.2462574042941,1353.3088154312695,1.0290113313545053,236,25:05
2950000,5904.000000285304,-1492232.4869147725,388921.0316605815,300.5348641994857,1351.1347750185785,1.0306670597546947,236,25:01
2955000,5914.000000287341,-1490409.9846852375,389611.9378647833,301.06875510625366,1352.0799298167801,1.0299465846589602,236,24:58
2960000,5924.0000002893785,-1489450.0026439922,388498.829351346,300.2086115586115,1352.308102861522,1.0297728032199183,236,24:54
2965000,5934.000000291416,-1489370.7461423464,391950.0217307948,302.87548619034686,1352.833631008624,1.0293727728090771,236,24:51
2970000,5944.000000293453,-1490705.8470643098,388005.0310476366,299.8270338241454,1350.5823429558704,1.031088636071574,236,24:47
2975000,5954.00000029549,-1488795.4844298866,388381.58283568657,300.1180104782042,1353.4617108736932,1.0288950878424041,236,24:43
2980000,5964.000000297528,-1491872.403368879,388393.75620627456,300.12741732941225,1351.7857792000889,1.0301707025833369,236,24:39
2985000,5974.000000299565,-1488862.9190436378,390133.4738713328,301.47176687508056,1352.6962787498037,1.0294772949237119,236,24:36
2990000,5984.000000301602,-1492743.0160974655,390511.48168366414,301.76386865744047,1350.4795806643808,1.0311670948890848,236,24:32
2995000,5994.000000303639,-1493431.1355043808,389255.19277167786,300.7930838789803,1352.0487302249583,1.0299703514894902,236,24:28
3000000,6004.000000305677,-1491300.615443685,387362.10590511886,299.33021980621487,1354.352114953607,1.0282186519481467,236,24:24
3005000,6014.000000307714,-1491272.1184524354,388881.8748324658,300.50460614949037,1354.0121571488519,1.0284768113404972,236,24:21
3010000,6024.000000309751,-1489951.785941599,389201.40508668777,300.75151997965844,1355.7504649314592,1.0271581252757465,236,24:18
3015000,6034.000000311788,-1491426.6008722577,389373.5956935227,300.8845785607812,1350.9501182593235,1.030807938116192,236,24:14
3020000,6044.000000313826,-1490845.4922111304,388496.2510850613,300.206619228949,1353.51380274145,1.0288554893789508,236,24:10
3025000,6054.000000315863,-1489229.6326392684,387661.8519859862,299.5618456129324,1353.1467934941063,1.0291345422360376,236,24:06
3030000,6064.0000003179,-1491514.4151479881,386930.0158913989,298.99632653991137,1350.8026688347377,1.0309204579096751,236,24:03
3035000,6074.0000003199375,-1491599.7398810368,388251.52615537343,300.0175104702996,1348.9746350252738,1.0323174874779084,236,23:59
3040000,6084.000000321975,-1491145.269925247,388263.4207396057,300.0267018921204,1353.784917596418,1.028649446304338,236,23:55
3045000,6094.000000324012,-1491039.5700121615,388316.4839808416,300.06770598472684,1351.6315837713598,1.0302882254461172,236,23:51
3050000,6104.000000326049,-1491062.5498124734,389356.34544446267,300.87124860216073,1351.3274962196595,1.0305200699285968,236,23:48
3055000,6114.000000328087,-1491552.855993555,388822.8147805688,300.4589680810098,1354.716682782467,1.0279419480097527,236,23:45
3060000,6124.000000330124,-1491474.3579886286,387277.9664529357,299.265201880268,1352.4907941989154,1.0296337038845007,236,23:41
3065000,6134.000000332161,-1487967.0446199663,388750.15828663635,300.4028234969949,1354.9490870269178,1.027765632844811,236,23:37
3070000,6144.000000334198,-1490915.7594009303,388739.13759368623,300.39430736598246,1351.4958906337129,1.0303916686330041,236,23:33
3075000,6154.000000336236,-1492023.5185778635,387428.48244262405,299.3815116162771,1354.478785692812,1.0281224930285073,236,23:30
3080000,6164.000000338273,-1491034.4689373076,388443.0604551794,300.16551669803164,1352.9562675832515,1.0292794669470204,236,23:26
3085000,6174.00000034031,-1489555.9622087572,389978.4849967337,301.3520007616842,1354.1639755455938,1.0283615064709217,236,23:22
3090000,6184.000000342347,-1492533.7759820418,388952.53091879794,300.5592049384014,1350.0522900433725,1.0314934585652091,236,23:18
3095000,6194.000000344385,-1492875.222804104,389607.0004867612,301.06493979642835,1350.9003014253842,1.0308459509790378,236,23:15
3100000,6204.000000346422,-1490093.407989663,388081.607654447,299.8862076364496,1352.7000612554273,1.029474416234068,236,23:11
3105000,6214.000000348459,-1490596.513387381,388255.8525102325,300.02085361804484,1351.0117001709798,1.0307609517552512,236,23:08
3110000,6224.0000003504965,-1491067.5024782233,388363.9932762645,300.10441832087173,1350.7215932670194,1.030982337768422,236,23:04
3115000,6234.000000352534,-1491588.302194681,389991.1425395799,301.3617817521956,1354.1091874365752,1.028403114623979,236,23:00
3120000,6244.000000354571,-1489953.7941507082,391345.76368310367,302.40855178587685,1351.3498645747197,1.0305030121411023,236,22:57
3125000,6254.000000356608,-1489881.7332389858,389820.1524979797,301.2296508959332,1353.0510290988454,1.0292073809131899,236,22:53
3130000,6264.000000358646,-1489727.8102520593,386270.76624933153,298.48689792709933,1350.948539126585,1.0308091430344513,236,22:49
3135000,6274.000000360683,-1490696.4260289082,388338.51792490727,300.08473249614815,1351.226257225482,1.0305972803993093,236,22:45
3140000,6284.00000036272,-1489288.658092428,387954.82131617423,299.78823475287356,1351.636598325832,1.0302844030899936,236,22:42
3145000,6294.000000364757,-1489877.005429606,389775.142825976,301.1948701189577,1353.8913485802268,1.0285685829672029,236,22:38
3150000,6304.000000366795,-1491207.5052921362,387838.4984182189,299.6983473888732,1353.9590090733693,1.0285171829934312,236,22:34
3155000,6314.000000368832,-1489927.5983479647,387836.80681140197,299.6970402165075,1353.543299805172,1.0288330680674678,236,22:31
3160000,6324.000000370869,-1490465.5241457168,388671.3908540092,300.3419567458016,1353.2226471046029,1.0290768550765133,236,22:27
3165000,6334.0000003729065,-1491447.9437650004,388548.135950794,300.2467127435898,1353.2835857700688,1.0290305155133428,236,22:24
3170000,6344.000000374944,-1489579.7408367563,387922.73372329463,299.76343938419063,1352.7472923870093,1.0294384721653664,236,22:20
3175000,6354.000000376981,-1489208.926035571,388873.32204888924,300.49799707093337,1351.8274926942393,1.0301389144892137,236,22:16
3180000,6364.000000379018,-1489858.3215132877,386726.3232588343,298.8389250813045,1356.3071333564374,1.0267365493054232,236,22:12
3185000,6374.0000003810555,-1491613.3049932048,387746.89385201223,299.62756087021296,1350.8436856252622,1.0308891552142418,236,22:09
3190000,6384.000000383093,-1493034.833098635,389655.50694692146,301.1024226817195,1351.0489415835634,1.0307325390214872,236,22:05
3195000,6394.00000038513,-1489413.7084747134,388990.32438790624,300.5884094662656,1351.4489081750064,1.0304274896941852,236,22:01
3200000,6404.000000387167,-1491237.7113771094,388666.4543977673,300.33814214827277,1352.9297455862454,1.0292996443043663,236,21:57
3205000,6414.000000389205,-1491900.2377156243,388943.15632928436,300.5519608174693,1352.6512853870988,1.0295115385205853,236,21:54
3210000,6424.000000391242,-1490280.969171808,389756.80573662685,301.18070031529896,1352.605429793427,1.0295464406892079,236,21:50
3215000,6434.000000393279,-1493274.1466278508,390302.7403298571,301.60256584964077,1353.0653633807801,1.0291964775605755,236,21:47
3220000,6444.000000395316,-1490734.6034577033,387480.39797199925,299.42162882594306,1350.6657363322724,1.0310249741599562,236,21:43
3225000,6454.000000397354,-1489788.5202352293,389361.95960462035,300.87558688865914,1352.0418590907695,1.0299755858425894,236,21:39
3230000,6464.000000399391,-1491102.4930430325,388910.5217572373,300.52674277606775,1352.3001297075177,1.0297788747546088,236,21:36
3235000,6474.000000401428,-1490998.538036378,389326.1317124864,300.8479012408785,1350.315652355498,1.031292278565765,236,21:32
3240000,6484.0000004034655,-1493566.193774431,388352.9041596057,300.09584931611795,1351.6147035561464,1.0303010926389138,236,21:28
3245000,6494.000000405503,-1491513.543483208,388134.1135113293,299.92678101583317,1351.8366726225345,1.030131919116503,236,21:24
3250000,6504.00000040754,-1489921.2468497232,386725.56513780134,298.8383392508065,1352.337296704591,1.0297505728002685,236,21:21
3255000,6514.000000409577,-1491985.8596561877,388961.755093373,300.5663328276838,1351.4223486699639,1.0304477406868784,236,21:17
3260000,6524.000000411615,-1488921.729544662,389127.11160102225,300.69411042654156,1350.0958187013287,1.0314602020175478,236,21:14
3265000,6534.000000413652,-1489936.3597816573,387175.64185841975,299.1861315662102,1352.233437965461,1.02982966313564,236,21:10
3270000,6544.000000415689,-1490777.9663260095,386207.9345184859,298.43834533117393,1351.3072575421368,1.0305355041411046,236,21:06
3275000,6554.000000417726,-1492201.0862614997,390127.90391252295,301.46746274473463,1349.1440982249137,1.0321878202135277,236,21:03
3280000,6564.000000419764,-1492433.9911418064,387428.31873411353,299.3813851121517,1350.8496791327266,1.0308845813212748,236,20:59
3285000,6574.000000421801,-1489074.7266612463,388374.0134624484,300.1121613202183,1353.3047822012059,1.0290143980985913,236,20:55
3290000,6584.000000423838,-1491818.951004914,388027.337753087,299.8442711092176,1353.204133612612,1.0290909341098544,236,20:51
3295000,6594.000000425875,-1488167.2374257855,388353.7773004921,300.0965240270653,1351.2877252625174,1.030550400086097,236,20:48
3300000,6604.000000427913,-1492903.4292480955,388307.29696466215,300.0606068092256,1350.914203096683,1.0308353429911012,236,20:44
3305000,6614.00000042995,-1489832.4174285308,389098.30135913397,300.6718475982844,1352.6090908152148,1.0295436540807366,236,20:41
3310000,6624.000000431987,-1488785.154130686,386947.29754045117,299.00968076256396,1356.287381154666,1.026751502115403,236,20:37
3315000,6634.0000004340245,-1488655.5827368973,388680.9787168761,300.3493656715991,1352.5770467996424,1.0295680450852727,236,20:33
3320000,6644.000000436062,-1490983.2027811175,388121.1499298748,299.9167635370269,1350.7605028693774,1.0309526396000823,236,20:30
3325000,6654.000000438099,-1491257.0400045877,387345.7081251764,299.31754858463773,1354.4934649409065,1.02811135080779,236,20:26
3330000,6664.000000440136,-1489483.6507867072,387881.60285924195,299.7316559175324,1354.7316846162566,1.0279305649333659,236,20:22
3335000,6674.000000442174,-1489408.8581430586,388000.4919835479,299.82352630745584,1356.496533043131,1.0265931920789078,236,20:18
3340000,6684.000000444211,-1490469.1773351459,388159.409082319,299.9463279170634,1354.6719947437555,1.0279758578489935,236,20:15
3345000,6694.000000446248,-1491423.92923945,387934.67038923106,299.7726633242303,1351.7597567166301,1.0301905342138722,236,20:11
3350000,6704.000000448285,-1488792.961133956,388701.98358461447,300.3655969745099,1352.584109973757,1.029562668696247,236,20:07
3355000,6714.000000450323,-1493096.696656079,388132.1581138871,299.925270001882,1350.5044549369338,1.0311481023331757,236,20:04
3360000,6724.00000045236,-1490878.394112546,390225.56142713106,301.5429266191502,1353.5212814297022,1.028849804585097,236,20:00
3365000,6734.000000454397,-1491115.9337751456,388009.866687368,299.83077051671717,1352.37945577524,1.0297184713608654,236,19:57
3370000,6744.0000004564345,-1491335.0016779592,389835.05853661697,301.24116938923373,1353.0553245467079,1.0292041135622072,236,19:53
3375000,6754.000000458472,-1489214.0898511158,389059.0233988379,300.6414959445998,1353.181189823014,1.0291083828048608,236,19:49
3380000,6764.000000460509,-1489330.3009899743,388735.3770735328,300.3914014613858,1352.305570381729,1.0297747316885075,236,19:45
3385000,6774.000000462546,-1491892.231098176,389076.7246382764,300.6551744015557,1354.5233263278828,1.0280886853945745,236,19:42
3390000,6784.0000004645835,-1490330.4407860795,388024.60880468285,299.84216234144395,1353.4226454656177,1.0289247860350625,236,19:38
3395000,6794.000000466621,-1491612.3636966133,388413.1828019187,300.14242903823873,1352.1348166870137,1.0299047762949995,236,19:34
3400000,6804.000000468658,-1492242.5692091063,390139.678581423,301.47656150317346,1354.3101732852883,1.0282504948793376,236,19:30
3405000,6814.000000470695,-1491928.390827327,387909.6440391694,299.7533244607982,1351.5645657816283,1.0303393127914513,236,19:27
3410000,6824.000000472733,-1490864.2237443104,387995.4017859957,299.81959290785653,1354.540509120151,1.028075643751157,236,19:23
3415000,6834.00000047477,-1489286.7702970356,390274.71171499044,301.58090701590095,1354.5097496362278,1.028098990261763,236,19:20
3420000,6844.000000476807,-1489422.1892168717,388718.982072596,300.3787323872576,1353.2322378964525,1.0290695616780576,236,19:16
3425000,6854.000000478844,-1491181.7986475704,388821.8494125511,300.45822210246274,1349.9547024369572,1.031568024754336,236,19:12
3430000,6864.000000480882,-1491555.5035987338,389581.809403169,301.04547363679666,1351.0908615982694,1.0307005586977191,236,19:09
3435000,6874.000000482919,-1487653.9881647862,386673.67762094556,298.79824368753674,1353.5618681107196,1.0288189544261075,236,19:05
3440000,6884.000000484956,-1491687.2809048397,387442.5801793572,299.3924055023098,1353.3551539205316,1.0289760983039713,236,19:01
3445000,6894.0000004869935,-1490099.7519527199,390019.7419905735,301.38388169388264,1354.1846833562527,1.0283457810564884,236,18:57
3450000,6904.000000489031,-1490298.540669066,390050.26853279443,301.4074707761744,1353.8318371374874,1.0286137965592088,236,18:54
3455000,6914.000000491068,-1488468.0597697478,389575.68132367276,301.040738224234,1351.6307377118592,1.0302888703597886,236,18:50
3460000,6924.000000493105,-1491022.6557275327,387401.8398381609,299.36092380830985,1354.187565850082,1.0283435921423063,236,18:47
3465000,6934.000000495143,-1490321.2266485272,388043.13210983214,299.85647604151256,1352.0020020357144,1.0300059495503122,236,18:43
3470000,6944.00000049718,-1491107.6716307122,389392.0741680526,300.89885761843396,1352.9849650590118,1.0292576354238947,236,18:39
3475000,6954.000000499217,-1491100.9422724172,388920.8113341379,300.5346939444149,1352.1194345381707,1.0299164928254765,236,18:36
3480000,6964.000000501254,-1492821.48394062,387403.1521616116,299.3619378932216,1350.1995283521362,1.0313809749291607,236,18:32
3485000,6974.000000503292,-1488145.4476045566,389138.21631278173,300.70269148225447,1352.2276181769575,1.02983409537083,236,18:28
3490000,6984.000000505329,-1491310.3560267547,390292.8606350969,301.59493141364635,1353.4767575635988,1.0288836495482143,236,18:25
3495000,6994.000000507366,-1493258.6540750824,388017.4661170208,299.83664290049893,1354.6350189625653,1.0280039172228148,236,18:21
3500000,7004.000000509403,-1489667.3303921726,388218.5458735621,299.9920252851115,1353.0183422642488,1.029232244974803,236,18:17
3505000,7014.000000511441,-1490297.8165691663,387570.65574633103,299.49137462455917,1348.996719336921,1.0323005874952877,236,18:14
3510000,7024.000000513478,-1488715.7163035106,387543.4683394567,299.47036582594,1352.6700946563246,1.0294972228646277,236,18:10
3515000,7034.000000515515,-1490569.9490494328,389500.72392582544,300.982815639573,1352.8206268250067,1.0293826678034932,236,18:07
3520000,7044.0000005175525,-1490883.3824267378,388142.11582960363,299.9329647277954,1354.5954716312833,1.0280339297338006,236,18:03
3525000,7054.00000051959,-1491284.9074298907,388803.24100759375,300.4438426423627,1351.4934501264559,1.0303935292993243,236,17:59
3530000,7064.000000521627,-1490305.6721815048,390090.36940425157,301.438458326285,1351.0405445165782,1.030738945291239,236,17:56
3535000,7074.000000523664,-1491270.9695326975,389707.51516420685,301.1426115150474,1350.5525044677324,1.0311114164713993,236,17:52
3540000,7084.000000525702,-1490227.6987366173,388169.119225789,299.9538313339824,1352.2602684664164,1.0298092300530413,236,17:48
3545000,7094.000000527739,-1492182.82232349,386739.71251521935,298.84927149618534,1349.522341548377,1.0318985192219576,236,17:44
3550000,7104.000000529776,-1491045.6888879985,388069.5771807912,299.87691120742653,1348.5812270038548,1.0326186350633062,236,17:41
3555000,7114.000000531813,-1491222.0734885838,387819.30700269446,299.68351741314825,1347.9722000459901,1.033085182211627,236,17:37
3560000,7124.000000533851,-1492765.3745638067,387269.4378709381,299.2586115032408,1350.08916355268,1.0314652865120797,236,17:34
3565000,7134.000000535888,-1491650.8158655101,387830.94075413165,299.6925072790174,1352.5397576396279,1.0295964300013996,236,17:30
3570000,7144.000000537925,-1488640.2365464456,389207.32342472463,300.75609331659166,1352.6163863372212,1.0295381010958247,236,17:26
3575000,7154.0000005399625,-1490750.7689090027,388068.9667310378,299.87643948844305,1350.7053542317265,1.0309947328911013,236,17:22
3580000,7164.000000542,-1490622.4717243565,389200.6477238826,300.7509347350734,1352.986830304599,1.0292562164756687,236,17:19
3585000,7174.000000544037,-1490866.610908077,389683.6070266161,301.1241367391953,1352.3000088465317,1.029778966790466,236,17:15
3590000,7184.000000546074,-1489580.6834835252,388386.05480711977,300.12146614971067,1351.3069902285752,1.0305357080001225,236,17:11
3595000,7194.0000005481115,-1490289.2245288957,388113.01121357153,299.9104744248425,1351.2429565899772,1.0305845437411463,236,17:08
3600000,7204.000000550149,-1489085.6953277802,389516.6243769652,300.9951025552577,1351.1667647932688,1.0306426580243668,236,17:04
3605000,7214.000000552186,-1491097.0574532486,387666.225827541,299.56522545555003,1354.1956426912589,1.0283374587834273,236,17:01
3610000,7224.000000554223,-1490581.6458688024,389656.25316169875,301.1029993117767,1349.5385930457348,1.0318860928296,236,16:57
3615000,7234.000000556261,-1490856.6744403448,388150.16421162116,299.9391840350577,1351.115885983514,1.0306814688120032,236,16:53
3620000,7244.000000558298,-1492725.4965809109,387887.06251533254,299.73587481254754,1350.4749069696254,1.0311706635301745,236,16:50
3625000,7254.000000560335,-1490135.8201912362,387271.71109863435,299.2603681173639,1350.5606102051731,1.0311052279905928,236,16:46
3630000,7264.000000562372,-1492457.4117007125,388312.9087743956,300.064943279457,1348.3337502686866,1.0328081646129659,236,16:42
3635000,7274.00000056441,-1489312.740811075,390247.3995963385,301.5598018474944,1354.0244994788995,1.0284674364730138,236,16:39
3640000,7284.000000566447,-1490937.5422585532,387868.2077224997,299.721304958664,1351.1088348080475,1.0306868477390736,236,16:35
3645000,7294.000000568484,-1490452.2229692647,388914.5802486439,300.52987893499056,1351.8312883807337,1.0301360220540419,236,16:31
3650000,7304.0000005705215,-1489960.6339598075,389692.85764902434,301.13128506577806,1351.352907144022,1.0305006919649187,236,16:28
3655000,7314.000000572559,-1490064.133699948,389539.98899944086,301.0131573352031,1352.3559987635902,1.0297363321299238,236,16:24
3660000,7324.000000574596,-1490828.4035678478,386239.07494722377,298.4624087881742,1352.8510003108556,1.0293595566553426,236,16:20
3665000,7334.000000576633,-1490830.2882079743,386893.2313298553,298.9679016353467,1353.5080522097974,1.0288598605875654,236,16:17
3670000,7344.000000578671,-1490299.7242359277,387884.402982236,299.73381968476343,1354.167469284411,1.0283588533082997,236,16:13
3675000,7354.000000580708,-1491743.1347651817,388891.8680424576,300.5123283032525,1351.0973927148996,1.030695576358477,236,16:09
3680000,7364.000000582745,-1491126.9628077736,388856.96546667645,300.48535768449267,1352.397341350018,1.02970485324276,236,16:06
3685000,7374.000000584782,-1491529.2248907648,390110.1956081152,301.4537788283939,1349.7757810887204,1.0317047656444698,236,16:02
3690000,7384.00000058682,-1492283.8377458435,387743.28417299717,299.6247715266078,1352.9818148808592,1.0292600318677203,236,15:58
3695000,7394.000000588857,-1493009.3097281726,387233.66774685984,299.2309704951514,1351.0603206988553,1.0307238578218272,236,15:55
3700000,7404.000000590894,-1492024.8352416167,387329.4511558164,299.3049861730396,1351.0981918994794,1.0306949666944156,236,15:51
3705000,7414.000000592931,-1491015.0067219026,387813.55698829883,299.67907414663694,1350.2596631404642,1.0313350416332874,236,15:47
3710000,7424.000000594969,-1490833.3824868072,388602.4054711467,300.2886489764022,1349.282859799529,1.0320816690042454,236,15:44
3715000,7434.000000597006,-1491354.0886100996,386471.57365599775,298.6420698560511,1349.3162530749303,1.0320561267436146,236,15:40
3720000,7444.000000599043,-1492086.1371597098,388178.40780631034,299.96100899232005,1349.1368467462808,1.0321933681221342,236,15:36
3725000,7454.0000006010805,-1490579.7618656382,388864.68496644194,300.4913228512613,1352.000471631697,1.0300071154709431,236,15:33
3730000,7464.000000603118,-1491531.6020599492,389150.5362893876,300.71221162180666,1351.5768688390692,1.0303299338770577,236,15:29
3735000,7474.000000605155,-1489132.7404731968,388266.6409111792,300.02919024771893,1352.5112287567106,1.029618147555664,236,15:25
3740000,7484.000000607192,-1492469.3721571807,387920.52201041416,299.7617303050304,1350.5356401680299,1.0311242920827024,236,15:21
3745000,7494.00000060923,-1489355.199447426,388868.5484201405,300.49430829673264,1351.4914995500903,1.0303950164424296,236,15:18
3750000,7504.000000611267,-1491729.9870703798,389029.69948012044,300.6188361776751,1352.4836836901416,1.0296391170510872,236,15:14
3755000,7514.000000613304,-1489793.243324414,388110.3576816649,299.9084239344183,1353.8116267768864,1.0286291522079092,236,15:11
3760000,7524.000000615341,-1489831.0531012947,387043.5625378048,299.0840685831025,1351.2887543869087,1.0305496152319717,236,15:07
3765000,7534.000000617379,-1492905.867484646,388048.7367038769,299.8608069358922,1349.4447857036237,1.0319578249173116,236,15:03
3770000,7544.000000619416,-1491385.1856908938,388459.80547767563,300.1784562478432,1351.7042150064422,1.0302328648831522,236,14:59
3775000,7554.000000621453,-1493173.7881846111,387880.01010026486,299.7304251288532,1350.4435533805436,1.0311946044799287,236,14:56
3780000,7564.00000062349,-1492856.6006936785,389099.86595850566,300.6730566269083,1351.8192434604462,1.0301452007266572,236,14:52
3785000,7574.000000625528,-1490309.8526550196,387379.9233267027,299.34398804176953,1349.5590818731648,1.0318704268714607,236,14:48
3790000,7584.000000627565,-1493727.1744891135,387617.43704331893,299.5275244071443,1352.8901179786233,1.029329793598746,236,14:45
3795000,7594.000000629602,-1492774.341755122,389091.71756177733,300.66676003427165,1352.1755946716817,1.0298737171327557,236,14:41
3800000,7604.0000006316395,-1488379.3313317737,388614.97372333566,300.2983609684452,1350.4320588288015,1.0312033817595112,236,14:37
3805000,7614.000000633677,-1492115.6934880828,386826.85637418187,298.91661104762926,1350.971649157705,1.0307915097766482,236,14:34
3810000,7624.000000635714,-1490550.5848394092,387314.83088895807,299.2936885070428,1351.8508325467908,1.0301211290281311,236,14:30
3815000,7634.000000637751,-1492775.7975690616,388468.8500347971,300.1854453395224,1352.0979437712454,1.0299328627159876,236,14:26
3820000,7644.000000639789,-1490000.4504506253,388602.49970781594,300.2887217968523,1352.3461007217343,1.0297438689382235,236,14:23
3825000,7654.000000641826,-1489315.6615707986,388016.1558900331,299.8356304356082,1354.7024638565883,1.027952737264778,236,14:19
3830000,7664.000000643863,-1490266.9896673579,389476.10862252576,300.96379440844333,1352.0586992781798,1.0299627572709433,236,14:15
3835000,7674.0000006459,-1490329.979720992,388593.18653186626,300.2815251326417,1352.5907869191235,1.0295575863507536,236,14:12
3840000,7684.000000647938,-1492266.6710651424,388995.77799954364,300.5926236904896,1352.7598245666106,1.0294289352855839,236,14:08
3845000,7694.000000649975,-1489136.0138699897,390028.295566118,301.390491384425,1352.522377464552,1.0296096605153706,236,14:04
3850000,7704.000000652012,-1491969.0159402862,389572.1860095626,301.03803725497306,1355.991241093909,1.0269757382631035,236,14:01
3855000,7714.0000006540495,-1489360.0954770315,388620.35286544496,300.30251764708106,1352.8855461869723,1.0293332720019042,236,13:57
3860000,7724.000000656087,-1489823.9401934827,389071.1154950242,300.6508399918212,1352.6088363159952,1.0295438477938408,236,13:53
3865000,7734.000000658124,-1489665.2905937657,388425.7506235235,300.152140697552,1352.7731260988978,1.0294188131283974,236,13:50
3870000,7744.000000660161,-1490744.4766439935,389507.2851098663,300.98788572937065,1355.8445102109006,1.0270868786304308,236,13:46
3875000,7754.0000006621985,-1492921.7878390783,389017.06392571726,300.60907217851457,1350.9613698029618,1.0307993529850716,236,13:42
3880000,7764.000000664236,-1489577.0379295507,388155.358704673,299.94319802796844,1351.1476856644558,1.0306572114031287,236,13:39
3885000,7774.000000666273,-1488955.7712981272,388714.2960562585,300.37511131467744,1352.5672098087211,1.0295755329582885,236,13:35
3890000,7784.00000066831,-1492245.1490295613,387157.9712391634,299.1724767706959,1351.6921992808063,1.0302420230298455,236,13:31
3895000,7794.000000670348,-1491527.1064669797,386530.02581361844,298.6872381802677,1348.6853188721873,1.0325389373002367,236,13:28
3900000,7804.000000672385,-1492721.285720774,388480.89933722385,300.1947563182912,1351.6403899840457,1.030281512908294,236,13:24
3905000,7814.000000674422,-1491794.6372647015,387907.2789601955,299.75149686951255,1352.5067502686309,1.0296215568788334,236,13:20
3910000,7824.000000676459,-1492211.8503479837,388593.21280963626,300.28154543852753,1354.7211975529349,1.0279385222702293,236,13:17
3915000,7834.000000678497,-1486590.4912663233,389683.99305310554,301.1244350373307,1355.741913143849,1.0271646044131428,236,13:13
3920000,7844.000000680534,-1491628.263780701,388165.147882019,299.9507625175301,1349.6525784568098,1.0317989445053934,236,13:09
3925000,7854.000000682571,-1492430.9869388947,389175.22079026466,300.73128632467694,1349.6977272234017,1.0317644297775581,236,13:06
3930000,7864.0000006846085,-1493463.297870582,389368.85754456953,300.88091720324,1353.3129377489308,1.0290081968898397,236,13:02
3935000,7874.000000686646,-1490571.9669899913,388586.1959048138,300.2761231950224,1352.3601657616507,1.0297331592256878,236,12:58
3940000,7884.000000688683,-1489451.5373045513,391057.5373842615,302.18582777629734,1353.7932322626916,1.0286431285915183,236,12:55
3945000,7894.00000069072,-1490818.5496113896,387272.43874652416,299.26093040004326,1352.2026461099956,1.029853114033501,236,12:51
3950000,7904.000000692758,-1491017.2777582323,387748.28511338844,299.62863595362256,1350.4610810559334,1.0311812205738358,236,12:47
3955000,7914.000000694795,-1491206.7427898496,388489.64256202977,300.20151255841654,1351.4736431100423,1.0304086306086626,236,12:44
3960000,7924.000000696832,-1491227.6875768173,387931.9060852168,299.77052723576014,1353.5587997077355,1.0288212866714082,236,12:40
3965000,7934.000000698869,-1490830.942609678,390211.9175119465,301.53238341921156,1353.9307343207317,1.028538661986555,236,12:36
3970000,7944.000000700907,-1489949.5500914631,388632.4518670594,300.31186703040345,1349.7944704362067,1.0316904805890106,236,12:33
3975000,7954.000000702944,-1490590.7044739882,386624.71944730834,298.7604117451429,1350.8074982555447,1.030916772152292,236,12:29
3980000,7964.000000704981,-1491758.6242638314,387419.4965228754,299.37456783604534,1352.8501729058642,1.0293601862130368,236,12:25
3985000,7974.000000707018,-1488481.2624861887,388451.6272785924,300.1721366257328,1353.9262001806815,1.0285421064419025,236,12:22
3990000,7984.000000709056,-1492949.72906507,388874.0045191542,300.4985244430519,1349.5898233150351,1.0318469225561513,236,12:18
3995000,7994.000000711093,-1491365.3101415476,386043.63958167663,298.3113880506386,1349.9567050050023,1.0315664944940284,236,12:14
4000000,8004.00000071313,-1491431.2299871221,388179.5895118841,299.9619221435647,1348.1227001925924,1.0329698518553074,236,12:11
4005000,8014.0000007151675,-1490987.4623299614,389823.05410713266,301.2318930855855,1349.260575101297,1.0320987151026557,236,12:07
4010000,8024.000000717205,-1490144.8094513584,387355.09838509315,299.3248048147182,1352.0247395455212,1.0299886275519095,236,12:04
4015000,8034.000000719242,-1493098.3446193878,387326.23163582914,299.3024983209478,1350.3333868960347,1.03127873413674,236,12:00
4020000,8044.000000721279,-1491250.2901411941,388374.1505600278,300.1122672610111,1354.5711828514418,1.0280523633828438,236,11:56
4025000,8054.000000723317,-1494042.9969135784,387189.86821600056,299.19712484272526,1349.3407455291392,1.0320373934566303,236,11:52
4030000,8064.000000725354,-1492204.5810553702,389241.9918950589,300.78288303269267,1352.8434030114515,1.0293653373338225,236,11:49
4035000,8074.000000727391,-1491757.22015295,387788.5582508158,299.6597566205506,1354.1830204368491,1.0283470438519355,236,11:45
4040000,8084.000000729428,-1489779.187158551,388769.4061886643,300.41769712210436,1354.9494784276135,1.0277653359568533,236,11:41
4045000,8094.000000731466,-1492125.4361929316,389484.47500149754,300.9702594446935,1351.2087672961372,1.0306106203613146,236,11:38
4050000,8104.000000733503,-1490473.8519631177,390357.755724896,301.6450784497084,1352.62784886388,1.0295293765172646,236,11:34
4055000,8114.00000073554,-1489074.1762343915,388527.37144939613,300.2306671813811,1353.5827313340274,1.0288030968955018,236,11:31
4060000,8124.0000007375775,-1491361.567767609,388765.6850332463,300.414821636216,1352.0000168291797,1.0300074619574988,236,11:27
4065000,8134.000000739615,-1491693.851013817,387791.27285631665,299.66185430498814,1349.6160540705173,1.031826867871533,236,11:23
4070000,8144.000000741652,-1489189.4842710672,388579.8368730786,300.27120931641105,1355.1119912934216,1.0276420803948054,236,11:19
4075000,8154.000000743689,-1491368.521630954,389932.97506204416,301.31683341168707,1353.8766673733476,1.0285797365888878,236,11:16
4080000,8164.0000007457265,-1489924.4956724457,388134.9168923197,299.92740182051375,1354.7425646466722,1.0279223095525256,236,11:12
4085000,8174.000000747764,-1491091.2343108356,387699.57366067846,299.59099466237467,1352.829345575627,1.029376033610642,236,11:08
4090000,8184.000000749801,-1490488.2199915405,388247.6692302048,300.01453006968507,1354.1251957169388,1.0283909569849083,236,11:05
4095000,8194.000000751837,-1489953.8475224823,387684.1757722754,299.5790960970531,1349.940834920538,1.0315786217272926,236,11:01
4100000,8204.000000753875,-1492392.3651812728,388130.3010383403,299.92383496519886,1351.872268660907,1.0301047947970154,236,10:57
4105000,8214.000000755912,-1491960.023618091,389054.75962823397,300.6382011582162,1353.7647504543536,1.028664770177641,236,10:54
4110000,8224.00000075795,-1489377.060824913,388130.31378754607,299.923844817021,1352.21100559921,1.029846747389565,236,10:50
4115000,8234.000000759987,-1491317.13587147,387877.91559565224,299.72880662121776,1351.9733168034713,1.030027803502241,236,10:47
4120000,8244.000000762024,-1492605.5721181985,387497.15798592335,299.4345799602316,1350.3667606826561,1.0312532464859605,236,10:43
4125000,8254.000000764061,-1492184.0158115234,387533.5508841673,299.4627022108717,1349.975419774021,1.0315521938420391,236,10:39
4130000,8264.000000766098,-1490081.225188383,389063.32222552365,300.6448178202225,1352.1579573829172,1.0298871506077731,236,10:35
4135000,8274.000000768136,-1492966.0943010775,388450.2918709971,300.1711047027777,1351.462737113899,1.0304169457713697,236,10:32
4140000,8284.000000770173,-1491604.6602146374,388161.57193064236,299.9479992366225,1351.2180421762866,1.0306035461588645,236,10:28
4145000,8294.00000077221,-1490571.896225051,387727.543511383,299.61260808669186,1350.2927748793504,1.0313097513427385,236,10:24
4150000,8304.000000774247,-1490650.4024275662,388376.54593607964,300.1141182640627,1352.4441750057554,1.029669195695115,236,10:21
4155000,8314.000000776285,-1489807.6723727742,389442.57503350853,300.9378816606077,1351.2700727218503,1.0305638628521379,236,10:17
4160000,8324.000000778322,-1490908.5226224037,389321.4827738843,300.84430881975,1352.0759556752598,1.029949611969274,236,10:14
4165000,8334.00000078036,-1490977.0005704071,387512.5350812122,299.4464624578807,1354.948303355251,1.0277662272813697,236,10:10
4170000,8344.000000782396,-1488637.3796524415,388333.5541621172,300.0808967977555,1355.7590744938357,1.0271516024487068,236,10:06
4175000,8354.000000784434,-1490486.9516367111,387983.545900297,299.81043138994323,1354.5591611724626,1.0280614873220861,236,10:03
4180000,8364.000000786471,-1491802.1909349384,387771.12557075813,299.6462856901887,1353.7498494857168,1.0286760928762062,236,9:59
4185000,8374.000000788508,-1490393.302161309,389265.0501851287,300.80070109731423,1354.38589081298,1.0281930100916947,236,9:55
4190000,8384.000000790546,-1490884.5759532508,387813.37392872816,299.678932689172,1349.6221217491454,1.0318222289479901,236,9:52
4195000,8394.000000792583,-1490855.6888786405,389089.2628070889,300.6648631469684,1354.0159879752048,1.0284739015402382,236,9:48
4200000,8404.00000079462,-1492168.302749006,390285.1485435114,301.5889719714752,1349.774121667253,1.0317060340293118,236,9:44
4205000,8414.000000796657,-1490110.8818165911,386311.3766093091,298.5182791794035,1352.5511292544873,1.0295877736380215,236,9:41
4210000,8424.000000798695,-1493152.0298940688,388868.15877850435,300.4940072050284,1349.4513059845412,1.0319528387018893,236,9:37
4215000,8434.000000800732,-1491214.464200084,388619.09755908395,300.3015476215591,1352.281355370174,1.029793171643276,236,9:33
4220000,8444.00000080277,-1490323.1649983153,388740.29514973675,300.39520185592283,1352.8796760695056,1.0293377382580877,236,9:30
4225000,8454.000000804806,-1491741.9002588969,387337.377751933,299.31111137145655,1350.2283015106204,1.0313589963584138,236,9:26
4230000,8464.000000806844,-1492014.1385313123,388898.85684370383,300.51772882999825,1352.9034452480792,1.0293196538097118,236,9:22
4235000,8474.000000808881,-1491698.7367072972,387368.82914756285,299.3354151250339,1351.721448627081,1.030219730045068,236,9:19
4240000,8484.000000810918,-1490793.0679958165,389803.2992212547,301.2166276937417,1352.7179632531422,1.0294607920720864,236,9:15
4245000,8494.000000812955,-1490680.060522736,388701.4262122691,300.36516627056625,1350.5356400677626,1.0311242921592558,236,9:11
4250000,8504.000000814993,-1490665.9224696904,385671.73881071724,298.0240054238396,1351.2437775781818,1.0305839175789628,236,9:08
4255000,8514.00000081703,-1490750.3131820168,388681.9655288822,300.35012822077516,1355.1463346251865,1.0276160369690877,236,9:04
4260000,8524.000000819067,-1491549.9734972212,388842.7963107752,300.47440861000723,1351.391691403994,1.0304711171147902,236,9:00
4265000,8534.000000821105,-1491050.0890325615,388173.8769545715,299.9575078216422,1350.671233635611,1.031020777833795,236,8:57
4270000,8544.000000823142,-1492373.3711116044,388974.4839293977,300.57616890929086,1350.5939624572675,1.0310797653552963,236,8:53
4275000,8554.000000825179,-1491245.2224650383,388757.2622755687,300.408313033881,1351.9544852847057,1.030042150869791,236,8:49
4280000,8564.000000827216,-1491373.4524925156,388062.66421186377,299.871569279352,1353.1692988404845,1.0291174261003386,236,8:46
4285000,8574.000000829254,-1491727.3015915398,389261.79616662586,300.79818658683723,1350.111249397618,1.0314484132489417,236,8:42
4290000,8584.00000083129,-1493507.145975246,388545.71102068556,300.2448389029345,1350.9019704162708,1.0308446774058733,236,8:38
4295000,8594.000000833328,-1490097.8353407867,389050.09827810107,300.63459914620057,1351.6052598653562,1.0303082913715826,236,8:35
4300000,8604.000000835365,-1491549.8188343216,388559.35080001235,300.2553789069301,1349.8439343384853,1.0316526751540152,236,8:31
4305000,8614.000000837403,-1491235.9644022314,389122.58887813037,300.6906155373495,1352.5037589380868,1.0296238340912933,236,8:27
4310000,8624.00000083944,-1492540.3362283967,388304.5113193152,300.05845422945254,1348.3837538500043,1.0327698638644607,236,8:24
4315000,8634.000000841477,-1492259.4518646747,388485.97896660684,300.1986815514427,1351.1593085875436,1.0306483454985518,236,8:20
4320000,8644.000000843514,-1492424.9512784379,388581.09909020737,300.2721846821602,1348.8121314851724,1.0324418600590173,236,8:16
4325000,8654.000000845552,-1490926.878530492,389463.6421521239,300.95416106726543,1352.5480825195161,1.0295900928761441,236,8:13
4330000,8664.000000847589,-1490826.6262611207,388483.531664795,300.1967904232758,1353.6133210775793,1.028779847402896,236,8:09
4335000,8674.000000849626,-1493349.8744963305,389204.7804052969,300.75412822358777,1348.644827225486,1.0325699381990727,236,8:05
4340000,8684.000000851664,-1491282.1566237193,389337.6877869993,300.8568310826759,1351.405913739077,1.0304602723305751,236,8:02
4345000,8694.0000008537,-1492921.6966065345,386840.393948145,298.92707207344523,1351.2243229444698,1.0305987557019047,236,7:58
4350000,8704.000000855738,-1494627.613315167,388852.55306917254,300.4819480481483,1350.2177670233596,1.031367043088707,237,7:54
4355000,8714.000000857775,-1489016.9660933167,388398.00567395595,300.1307010633546,1350.614588533495,1.031064019094285,236,7:51
4360000,8724.000000859813,-1489811.2608647225,390046.06636307907,301.4042235912656,1354.8217748813117,1.027862211634969,236,7:47
4365000,8734.00000086185,-1494083.6287854034,387806.62140017096,299.6737147397999,1349.4240888983863,1.0319736525806023,236,7:44
4370000,8744.000000863887,-1492274.3642929206,388216.37615644163,299.9903486577577,1351.1451798047267,1.0306591228797333,236,7:40
4375000,8754.000000865924,-1491220.2268624082,388006.3200693366,299.8280299028608,1352.4639725369343,1.0296541232729137,236,7:36
4380000,8764.000000867962,-1491616.1761579039,389546.9113948842,301.0185065475243,1351.5361582072705,1.030360969215857,237,7:32
4385000,8774.000000869999,-1491630.467152113,387258.1311866399,299.2498743752547,1351.9130173013884,1.030073745928187,237,7:29
4390000,8784.000000872036,-1490388.2745301845,387777.4783022853,299.6511947003769,1352.632819890834,1.0295255929196723,237,7:25
4395000,8794.000000874074,-1490904.7684627473,389629.1573192737,301.0820612686763,1353.8020792947232,1.0286364064577243,237,7:21
4400000,8804.00000087611,-1492183.2481916714,387806.4195940326,299.67355879611085,1351.655823716851,1.030269748752578,237,7:18
4405000,8814.000000878148,-1490548.093879113,389580.90722990525,301.044776491368,1352.990559443814,1.0292533796194228,236,7:14
4410000,8824.000000880185,-1490559.9222604288,387528.83401837305,299.4590572996801,1349.9882546379788,1.0315423864736952,236,7:11
4415000,8834.000000882223,-1490229.2557737743,387345.68110362074,299.317527703999,1353.6126533917516,1.02878035486101,237,7:07
4420000,8844.00000088426,-1491608.6304718675,389071.47907489416,300.6511209445544,1352.8558660484928,1.0293558544179775,237,7:03
4425000,8854.000000886297,-1491791.9602287272,388440.4511217878,300.16350036157087,1349.7129659189447,1.0317527808237326,237,7:00
4430000,8864.000000888334,-1490721.4282447929,388891.95968670223,300.51239912043224,1353.2222683678172,1.0290771430922143,237,6:56
4435000,8874.000000890372,-1489801.590315015,388747.90125041193,300.4010793946709,1354.8752607933175,1.027821635096747,237,6:52
4440000,8884.000000892409,-1489193.460885711,390458.3018689427,301.72277448383096,1354.3872037091503,1.0281920133969078,237,6:49
4445000,8894.000000894446,-1489518.3499391973,388235.16033239686,300.00486394315044,1354.8449978233382,1.0278445933948084,237,6:45
4450000,8904.000000896483,-1492064.7663058527,388223.76582950214,299.99605895421615,1353.7226039975321,1.0286967963661615,237,6:41
4455000,8914.00000089852,-1490030.4176360816,386949.42348128976,299.01132356223076,1353.8694192201397,1.0285852432525375,237,6:38
4460000,8924.000000900558,-1493311.42221661,389379.41986934666,300.88907913479966,1349.8245976262758,1.031667453941507,237,6:34
4465000,8934.000000902595,-1492850.4105121111,387904.63109981385,299.7494507617029,1350.329021006292,1.0312820684716888,237,6:30
4470000,8944.000000904633,-1492098.2659635087,387617.53254936787,299.527598208495,1351.3938725014696,1.030469453974237,237,6:27
4475000,8954.00000090667,-1491100.4258782696,388050.07649372704,299.86184224519127,1354.879718061728,1.0278182537804246,237,6:23
4480000,8964.000000908707,-1491105.75177983,389342.2097879217,300.8603254139732,1351.7117314068503,1.0302271361152897,237,6:19
4485000,8974.000000910744,-1491561.5062873447,388406.81542051135,300.1375087075012,1349.5840685866085,1.0318513224293833,237,6:16
4490000,8984.000000912782,-1490685.2714570751,388245.6400478588,300.01296203918236,1348.9764969103392,1.032316062652111,237,6:12
4495000,8994.000000914819,-1490765.5189907784,388077.50155469595,299.88303468865143,1351.9661827897175,1.0300332387214133,237,6:08
4500000,9004.000000916856,-1491736.4066023044,388490.46878401237,300.20215101324703,1352.3050654415613,1.0297751161983633,237,6:05
4505000,9014.000000918893,-1489688.7883404465,389126.0057434732,300.6932558861046,1352.5729229941705,1.029571184094095,237,6:01
4510000,9024.00000092093,-1489712.9218299575,389626.52805064956,301.0800295274626,1354.4299342790114,1.0281595752252852,237,5:57
4515000,9034.000000922968,-1490480.0995249804,386878.368557386,298.95641657554773,1349.6644366159035,1.0317898791142455,237,5:54
4520000,9044.000000925005,-1490315.559845225,387954.6224869627,299.7880811095753,1349.7307420546035,1.0317391925006496,237,5:50
4525000,9054.000000927042,-1490003.2725901185,388950.55838421837,300.5576806818975,1349.5798328927397,1.0318545609234784,237,5:46
4530000,9064.00000092908,-1492482.569395748,388729.9192930604,300.38718401573595,1351.5284133401651,1.0303668736487188,237,5:43
4535000,9074.000000931117,-1492209.3028975558,389628.62137767323,301.08164712512786,1348.976649049782,1.032315946226085,237,5:39
4540000,9084.000000933154,-1493023.4070679033,388341.1190109828,300.08674245957735,1350.9065722647704,1.0308411658447265,237,5:35
4545000,9094.000000935192,-1490550.0236577168,389075.74151527195,300.6544147030191,1349.8180096234062,1.0316724891596614,237,5:32
4550000,9104.000000937229,-1490510.553619163,389030.9713763315,300.61981902283895,1351.4082480168536,1.0304584924239357,237,5:28
4555000,9114.000000939266,-1490355.7241763612,388501.442710522,300.21063100595717,1353.913848956242,1.0285514894276901,237,5:25
4560000,9124.000000941303,-1490144.1119717164,389652.7297251037,301.100276611145,1352.0271469098263,1.0299867935962361,237,5:21
4565000,9134.00000094334,-1491608.4345461978,390038.12996658526,301.3980908197044,1351.0781205245669,1.0307102785144966,237,5:17
4570000,9144.000000945378,-1492449.61947761,389725.15254383447,301.1562406249687,1348.5534163232837,1.0326399303465807,237,5:14
4575000,9154.000000947415,-1492149.1750241276,389086.4006515227,300.6626514446834,1351.3858275486323,1.0304755884755679,237,5:10
4580000,9164.000000949452,-1489085.727098532,389262.06228590047,300.79839222786336,1352.832793730727,1.0293734098952527,237,5:06
4585000,9174.00000095149,-1492085.3634352367,389283.387932314,300.8148714093093,1354.7785989415077,1.0278949689556198,237,5:03
4590000,9184.000000953527,-1492228.6488067508,388601.9197458516,300.2882736370049,1349.2913044695013,1.0320752096214196,237,4:59
4595000,9194.000000955564,-1492826.4954575868,387062.11935279774,299.0984081775699,1350.9091017721728,1.0308392356479752,237,4:55
4600000,9204.000000957602,-1492461.739159448,388128.9183141908,299.9227664788465,1347.9527823999508,1.033100064099671,237,4:52
4605000,9214.000000959639,-1491622.7750824215,388924.4447848758,300.5375016573828,1349.5260183945634,1.0318957077666144,237,4:48
4610000,9224.000000961676,-1489842.1945568686,388763.0424811592,300.4127796303383,1351.6098330905047,1.0303048052828656,237,4:44
4615000,9234.000000963713,-1491441.7980938302,387270.313229666,299.2592879280031,1351.499771462288,1.030388709865629,237,4:41
4620000,9244.00000096575,-1493583.7171899602,387137.27434176183,299.1564834488038,1353.1419457280838,1.0291382292132112,237,4:37
4625000,9254.000000967788,-1493244.3927142182,389484.5013674579,300.9702798187275,1348.178320947178,1.0329272354137495,237,4:33
4630000,9264.000000969825,-1493694.2509849947,389426.52661378274,300.9254804036679,1350.7900239136695,1.0309301084901406,237,4:30
4635000,9274.000000971862,-1490529.9252067264,387198.70310187433,299.2039519130304,1352.908375223256,1.0293159029863486,237,4:26
4640000,9284.0000009739,-1493066.9817027738,388806.87422621617,300.4466501759657,1350.5480225664019,1.0311148382968747,237,4:22
4645000,9294.000000975937,-1489972.9867038392,388226.4120921662,299.99810382740543,1352.3287452786415,1.029757084409077,237,4:19
4650000,9304.000000977974,-1492322.4500025874,388286.0889680514,300.0442185404962,1348.4305285064017,1.032734038915011,237,4:15
4655000,9314.000000980011,-1491093.929936652,387506.3329763774,299.441669842973,1354.0408780436665,1.028454996065348,237,4:11
4660000,9324.000000982049,-1489195.1063179867,388457.440843607,300.1766290003537,1354.3488938842004,1.028221097376838,237,4:08
4665000,9334.000000984086,-1491735.6014620047,389936.45842065586,301.3195251424553,1350.7091945372435,1.0309918015904358,237,4:04
4670000,9344.000000986123,-1493106.082486106,386876.78789907537,298.95519513753834,1353.1814643270925,1.0291081740416936,237,4:01
4675000,9354.00000098816,-1491624.6938750613,388853.42637818947,300.4826228890169,1353.8675051202424,1.0285866974678881,237,3:57
4680000,9364.000000990198,-1493250.3629671,387865.3515082954,299.71909784750744,1350.537804882382,1.0311226393414419,237,3:53
4685000,9374.000000992235,-1490476.6681554895,388469.3028295995,300.1857952322085,1354.9851714725019,1.0277382625430305,237,3:50
4690000,9384.000000994272,-1491300.5314578004,388711.234040817,300.37274517265894,1356.011652818492,1.026960279438779,237,3:46
4695000,9394.00000099631,-1489760.884945142,386989.83205330046,299.0425488848878,1351.317583481816,1.030527629421214,237,3:42
4700000,9404.000000998347,-1492080.592372789,389666.7254295808,301.11109165276525,1352.9625272275634,1.0292747048614257,237,3:39
4705000,9414.000001000384,-1490218.2928363644,388670.09101550526,300.34095230850846,1353.6948656533534,1.0287178752270756,237,3:35
4710000,9424.000001002421,-1491674.4086444685,388790.4144185225,300.4339310230599,1350.8256175336332,1.0309029439664492,237,3:31
4715000,9434.000001004459,-1493500.3834943287,388133.20777327963,299.92608111575163,1351.2232822242217,1.030599549475226,237,3:28
4720000,9444.000001006496,-1491469.2245292459,388803.5695852871,300.44409654751166,1351.0055924828762,1.0307656116666815,237,3:24
4725000,9454.000001008533,-1489901.6976465648,388448.62364757626,300.16981559969906,1352.6890037344533,1.0294828316458282,237,3:20
4730000,9464.00000101057,-1490361.4103318946,389022.75692393474,300.61347138634056,1350.7088645717336,1.0309920534520653,237,3:17
4735000,9474.000001012608,-1491026.6185242645,389856.1219040289,301.2574458971863,1353.8709381146666,1.0285840892928415,237,3:13
4740000,9484.000001014645,-1493370.7331432262,389410.9125385937,300.91341478215475,1350.5267149010328,1.0311311065051885,237,3:09
4745000,9494.000001016682,-1491526.3232658235,386898.0769619702,298.9716460494335,1352.5367769270429,1.0295986990199497,237,3:06
4750000,9504.00000101872,-1491855.402090595,387109.69284115324,299.1351701181659,1352.1682712607892,1.0298792949802458,237,3:02
4755000,9514.000001020757,-1492359.6075874623,389257.4524219504,300.7948300012841,1350.8952193668713,1.030849829014407,237,2:58
4760000,9524.000001022794,-1491622.7223349474,388075.7923896282,299.8817139483219,1351.3874406737928,1.0304743584167046,237,2:55
4765000,9534.000001024831,-1491189.1350159757,389709.8147733848,301.14438851519844,1350.3348373350461,1.0312776264063708,237,2:51
4770000,9544.000001026869,-1494701.539565511,387146.9885326735,299.16398999334314,1348.2173584118873,1.0328973271350523,237,2:47
4775000,9554.000001028906,-1493498.5974507425,389943.8969452457,301.3252731884478,1351.0668618514273,1.0307188676009846,237,2:44
4780000,9564.000001030943,-1493173.6180061009,388118.6767029986,299.914852375524,1352.643504846328,1.0295174603739565,237,2:40
4785000,9574.00000103298,-1491743.5352430018,388385.9001328806,300.12134662672867,1351.9402336012495,1.030053009215682,237,2:37
4790000,9584.000001035018,-1490735.6330922144,389445.7461404074,300.9403321019663,1349.6596973710455,1.0317935021792957,237,2:33
4795000,9594.000001037055,-1493494.189279953,388589.6469642608,300.2787899669319,1349.3096143644007,1.0320612045417734,237,2:29
4800000,9604.000001039092,-1491330.6412098324,387593.9248171225,299.5093555678897,1351.3280684418373,1.0305196335531137,237,2:26
4805000,9614.00000104113,-1491498.5102243274,388411.0716375614,300.14079765695107,1350.6130582673416,1.0310651873062762,237,2:22
4810000,9624.000001043167,-1491840.4163512634,388621.1095911129,300.30310239932464,1352.1681098900542,1.0298794178883204,237,2:18
4815000,9634.000001045204,-1490653.578885614,390064.9828034062,301.4188410826379,1354.305248287842,1.0282542341626844,237,2:15
4820000,9644.000001047241,-1489784.829148692,387504.5194258144,299.4402684397888,1356.2302906013097,1.026794723249617,237,2:11
4825000,9654.000001049279,-1488874.227436212,391645.5000321586,302.64017007243297,1352.813712167758,1.0293879293027384,237,2:07
4830000,9664.000001051316,-1492277.702135753,389315.46116924146,300.83965568457273,1352.4407438874234,1.0296718079477174,237,2:04
4835000,9674.000001053353,-1494814.533440209,389153.10823671997,300.7141990685615,1352.383304972999,1.0297155405423484,237,2:00
4840000,9684.00000105539,-1491968.788991497,387268.0081266094,299.25750668251186,1349.227743688396,1.0321238296611346,237,1:56
4845000,9694.000001057428,-1489920.6666684598,388359.12615051697,300.10065729779376,1351.7093468061246,1.0302289535772926,237,1:53
4850000,9704.000001059465,-1489512.332308839,389191.9840939804,300.7442400011193,1353.5968367646697,1.0287923760439648,237,1:49
4855000,9714.000001061502,-1490715.6576726856,388803.46804567176,300.4440180837824,1356.080924407134,1.0269078200547197,237,1:45
4860000,9724.00000106354,-1493458.2285539433,389350.64867008966,300.8668464763481,1351.3864828970463,1.0304750887513578,237,1:42
4865000,9734.000001065577,-1493089.2116775904,388417.2788299611,300.14559420322405,1352.1050508814492,1.0299274490490886,237,1:38
4870000,9744.000001067614,-1490551.6880266322,388620.045884495,300.3022804306011,1351.5513090887277,1.0303494188760383,237,1:34
4875000,9754.000001069651,-1489795.6965443846,389859.67018163356,301.2601877934614,1350.5668097171135,1.0311004949043605,237,1:31
4880000,9764.000001071689,-1490772.0695099514,389731.3633810993,301.16103998777504,1351.2356237843217,1.030590136456464,237,1:27
4885000,9774.000001073726,-1493033.5887162983,388730.6034728684,300.38771270888685,1351.443783973715,1.0304313967141707,237,1:23
4890000,9784.000001075763,-1492067.4997182637,389764.08299651113,301.18632374559206,1352.639491579149,1.0295205149414592,237,1:20
4895000,9794.0000010778,-1490551.5713165132,388751.576116693,300.4039191110884,1352.4300471424192,1.029679951908132,237,1:16
4900000,9804.000001079838,-1491623.8621304734,387842.3474707732,299.7013217060032,1353.522998343309,1.0288484995121643,237,1:13
4905000,9814.000001081875,-1490550.7365761343,387984.046211793,299.81081800068233,1352.8331552809561,1.0293731347909718,237,1:09
4910000,9824.000001083912,-1491536.7582908794,388656.163371437,300.3301898598932,1352.5350171909447,1.029600038594877,237,1:05
4915000,9834.00000108595,-1489870.9585746126,389514.8465568662,300.9937287624346,1352.8595255739963,1.0293530699795859,237,1:02
4920000,9844.000001087987,-1491041.7229609676,389376.9082063689,300.8871382721811,1351.6004266539853,1.0303119756688432,237,0:58
4925000,9854.000001090024,-1490890.9201581795,389246.426950486,300.78631017772216,1350.162737244149,1.031409079429291,237,0:54
4930000,9864.000001092061,-1490775.9322889103,388488.5975993925,300.2007050739179,1351.4187643357684,1.030450473717654,237,0:51
4935000,9874.000001094098,-1492965.9927185988,386957.27969347313,299.01739437216247,1351.1633720306731,1.0306452459614972,237,0:47
4940000,9884.000001096136,-1494299.7094113976,388385.6322443764,300.12113961854794,1350.3053345450417,1.0313001587673634,237,0:43
4945000,9894.000001098173,-1491642.427945192,389615.7740425917,301.0717194745516,1351.581816612047,1.0303261621197417,237,0:40
4950000,9904.00000110021,-1492757.622592884,386400.8256505151,298.5874000375295,1354.1884852898659,1.0283428939381638,237,0:36
4955000,9914.000001102248,-1490753.3448465047,389092.1828513404,300.6671195821599,1353.3613272068642,1.0289714046837557,237,0:32
4960000,9924.000001104285,-1489920.2643969888,388648.66142188956,300.32439280289464,1354.4499424792496,1.0281443870503568,237,0:29
4965000,9934.000001106322,-1491600.5432771891,386089.2240338292,298.34661298326506,1353.4893117785607,1.0288741061950495,237,0:25
4970000,9944.00000110836,-1493076.3400260806,389001.34405070497,300.59692480123886,1353.7094917384825,1.0287067604972842,237,0:21
4975000,9954.000001110397,-1490450.171854172,390345.82457009086,301.63585876834077,1352.3673510551691,1.029727688127181,237,0:18
4980000,9964.000001112434,-1490212.1169225955,390278.1564262153,301.5835688822849,1354.2118302198123,1.0283251665839315,237,0:14
4985000,9974.000001114471,-1491502.8139371807,388594.73904377525,300.2827248207989,1353.2540072216684,1.0290530073949453,237,0:10
4990000,9984.000001116508,-1491434.419833365,388341.88871269167,300.0873372389277,1353.660329068427,1.0287441213993982,237,0:07
4995000,9994.000001118546,-1491826.4032835737,388830.6944982038,300.46505705454575,1352.9083614539006,1.0293159134623102,237,0:03
5000000,10004.000001120583,-1490395.3998971796,388332.7067329005,300.08024195524547,1349.7127187566164,1.0317529697605456,237,0:00
