#"Step","Time (ps)","Potential Energy (kJ/mole)","Kinetic Energy (kJ/mole)","Temperature (K)","Box Volume (nm^3)","Density (g/mL)","Speed (ns/day)","Time Remaining"
5000,14.000000000001178,-803609.0916519929,207187.1195725105,300.2039937294636,738.4423567705137,1.018079706669679,0,--
10000,23.99999999999741,-805037.1570098116,207598.8005881264,300.8004993678715,734.7617497650543,1.0231795248102973,364,39:26
15000,33.99999999999542,-807023.3241985454,206978.2742994609,299.90138715251817,731.8277001261057,1.0272816645828586,366,39:12
20000,44.00000000000764,-807169.0696478365,207109.92535669368,300.09214308967074,730.336134967176,1.0293796814629463,367,39:05
25000,54.00000000001986,-806249.139299015,207195.3397578065,300.2159043755508,729.4375418256715,1.0306477729289427,367,39:00
30000,64.00000000003207,-808059.1340468284,207223.25610166046,300.2563537911929,730.5623593642498,1.029060925925087,368,38:56
35000,74.00000000000877,-806015.6024951506,207734.16209173948,300.9966315601898,729.4658641062404,1.0306077569435088,368,38:50
40000,83.99999999998546,-807938.7307215901,206644.7491660851,299.4181255614736,731.545388484173,1.027678104199622,368,38:47
45000,93.99999999996216,-808595.2255763342,207126.7468218566,300.1165165692225,730.3018763602098,1.0294279698695186,369,38:38
50000,103.99999999993885,-806111.1895050718,206508.75078945945,299.2210705713372,730.1846636482255,1.0295932185389962,369,38:37
55000,113.99999999991554,-807423.9860601877,206627.65617877315,299.3933586596198,729.2928338452928,1.0308522764572663,362,39:21
60000,123.99999999989224,-809240.5532017751,207308.84111625425,300.38036228765475,730.1037852105126,1.0297072734071973,363,39:14
65000,133.99999999991155,-809214.8856278672,206055.85494141118,298.5648466583444,726.9202825874517,1.034216813014771,364,39:04
70000,143.9999999999593,-807944.7825154294,208173.7044447051,301.6335069125079,729.2357536260987,1.030932965416364,364,39:02
75000,154.00000000000705,-808315.3660126464,205696.58078996543,298.0442760006205,729.0150970210582,1.0312450058241727,363,39:01
80000,164.0000000000548,-807572.6143455519,207034.1710886779,299.98237886375114,729.9401587276659,1.0299380969582717,364,38:58
85000,174.00000000010255,-808658.8175734682,206676.37165628874,299.4639450017476,728.6460331215453,1.0317673380484655,364,38:52
90000,184.0000000001503,-809483.5341079244,208247.3104073485,301.74015834911,728.0440777832499,1.032620415322177,365,38:45
95000,194.00000000019804,-808726.2098924457,207685.59591209283,300.92626154336546,729.3953062562581,1.0307074524952644,365,38:40
100000,204.0000000002458,-809122.7106803209,206762.0150066297,299.58803802385137,728.6007602360257,1.0318314487207674,366,38:34
105000,214.00000000029354,-808532.9653635891,209958.51646701945,304.2196121600767,730.8276212984389,1.0286874169283629,363,38:52
110000,224.0000000003413,-808645.818617139,206992.7092745814,299.9223027248255,729.8849280991102,1.0300160327071528,363,38:47
115000,234.00000000038904,-807679.8867348391,206155.03466567528,298.7085532236101,730.6223271926551,1.028976462931379,363,38:43
120000,244.00000000043678,-807870.1389514832,206784.74724524166,299.62097592477784,728.547523180628,1.0319068476017585,364,38:38
125000,254.00000000048453,-808566.8401970589,207397.4281901565,300.50872062109335,728.5319609672065,1.0319288902237076,364,38:33
130000,264.0000000005323,-807894.6345569454,207921.24843855758,301.26771051820094,728.9677456035938,1.0313119922074157,365,38:28
135000,274.00000000058003,-809296.303605997,207252.084938513,300.2981253645203,728.4145238853766,1.0320952607634895,365,38:24
140000,284.0000000006278,-811753.8777063824,208511.6848133468,302.1232239213536,726.3249563902722,1.0350645002062053,365,38:19
145000,294.0000000006755,-807586.9930981775,207364.82978827992,300.46148713257946,728.4580098929534,1.0320336488356638,366,38:14
150000,304.0000000007233,-807928.8034170442,207173.94091482824,300.1848984996232,730.0462115840677,1.029788479200702,366,38:10
155000,314.000000000771,-810388.6618081583,205960.6384045158,298.4268825575641,727.1737159731837,1.0338563694746017,364,38:22
160000,324.0000000008188,-809489.3863914041,206603.97866761909,299.3590511050542,729.7910649036658,1.0301485097966079,364,38:17
165000,334.0000000008665,-810407.3565459936,206792.40587758436,299.63207290812574,728.6144573169398,1.031812051522838,364,38:13
170000,344.00000000091427,-809442.9785211692,207003.82978109986,299.9384157943832,729.4614604847102,1.030613978528546,365,38:09
175000,354.000000000962,-809645.6032936336,207136.94443913724,300.1312924174532,729.3573862122661,1.0307610400405205,365,38:05
180000,364.00000000100977,-807830.3885950181,207768.7968733233,301.0468156632116,729.7562078015719,1.030197715259191,365,38:01
185000,374.0000000010575,-810015.2066153898,207022.8811761103,299.9660203331212,728.9892867843063,1.0312815175785042,365,37:58
190000,384.00000000110526,-810628.373611338,207162.9717489527,300.1690047152484,727.0219686831754,1.0340721606185883,365,37:55
195000,394.000000001153,-807304.2676799814,207201.58641507948,300.2249554761437,729.1194641290939,1.0310973920733002,366,37:51
200000,404.00000000120076,-807843.6448604292,207047.4309906164,300.0015918125417,732.2991613762057,1.0266202907573325,365,37:51
205000,414.0000000012485,-808577.5948609645,206586.81364664933,299.33417982995655,727.5676203809647,1.0332966406335418,363,38:05
210000,424.00000000129626,-808063.2210208937,207289.15883069736,300.35184361939923,728.8936331362189,1.0314168539772282,363,38:01
215000,434.000000001344,-810718.0091127246,206589.67260911828,299.33832232661797,724.9021085021535,1.0370961391280842,363,38:00
220000,444.00000000139175,-809741.408884598,207677.86959805535,300.9150664925551,727.49423004898,1.0334008806128605,363,37:56
225000,454.0000000014395,-810552.0041640601,207698.29242612555,300.9446581706603,727.383705707592,1.0335579035854998,363,37:53
230000,464.00000000148725,-810537.4685548288,207206.2269912129,300.23167944378866,728.7162349721843,1.0316679413655268,363,37:48
235000,474.000000001535,-808732.9135234021,207950.12157367938,301.30954627755193,729.8119561798902,1.030119021218231,363,37:46
240000,484.00000000158275,-810900.0258129407,206884.88533148376,299.76607110963454,728.0458670458952,1.0326178775299588,363,37:43
245000,494.0000000016305,-808448.9048493695,208618.61339544735,302.27815820229074,727.7222733605671,1.0330770480634957,364,37:40
250000,504.00000000167825,-809352.16399595,206461.29231143813,299.1523055599421,730.7082260605088,1.0288555009522176,364,37:35
255000,514.0000000016692,-808982.7016309956,207039.46517749093,299.99004973927714,727.9402400623879,1.0327677144334797,363,37:41
260000,524.0000000014327,-810144.7628639559,206896.249059796,299.78253659566496,727.1189255181927,1.033934273458243,363,37:38
265000,534.0000000011962,-808199.0889197942,207788.57025698817,301.07546632816593,730.2766777362198,1.0294634908838525,363,37:35
270000,544.0000000009597,-807137.2762377542,206691.92526443466,299.4864814185477,730.3190404904632,1.0294037760106955,363,37:31
275000,554.0000000007233,-807478.0008024583,207790.95380164514,301.0789199676911,730.0699447608818,1.0297550027478861,363,37:28
280000,564.0000000004868,-808145.6801824542,207428.83485705248,300.5542273439599,727.2157104118576,1.033796667494455,363,37:24
285000,574.0000000002503,-809975.5493730926,207114.14831629163,300.09826195139954,727.2253704254091,1.033782935176767,364,37:21
290000,584.0000000000139,-809179.8753278349,207410.99915430733,300.5283842838019,726.994234329821,1.0341116097934817,363,37:19
295000,593.9999999997774,-809323.9386219243,206623.62950243027,299.3875242027188,728.6492591935512,1.0317627699305627,363,37:17
300000,603.9999999995409,-809386.8296466614,207956.47868469005,301.31875742020367,728.411535372735,1.0320994952237972,363,37:14
305000,613.9999999993045,-808993.9856658513,207732.92401198656,300.99483764323617,728.1023014194344,1.0325378405036918,362,37:18
310000,623.999999999068,-808203.4765081913,207196.88727663897,300.2181466545826,726.4631441125638,1.0348676103751553,363,37:15
315000,633.9999999988315,-810433.2059464776,207375.11561465345,300.4763907914677,727.1926262404937,1.033829484575606,363,37:12
320000,643.9999999985951,-810225.1717537856,207170.58665502412,300.1800383413697,726.9567593655378,1.0341649187353723,363,37:08
325000,653.9999999983586,-808422.3138827858,207207.45762762555,300.23346257570665,730.245139219228,1.0295079523257107,363,37:05
330000,663.9999999981221,-811810.1721643056,207803.6060825588,301.0972525033618,724.5670050923078,1.0375757834537533,363,37:02
335000,673.9999999978857,-809103.6656049918,207146.93193061673,300.1457638036846,728.0158712926224,1.0326604235132277,363,36:59
340000,683.9999999976492,-809770.4078902942,207204.0183055648,300.22847916640745,729.0024205594915,1.0312629379150868,363,36:55
345000,693.9999999974127,-810440.224015309,206801.97457918982,299.64593748833073,727.5706998626423,1.0332922671505622,364,36:52
350000,703.9999999971762,-810783.9587291498,207565.11893660852,300.7516963036562,725.4668213566277,1.036288849940143,364,36:48
355000,713.9999999969398,-809260.1974432357,208676.56814958635,302.3621318039511,728.6640453719831,1.0317418332197252,363,36:51
360000,723.9999999967033,-809086.6240505916,206888.99531174137,299.77202626983,727.6982727582053,1.0331111205250747,363,36:47
365000,733.9999999964668,-810497.0979790245,207511.27925844106,300.6736852456313,728.2860884968388,1.0322772737909494,363,36:44
370000,743.9999999962304,-809080.2174408874,206332.77389231976,298.96608866206384,728.3720028166223,1.0321555126586395,363,36:41
375000,753.9999999959939,-810540.1301096505,207610.5944752083,300.8175881329013,728.5495939887827,1.0319039145397781,363,36:38
380000,763.9999999957574,-809946.9774545073,207426.34753183695,300.5506233314858,726.0208591339757,1.0354980418471136,364,36:35
385000,773.999999995521,-808560.6388915619,206892.96869900933,299.7777835134701,729.460160393321,1.0306158153558764,364,36:33
390000,783.9999999952845,-809154.5301021291,207291.3291711057,300.3549883364052,727.1585787281032,1.0338778912412434,364,36:29
395000,793.999999995048,-810857.8038260611,207359.03931521138,300.453097020567,727.4975692977467,1.0333961372532101,364,36:27
400000,803.9999999948116,-808289.6696160543,208074.7061857374,301.49006328157327,727.0955650667398,1.0339674921609294,364,36:23
405000,813.9999999945751,-809608.6524663987,207846.86271425392,301.1599292451252,727.625721111778,1.0332141321566892,363,36:25
410000,823.9999999943386,-811321.2235321607,208000.8167974545,301.38300117509425,725.5504668274979,1.0361693808297587,363,36:22
415000,833.9999999941022,-808381.0859060581,208480.485558677,302.07801772864923,728.3797415418292,1.0321445464449635,363,36:19
420000,843.9999999938657,-807684.7673706762,207215.58235942252,300.24523491434655,728.4238351265334,1.0320820677741798,364,36:16
425000,853.9999999936292,-809002.5290061114,205854.99796626763,298.2738147340099,728.2882866087635,1.0322741581827117,364,36:14
430000,863.9999999933927,-811313.4718328291,208554.2369652866,302.1848799064383,727.3976913510152,1.03353803141314,364,36:11
435000,873.9999999931563,-810731.8138431115,207077.4772891561,300.04512742825466,726.9077420057978,1.0342346552795343,364,36:08
440000,883.9999999929198,-811047.0868763197,207915.78376247804,301.2597924700766,727.1461044326308,1.0338956275644102,364,36:05
445000,893.9999999926833,-811363.6164885326,207563.3913728044,300.74919314827434,726.4249298586294,1.0349220505409946,364,36:03
450000,903.9999999924469,-809373.245027937,208336.12271145004,301.8688430300815,727.4071374875255,1.0335246098493003,364,36:01
455000,913.9999999922104,-811243.1252656835,206553.467191196,299.2858624484298,728.6427672554257,1.031771962556035,363,36:02
460000,923.9999999919739,-809379.0327681997,206849.52873514924,299.7148411323744,729.3696352817697,1.0307437293889519,363,35:59
465000,933.9999999917375,-809046.847670414,207463.00641648777,300.60374026076477,727.9866033406232,1.0327019405625362,363,35:56
470000,943.999999991501,-808720.6544750393,206438.05474434653,299.11863546278624,727.5561507276376,1.033312930172487,364,35:53
475000,953.9999999912645,-807183.5039773155,207550.21880678693,300.730106744958,730.3835452282377,1.0293128629266461,364,35:49
480000,963.9999999910281,-809004.2347610472,206790.43001820968,299.62920998461703,728.7498759195322,1.0316203169500135,364,35:46
485000,973.9999999907916,-810511.0165071585,206367.57119520457,299.01650825049467,727.2294316084182,1.0337771620582585,364,35:43
490000,983.9999999905551,-809658.0668133474,206827.05115447062,299.68227221832694,727.1444975776068,1.0338979122827694,364,35:41
495000,993.9999999903187,-808000.9751753043,207303.30883706643,300.372346285936,727.6607553199365,1.0331643866692302,364,35:38
500000,1003.9999999900822,-810343.3589866869,205733.7192961542,298.09808787802876,727.613844137135,1.0332309975010574,364,35:34
505000,1013.9999999898457,-809579.9259484317,206422.1123022936,299.09553564468956,727.0938433086436,1.0339699405957734,364,35:35
510000,1023.9999999896093,-809280.5456242622,207315.29312858972,300.38971093768043,727.6483192910193,1.0331820441857091,364,35:32
515000,1033.9999999893728,-809188.122403868,207869.4050346938,301.1925919639175,727.628495326219,1.033210192842074,364,35:29
520000,1043.9999999891363,-809377.0518830633,207509.8174667796,300.67156718107367,728.4992451866182,1.0319752325629459,364,35:26
525000,1053.9999999888998,-808329.9031978231,207058.93852572236,300.0182656675762,727.725809397597,1.033072028317529,364,35:24
530000,1063.9999999886634,-808912.1367605515,206606.30458565356,299.3624212464244,727.6411734095188,1.0331921906654933,364,35:21
535000,1073.999999988427,-809539.8308473378,205387.56006830328,297.59652010257264,727.6137033437675,1.0332311974314201,364,35:18
540000,1083.9999999881904,-808578.6697057532,207061.14247340284,300.0214590798743,727.3057551427097,1.0336686773857253,364,35:14
545000,1093.999999987954,-810826.852047347,206035.87162625004,298.53589181292875,725.392849607944,1.036394525228248,364,35:12
550000,1103.9999999877175,-810759.9583748262,208082.63391490554,301.501550173048,726.8693159244359,1.0342893302866372,364,35:10
555000,1113.999999987481,-809186.9801745871,207635.17738079646,300.85320755967973,727.5706489086317,1.033292339515198,364,35:10
560000,1123.9999999872446,-809142.8771508937,208052.00838737504,301.45717528288253,727.9632147568672,1.0327351200355401,364,35:07
565000,1133.999999987008,-808845.5562353851,206256.59638507283,298.8557111832173,728.2761265891259,1.0322913940546243,364,35:05
570000,1143.9999999867716,-808900.4932681527,206941.25026700107,299.84774114193925,729.7726184420544,1.030174548859269,364,35:02
575000,1153.9999999865352,-810161.8605234018,207126.68460819245,300.1164264246687,729.6042791766605,1.0304122377431368,364,34:59
580000,1163.9999999862987,-809787.5459631281,206645.62003309926,299.41938740514513,726.2198428664092,1.0352143161030178,364,34:56
585000,1173.9999999860622,-809535.4513589256,207521.50621121004,300.68850359954865,727.9546082732991,1.0327473298872807,364,34:53
590000,1183.9999999858258,-810025.667765372,206747.2870759274,299.56669797324724,730.3176986324448,1.02940566739812,364,34:50
595000,1193.9999999855893,-810745.7665207335,207060.98870824862,300.02123628169323,728.6689074513766,1.031734948871216,365,34:48
600000,1203.9999999853528,-810943.100062401,204710.2484948953,296.61512878946496,728.1923606593676,1.032410141315755,365,34:45
605000,1213.9999999851163,-809806.2979665543,206847.9317457077,299.7125271728518,728.1308962887337,1.032497291084973,364,34:48
610000,1223.9999999848799,-809977.3758723382,206169.98218136895,298.7302114421173,726.1613156288712,1.0352977524316644,364,34:45
615000,1233.9999999846434,-810968.05288989,207415.991455436,300.53561788374685,727.6977925405678,1.0331118022891075,364,34:42
620000,1243.999999984407,-809538.0217119404,206957.36872617685,299.87109600023024,729.0111211050172,1.0312506300779627,364,34:40
625000,1253.9999999841705,-809925.4947316204,205715.7896837198,298.0721087473283,727.0165843999938,1.0340798189546738,364,34:37
630000,1263.999999983934,-809747.8235002216,207338.2290530707,300.42294396945994,727.7163031012846,1.0330855235336887,364,34:35
635000,1273.9999999836975,-808520.1140120192,206839.21833729438,299.69990187061256,727.3994934399576,1.0335354708841942,364,34:32
640000,1283.999999983461,-809456.1104450044,206849.05134610098,299.7141494190133,726.2770728840658,1.035132742092491,364,34:29
645000,1293.9999999832246,-808987.8306871848,206936.67473445684,299.8411114192709,730.3984603438968,1.0292918438237408,364,34:26
650000,1303.9999999829881,-809233.055307555,207176.94830332376,300.189256058331,725.5186030765516,1.0362148879235107,364,34:23
655000,1313.9999999827517,-810030.4339326634,206390.52657120905,299.04976946657956,728.3640181418191,1.0321668276411342,364,34:23
660000,1323.9999999825152,-808710.789950381,206653.41024790815,299.43067504504506,727.0310389849794,1.034059259729794,364,34:20
665000,1333.9999999822787,-810275.113971585,208217.35875741806,301.6967598745984,728.651213044237,1.0317600032976941,364,34:18
670000,1343.9999999820423,-809700.9812893085,207217.80051631122,300.2484489150918,729.2362148464565,1.030932313381726,364,34:15
675000,1353.9999999818058,-809822.3228316908,207031.93448387567,299.97913813288227,727.8825902899782,1.0328495117239815,364,34:12
680000,1363.9999999815693,-811102.4384573307,207546.07916288282,300.7241086035909,725.3324649746422,1.0364808060806623,364,34:09
685000,1373.9999999813328,-809774.4677017825,208486.74261570265,302.08708389797465,727.9231990140696,1.0327918920452759,364,34:06
690000,1383.9999999810964,-810761.2834626129,207678.9768654409,300.91667086879215,726.3937395142402,1.0349664886651364,364,34:04
695000,1393.99999998086,-810168.6188735394,207907.37804966187,301.2476130036949,725.2556015540154,1.0365906535054856,364,34:01
700000,1403.9999999806234,-810160.8418992679,206599.86090674845,299.35308467113134,729.4181984767041,1.0306751045469034,364,33:58
705000,1413.999999980387,-810003.7375153634,208579.359668281,302.2212814732334,727.5709931539403,1.0332918506198965,364,33:58
710000,1423.9999999801505,-808523.815732216,207840.7042437935,301.1510059229067,727.975449911868,1.032717762754783,364,33:55
715000,1433.999999979914,-810368.1935634171,206426.99215485808,299.1026063121697,727.3100193305684,1.0336626170300216,364,33:53
720000,1443.9999999796776,-809838.9407146494,207423.21669427946,300.54608690113037,727.1637299337975,1.033870567281781,364,33:50
725000,1453.999999979441,-809648.5938716233,205371.13397314493,297.57271949480275,726.8908199180337,1.0342587323611616,364,33:47
730000,1463.9999999792046,-811159.9452519491,207657.5359309633,300.88560400434255,724.9262882560778,1.0370615470187259,364,33:44
735000,1473.9999999789682,-808629.2510201288,206144.38349147112,298.6931201936004,729.8059464012672,1.0301275040036937,364,33:42
740000,1483.9999999787317,-810055.5278286049,208447.02642365143,302.02953707993834,726.5960313786702,1.0346783432699334,364,33:39
745000,1493.9999999784952,-810406.4483877821,207731.29927664477,300.99248348126235,728.6436047116536,1.0317707767035138,365,33:36
750000,1503.9999999782588,-810755.5820426089,207587.1148280196,300.78356727353537,724.7778798921707,1.0372738998122284,365,33:33
755000,1513.9999999780223,-811313.8523684302,206221.7077001941,298.80515918675064,727.4199830273496,1.0335063587951019,364,33:33
760000,1523.9999999777858,-809984.9032741585,206659.4394616902,299.43941108066423,729.5686007185284,1.0304626285080993,364,33:31
765000,1533.9999999775494,-810326.0814815499,206734.21440077026,299.5477563068975,727.673402296413,1.033146430254095,364,33:28
770000,1543.9999999773129,-809933.8418185008,206482.8302969325,299.183513046564,729.1139583026242,1.0311051782955354,364,33:25
775000,1553.9999999770764,-808677.4899646491,207934.91010696613,301.2875056069387,727.8022051454947,1.032963589088192,364,33:23
780000,1563.99999997684,-810430.8162232437,205717.1313636698,298.07405277589595,728.0335659425004,1.0326353249937477,365,33:20
785000,1573.9999999766035,-809749.5261387685,207377.7996850884,300.48027987813333,728.5656084135854,1.0318812325088775,365,33:17
790000,1583.999999976367,-809851.3785975561,208200.44027361326,301.67224581978394,728.784508775158,1.0315712929146954,365,33:14
795000,1593.9999999761305,-809925.0021185409,207805.35837617138,301.0997914910255,727.7229234289307,1.0330761252250298,365,33:12
800000,1603.999999975894,-811559.196844718,207227.04716421885,300.2618468552543,726.7440319367262,1.0344676322554867,365,33:09
805000,1613.9999999756576,-809593.0537222745,207566.49163282372,300.7536852732738,727.0392711457723,1.0340475512259575,364,33:09
810000,1623.9999999754211,-809818.8402977446,207806.48826668772,301.1014286470716,728.9887400692936,1.0312822910020938,364,33:06
815000,1633.9999999751847,-809660.4720106921,207421.4178677401,300.5434804895337,727.7903641892437,1.0329803951318952,365,33:03
820000,1643.9999999749482,-809751.9009065777,207245.83356280316,300.2890674271433,729.2620216075597,1.0308958312626295,365,33:01
825000,1653.9999999747117,-809962.6033316241,207122.48366272548,300.11033946033797,727.8585117834104,1.0328836797296435,365,32:58
830000,1663.9999999744753,-810304.2146682078,206094.13098909374,298.6203067776906,727.3783119390317,1.0335655677844924,365,32:55
835000,1673.9999999742388,-811099.844562625,208438.01419578464,302.0164788029393,726.7547279217152,1.0344524075175645,365,32:53
840000,1683.9999999740023,-808742.459797971,207698.69742603204,300.94524499569866,727.4825159788672,1.0334175206421452,365,32:50
845000,1693.9999999737659,-809021.7449588077,206670.62671336226,299.45562086068213,728.2571566631375,1.0323182835828144,365,32:47
850000,1703.9999999735294,-807855.9088146118,206506.96099011225,299.2184772397,728.1558473665701,1.032461911405789,365,32:45
855000,1713.999999973293,-810683.6824169382,206196.19100979014,298.7681867514862,727.6551850508637,1.0331722956400564,365,32:44
860000,1723.9999999730564,-808954.3235528292,207319.47363097867,300.39576828099183,728.6551325308444,1.031754453388918,365,32:42
865000,1733.99999997282,-808871.5751336799,207058.67533490475,300.01788431696565,726.4837753203867,1.0348382214617833,365,32:39
870000,1743.9999999725835,-809028.6555210385,206778.88480756228,299.61248153956717,726.7431784660863,1.0344688471107177,365,32:36
875000,1753.999999972347,-810281.0563667067,207467.38063603756,300.61007829075913,726.90843098691,1.0342336750073118,365,32:34
880000,1763.9999999721106,-807889.4043969745,208366.5554608822,301.9129385942196,729.5849319994317,1.0304395622770024,365,32:31
885000,1773.999999971874,-809217.4542917702,208026.50062217622,301.42021577980336,728.656163576615,1.0317529934601908,365,32:28
890000,1783.9999999716376,-811054.5956393885,207597.37357428763,300.7984316946764,726.1564079582577,1.0353047494095886,365,32:26
895000,1793.9999999714012,-810537.9067539922,207748.72403673644,301.01773110563244,728.1092855490521,1.0325279362513269,365,32:23
900000,1803.9999999711647,-810929.3708814988,207336.17160700256,300.41996283082636,728.6821054426838,1.031716261944798,365,32:20
905000,1813.9999999709282,-810791.0492826593,208473.30196584435,302.06760905429655,726.3334437033808,1.0350524053252974,365,32:20
910000,1823.9999999706918,-808413.828050435,207107.3826610329,300.08845884813206,726.5934673396191,1.034681994494169,365,32:17
915000,1833.9999999704553,-809995.1748196841,208139.55601849794,301.5840275146182,726.4047772737615,1.0349507622938736,365,32:15
920000,1843.9999999702188,-808833.3415584173,208115.26997653692,301.548838228703,727.0978971415162,1.033964175840641,365,32:12
925000,1853.9999999699824,-810191.8611678882,206796.8131110293,299.638458773638,727.9712268220292,1.0327237537331755,365,32:10
930000,1863.9999999697459,-809343.5960186208,205861.26428680468,298.28289432570983,727.8307343460106,1.032923099419416,365,32:07
935000,1873.9999999695094,-809288.78133546,207511.82667919344,300.6744784315034,729.1561330426683,1.0310455386780624,365,32:04
940000,1883.999999969273,-810018.8477669689,207894.26115421444,301.2286072643093,727.0884292510935,1.0339776397593667,365,32:02
945000,1893.9999999690365,-810164.6711839358,206752.88237133075,299.5748052823775,727.6652359069977,1.0331580249760302,365,31:59
950000,1903.9999999688,-812726.1141979112,207479.02190991642,300.6269459267287,726.6875352442675,1.03454805746831,365,31:56
955000,1913.9999999685635,-810972.8471026458,207726.55098042332,300.9856034324831,726.3680783790252,1.0350030519665798,365,31:56
960000,1923.999999968327,-811979.7853799001,207196.67210630927,300.2178348833082,725.2615689447499,1.0365821245254236,365,31:53
965000,1933.9999999680906,-810200.5361174056,208090.44077650306,301.5128619333297,728.1059035447834,1.0325327322760138,365,31:51
970000,1943.9999999678541,-810388.4837431828,207249.24913447397,300.2940164232902,728.5549189143517,1.0318963724706813,365,31:48
975000,1953.9999999676177,-809979.5142259859,207238.77956008638,300.27884652252476,727.5347854525913,1.03334327513386,365,31:45
980000,1963.9999999673812,-810952.6991347256,208170.16220826004,301.62837438530386,729.0132687046449,1.0312475921175244,365,31:43
985000,1973.9999999671447,-810106.219568016,207960.3477344985,301.3243634839726,728.5187393106938,1.0319476183752236,365,31:40
990000,1983.9999999669083,-809946.7674645837,207136.78138861872,300.1310561652338,727.3183267330505,1.0336508105746158,365,31:38
995000,1993.9999999666718,-809936.3296775627,207134.25000625098,300.1273883161029,726.7792510986621,1.0344175027519231,365,31:35
1000000,2003.9999999664353,-810476.4198973398,207364.4378467133,300.4609192284363,727.8781690925061,1.0328557853448213,365,31:32
1005000,2013.9999999661989,-811495.8096627239,207900.9288848654,301.2382684796139,725.009919412046,1.0369419201644372,365,31:31
1010000,2023.9999999659624,-810455.1817841269,206933.0366134753,299.83583996006735,727.3410403459185,1.0336185314331268,365,31:29
1015000,2033.999999965726,-809280.5907834265,207997.69688488264,301.3784805745082,728.4322017478493,1.0320702134934283,365,31:26
1020000,2043.9999999654895,-810248.4514728296,206475.70092548456,299.17318293634355,726.3255203816542,1.0350636964791688,365,31:24
1025000,2053.999999965253,-809613.7545909248,208484.0773653427,302.0832220806764,729.3793816515351,1.0307299560224805,365,31:21
1030000,2063.9999999650167,-810622.0983586777,207642.24965063378,300.86345493246176,728.7969840062843,1.0315536349240824,365,31:18
1035000,2073.9999999647803,-809429.5577304456,207345.1889660665,300.4330285426788,727.9797558929722,1.0327116542563854,365,31:16
1040000,2083.999999964544,-811430.5247495282,207072.43617901555,300.03782310644095,727.6866542203111,1.0331276155928806,365,31:13
1045000,2093.9999999643073,-810984.6597165382,208359.3879514595,301.90255322394074,729.9989115692134,1.0298552039719187,365,31:11
1050000,2103.999999964071,-809299.2741220621,205525.6952603339,297.7966712336262,728.3527009216845,1.0321828655568162,365,31:08
1055000,2113.9999999638344,-810350.8940877467,207382.90819984232,300.4876818659322,726.9736974728975,1.0341408232330422,365,31:07
1060000,2123.999999963598,-809218.1013289224,207210.14523779333,300.2373567912719,727.7738199569761,1.0330038775204016,365,31:05
1065000,2133.9999999633615,-808933.7491296865,207045.67098935883,299.9990416568776,728.1467438840097,1.0324748195168032,365,31:02
1070000,2143.999999963125,-808928.0758426208,207886.95607145876,301.2180225570056,728.6649006068823,1.0317406222630536,365,30:59
1075000,2153.9999999628885,-810445.1302649118,205769.90988274885,298.1505262663492,728.9141193442309,1.0313878658980338,365,30:57
1080000,2163.999999962652,-809910.8312543901,207696.50054169958,300.942061817846,729.0445322577499,1.0312033692169553,365,30:55
1085000,2173.9999999624156,-809433.0446447427,207595.1567025436,300.79521955604287,728.6899091618664,1.031705213041989,365,30:52
1090000,2183.999999962179,-808928.2080517495,207390.90308840555,300.49926606808265,728.9036730727324,1.0314026472169724,365,30:49
1095000,2193.9999999619426,-811156.1321980902,206659.44194376603,299.4394146770706,726.4900327188196,1.0348293082010729,365,30:47
1100000,2203.999999961706,-809420.666307643,207405.90334690965,300.5210007083402,726.8821551972077,1.034271061131532,365,30:44
1105000,2213.9999999614697,-810915.5483392077,205250.13213354,297.3973937526767,727.88391821835,1.0328476274260379,365,30:43
1110000,2223.9999999612332,-811834.5629498786,206564.02026044927,299.30115332916836,727.432877877206,1.03348803832908,365,30:41
1115000,2233.999999960997,-809795.2951391782,207245.4752876872,300.2885483040391,727.2301477303737,1.0337761440716895,365,30:38
1120000,2243.9999999607603,-811564.1501252102,206868.52732268814,299.7423691556712,724.5185138857471,1.0376452272301009,365,30:35
1125000,2253.999999960524,-810607.2531958171,207153.3188057546,300.15501807309954,725.9278846009778,1.035630665140561,365,30:33
1130000,2263.9999999602874,-810339.602029183,207072.15580214447,300.03741685408016,727.3992786809956,1.0335357760274786,365,30:30
1135000,2273.999999960051,-811169.8030119385,206765.1285882791,299.5925494512407,727.143670822525,1.033899087814356,365,30:28
1140000,2283.9999999598144,-809665.0715829092,207321.32381210756,300.3984491028748,726.1158831284116,1.035362530198831,365,30:25
1145000,2293.999999959578,-810099.0130635286,206221.04722010766,298.80420218343824,728.5503972530172,1.0319027768127094,365,30:22
1150000,2303.9999999593415,-811786.9781001904,208302.39208210335,301.81996899938997,725.2468025209256,1.0366032299076553,365,30:20
1155000,2313.999999959105,-808857.0403753081,207178.73654914496,300.1918471389851,728.4422996418731,1.0320559066147008,365,30:19
1160000,2323.9999999588686,-810608.482088693,207712.37462621625,300.965062589219,728.1550860023326,1.0324629909554495,365,30:16
1165000,2333.999999958632,-809475.3741802131,206462.19419226877,299.1536123411155,727.8340707045462,1.0329183645465403,365,30:13
1170000,2343.9999999583956,-808838.9125737487,206641.92884408357,299.41403905295795,729.2005709905991,1.0309827061052632,365,30:11
1175000,2353.999999958159,-808391.8184227715,207093.85854643778,300.06886306813624,729.4505399092272,1.0306294078100813,365,30:08
1180000,2363.9999999579227,-809898.7580854571,208110.79269275474,301.54235086368124,730.5530491779485,1.0290740403032235,365,30:06
1185000,2373.999999957686,-808523.4597684923,208091.2226787036,301.5139948713415,727.3282270448505,1.033636740633513,365,30:03
1190000,2383.9999999574497,-809129.4040097576,206277.9390980866,298.8866357295741,725.1230713783941,1.036780110367057,366,30:01
1195000,2393.9999999572133,-810289.0509776701,208236.7325429361,301.72483154139974,729.7294320098761,1.0302355160634609,366,29:58
1200000,2403.999999956977,-809036.448657888,207091.09206884503,300.0648545775331,728.0175824442717,1.0326579963210423,366,29:55
1205000,2413.9999999567403,-809247.6793890279,206930.11990771952,299.83161379621015,728.7730598411551,1.0315874987712268,365,29:54
1210000,2423.999999956504,-811742.2422594656,207436.29373936538,300.565034899293,728.7532118479708,1.0316155946222116,365,29:52
1215000,2433.9999999562674,-812511.1789865056,207716.86637037742,300.971570906622,727.9139151878915,1.0328050642902404,365,29:49
1220000,2443.999999956031,-810114.482865707,208278.25380385277,301.78499381585766,728.6953523989929,1.0316975063699196,365,29:47
1225000,2453.9999999557945,-811388.2792098676,207434.74827507843,300.56279559719707,727.7211536708891,1.0330786375812682,365,29:44
1230000,2463.999999955558,-810300.0318093128,206015.70098976523,298.5066655480852,726.6914126939212,1.0345425373700439,366,29:42
1235000,2473.9999999553215,-811647.3001976246,208920.69229226935,302.7158557359718,726.4981894093963,1.034817689751654,366,29:39
1240000,2483.999999955085,-812642.3547629099,207626.3922363757,300.84047831547747,726.8276104040913,1.0343486780247928,366,29:37
1245000,2493.9999999548486,-811373.4716323442,206312.79943506993,298.937146651328,725.1894080917651,1.0366852708889254,366,29:34
1250000,2503.999999954612,-808462.5392669695,205829.1411158123,298.236349423483,728.8157394525566,1.0315270887784251,366,29:32
1255000,2513.9999999543757,-810953.3516449188,206242.41656609174,298.8351653196652,726.04031400983,1.0354702947847771,365,29:31
1260000,2523.999999954139,-810368.0856672791,207597.19011036083,300.79816586442763,728.6346560488611,1.031783448306056,365,29:28
1265000,2533.9999999539027,-810045.639469876,207714.21409834464,300.96772789428445,728.8460425321007,1.0314842011922973,365,29:26
1270000,2543.9999999536662,-811078.418608068,207701.58732397074,300.94943231634124,728.6188309693405,1.0318058579040836,365,29:23
1275000,2553.99999995343,-810982.0403892477,207470.7056537923,300.61489607871454,726.4056070228901,1.0349495801038069,365,29:21
1280000,2563.9999999531933,-810923.3419688083,208365.26179118524,301.91106413015837,726.2746587951748,1.0351361828052066,365,29:18
1285000,2573.999999952957,-809732.6186795067,208162.3114326059,301.6169989957038,726.4112172729988,1.034941586937049,365,29:16
1290000,2583.9999999527204,-808009.090846688,207878.13849439152,301.20524631948626,728.8717186543005,1.0314478648745073,366,29:13
1295000,2593.999999952484,-808757.3168846844,207320.76196954292,300.3976350205028,727.9376371216078,1.0327714073778518,366,29:11
1300000,2603.9999999522474,-809828.5528830644,207422.3519965196,300.54483399640634,727.7195588699609,1.0330809015780924,366,29:08
1305000,2613.999999952011,-809352.5513807926,208051.77447003973,301.4568363481148,728.145263192398,1.0324769190660028,365,29:07
1310000,2623.9999999517745,-808859.4145575482,208043.13826730798,301.4443229131286,728.5250815560826,1.0319386346556652,365,29:05
1315000,2633.999999951538,-809342.6110607423,206922.79509565944,299.8210005021101,726.9498211362751,1.034174789118572,365,29:02
1320000,2643.9999999513016,-809814.7740206677,207426.52388471877,300.5508788581785,726.3053013811165,1.0350925107441835,365,29:00
1325000,2653.999999951065,-811019.6319453535,208102.867836672,301.53086813516666,726.7063244534307,1.0345213089191545,365,28:57
1330000,2663.9999999508286,-810468.6002181405,206530.95342587522,299.2532411046073,725.8763552946422,1.0357041836253624,365,28:55
1335000,2673.999999950592,-812127.3497869191,207152.7507295357,300.15419495846766,725.7755173661651,1.0358480824782348,365,28:52
1340000,2683.9999999503557,-810564.8904484296,206746.54749501188,299.5656263567057,725.9189958582263,1.0356433462449546,365,28:50
1345000,2693.999999950119,-810137.6334689581,206666.68993548505,299.449916662257,726.4195630346414,1.034929696596758,366,28:47
1350000,2703.9999999498827,-810840.0916768266,207223.2310701107,300.25631752170267,727.508456075466,1.033380673028776,366,28:45
1355000,2713.9999999496463,-811280.1379257184,207687.81434943096,300.92947595046815,725.4247818534341,1.036348904503354,365,28:44
1360000,2723.99999994941,-811344.3504629373,207301.69192263848,300.37000345608345,725.4021002367876,1.0363813086948446,365,28:41
1365000,2733.9999999491733,-809988.7600825639,207537.19444864223,300.711235087594,727.104122108376,1.0339553237484396,365,28:39
1370000,2743.999999948937,-809944.6487497753,208113.43725277288,301.5461827016871,727.2974947890996,1.0336804173805034,365,28:36
1375000,2753.9999999487004,-810720.4844837715,206268.75312163928,298.87332569938746,727.683791907789,1.0331316793553882,365,28:34
1380000,2763.999999948464,-811954.4648312973,206255.69184356183,298.8544005468483,725.912405001267,1.0356527492763796,365,28:31
1385000,2773.9999999482275,-811482.981961539,206352.08791240107,298.9940737316731,725.9318762620944,1.0356249705474558,365,28:29
1390000,2783.999999947991,-810000.0548224435,206272.76828099048,298.87914346873134,727.1732684171599,1.0338570057860093,365,28:26
1395000,2793.9999999477545,-810078.7041517114,206302.27195633046,298.9218928499913,728.1773603928565,1.032431408699377,366,28:24
1400000,2803.999999947518,-811596.2370127658,206281.86378946202,298.8923224152498,727.3612608566576,1.0335897970259762,366,28:21
1405000,2813.9999999472816,-809175.5003347741,207805.15581982076,301.0994979967893,730.6286808816942,1.02896751475203,365,28:20
1410000,2823.999999947045,-808529.958473606,207601.84189769428,300.80490607655264,728.316750941713,1.032233814478828,365,28:18
1415000,2833.9999999468087,-809775.2080687829,207566.2923116334,300.7533964666265,729.2867007025683,1.0308609457009716,365,28:15
1420000,2843.999999946572,-810563.8642826639,207348.03442887656,300.43715147899536,727.9260427679163,1.032787857286601,365,28:13
1425000,2853.9999999463357,-811219.2627770421,207098.14447173988,300.07507316408805,729.5328896460976,1.0305130702717078,365,28:10
1430000,2863.9999999460993,-809020.8438447048,207527.28447866364,300.6968760262226,727.7839506697294,1.0329894981629746,365,28:08
1435000,2873.999999945863,-809714.6338474113,208488.36210144433,302.0894304535349,727.4873847635649,1.033410604388316,365,28:05
1440000,2883.9999999456263,-810371.9751954703,208451.48815892055,302.03600191592585,726.7559426055799,1.0344506785566099,365,28:03
1445000,2893.99999994539,-808552.9355407469,207415.12108595757,300.53435676098024,727.4455404307766,1.0334700485320125,365,28:00
1450000,2903.9999999451534,-810185.2120462204,206106.69719022178,298.63851458796574,725.626946286517,1.0360601708919202,366,27:58
1455000,2913.999999944917,-808914.0979810627,207172.68854795548,300.18308388133227,729.2856374996143,1.0308624485612314,365,27:56
1460000,2923.9999999446804,-808346.4029108919,208230.06532355008,301.715171066893,728.301210416482,1.0322558403321545,365,27:54
1465000,2933.999999944444,-808759.851671367,206340.33492027235,298.97704422142846,728.0595369536311,1.0325984892926021,365,27:51
1470000,2943.9999999442075,-810158.1203075256,206550.93870948075,299.2821988022024,729.1003515759915,1.0311244211422304,365,27:49
1475000,2953.999999943971,-809241.1611078978,207994.49808955542,301.3738456766713,727.2644647632479,1.0337273638388589,365,27:47
1480000,2963.9999999437346,-811250.4397666398,206649.99716828996,299.42572965976046,727.0960043197703,1.0339668675207834,365,27:44
1485000,2973.999999943498,-811750.0518797445,208436.35418307746,302.01407352579,728.55400697453,1.031897664107794,365,27:42
1490000,2983.9999999432616,-808605.4349044492,206740.40460736182,299.55672561321654,728.4219853771192,1.0320846886357666,365,27:39
1495000,2993.999999943025,-810606.6375329355,206137.03411405408,298.6824713055007,727.9340296284533,1.0327765255831158,365,27:37
1500000,3003.9999999427887,-810072.7595607992,208217.84389206785,301.6974628109569,726.7830469215955,1.0344121002240347,365,27:34
1505000,3013.999999942552,-810368.7078050119,207587.97490984492,300.7848134899963,726.7789084493601,1.0344179904414132,365,27:33
1510000,3023.9999999423158,-810621.9051825791,207265.99939740857,300.31828673429874,729.854125542516,1.0300595032117783,365,27:30
1515000,3033.9999999420793,-808847.5589571362,207035.19171229508,299.9838576974093,726.9911200482483,1.0341160397165465,365,27:28
1520000,3043.999999941843,-810640.2116877991,206608.55819156204,299.3656866110639,726.8224263361096,1.0343560555267373,365,27:26
1525000,3053.9999999416063,-811438.3420357886,207917.65954518074,301.2625103873867,728.0215482058164,1.0326523711092874,365,27:23
1530000,3063.99999994137,-810085.3997728396,206813.29230929306,299.662336325208,727.9501872308249,1.0327536020469565,365,27:21
1535000,3073.9999999411334,-810929.2547590975,206566.39907502325,299.3046001150348,725.9999575954985,1.0355278538353077,365,27:18
1540000,3083.999999940897,-809493.2014960032,207088.38561734732,300.0609330618031,728.3136054005214,1.0322382726325117,365,27:16
1545000,3093.9999999406605,-810145.208157883,206891.58420522453,299.77577744975173,726.3335770003001,1.0350522153722217,365,27:13
1550000,3103.999999940424,-808726.1648416235,206799.22816043545,299.64195806200246,727.9199345111756,1.0327965238075902,365,27:11
1555000,3113.9999999401875,-810774.1125722104,207523.24608741724,300.6910245949999,727.348907121308,1.0336073521424927,365,27:09
1560000,3123.999999939951,-812382.966600372,207184.62838947674,300.20038412719975,727.3233891652349,1.033643615993486,365,27:07
1565000,3133.9999999397146,-809826.8224159656,206255.37498325453,298.85394143177444,728.7943268306515,1.0315573959566287,365,27:04
1570000,3143.999999939478,-809991.2988364035,206905.03142322978,299.7952618103532,727.8595358355346,1.0328822265279276,365,27:02
1575000,3153.9999999392417,-811500.0401842836,207586.9314114246,300.7833015118681,727.0353649809545,1.0340531068844017,365,26:59
1580000,3163.999999939005,-808768.6114332997,206234.2434676262,298.82332290009026,728.2732952335188,1.0322954073612305,365,26:57
1585000,3173.9999999387687,-811054.1186741306,206435.16648504836,299.11445051645353,728.0331267187943,1.0326359479845124,365,26:55
1590000,3183.9999999385323,-810373.3496144279,206044.46170021372,298.5483384095881,728.675937967439,1.0317249943375855,365,26:52
1595000,3193.999999938296,-809668.0597606762,206371.1915539672,299.0217539731126,728.8343340300719,1.0315007716724438,365,26:50
1600000,3203.9999999380593,-809355.7408215259,206642.9356307407,299.4154978375384,729.5306309884211,1.030516260783741,365,26:47
1605000,3213.999999937823,-809660.5772674321,207392.83162582677,300.50206042439737,727.3333718839885,1.0336294291378998,365,26:46
1610000,3223.9999999375864,-809397.4865183439,207808.59084778916,301.10447518415896,728.2440775242983,1.0323368238422876,365,26:43
1615000,3233.99999993735,-810062.3347173892,206968.12992538098,299.88668845107884,726.0505307270937,1.0354557240258713,365,26:41
1620000,3243.9999999371134,-811116.8157771165,207351.3133565375,300.44190248466106,724.7598729490124,1.0372996712888936,365,26:38
1625000,3253.999999936877,-810031.4077705294,205807.07727333787,298.2043799958395,725.6448277909492,1.036034640062197,365,26:36
1630000,3263.9999999366405,-810480.1484604953,207441.50709283006,300.5725887932515,726.8230102896143,1.0343552244910723,365,26:33
1635000,3273.999999936404,-811500.2930806391,208498.66993714366,302.10436600285874,726.0142945904638,1.0355074047095294,365,26:31
1640000,3283.9999999361676,-809371.1387242558,207288.72640508477,300.3512170558554,729.0823903271826,1.0311498233224599,365,26:28
1645000,3293.999999935931,-810695.869709989,207459.87084465238,300.59919697067244,726.6902821946202,1.0345441467896879,365,26:26
1650000,3303.9999999356946,-811058.9265293689,206177.1833268798,298.7406455494414,724.9844923610029,1.0369782883563237,366,26:23
1655000,3313.999999935458,-809621.8766947049,208093.9488742669,301.5179449952559,727.0876448465203,1.0339787552463302,365,26:22
1660000,3323.9999999352217,-810971.9347431357,206468.8542989451,299.1632625096541,727.8869708708329,1.032843295812751,365,26:19
1665000,3333.999999934985,-810266.4631573483,206946.07767740724,299.8547358232992,728.3500950523829,1.0321865584699648,365,26:17
1670000,3343.9999999347488,-810315.5784107693,206630.37122269568,299.3972926253527,726.376131982581,1.0349915765010564,365,26:14
1675000,3353.9999999345123,-809105.6619328279,208234.0176830164,301.72089784227796,727.7157768195916,1.0330862706577932,366,26:11
1680000,3363.999999934276,-809707.8784841741,207689.50394166424,300.9319240869027,728.8915368449227,1.0314198203310194,366,26:09
1685000,3373.9999999340394,-810338.715607617,208030.12529356967,301.4254677512122,726.7947314715183,1.0343954701642637,366,26:06
1690000,3383.999999933803,-810254.4649519646,207202.76721044857,300.22666639082945,727.745464288114,1.0330441271919166,366,26:04
1695000,3393.9999999335664,-810162.3507138449,207018.37049509282,299.9594845771405,726.7788220222732,1.034418113452336,366,26:02
1700000,3403.99999993333,-809881.8106428129,206505.20035515935,299.21592616584246,727.8730130662555,1.0328631017742624,366,25:59
1705000,3413.9999999330935,-810494.660833552,208240.03232331717,301.7296127616362,726.6256355589323,1.0346361884068394,365,25:57
1710000,3423.999999932857,-810208.2666123216,207787.59114733216,301.0740476462052,726.7669116553052,1.0344350656541106,365,25:55
1715000,3433.9999999326205,-810486.0508761276,207542.89694243326,300.7194977219403,725.1442451823036,1.0367498369712465,366,25:53
1720000,3443.999999932384,-811709.9595960476,207587.90838174353,300.78471709403414,725.8430940151853,1.0357516440842003,366,25:50
1725000,3453.9999999321476,-809811.6372211552,206079.28201162978,298.59879133625446,728.3511115902893,1.0321851178779942,366,25:48
1730000,3463.999999931911,-810313.0144239492,207239.55390775698,300.2799685143924,726.0896472848834,1.0353999410191599,366,25:45
1735000,3473.9999999316747,-810444.3059650408,207320.48517234594,300.3972339549145,728.0127438421215,1.0326648596915584,366,25:43
1740000,3483.999999931438,-808782.9834561562,207689.0509860453,300.9312677763847,726.9343360975575,1.0341968189441766,366,25:40
1745000,3493.9999999312017,-811251.6242755717,206476.44954201934,299.17426764505507,727.5419208557603,1.03333314056887,366,25:38
1750000,3503.9999999309653,-810213.1003745799,207335.0241615451,300.4183002385299,726.3573605132912,1.0350183240961794,366,25:35
1755000,3513.999999930729,-809494.1564564789,206194.49880522586,298.7657348299118,729.463080627771,1.030611689527046,365,25:34
1760000,3523.9999999304923,-810375.5065132687,205879.49743567622,298.3093132658486,729.4228775754741,1.03066849297663,365,25:31
1765000,3533.999999930256,-810417.4675602196,207701.1955768745,300.9488646939762,727.4452163683962,1.033470508922371,365,25:29
1770000,3543.9999999300194,-809736.6667550234,206122.24213778193,298.6610384560011,728.1767595772783,1.0324322605541854,366,25:26
1775000,3553.999999929783,-810736.4151860196,206638.69685355297,299.4093560568963,726.8271735631406,1.0343492996937071,366,25:24
1780000,3563.9999999295464,-811131.0350071494,206255.70820037258,298.8544242470664,724.7089222013773,1.0373725987666087,366,25:22
1785000,3573.99999992931,-811118.3976593269,206770.5008798279,299.60033363870247,727.5599638311918,1.0333075146336965,365,25:20
1790000,3583.9999999290735,-810044.8114204132,206715.97625822067,299.5213301311638,726.8494065633304,1.0343176608315592,366,25:17
1795000,3593.999999928837,-808545.8557331795,206261.95226559567,298.8634715919059,728.3786704990323,1.0321460641596174,366,25:15
1800000,3603.9999999286006,-809759.597633718,207208.72748219574,300.23530253281507,726.4768602625717,1.0348480716944917,366,25:12
1805000,3613.999999928364,-809466.0486201914,207704.3545121237,300.9534418365114,729.1612238574918,1.0310383401851362,365,25:11
1810000,3623.9999999281276,-810650.2071880279,206545.02321624206,299.2736275420836,725.8235474887391,1.0357795370162672,365,25:08
1815000,3633.999999927891,-811867.8835485703,206580.25782864372,299.3246807705966,727.3364145529393,1.0336251051523166,365,25:06
1820000,3643.9999999276547,-809210.7079417496,206784.89679176436,299.6211926103684,726.4079590028534,1.0349462291208702,365,25:03
1825000,3653.9999999274182,-811140.5588332806,208252.76389609597,301.7480601873378,725.2659532064976,1.0365758583449465,365,25:01
1830000,3663.9999999271818,-808960.1056724698,206570.06323640805,299.30990930550786,728.7840305287939,1.031571969857657,366,24:58
1835000,3673.9999999269453,-809953.3093580613,208308.73043276323,301.82915295921174,728.0620537603484,1.0325949197468463,366,24:56
1840000,3683.999999926709,-810589.3874977482,207639.20897862862,300.85904914757776,727.9636532069801,1.0327344980225757,366,24:53
1845000,3693.9999999264724,-810219.3709756676,207776.36587958614,301.0577827827572,727.3615756861202,1.033589349649415,366,24:51
1850000,3703.999999926236,-810179.7600401924,207673.81080868095,300.9091855054435,726.0101810055434,1.0355132719105087,366,24:48
1855000,3713.9999999259994,-810320.3116400824,206439.3227632091,299.1204727600441,727.9851837831579,1.0327039543119667,365,24:47
1860000,3723.999999925763,-809863.9603303471,207139.13202890626,300.13446212793843,728.4173145587729,1.0320913066554132,365,24:44
1865000,3733.9999999255265,-810863.1699284338,206480.39305306965,299.1799815995184,728.4286851294977,1.0320751959949788,365,24:42
1870000,3743.99999992529,-810584.7087738388,206535.7358266413,299.2601705692021,727.6479872063513,1.0331825157102954,366,24:39
1875000,3753.9999999250535,-810763.3276831876,207566.6372353546,300.7538962442133,728.6968014545879,1.0316954547799568,366,24:37
1880000,3763.999999924817,-810977.3045755336,206575.42987263633,299.31768529868714,727.4651365587644,1.0334422093816193,366,24:34
1885000,3773.9999999245806,-811021.9265536526,208473.0775676233,302.06728391225937,728.3084510555988,1.0322455779330224,366,24:32
1890000,3783.999999924344,-808496.7372833407,207010.43354979393,299.9479843319435,726.1432390332651,1.0353235251136874,366,24:29
1895000,3793.9999999241077,-810846.2794785136,207138.4470229224,300.13346958780124,724.5813233941477,1.0375552801330497,366,24:27
1900000,3803.999999923871,-810043.0658127046,206791.49403607438,299.63075169441555,727.1053858098037,1.0339535267450832,366,24:25
1905000,3813.9999999236347,-809750.3045972236,206417.2249875712,299.0884541649079,726.8374649612479,1.0343346541904985,365,24:23
1910000,3823.9999999233983,-810551.9822875885,207123.94600500847,300.1124583227193,726.5395104382065,1.034758835785755,365,24:21
1915000,3833.999999923162,-810818.878732908,205725.09693505132,298.0855944988853,728.447111887897,1.0320490886771292,365,24:19
1920000,3843.9999999229253,-810546.7765020165,205631.98711673723,297.9506829301981,726.7248120080176,1.03449499115918,365,24:16
1925000,3853.999999922689,-811157.9558190098,207023.13656539947,299.966390379699,725.4809115853211,1.0362687232260492,365,24:14
1930000,3863.9999999224524,-810438.088662622,206509.4680703793,299.2221098762767,728.2931767777748,1.0322672269148372,365,24:11
1935000,3873.999999922216,-810298.8890036708,207320.89001584979,300.3978205533331,727.3934631281338,1.0335440392058608,365,24:09
1940000,3883.9999999219795,-810630.8269313443,208131.96389552203,301.5730269000869,727.738639658197,1.0330538149334654,365,24:06
1945000,3893.999999921743,-811345.6478558257,208269.83688063797,301.7727981061571,724.710347243023,1.0373705589183289,366,24:04
1950000,3903.9999999215065,-810348.5144412769,207814.75744472933,301.11341028124883,728.7499114984917,1.0316202665843437,366,24:01
1955000,3913.99999992127,-809267.6187399272,207440.68699825887,300.57140051636435,728.8107704167376,1.0315341217357585,365,24:00
1960000,3923.9999999210336,-811077.2737939507,207418.08590458374,300.5386526380313,727.1776608118889,1.03385076094612,365,23:57
1965000,3933.999999920797,-809482.2706991811,207000.05012288596,299.9329392546587,727.7478810607372,1.0330406965632193,365,23:55
1970000,3943.9999999205606,-810932.8482573363,207018.50507735024,299.9596795802432,727.1506069454264,1.033889225688034,365,23:52
1975000,3953.999999920324,-810597.5520852199,207501.36521651884,300.6593202842129,729.3197274808272,1.0308142638211504,365,23:50
1980000,3963.9999999200877,-809000.3342761472,207916.45686007832,301.26076775554895,728.6029560994227,1.0318283389874192,366,23:47
1985000,3973.9999999198512,-809510.7457991978,207243.77281039656,300.28608149778717,729.4346188708165,1.0306519028904688,366,23:45
1990000,3983.9999999196148,-809796.7180374688,208435.82168886875,302.01330196774904,727.8077822957589,1.0329556735460752,366,23:42
1995000,3993.9999999193783,-809572.7012582556,207342.97837210336,300.42982550024254,728.6512327561406,1.031759975385913,366,23:40
2000000,4003.999999919142,-810518.8336897865,208039.62546333496,301.4392330321357,727.8507968614039,1.032894627875974,366,23:37
2005000,4013.9999999189054,-809538.4601193848,207060.2308877664,300.02013823691243,726.7730219040888,1.034426368777079,365,23:36
2010000,4023.999999918669,-809876.4271675339,206194.73561346112,298.76607795345217,728.1138209973916,1.0325215045960296,365,23:33
2015000,4033.9999999184324,-809674.5570874494,207907.88799940544,301.24835189590954,727.8045938186386,1.0329601988754828,365,23:31
2020000,4043.999999918196,-808602.2195114768,207881.78326525982,301.2105274140502,729.8041060072701,1.0301301017425377,365,23:28
2025000,4053.9999999179595,-809150.3195970748,207897.0171124771,301.2326005129181,726.8895875301607,1.0342604858708295,366,23:26
2030000,4063.999999917723,-810248.1308805333,207294.08188666028,300.3589768864888,726.7245031410748,1.034495430832404,366,23:23
2035000,4073.9999999174865,-809717.6458804864,207797.92838463682,301.0890257970159,728.4851691648036,1.031995172716158,366,23:21
2040000,4083.99999991725,-810134.7930234568,207790.71956961427,301.0785805769449,727.4222697567872,1.0335031098577065,366,23:18
2045000,4093.9999999170136,-812295.1785162366,207543.09043946455,300.71977808966625,727.0458715874092,1.0340381636882816,366,23:16
2050000,4103.999999918596,-810139.9936577352,206262.44585651817,298.8641867809896,728.5560823585533,1.0318947246169603,366,23:14
2055000,4113.999999920633,-810997.3725968809,207968.14769050555,301.3356652383918,729.441811530661,1.0306417401489885,365,23:12
2060000,4123.99999992267,-810470.3165553296,206392.04321031563,299.05196700240026,728.1842864931052,1.0324215887629007,366,23:09
2065000,4133.9999999247075,-810038.2069083089,206944.4119090974,299.85232220656343,726.7122356635291,1.0345128939338162,366,23:07
2070000,4143.999999926745,-809490.448272841,208269.55208339475,301.7723854488935,729.4395895850796,1.030644879586295,366,23:05
2075000,4153.999999928782,-810059.1938971458,208009.5772927765,301.3956947039591,726.2627550220456,1.0351531491527062,366,23:02
2080000,4163.999999930819,-809965.7835458424,205257.30246093863,297.40778320606483,725.8562279175874,1.0357329028232136,366,23:00
2085000,4173.999999932857,-809778.5948490528,206643.73687775066,299.416658805232,726.0494042850017,1.0354573305018286,366,22:57
2090000,4183.999999934894,-809732.9521830357,207383.3030011968,300.48825391376795,728.464305575038,1.032024729584983,366,22:55
2095000,4193.999999936931,-811209.4406526857,207294.47669464757,300.3595489439352,727.0841068822155,1.0339837865486148,366,22:52
2100000,4203.999999938968,-811762.811058267,206694.24263245016,299.48983917135894,725.85921476452,1.0357286408732642,366,22:50
2105000,4213.999999941006,-810169.1337534441,208137.63401901134,301.58124263145066,727.3261189184223,1.0336397365893482,366,22:48
2110000,4223.999999943043,-810572.3339439793,207741.00387981147,301.0065449761767,726.5139342520852,1.034795263420969,366,22:46
2115000,4233.99999994508,-810264.2516186791,206560.83639105002,299.29654005827035,727.9726243862507,1.0327217711067407,366,22:43
2120000,4243.999999947117,-810877.765404623,208272.19622216266,301.7762166765284,726.2191597228721,1.0352152899136922,366,22:41
2125000,4253.999999949155,-810840.1163593046,206826.74683090206,299.6818312683738,727.607562404783,1.0332399178049678,366,22:38
2130000,4263.999999951192,-811050.4120511995,208253.82482085674,301.7495974153802,726.1841476268625,1.035265201574859,366,22:36
2135000,4273.999999953229,-809189.7636960526,207873.17067486543,301.198048192185,727.7552171814381,1.0330302830188574,366,22:33
2140000,4283.9999999552665,-810911.7121490757,207512.8613423637,300.67597760778676,726.1360527412753,1.0353337713163477,366,22:31
2145000,4293.999999957304,-810557.8952495949,205742.54189274693,298.11087138859483,728.1919179109108,1.032410769032138,366,22:28
2150000,4303.999999959341,-808398.7392814723,206206.22491208484,298.78272538471674,730.0693205881146,1.0297558831369278,366,22:26
2155000,4313.999999961378,-810833.8865240491,207849.7695071153,301.1641410456837,727.3197803997066,1.0336487446556653,366,22:24
2160000,4323.999999963416,-810394.9575347072,206883.12124790312,299.7635150388843,729.5328810624034,1.030513082396739,366,22:22
2165000,4333.999999965453,-810384.6244856175,207403.86092412454,300.51804133770827,730.1467781045895,1.029646641631418,366,22:19
2170000,4343.99999996749,-811011.2254094463,207046.87223591603,300.0007822043338,727.4526226870572,1.0334599869836538,366,22:17
2175000,4353.999999969527,-810228.6132020005,207814.9161949913,301.11364030260705,729.5637003487109,1.030469549970832,366,22:14
2180000,4363.999999971565,-809411.502264394,208887.78047476837,302.6681681235609,728.5601856554151,1.0318889129208664,366,22:12
2185000,4373.999999973602,-808703.5337297064,206748.7452203805,299.5688107531785,729.9910905043732,1.0298662377563457,366,22:09
2190000,4383.999999975639,-811433.3745661168,207023.16219725745,299.96642751900646,728.102307367722,1.0325378320682947,366,22:07
2195000,4393.999999977676,-810290.6022191509,207076.54696232307,300.0437794302164,725.8268653430263,1.035774802325749,366,22:05
2200000,4403.999999979714,-809950.1373279863,205144.9358436346,297.2449694783285,726.6297315280874,1.0346303562233619,366,22:02
2205000,4413.999999981751,-808667.0146491472,207797.69547323952,301.08868831980305,727.5839050627502,1.0332735135318212,366,22:00
2210000,4423.999999983788,-810060.6185576222,207270.98597053025,300.3255120346419,725.9288322857658,1.0356293131465586,366,21:58
2215000,4433.9999999858255,-809486.2400024785,205948.44485517152,298.4092147014809,729.5251768274134,1.0305239652493112,366,21:55
2220000,4443.999999987863,-811159.6456279848,208372.8135127941,301.9220062050865,729.2625697264035,1.0308950564341184,366,21:53
2225000,4453.9999999899,-808492.5623227996,206938.21838244406,299.8433480896374,727.1090754624896,1.0339482800365276,366,21:50
2230000,4463.999999991937,-812465.234089443,206576.34262146585,299.3190078270589,726.5841099086227,1.0346953198136117,366,21:48
2235000,4473.999999993975,-810458.1969894362,206680.01207525216,299.46921979061443,727.898591119438,1.0328268073952516,366,21:46
2240000,4483.999999996012,-810635.4378886349,207149.17011786753,300.1490068274439,725.7001820805046,1.0359556143669144,366,21:43
2245000,4493.999999998049,-810229.4232037957,207668.54672222282,300.90155810186104,729.3023556543317,1.0308388175969627,366,21:41
2250000,4504.000000000086,-809620.9230340295,208122.47904546396,301.5592838166692,729.5601473029157,1.0304745684816636,366,21:38
2255000,4514.000000002124,-809116.8927726229,207813.07849755525,301.1109775689839,726.5710413718847,1.0347139304559714,366,21:36
2260000,4524.000000004161,-811279.6644789185,207325.50777944532,300.4045114667274,727.5327658426773,1.033346143664902,366,21:34
2265000,4534.000000006198,-808788.673256116,207722.0155102006,300.9790317581574,728.149080793754,1.032471505909013,366,21:32
2270000,4544.0000000082355,-808406.514679377,207149.93944201875,300.1501215404779,729.7547473400848,1.0301997769985534,366,21:29
2275000,4554.000000010273,-809527.9055668181,207993.9007117516,301.37298010547727,727.4952227354648,1.0333994705100098,366,21:27
2280000,4564.00000001231,-811058.8864111332,208780.37353793666,302.5125407300354,725.6931942059234,1.0359655898330793,366,21:24
2285000,4574.000000014347,-810975.5075906874,207442.0334736915,300.5733514933516,727.5415553040415,1.0333336597649252,366,21:22
2290000,4584.000000016385,-810784.027459071,206293.24242147716,298.90880949601603,729.615013415639,1.0303970781164802,366,21:19
2295000,4594.000000018422,-809735.5074037956,205244.69138347325,297.3895103721737,726.7326158061355,1.034483882547994,366,21:17
2300000,4604.000000020459,-811067.628588716,206355.89482255775,298.9995897581286,725.1228012080071,1.036780496656501,366,21:15
2305000,4614.000000022496,-811498.1687347726,207309.72105325083,300.3816372732868,726.6944644360989,1.0345381928246393,366,21:13
2310000,4624.000000024534,-810918.664160267,206400.99609273107,299.0649392907455,730.1637300514514,1.0296227366982682,366,21:10
2315000,4634.000000026571,-809822.1729808222,206480.0418570958,299.1794727337445,727.5111492197149,1.033376847598445,366,21:08
2320000,4644.000000028608,-809809.9642695645,207455.52598978026,300.5929014886585,728.071115562096,1.0325820677461992,366,21:05
2325000,4654.000000030645,-810819.7915567104,206049.99396495082,298.55635439036854,727.0041524979904,1.0340975019059042,366,21:03
2330000,4664.000000032683,-811401.4128696658,207496.6855854559,300.65253972788696,727.0352378449251,1.0340532877083828,366,21:01
2335000,4674.00000003472,-811258.7281616139,206265.8918445463,298.8691798489492,728.0250544453187,1.0326473977549866,366,20:58
2340000,4684.000000036757,-810576.9758309457,206457.51133274398,299.1468271069063,726.633443598571,1.034625070723719,366,20:56
2345000,4694.0000000387945,-809205.0960615603,208264.0109410751,301.7643566049306,728.1930661506018,1.0324091410915857,366,20:53
2350000,4704.000000040832,-809726.6251900443,207045.56215336727,299.9988839588537,728.5561248831576,1.0318946643869886,366,20:51
2355000,4714.000000042869,-810614.2005560007,206630.08253887628,299.3968743366305,727.2134220172139,1.0337999206450224,366,20:49
2360000,4724.000000044906,-810212.515472387,206618.99883758466,299.38081459604473,727.1528266207118,1.0338860696824763,366,20:47
2365000,4734.000000046944,-810769.7072970802,206482.87943662595,299.1835842475743,727.9906167020866,1.0326962473488102,366,20:44
2370000,4744.000000048981,-811420.8792345948,208030.49429893398,301.42600242192094,725.768142266224,1.035858608543912,366,20:42
2375000,4754.000000051018,-810518.9489879846,206525.7484775579,299.24569938929585,725.6328455121622,1.0360517479645843,366,20:39
2380000,4764.000000053055,-811939.6075442024,205880.6706928532,298.311013258063,727.2789855046287,1.0337067245958615,366,20:37
2385000,4774.000000055093,-811678.6792436037,206639.9165941261,299.4111234012762,725.3724640033117,1.0364236516840795,366,20:34
2390000,4784.00000005713,-810135.1461828649,207464.05030925502,300.6052528102823,728.1448252659997,1.0324775400261237,366,20:32
2395000,4794.000000059167,-810501.9886235613,207707.35034567985,300.95778265267774,725.891519904706,1.0356825467145354,366,20:30
2400000,4804.000000061204,-810580.4608291099,207385.0321002127,300.4907592935965,727.4124797332271,1.0335170194620598,366,20:27
2405000,4814.000000063242,-810816.211765761,208516.77261951403,302.1305959034241,728.3374799154627,1.0322044364113332,366,20:25
2410000,4824.000000065279,-810220.1663518054,207923.27953667176,301.2706534799391,725.1055390942148,1.0368051786123627,366,20:23
2415000,4834.000000067316,-811643.3976801643,207308.37526991955,300.3796872991206,726.2424510833484,1.0351820894687829,366,20:20
2420000,4844.0000000693535,-809541.9898694055,207443.34477574658,300.5752515058366,727.0308240189715,1.0340595654769285,366,20:18
2425000,4854.000000071391,-811403.4225858101,207692.06774020847,300.9356389054865,727.7652336881682,1.0330160650343982,366,20:16
2430000,4864.000000073428,-808837.4142443994,209129.09627370338,303.01782290296893,726.4544230601375,1.034880033913918,366,20:13
2435000,4874.000000075465,-808364.7821705956,208065.82367437033,301.4771929574323,729.5601666905517,1.0304745410974028,366,20:11
2440000,4884.000000077503,-811165.2675072835,207401.81563673908,300.51507781641067,726.7769396065671,1.034420792685533,366,20:08
2445000,4894.00000007954,-809479.064991171,206521.9709620472,299.24022595424333,727.8115541410816,1.0329503203073094,366,20:06
2450000,4904.000000081577,-810913.5682407166,208334.26065262168,301.8661449979935,728.8214706058061,1.0315189772722946,366,20:03
2455000,4914.000000083614,-810333.8800278842,206655.93371909266,299.43433143125867,728.6160772073969,1.03180975755411,366,20:02
2460000,4924.000000085652,-806064.4179057246,206954.05940071435,299.86630094963806,727.5897490360558,1.0332652143180974,366,19:59
2465000,4934.000000087689,-810504.124093066,206908.00337995274,299.7995680301571,729.3014629798004,1.0308400793571608,366,19:57
2470000,4944.000000089726,-810930.0219821101,207596.26035655808,300.7968186966822,726.831875390353,1.0343426085566654,366,19:54
2475000,4954.0000000917635,-809137.5904647359,206533.20410061238,299.256502222123,726.1332739607794,1.0353377333511333,366,19:52
2480000,4964.000000093801,-810964.5765328547,206431.916162709,299.1097409584984,728.4184058568061,1.03208976040232,366,19:49
2485000,4974.000000095838,-809675.1126782973,206504.4591698085,299.2148522245527,728.544489213526,1.0319111448979075,366,19:47
2490000,4984.000000097875,-809815.2489979016,208243.88023221912,301.73518819326654,728.2118023817574,1.0323825781379896,366,19:45
2495000,4994.0000000999125,-812718.3758569132,207120.2338662602,300.10707961539515,725.5592325103315,1.0361568625793565,366,19:42
2500000,5004.00000010195,-810831.4901443371,208617.80314466878,302.2769841885772,726.7769681145002,1.0344207521102258,366,19:40
2505000,5014.000000103987,-812656.6744203805,206718.26756445397,299.5246501217284,726.9197761034702,1.0342175336090735,366,19:38
2510000,5024.000000106024,-810706.1734507554,208117.14063444838,301.5515487204415,727.7143046200478,1.0330883606388843,366,19:35
2515000,5034.000000108062,-811439.6033255174,205866.8305932502,298.2909596312593,729.094414360659,1.0311328178705585,366,19:33
2520000,5044.000000110099,-808810.2798902434,207861.63458042376,301.181332956071,729.0984157956597,1.0311271588115638,366,19:31
2525000,5054.000000112136,-811060.1144074155,207021.74646755686,299.9643761959752,728.404205033786,1.0321098818183239,366,19:28
2530000,5064.000000114173,-809100.9167097844,207328.90686759504,300.40943657905916,729.1653193047985,1.0310325492306276,366,19:26
2535000,5074.000000116211,-809760.9784625117,205954.56713683286,298.4180855879012,727.7101596032758,1.033094245081372,366,19:23
2540000,5084.000000118248,-810907.609548911,208427.82282985747,302.0017120126137,728.1926309229883,1.032409758143925,366,19:21
2545000,5094.000000120285,-810863.7605797411,207907.13270848466,301.2472575163394,726.4089912216781,1.034944758474178,366,19:18
2550000,5104.0000001223225,-810525.1708918829,206854.761837327,299.7224236412514,726.9013021336875,1.0342438179249889,366,19:16
2555000,5114.00000012436,-810708.9713123902,206493.61510432043,299.1991397045153,727.1060934795785,1.0339525204302333,366,19:14
2560000,5124.000000126397,-811102.6459332434,208501.32746945496,302.10821663708236,724.871642148602,1.0371397282765682,366,19:12
2565000,5134.000000128434,-810915.2795618898,207832.6834378416,301.13938416772874,727.3168185943824,1.033652953916715,366,19:09
2570000,5144.000000130472,-810005.3419936853,206585.16974986854,299.3317979039957,728.3994877623843,1.0321165659834153,366,19:07
2575000,5154.000000132509,-809620.1242908821,207293.20889168273,300.3577119595025,727.0370476563666,1.0340507136422097,366,19:04
2580000,5164.000000134546,-810580.228532292,208150.4594858234,301.5998261050101,727.0421208100286,1.0340434982443467,366,19:02
2585000,5174.000000136583,-809264.9595156577,207900.18359211093,301.23718858689733,728.204866746724,1.0323924108500515,366,19:00
2590000,5184.000000138621,-810106.7490936671,206434.17878393253,299.1130193858881,728.720822765536,1.0316614463139588,366,18:57
2595000,5194.000000140658,-808542.3160758289,208041.2819556737,301.4416332084435,726.0993829386875,1.0353860582152195,366,18:55
2600000,5204.000000142695,-809690.453350218,206409.178288939,299.07679489250376,728.830009344067,1.031506892327321,366,18:52
2605000,5214.000000144732,-810438.6808788199,206760.933068398,299.5864703483183,730.3196193804699,1.0294029600507473,366,18:50
2610000,5224.00000014677,-809869.1201694766,207024.44577681055,299.9682873629432,728.5942170100985,1.0318407152042641,366,18:48
2615000,5234.000000148807,-810019.318896288,207338.54885603202,300.4234073482954,727.5159626653893,1.0333700104930448,366,18:46
2620000,5244.000000150844,-810984.324045856,207970.76698784702,301.3394604720159,728.1377945565945,1.0324875093610564,366,18:43
2625000,5254.0000001528815,-809549.428028266,207437.802724808,300.56722134532924,728.2463057394144,1.0323336652014574,366,18:41
2630000,5264.000000154919,-809892.7124514426,207793.84785496845,301.08311330928257,727.4921397191605,1.0334038499214735,366,18:38
2635000,5274.000000156956,-810661.4899528027,207867.7118410725,301.190138609248,729.1169116168631,1.0311010017669755,366,18:36
2640000,5284.000000158993,-810919.2551811077,207457.5173951366,300.5957869375336,727.3733607482229,1.0335726032089603,366,18:33
2645000,5294.000000161031,-810079.6040336266,206865.22460065206,299.7375836731207,726.3787288167417,1.0349878763631322,366,18:31
2650000,5304.000000163068,-809325.9909472675,206944.9061912352,299.8530383971843,727.1068508698193,1.0339514434144583,366,18:29
2655000,5314.000000165105,-811745.7771782824,206122.72851637413,298.6617431947713,726.1086754260795,1.035372807702979,366,18:27
2660000,5324.000000167142,-810540.3945097416,207350.88194205746,300.44127738619875,728.0625610048338,1.0325942003332864,366,18:24
2665000,5334.00000016918,-810314.2239919468,207883.20397243975,301.2125859492053,725.1532698102561,1.0367369344829753,366,18:22
2670000,5344.000000171217,-810791.0114030237,207691.91326721164,300.935415081676,727.3207019705387,1.0336474349438267,366,18:19
2675000,5354.000000173254,-809094.0978535553,206268.1059590581,298.8723879924882,728.3786222229513,1.032146132569048,366,18:17
2680000,5364.0000001752915,-812097.7865013285,207135.25583913305,300.12884571871007,725.5608762913239,1.0361545151333853,366,18:15
2685000,5374.000000177329,-811933.6250065975,207489.18231340384,300.6416678539948,726.7730947484158,1.0344262650967235,366,18:12
2690000,5384.000000179366,-812575.1656638174,209308.60889886395,303.2779279090584,729.256464948897,1.030903686299268,366,18:10
2695000,5394.000000181403,-810073.7843935741,207099.87675605988,300.07758315926634,728.3628552034681,1.0321684756471792,366,18:07
2700000,5404.0000001834405,-810825.498446749,207612.6152520621,300.8205161396384,728.010016047112,1.0326687290037777,366,18:05
2705000,5414.000000185478,-810482.9047350525,207467.6342396845,300.61044575002876,727.5221835487166,1.0333611743717352,366,18:03
2710000,5424.000000187515,-811204.4989627409,207206.48478817777,300.2320529789707,727.7843965673255,1.0329888652728823,366,18:01
2715000,5434.000000189552,-809493.3459092588,206184.5906463325,298.7513783927143,728.573497817559,1.0318700587180107,366,17:58
2720000,5444.00000019159,-811454.6705250666,207412.46980263875,300.5305151812408,726.9076452307704,1.0342347929697728,366,17:56
2725000,5454.000000193627,-810707.2082221247,208085.7501695481,301.50606547347354,727.7426157477157,1.0330481707477919,366,17:53
2730000,5464.000000195664,-810233.7472826419,207843.67638334678,301.1553124076228,729.0760188405997,1.0311588346698288,366,17:51
2735000,5474.000000197701,-808753.8468673984,206831.7149416664,299.68902981766496,729.5617502783122,1.0304723043479156,366,17:49
2740000,5484.000000199739,-809612.7916556802,207653.3504456075,300.8795394409561,726.8148415606533,1.0343668496904974,366,17:46
2745000,5494.000000201776,-809689.7126567052,208030.5830463183,301.4261310125364,729.7918957860527,1.030147336952325,366,17:44
2750000,5504.000000203813,-811387.6209893888,206793.60202638232,299.63380606917826,727.2747484644375,1.0337127468824148,366,17:41
2755000,5514.0000002058505,-809506.3315897384,207859.0394383686,301.17757272227436,728.1687454403574,1.032443623378461,366,17:39
2760000,5524.000000207888,-809588.3942764802,206919.76225524087,299.81660606481177,726.1964866411953,1.035247611084688,366,17:37
2765000,5534.000000209925,-809579.5502359546,207719.1244354801,300.9748427324156,726.9825311514444,1.034128257226002,366,17:34
2770000,5544.000000211962,-809723.2591573447,206998.49074894466,299.9306797981546,728.0504825744213,1.0326113311744733,366,17:32
2775000,5554.000000214,-810401.7642706046,206968.27743285167,299.88690218218284,727.7785021858375,1.0329972315964637,366,17:30
2780000,5564.000000216037,-811226.8850819329,208497.29106989194,302.10236809171136,729.0207421114151,1.0312370204941241,366,17:27
2785000,5574.000000218074,-809654.7806414263,206113.75496954913,298.6487409647082,726.9580490728767,1.0341630840076501,366,17:25
2790000,5584.000000220111,-810055.0389394239,207431.68745059866,300.5583606123639,728.5316339944535,1.0319293533643792,366,17:22
2795000,5594.000000222149,-810878.5877696793,207165.07262389397,300.17204878019317,724.9581479531607,1.0370159713302014,366,17:20
2800000,5604.000000224186,-809653.7865710966,207524.13176385497,300.6923078968012,727.1194366209891,1.0339335466908484,366,17:18
2805000,5614.000000226223,-809852.5573505955,207401.53639492224,300.51467320868795,727.8464920291196,1.0329007369088388,366,17:16
2810000,5624.00000022826,-810725.3216055622,206508.095221129,299.22012068491875,726.9862967090767,1.034122900770771,366,17:13
2815000,5634.000000230298,-810607.8154385407,206495.7903286219,299.2022914980433,727.7366232001857,1.0330566773833887,366,17:11
2820000,5644.000000232335,-811388.0826616664,207690.80026320918,300.93380239336193,728.5499301968377,1.031903438341245,366,17:08
2825000,5654.000000234372,-810609.063054515,207927.84932184283,301.277274874945,726.5687873962977,1.034717140365314,366,17:06
2830000,5664.0000002364095,-808495.301570557,206811.8694687871,299.6602746989679,727.5660875723211,1.0332988175437212,366,17:04
2835000,5674.000000238447,-810429.635584027,207060.2232044178,300.0201271041164,726.5846139297058,1.034694602060654,366,17:01
2840000,5684.000000240484,-809823.368254324,206664.28181577404,299.4464274146816,730.2428786789251,1.029511139271159,366,16:59
2845000,5694.000000242521,-809715.1509110904,207653.49801471812,300.87975326137337,728.5336064743645,1.0319265594508231,366,16:56
2850000,5704.000000244559,-809837.665064631,207348.5458007814,300.43789243185205,727.1720494388373,1.0338587388686813,366,16:54
2855000,5714.000000246596,-811352.5483367513,207374.45056514128,300.47542716728105,726.7459303361317,1.0344649300281248,366,16:52
2860000,5724.000000248633,-810023.9503492923,207133.10954264755,300.1257358401712,727.627698179618,1.033211324767089,366,16:49
2865000,5734.00000025067,-811380.967673392,207939.93857639842,301.294791612985,728.8714031548242,1.0314483113473143,366,16:47
2870000,5744.000000252708,-810873.8379227659,207037.71164897637,299.98750896230086,727.7288436094309,1.0330677209997674,366,16:45
2875000,5754.000000254745,-811717.5363001563,207701.57521384023,300.9494147693549,725.7413477599265,1.0358968526374803,366,16:42
2880000,5764.000000256782,-809033.765538177,207380.8517282552,300.48470213927385,726.9635992706699,1.0341551884133282,366,16:40
2885000,5774.0000002588195,-809081.3436592189,206328.7398010775,298.9602434613366,727.9371406991229,1.0327721116844735,366,16:37
2890000,5784.000000260857,-809271.0727715143,207518.9547672883,300.6848066822081,728.0564210486859,1.032602908563755,366,16:35
2895000,5794.000000262894,-810890.3253175891,206242.17020135283,298.8348083492189,727.4004027858921,1.0335341788292614,366,16:33
2900000,5804.000000264931,-809195.0279771877,208381.3060338952,301.9343114524236,729.032158328198,1.0312208719261273,366,16:30
2905000,5814.0000002669685,-810045.6543858158,207741.23641344332,301.00688190602597,726.6813135612149,1.0345569150376408,366,16:28
2910000,5824.000000269006,-812282.9482907914,207008.12696686765,299.9446422061985,725.7277110036682,1.0359163176140465,366,16:26
2915000,5834.000000271043,-810085.4772041324,206450.12713552336,299.13612776661586,725.8768017770452,1.0357035465700226,366,16:23
2920000,5844.00000027308,-809553.3478752971,207674.11093676288,300.9096203763419,727.7111056622449,1.0330929020098303,366,16:21
2925000,5854.000000275118,-810469.5513872141,205482.06874292472,297.73345854557033,727.9942897525378,1.0326910369433568,366,16:19
2930000,5864.000000277155,-810107.6171576953,206474.77005416522,299.1718341493712,727.4001714848179,1.0335345074758238,366,16:16
2935000,5874.000000279192,-810681.7597999056,206900.8738777775,299.7892377305192,727.5915250854769,1.0332626921198276,366,16:14
2940000,5884.000000281229,-809558.2003737763,208181.31137124496,301.64452897667866,726.3577279288187,1.0350178005500132,366,16:11
2945000,5894.000000283267,-810047.5766254268,207136.12048880666,300.13009855375947,728.5992268964552,1.0318336202135883,366,16:09
2950000,5904.000000285304,-810100.332843062,208663.54284597986,302.3432587766593,727.1427691875997,1.0339003698177898,366,16:07
2955000,5914.000000287341,-810842.0817416911,207351.25382417164,300.4418162251773,726.9974410730305,1.0341070483876293,366,16:05
2960000,5924.0000002893785,-810947.3960810634,206034.52983965172,298.53394762983294,729.6850577035873,1.0302981677319536,366,16:02
2965000,5934.000000291416,-810248.4250817159,206044.42024336586,298.548278340645,728.2573638423303,1.0323179899024766,366,16:00
2970000,5944.000000293453,-811005.1579963076,206685.60071218034,299.4773174519401,729.67559994758,1.030311522034449,366,15:57
2975000,5954.00000029549,-808407.8086287868,206921.27133829013,299.81879265227525,729.2122540452053,1.0309661882434382,366,15:55
2980000,5964.000000297528,-809988.5040911343,207548.05171538502,300.7269667356033,727.1625107791705,1.0338723006605883,366,15:53
2985000,5974.000000299565,-808599.7422069823,207212.15162934517,300.2402639544107,728.8434291810148,1.0314878996963233,366,15:50
2990000,5984.000000301602,-809857.3896414675,207048.20175956382,300.00270861901464,727.6586875510843,1.0331673225857176,366,15:48
2995000,5994.000000303639,-811647.9582899353,207945.46295829755,301.30279617191906,728.629336029442,1.0317909817770676,366,15:45
3000000,6004.000000305677,-807617.7443735707,207026.7594741711,299.9716397971551,730.2834780019758,1.0294539047087095,366,15:43
3005000,6014.000000307714,-809389.9982970404,205985.26891839964,298.4625709664323,727.9904511125198,1.032696482247117,366,15:41
3010000,6024.000000309751,-809690.2304542093,206656.50549226807,299.43515990259954,726.3611285372369,1.0350129549021567,366,15:39
3015000,6034.000000311788,-810908.2927259784,207505.73102878453,300.6656461324642,728.9329839777564,1.0313611737952746,366,15:36
3020000,6044.000000313826,-808715.429654093,207357.42076549184,300.45075182125703,729.0509903505855,1.0311942345923832,366,15:34
3025000,6054.000000315863,-808905.8300661622,206783.4177030927,299.61904948328976,728.3468903232692,1.032191100094785,366,15:31
3030000,6064.0000003179,-810917.7770632762,206499.40604677118,299.2075304966396,728.4213751594297,1.0320855532401776,366,15:29
3035000,6074.0000003199375,-810033.3260596367,207456.08007876266,300.59370433646944,727.5337276381701,1.0333447775871167,366,15:27
3040000,6084.000000321975,-811801.4456573478,208534.46911450714,302.15623725836406,727.4830028760808,1.0334168289859702,366,15:24
3045000,6094.000000324012,-810890.1180208675,206739.50571346446,299.55542315996325,727.559063166985,1.0333087937918297,366,15:22
3050000,6104.000000326049,-810965.0407358864,206977.63357900255,299.9004587799395,728.9725454789082,1.031305201596434,366,15:19
3055000,6114.000000328087,-809292.721293339,206548.1898742034,299.2782158744506,730.8682918172677,1.0286301737130974,366,15:17
3060000,6124.000000330124,-809463.4180320967,207532.1515674729,300.70392819964627,730.0507892186002,1.0297820221221354,366,15:15
3065000,6134.000000332161,-811569.9289369513,207534.9141572836,300.7079310570436,728.2040035767185,1.0323936345870244,366,15:13
3070000,6144.000000334198,-809048.1629297854,208696.89781879506,302.39158849942646,727.7241746592618,1.0330743489803655,366,15:10
3075000,6154.000000336236,-812329.9309499315,206702.20285154151,299.5013731391419,726.628285670629,1.034632414948637,366,15:08
3080000,6164.000000338273,-810979.6353763305,207728.30043067993,300.98813830026324,725.8030187263047,1.0358088332185444,366,15:05
3085000,6174.00000034031,-810703.3886823868,207908.4009963157,301.2490952033195,729.1636321401751,1.031034934870237,366,15:03
3090000,6184.000000342347,-812122.0262429281,206887.43429955334,299.76976443958654,727.8346311164535,1.03291756922886,366,15:01
3095000,6194.000000344385,-810623.1891075494,205542.39929816895,297.8208745667284,725.5507647839827,1.036168955313859,366,14:58
3100000,6204.000000346422,-809763.6759199644,206265.4819778769,298.86858597220964,728.598950558895,1.0318340115597255,366,14:56
3105000,6214.000000348459,-809504.9650857942,206080.01040502728,298.59984674263,728.6638165369335,1.0317421572356682,366,14:54
3110000,6224.0000003504965,-811614.0696256785,206772.80375704652,299.60367039505843,728.1716364080096,1.0324395243982638,366,14:51
3115000,6234.000000352534,-811194.8523286139,207348.5281766026,300.4378668952797,727.4400082957113,1.033477908006099,366,14:49
3120000,6244.000000354571,-808971.4440838131,206682.26564121924,299.47248509738085,727.8355655982289,1.0329162430465604,366,14:47
3125000,6254.000000356608,-811751.2438865653,206939.16614206464,299.8447213469315,727.4628127816717,1.0334455105666291,366,14:44
3130000,6264.000000358646,-809400.213454905,207037.10010260178,299.9866228615414,727.9959725139283,1.0326886498798693,366,14:42
3135000,6274.000000360683,-810678.3778330414,206013.39149100753,298.50331919744326,727.093931241217,1.0339698155505301,366,14:39
3140000,6284.00000036272,-809373.1475325418,206757.41876377555,299.5813782929578,729.5824761683718,1.0304430308162902,366,14:37
3145000,6294.000000364757,-808751.6121924636,206735.62761390128,299.5498039835427,728.5629334709727,1.031885021094535,366,14:35
3150000,6304.000000366795,-810803.4457823541,208738.32526746427,302.4516148445302,726.3447342317503,1.0350363161489113,366,14:32
3155000,6314.000000368832,-808415.4237269918,206574.93541874626,299.31696885920564,726.4076020719004,1.0349467376567705,366,14:30
3160000,6324.000000370869,-811162.9381452966,206108.53145229438,298.64117234391546,725.9553441550361,1.0355914919924287,366,14:28
3165000,6334.0000003729065,-811169.6839590948,206561.85939999495,299.2980223481517,726.9011497880821,1.0342440346841737,366,14:25
3170000,6344.000000374944,-810418.1430603252,208520.5649342966,302.13609078189694,728.2274749874014,1.0323603596340516,366,14:23
3175000,6354.000000376981,-811235.1855255631,207632.16422764488,300.8488416482674,728.193855042188,1.0324080226272105,366,14:21
3180000,6364.000000379018,-810492.6058959481,207976.2658520005,301.34742805698573,728.0842227073023,1.0325634789584226,366,14:18
3185000,6374.0000003810555,-812112.0500053614,207622.75838412222,300.8352130414519,726.4979199915923,1.0348180735081682,366,14:16
3190000,6384.000000383093,-810417.3107289537,206885.23558901547,299.7665786156517,728.8160178581628,1.0315266947380672,366,14:14
3195000,6394.00000038513,-808631.8835683069,206892.94905252766,299.77775504668,729.7284222582392,1.030236941637643,366,14:11
3200000,6404.000000387167,-808484.4766816604,206476.94007278502,299.1749784001213,728.6038643232772,1.0318270527862927,366,14:09
3205000,6414.000000389205,-809986.5833290168,207265.1804076929,300.31710005829314,727.5652468303821,1.0333000115777342,366,14:07
3210000,6424.000000391242,-808793.6092601023,206497.18048953812,299.20430577315767,730.242688249382,1.0295114077426397,366,14:04
3215000,6434.000000393279,-809885.846832498,205121.10607699092,297.2104413130119,727.2001801800862,1.0338187454618264,366,14:02
3220000,6444.000000395316,-810882.3106991295,205992.76095009828,298.4734265536026,727.9613372445183,1.032737783601367,366,14:00
3225000,6454.000000397354,-811459.3738389574,206611.28747930273,299.369641215392,728.2208926228885,1.0323696911051266,366,13:57
3230000,6464.000000399391,-810702.4487363985,206939.52577970916,299.8452424442729,727.0001277455218,1.0341032267831287,366,13:55
3235000,6474.000000401428,-811171.519543062,207046.16955418565,299.99976405290516,727.3641168366229,1.0335857386572938,366,13:53
3240000,6484.0000004034655,-811365.2587608933,206769.0403940916,299.5982174663665,726.905378712536,1.0342380177526476,366,13:50
3245000,6494.000000405503,-810526.8704808098,206060.05652838876,298.57093455219257,726.8013293128138,1.0343860800092464,366,13:48
3250000,6504.00000040754,-808475.3074115799,207683.13101513556,300.9226900283397,728.637596192609,1.031779284930915,366,13:45
3255000,6514.000000409577,-809653.1045496166,206961.25373765806,299.87672519168166,728.3507880520003,1.0321855763815235,366,13:43
3260000,6524.000000411615,-810234.1333729704,207278.24619313912,300.336031741789,727.1927476972132,1.0338293119040025,366,13:41
3265000,6534.000000413652,-811755.2397640501,207981.68235201912,301.3552763003562,726.5970569022645,1.0346768829184998,366,13:38
3270000,6544.000000415689,-809286.1433350849,207310.87700717914,300.383312193941,728.113339719497,1.032522187085621,366,13:36
3275000,6554.000000417726,-808681.5050841966,206961.72033169703,299.87740126360274,729.2556739264804,1.0309048045187819,366,13:34
3280000,6564.000000419764,-807552.1606594408,208487.1549483434,302.087681347786,729.9411088462174,1.0299367563524597,366,13:31
3285000,6574.000000421801,-810850.9618267817,205908.35215867183,298.35112234693,726.7075100542562,1.0345196211296368,366,13:29
3290000,6584.000000423838,-810495.2222261238,205592.08284495893,297.8928635938444,725.8323103940403,1.0357670321472146,366,13:27
3295000,6594.000000425875,-810952.831152278,207605.0092120851,300.80949536005386,727.1688949036098,1.0338632238567425,366,13:24
3300000,6604.000000427913,-810513.3999368963,206671.26851629076,299.456550801707,727.0049224608559,1.0340964067046872,366,13:22
3305000,6614.00000042995,-811282.5259670243,208147.4420048102,301.5954539227381,727.8165507753279,1.0329432288569438,366,13:20
3310000,6624.000000431987,-811292.3562267818,207635.5617777114,300.85376453199194,726.0523763290458,1.0354530919304912,366,13:17
3315000,6634.0000004340245,-809920.5220892234,207464.38983529512,300.60574476689345,728.5665702536171,1.031879870238472,366,13:15
3320000,6644.000000436062,-809582.3142189295,207041.8062456665,299.99344183246006,728.231733100455,1.0323543232215695,366,13:12
3325000,6654.000000438099,-811305.324539178,208011.53479656653,301.39853103112426,729.0686943393134,1.0311691940835157,366,13:10
3330000,6664.000000440136,-809914.3159305565,207568.5799330924,300.7567111181336,727.4912242572893,1.0334051503382902,366,13:08
3335000,6674.000000442174,-808849.4408624456,205857.5477868497,298.27750929921064,726.7964311890046,1.0343930510823958,366,13:05
3340000,6684.000000444211,-810019.164975482,206574.30781780664,299.3160594961674,725.8551556640172,1.035734432836873,366,13:03
3345000,6694.000000446248,-810990.7248613592,207547.59918834077,300.72631104606893,725.5944289407489,1.0361066016877885,366,13:01
3350000,6704.000000448285,-810481.3580461373,205942.51427954825,298.40062158772514,726.5086272623847,1.0348028223784251,366,12:58
3355000,6714.000000450323,-809548.1640395503,207705.71518447375,300.95541338413693,729.7890567066647,1.0301513445077193,366,12:56
3360000,6724.00000045236,-809478.7003821926,207815.3961339128,301.1143357106096,727.9389827534737,1.0327694982478988,366,12:54
3365000,6734.000000454397,-810226.1329611945,206655.73145459578,299.43403835990426,727.0231881764176,1.0340704260879265,366,12:51
3370000,6744.0000004564345,-810454.1813028068,207421.18992217112,300.543150207563,728.3043116608019,1.0322514448102411,366,12:49
3375000,6754.000000458472,-811012.2776987432,206656.980669162,299.43584841065734,726.7191950568334,1.0345029869681597,366,12:46
3380000,6764.000000460509,-809755.7631365703,207704.51948863966,300.9536808794068,728.0471610274622,1.03261604222509,366,12:44
3385000,6774.000000462546,-809969.8403768688,207343.71580346883,300.4308940021913,727.1363948189002,1.0339094334022871,366,12:42
3390000,6784.0000004645835,-811968.1676596473,207074.1046330114,300.0402406146043,727.8266125312256,1.0329289490512235,366,12:39
3395000,6794.000000466621,-809002.3517465489,207536.7134386728,300.71053812769543,728.4477064361064,1.0320482463339766,366,12:37
3400000,6804.000000468658,-810724.0048385961,207011.89123816605,299.95009645103573,727.1000959559242,1.033961049042364,366,12:34
3405000,6814.000000470695,-811694.2537517506,207707.1310854901,300.95746495539635,728.8257368431321,1.03151293919688,366,12:32
3410000,6824.000000472733,-810604.9598282622,206072.32975037018,298.5887178500267,726.9051189835634,1.034238387294106,366,12:30
3415000,6834.00000047477,-809353.3149163579,207390.79412854413,300.49910819057743,729.0117702808956,1.0312497117621535,366,12:27
3420000,6844.000000476807,-810315.7928904486,207458.17781136878,300.59674384832437,726.7598321970034,1.0344451422152918,366,12:25
3425000,6854.000000478844,-810795.2276326036,206839.8052396319,299.7007522633687,728.4846090894242,1.0319959661372962,366,12:23
3430000,6864.000000480882,-809574.1211078665,207724.41213188408,300.9825043456538,727.5750607958367,1.0332860738121836,366,12:20
3435000,6874.000000482919,-809725.1150717884,208061.9656456313,301.4716028626534,729.5067347501415,1.030550017102834,366,12:18
3440000,6884.000000484956,-811858.6074996805,206675.92595602816,299.4632992038886,728.1065440128847,1.03253182402394,366,12:16
3445000,6894.0000004869935,-811712.8850523392,208748.6692070327,302.46660270659305,725.8560015244684,1.035733225866354,366,12:13
3450000,6904.000000489031,-810860.6466477094,206234.97769074887,298.82438675345225,728.978840089575,1.0312962964480734,366,12:11
3455000,6914.000000491068,-811245.2609133841,206502.6027048431,299.2121622976983,725.6513650346817,1.0360253066394491,366,12:09
3460000,6924.000000493105,-810318.1882580044,207945.48823760188,301.30283280039356,730.2916564446926,1.0294423759862943,366,12:06
3465000,6934.000000495143,-810897.8943517669,206695.4666014671,299.49161264254695,728.3564926433932,1.0321774921576385,366,12:04
3470000,6944.00000049718,-810073.5963105909,207845.87377506128,301.15849632064715,727.8907016243191,1.0328380020458185,366,12:02
3475000,6954.000000499217,-811472.3963776636,207814.25926773553,301.11268844717233,724.8423318418327,1.0371816668917166,366,11:59
3480000,6964.000000501254,-810604.3379403632,206573.72795276353,299.3152193001064,726.0809159522041,1.0354123920024354,366,11:57
3485000,6974.000000503292,-811497.4960399913,207166.48535400024,300.1740957569591,728.9697639855289,1.031309136695984,366,11:54
3490000,6984.000000505329,-808957.7317695324,208740.59487773204,302.4549033987029,727.0569199116527,1.0340224504908695,366,11:52
3495000,6994.000000507366,-809892.735682853,207101.2350197913,300.0795512169214,727.7352689640259,1.0330585997894715,366,11:50
3500000,7004.000000509403,-810698.0146763851,207890.75733820192,301.2235304064311,727.7413350857996,1.0330499886814255,366,11:47
3505000,7014.000000511441,-810900.1369228279,206650.79284637002,299.4268825583472,728.4094290371256,1.032102479737496,366,11:45
3510000,7024.000000513478,-811867.6725760358,206420.30975894662,299.09292384762057,727.0075964759999,1.0340926031825985,366,11:43
3515000,7034.000000515515,-810772.6228451347,207657.7219804494,300.88587358094014,728.198980276086,1.0324007562992734,366,11:40
3520000,7044.0000005175525,-809698.0216103992,207480.2714561979,300.6287564581209,725.5322777559536,1.0361953575637757,366,11:38
3525000,7054.00000051959,-810479.76400078,206543.77281451147,299.27181577118745,726.4174104238296,1.0349327634297143,366,11:36
3530000,7064.000000521627,-810771.0093995463,207699.1313367163,300.94587371103864,727.7259155391678,1.0330718776400754,366,11:33
3535000,7074.000000523664,-809838.5589289712,206622.93562104646,299.38651880256157,727.8234275859461,1.0329334691340561,366,11:31
3540000,7084.000000525702,-809026.7345257741,207533.51138635032,300.7058985106318,729.3947158396037,1.03070828681286,366,11:28
3545000,7094.000000527739,-810473.111148221,208190.4244563555,301.65773339088656,729.4917598013715,1.0305711721515425,366,11:26
3550000,7104.000000529776,-809116.6266618674,206347.32784166918,298.9871766222046,730.9592262482021,1.0285022077525765,366,11:24
3555000,7114.000000531813,-810192.4727871502,207515.72331816622,300.68012447062085,728.8117521216732,1.031532732265658,366,11:21
3560000,7124.000000533851,-810385.5816797428,206626.9539717072,299.39234119595676,729.136009359922,1.031073994868747,366,11:19
3565000,7134.000000535888,-809927.5997948153,206658.80383838757,299.4384900936147,728.4248613480793,1.032080613753441,366,11:17
3570000,7144.000000537925,-809925.669553821,206381.754694602,299.0370594467899,726.8507659190035,1.0343157264515654,366,11:14
3575000,7154.0000005399625,-810684.5611879076,209294.336014716,303.2572471986354,727.086562035201,1.0339802950958592,366,11:12
3580000,7164.000000542,-809673.4240257321,206838.23042895884,299.6984704397959,729.2688977858147,1.030886111084627,366,11:10
3585000,7174.000000544037,-811762.8072888297,206688.23468918103,299.4811339556718,726.4459872083988,1.0348920514550528,366,11:07
3590000,7184.000000546074,-811408.5136583564,207305.73802593298,300.37586606168634,728.0295508847386,1.0326410199418052,366,11:05
3595000,7194.0000005481115,-810851.1241984242,206195.95064412066,298.76783847339783,727.69476938776,1.0331160942738478,366,11:02
3600000,7204.000000550149,-810841.1365915006,208027.39308170695,301.4215089099744,726.3281699337009,1.035059920699502,366,11:00
3605000,7214.000000552186,-809351.99324176,207577.91483871453,300.77023693940384,728.2976827200592,1.0322608403277904,366,10:58
3610000,7224.000000554223,-810196.6975952727,207616.6489766715,300.82636080913255,729.5045949702763,1.0305530399078882,366,10:55
3615000,7234.000000556261,-809106.2950881775,207600.9576232204,300.8036248061283,729.8467375205531,1.0300699301984888,366,10:53
3620000,7244.000000558298,-811140.1835266165,206992.5919173119,299.92213267988706,727.3436574649778,1.033614812279559,366,10:51
3625000,7254.000000560335,-812085.7183354362,207605.65062863467,300.81042474123467,727.9448944888271,1.0327611109922137,366,10:48
3630000,7264.000000562372,-810883.9251478491,208492.3572086623,302.09521916831926,727.6789263191104,1.0331385873385945,366,10:46
3635000,7274.00000056441,-810197.3202783866,207550.7617289208,300.73089341255206,725.9851575538555,1.0355489642605,366,10:44
3640000,7284.000000566447,-811637.8935017991,206546.02521177856,299.2750793845648,725.8070182010442,1.035803125515037,366,10:41
3645000,7294.000000568484,-810479.8265698832,208527.75021598628,302.14650190332077,726.665927215606,1.0345788206336657,366,10:39
3650000,7304.0000005705215,-807943.0059864088,207510.37315209053,300.6723723418865,727.8331206332732,1.032919712858451,366,10:36
3655000,7314.000000572559,-808324.735031744,206623.2298357209,299.386945105222,729.4063059386176,1.0306919090944318,366,10:34
3660000,7324.000000574596,-811271.6466852245,206202.49822552863,298.7773255983311,727.3877674906371,1.0335521321274734,366,10:32
3665000,7334.000000576633,-810009.3211817429,207682.66679073908,300.9220173899145,729.2525339795876,1.030909243291617,366,10:29
3670000,7344.000000578671,-809084.9925197889,207246.8506152653,300.2905410863727,728.5069534242735,1.0319643133667604,366,10:27
3675000,7354.000000580708,-811547.0347131384,207174.59629341308,300.1858481111095,728.192189708708,1.0324103836847298,366,10:25
3680000,7364.000000582745,-809837.9426807836,207756.26723260788,301.0286608271844,729.3060614252952,1.0308335796690744,366,10:22
3685000,7374.000000584782,-810606.4844056531,205701.47424399754,298.05136637596144,727.3016909020388,1.0336744536383193,366,10:20
3690000,7384.00000058682,-811762.474598675,207080.94590059738,300.05015327643247,728.3249168330542,1.0322222411974902,366,10:18
3695000,7394.000000588857,-811637.2930655847,205276.22429409547,297.4352000160194,727.0005140178085,1.034102677340026,366,10:15
3700000,7404.000000590894,-808821.9378670258,206995.19188736408,299.9258999092151,726.7670838828059,1.034434820516198,366,10:13
3705000,7414.000000592931,-810440.2312472062,207813.18619846753,301.1111336223335,728.5437214263378,1.0319122323935968,366,10:11
3710000,7424.000000594969,-810553.0263365433,207395.3947882843,300.5057743213226,727.5935871611251,1.0332597637462502,366,10:08
3715000,7434.000000597006,-809367.8488678546,208069.417275524,301.4823999095847,728.3269334302316,1.032219383172663,366,10:06
3720000,7444.000000599043,-811303.765355696,206825.68479647947,299.6802924324857,729.6011091047067,1.0304167148209464,366,10:03
3725000,7454.0000006010805,-810654.8558093775,206909.64712977526,299.8019497431827,726.6724071959582,1.0345695949490739,366,10:01
3730000,7464.000000603118,-811514.0546145388,206719.32983097824,299.5261892939204,727.8013292656316,1.03296483221866,366,9:59
3735000,7474.000000605155,-810407.9493365018,206396.35467476855,299.05821410333135,727.2278286211134,1.033779440754977,366,9:56
3740000,7484.000000607192,-811111.2821220853,207709.1800553465,300.96043381241407,727.1002677629366,1.0339608047270108,366,9:54
3745000,7494.00000060923,-812175.0071838545,206793.11585158875,299.63310162570235,728.7378198812822,1.0316373837930692,366,9:52
3750000,7504.000000611267,-811704.0410823361,206033.14887378772,298.53194667789904,727.4749984098959,1.033428199754836,366,9:49
3755000,7514.000000613304,-810007.6890797922,207117.64814126666,300.1033330264597,727.2917864450922,1.0336885304975851,366,9:47
3760000,7524.000000615341,-810732.1372122862,207166.21102729725,300.1736982709957,729.4267795398048,1.0306629795627973,366,9:45
3765000,7534.000000617379,-810194.0313985464,207156.34559210323,300.159403738347,729.8829871455804,1.0300187717944993,366,9:42
3770000,7544.000000619416,-809456.8974136603,208302.14555949435,301.81961180019766,727.5460544212925,1.0333272696687017,366,9:40
3775000,7554.000000621453,-809346.7976949881,208684.3199047559,302.37336371771636,728.9533764841633,1.0313323214159276,366,9:38
3780000,7564.00000062349,-809516.3619231074,206935.25477169477,299.8390539627408,727.2169471912381,1.0337949093143037,366,9:35
3785000,7574.000000625528,-809359.2726978492,206520.8616588318,299.23861862818853,727.9008725276785,1.0328235702792123,366,9:33
3790000,7584.000000627565,-808946.3309581932,206433.7376507912,299.1123802055613,730.5359720211201,1.0290980961463951,366,9:30
3795000,7594.000000629602,-811692.4304856621,208092.28635414713,301.5155360849885,726.4743086078416,1.0348517064754408,366,9:28
3800000,7604.0000006316395,-810409.8622508668,208408.410804053,301.9735849375093,726.3375510581418,1.0350465522237766,366,9:26
3805000,7614.000000633677,-808416.0248832083,207620.40472157346,300.83180269963873,728.9622924491505,1.0313197071518387,366,9:23
3810000,7624.000000635714,-809113.5443847314,206458.45086247625,299.14818843949513,726.9386599314969,1.034190667537528,366,9:21
3815000,7634.000000637751,-810854.424746186,208276.12870260296,301.78191464817775,725.9516441088355,1.035596770217771,366,9:19
3820000,7644.000000639789,-810080.9872988584,208905.03019348468,302.69316212154706,727.3249390217144,1.033641413402636,366,9:16
3825000,7654.000000641826,-812420.2962353271,207825.9735638274,301.12966188875384,725.9193036638189,1.0356429071096234,366,9:14
3830000,7664.000000643863,-810922.3014167743,207773.31570257738,301.05336322558827,727.3154152924637,1.0336549482745176,366,9:12
3835000,7674.0000006459,-810386.9426805452,208143.57012324806,301.5898437558967,727.7932898229577,1.032976242685985,366,9:09
3840000,7684.000000647938,-811709.6678397777,206956.06368335607,299.86920505706934,725.4789584674045,1.0362715130450868,366,9:07
3845000,7694.000000649975,-809090.7416520482,208553.00420522486,302.1830936974568,726.2098297461491,1.0352285898363351,366,9:04
3850000,7704.000000652012,-810091.7270932137,207990.0144173366,301.3673490551176,726.6393631828424,1.0346166421268028,366,9:02
3855000,7714.0000006540495,-810221.4352551359,207328.35354157217,300.4086348367392,727.746742525947,1.033042312719918,366,9:00
3860000,7724.000000656087,-810741.4484875347,207664.0995349861,300.89511434526037,728.4291035249062,1.0320746031912027,366,8:57
3865000,7734.000000658124,-809823.4453482814,207360.78001884493,300.4556192149185,725.4367956685743,1.0363317417343383,366,8:55
3870000,7744.000000660161,-811757.4568091123,206509.20961694937,299.2217353899089,727.4046419007218,1.0335281556754181,366,8:53
3875000,7754.0000006621985,-811007.5548799974,207665.8965059049,300.89771806815367,726.3817606072356,1.0349835565046566,366,8:50
3880000,7764.000000664236,-810393.0470757443,209982.35537134059,304.2541535654407,727.3474605688917,1.0336094077861757,366,8:48
3885000,7774.000000666273,-809437.0462628002,207591.58947809436,300.790050822444,728.4078930715193,1.0321046560921538,366,8:46
3890000,7784.00000066831,-811668.4326434187,206330.56410470017,298.9628867879798,727.7742533567605,1.0330032623520913,366,8:43
3895000,7794.000000670348,-810657.5860404572,206118.65864403307,298.65584614898347,729.4126654630019,1.0306829228091108,366,8:41
3900000,7804.000000672385,-811391.6842004629,207806.3513253693,301.101230225805,729.0146288658168,1.031245668064319,366,8:38
3905000,7814.000000674422,-810333.6964659402,206138.75624242978,298.6849665852129,727.051630858294,1.0340299726525464,366,8:36
3910000,7824.000000676459,-810370.7739861989,207075.74173583125,300.0426126964484,728.9210104132958,1.031378115369629,366,8:34
3915000,7834.000000678497,-810206.1614479492,206914.66711686482,299.8092234587296,726.2863781832817,1.0351194798034231,366,8:31
3920000,7844.000000680534,-810091.1556680463,207523.3161775531,300.69112615217557,729.2749001313836,1.0308776263079267,366,8:29
3925000,7854.000000682571,-810779.724220769,207520.97613553167,300.6877355458397,727.9896063709814,1.032697680563147,366,8:27
3930000,7864.0000006846085,-811293.1711068791,208599.4723516303,302.25042376682063,725.7026738924678,1.0359520572536696,366,8:24
3935000,7874.000000686646,-811754.9245840302,207628.3411165532,300.8433021474501,727.34016872107,1.0336197700937078,366,8:22
3940000,7884.000000688683,-811756.6861338913,207981.34579176275,301.3547886410205,726.3767925495224,1.0349906352798788,366,8:19
3945000,7894.00000069072,-810270.9777259692,206327.55458516773,298.95852614150374,727.7080995901616,1.0330971695887317,366,8:17
3950000,7904.000000692758,-811262.0261553768,207868.29893335444,301.1909892772243,727.3652248883009,1.0335841641162338,366,8:15
3955000,7914.000000694795,-812240.8221703433,206934.77860990667,299.8383640276196,726.2797105593418,1.0351289827364172,366,8:13
3960000,7924.000000696832,-809710.553194392,205009.43030096107,297.0486285804629,728.4840234917635,1.0319967957154395,366,8:10
3965000,7934.000000698869,-810137.0046233516,207503.8404466769,300.66290677154086,727.7840885173886,1.0329893025071661,366,8:08
3970000,7944.000000700907,-810952.4331446546,207507.885119362,300.6687673042607,726.9159403455463,1.0342229909224703,366,8:05
3975000,7954.000000702944,-810114.7306281445,207426.3295827879,300.55059732419244,727.9843665580416,1.0327051136110503,366,8:03
3980000,7964.000000704981,-810083.4556730161,208770.6039664205,302.49838509916304,727.279956633634,1.0337053442985302,366,8:01
3985000,7974.000000707018,-810535.3344407915,207410.86318257794,300.5281872674223,724.5666091583676,1.037576350429188,366,7:58
3990000,7984.000000709056,-810057.122029413,207278.26129569794,300.33605362465744,728.6769302278864,1.031723589407826,366,7:56
3995000,7994.000000711093,-810191.2317979666,208020.5933431165,301.4116564216277,725.8003423874148,1.035812652692442,366,7:54
4000000,8004.00000071313,-810075.5348200966,207637.49153463292,300.85656065530287,728.7236364684333,1.0316574629262172,366,7:51
4005000,8014.0000007151675,-811122.1431092261,207347.40422651678,300.4362383466266,726.4571723962047,1.0348761173265257,366,7:49
4010000,8024.000000717205,-810079.1990068508,207083.9768021379,300.05454490439155,728.3984514616973,1.0321180343872873,366,7:47
4015000,8034.000000719242,-810204.5143291047,209204.92448751992,303.12769427273395,728.609098712078,1.0318196400543092,366,7:44
4020000,8044.000000721279,-812235.1052941736,207968.50659733554,301.33618527681875,727.3059879158343,1.0336683465617094,366,7:42
4025000,8054.000000723317,-811700.6142382394,206509.7023775709,299.2224493759271,728.5386576431066,1.0319194048062115,366,7:39
4030000,8064.000000725354,-811491.5109301959,207282.37851012262,300.34201926680674,727.3007802372867,1.0336757479183694,366,7:37
4035000,8074.000000727391,-809972.3716825992,207452.34833758743,300.5882972261882,726.5980945537162,1.0346754053011242,366,7:35
4040000,8084.000000729428,-809336.2802249212,206627.9157399492,299.39373475105754,725.7126462478726,1.0359378217540534,366,7:32
4045000,8094.000000731466,-811857.6087409644,207803.92538664362,301.0977151593496,727.8272726870273,1.0329280121612991,366,7:30
4050000,8104.000000733503,-810833.9811192569,206001.49283824186,298.4860786320663,727.6987410600605,1.0331104556787214,366,7:28
4055000,8114.00000073554,-809320.9643081254,205966.56920734592,298.4354760005315,727.786357465853,1.0329860820572805,366,7:25
4060000,8124.0000007375775,-810319.3064038474,206880.42101154447,299.7596025285866,728.1763548466391,1.0324328343945275,366,7:23
4065000,8134.000000739615,-811631.9272142537,208497.55701564113,302.10275343408296,727.3255179642769,1.0336405906362216,366,7:21
4070000,8144.000000741652,-810522.7579611195,207174.31286775437,300.1854374412047,730.0020769733408,1.0298507383573456,366,7:18
4075000,8154.000000743689,-810500.3242431236,206834.4565941181,299.69300233785407,727.8514191920126,1.0328937447260265,366,7:16
4080000,8164.0000007457265,-810817.902470326,208303.17632573008,301.8211053300136,727.4783496859441,1.033423439058968,366,7:13
4085000,8174.000000747764,-810218.7990610288,207598.99378194887,300.80077929626276,727.3112151989361,1.0336609174488782,366,7:11
4090000,8184.000000749801,-810011.7851342228,209031.03786805843,302.87574107348985,729.7123033954083,1.0302596988912458,366,7:09
4095000,8194.000000751837,-807789.2596702566,207852.98746722087,301.16880371234635,730.130870234389,1.0296690752605047,366,7:06
4100000,8204.000000753875,-810151.4898876832,207037.41512155192,299.98707930857887,727.8140088840687,1.0329468364123529,366,7:04
4105000,8214.000000755912,-811370.4834313868,207948.64077815786,301.3074006773313,727.4755624449581,1.033427398504912,366,7:02
4110000,8224.00000075795,-809917.681894633,207839.70668970532,301.1495605158666,727.2840454242277,1.033699532807525,366,6:59
4115000,8234.000000759987,-810047.394631206,208232.11337792873,301.7181385974283,727.6203619828219,1.0332217420698568,366,6:57
4120000,8244.000000762024,-812061.0164105375,206927.52170487202,299.8278491274752,726.8533100410133,1.0343121061538132,366,6:55
4125000,8254.000000764061,-812573.758703114,207300.49452932103,300.36826849178306,726.6740571588359,1.0345672458884334,366,6:52
4130000,8264.000000766098,-810903.7567000175,208442.0340568404,302.0223033848229,729.477477992506,1.0305913488135328,366,6:50
4135000,8274.000000768136,-810355.2843003417,208530.33883945202,302.1502526920005,729.2919818325739,1.030853480774978,366,6:47
4140000,8284.000000770173,-810814.595943728,206397.2584786971,299.0595236709795,729.2010036408498,1.0309820944015984,366,6:45
4145000,8294.00000077221,-810409.3849833249,206613.24602940318,299.3724790586097,729.8570278795779,1.0300554070946513,366,6:43
4150000,8304.000000774247,-811028.3603975638,207701.40920621855,300.94917423243777,728.5129890794922,1.0319557636485166,366,6:40
4155000,8314.000000776285,-809682.0443377034,206657.98401791195,299.4373022138786,728.089861309896,1.032555482397256,366,6:38
4160000,8324.000000778322,-811773.0295420727,206984.8291461378,299.91088480447047,728.7896772779243,1.0315639771152991,366,6:36
4165000,8334.00000078036,-810147.001257834,207157.3880716307,300.1609142401493,727.9516879503389,1.0327514729585716,366,6:33
4170000,8344.000000782396,-811584.223337309,208572.78168693368,302.2117503002762,728.8482471739133,1.0314810811282678,366,6:31
4175000,8354.000000784434,-811315.9373811772,207536.20552198324,300.70980218127653,730.5320478788173,1.029103624072767,366,6:29
4180000,8364.000000786471,-812063.6298085297,206769.9405270574,299.5995217149693,725.37176738885,1.0364246470187988,366,6:26
4185000,8374.000000788508,-810478.3268912919,208047.73001251882,301.4509761271572,727.8521315240486,1.0328927338568237,366,6:24
4190000,8384.000000790546,-809993.4684298281,207788.93431829053,301.075993835171,730.6270569775526,1.0289698017527549,366,6:21
4195000,8394.000000792583,-809937.9192495188,208078.23562383972,301.4951772646053,728.1521170736846,1.0324672006650417,366,6:19
4200000,8404.00000079462,-811765.4525600742,207979.1018804228,301.3515373233362,729.6432812655073,1.030357158458948,366,6:17
4205000,8414.000000796657,-810111.573690617,207494.04885763617,300.6487192383532,727.4226126073721,1.0335026227445212,366,6:14
4210000,8424.000000798695,-809713.1589577072,207793.19742973248,301.08217087495626,728.1237547462118,1.0325074179669211,366,6:12
4215000,8434.000000800732,-810854.5023847935,206770.83391971764,299.6008161971993,726.7613637610846,1.0344429622438422,366,6:10
4220000,8444.00000080277,-810654.7581334133,206653.3324771469,299.4305623590192,727.3965705261701,1.0335396239627215,366,6:07
4225000,8454.000000804806,-810546.0325010833,206338.46622171652,298.9743365687004,729.2243824651459,1.0309490412703302,366,6:05
4230000,8464.000000806844,-810813.8037370825,206709.75091514588,299.5123099138006,727.3352068573142,1.0336268214235844,366,6:03
4235000,8474.000000808881,-811377.2143339003,207807.24650050557,301.10252729075546,727.649347296858,1.0331805845304813,366,6:00
4240000,8484.000000810918,-809704.8176232199,207554.2734691389,300.73598175221616,728.2435708512078,1.0323375420872678,366,5:58
4245000,8494.000000812955,-808688.1324403845,206186.49589582777,298.7541390059643,726.9844122519214,1.0341255813788652,366,5:55
4250000,8504.000000814993,-810650.4045078256,206447.35694499972,299.1321138961576,727.3833646193217,1.0335583882466768,366,5:53
4255000,8514.00000081703,-810926.4498245125,207829.13437354745,301.13424174730557,727.8898266492755,1.0328392435901332,366,5:51
4260000,8524.000000819067,-810481.3130494943,208208.36926949024,301.6837345466577,727.0246264370354,1.0340683804037558,366,5:48
4265000,8534.000000821105,-811598.4854845307,207056.81993395713,300.01519593182087,728.1200648583347,1.032512650396006,366,5:46
4270000,8544.000000823142,-812419.3205896267,207588.62667874133,300.7857578712208,728.9652865577431,1.0313154711707107,366,5:44
4275000,8554.000000825179,-810580.6700348272,206703.66104997584,299.5034859972893,726.6493163836532,1.0346024705766907,366,5:41
4280000,8564.000000827216,-810803.6281002685,205748.96992649173,298.12018529481645,728.012422339796,1.0326653157334387,366,5:39
4285000,8574.000000829254,-809488.7560005155,206993.14389674115,299.92293247105874,727.40066552633,1.033533805512002,366,5:37
4290000,8584.00000083129,-812634.2864792859,207369.83752985433,300.4687431049744,724.8061015677755,1.0372335116208895,367,5:34
4295000,8594.000000833328,-810511.9345124392,205124.1660134839,297.2148750111957,727.621263846347,1.033220461424212,367,5:32
4300000,8604.000000835365,-807577.4110250534,208180.00425890705,301.6426350348887,730.1773586091532,1.02960351907571,367,5:30
4305000,8614.000000837403,-811755.0848687729,207232.6417487546,300.2699531343722,729.1934830308767,1.0309927275386213,366,5:27
4310000,8624.00000083944,-810097.5412460994,206599.8381032747,299.35305163001425,730.729555723712,1.0288254691283392,366,5:25
4315000,8634.000000841477,-811302.5180750485,207474.90784223742,300.62098484405976,728.6439154174614,1.0317703367394027,366,5:23
4320000,8644.000000843514,-810129.5892008203,206513.32885742266,299.2277039677035,727.5126860976306,1.033374664579391,366,5:20
4325000,8654.000000845552,-810276.7989212084,208081.73539910244,301.5002482676348,727.9851636350991,1.0327039828935656,366,5:18
4330000,8664.000000847589,-810026.5030143466,206793.6164300735,299.6338269394217,727.9032797085773,1.0328201547249218,366,5:15
4335000,8674.000000849626,-811468.8058940908,208622.7476808133,302.2841485793984,728.0376846482108,1.032629483096962,366,5:13
4340000,8684.000000851664,-809444.534361471,207642.27679769494,300.86349426722444,728.9439847294708,1.0313456091587065,367,5:11
4345000,8694.0000008537,-811636.4821524736,208847.74544082233,302.6101593192275,726.7223360376215,1.034498515722615,367,5:08
4350000,8704.000000855738,-810670.8220037967,207713.74026246142,300.9670413292855,726.817420233015,1.0343631798648536,367,5:06
4355000,8714.000000857775,-809561.7429361097,207763.94103118783,301.03977978566763,728.4000007131696,1.0321158391506278,366,5:04
4360000,8724.000000859813,-811846.1586067048,206979.49606095624,299.90315742511547,726.4002647030591,1.0349571916534366,366,5:01
4365000,8734.00000086185,-809649.2288234327,206482.76143722094,299.1834132722129,728.5803988459554,1.031860284965398,366,4:59
4370000,8744.000000863887,-809866.40804706,207686.57481425686,300.92767992468043,727.3969212358455,1.033539125648341,366,4:57
4375000,8754.000000865924,-810143.7838125709,206480.19234439748,299.17969078247773,727.4603506026059,1.0334490083901184,366,4:54
4380000,8764.000000867962,-809549.6775617567,207355.28643847065,300.44765928588606,727.5184090248359,1.033366535674462,366,4:52
4385000,8774.000000869999,-810197.2808504179,207697.60739051312,300.9436655875927,727.3173527582303,1.033652194770742,366,4:50
4390000,8784.000000872036,-809996.5548584517,207078.17007324804,300.04613123848975,727.7775786454416,1.032998542456677,366,4:47
4395000,8794.000000874074,-809976.5120562585,207335.72353826737,300.4193136011636,728.5426618909554,1.0319137331259203,366,4:45
4400000,8804.00000087611,-811694.5870502535,207117.10541818032,300.10254664727586,727.1051745377889,1.0339538271767847,366,4:42
4405000,8814.000000878148,-812127.2875054246,207275.34304307314,300.33182521946264,725.3376281683687,1.0364734280666343,366,4:40
4410000,8824.000000880185,-812586.8010663744,206738.494368529,299.55395777066065,724.6236954519363,1.037494609535932,366,4:38
4415000,8834.000000882223,-811879.4866247787,206073.77534535338,298.5908124463905,727.2095712286819,1.0338053949196144,366,4:35
4420000,8844.00000088426,-810260.1443860554,208426.33219666808,301.999552158094,728.6795280113628,1.0317199112552364,366,4:33
4425000,8854.000000886297,-810331.7082120278,208025.44046261636,301.41867966049966,727.896506252785,1.0328297656539471,366,4:31
4430000,8864.000000888334,-811741.6234847289,207541.16370171856,300.7169863409929,726.5248968247021,1.0347796493404762,366,4:28
4435000,8874.000000890372,-810777.3834222201,206427.31886828275,299.1030797039283,726.730713249131,1.0344865907926315,366,4:26
4440000,8884.000000892409,-810816.3795903623,209066.81479695014,302.9275800920487,727.9588615556443,1.0327412958018163,366,4:24
4445000,8894.000000894446,-812160.1533943401,206909.48368371808,299.80171291784706,725.9453030955805,1.0356058159858461,366,4:21
4450000,8904.000000896483,-809796.0678809555,207181.38597865117,300.1956860326408,726.8652802044946,1.0342950728942275,366,4:19
4455000,8914.00000089852,-809054.8420442725,208507.47810519038,302.11712860716796,727.5506269532904,1.03332077538249,366,4:17
4460000,8924.000000900558,-812514.6819104631,207247.5788427574,300.29159625235945,724.7566258003471,1.037304318733461,366,4:14
4465000,8934.000000902595,-810305.9355161432,206574.56939452724,299.31643850803044,727.5268647411805,1.0333545253216776,366,4:12
4470000,8944.000000904633,-810375.9984334186,207361.0892541801,300.456067281781,728.2594504101581,1.0323150321633017,366,4:09
4475000,8954.00000090667,-810202.3226655736,206097.03797758755,298.6245188617109,726.345361361171,1.035035422494515,366,4:07
4480000,8964.000000908707,-810416.6184329172,207660.65390586067,300.8901217973331,723.1799698009675,1.039565819529402,366,4:05
4485000,8974.000000910744,-811447.5452004806,208060.45481929855,301.46941374925746,729.4474727203107,1.0306337414121773,366,4:02
4490000,8984.000000912782,-810161.8202448357,207806.25053193507,301.10108418105295,727.9803363874852,1.0327108307678667,366,4:00
4495000,8994.000000914819,-809860.7226009024,206769.914416806,299.5994838824932,729.1244287468144,1.0310903713177442,366,3:58
4500000,9004.000000916856,-809919.3895199443,207117.26632099279,300.1027797875744,728.7249291665363,1.0316556328507087,366,3:55
4505000,9014.000000918893,-809528.7747683795,207078.20270808207,300.0461785247666,729.6548561629344,1.0303408133632883,366,3:53
4510000,9024.00000092093,-811553.6329372786,206603.7537701745,299.3587252396665,727.3782341283728,1.033565678349277,366,3:51
4515000,9034.000000922968,-811294.3852937268,206837.0294146173,299.69673022880886,726.8796124034035,1.0342746792520587,366,3:48
4520000,9044.000000925005,-811594.495396459,206831.38916022665,299.68855777630694,724.7728475352384,1.0372811019756627,366,3:46
4525000,9054.000000927042,-811474.2062725076,207636.3535364255,300.8549117516093,726.3474624643775,1.0350324284505383,366,3:43
4530000,9064.00000092908,-812772.5225156564,206600.9604455927,299.3546778490905,725.0658203968017,1.0368619742163026,366,3:41
4535000,9074.000000931117,-810279.3131924225,206810.21564732754,299.6578783926333,724.3881109664159,1.0378320220777968,366,3:39
4540000,9084.000000933154,-810443.8972504432,207112.72107537006,300.09619394917263,727.2199598049133,1.0337906266696388,366,3:36
4545000,9094.000000935192,-814175.3116642274,205881.6156575168,298.3123824656012,727.041815565506,1.0340439323818436,367,3:34
4550000,9104.000000937229,-811872.9524915679,206913.69991452972,299.807822029894,726.5166349980248,1.034791416683026,367,3:32
4555000,9114.000000939266,-810238.7490014862,207673.28044601314,300.9084170359009,726.2809213829748,1.0351272570148697,366,3:29
4560000,9124.000000941303,-810763.000270131,207880.50768178457,301.2086791560388,726.6160143183121,1.0346498881925954,366,3:27
4565000,9134.00000094334,-811319.3965437589,207633.9164396642,300.85138051770656,726.0065769999111,1.035518412353836,366,3:25
4570000,9144.000000945378,-809739.8519576136,207298.06908501385,300.3647541417159,728.1885625282813,1.032415526224628,366,3:22
4575000,9154.000000947415,-812746.8688294985,207602.58791570837,300.80598702013486,726.361223836309,1.0350128191077737,366,3:20
4580000,9164.000000949452,-810364.5041449061,206880.4719683352,299.7596763624818,728.3817301632066,1.0321417284930232,366,3:18
4585000,9174.00000095149,-810151.3167091245,206958.50929854013,299.8727486337496,728.6006341281186,1.0318316273125754,367,3:15
4590000,9184.000000953527,-809592.187626428,207898.9190092674,301.2353562682628,727.9550772720472,1.0327466645203918,367,3:13
4595000,9194.000000955564,-810232.5507007255,208034.51113311035,301.43182261800456,728.3397159270495,1.032201267531442,367,3:10
4600000,9204.000000957602,-810226.2811155352,207991.58488882403,301.3696245914228,726.9327594833142,1.0341990619706654,367,3:08
4605000,9214.000000959639,-810294.8926244704,207837.0216442575,301.1456700164551,729.3844334044895,1.0307228171354108,366,3:06
4610000,9224.000000961676,-810769.9528203886,206220.99240935815,298.80412276534537,728.0618988740232,1.0325951394188722,366,3:03
4615000,9234.000000963713,-811865.1147667719,206176.48035398492,298.73962697612967,726.7793300799467,1.0344173903386775,366,3:01
4620000,9244.00000096575,-811711.109127908,206305.19138437894,298.92612295831736,726.033401192728,1.0354801538584104,367,2:59
4625000,9254.000000967788,-812334.5735430885,206372.06409426033,299.02301824128347,726.277489707926,1.0351321480109843,367,2:56
4630000,9264.000000969825,-810911.7046156032,207662.4889974638,300.8927807552319,726.925063981885,1.0342100103899097,367,2:54
4635000,9274.000000971862,-812000.9707156383,207249.66871323058,300.2946243723687,728.2027023970484,1.032395479306365,367,2:52
4640000,9284.0000009739,-810724.6625697725,206670.74015620843,299.4557852338128,729.5339704765362,1.0305115435300634,367,2:49
4645000,9294.000000975937,-809751.7378700669,207572.73646013663,300.76273372234414,727.8138778492666,1.032947022382954,367,2:47
4650000,9304.000000977974,-811285.9518509693,206625.81930384942,299.39069711777677,727.5818111743989,1.0332764871621956,367,2:44
4655000,9314.000000980011,-809954.0572635923,206963.36626879382,299.8797861458816,727.3780900896901,1.033565883020604,366,2:42
4660000,9324.000000982049,-811041.7672715881,207114.12005226506,300.0982209982087,723.6635016843786,1.0388712104777131,367,2:40
4665000,9334.000000984086,-809490.6261543836,206847.26890709018,299.71156675214326,727.4918868692927,1.0334042090952753,367,2:37
4670000,9344.000000986123,-810404.8635984128,206643.9090222672,299.4169082342094,727.6553572251665,1.0331720511758085,367,2:35
4675000,9354.00000098816,-810946.4190620361,206435.40040599095,299.1147894564481,727.9194471959108,1.032797215226831,367,2:33
4680000,9364.000000990198,-808885.1616263385,207441.25761390963,300.5722273105087,730.5644668099815,1.0290579574121703,367,2:30
4685000,9374.000000992235,-809940.5863329102,206795.305403558,299.6362741793196,728.3655664320302,1.0321646335591113,367,2:28
4690000,9384.000000994272,-809849.8623644467,205633.1237151025,297.95232980558893,726.444758095788,1.034893802446931,367,2:26
4695000,9394.00000099631,-809594.4703374752,206422.99308891234,299.09681186138255,726.7145432933556,1.0345096089124388,367,2:23
4700000,9404.000000998347,-809382.7891029022,208953.1401994183,302.76287116499253,728.2714335224796,1.0322980462616007,367,2:21
4705000,9414.000001000384,-810319.1090584239,207742.6375618791,301.0089121015183,730.1701632004491,1.0296136652286156,366,2:19
4710000,9424.000001002421,-811536.1316398568,206930.8437611154,299.83266262434563,730.1018683403938,1.0297099768862445,366,2:16
4715000,9434.000001004459,-810583.6096176477,207595.5893738007,300.79584647551366,727.0025511328308,1.0340997797076925,366,2:14
4720000,9444.000001006496,-810744.8002728545,206786.20204632694,299.6230838603329,728.2360514039508,1.0323482015536376,366,2:12
4725000,9454.000001008533,-811440.3534689755,207865.7752291212,301.18733255333444,726.7665531019495,1.0344355759970294,366,2:09
4730000,9464.00000101057,-810762.1417992376,207058.1511809975,300.01712484361315,728.119167416107,1.0325139230179812,366,2:07
4735000,9474.000001012608,-810675.7474588086,206921.08479512896,299.81852236036667,727.3964820091085,1.0335397497344192,366,2:04
4740000,9484.000001014645,-809186.3903766759,207853.7972738014,301.1699770824387,728.5246769822886,1.0319392077252423,366,2:02
4745000,9494.000001016682,-810668.4424026925,206946.67802489566,299.85560569742086,727.1035257336596,1.0339561718048595,367,2:00
4750000,9504.00000101872,-813403.7687150007,206299.9085728181,298.91846842297775,727.4992328465014,1.0333937742199866,367,1:57
4755000,9514.000001020757,-811831.1983882138,205384.76282230899,297.5924670300618,726.8927172048373,1.0342560328081216,366,1:55
4760000,9524.000001022794,-812259.2167931008,207325.9604457426,300.4051673580326,725.2202609525114,1.0366411674516354,366,1:53
4765000,9534.000001024831,-810737.5077277967,206826.063181285,299.6808406935457,724.6596036163631,1.0374431998439262,366,1:50
4770000,9544.000001026869,-810461.762594135,207754.82502243697,301.02657113524805,729.2030671498025,1.0309791769141692,366,1:48
4775000,9554.000001028906,-811629.958134607,208486.46998020928,302.08668886249126,727.1960291973238,1.033824646709385,366,1:46
4780000,9564.000001030943,-809867.5600522347,206335.55571655493,298.9701193892006,727.2069254017043,1.0338091562564606,366,1:43
4785000,9574.00000103298,-812414.1967252344,206469.46232930824,299.16414351588503,727.2737170865025,1.0337142128346322,366,1:41
4790000,9584.000001035018,-810592.950135909,206103.2503236389,298.63352024702334,727.801834831185,1.0329641146724653,366,1:39
4795000,9594.000001037055,-811538.6464897231,206898.28115124966,299.7854809967033,727.2399169129577,1.0337622571168241,367,1:36
4800000,9604.000001039092,-811756.4621330877,206015.69504302758,298.50665693155344,727.469424604789,1.0334361177884779,367,1:34
4805000,9614.00000104113,-810255.7994092526,206222.5318991266,298.8063534106564,727.5106347351636,1.03337757838697,366,1:31
4810000,9624.000001043167,-810628.8067663386,207020.1343864606,299.96204036938366,726.7965944495397,1.0343928187263771,366,1:29
4815000,9634.000001045204,-811631.8892254145,207199.2247148055,300.2215334880601,727.2290414836269,1.0337777166319573,366,1:27
4820000,9644.000001047241,-811226.4670047476,208563.87955952474,302.19885155345077,727.6723978439979,1.0331478563717131,366,1:24
4825000,9654.000001049279,-810865.4578193547,207365.06767561787,300.4618318196868,727.4120689917835,1.0335176030491224,366,1:22
4830000,9664.000001051316,-810342.7408276792,207349.9324657201,300.4399016414661,728.8759364406268,1.0314418961952256,366,1:20
4835000,9674.000001053353,-810825.0496819699,206158.55161722173,298.71364911423393,727.1147484204612,1.0339402131596693,366,1:17
4840000,9684.00000105539,-811078.2933961563,207485.46887405546,300.6362872621648,727.0106488209319,1.0340882615579996,366,1:15
4845000,9694.000001057428,-810687.9469096139,206289.89617842546,298.9039609536444,727.4561225052205,1.0334550149696429,366,1:13
4850000,9704.000001059465,-811118.9784989781,207691.42069057818,300.93470136224755,727.4795549355686,1.0334217269377086,366,1:10
4855000,9714.000001061502,-810234.7946542902,207865.06412697746,301.1863022011391,726.9328668450163,1.0341989092284019,366,1:08
4860000,9724.00000106354,-812012.3192030862,206744.98490682952,299.56336224292363,727.042187421839,1.0340434035049895,366,1:06
4865000,9734.000001065577,-811953.3685078896,206744.26695413055,299.56232196460905,727.0592896275414,1.0340190802850757,366,1:03
4870000,9744.000001067614,-810192.8414047346,208042.55123846064,301.44347233706594,726.8711444208691,1.0342867284577355,366,1:01
4875000,9754.000001069651,-811451.2726660161,207918.72601471533,301.26405564953495,725.8425623930408,1.0357524026901828,366,0:58
4880000,9764.000001071689,-811936.1790861986,206345.77484168025,298.9849264012454,727.0234488903609,1.0340700552655289,366,0:56
4885000,9774.000001073726,-811038.4580168468,208654.13020441367,302.32962031981145,726.4529062495482,1.0348821947105515,366,0:54
4890000,9784.000001075763,-811988.3472630493,206778.15945797495,299.6114305435235,728.0175360058821,1.032658062191673,366,0:51
4895000,9794.0000010778,-813016.776708737,207978.03868178144,301.3499968005521,725.4202076244899,1.0363554393325543,367,0:49
4900000,9804.000001079838,-810706.8761852821,207483.6158235118,300.6336022826403,728.3381937426485,1.032203424771968,367,0:47
4905000,9814.000001081875,-810388.2624183539,207812.60441486264,301.11029064637034,726.6570599084621,1.0345914454723597,366,0:44
4910000,9824.000001083912,-812134.1145438594,207166.37667821624,300.17393829106817,726.8575958380729,1.0343060075014654,366,0:42
4915000,9834.00000108595,-810176.266772937,207328.12164364313,300.4082988279923,726.0200806588309,1.0354991521600505,366,0:40
4920000,9844.000001087987,-811230.8653150457,206389.40476890275,299.0481440299539,724.6912856464409,1.037397844935826,366,0:37
4925000,9854.000001090024,-810794.340054113,206846.1757903956,299.7099828795647,727.0717649432936,1.0340013382750812,366,0:35
4930000,9864.000001092061,-810829.9112806837,207598.00884880614,300.79935217635483,726.2946888058427,1.0351076354550688,366,0:33
4935000,9874.000001094098,-810948.5595506928,207313.11080579224,300.3865488587791,725.8155250010241,1.0357909855570122,367,0:30
4940000,9884.000001096136,-811297.2946198802,208820.30640545007,302.5704015002094,724.600521777312,1.0375277899736814,367,0:28
4945000,9894.000001098173,-812009.5767188487,206580.3978281004,299.32488362295584,727.4000254352475,1.0335347149919984,367,0:25
4950000,9904.00000110021,-811945.4387055384,207610.6270109774,300.817635275638,726.3264600883851,1.035062357334341,367,0:23
4955000,9914.000001102248,-811181.12687791,207972.09337823757,301.3413823467604,726.9368429251797,1.0341932525364785,366,0:21
4960000,9924.000001104285,-809357.9231540328,207746.97916503425,301.01520287195353,727.9865619529498,1.032701999273964,366,0:18
4965000,9934.000001106322,-810595.0530990437,206896.31724292232,299.7826353896771,723.8362503605765,1.0386232764646532,366,0:16
4970000,9944.00000110836,-810663.5030681458,207172.10638179095,300.1822403510589,727.5609488388073,1.0333061156914185,366,0:14
4975000,9954.000001110397,-809981.3052192042,206977.43077884655,299.90016493244127,728.2257956203814,1.0323627403680917,366,0:11
4980000,9964.000001112434,-810248.3259642273,207156.97628152033,300.16031757643793,729.1735952406631,1.0310208472719893,367,0:09
4985000,9974.000001114471,-810110.2521270709,205934.42727203455,298.38890390972495,727.8499432516433,1.032895839236838,367,0:07
4990000,9984.000001116508,-810774.4030455374,206823.76876268114,299.67751619330846,725.8161202821726,1.035790136048672,367,0:04
4995000,9994.000001118546,-809886.5832993845,207975.1841932422,301.3458607863959,728.7193353658122,1.0316635520532687,367,0:02
5000000,10004.000001120583,-811007.9154249392,206924.6826388898,299.8237354598491,728.8772241555586,1.031440073936158,367,0:00
