molecule_id,smiles
PACERGEN00000,Cc1nnc2sc(NC(=O)C3CN(C4(F)CCCC4)C3)c(N)c2c1C
PACERGEN00001,Cc1nnc2sc(NC(=O)c3cnn(-c4cc(F)nc(F)c4)c3)c(N)c2c1C
PACERGEN00002,Cc1nnc2sc(-n3cc(C(=O)Nc4cc(F)nc(F)c4)cn3)c(N)c2c1C
PACERGEN00003,Cc1nnc2sc(-n3cc(NC(=O)c4cc(F)nc(F)c4)cn3)c(N)c2c1C
PACERGEN00004,Cc1nnc2sc(C(=O)Nc3cnn(-c4cc(F)nc(F)c4)c3)c(N)c2c1C
PACERGEN00005,Cc1ccc(C(=O)NC2CC2)c(-c2ccncc2Cl)n1
PACERGEN00006,Cc1ccc(-c2ccncc2Cl)c(C(=O)NC2CC2)n1
PACERGEN00007,O=C(Nc1cnn(C2(F)CCCC2)c1)c1cc(F)nc(F)c1
PACERGEN00008,O=C(Nc1cc(F)nc(F)c1)c1cnn(C2(F)CCCC2)c1
PACERGEN00009,COc1ccc2cc(NC(=O)C3Cc4ccccc4C3)nnc2c1
PACERGEN00010,COc1cc2ccc(NC(=O)C3Cc4ccccc4C3)cc2nn1
PACERGEN00011,O=C(Nc1cncc(F)c1)c1cnn(C2Cc3ccccc3C2)c1
PACERGEN00012,O=C(Nc1cnn(C2Cc3ccccc3C2)c1)c1cncc(F)c1
PACERGEN00013,Cc1cc2nncn2c2sc(-n3cc(C(=O)NC4(F)CCCC4)cn3)c(N)c12
PACERGEN00014,Cc1nnc2sc(N3CC(C(=O)Nc4ccncc4Cl)C3)c(N)c2c1C
PACERGEN00015,Cc1nnc2sc(NC(=O)C3CN(c4ccncc4Cl)C3)c(N)c2c1C
PACERGEN00016,Cc1c(Cl)nnc2sc(NC(=O)C3CN(c4cc(F)nc(F)c4)C3)c(N)c12
PACERGEN00017,Cc1c(Cl)nnc2sc(N3CC(C(=O)Nc4cc(F)nc(F)c4)C3)c(N)c12
PACERGEN00018,Cc1c(Cl)nnc2sc(C(=O)Nc3cnn(C4CC4)c3)c(N)c12
PACERGEN00019,Cc1c(Cl)nnc2sc(NC(=O)c3cnn(C4CC4)c3)c(N)c12
PACERGEN00020,Cc1nnc2sc(-n3cc(N4CC(NC5Cc6ccccc6C5)C4)cn3)c(N)c2c1C
PACERGEN00021,Cc1c(Cl)nnc2sc(C(=O)Nc3cncc(F)c3)c(N)c12
PACERGEN00022,Cc1c(Cl)nnc2sc(NC(=O)c3cncc(F)c3)c(N)c12
PACERGEN00023,Cc1c(Cl)c2nncn2c2sc(-n3cc(NC(=O)C4CC4)cn3)c(N)c12
PACERGEN00024,O=C(NC1Cc2ccccc2C1)c1cnn(C2(F)CCCC2)c1
PACERGEN00025,Cc1c(Cl)c2nncn2c2sc(C(=O)NC(=O)C3(F)CCCC3)c(N)c12
PACERGEN00026,Cc1nnc2sc(-n3cc(C(=O)NC4Cc5ccccc5C4)cn3)c(N)c2c1C
PACERGEN00027,Cc1c(Cl)nnc2sc(N3CC(C(=O)NC4(F)CCCC4)C3)c(N)c12
PACERGEN00028,O=C(NC1CC1)c1cc(-c2cc(F)nc(F)c2)c(Cl)cn1
PACERGEN00029,O=C(NC1CC1)c1cc(-c2cc(F)nc(F)c2)ncc1Cl
PACERGEN00030,Cc1cc2nncn2c2sc(-n3cc(N4CC(NC5Cc6ccccc6C5)C4)cn3)c(N)c12
PACERGEN00031,O=C(Nc1ccncc1Cl)c1ccncc1Cl
PACERGEN00032,COc1cc2ccc(C(=O)Nc3sc4c(c(C)cc5nncn54)c3N)cc2nn1
PACERGEN00033,COc1cc2ccc(NC(=O)c3sc4c(c(C)cc5nncn54)c3N)cc2nn1
PACERGEN00034,COc1ccc2cc(NC(=O)c3sc4c(c(C)cc5nncn54)c3N)nnc2c1
PACERGEN00035,COc1ccc2cc(C(=O)Nc3sc4c(c(C)cc5nncn54)c3N)nnc2c1
PACERGEN00036,Cc1c(Cl)c2nnc(C)n2c2sc(C(=O)NC(=O)c3cc(F)nc(F)c3)c(N)c12
PACERGEN00037,Cc1cc2nncn2c2sc(NC(=O)C3CN(c4ccncc4Cl)C3)c(N)c12
PACERGEN00038,Cc1cc2nncn2c2sc(N3CC(C(=O)Nc4ccncc4Cl)C3)c(N)c12
PACERGEN00039,COc1cc(NC(=O)c2ccncc2Cl)ncc1Cl
PACERGEN00040,COc1cc(C(=O)Nc2ccncc2Cl)c(Cl)cn1
PACERGEN00041,COc1cc(C(=O)Nc2ccncc2Cl)ncc1Cl
PACERGEN00042,COc1cc(NC(=O)c2ccncc2Cl)c(Cl)cn1
PACERGEN00043,Cc1c(Cl)nnc2sc(N3CC(C(=O)NC4Cc5ccccc5C4)C3)c(N)c12
PACERGEN00044,Cc1c(Cl)nnc2sc(N3CC(NC(=O)C4Cc5ccccc5C4)C3)c(N)c12
PACERGEN00045,Cc1nnc2sc(-n3cc(C(=O)NC4(F)CCCC4)cn3)c(N)c2c1C
PACERGEN00046,O=C(NC1Cc2ccccc2C1)c1cnn(-c2ccc(F)c(F)c2)c1
PACERGEN00047,Cc1c(Cl)c2nnc(C)n2c2sc(C(=O)NC3CN(c4cncc(F)c4)C3)c(N)c12
PACERGEN00048,Cc1c(Cl)c2nnc(C)n2c2sc(N3CC(NC(=O)c4cncc(F)c4)C3)c(N)c12
PACERGEN00049,Cc1ccc(C2CC2)c(C(=O)Nc2cncc(F)c2)n1
PACERGEN00050,Cc1ccc(NC(=O)c2cncc(F)c2)c(C2CC2)n1
PACERGEN00051,Cc1ccc(C2CC2)c(NC(=O)c2cncc(F)c2)n1
PACERGEN00052,Cc1ccc(C(=O)Nc2cncc(F)c2)c(C2CC2)n1
PACERGEN00053,Cc1cc2nncn2c2sc(NC(=O)c3cnn(-c4cc(F)nc(F)c4)c3)c(N)c12
PACERGEN00054,Cc1cc2nncn2c2sc(C(=O)Nc3cnn(-c4cc(F)nc(F)c4)c3)c(N)c12
PACERGEN00055,Cc1cc2nncn2c2sc(-n3cc(NC(=O)c4cc(F)nc(F)c4)cn3)c(N)c12
PACERGEN00056,Cc1cc2nncn2c2sc(-n3cc(C(=O)Nc4cc(F)nc(F)c4)cn3)c(N)c12
PACERGEN00057,Cc1c(Cl)c2nnc(C)n2c2sc(NC3CN(C4CC4)C3)c(N)c12
PACERGEN00058,Cc1cc2nncn2c2sc(NC(=O)C3CN(C4(F)CCCC4)C3)c(N)c12
PACERGEN00059,Cc1cc2nncn2c2sc(NC(=O)C3(F)CCCC3)c(N)c12
PACERGEN00060,Cc1nnc2sc(C(=O)NC3CN(c4sc5nnc(Cl)c(C)c5c4N)C3)c(N)c2c1C
PACERGEN00061,Cc1nnc2sc(N3CC(NC(=O)c4sc5nnc(Cl)c(C)c5c4N)C3)c(N)c2c1C
PACERGEN00062,Cc1ccc(NC(=O)C2CC2)c(-c2cncc(F)c2)n1
PACERGEN00063,Cc1ccc(-c2cncc(F)c2)c(NC(=O)C2CC2)n1
PACERGEN00064,COc1ccc2cc(NC(=O)c3ccncc3Cl)nnc2c1
PACERGEN00065,COc1ccc2cc(C(=O)Nc3ccncc3Cl)nnc2c1
PACERGEN00066,COc1cc2ccc(NC(=O)c3ccncc3Cl)cc2nn1
PACERGEN00067,COc1cc2ccc(C(=O)Nc3ccncc3Cl)cc2nn1
PACERGEN00068,O=C(Nc1cncc(F)c1)c1cnn(-c2ccc(F)c(F)c2)c1
PACERGEN00069,O=C(Nc1cnn(-c2cncc(F)c2)c1)c1ccc(F)c(F)c1
PACERGEN00070,O=C(Nc1ccc(F)c(F)c1)c1cnn(-c2cncc(F)c2)c1
PACERGEN00071,O=C(Nc1cnn(-c2ccc(F)c(F)c2)c1)c1cncc(F)c1
PACERGEN00072,O=C(Nc1cncc(F)c1)c1cncc(-c2cncc(F)c2)c1
PACERGEN00073,O=C(Nc1cncc(-c2cncc(F)c2)c1)c1cncc(F)c1
PACERGEN00074,Cc1c(Cl)c2nncn2c2sc(C(=O)N3CC(NC4Cc5ccccc5C4)C3)c(N)c12
PACERGEN00075,Cc1c(Cl)c2nncn2c2sc(C(=O)NC3CN(C4Cc5ccccc5C4)C3)c(N)c12
PACERGEN00076,COc1ccc(C)nc1C(=O)Nc1ccc(F)c(F)c1
PACERGEN00077,COc1nc(C)ccc1NC(=O)c1ccc(F)c(F)c1
PACERGEN00078,COc1nc(C)ccc1C(=O)Nc1ccc(F)c(F)c1
PACERGEN00079,COc1ccc(C)nc1NC(=O)c1ccc(F)c(F)c1
PACERGEN00080,Cc1nnc2sc(NC(=O)C3CN(C4Cc5ccccc5C4)C3)c(N)c2c1C
PACERGEN00081,Cc1c(Cl)c2nncn2c2sc(N3CC(NC(=O)C4(F)CCCC4)C3)c(N)c12
PACERGEN00082,O=C(Nc1ccc(F)c(F)c1)c1cnn(-c2cc(F)nc(F)c2)c1
PACERGEN00083,O=C(Nc1cc(F)nc(F)c1)c1cnn(-c2ccc(F)c(F)c2)c1
PACERGEN00084,O=C(Nc1cnn(-c2cc(F)nc(F)c2)c1)c1ccc(F)c(F)c1
PACERGEN00085,O=C(Nc1cnn(-c2ccc(F)c(F)c2)c1)c1cc(F)nc(F)c1
PACERGEN00086,Cc1ccc(NC(=O)C2CC2)c(-c2cc(F)nc(F)c2)n1
PACERGEN00087,Cc1ccc(-c2cc(F)nc(F)c2)c(NC(=O)C2CC2)n1
PACERGEN00088,O=C(NC1CC1)c1cncc(-c2ccc(F)c(F)c2)c1
PACERGEN00089,Cc1cc2nncn2c2sc(-n3cc(C(=O)NC4Cc5ccccc5C4)cn3)c(N)c12
PACERGEN00090,Cc1c(Cl)nnc2sc(C(=O)NC(=O)c3ccc(F)c(F)c3)c(N)c12
PACERGEN00091,O=C(Nc1ccc(F)c(F)c1)C1CN(c2ccncc2Cl)C1
PACERGEN00092,O=C(Nc1ccncc1Cl)C1CN(c2ccc(F)c(F)c2)C1
PACERGEN00093,Cc1c(Cl)c2nnc(C)n2c2sc(C(=O)NC3CN(c4cc(F)nc(F)c4)C3)c(N)c12
PACERGEN00094,Cc1c(Cl)c2nnc(C)n2c2sc(N3CC(NC(=O)c4cc(F)nc(F)c4)C3)c(N)c12
PACERGEN00095,O=C(Nc1ccncc1Cl)C1Cc2ccccc2C1
PACERGEN00096,Cc1c(Cl)nnc2sc(C(=O)NC(=O)C3Cc4ccccc4C3)c(N)c12
PACERGEN00097,COc1cc2ccc(C(=O)Nc3sc4nnc(C)c(C)c4c3N)cc2nn1
PACERGEN00098,COc1cc2ccc(NC(=O)c3sc4nnc(C)c(C)c4c3N)cc2nn1
PACERGEN00099,COc1ccc2cc(C(=O)Nc3sc4nnc(C)c(C)c4c3N)nnc2c1
PACERGEN00100,COc1ccc2cc(NC(=O)c3sc4nnc(C)c(C)c4c3N)nnc2c1
PACERGEN00101,Cc1c(Cl)c2nncn2c2sc(N3CC(C(=O)Nc4cncc(F)c4)C3)c(N)c12
PACERGEN00102,Cc1c(Cl)c2nncn2c2sc(NC(=O)C3CN(c4cncc(F)c4)C3)c(N)c12
PACERGEN00103,COc1cc(NC(=O)C2Cc3ccccc3C2)c(Cl)cn1
PACERGEN00104,COc1cc(NC(=O)C2Cc3ccccc3C2)ncc1Cl
PACERGEN00105,Cc1ccc(C(=O)NC2CC2)c(-c2sc3c(c(C)cc4nncn43)c2N)n1
PACERGEN00106,Cc1ccc(-c2sc3c(c(C)cc4nncn43)c2N)c(C(=O)NC2CC2)n1
PACERGEN00107,Cc1c(Cl)nnc2sc(N3CC(NC(=O)c4ccncc4Cl)C3)c(N)c12
PACERGEN00108,Cc1c(Cl)nnc2sc(C(=O)NC3CN(c4ccncc4Cl)C3)c(N)c12
PACERGEN00109,Cc1c(Cl)c2nnc(C)n2c2sc(C(=O)NC(=O)c3cncc(F)c3)c(N)c12
PACERGEN00110,COC(=O)c1cc(NC2Cc3ccccc3C2)c(Cl)cn1
PACERGEN00111,COC(=O)c1cc(NC2Cc3ccccc3C2)ncc1Cl
PACERGEN00112,O=C(Nc1cnn(-c2cc(F)nc(F)c2)c1)C1Cc2ccccc2C1
PACERGEN00113,Cc1c(Cl)c2nncn2c2sc(C(=O)NC(=O)c3ccncc3Cl)c(N)c12
PACERGEN00114,COc1cncc(C(=O)Nc2sc3nnc(Cl)c(C)c3c2N)c1
PACERGEN00115,COc1cncc(NC(=O)c2sc3nnc(Cl)c(C)c3c2N)c1
PACERGEN00116,O=C(NC1(F)CCCC1)c1cnn(-c2ccncc2Cl)c1
PACERGEN00117,O=C(Nc1cc(F)nc(F)c1)c1ccc(F)c(F)c1
PACERGEN00118,O=C(Nc1ccc(F)c(F)c1)c1cc(F)nc(F)c1
PACERGEN00119,Cc1c(Cl)nnc2sc(C(=O)NC3CN(C4(F)CCCC4)C3)c(N)c12
PACERGEN00120,Cc1nnc2sc(NC(=O)C3(F)CCCC3)c(N)c2c1C
PACERGEN00121,O=C(Nc1cc(F)nc(F)c1)c1cncc(C2CC2)c1
PACERGEN00122,O=C(Nc1cncc(C2CC2)c1)c1cc(F)nc(F)c1
PACERGEN00123,Cc1c(Cl)c2nncn2c2sc(N3CC(N4CC(NC5Cc6ccccc6C5)C4)C3)c(N)c12
PACERGEN00124,O=C(NC1(F)CCCC1)c1cnn(-c2ccc(F)c(F)c2)c1
PACERGEN00125,O=C(NC1Cc2ccccc2C1)c1cnn(C2Cc3ccccc3C2)c1
PACERGEN00126,Cc1c(Cl)c2nnc(C)n2c2sc(-n3cc(C(=O)NC4CC4)cn3)c(N)c12
PACERGEN00127,Cc1cc2nncn2c2sc(NC(=O)C3CN(C4Cc5ccccc5C4)C3)c(N)c12
PACERGEN00128,Cc1c(Cl)nnc2sc(C(=O)NC3CN(c4ccc(F)c(F)c4)C3)c(N)c12
PACERGEN00129,Cc1c(Cl)nnc2sc(N3CC(NC(=O)c4ccc(F)c(F)c4)C3)c(N)c12
PACERGEN00130,Cc1c(Cl)nnc2sc(C(=O)NC3Cc4ccccc4C3)c(N)c12
PACERGEN00131,Clc1cnccc1-n1cc(N2CC(NC3Cc4ccccc4C3)C2)cn1
PACERGEN00132,O=C(Nc1cncc(F)c1)c1cnn(C2(F)CCCC2)c1
PACERGEN00133,O=C(Nc1cnn(C2(F)CCCC2)c1)c1cncc(F)c1
PACERGEN00134,Cc1c(Cl)nnc2sc(N3CC(N4CC(NC5Cc6ccccc6C5)C4)C3)c(N)c12
PACERGEN00135,Cc1cc2nncn2c2sc(C(=O)Nc3ccncc3Cl)c(N)c12
PACERGEN00136,Cc1cc2nncn2c2sc(NC(=O)c3ccncc3Cl)c(N)c12
PACERGEN00137,Cc1nnc2sc(-n3cc(NC(=O)c4cncc(F)c4)cn3)c(N)c2c1C
PACERGEN00138,Cc1nnc2sc(-n3cc(C(=O)Nc4cncc(F)c4)cn3)c(N)c2c1C
PACERGEN00139,Cc1nnc2sc(NC(=O)c3cnn(-c4cncc(F)c4)c3)c(N)c2c1C
PACERGEN00140,Cc1nnc2sc(C(=O)Nc3cnn(-c4cncc(F)c4)c3)c(N)c2c1C
PACERGEN00141,O=C(NC1CC1)c1cc2ccc(-c3cc(F)nc(F)c3)cc2nn1
PACERGEN00142,O=C(NC1CC1)c1ccc2cc(-c3cc(F)nc(F)c3)nnc2c1
PACERGEN00143,Cc1nnc2sc(C(=O)NC3(F)CCCC3)c(N)c2c1C
PACERGEN00144,COc1cc2ccc(NC(=O)C3(F)CCCC3)cc2nn1
PACERGEN00145,COc1ccc2cc(NC(=O)C3(F)CCCC3)nnc2c1
PACERGEN00146,O=C(Nc1cnn(-c2ccncc2Cl)c1)C1(F)CCCC1
PACERGEN00147,O=C(Nc1ccncc1Cl)C1CN(c2ccncc2Cl)C1
PACERGEN00148,Cc1c(Cl)c2nncn2c2sc(C(=O)NC3CN(C4(F)CCCC4)C3)c(N)c12
PACERGEN00149,O=C(NC1CC1)c1cncc(C2Cc3ccccc3C2)c1
PACERGEN00150,O=C(NC1Cc2ccccc2C1)c1cncc(C2CC2)c1
PACERGEN00151,COc1cc(NC(=O)c2sc3c(c(C)cc4nncn43)c2N)c(Cl)cn1
PACERGEN00152,COc1cc(C(=O)Nc2sc3c(c(C)cc4nncn43)c2N)c(Cl)cn1
PACERGEN00153,COc1cc(C(=O)Nc2sc3c(c(C)cc4nncn43)c2N)ncc1Cl
PACERGEN00154,COc1cc(NC(=O)c2sc3c(c(C)cc4nncn43)c2N)ncc1Cl
PACERGEN00155,COc1cncc(NC(=O)c2sc3c(c(C)c(Cl)c4nncn43)c2N)c1
PACERGEN00156,COc1cncc(C(=O)Nc2sc3c(c(C)c(Cl)c4nncn43)c2N)c1
PACERGEN00157,O=C(Nc1ccc2cc(C3CC3)nnc2c1)C1CC1
PACERGEN00158,O=C(Nc1cc2ccc(C3CC3)cc2nn1)C1CC1
PACERGEN00159,Cc1c(Cl)c2nnc(C)n2c2sc(NC(=O)C3CC3)c(N)c12
PACERGEN00160,COc1nc(C)ccc1NC(=O)c1sc2nnc(C)c(C)c2c1N
PACERGEN00161,COc1nc(C)ccc1C(=O)Nc1sc2nnc(C)c(C)c2c1N
PACERGEN00162,COc1ccc(C)nc1NC(=O)c1sc2nnc(C)c(C)c2c1N
PACERGEN00163,COc1ccc(C)nc1C(=O)Nc1sc2nnc(C)c(C)c2c1N
PACERGEN00164,O=C(Nc1cncc(-c2ccncc2Cl)c1)C1CC1
PACERGEN00165,Cc1c(Cl)nnc2sc(C(=O)NC(=O)c3ccncc3Cl)c(N)c12
PACERGEN00166,O=C(Nc1cnn(C2Cc3ccccc3C2)c1)c1cc(F)nc(F)c1
PACERGEN00167,O=C(Nc1cc(F)nc(F)c1)c1cnn(C2Cc3ccccc3C2)c1
PACERGEN00168,Cc1ccc(-c2sc3nnc(C)c(C)c3c2N)c(C(=O)NC2CC2)n1
PACERGEN00169,Cc1ccc(C(=O)NC2CC2)c(-c2sc3nnc(C)c(C)c3c2N)n1
PACERGEN00170,O=C(Nc1cc(F)nc(F)c1)c1cnn(-c2ccncc2Cl)c1
PACERGEN00171,O=C(Nc1ccncc1Cl)c1cnn(-c2cc(F)nc(F)c2)c1
PACERGEN00172,O=C(Nc1cnn(-c2cc(F)nc(F)c2)c1)c1ccncc1Cl
PACERGEN00173,O=C(Nc1cnn(-c2ccncc2Cl)c1)c1cc(F)nc(F)c1
PACERGEN00174,Cc1c(Cl)c2nncn2c2sc(N3CC(NC(=O)c4ccncc4Cl)C3)c(N)c12
PACERGEN00175,Cc1c(Cl)c2nncn2c2sc(C(=O)NC3CN(c4ccncc4Cl)C3)c(N)c12
PACERGEN00176,Cc1nnc2sc(-c3cncc(C(=O)NC4CC4)c3)c(N)c2c1C
PACERGEN00177,Cc1c(Cl)nnc2sc(NC(=O)C3CN(c4cncc(F)c4)C3)c(N)c12
PACERGEN00178,Cc1c(Cl)nnc2sc(N3CC(C(=O)Nc4cncc(F)c4)C3)c(N)c12
PACERGEN00179,Cc1c(Cl)c2nncn2c2sc(C(=O)NC(=O)C3Cc4ccccc4C3)c(N)c12
PACERGEN00180,Cc1c(Cl)nnc2sc(NC(=O)c3cc(F)nc(F)c3)c(N)c12
PACERGEN00181,Cc1c(Cl)nnc2sc(C(=O)Nc3cc(F)nc(F)c3)c(N)c12
PACERGEN00182,Cc1c(Cl)c2nncn2c2sc(NC(=O)C3CC3)c(N)c12
PACERGEN00183,Cc1nnc2sc(N3CC(NC4Cc5ccccc5C4)C3)c(N)c2c1C
PACERGEN00184,Cc1ccc(C2Cc3ccccc3C2)c(C(=O)NC2CC2)n1
PACERGEN00185,Cc1ccc(C(=O)NC2CC2)c(C2Cc3ccccc3C2)n1
PACERGEN00186,Cc1ccc(C(=O)NC2Cc3ccccc3C2)c(C2CC2)n1
PACERGEN00187,Cc1ccc(C2CC2)c(C(=O)NC2Cc3ccccc3C2)n1
PACERGEN00188,COc1ccc2cc(C(=O)Nc3ccc(F)c(F)c3)nnc2c1
PACERGEN00189,COc1ccc2cc(NC(=O)c3ccc(F)c(F)c3)nnc2c1
PACERGEN00190,COc1cc2ccc(C(=O)Nc3ccc(F)c(F)c3)cc2nn1
PACERGEN00191,COc1cc2ccc(NC(=O)c3ccc(F)c(F)c3)cc2nn1
PACERGEN00192,Cc1nnc2sc(NC(=O)C3CN(c4sc5nnc(C)c(C)c5c4N)C3)c(N)c2c1C
PACERGEN00193,Cc1c(Cl)c2nnc(C)n2c2sc(NC(=O)C3CN(C4CC4)C3)c(N)c12
PACERGEN00194,Cc1c(Cl)c2nnc(C)n2c2sc(NC3CN(C(=O)C4CC4)C3)c(N)c12
PACERGEN00195,O=C(NC1CC1)c1cc(-c2cncc(F)c2)ncc1Cl
PACERGEN00196,O=C(NC1CC1)c1cc(-c2cncc(F)c2)c(Cl)cn1
PACERGEN00197,Cc1c(Cl)nnc2sc(N3CC(NC(=O)C4(F)CCCC4)C3)c(N)c12
PACERGEN00198,O=C(Nc1ccc2cc(-c3cncc(F)c3)nnc2c1)C1CC1
PACERGEN00199,O=C(Nc1cc2ccc(-c3cncc(F)c3)cc2nn1)C1CC1
PACERGEN00200,O=C(NC1Cc2ccccc2C1)c1cncc(-c2cncc(F)c2)c1
PACERGEN00201,Cc1c(Cl)nnc2sc(N3CC(NC4Cc5ccccc5C4)C3)c(N)c12
PACERGEN00202,O=C(NC1Cc2ccccc2C1)c1cnn(-c2ccncc2Cl)c1
PACERGEN00203,Cc1c(Cl)nnc2sc(C(=O)NC3CN(C4Cc5ccccc5C4)C3)c(N)c12
PACERGEN00204,Cc1c(Cl)nnc2sc(C(=O)N3CC(NC4Cc5ccccc5C4)C3)c(N)c12
PACERGEN00205,Cc1nnc2sc(C(=O)Nc3cc(F)nc(F)c3)c(N)c2c1C
PACERGEN00206,Cc1nnc2sc(NC(=O)c3cc(F)nc(F)c3)c(N)c2c1C
PACERGEN00207,O=C(NC(=O)c1ccc(F)c(F)c1)c1ccc(F)c(F)c1
PACERGEN00208,Cc1cc2nncn2c2sc(N3CC(C(=O)Nc4ccc(F)c(F)c4)C3)c(N)c12
PACERGEN00209,Cc1cc2nncn2c2sc(NC(=O)C3CN(c4ccc(F)c(F)c4)C3)c(N)c12
PACERGEN00210,Cc1cc2nncn2c2sc(NC(=O)C3Cc4ccccc4C3)c(N)c12
PACERGEN00211,Cc1c(Cl)nnc2sc(-c3cncc(C(=O)NC4CC4)c3)c(N)c12
PACERGEN00212,Cc1nnc2sc(NC(=O)c3ccncc3Cl)c(N)c2c1C
PACERGEN00213,Cc1nnc2sc(C(=O)Nc3ccncc3Cl)c(N)c2c1C
PACERGEN00214,O=C(NC1(F)CCCC1)c1cnn(C2Cc3ccccc3C2)c1
PACERGEN00215,Cc1ccc(C(=O)Nc2cc(F)nc(F)c2)c(C2CC2)n1
PACERGEN00216,Cc1ccc(NC(=O)c2cc(F)nc(F)c2)c(C2CC2)n1
PACERGEN00217,Cc1ccc(C2CC2)c(C(=O)Nc2cc(F)nc(F)c2)n1
PACERGEN00218,Cc1ccc(C2CC2)c(NC(=O)c2cc(F)nc(F)c2)n1
PACERGEN00219,Cc1cc2nncn2c2sc(-n3cc(NC(=O)c4cncc(F)c4)cn3)c(N)c12
PACERGEN00220,Cc1cc2nncn2c2sc(NC(=O)c3cnn(-c4cncc(F)c4)c3)c(N)c12
PACERGEN00221,Cc1cc2nncn2c2sc(-n3cc(C(=O)Nc4cncc(F)c4)cn3)c(N)c12
PACERGEN00222,Cc1cc2nncn2c2sc(C(=O)Nc3cnn(-c4cncc(F)c4)c3)c(N)c12
PACERGEN00223,Cc1cc2nncn2c2sc(C(=O)NC3(F)CCCC3)c(N)c12
PACERGEN00224,COc1cc(C(=O)Nc2sc3nnc(C)c(C)c3c2N)ncc1Cl
PACERGEN00225,COc1cc(NC(=O)c2sc3nnc(C)c(C)c3c2N)ncc1Cl
PACERGEN00226,COc1cc(C(=O)Nc2sc3nnc(C)c(C)c3c2N)c(Cl)cn1
PACERGEN00227,COc1cc(NC(=O)c2sc3nnc(C)c(C)c3c2N)c(Cl)cn1
PACERGEN00228,COc1nc(C)ccc1C(=O)Nc1sc2nnc(Cl)c(C)c2c1N
PACERGEN00229,COc1ccc(C)nc1C(=O)Nc1sc2nnc(Cl)c(C)c2c1N
PACERGEN00230,COc1nc(C)ccc1NC(=O)c1sc2nnc(Cl)c(C)c2c1N
PACERGEN00231,COc1ccc(C)nc1NC(=O)c1sc2nnc(Cl)c(C)c2c1N
PACERGEN00232,COc1nc(C)ccc1NC(=O)c1sc2c(c(C)cc3nncn32)c1N
PACERGEN00233,COc1nc(C)ccc1C(=O)Nc1sc2c(c(C)cc3nncn32)c1N
PACERGEN00234,COc1ccc(C)nc1NC(=O)c1sc2c(c(C)cc3nncn32)c1N
PACERGEN00235,COc1ccc(C)nc1C(=O)Nc1sc2c(c(C)cc3nncn32)c1N
PACERGEN00236,Cc1c(Cl)nnc2sc(C(=O)NC3(F)CCCC3)c(N)c12
PACERGEN00237,Cc1c(Cl)nnc2sc(-n3cc(NC(=O)c4cncc(F)c4)cn3)c(N)c12
PACERGEN00238,Cc1c(Cl)nnc2sc(-n3cc(C(=O)Nc4cncc(F)c4)cn3)c(N)c12
PACERGEN00239,Cc1c(Cl)nnc2sc(NC(=O)c3cnn(-c4cncc(F)c4)c3)c(N)c12
PACERGEN00240,Cc1c(Cl)nnc2sc(C(=O)Nc3cnn(-c4cncc(F)c4)c3)c(N)c12
PACERGEN00241,Cc1c(Cl)c2nncn2c2sc(N3CC(C(=O)NC4Cc5ccccc5C4)C3)c(N)c12
PACERGEN00242,Cc1c(Cl)c2nncn2c2sc(N3CC(NC(=O)C4Cc5ccccc5C4)C3)c(N)c12
PACERGEN00243,O=C(Nc1cncc(F)c1)c1cncc(-c2cc(F)nc(F)c2)c1
PACERGEN00244,O=C(Nc1cc(F)nc(F)c1)c1cncc(-c2cncc(F)c2)c1
PACERGEN00245,O=C(Nc1cncc(-c2cc(F)nc(F)c2)c1)c1cncc(F)c1
PACERGEN00246,O=C(Nc1cncc(-c2cncc(F)c2)c1)c1cc(F)nc(F)c1
PACERGEN00247,Cc1cc2nncn2c2sc(-c3cncc(C(=O)NC4CC4)c3)c(N)c12
PACERGEN00248,Cc1nnc2sc(C(=O)NC3Cc4ccccc4C3)c(N)c2c1C
PACERGEN00249,Cc1nnc2sc(C(=O)NC3CN(c4ccc(F)c(F)c4)C3)c(N)c2c1C
PACERGEN00250,Cc1nnc2sc(N3CC(NC(=O)c4ccc(F)c(F)c4)C3)c(N)c2c1C
PACERGEN00251,Cc1cc2nncn2c2sc(N3CC(NC4Cc5ccccc5C4)C3)c(N)c12
PACERGEN00252,Cc1c(Cl)c2nncn2c2sc(N3CC(NC(=O)c4cc(F)nc(F)c4)C3)c(N)c12
PACERGEN00253,Cc1c(Cl)c2nncn2c2sc(C(=O)NC3CN(c4cc(F)nc(F)c4)C3)c(N)c12
PACERGEN00254,O=C(Nc1ccncc1Cl)c1cnn(-c2ccncc2Cl)c1
PACERGEN00255,O=C(Nc1cnn(-c2ccncc2Cl)c1)c1ccncc1Cl
PACERGEN00256,Cc1c(Cl)nnc2sc(C(=O)NC(=O)C3(F)CCCC3)c(N)c12
PACERGEN00257,O=C(Nc1ccncc1Cl)C1CN(C2Cc3ccccc3C2)C1
PACERGEN00258,Cc1ccc(-c2ccc(F)c(F)c2)c(C(=O)NC2CC2)n1
PACERGEN00259,Cc1ccc(C(=O)NC2CC2)c(-c2ccc(F)c(F)c2)n1
PACERGEN00260,Fc1cncc(-c2cncc(N3CC(NC4Cc5ccccc5C4)C3)c2)c1
PACERGEN00261,O=C(Nc1cncc(-c2cc(F)nc(F)c2)c1)C1CC1
PACERGEN00262,Cc1c(Cl)nnc2sc(-n3cc(NC(=O)C4CC4)cn3)c(N)c12
PACERGEN00263,O=C(Nc1cnn(-c2cc(F)nc(F)c2)c1)C1(F)CCCC1
PACERGEN00264,Cc1c(Cl)c2nncn2c2sc(N3CC(C(=O)Nc4cc(F)nc(F)c4)C3)c(N)c12
PACERGEN00265,Cc1c(Cl)c2nncn2c2sc(NC(=O)C3CN(c4cc(F)nc(F)c4)C3)c(N)c12
PACERGEN00266,O=C(NC1CC1)c1cc2ccc(-c3ccncc3Cl)cc2nn1
PACERGEN00267,O=C(NC1CC1)c1ccc2cc(-c3ccncc3Cl)nnc2c1
PACERGEN00268,Cc1cc2nncn2c2sc(C(=O)Nc3cc(F)nc(F)c3)c(N)c12
PACERGEN00269,Cc1cc2nncn2c2sc(NC(=O)c3cc(F)nc(F)c3)c(N)c12
PACERGEN00270,O=C(Nc1cnn(-c2cncc(F)c2)c1)C1Cc2ccccc2C1
PACERGEN00271,Cc1cc2nncn2c2sc(-n3cc(NC(=O)C4(F)CCCC4)cn3)c(N)c12
PACERGEN00272,Cc1nnc2sc(N3CC(C(=O)Nc4ccc(F)c(F)c4)C3)c(N)c2c1C
PACERGEN00273,Cc1nnc2sc(NC(=O)C3CN(c4ccc(F)c(F)c4)C3)c(N)c2c1C
PACERGEN00274,Cc1nnc2sc(NC(=O)C3Cc4ccccc4C3)c(N)c2c1C
PACERGEN00275,Cc1cc2nncn2c2sc(-c3cncc(NC(=O)C4CC4)c3)c(N)c12
PACERGEN00276,COc1ccc(C)nc1NC(=O)C1Cc2ccccc2C1
PACERGEN00277,COc1nc(C)ccc1NC(=O)C1Cc2ccccc2C1
PACERGEN00278,O=C(Nc1cncc(F)c1)c1ccc(F)c(F)c1
PACERGEN00279,O=C(Nc1ccc(F)c(F)c1)c1cncc(F)c1
PACERGEN00280,O=C(Nc1cnn(C2CC2)c1)c1ccc(F)c(F)c1
PACERGEN00281,O=C(Nc1ccc(F)c(F)c1)c1cnn(C2CC2)c1
PACERGEN00282,O=C(NC1(F)CCCC1)c1cncc(-c2cncc(F)c2)c1
PACERGEN00283,O=C(Nc1cncc(C2CC2)c1)c1cncc(F)c1
PACERGEN00284,O=C(Nc1cncc(F)c1)c1cncc(C2CC2)c1
PACERGEN00285,O=C(Nc1ccncc1Cl)c1cncc(C2CC2)c1
PACERGEN00286,O=C(Nc1cncc(C2CC2)c1)c1ccncc1Cl
PACERGEN00287,O=C(NC1CC1)c1cc2ccc(C3(F)CCCC3)cc2nn1
PACERGEN00288,O=C(NC1CC1)c1ccc2cc(C3(F)CCCC3)nnc2c1
PACERGEN00289,Cc1c(Cl)c2nnc(C)n2c2sc(NC3CN(C4CN(C5CC5)C4)C3)c(N)c12
PACERGEN00290,Cc1nnc2sc(C(=O)NC(=O)c3ccc(F)c(F)c3)c(N)c2c1C
PACERGEN00291,O=C(Nc1ccc(F)c(F)c1)c1ccncc1Cl
PACERGEN00292,O=C(Nc1ccncc1Cl)c1ccc(F)c(F)c1
PACERGEN00293,Cc1c(Cl)c2nnc(C)n2c2sc(NC3CN(C(=O)c4cncc(F)c4)C3)c(N)c12
PACERGEN00294,Cc1cc2nncn2c2sc(C(=O)NC3Cc4ccccc4C3)c(N)c12
PACERGEN00295,Cc1cc2nncn2c2sc(N3CC(NC(=O)c4ccc(F)c(F)c4)C3)c(N)c12
PACERGEN00296,Cc1cc2nncn2c2sc(C(=O)NC3CN(c4ccc(F)c(F)c4)C3)c(N)c12
PACERGEN00297,Cc1c(Cl)c2nncn2c2sc(C(=O)NC(=O)c3cc(F)nc(F)c3)c(N)c12
PACERGEN00298,Cc1c(Cl)c2nncn2c2sc(C(=O)Nc3cnn(C4CC4)c3)c(N)c12
PACERGEN00299,Cc1c(Cl)c2nncn2c2sc(NC(=O)c3cnn(C4CC4)c3)c(N)c12
PACERGEN00300,Cc1c(Cl)nnc2sc(NC(=O)C3CN(C4Cc5ccccc5C4)C3)c(N)c12
PACERGEN00301,COc1cc(C(=O)Nc2ccc(F)c(F)c2)ncc1Cl
PACERGEN00302,COc1cc(NC(=O)c2ccc(F)c(F)c2)ncc1Cl
PACERGEN00303,COc1cc(C(=O)Nc2ccc(F)c(F)c2)c(Cl)cn1
PACERGEN00304,COc1cc(NC(=O)c2ccc(F)c(F)c2)c(Cl)cn1
PACERGEN00305,O=C(Nc1cnn(-c2ccncc2Cl)c1)C1Cc2ccccc2C1
PACERGEN00306,Cc1c(Cl)c2nncn2c2sc(C(=O)Nc3cncc(F)c3)c(N)c12
PACERGEN00307,Cc1c(Cl)c2nncn2c2sc(NC(=O)c3cncc(F)c3)c(N)c12
PACERGEN00308,O=C(NC1CC1)c1ccc2cc(-c3cncc(F)c3)nnc2c1
PACERGEN00309,O=C(NC1CC1)c1cc2ccc(-c3cncc(F)c3)cc2nn1
PACERGEN00310,Cc1c(Cl)c2nncn2c2sc(N3CC(C(=O)NC4(F)CCCC4)C3)c(N)c12
PACERGEN00311,O=C(Nc1cc(-c2cncc(F)c2)ncc1Cl)C1CC1
PACERGEN00312,O=C(Nc1cc(-c2cncc(F)c2)c(Cl)cn1)C1CC1
PACERGEN00313,O=C(Nc1cc(F)nc(F)c1)C1Cc2ccccc2C1
PACERGEN00314,O=C(Nc1cc(F)nc(F)c1)C1CN(c2ccc(F)c(F)c2)C1
PACERGEN00315,O=C(Nc1ccc(F)c(F)c1)C1CN(c2cc(F)nc(F)c2)C1
PACERGEN00316,Cc1nnc2sc(C(=O)NC3CN(c4sc5nnc(C)c(C)c5c4N)C3)c(N)c2c1C
PACERGEN00317,Cc1nnc2sc(NC(=O)c3sc4c(c(C)cc5nncn54)c3N)c(N)c2c1C
PACERGEN00318,Cc1nnc2sc(C(=O)Nc3sc4c(c(C)cc5nncn54)c3N)c(N)c2c1C
PACERGEN00319,O=C(Nc1ccncc1Cl)c1cnn(-c2cncc(F)c2)c1
PACERGEN00320,O=C(Nc1cnn(-c2cncc(F)c2)c1)c1ccncc1Cl
PACERGEN00321,O=C(Nc1cncc(F)c1)c1cnn(-c2ccncc2Cl)c1
PACERGEN00322,O=C(Nc1cnn(-c2ccncc2Cl)c1)c1cncc(F)c1
PACERGEN00323,O=C(Nc1cncc(F)c1)c1cc2ccc(C3CC3)cc2nn1
PACERGEN00324,O=C(Nc1cncc(F)c1)c1ccc2cc(C3CC3)nnc2c1
PACERGEN00325,O=C(Nc1cc2ccc(C3CC3)cc2nn1)c1cncc(F)c1
PACERGEN00326,O=C(Nc1ccc2cc(C3CC3)nnc2c1)c1cncc(F)c1
PACERGEN00327,Cc1nnc2sc(-n3cc(NC(=O)C4(F)CCCC4)cn3)c(N)c2c1C
PACERGEN00328,COc1nc(C)ccc1NC(=O)c1ccncc1Cl
PACERGEN00329,COc1ccc(C)nc1C(=O)Nc1ccncc1Cl
PACERGEN00330,COc1ccc(C)nc1NC(=O)c1ccncc1Cl
PACERGEN00331,COc1nc(C)ccc1C(=O)Nc1ccncc1Cl
PACERGEN00332,Cc1nnc2sc(-c3cncc(NC(=O)C4CC4)c3)c(N)c2c1C
PACERGEN00333,O=C(NC1CC1)c1cncc(-c2ccncc2Cl)c1
PACERGEN00334,Cc1c(Cl)c2nnc(C)n2c2sc(C(=O)NC3CC3)c(N)c12
PACERGEN00335,O=C(Nc1cncc(C2CC2)c1)C1Cc2ccccc2C1
PACERGEN00336,O=C(Nc1cncc(C2Cc3ccccc3C2)c1)C1CC1
PACERGEN00337,Cc1c(Cl)c2nnc(C)n2c2sc(NC3CN(C4CN(c5cncc(F)c5)C4)C3)c(N)c12
PACERGEN00338,Cc1cc2nncn2c2sc(C(=O)NC(=O)c3ccc(F)c(F)c3)c(N)c12
PACERGEN00339,Cc1nnc2sc(N3CC(C(=O)NC4(F)CCCC4)C3)c(N)c2c1C
PACERGEN00340,Cc1c(Cl)nnc2sc(-n3cc(C(=O)NC4Cc5ccccc5C4)cn3)c(N)c12
PACERGEN00341,O=C(Nc1ccc2cc(-c3cc(F)nc(F)c3)nnc2c1)C1CC1
PACERGEN00342,O=C(Nc1cc2ccc(-c3cc(F)nc(F)c3)cc2nn1)C1CC1
PACERGEN00343,O=C(NC1Cc2ccccc2C1)c1cncc(-c2cc(F)nc(F)c2)c1
PACERGEN00344,Cc1cc2nncn2c2sc(C(=O)Nc3cnn(-c4ccncc4Cl)c3)c(N)c12
PACERGEN00345,Cc1cc2nncn2c2sc(NC(=O)c3cnn(-c4ccncc4Cl)c3)c(N)c12
PACERGEN00346,Cc1cc2nncn2c2sc(-n3cc(C(=O)Nc4ccncc4Cl)cn3)c(N)c12
PACERGEN00347,Cc1cc2nncn2c2sc(-n3cc(NC(=O)c4ccncc4Cl)cn3)c(N)c12
PACERGEN00348,Cc1nnc2sc(C(=O)Nc3cncc(F)c3)c(N)c2c1C
PACERGEN00349,Cc1nnc2sc(NC(=O)c3cncc(F)c3)c(N)c2c1C
PACERGEN00350,Cc1nnc2sc(NC(=O)c3cnn(C4CC4)c3)c(N)c2c1C
PACERGEN00351,Cc1nnc2sc(C(=O)Nc3cnn(C4CC4)c3)c(N)c2c1C
PACERGEN00352,Cc1c(Cl)c2nnc(C)n2c2sc(-n3cc(NC(=O)C4CC4)cn3)c(N)c12
PACERGEN00353,COc1cc(C(=O)Nc2cc(F)nc(F)c2)ncc1Cl
PACERGEN00354,COc1cc(C(=O)Nc2cc(F)nc(F)c2)c(Cl)cn1
PACERGEN00355,COc1cc(NC(=O)c2cc(F)nc(F)c2)c(Cl)cn1
PACERGEN00356,COc1cc(NC(=O)c2cc(F)nc(F)c2)ncc1Cl
PACERGEN00357,Cc1c(Cl)c2nnc(C)n2c2sc(C(=O)NC(=O)C3(F)CCCC3)c(N)c12
PACERGEN00358,Cc1c(Cl)c2nncn2c2sc(C(=O)NC(=O)c3ccc(F)c(F)c3)c(N)c12
PACERGEN00359,Cc1cc2nncn2c2sc(-c3ccc4cc(C(=O)NC5CC5)nnc4c3)c(N)c12
PACERGEN00360,Cc1cc2nncn2c2sc(-c3cc4ccc(C(=O)NC5CC5)cc4nn3)c(N)c12
PACERGEN00361,O=C(Nc1cc(F)nc(F)c1)c1ccncc1Cl
PACERGEN00362,O=C(Nc1ccncc1Cl)c1cc(F)nc(F)c1
PACERGEN00363,O=C(NC1CC1)c1cc(-c2ccncc2Cl)c(Cl)cn1
PACERGEN00364,O=C(NC1CC1)c1cc(-c2ccncc2Cl)ncc1Cl
PACERGEN00365,Cc1c(Cl)nnc2sc(NC(=O)C3CN(C4(F)CCCC4)C3)c(N)c12
PACERGEN00366,Cc1nnc2sc(NC(=O)c3sc4nnc(C)c(C)c4c3N)c(N)c2c1C
PACERGEN00367,Cc1c(Cl)nnc2sc(-n3cc(C(=O)Nc4cc(F)nc(F)c4)cn3)c(N)c12
PACERGEN00368,Cc1c(Cl)nnc2sc(NC(=O)c3cnn(-c4cc(F)nc(F)c4)c3)c(N)c12
PACERGEN00369,Cc1c(Cl)nnc2sc(C(=O)Nc3cnn(-c4cc(F)nc(F)c4)c3)c(N)c12
PACERGEN00370,Cc1c(Cl)nnc2sc(-n3cc(NC(=O)c4cc(F)nc(F)c4)cn3)c(N)c12
PACERGEN00371,O=C(Nc1cc(F)nc(F)c1)c1cncc(-c2cc(F)nc(F)c2)c1
PACERGEN00372,O=C(Nc1cncc(-c2cc(F)nc(F)c2)c1)c1cc(F)nc(F)c1
PACERGEN00373,Cc1c(Cl)nnc2sc(N3CC(C(=O)Nc4ccncc4Cl)C3)c(N)c12
PACERGEN00374,Cc1c(Cl)nnc2sc(NC(=O)C3CN(c4ccncc4Cl)C3)c(N)c12
PACERGEN00375,COc1cc(C(=O)NC2Cc3ccccc3C2)ncc1Cl
PACERGEN00376,COc1cc(C(=O)NC2Cc3ccccc3C2)c(Cl)cn1
PACERGEN00377,Cc1c(Cl)c2nncn2c2sc(C(=O)NC3CN(c4cncc(F)c4)C3)c(N)c12
PACERGEN00378,Cc1c(Cl)c2nncn2c2sc(N3CC(NC(=O)c4cncc(F)c4)C3)c(N)c12
PACERGEN00379,Cc1cc2nncn2c2sc(NC(=O)c3cncc(C4CC4)c3)c(N)c12
PACERGEN00380,Cc1cc2nncn2c2sc(C(=O)Nc3cncc(C4CC4)c3)c(N)c12
PACERGEN00381,Cc1nnc2sc(NC(=O)C3CN(c4cc(F)nc(F)c4)C3)c(N)c2c1C
PACERGEN00382,Cc1nnc2sc(N3CC(C(=O)Nc4cc(F)nc(F)c4)C3)c(N)c2c1C
PACERGEN00383,O=C(NC(=O)C1Cc2ccccc2C1)c1ccc(F)c(F)c1
PACERGEN00384,Cc1cc2nncn2c2sc(C(=O)Nc3ccc(F)c(F)c3)c(N)c12
PACERGEN00385,Cc1cc2nncn2c2sc(NC(=O)c3ccc(F)c(F)c3)c(N)c12
PACERGEN00386,Cc1c(Cl)nnc2sc(-n3cc(N4CC(NC5Cc6ccccc6C5)C4)cn3)c(N)c12
PACERGEN00387,Fc1cc(-c2cncc(N3CC(NC4Cc5ccccc5C4)C3)c2)cc(F)n1
PACERGEN00388,O=C(NC1Cc2ccccc2C1)c1ccncc1Cl
PACERGEN00389,O=C(NC1CN(c2ccncc2Cl)C1)c1ccc(F)c(F)c1
PACERGEN00390,O=C(NC1CN(c2ccc(F)c(F)c2)C1)c1ccncc1Cl
PACERGEN00391,O=C(Nc1cncc(-c2cncc(F)c2)c1)C1CC1
PACERGEN00392,Cc1c(Cl)c2nnc(C)n2c2sc(NC3CC3)c(N)c12
PACERGEN00393,O=C(Nc1cnn(-c2ccc(F)c(F)c2)c1)C1(F)CCCC1
PACERGEN00394,O=C(Nc1cnn(-c2cncc(F)c2)c1)C1(F)CCCC1
PACERGEN00395,Cc1cc2nncn2c2sc(N3CC(C(=O)NC4(F)CCCC4)C3)c(N)c12
PACERGEN00396,Cc1cc2nncn2c2sc(-n3cc(NC(=O)C4Cc5ccccc5C4)cn3)c(N)c12
PACERGEN00397,O=C(Nc1cncc(-c2ccc(F)c(F)c2)c1)C1CC1
PACERGEN00398,Cc1nnc2sc(-n3cc(NC(=O)c4ccncc4Cl)cn3)c(N)c2c1C
PACERGEN00399,Cc1nnc2sc(-n3cc(C(=O)Nc4ccncc4Cl)cn3)c(N)c2c1C
PACERGEN00400,Cc1nnc2sc(NC(=O)c3cnn(-c4ccncc4Cl)c3)c(N)c2c1C
PACERGEN00401,Cc1nnc2sc(C(=O)Nc3cnn(-c4ccncc4Cl)c3)c(N)c2c1C
PACERGEN00402,Cc1ccc(-c2cncc(F)c2)c(C(=O)Nc2cncc(F)c2)n1
PACERGEN00403,Cc1ccc(NC(=O)c2cncc(F)c2)c(-c2cncc(F)c2)n1
PACERGEN00404,Cc1ccc(-c2cncc(F)c2)c(NC(=O)c2cncc(F)c2)n1
PACERGEN00405,Cc1ccc(C(=O)Nc2cncc(F)c2)c(-c2cncc(F)c2)n1
PACERGEN00406,Cc1ccc(-c2cc(F)nc(F)c2)c(C(=O)NC2CC2)n1
PACERGEN00407,Cc1ccc(C(=O)NC2CC2)c(-c2cc(F)nc(F)c2)n1
PACERGEN00408,Cc1c(Cl)c2nnc(C)n2c2sc(C(=O)N3CC(NC4Cc5ccccc5C4)C3)c(N)c12
PACERGEN00409,Cc1c(Cl)c2nnc(C)n2c2sc(C(=O)NC3CN(C4Cc5ccccc5C4)C3)c(N)c12
PACERGEN00410,Cc1cc2nncn2c2sc(C(=O)Nc3cncc(F)c3)c(N)c12
PACERGEN00411,Cc1cc2nncn2c2sc(NC(=O)c3cncc(F)c3)c(N)c12
PACERGEN00412,COc1cncc(NC(=O)c2ccc(F)c(F)c2)c1
PACERGEN00413,COc1cncc(C(=O)Nc2ccc(F)c(F)c2)c1
PACERGEN00414,O=C(Nc1ccncc1Cl)c1cnn(C2(F)CCCC2)c1
PACERGEN00415,O=C(Nc1cnn(C2(F)CCCC2)c1)c1ccncc1Cl
PACERGEN00416,Cc1cc2nncn2c2sc(NC(=O)c3cnn(C4CC4)c3)c(N)c12
PACERGEN00417,Cc1cc2nncn2c2sc(C(=O)Nc3cnn(C4CC4)c3)c(N)c12
PACERGEN00418,Cc1c(Cl)c2nnc(C)n2c2sc(N3CC(NC(=O)C4(F)CCCC4)C3)c(N)c12
PACERGEN00419,Cc1c(Cl)c2nncn2c2sc(N3CC(NC(=O)c4ccc(F)c(F)c4)C3)c(N)c12
PACERGEN00420,Cc1c(Cl)c2nncn2c2sc(C(=O)NC3CN(c4ccc(F)c(F)c4)C3)c(N)c12
PACERGEN00421,Cc1c(Cl)c2nncn2c2sc(C(=O)NC3Cc4ccccc4C3)c(N)c12
PACERGEN00422,Cc1nnc2sc(N3CC(NC(=O)C4Cc5ccccc5C4)C3)c(N)c2c1C
PACERGEN00423,Cc1nnc2sc(N3CC(C(=O)NC4Cc5ccccc5C4)C3)c(N)c2c1C
PACERGEN00424,Cc1c(Cl)nnc2sc(-n3cc(C(=O)NC4(F)CCCC4)cn3)c(N)c12
PACERGEN00425,O=C(NC1(F)CCCC1)c1cncc(-c2cc(F)nc(F)c2)c1
PACERGEN00426,COc1ccc2cc(C(=O)NC3(F)CCCC3)nnc2c1
PACERGEN00427,COc1cc2ccc(C(=O)NC3(F)CCCC3)cc2nn1
PACERGEN00428,Cc1nnc2sc(-c3cc4ccc(C(=O)NC5CC5)cc4nn3)c(N)c2c1C
PACERGEN00429,Cc1nnc2sc(-c3ccc4cc(C(=O)NC5CC5)nnc4c3)c(N)c2c1C
PACERGEN00430,O=C(Nc1cc(C2CC2)ncc1Cl)c1cncc(F)c1
PACERGEN00431,O=C(Nc1cc(C2CC2)c(Cl)cn1)c1cncc(F)c1
PACERGEN00432,O=C(Nc1cncc(F)c1)c1cc(C2CC2)ncc1Cl
PACERGEN00433,O=C(Nc1cncc(F)c1)c1cc(C2CC2)c(Cl)cn1
PACERGEN00434,Cc1c(Cl)nnc2sc(C(=O)NC3CN(c4sc5nnc(Cl)c(C)c5c4N)C3)c(N)c12
PACERGEN00435,O=C(NC1CC1)c1cc2ccc(C3Cc4ccccc4C3)cc2nn1
PACERGEN00436,O=C(NC1CC1)c1ccc2cc(C3Cc4ccccc4C3)nnc2c1
PACERGEN00437,O=C(NC1Cc2ccccc2C1)c1cc2ccc(C3CC3)cc2nn1
PACERGEN00438,O=C(NC1Cc2ccccc2C1)c1ccc2cc(C3CC3)nnc2c1
PACERGEN00439,Cc1c(Cl)c2nnc(C)n2c2sc(N3CC(C(=O)Nc4cncc(F)c4)C3)c(N)c12
PACERGEN00440,Cc1c(Cl)c2nnc(C)n2c2sc(NC(=O)C3CN(c4cncc(F)c4)C3)c(N)c12
PACERGEN00441,Cc1c(Cl)c2nnc(C)n2c2sc(NC3CN(C(=O)c4cc(F)nc(F)c4)C3)c(N)c12
PACERGEN00442,Cc1c(Cl)c2nncn2c2sc(C(=O)NC(=O)c3cncc(F)c3)c(N)c12
PACERGEN00443,Cc1c(Cl)c2nncn2c2sc(C(=O)Nc3cc(F)nc(F)c3)c(N)c12
PACERGEN00444,Cc1c(Cl)c2nncn2c2sc(NC(=O)c3cc(F)nc(F)c3)c(N)c12
PACERGEN00445,Cc1cc2nncn2c2sc(NC3Cc4ccccc4C3)c(N)c12
PACERGEN00446,Cc1nnc2sc(C(=O)Nc3cncc(C4CC4)c3)c(N)c2c1C
PACERGEN00447,Cc1nnc2sc(NC(=O)c3cncc(C4CC4)c3)c(N)c2c1C
PACERGEN00448,Cc1c(Cl)c2nnc(C)n2c2sc(C(=O)NC(=O)c3ccncc3Cl)c(N)c12
PACERGEN00449,COc1cc2ccc(N3CC(NC4Cc5ccccc5C4)C3)cc2nn1
PACERGEN00450,COc1ccc2cc(N3CC(NC4Cc5ccccc5C4)C3)nnc2c1
PACERGEN00451,Cc1c(Cl)nnc2sc(NC(=O)C3CC3)c(N)c12
PACERGEN00452,O=C(NC(=O)c1ccncc1Cl)c1ccc(F)c(F)c1
PACERGEN00453,Cc1cc2nncn2c2sc(NC(=O)C3CN(c4cc(F)nc(F)c4)C3)c(N)c12
PACERGEN00454,Cc1cc2nncn2c2sc(N3CC(C(=O)Nc4cc(F)nc(F)c4)C3)c(N)c12
PACERGEN00455,Cc1nnc2sc(C(=O)Nc3ccc(F)c(F)c3)c(N)c2c1C
PACERGEN00456,Cc1nnc2sc(NC(=O)c3ccc(F)c(F)c3)c(N)c2c1C
PACERGEN00457,O=C(Nc1cc(-c2cc(F)nc(F)c2)ncc1Cl)C1CC1
PACERGEN00458,O=C(Nc1cc(-c2cc(F)nc(F)c2)c(Cl)cn1)C1CC1
PACERGEN00459,O=C(Nc1cncc(F)c1)C1Cc2ccccc2C1
PACERGEN00460,O=C(Nc1cncc(F)c1)C1CN(c2ccc(F)c(F)c2)C1
PACERGEN00461,O=C(Nc1ccc(F)c(F)c1)C1CN(c2cncc(F)c2)C1
PACERGEN00462,Cc1c(Cl)c2nnc(C)n2c2sc(N3CC(N4CC(NC5Cc6ccccc6C5)C4)C3)c(N)c12
PACERGEN00463,O=C(Nc1cnn(C2CC2)c1)C1Cc2ccccc2C1
PACERGEN00464,O=C(Nc1cnn(C2Cc3ccccc3C2)c1)C1CC1
PACERGEN00465,Cc1nnc2sc(-n3cc(NC(=O)C4Cc5ccccc5C4)cn3)c(N)c2c1C
PACERGEN00466,O=C(Nc1cc(F)nc(F)c1)c1cc2ccc(C3CC3)cc2nn1
PACERGEN00467,O=C(Nc1cc(F)nc(F)c1)c1ccc2cc(C3CC3)nnc2c1
PACERGEN00468,O=C(Nc1ccc2cc(C3CC3)nnc2c1)c1cc(F)nc(F)c1
PACERGEN00469,O=C(Nc1cc2ccc(C3CC3)cc2nn1)c1cc(F)nc(F)c1
PACERGEN00470,O=C(Nc1cnn(C2(F)CCCC2)c1)C1Cc2ccccc2C1
PACERGEN00471,Cc1c(Cl)c2nncn2c2sc(N3CC(NC4Cc5ccccc5C4)C3)c(N)c12
PACERGEN00472,Cc1c(Cl)c2nncn2c2sc(-n3cc(C(=O)NC4CC4)cn3)c(N)c12
PACERGEN00473,COc1ccc2cc(NC(=O)c3cc(F)nc(F)c3)nnc2c1
PACERGEN00474,COc1cc2ccc(C(=O)Nc3cc(F)nc(F)c3)cc2nn1
PACERGEN00475,COc1cc2ccc(NC(=O)c3cc(F)nc(F)c3)cc2nn1
PACERGEN00476,COc1ccc2cc(C(=O)Nc3cc(F)nc(F)c3)nnc2c1
PACERGEN00477,Cc1nnc2sc(C(=O)NC(=O)C3Cc4ccccc4C3)c(N)c2c1C
PACERGEN00478,COc1cc2ccc(C(=O)Nc3sc4nnc(Cl)c(C)c4c3N)cc2nn1
PACERGEN00479,COc1ccc2cc(C(=O)Nc3sc4nnc(Cl)c(C)c4c3N)nnc2c1
PACERGEN00480,COc1ccc2cc(NC(=O)c3sc4nnc(Cl)c(C)c4c3N)nnc2c1
PACERGEN00481,COc1cc2ccc(NC(=O)c3sc4nnc(Cl)c(C)c4c3N)cc2nn1
PACERGEN00482,Cc1cc2nncn2c2sc(-c3cc(C(=O)NC4CC4)c(Cl)cn3)c(N)c12
PACERGEN00483,Cc1cc2nncn2c2sc(-c3cc(C(=O)NC4CC4)ncc3Cl)c(N)c12
PACERGEN00484,Cc1c(Cl)c2nncn2c2sc(-c3cncc(C(=O)NC4CC4)c3)c(N)c12
PACERGEN00485,Cc1nnc2sc(N3CC(NC(=O)c4ccncc4Cl)C3)c(N)c2c1C
PACERGEN00486,Cc1nnc2sc(C(=O)NC3CN(c4ccncc4Cl)C3)c(N)c2c1C
PACERGEN00487,O=C(Nc1cnn(C2Cc3ccccc3C2)c1)C1(F)CCCC1
PACERGEN00488,Cc1cc2nncn2c2sc(N3CC(C(=O)NC4Cc5ccccc5C4)C3)c(N)c12
PACERGEN00489,Cc1cc2nncn2c2sc(N3CC(NC(=O)C4Cc5ccccc5C4)C3)c(N)c12
PACERGEN00490,Cc1c(Cl)c2nnc(C)n2c2sc(C(=O)NC3CN(C4(F)CCCC4)C3)c(N)c12
PACERGEN00491,O=C(Nc1ccc(F)c(F)c1)c1cnn(-c2ccncc2Cl)c1
PACERGEN00492,O=C(Nc1cnn(-c2ccncc2Cl)c1)c1ccc(F)c(F)c1
PACERGEN00493,O=C(Nc1ccncc1Cl)c1cnn(-c2ccc(F)c(F)c2)c1
PACERGEN00494,O=C(Nc1cnn(-c2ccc(F)c(F)c2)c1)c1ccncc1Cl
PACERGEN00495,COc1ccc(C)nc1C(=O)Nc1sc2c(c(C)c(Cl)c3nncn32)c1N
PACERGEN00496,COc1ccc(C)nc1NC(=O)c1sc2c(c(C)c(Cl)c3nncn32)c1N
PACERGEN00497,COc1nc(C)ccc1C(=O)Nc1sc2c(c(C)c(Cl)c3nncn32)c1N
PACERGEN00498,COc1nc(C)ccc1NC(=O)c1sc2c(c(C)c(Cl)c3nncn32)c1N
PACERGEN00499,COc1cncc(C(=O)Nc2sc3c(c(C)c(Cl)c4nnc(C)n43)c2N)c1
PACERGEN00500,COc1cncc(NC(=O)c2sc3c(c(C)c(Cl)c4nnc(C)n43)c2N)c1
PACERGEN00501,c1ccc2c(c1)CC(NC1CN(c3ccc4cc(C5CC5)nnc4c3)C1)C2
PACERGEN00502,c1ccc2c(c1)CC(NC1CN(c3cc4ccc(C5CC5)cc4nn3)C1)C2
PACERGEN00503,COc1cncc(C(=O)Nc2sc3nnc(C)c(C)c3c2N)c1
PACERGEN00504,COc1cncc(NC(=O)c2sc3nnc(C)c(C)c3c2N)c1
PACERGEN00505,Cc1ccc(-c2ccncc2Cl)c(NC(=O)C2CC2)n1
PACERGEN00506,Cc1ccc(NC(=O)C2CC2)c(-c2ccncc2Cl)n1
PACERGEN00507,Cc1c(Cl)c2nnc(C)n2c2sc(NC3CN(C4CN(c5cc(F)nc(F)c5)C4)C3)c(N)c12
PACERGEN00508,Cc1nnc2sc(C(=O)NC3CN(C4(F)CCCC4)C3)c(N)c2c1C
PACERGEN00509,Cc1c(Cl)nnc2sc(NC(=O)C3(F)CCCC3)c(N)c12
PACERGEN00510,Cc1c(Cl)c2nncn2c2sc(C(=O)NC3(F)CCCC3)c(N)c12
PACERGEN00511,Cc1c(Cl)c2nncn2c2sc(C(=O)Nc3cnn(-c4cncc(F)c4)c3)c(N)c12
PACERGEN00512,Cc1c(Cl)c2nncn2c2sc(NC(=O)c3cnn(-c4cncc(F)c4)c3)c(N)c12
PACERGEN00513,Cc1c(Cl)c2nncn2c2sc(-n3cc(C(=O)Nc4cncc(F)c4)cn3)c(N)c12
PACERGEN00514,Cc1c(Cl)c2nncn2c2sc(-n3cc(NC(=O)c4cncc(F)c4)cn3)c(N)c12
PACERGEN00515,Cc1c(Cl)c2nnc(C)n2c2sc(N3CC(NC(=O)c4ccncc4Cl)C3)c(N)c12
PACERGEN00516,Cc1c(Cl)c2nnc(C)n2c2sc(C(=O)NC3CN(c4ccncc4Cl)C3)c(N)c12
PACERGEN00517,COc1cc2ccc(C(=O)NC3Cc4ccccc4C3)cc2nn1
PACERGEN00518,COc1ccc2cc(C(=O)NC3Cc4ccccc4C3)nnc2c1
PACERGEN00519,O=C(NC1CC1)c1cc2ccc(-c3ccc(F)c(F)c3)cc2nn1
PACERGEN00520,O=C(NC1CC1)c1ccc2cc(-c3ccc(F)c(F)c3)nnc2c1
PACERGEN00521,Cc1c(Cl)c2nnc(C)n2c2sc(C(=O)NC(=O)C3Cc4ccccc4C3)c(N)c12
PACERGEN00522,Cc1nnc2sc(NC3Cc4ccccc4C3)c(N)c2c1C
PACERGEN00523,COc1cc(NC(=O)c2cncc(F)c2)ncc1Cl
PACERGEN00524,COc1cc(C(=O)Nc2cncc(F)c2)ncc1Cl
PACERGEN00525,COc1cc(C(=O)Nc2cncc(F)c2)c(Cl)cn1
PACERGEN00526,COc1cc(NC(=O)c2cncc(F)c2)c(Cl)cn1
PACERGEN00527,Cc1c(Cl)nnc2sc(C(=O)NC3CN(c4cc(F)nc(F)c4)C3)c(N)c12
PACERGEN00528,Cc1c(Cl)nnc2sc(N3CC(NC(=O)c4cc(F)nc(F)c4)C3)c(N)c12
PACERGEN00529,O=C(NC1(F)CCCC1)c1ccc2cc(C3CC3)nnc2c1
PACERGEN00530,O=C(NC1(F)CCCC1)c1cc2ccc(C3CC3)cc2nn1
PACERGEN00531,O=C(Nc1cncc(F)c1)c1ccncc1Cl
PACERGEN00532,O=C(Nc1ccncc1Cl)c1cncc(F)c1
PACERGEN00533,Cc1c(Cl)c2nncn2c2sc(NC(=O)C3CN(C4CC4)C3)c(N)c12
PACERGEN00534,Cc1cc2nncn2c2sc(NC(=O)c3cnn(C4(F)CCCC4)c3)c(N)c12
PACERGEN00535,Cc1cc2nncn2c2sc(C(=O)Nc3cnn(C4(F)CCCC4)c3)c(N)c12
PACERGEN00536,Cc1nnc2sc(N3CC(N4CC(NC5Cc6ccccc6C5)C4)C3)c(N)c2c1C
PACERGEN00537,O=C(Nc1cnn(C2CC2)c1)c1ccncc1Cl
PACERGEN00538,O=C(Nc1ccncc1Cl)c1cnn(C2CC2)c1
PACERGEN00539,O=C(NC1(F)CCCC1)c1cnn(-c2cc(F)nc(F)c2)c1
PACERGEN00540,Cc1ccc(-c2cncc(F)c2)c(C(=O)NC2Cc3ccccc3C2)n1
PACERGEN00541,Cc1ccc(C(=O)NC2Cc3ccccc3C2)c(-c2cncc(F)c2)n1
PACERGEN00542,Cc1c(Cl)c2nnc(C)n2c2sc(N3CC(NC(=O)C4CC4)C3)c(N)c12
PACERGEN00543,Cc1c(Cl)c2nnc(C)n2c2sc(N3CC(C(=O)NC4CC4)C3)c(N)c12
PACERGEN00544,O=C(Nc1ccc(F)c(F)c1)c1cncc(C2CC2)c1
PACERGEN00545,O=C(Nc1cncc(C2CC2)c1)c1ccc(F)c(F)c1
PACERGEN00546,Cc1nnc2sc(C(=O)NC(=O)c3ccncc3Cl)c(N)c2c1C
PACERGEN00547,Cc1cc2nncn2c2sc(C(=O)NC(=O)C3Cc4ccccc4C3)c(N)c12
PACERGEN00548,Cc1ccc(-c2sc3nnc(Cl)c(C)c3c2N)c(C(=O)NC2CC2)n1
PACERGEN00549,Cc1nnc2sc(-c3cc(C(=O)NC4CC4)c(Cl)cn3)c(N)c2c1C
PACERGEN00550,Cc1ccc(C(=O)NC2CC2)c(-c2sc3nnc(Cl)c(C)c3c2N)n1
PACERGEN00551,Cc1nnc2sc(-c3cc(C(=O)NC4CC4)ncc3Cl)c(N)c2c1C
PACERGEN00552,Cc1cc2nncn2c2sc(C(=O)NC3CN(c4ccncc4Cl)C3)c(N)c12
PACERGEN00553,Cc1cc2nncn2c2sc(N3CC(NC(=O)c4ccncc4Cl)C3)c(N)c12
PACERGEN00554,Cc1nnc2sc(N3CC(C(=O)Nc4cncc(F)c4)C3)c(N)c2c1C
PACERGEN00555,Cc1nnc2sc(NC(=O)C3CN(c4cncc(F)c4)C3)c(N)c2c1C
PACERGEN00556,COc1cncc(N2CC(Nc3sc4c(c(C)c(Cl)c5nnc(C)n54)c3N)C2)c1
PACERGEN00557,O=C(Nc1cnn(-c2ccc(F)c(F)c2)c1)C1CC1
PACERGEN00558,O=C(Nc1cncc(-c2cncc(F)c2)c1)C1(F)CCCC1
PACERGEN00559,O=C(Nc1cnn(-c2ccc(F)c(F)c2)c1)C1Cc2ccccc2C1
PACERGEN00560,COc1cnn(-c2cc(NC3Cc4ccccc4C3)c(Cl)cn2)c1
PACERGEN00561,COc1cnn(-c2cc(NC3Cc4ccccc4C3)ncc2Cl)c1
PACERGEN00562,Fc1cc(-n2cc(N3CC(NC4Cc5ccccc5C4)C3)cn2)cc(F)n1
PACERGEN00563,COc1cncc(C(=O)Nc2sc3c(c(C)cc4nncn43)c2N)c1
PACERGEN00564,COc1cncc(NC(=O)c2sc3c(c(C)cc4nncn43)c2N)c1
PACERGEN00565,O=C(NC1CC1)c1cc(C2Cc3ccccc3C2)ncc1Cl
PACERGEN00566,O=C(NC1CC1)c1cc(C2Cc3ccccc3C2)c(Cl)cn1
PACERGEN00567,O=C(NC1Cc2ccccc2C1)c1cc(C2CC2)ncc1Cl
PACERGEN00568,O=C(NC1Cc2ccccc2C1)c1cc(C2CC2)c(Cl)cn1
PACERGEN00569,Cc1cc2nncn2c2sc(C(=O)NC3CN(C4(F)CCCC4)C3)c(N)c12
PACERGEN00570,Cc1nnc2sc(NC(=O)C3CN(c4sc5nnc(Cl)c(C)c5c4N)C3)c(N)c2c1C
PACERGEN00571,Cc1nnc2sc(N3CC(C(=O)Nc4sc5nnc(Cl)c(C)c5c4N)C3)c(N)c2c1C
PACERGEN00572,Cc1c(Cl)c2nnc(C)n2c2sc(N3CC(C(=O)NC4Cc5ccccc5C4)C3)c(N)c12
PACERGEN00573,Cc1c(Cl)c2nnc(C)n2c2sc(N3CC(NC(=O)C4Cc5ccccc5C4)C3)c(N)c12
PACERGEN00574,Cc1ccc(-c2cncc(F)c2)c(C(=O)Nc2cc(F)nc(F)c2)n1
PACERGEN00575,Cc1ccc(-c2cncc(F)c2)c(NC(=O)c2cc(F)nc(F)c2)n1
PACERGEN00576,Cc1ccc(NC(=O)c2cncc(F)c2)c(-c2cc(F)nc(F)c2)n1
PACERGEN00577,Cc1ccc(C(=O)Nc2cncc(F)c2)c(-c2cc(F)nc(F)c2)n1
PACERGEN00578,Cc1ccc(-c2cc(F)nc(F)c2)c(C(=O)Nc2cncc(F)c2)n1
PACERGEN00579,Cc1ccc(NC(=O)c2cc(F)nc(F)c2)c(-c2cncc(F)c2)n1
PACERGEN00580,Cc1ccc(-c2cc(F)nc(F)c2)c(NC(=O)c2cncc(F)c2)n1
PACERGEN00581,Cc1ccc(C(=O)Nc2cc(F)nc(F)c2)c(-c2cncc(F)c2)n1
PACERGEN00582,Cc1ccc(-c2cncc(F)c2)c(C(=O)NC2CC2)n1
PACERGEN00583,Cc1ccc(C(=O)NC2CC2)c(-c2cncc(F)c2)n1
PACERGEN00584,O=C(Nc1cc(F)nc(F)c1)C1CN(c2ccncc2Cl)C1
PACERGEN00585,O=C(Nc1ccncc1Cl)C1CN(c2cc(F)nc(F)c2)C1
PACERGEN00586,Cc1c(Cl)nnc2sc(C(=O)NC(=O)c3cc(F)nc(F)c3)c(N)c12
PACERGEN00587,Cc1nnc2sc(N3CC(NC(=O)C4(F)CCCC4)C3)c(N)c2c1C
PACERGEN00588,O=C(Nc1ccncc1Cl)c1cnn(C2Cc3ccccc3C2)c1
PACERGEN00589,O=C(Nc1cnn(C2Cc3ccccc3C2)c1)c1ccncc1Cl
PACERGEN00590,Cc1c(Cl)c2nncn2c2sc(NC(=O)C3CN(C4Cc5ccccc5C4)C3)c(N)c12
PACERGEN00591,Cc1nnc2sc(C(=O)N3CC(NC4Cc5ccccc5C4)C3)c(N)c2c1C
PACERGEN00592,Cc1nnc2sc(C(=O)NC3CN(C4Cc5ccccc5C4)C3)c(N)c2c1C
PACERGEN00593,O=C(Nc1cc(F)nc(F)c1)c1cnn(-c2cc(F)nc(F)c2)c1
PACERGEN00594,O=C(Nc1cnn(-c2cc(F)nc(F)c2)c1)c1cc(F)nc(F)c1
PACERGEN00595,Cc1nnc2sc(NC(=O)c3cnn(C4(F)CCCC4)c3)c(N)c2c1C
PACERGEN00596,Cc1nnc2sc(C(=O)Nc3cnn(C4(F)CCCC4)c3)c(N)c2c1C
PACERGEN00597,Cc1cc2nncn2c2sc(N3CC(N4CC(NC5Cc6ccccc6C5)C4)C3)c(N)c12
PACERGEN00598,Cc1c(Cl)nnc2sc(C(=O)Nc3ccncc3Cl)c(N)c12
PACERGEN00599,Cc1c(Cl)nnc2sc(NC(=O)c3ccncc3Cl)c(N)c12
PACERGEN00600,Cc1ccc(-c2cncc(F)c2)c(N2CC(NC3Cc4ccccc4C3)C2)n1
PACERGEN00601,Cc1ccc(N2CC(NC3Cc4ccccc4C3)C2)c(-c2cncc(F)c2)n1
PACERGEN00602,Cc1c(Cl)c2nnc(C)n2c2sc(C(=O)NC(=O)C3CC3)c(N)c12
PACERGEN00603,O=C(Nc1cc(C2CC2)c(Cl)cn1)c1cc(F)nc(F)c1
PACERGEN00604,O=C(Nc1cc(C2CC2)ncc1Cl)c1cc(F)nc(F)c1
PACERGEN00605,O=C(Nc1cc(F)nc(F)c1)c1cc(C2CC2)ncc1Cl
PACERGEN00606,O=C(Nc1cc(F)nc(F)c1)c1cc(C2CC2)c(Cl)cn1
PACERGEN00607,O=C(NC(=O)C1Cc2ccccc2C1)C1Cc2ccccc2C1
PACERGEN00608,Cc1c(Cl)c2nnc(C)n2c2sc(N3CC(C(=O)Nc4cc(F)nc(F)c4)C3)c(N)c12
PACERGEN00609,Cc1c(Cl)c2nnc(C)n2c2sc(NC(=O)C3CN(c4cc(F)nc(F)c4)C3)c(N)c12
PACERGEN00610,COc1cc(NC(=O)c2sc3nnc(Cl)c(C)c3c2N)ncc1Cl
PACERGEN00611,COc1cc(C(=O)Nc2sc3nnc(Cl)c(C)c3c2N)ncc1Cl
PACERGEN00612,COc1cc(NC(=O)c2sc3nnc(Cl)c(C)c3c2N)c(Cl)cn1
PACERGEN00613,COc1cc(C(=O)Nc2sc3nnc(Cl)c(C)c3c2N)c(Cl)cn1
PACERGEN00614,O=C(NC1Cc2ccccc2C1)C1CN(c2ccncc2Cl)C1
PACERGEN00615,O=C(NC1CN(c2ccncc2Cl)C1)C1Cc2ccccc2C1
PACERGEN00616,Cc1cc2nncn2c2sc(C(=O)NC(=O)c3ccncc3Cl)c(N)c12
PACERGEN00617,Cc1cc2nncn2c2sc(C(=O)Nc3cnn(-c4ccc(F)c(F)c4)c3)c(N)c12
PACERGEN00618,Cc1cc2nncn2c2sc(-n3cc(C(=O)Nc4ccc(F)c(F)c4)cn3)c(N)c12
PACERGEN00619,Cc1cc2nncn2c2sc(NC(=O)c3cnn(-c4ccc(F)c(F)c4)c3)c(N)c12
PACERGEN00620,Cc1cc2nncn2c2sc(-n3cc(NC(=O)c4ccc(F)c(F)c4)cn3)c(N)c12
PACERGEN00621,Cc1ccc(NC(=O)C2CC2)c(-c2sc3c(c(C)cc4nncn43)c2N)n1
PACERGEN00622,Cc1ccc(-c2sc3c(c(C)cc4nncn43)c2N)c(NC(=O)C2CC2)n1
PACERGEN00623,COc1cncc(NC(=O)C2Cc3ccccc3C2)c1
PACERGEN00624,Cc1cc2nncn2c2sc(NC(=O)C3CN(c4cncc(F)c4)C3)c(N)c12
PACERGEN00625,Cc1cc2nncn2c2sc(N3CC(C(=O)Nc4cncc(F)c4)C3)c(N)c12
PACERGEN00626,O=C(NC1Cc2ccccc2C1)c1cnn(-c2cc(F)nc(F)c2)c1
PACERGEN00627,Cc1ccc(-c2cncc(F)c2)c(C(=O)NC2(F)CCCC2)n1
PACERGEN00628,Cc1ccc(C(=O)NC2(F)CCCC2)c(-c2cncc(F)c2)n1
PACERGEN00629,Cc1ccc(C2CC2)c(NC(=O)c2ccncc2Cl)n1
PACERGEN00630,Cc1ccc(C2CC2)c(C(=O)Nc2ccncc2Cl)n1
PACERGEN00631,Cc1ccc(NC(=O)c2ccncc2Cl)c(C2CC2)n1
PACERGEN00632,Cc1ccc(C(=O)Nc2ccncc2Cl)c(C2CC2)n1
PACERGEN00633,Cc1c(Cl)c2nncn2c2sc(-n3cc(C(=O)NC4Cc5ccccc5C4)cn3)c(N)c12
PACERGEN00634,Cc1nnc2sc(C(=O)NC(=O)C3(F)CCCC3)c(N)c2c1C
PACERGEN00635,O=C(NC1CC1)c1cc(-c2ccc(F)c(F)c2)ncc1Cl
PACERGEN00636,O=C(NC1CC1)c1cc(-c2ccc(F)c(F)c2)c(Cl)cn1
PACERGEN00637,COc1cc2ccc(C(=O)Nc3cncc(F)c3)cc2nn1
PACERGEN00638,COc1ccc2cc(C(=O)Nc3cncc(F)c3)nnc2c1
PACERGEN00639,COc1ccc2cc(NC(=O)c3cncc(F)c3)nnc2c1
PACERGEN00640,COc1cc2ccc(NC(=O)c3cncc(F)c3)cc2nn1
PACERGEN00641,Cc1nnc2sc(-n3cc(NC(=O)C4CC4)cn3)c(N)c2c1C
PACERGEN00642,O=C(Nc1cnn(C2Cc3ccccc3C2)c1)C1Cc2ccccc2C1
PACERGEN00643,Cc1cc2nncn2c2sc(N3CC(NC(=O)C4(F)CCCC4)C3)c(N)c12
PACERGEN00644,Cc1c(Cl)c2nnc(C)n2c2sc(C(=O)Nc3cnn(C4CC4)c3)c(N)c12
PACERGEN00645,Cc1c(Cl)c2nnc(C)n2c2sc(NC(=O)c3cnn(C4CC4)c3)c(N)c12
PACERGEN00646,Cc1c(Cl)c2nnc(C)n2c2sc(NC(=O)c3cncc(F)c3)c(N)c12
PACERGEN00647,Cc1c(Cl)c2nnc(C)n2c2sc(C(=O)Nc3cncc(F)c3)c(N)c12
PACERGEN00648,O=C(Nc1cncc(-c2ccncc2Cl)c1)c1cncc(F)c1
PACERGEN00649,O=C(Nc1cncc(F)c1)c1cncc(-c2ccncc2Cl)c1
PACERGEN00650,O=C(Nc1cncc(-c2cncc(F)c2)c1)c1ccncc1Cl
PACERGEN00651,O=C(Nc1ccncc1Cl)c1cncc(-c2cncc(F)c2)c1
PACERGEN00652,Cc1cc2nncn2c2sc(C(=O)N3CC(NC4Cc5ccccc5C4)C3)c(N)c12
PACERGEN00653,Cc1cc2nncn2c2sc(C(=O)NC3CN(C4Cc5ccccc5C4)C3)c(N)c12
PACERGEN00654,Cc1c(Cl)nnc2sc(NC(=O)C3CN(c4ccc(F)c(F)c4)C3)c(N)c12
PACERGEN00655,Cc1c(Cl)nnc2sc(N3CC(C(=O)Nc4ccc(F)c(F)c4)C3)c(N)c12
PACERGEN00656,Cc1c(Cl)c2nnc(C)n2c2sc(N3CC(C(=O)NC4(F)CCCC4)C3)c(N)c12
PACERGEN00657,Cc1c(Cl)nnc2sc(NC(=O)C3Cc4ccccc4C3)c(N)c12
PACERGEN00658,O=C(NC(=O)C1Cc2ccccc2C1)c1ccncc1Cl
PACERGEN00659,O=C(NC1CN(c2ccncc2Cl)C1)c1ccncc1Cl
PACERGEN00660,Cc1c(Cl)c2nncn2c2sc(NC(=O)C3CN(C4(F)CCCC4)C3)c(N)c12
PACERGEN00661,Cc1c(Cl)c2nncn2c2sc(-n3cc(C(=O)Nc4cc(F)nc(F)c4)cn3)c(N)c12
PACERGEN00662,Cc1c(Cl)c2nncn2c2sc(NC(=O)c3cnn(-c4cc(F)nc(F)c4)c3)c(N)c12
PACERGEN00663,Cc1c(Cl)c2nncn2c2sc(C(=O)Nc3cnn(-c4cc(F)nc(F)c4)c3)c(N)c12
PACERGEN00664,Cc1c(Cl)c2nncn2c2sc(-n3cc(NC(=O)c4cc(F)nc(F)c4)cn3)c(N)c12
PACERGEN00665,O=C(NC1CC1)c1ccc2cc(C3CC3)nnc2c1
PACERGEN00666,O=C(NC1CC1)c1cc2ccc(C3CC3)cc2nn1
PACERGEN00667,O=C(Nc1cc(F)nc(F)c1)C1CN(C2Cc3ccccc3C2)C1
PACERGEN00668,Cc1nnc2sc(-n3cc(C(=O)Nc4ccc(F)c(F)c4)cn3)c(N)c2c1C
PACERGEN00669,Cc1nnc2sc(-n3cc(NC(=O)c4ccc(F)c(F)c4)cn3)c(N)c2c1C
PACERGEN00670,Cc1nnc2sc(C(=O)Nc3cnn(-c4ccc(F)c(F)c4)c3)c(N)c2c1C
PACERGEN00671,Cc1nnc2sc(NC(=O)c3cnn(-c4ccc(F)c(F)c4)c3)c(N)c2c1C
PACERGEN00672,O=C(Nc1cncc(F)c1)c1cncc(C2(F)CCCC2)c1
PACERGEN00673,O=C(Nc1cncc(C2(F)CCCC2)c1)c1cncc(F)c1
PACERGEN00674,COc1cncc(NC(=O)c2ccncc2Cl)c1
PACERGEN00675,COc1cncc(C(=O)Nc2ccncc2Cl)c1
PACERGEN00676,Cc1ccc(-c2sc3nnc(C)c(C)c3c2N)c(NC(=O)C2CC2)n1
PACERGEN00677,Cc1ccc(NC(=O)C2CC2)c(-c2sc3nnc(C)c(C)c3c2N)n1
PACERGEN00678,O=C(Nc1ccc(F)c(F)c1)c1cnn(C2(F)CCCC2)c1
PACERGEN00679,O=C(Nc1cnn(C2(F)CCCC2)c1)c1ccc(F)c(F)c1
PACERGEN00680,Cc1c(Cl)c2nncn2c2sc(NC(=O)C3CN(c4ccncc4Cl)C3)c(N)c12
PACERGEN00681,Cc1c(Cl)c2nncn2c2sc(N3CC(C(=O)Nc4ccncc4Cl)C3)c(N)c12
PACERGEN00682,Cc1c(Cl)nnc2sc(C(=O)NC3CN(c4cncc(F)c4)C3)c(N)c12
PACERGEN00683,Cc1c(Cl)nnc2sc(N3CC(NC(=O)c4cncc(F)c4)C3)c(N)c12
PACERGEN00684,O=C(Nc1ccc2cc(-c3cncc(F)c3)nnc2c1)c1cncc(F)c1
PACERGEN00685,O=C(Nc1cc2ccc(-c3cncc(F)c3)cc2nn1)c1cncc(F)c1
PACERGEN00686,O=C(Nc1cncc(F)c1)c1cc2ccc(-c3cncc(F)c3)cc2nn1
PACERGEN00687,O=C(Nc1cncc(F)c1)c1ccc2cc(-c3cncc(F)c3)nnc2c1
PACERGEN00688,Cc1c(Cl)c2nncn2c2sc(-n3cc(N4CC(NC5Cc6ccccc6C5)C4)cn3)c(N)c12
PACERGEN00689,Cc1c(Cl)c2nncn2c2sc(C(=O)NC3CC3)c(N)c12
PACERGEN00690,Cc1ccc(C2CC2)c(NC(=O)C2Cc3ccccc3C2)n1
PACERGEN00691,Cc1ccc(C2Cc3ccccc3C2)c(NC(=O)C2CC2)n1
PACERGEN00692,Cc1ccc(NC(=O)C2Cc3ccccc3C2)c(C2CC2)n1
PACERGEN00693,Cc1ccc(NC(=O)C2CC2)c(C2Cc3ccccc3C2)n1
PACERGEN00694,Cc1cc2nncn2c2sc(C(=O)Nc3cnn(C4Cc5ccccc5C4)c3)c(N)c12
PACERGEN00695,Cc1cc2nncn2c2sc(NC(=O)c3cnn(C4Cc5ccccc5C4)c3)c(N)c12
PACERGEN00696,O=C(NC1(F)CCCC1)c1cnn(-c2cncc(F)c2)c1
PACERGEN00697,Cc1cc2nncn2c2sc(C(=O)NC(=O)C3(F)CCCC3)c(N)c12
PACERGEN00698,Cc1c(Cl)c2nnc(C)n2c2sc(C(=O)NC3CN(C4CC4)C3)c(N)c12
PACERGEN00699,Cc1ccc(C(=O)NC2Cc3ccccc3C2)c(-c2cc(F)nc(F)c2)n1
PACERGEN00700,Cc1ccc(-c2cc(F)nc(F)c2)c(C(=O)NC2Cc3ccccc3C2)n1
PACERGEN00701,Cc1c(Cl)c2nnc(C)n2c2sc(NC3CN(c4cnn(C5CC5)c4)C3)c(N)c12
PACERGEN00702,Cc1cc2nncn2c2sc(-n3cc(NC(=O)C4CC4)cn3)c(N)c12
PACERGEN00703,Cc1c(Cl)c2nnc(C)n2c2sc(NC3CN(c4cncc(F)c4)C3)c(N)c12
PACERGEN00704,Cc1c(Cl)nnc2sc(NC(=O)c3sc4c(c(C)cc5nncn54)c3N)c(N)c12
PACERGEN00705,Cc1c(Cl)nnc2sc(C(=O)Nc3sc4c(c(C)cc5nncn54)c3N)c(N)c12
PACERGEN00706,O=C(Nc1cncc(-c2cncc(F)c2)c1)C1Cc2ccccc2C1
PACERGEN00707,Cc1c(Cl)nnc2sc(-n3cc(NC(=O)C4(F)CCCC4)cn3)c(N)c12
PACERGEN00708,O=C(Nc1cncc(-c2cc(F)nc(F)c2)c1)C1(F)CCCC1
PACERGEN00709,Cc1c(Cl)c2nncn2c2sc(-n3cc(C(=O)NC4(F)CCCC4)cn3)c(N)c12
PACERGEN00710,Cc1c(Cl)c2nnc(C)n2c2sc(C(=O)NC(=O)c3ccc(F)c(F)c3)c(N)c12
PACERGEN00711,Cc1c(Cl)nnc2sc(-c3cncc(NC(=O)C4CC4)c3)c(N)c12
PACERGEN00712,O=C(NC(=O)c1ccncc1Cl)c1ccncc1Cl
PACERGEN00713,Fc1cncc(-n2cc(N3CC(NC4Cc5ccccc5C4)C3)cn2)c1
PACERGEN00714,Cc1ccc(-c2cc(F)nc(F)c2)c(NC(=O)c2cc(F)nc(F)c2)n1
PACERGEN00715,Cc1ccc(NC(=O)c2cc(F)nc(F)c2)c(-c2cc(F)nc(F)c2)n1
PACERGEN00716,Cc1ccc(-c2cc(F)nc(F)c2)c(C(=O)Nc2cc(F)nc(F)c2)n1
PACERGEN00717,Cc1ccc(C(=O)Nc2cc(F)nc(F)c2)c(-c2cc(F)nc(F)c2)n1
PACERGEN00718,O=C(Nc1cncc(F)c1)C1CN(c2ccncc2Cl)C1
PACERGEN00719,O=C(Nc1ccncc1Cl)C1CN(c2cncc(F)c2)C1
PACERGEN00720,Cc1c(Cl)nnc2sc(C(=O)NC(=O)c3cncc(F)c3)c(N)c12
PACERGEN00721,Cc1ccc(C2CC2)c(C(=O)Nc2sc3c(c(C)cc4nncn43)c2N)n1
PACERGEN00722,Cc1ccc(C2CC2)c(NC(=O)c2sc3c(c(C)cc4nncn43)c2N)n1
PACERGEN00723,Cc1ccc(NC(=O)c2sc3c(c(C)cc4nncn43)c2N)c(C2CC2)n1
PACERGEN00724,Cc1ccc(C(=O)Nc2sc3c(c(C)cc4nncn43)c2N)c(C2CC2)n1
PACERGEN00725,O=C(Nc1cc(F)nc(F)c1)c1cnn(-c2cncc(F)c2)c1
PACERGEN00726,O=C(Nc1cncc(F)c1)c1cnn(-c2cc(F)nc(F)c2)c1
PACERGEN00727,O=C(Nc1cnn(-c2cncc(F)c2)c1)c1cc(F)nc(F)c1
PACERGEN00728,O=C(Nc1cnn(-c2cc(F)nc(F)c2)c1)c1cncc(F)c1
PACERGEN00729,Cc1ccc(-c2cc(F)nc(F)c2)c(N2CC(NC3Cc4ccccc4C3)C2)n1
PACERGEN00730,Cc1ccc(N2CC(NC3Cc4ccccc4C3)C2)c(-c2cc(F)nc(F)c2)n1
PACERGEN00731,COc1ccc(C)nc1NC(=O)c1cc(F)nc(F)c1
PACERGEN00732,COc1nc(C)ccc1C(=O)Nc1cc(F)nc(F)c1
PACERGEN00733,COc1ccc(C)nc1C(=O)Nc1cc(F)nc(F)c1
PACERGEN00734,COc1nc(C)ccc1NC(=O)c1cc(F)nc(F)c1
PACERGEN00735,Cc1nnc2sc(NC(=O)c3cnn(C4Cc5ccccc5C4)c3)c(N)c2c1C
PACERGEN00736,Cc1nnc2sc(C(=O)Nc3cnn(C4Cc5ccccc5C4)c3)c(N)c2c1C
PACERGEN00737,O=C(Nc1ccc(F)c(F)c1)c1cnn(-c2ccc(F)c(F)c2)c1
PACERGEN00738,O=C(Nc1cnn(-c2ccc(F)c(F)c2)c1)c1ccc(F)c(F)c1
PACERGEN00739,Cc1cc2nncn2c2sc(-c3cncc(C(=O)Nc4cncc(F)c4)c3)c(N)c12
PACERGEN00740,Cc1cc2nncn2c2sc(-c3cncc(NC(=O)c4cncc(F)c4)c3)c(N)c12
PACERGEN00741,Cc1cc2nncn2c2sc(NC(=O)c3cncc(-c4cncc(F)c4)c3)c(N)c12
PACERGEN00742,Cc1cc2nncn2c2sc(C(=O)Nc3cncc(-c4cncc(F)c4)c3)c(N)c12
PACERGEN00743,O=C(c1ccncc1Cl)N1CC(NC2Cc3ccccc3C2)C1
PACERGEN00744,O=C(NC1CN(C2Cc3ccccc3C2)C1)c1ccncc1Cl
PACERGEN00745,Cc1ccc(-c2ccc(F)c(F)c2)c(NC(=O)C2CC2)n1
PACERGEN00746,Cc1ccc(NC(=O)C2CC2)c(-c2ccc(F)c(F)c2)n1
PACERGEN00747,O=C(NC1CC1)c1cncc(-c2cc(F)nc(F)c2)c1
PACERGEN00748,Cc1c(Cl)nnc2sc(-n3cc(C(=O)NC4CC4)cn3)c(N)c12
PACERGEN00749,Cc1nnc2sc(NC(=O)c3sc4nnc(Cl)c(C)c4c3N)c(N)c2c1C
PACERGEN00750,Cc1nnc2sc(C(=O)Nc3sc4nnc(Cl)c(C)c4c3N)c(N)c2c1C
PACERGEN00751,COc1ccc2cc(C(=O)Nc3sc4c(c(C)c(Cl)c5nncn54)c3N)nnc2c1
PACERGEN00752,COc1cc2ccc(C(=O)Nc3sc4c(c(C)c(Cl)c5nncn54)c3N)cc2nn1
PACERGEN00753,COc1ccc2cc(NC(=O)c3sc4c(c(C)c(Cl)c5nncn54)c3N)nnc2c1
PACERGEN00754,COc1cc2ccc(NC(=O)c3sc4c(c(C)c(Cl)c5nncn54)c3N)cc2nn1
PACERGEN00755,Cc1c(Cl)c2nnc(C)n2c2sc(N3CC(NC(=O)c4ccc(F)c(F)c4)C3)c(N)c12
PACERGEN00756,Cc1c(Cl)c2nnc(C)n2c2sc(C(=O)NC3CN(c4ccc(F)c(F)c4)C3)c(N)c12
PACERGEN00757,Cc1c(Cl)c2nnc(C)n2c2sc(C(=O)NC3Cc4ccccc4C3)c(N)c12
PACERGEN00758,O=C(Nc1ccc2cc(-c3ccncc3Cl)nnc2c1)C1CC1
PACERGEN00759,O=C(Nc1cc2ccc(-c3ccncc3Cl)cc2nn1)C1CC1
PACERGEN00760,O=C(NC1Cc2ccccc2C1)c1cncc(-c2ccncc2Cl)c1
PACERGEN00761,O=C(NC1Cc2ccccc2C1)c1cnn(-c2cncc(F)c2)c1
PACERGEN00762,Cc1ccc(-c2cc(F)nc(F)c2)c(C(=O)NC2(F)CCCC2)n1
PACERGEN00763,Cc1ccc(C(=O)NC2(F)CCCC2)c(-c2cc(F)nc(F)c2)n1
PACERGEN00764,Cc1c(Cl)c2nnc(C)n2c2sc(NC3CN(C(=O)C4(F)CCCC4)C3)c(N)c12
PACERGEN00765,COc1ccc(C)nc1C(=O)NC1Cc2ccccc2C1
PACERGEN00766,COc1nc(C)ccc1C(=O)NC1Cc2ccccc2C1
PACERGEN00767,Cc1c(Cl)c2nncn2c2sc(NC(=O)C3(F)CCCC3)c(N)c12
PACERGEN00768,O=C(Nc1cc(F)nc(F)c1)c1cc(F)nc(F)c1
PACERGEN00769,O=C(Nc1ccc2cc(C3(F)CCCC3)nnc2c1)C1CC1
PACERGEN00770,O=C(Nc1cc2ccc(C3(F)CCCC3)cc2nn1)C1CC1
PACERGEN00771,O=C(NC1Cc2ccccc2C1)c1cncc(C2(F)CCCC2)c1
PACERGEN00772,COC(=O)c1cncc(Nc2sc3c(c(C)c(Cl)c4nnc(C)n43)c2N)c1
PACERGEN00773,Cc1c(Cl)nnc2sc(-n3cc(NC(=O)c4ccncc4Cl)cn3)c(N)c12
PACERGEN00774,Cc1c(Cl)nnc2sc(-n3cc(C(=O)Nc4ccncc4Cl)cn3)c(N)c12
PACERGEN00775,Cc1c(Cl)nnc2sc(C(=O)Nc3cnn(-c4ccncc4Cl)c3)c(N)c12
PACERGEN00776,Cc1c(Cl)nnc2sc(NC(=O)c3cnn(-c4ccncc4Cl)c3)c(N)c12
PACERGEN00777,Cc1c(Cl)c2nnc(C)n2c2sc(NC(=O)c3cc(F)nc(F)c3)c(N)c12
PACERGEN00778,Cc1c(Cl)c2nnc(C)n2c2sc(C(=O)Nc3cc(F)nc(F)c3)c(N)c12
PACERGEN00779,O=C(Nc1cncc(F)c1)c1cc(-c2cncc(F)c2)c(Cl)cn1
PACERGEN00780,O=C(Nc1cc(F)nc(F)c1)c1cncc(-c2ccncc2Cl)c1
PACERGEN00781,O=C(Nc1cncc(F)c1)c1cc(-c2cncc(F)c2)ncc1Cl
PACERGEN00782,O=C(Nc1cncc(-c2ccncc2Cl)c1)c1cc(F)nc(F)c1
PACERGEN00783,O=C(Nc1cncc(-c2cc(F)nc(F)c2)c1)c1ccncc1Cl
PACERGEN00784,O=C(Nc1ccncc1Cl)c1cncc(-c2cc(F)nc(F)c2)c1
PACERGEN00785,O=C(Nc1cc(-c2cncc(F)c2)ncc1Cl)c1cncc(F)c1
PACERGEN00786,O=C(Nc1cc(-c2cncc(F)c2)c(Cl)cn1)c1cncc(F)c1
PACERGEN00787,Cc1ccc(NC(=O)c2sc3nnc(C)c(C)c3c2N)c(C2CC2)n1
PACERGEN00788,Cc1ccc(C2CC2)c(C(=O)Nc2sc3nnc(C)c(C)c3c2N)n1
PACERGEN00789,Cc1ccc(C(=O)Nc2sc3nnc(C)c(C)c3c2N)c(C2CC2)n1
PACERGEN00790,Cc1ccc(C2CC2)c(NC(=O)c2sc3nnc(C)c(C)c3c2N)n1
PACERGEN00791,O=C(Nc1cc2ccc(C3CC3)cc2nn1)C1(F)CCCC1
PACERGEN00792,O=C(Nc1ccc2cc(C3CC3)nnc2c1)C1(F)CCCC1
PACERGEN00793,O=C(NC1Cc2ccccc2C1)c1cc2ccc(-c3cncc(F)c3)cc2nn1
PACERGEN00794,O=C(NC1Cc2ccccc2C1)c1ccc2cc(-c3cncc(F)c3)nnc2c1
PACERGEN00795,O=C(Nc1cnn(-c2ccncc2Cl)c1)C1CC1
PACERGEN00796,Cc1c(Cl)nnc2sc(NC(=O)C3CN(C4CC4)C3)c(N)c12
PACERGEN00797,Cc1c(Cl)nnc2sc(-c3ccc4cc(C(=O)NC5CC5)nnc4c3)c(N)c12
PACERGEN00798,Cc1c(Cl)nnc2sc(-c3cc4ccc(C(=O)NC5CC5)cc4nn3)c(N)c12
PACERGEN00799,Cc1nnc2sc(-c3cncc(C(=O)Nc4cncc(F)c4)c3)c(N)c2c1C
PACERGEN00800,Cc1nnc2sc(NC(=O)c3cncc(-c4cncc(F)c4)c3)c(N)c2c1C
PACERGEN00801,Cc1nnc2sc(-c3cncc(NC(=O)c4cncc(F)c4)c3)c(N)c2c1C
PACERGEN00802,Cc1nnc2sc(C(=O)Nc3cncc(-c4cncc(F)c4)c3)c(N)c2c1C
PACERGEN00803,O=C(Nc1cncc(F)c1)C1CN(C2Cc3ccccc3C2)C1
PACERGEN00804,Cc1c(Cl)c2nnc(C)n2c2sc(N3CC(NC4Cc5ccccc5C4)C3)c(N)c12
PACERGEN00805,Clc1cnccc1-c1cncc(N2CC(NC3Cc4ccccc4C3)C2)c1
PACERGEN00806,O=C(NC1Cc2ccccc2C1)c1cc(F)nc(F)c1
PACERGEN00807,O=C(NC1CN(c2ccc(F)c(F)c2)C1)c1cc(F)nc(F)c1
PACERGEN00808,O=C(NC1CN(c2cc(F)nc(F)c2)C1)c1ccc(F)c(F)c1
PACERGEN00809,Cc1c(Cl)c2nnc(C)n2c2sc(NC3CN(C4CN(C5Cc6ccccc6C5)C4)C3)c(N)c12
PACERGEN00810,O=C(Nc1cc(F)nc(F)c1)c1cncc(C2(F)CCCC2)c1
PACERGEN00811,O=C(Nc1cncc(C2(F)CCCC2)c1)c1cc(F)nc(F)c1
PACERGEN00812,O=C(Nc1cncc(F)c1)c1cncc(C2Cc3ccccc3C2)c1
PACERGEN00813,O=C(Nc1cncc(C2Cc3ccccc3C2)c1)c1cncc(F)c1
PACERGEN00814,Cc1ccc(C(=O)NC2CC2)c(-c2sc3c(c(C)c(Cl)c4nncn43)c2N)n1
PACERGEN00815,Cc1c(Cl)c2nnc(C)n2c2sc(-c3cncc(C(=O)NC4CC4)c3)c(N)c12
PACERGEN00816,Cc1ccc(-c2sc3c(c(C)c(Cl)c4nncn43)c2N)c(C(=O)NC2CC2)n1
PACERGEN00817,O=C(Nc1ccc(F)c(F)c1)c1cnn(C2Cc3ccccc3C2)c1
PACERGEN00818,O=C(Nc1cnn(C2Cc3ccccc3C2)c1)c1ccc(F)c(F)c1
PACERGEN00819,Cc1c(Cl)c2nnc(C)n2c2sc(Nc3cnn(C4CN(C5CC5)C4)c3)c(N)c12
PACERGEN00820,O=C(Nc1cc2ccc(-c3cc(F)nc(F)c3)cc2nn1)c1cncc(F)c1
PACERGEN00821,O=C(Nc1ccc2cc(-c3cc(F)nc(F)c3)nnc2c1)c1cncc(F)c1
PACERGEN00822,O=C(Nc1ccc2cc(-c3cncc(F)c3)nnc2c1)c1cc(F)nc(F)c1
PACERGEN00823,O=C(Nc1cc2ccc(-c3cncc(F)c3)cc2nn1)c1cc(F)nc(F)c1
PACERGEN00824,O=C(Nc1cc(F)nc(F)c1)c1ccc2cc(-c3cncc(F)c3)nnc2c1
PACERGEN00825,O=C(Nc1cc(F)nc(F)c1)c1cc2ccc(-c3cncc(F)c3)cc2nn1
PACERGEN00826,O=C(Nc1cncc(F)c1)c1cc2ccc(-c3cc(F)nc(F)c3)cc2nn1
PACERGEN00827,O=C(Nc1cncc(F)c1)c1ccc2cc(-c3cc(F)nc(F)c3)nnc2c1
PACERGEN00828,Cc1c(Cl)nnc2sc(C(=O)Nc3cncc(C4CC4)c3)c(N)c12
PACERGEN00829,Cc1c(Cl)nnc2sc(NC(=O)c3cncc(C4CC4)c3)c(N)c12
PACERGEN00830,COc1ccc(C)nc1C(=O)Nc1sc2c(c(C)c(Cl)c3nnc(C)n32)c1N
PACERGEN00831,COc1ccc(C)nc1NC(=O)c1sc2c(c(C)c(Cl)c3nnc(C)n32)c1N
PACERGEN00832,COc1nc(C)ccc1NC(=O)c1sc2c(c(C)c(Cl)c3nnc(C)n32)c1N
PACERGEN00833,COc1nc(C)ccc1C(=O)Nc1sc2c(c(C)c(Cl)c3nnc(C)n32)c1N
PACERGEN00834,Cc1nnc2sc(NC(=O)C3CC3)c(N)c2c1C
PACERGEN00835,Cc1c(Cl)nnc2sc(C(=O)Nc3ccc(F)c(F)c3)c(N)c12
PACERGEN00836,Cc1c(Cl)nnc2sc(NC(=O)c3ccc(F)c(F)c3)c(N)c12
PACERGEN00837,Cc1c(Cl)c2nnc(C)n2c2sc(C(=O)NC3(F)CCCC3)c(N)c12
PACERGEN00838,O=C(NC1(F)CCCC1)c1cncc(-c2ccncc2Cl)c1
PACERGEN00839,Cc1c(Cl)c2nnc(C)n2c2sc(-n3cc(C(=O)Nc4cncc(F)c4)cn3)c(N)c12
PACERGEN00840,Cc1c(Cl)c2nnc(C)n2c2sc(NC(=O)c3cnn(-c4cncc(F)c4)c3)c(N)c12
PACERGEN00841,Cc1c(Cl)c2nnc(C)n2c2sc(C(=O)Nc3cnn(-c4cncc(F)c4)c3)c(N)c12
PACERGEN00842,Cc1c(Cl)c2nnc(C)n2c2sc(-n3cc(NC(=O)c4cncc(F)c4)cn3)c(N)c12
PACERGEN00843,COC1CN(c2cncc(Nc3sc4c(c(C)c(Cl)c5nnc(C)n54)c3N)c2)C1
PACERGEN00844,Cc1c(Cl)c2nnc(C)n2c2sc(NC3CN(c4cc(F)nc(F)c4)C3)c(N)c12
PACERGEN00845,Cc1c(Cl)nnc2sc(-n3cc(NC(=O)C4Cc5ccccc5C4)cn3)c(N)c12
PACERGEN00846,O=C(Nc1cncc(-c2cc(F)nc(F)c2)c1)C1Cc2ccccc2C1
PACERGEN00847,Fc1cncc(-c2cc3ccc(N4CC(NC5Cc6ccccc6C5)C4)cc3nn2)c1
PACERGEN00848,Fc1cncc(-c2ccc3cc(N4CC(NC5Cc6ccccc6C5)C4)nnc3c2)c1
PACERGEN00849,Cc1c(Cl)c2nnc(C)n2c2sc(NC3CN(C(=O)c4ccncc4Cl)C3)c(N)c12
PACERGEN00850,Cc1c(Cl)c2nncn2c2sc(NC(=O)c3ccncc3Cl)c(N)c12
PACERGEN00851,Cc1c(Cl)c2nncn2c2sc(C(=O)Nc3ccncc3Cl)c(N)c12
PACERGEN00852,O=C(NC(=O)c1ccc(F)c(F)c1)c1cc(F)nc(F)c1
PACERGEN00853,Cc1cc2nncn2c2sc(-c3ccc4cc(NC(=O)C5CC5)nnc4c3)c(N)c12
PACERGEN00854,Cc1cc2nncn2c2sc(-c3cc4ccc(NC(=O)C5CC5)cc4nn3)c(N)c12
PACERGEN00855,Cc1cc2nncn2c2sc(-c3cncc(C(=O)NC4Cc5ccccc5C4)c3)c(N)c12
PACERGEN00856,Cc1c(Cl)c2nncn2c2sc(N3CC(C(=O)NC4CC4)C3)c(N)c12
PACERGEN00857,Cc1c(Cl)c2nncn2c2sc(N3CC(NC(=O)C4CC4)C3)c(N)c12
PACERGEN00858,COc1cc(NC(=O)c2sc3c(c(C)c(Cl)c4nncn43)c2N)ncc1Cl
PACERGEN00859,COc1cc(C(=O)Nc2sc3c(c(C)c(Cl)c4nncn43)c2N)ncc1Cl
PACERGEN00860,COc1cc(C(=O)Nc2sc3c(c(C)c(Cl)c4nncn43)c2N)c(Cl)cn1
PACERGEN00861,COc1cc(NC(=O)c2sc3c(c(C)c(Cl)c4nncn43)c2N)c(Cl)cn1
PACERGEN00862,Cc1ccc(C(=O)Nc2ccc(F)c(F)c2)c(C2CC2)n1
PACERGEN00863,Cc1ccc(NC(=O)c2ccc(F)c(F)c2)c(C2CC2)n1
PACERGEN00864,Cc1ccc(C2CC2)c(C(=O)Nc2ccc(F)c(F)c2)n1
PACERGEN00865,Cc1ccc(C2CC2)c(NC(=O)c2ccc(F)c(F)c2)n1
PACERGEN00866,O=C(Nc1cc(-c2ccncc2Cl)ncc1Cl)C1CC1
PACERGEN00867,O=C(Nc1cc(-c2ccncc2Cl)c(Cl)cn1)C1CC1
PACERGEN00868,O=C(NC1(F)CCCC1)c1cc2ccc(-c3cncc(F)c3)cc2nn1
PACERGEN00869,O=C(NC1(F)CCCC1)c1ccc2cc(-c3cncc(F)c3)nnc2c1
PACERGEN00870,O=C(Nc1cncc(F)c1)c1cnn(-c2cncc(F)c2)c1
PACERGEN00871,O=C(Nc1cnn(-c2cncc(F)c2)c1)c1cncc(F)c1
PACERGEN00872,O=C(Nc1ccncc1Cl)c1cc2ccc(C3CC3)cc2nn1
PACERGEN00873,O=C(Nc1ccncc1Cl)c1ccc2cc(C3CC3)nnc2c1
PACERGEN00874,O=C(Nc1cc2ccc(C3CC3)cc2nn1)c1ccncc1Cl
PACERGEN00875,O=C(Nc1ccc2cc(C3CC3)nnc2c1)c1ccncc1Cl
PACERGEN00876,COc1ccc(C)nc1N1CC(Nc2sc3c(c(C)c(Cl)c4nnc(C)n43)c2N)C1
PACERGEN00877,COc1nc(C)ccc1N1CC(Nc2sc3c(c(C)c(Cl)c4nnc(C)n43)c2N)C1
PACERGEN00878,Cc1ccc(-c2cncc(F)c2)c(NC(=O)C2(F)CCCC2)n1
PACERGEN00879,Cc1ccc(NC(=O)C2(F)CCCC2)c(-c2cncc(F)c2)n1
PACERGEN00880,O=C(Nc1cncc(F)c1)c1cncc(-c2ccc(F)c(F)c2)c1
PACERGEN00881,O=C(Nc1cncc(-c2cncc(F)c2)c1)c1ccc(F)c(F)c1
PACERGEN00882,O=C(Nc1cncc(-c2ccc(F)c(F)c2)c1)c1cncc(F)c1
PACERGEN00883,O=C(Nc1ccc(F)c(F)c1)c1cncc(-c2cncc(F)c2)c1
PACERGEN00884,Cc1c(Cl)nnc2sc(NC3Cc4ccccc4C3)c(N)c12
PACERGEN00885,COc1nc(C)ccc1C(=O)Nc1cncc(F)c1
PACERGEN00886,COc1ccc(C)nc1NC(=O)c1cncc(F)c1
PACERGEN00887,COc1ccc(C)nc1C(=O)Nc1cncc(F)c1
PACERGEN00888,COc1nc(C)ccc1NC(=O)c1cncc(F)c1
PACERGEN00889,Cc1c(Cl)c2nnc(C)n2c2sc(NC3CN(C4CN(C5(F)CCCC5)C4)C3)c(N)c12
PACERGEN00890,Cc1cc2nncn2c2sc(NC(=O)C3CC3)c(N)c12
PACERGEN00891,Cc1c(Cl)c2nnc(C)n2c2sc(NC3CN(c4cnn(-c5cncc(F)c5)c4)C3)c(N)c12
PACERGEN00892,Cc1nnc2sc(C(=O)NC3CN(c4cc(F)nc(F)c4)C3)c(N)c2c1C
PACERGEN00893,Cc1nnc2sc(N3CC(NC(=O)c4cc(F)nc(F)c4)C3)c(N)c2c1C
PACERGEN00894,Cc1cc2nncn2c2sc(-c3cncc(C(=O)Nc4cc(F)nc(F)c4)c3)c(N)c12
PACERGEN00895,Cc1cc2nncn2c2sc(-c3cncc(NC(=O)c4cc(F)nc(F)c4)c3)c(N)c12
PACERGEN00896,Cc1cc2nncn2c2sc(NC(=O)c3cncc(-c4cc(F)nc(F)c4)c3)c(N)c12
PACERGEN00897,Cc1cc2nncn2c2sc(C(=O)Nc3cncc(-c4cc(F)nc(F)c4)c3)c(N)c12
PACERGEN00898,O=C(NC1CC1)c1cncc(-c2cncc(F)c2)c1
PACERGEN00899,Cc1c(Cl)c2nnc(C)n2c2sc(NC3CN(C4CN(c5ccncc5Cl)C4)C3)c(N)c12
PACERGEN00900,O=C(NC1Cc2ccccc2C1)c1cc(-c2cncc(F)c2)c(Cl)cn1
PACERGEN00901,O=C(NC1Cc2ccccc2C1)c1cc(-c2cncc(F)c2)ncc1Cl
PACERGEN00902,Cc1c(Cl)c2nnc(C)n2c2sc(NC3CN(C(=O)C4Cc5ccccc5C4)C3)c(N)c12
PACERGEN00903,Cc1c(Cl)c2nnc(C)n2c2sc(NC(=O)C3CN(C4Cc5ccccc5C4)C3)c(N)c12
PACERGEN00904,Cc1c(Cl)c2nncn2c2sc(NC(=O)C3CN(c4ccc(F)c(F)c4)C3)c(N)c12
PACERGEN00905,Cc1c(Cl)c2nncn2c2sc(N3CC(C(=O)Nc4ccc(F)c(F)c4)C3)c(N)c12
PACERGEN00906,Cc1c(Cl)c2nncn2c2sc(NC(=O)C3Cc4ccccc4C3)c(N)c12
PACERGEN00907,Cc1cc2nncn2c2sc(-c3cncc(N4CC(NC5Cc6ccccc6C5)C4)c3)c(N)c12
PACERGEN00908,Cc1c(Cl)nnc2sc(-c3cc(C(=O)NC4CC4)ncc3Cl)c(N)c12
PACERGEN00909,Cc1c(Cl)nnc2sc(-c3cc(C(=O)NC4CC4)c(Cl)cn3)c(N)c12
PACERGEN00910,Cc1c(Cl)c2nncn2c2sc(C(=O)NC(=O)C3CC3)c(N)c12
PACERGEN00911,Cc1nnc2sc(-c3cc4ccc(NC(=O)C5CC5)cc4nn3)c(N)c2c1C
PACERGEN00912,Cc1nnc2sc(-c3ccc4cc(NC(=O)C5CC5)nnc4c3)c(N)c2c1C
PACERGEN00913,Cc1nnc2sc(-c3cncc(C(=O)NC4Cc5ccccc5C4)c3)c(N)c2c1C
PACERGEN00914,O=C(Nc1cc(F)nc(F)c1)c1cncc(F)c1
PACERGEN00915,O=C(Nc1cncc(F)c1)c1cc(F)nc(F)c1
PACERGEN00916,O=C(Nc1cnn(C2CC2)c1)c1cc(F)nc(F)c1
PACERGEN00917,O=C(Nc1cc(F)nc(F)c1)c1cnn(C2CC2)c1
PACERGEN00918,Cc1c(Cl)nnc2sc(NC(=O)C3CN(c4sc5nnc(Cl)c(C)c5c4N)C3)c(N)c12
PACERGEN00919,O=C(Nc1cc2ccc(C3Cc4ccccc4C3)cc2nn1)C1CC1
PACERGEN00920,O=C(Nc1ccc2cc(C3Cc4ccccc4C3)nnc2c1)C1CC1
PACERGEN00921,O=C(Nc1cc2ccc(C3CC3)cc2nn1)C1Cc2ccccc2C1
PACERGEN00922,O=C(Nc1ccc2cc(C3CC3)nnc2c1)C1Cc2ccccc2C1
PACERGEN00923,O=C(NC1Cc2ccccc2C1)c1cncc(C2Cc3ccccc3C2)c1
PACERGEN00924,O=C(Nc1cc(F)nc(F)c1)c1cc(-c2cncc(F)c2)c(Cl)cn1
PACERGEN00925,O=C(Nc1cc(-c2cc(F)nc(F)c2)c(Cl)cn1)c1cncc(F)c1
PACERGEN00926,O=C(Nc1cncc(F)c1)c1cc(-c2cc(F)nc(F)c2)c(Cl)cn1
PACERGEN00927,O=C(Nc1cncc(F)c1)c1cc(-c2cc(F)nc(F)c2)ncc1Cl
PACERGEN00928,O=C(Nc1cc(-c2cncc(F)c2)c(Cl)cn1)c1cc(F)nc(F)c1
PACERGEN00929,O=C(Nc1cc(F)nc(F)c1)c1cc(-c2cncc(F)c2)ncc1Cl
PACERGEN00930,O=C(Nc1cc(-c2cc(F)nc(F)c2)ncc1Cl)c1cncc(F)c1
PACERGEN00931,O=C(Nc1cc(-c2cncc(F)c2)ncc1Cl)c1cc(F)nc(F)c1
PACERGEN00932,Cc1cc2nncn2c2sc(-c3cncc(C(=O)NC4(F)CCCC4)c3)c(N)c12
PACERGEN00933,Cc1nnc2sc(C(=O)NC(=O)c3cc(F)nc(F)c3)c(N)c2c1C
PACERGEN00934,O=C(NC1Cc2ccccc2C1)c1cc2ccc(-c3cc(F)nc(F)c3)cc2nn1
PACERGEN00935,O=C(NC1Cc2ccccc2C1)c1ccc2cc(-c3cc(F)nc(F)c3)nnc2c1
PACERGEN00936,Cc1c(Cl)nnc2sc(C(=O)NC3CC3)c(N)c12
PACERGEN00937,Cc1cc2nncn2c2sc(C(=O)NC3CN(c4cc(F)nc(F)c4)C3)c(N)c12
PACERGEN00938,Cc1cc2nncn2c2sc(N3CC(NC(=O)c4cc(F)nc(F)c4)C3)c(N)c12
PACERGEN00939,Cc1nnc2sc(C(=O)Nc3cncc(-c4cc(F)nc(F)c4)c3)c(N)c2c1C
PACERGEN00940,Cc1nnc2sc(NC(=O)c3cncc(-c4cc(F)nc(F)c4)c3)c(N)c2c1C
PACERGEN00941,Cc1nnc2sc(-c3cncc(C(=O)Nc4cc(F)nc(F)c4)c3)c(N)c2c1C
PACERGEN00942,Cc1nnc2sc(-c3cncc(NC(=O)c4cc(F)nc(F)c4)c3)c(N)c2c1C
PACERGEN00943,Cc1c(Cl)c2nnc(C)n2c2sc(-n3cc(C(=O)NC4Cc5ccccc5C4)cn3)c(N)c12
PACERGEN00944,Cc1c(Cl)nnc2sc(C(=O)Nc3cnn(C4(F)CCCC4)c3)c(N)c12
PACERGEN00945,Cc1c(Cl)nnc2sc(NC(=O)c3cnn(C4(F)CCCC4)c3)c(N)c12
PACERGEN00946,Fc1cncc(-c2cc(N3CC(NC4Cc5ccccc5C4)C3)ncc2Cl)c1
PACERGEN00947,Fc1cncc(-c2cc(N3CC(NC4Cc5ccccc5C4)C3)c(Cl)cn2)c1
PACERGEN00948,O=C(NC1Cc2ccccc2C1)c1cncc(F)c1
PACERGEN00949,O=C(NC1CN(c2cncc(F)c2)C1)c1ccc(F)c(F)c1
PACERGEN00950,O=C(NC1CN(c2ccc(F)c(F)c2)C1)c1cncc(F)c1
PACERGEN00951,O=C(NC1CC1)c1cnn(C2Cc3ccccc3C2)c1
PACERGEN00952,O=C(NC1Cc2ccccc2C1)c1cnn(C2CC2)c1
PACERGEN00953,O=C(Nc1cncc(C2Cc3ccccc3C2)c1)c1cc(F)nc(F)c1
PACERGEN00954,O=C(Nc1cc(F)nc(F)c1)c1cncc(C2Cc3ccccc3C2)c1
PACERGEN00955,Cc1ccc(-c2cncc(F)c2)c(C(=O)Nc2ccncc2Cl)n1
PACERGEN00956,Cc1ccc(NC(=O)c2cncc(F)c2)c(-c2ccncc2Cl)n1
PACERGEN00957,Cc1ccc(C(=O)Nc2cncc(F)c2)c(-c2ccncc2Cl)n1
PACERGEN00958,Cc1ccc(-c2cncc(F)c2)c(NC(=O)c2ccncc2Cl)n1
PACERGEN00959,Cc1ccc(-c2ccncc2Cl)c(C(=O)Nc2cncc(F)c2)n1
PACERGEN00960,Cc1ccc(-c2ccncc2Cl)c(NC(=O)c2cncc(F)c2)n1
PACERGEN00961,Cc1ccc(NC(=O)c2ccncc2Cl)c(-c2cncc(F)c2)n1
PACERGEN00962,Cc1ccc(C(=O)Nc2ccncc2Cl)c(-c2cncc(F)c2)n1
PACERGEN00963,O=C(Nc1cc(F)nc(F)c1)C1CN(c2cc(F)nc(F)c2)C1
PACERGEN00964,Cc1c(Cl)c2nncn2c2sc(-n3cc(NC(=O)C4(F)CCCC4)cn3)c(N)c12
PACERGEN00965,O=C(Nc1ccc2cc(-c3cc(F)nc(F)c3)nnc2c1)c1cc(F)nc(F)c1
PACERGEN00966,O=C(Nc1cc(F)nc(F)c1)c1cc2ccc(-c3cc(F)nc(F)c3)cc2nn1
PACERGEN00967,O=C(Nc1cc(F)nc(F)c1)c1ccc2cc(-c3cc(F)nc(F)c3)nnc2c1
PACERGEN00968,O=C(Nc1cc2ccc(-c3cc(F)nc(F)c3)cc2nn1)c1cc(F)nc(F)c1
PACERGEN00969,Cc1nnc2sc(-c3cncc(N4CC(NC5Cc6ccccc6C5)C4)c3)c(N)c2c1C
PACERGEN00970,Cc1cc2nncn2c2sc(-c3cc(NC(=O)C4CC4)ncc3Cl)c(N)c12
PACERGEN00971,Cc1cc2nncn2c2sc(-c3cc(NC(=O)C4CC4)c(Cl)cn3)c(N)c12
PACERGEN00972,Cc1c(Cl)c2nncn2c2sc(-c3cncc(NC(=O)C4CC4)c3)c(N)c12
PACERGEN00973,O=C(NC1(F)CCCC1)c1cc(-c2cncc(F)c2)ncc1Cl
PACERGEN00974,O=C(NC1(F)CCCC1)c1cc(-c2cncc(F)c2)c(Cl)cn1
PACERGEN00975,Cc1c(Cl)c2nnc(C)n2c2sc(NC(=O)C3CN(C4(F)CCCC4)C3)c(N)c12
PACERGEN00976,Cc1cc2nncn2c2sc(NC(=O)c3cc4ccc(C5CC5)cc4nn3)c(N)c12
PACERGEN00977,Cc1cc2nncn2c2sc(C(=O)Nc3ccc4cc(C5CC5)nnc4c3)c(N)c12
PACERGEN00978,Cc1cc2nncn2c2sc(NC(=O)c3ccc4cc(C5CC5)nnc4c3)c(N)c12
PACERGEN00979,Cc1cc2nncn2c2sc(C(=O)Nc3cc4ccc(C5CC5)cc4nn3)c(N)c12
PACERGEN00980,Cc1c(Cl)c2nnc(C)n2c2sc(NC(=O)c3cnn(-c4cc(F)nc(F)c4)c3)c(N)c12
PACERGEN00981,Cc1c(Cl)c2nnc(C)n2c2sc(-n3cc(NC(=O)c4cc(F)nc(F)c4)cn3)c(N)c12
PACERGEN00982,Cc1c(Cl)c2nnc(C)n2c2sc(C(=O)Nc3cnn(-c4cc(F)nc(F)c4)c3)c(N)c12
PACERGEN00983,Cc1c(Cl)c2nnc(C)n2c2sc(-n3cc(C(=O)Nc4cc(F)nc(F)c4)cn3)c(N)c12
PACERGEN00984,O=C(Nc1ccncc1Cl)c1cc(C2CC2)ncc1Cl
PACERGEN00985,O=C(Nc1cc(C2CC2)ncc1Cl)c1ccncc1Cl
PACERGEN00986,O=C(Nc1cc(C2CC2)c(Cl)cn1)c1ccncc1Cl
PACERGEN00987,O=C(Nc1ccncc1Cl)c1cc(C2CC2)c(Cl)cn1
PACERGEN00988,Cc1ccc(NC(=O)c2cncc(F)c2)c(C2(F)CCCC2)n1
PACERGEN00989,Cc1ccc(C(=O)Nc2cncc(F)c2)c(C2(F)CCCC2)n1
PACERGEN00990,Cc1ccc(C2(F)CCCC2)c(NC(=O)c2cncc(F)c2)n1
PACERGEN00991,Cc1ccc(C2(F)CCCC2)c(C(=O)Nc2cncc(F)c2)n1
PACERGEN00992,Fc1cc(-c2ccc3cc(N4CC(NC5Cc6ccccc6C5)C4)nnc3c2)cc(F)n1
PACERGEN00993,Fc1cc(-c2cc3ccc(N4CC(NC5Cc6ccccc6C5)C4)cc3nn2)cc(F)n1
PACERGEN00994,Cc1c(Cl)c2nnc(C)n2c2sc(NC(=O)C3CN(c4ccncc4Cl)C3)c(N)c12
PACERGEN00995,Cc1c(Cl)c2nnc(C)n2c2sc(N3CC(C(=O)Nc4ccncc4Cl)C3)c(N)c12
PACERGEN00996,O=C(NC1CN(c2cc(F)nc(F)c2)C1)C1Cc2ccccc2C1
PACERGEN00997,O=C(NC1Cc2ccccc2C1)C1CN(c2cc(F)nc(F)c2)C1
PACERGEN00998,Cc1nnc2sc(-c3cncc(C(=O)NC4(F)CCCC4)c3)c(N)c2c1C
PACERGEN00999,Cc1cc2nncn2c2sc(C(=O)NC(=O)c3cc(F)nc(F)c3)c(N)c12
PACERGEN01000,O=C(Nc1cc2ccc(-c3ccc(F)c(F)c3)cc2nn1)C1CC1
PACERGEN01001,O=C(Nc1ccc2cc(-c3ccc(F)c(F)c3)nnc2c1)C1CC1
PACERGEN01002,O=C(NC1Cc2ccccc2C1)c1cncc(-c2ccc(F)c(F)c2)c1
PACERGEN01003,Cc1c(Cl)c2nnc(C)n2c2sc(-n3cc(N4CC(NC5Cc6ccccc6C5)C4)cn3)c(N)c12
PACERGEN01004,O=C(NC(=O)c1ccc(F)c(F)c1)c1cncc(F)c1
PACERGEN01005,O=C(NC1(F)CCCC1)c1cncc(C2Cc3ccccc3C2)c1
PACERGEN01006,Cc1c(Cl)c2nncn2c2sc(C(=O)NC3CN(C4CC4)C3)c(N)c12
PACERGEN01007,O=C(NC1(F)CCCC1)c1ccc2cc(-c3cc(F)nc(F)c3)nnc2c1
PACERGEN01008,O=C(NC1(F)CCCC1)c1cc2ccc(-c3cc(F)nc(F)c3)cc2nn1
PACERGEN01009,COc1cncc(Nc2sc3c(c(C)c(Cl)c4nnc(C)n43)c2N)c1
PACERGEN01010,Cc1nnc2sc(C(=O)Nc3sc4c(c(C)c(Cl)c5nncn54)c3N)c(N)c2c1C
PACERGEN01011,Cc1nnc2sc(NC(=O)c3sc4c(c(C)c(Cl)c5nncn54)c3N)c(N)c2c1C
PACERGEN01012,Cc1ccc(-c2cncc(F)c2)c(NC(=O)C2Cc3ccccc3C2)n1
PACERGEN01013,Cc1ccc(NC(=O)C2Cc3ccccc3C2)c(-c2cncc(F)c2)n1
PACERGEN01014,Cc1ccc(-c2cc(F)nc(F)c2)c(NC(=O)C2(F)CCCC2)n1
PACERGEN01015,Cc1ccc(NC(=O)C2(F)CCCC2)c(-c2cc(F)nc(F)c2)n1
PACERGEN01016,Cc1c(Cl)nnc2sc(-n3cc(C(=O)Nc4ccc(F)c(F)c4)cn3)c(N)c12
PACERGEN01017,Cc1c(Cl)nnc2sc(C(=O)Nc3cnn(-c4ccc(F)c(F)c4)c3)c(N)c12
PACERGEN01018,Cc1c(Cl)nnc2sc(NC(=O)c3cnn(-c4ccc(F)c(F)c4)c3)c(N)c12
PACERGEN01019,Cc1c(Cl)nnc2sc(-n3cc(NC(=O)c4ccc(F)c(F)c4)cn3)c(N)c12
PACERGEN01020,Cc1c(Cl)c2nnc(C)n2c2sc(-n3cc(C(=O)NC4(F)CCCC4)cn3)c(N)c12
PACERGEN01021,O=C(Nc1cc(F)nc(F)c1)c1cncc(-c2ccc(F)c(F)c2)c1
PACERGEN01022,O=C(Nc1cncc(-c2ccc(F)c(F)c2)c1)c1cc(F)nc(F)c1
PACERGEN01023,O=C(Nc1cncc(-c2cc(F)nc(F)c2)c1)c1ccc(F)c(F)c1
PACERGEN01024,O=C(Nc1ccc(F)c(F)c1)c1cncc(-c2cc(F)nc(F)c2)c1
PACERGEN01025,Cc1ccc(NC(=O)C2CC2)c(-c2sc3nnc(Cl)c(C)c3c2N)n1
PACERGEN01026,Cc1ccc(-c2sc3nnc(Cl)c(C)c3c2N)c(NC(=O)C2CC2)n1
PACERGEN01027,Cc1nnc2sc(-c3cc(NC(=O)C4CC4)c(Cl)cn3)c(N)c2c1C
PACERGEN01028,Cc1nnc2sc(-c3cc(NC(=O)C4CC4)ncc3Cl)c(N)c2c1C
PACERGEN01029,Cc1c(Cl)c2nnc(C)n2c2sc(NC3CN(c4cnn(-c5cc(F)nc(F)c5)c4)C3)c(N)c12
PACERGEN01030,Cc1nnc2sc(C(=O)NC3CN(c4cncc(F)c4)C3)c(N)c2c1C
PACERGEN01031,Cc1nnc2sc(N3CC(NC(=O)c4cncc(F)c4)C3)c(N)c2c1C
PACERGEN01032,O=C(NC1CC1)c1cnn(-c2ccc(F)c(F)c2)c1
PACERGEN01033,Cc1nnc2sc(C(=O)Nc3cc4ccc(C5CC5)cc4nn3)c(N)c2c1C
PACERGEN01034,Cc1nnc2sc(NC(=O)c3cc4ccc(C5CC5)cc4nn3)c(N)c2c1C
PACERGEN01035,Cc1nnc2sc(NC(=O)c3ccc4cc(C5CC5)nnc4c3)c(N)c2c1C
PACERGEN01036,Cc1nnc2sc(C(=O)Nc3ccc4cc(C5CC5)nnc4c3)c(N)c2c1C
PACERGEN01037,O=C(Nc1cc(C2CC2)c(Cl)cn1)C1Cc2ccccc2C1
PACERGEN01038,O=C(Nc1cc(C2Cc3ccccc3C2)ncc1Cl)C1CC1
PACERGEN01039,O=C(Nc1cc(C2Cc3ccccc3C2)c(Cl)cn1)C1CC1
PACERGEN01040,O=C(Nc1cc(C2CC2)ncc1Cl)C1Cc2ccccc2C1
PACERGEN01041,O=C(NC(=O)C1Cc2ccccc2C1)c1cc(F)nc(F)c1
PACERGEN01042,O=C(NC1Cc2ccccc2C1)c1cc(-c2cc(F)nc(F)c2)c(Cl)cn1
PACERGEN01043,O=C(NC1Cc2ccccc2C1)c1cc(-c2cc(F)nc(F)c2)ncc1Cl
PACERGEN01044,O=C(NC1CN(c2ccncc2Cl)C1)c1cc(F)nc(F)c1
PACERGEN01045,O=C(NC1CN(c2cc(F)nc(F)c2)C1)c1ccncc1Cl
PACERGEN01046,Cc1c(Cl)c2nncn2c2sc(NC(=O)c3cnn(-c4ccncc4Cl)c3)c(N)c12
PACERGEN01047,Cc1c(Cl)c2nncn2c2sc(C(=O)Nc3cnn(-c4ccncc4Cl)c3)c(N)c12
PACERGEN01048,Cc1c(Cl)c2nncn2c2sc(-n3cc(C(=O)Nc4ccncc4Cl)cn3)c(N)c12
PACERGEN01049,Cc1c(Cl)c2nncn2c2sc(-n3cc(NC(=O)c4ccncc4Cl)cn3)c(N)c12
PACERGEN01050,COc1cncc(C(=O)Nc2cc(F)nc(F)c2)c1
PACERGEN01051,COc1cncc(NC(=O)c2cc(F)nc(F)c2)c1
PACERGEN01052,Cc1c(Cl)c2nncn2c2sc(-c3ccc4cc(C(=O)NC5CC5)nnc4c3)c(N)c12
PACERGEN01053,Cc1c(Cl)c2nncn2c2sc(-c3cc4ccc(C(=O)NC5CC5)cc4nn3)c(N)c12
PACERGEN01054,Cc1ccc(C(=O)Nc2sc3c(c(C)cc4nncn43)c2N)c(-c2cncc(F)c2)n1
PACERGEN01055,Cc1ccc(NC(=O)c2sc3c(c(C)cc4nncn43)c2N)c(-c2cncc(F)c2)n1
PACERGEN01056,Cc1ccc(-c2sc3c(c(C)cc4nncn43)c2N)c(C(=O)Nc2cncc(F)c2)n1
PACERGEN01057,Cc1ccc(-c2cncc(F)c2)c(NC(=O)c2sc3c(c(C)cc4nncn43)c2N)n1
PACERGEN01058,Cc1ccc(NC(=O)c2cncc(F)c2)c(-c2sc3c(c(C)cc4nncn43)c2N)n1
PACERGEN01059,Cc1ccc(-c2cncc(F)c2)c(C(=O)Nc2sc3c(c(C)cc4nncn43)c2N)n1
PACERGEN01060,Cc1ccc(C(=O)Nc2cncc(F)c2)c(-c2sc3c(c(C)cc4nncn43)c2N)n1
PACERGEN01061,Cc1ccc(-c2sc3c(c(C)cc4nncn43)c2N)c(NC(=O)c2cncc(F)c2)n1
PACERGEN01062,O=C(NC1(F)CCCC1)c1cncc(-c2ccc(F)c(F)c2)c1
PACERGEN01063,COc1cc2ccc(C(=O)Nc3sc4c(c(C)c(Cl)c5nnc(C)n54)c3N)cc2nn1
PACERGEN01064,COc1cc2ccc(NC(=O)c3sc4c(c(C)c(Cl)c5nnc(C)n54)c3N)cc2nn1
PACERGEN01065,COc1ccc2cc(NC(=O)c3sc4c(c(C)c(Cl)c5nnc(C)n54)c3N)nnc2c1
PACERGEN01066,COc1ccc2cc(C(=O)Nc3sc4c(c(C)c(Cl)c5nnc(C)n54)c3N)nnc2c1
PACERGEN01067,O=C(Nc1cc(-c2cc(F)nc(F)c2)c(Cl)cn1)c1cc(F)nc(F)c1
PACERGEN01068,O=C(Nc1cc(F)nc(F)c1)c1cc(-c2cc(F)nc(F)c2)c(Cl)cn1
PACERGEN01069,O=C(Nc1cc(-c2cc(F)nc(F)c2)ncc1Cl)c1cc(F)nc(F)c1
PACERGEN01070,O=C(Nc1cc(F)nc(F)c1)c1cc(-c2cc(F)nc(F)c2)ncc1Cl
PACERGEN01071,Cc1ccc(C(=O)NC2Cc3ccccc3C2)c(-c2ccncc2Cl)n1
PACERGEN01072,Cc1ccc(-c2ccncc2Cl)c(C(=O)NC2Cc3ccccc3C2)n1
PACERGEN01073,Cc1nnc2sc(C(=O)NC(=O)c3cncc(F)c3)c(N)c2c1C
PACERGEN01074,Cc1c(Cl)c2nnc(C)n2c2sc(NC3CN(C(=O)c4ccc(F)c(F)c4)C3)c(N)c12
PACERGEN01075,COc1cncc(C(=O)NC2Cc3ccccc3C2)c1
PACERGEN01076,Cc1cc2nncn2c2sc(C(=O)NC3CN(c4cncc(F)c4)C3)c(N)c12
PACERGEN01077,Cc1cc2nncn2c2sc(N3CC(NC(=O)c4cncc(F)c4)C3)c(N)c12
PACERGEN01078,Cc1cc2nncn2c2sc(NC(=O)c3cc(C4CC4)c(Cl)cn3)c(N)c12
PACERGEN01079,Cc1cc2nncn2c2sc(C(=O)Nc3cc(C4CC4)c(Cl)cn3)c(N)c12
PACERGEN01080,Cc1c(Cl)c2nncn2c2sc(C(=O)Nc3cncc(C4CC4)c3)c(N)c12
PACERGEN01081,Cc1c(Cl)c2nncn2c2sc(NC(=O)c3cncc(C4CC4)c3)c(N)c12
PACERGEN01082,Cc1cc2nncn2c2sc(NC(=O)c3cc(C4CC4)ncc3Cl)c(N)c12
PACERGEN01083,Cc1cc2nncn2c2sc(C(=O)Nc3cc(C4CC4)ncc3Cl)c(N)c12
PACERGEN01084,Cc1c(Cl)c2nnc(C)n2c2sc(NC(=O)C3(F)CCCC3)c(N)c12
PACERGEN01085,O=C(Nc1cncc(-c2ccncc2Cl)c1)C1(F)CCCC1
PACERGEN01086,Cc1c(Cl)c2nncn2c2sc(C(=O)Nc3ccc(F)c(F)c3)c(N)c12
PACERGEN01087,Cc1c(Cl)c2nncn2c2sc(NC(=O)c3ccc(F)c(F)c3)c(N)c12
PACERGEN01088,Fc1cc(-c2cc(N3CC(NC4Cc5ccccc5C4)C3)ncc2Cl)cc(F)n1
PACERGEN01089,Fc1cc(-c2cc(N3CC(NC4Cc5ccccc5C4)C3)c(Cl)cn2)cc(F)n1
PACERGEN01090,O=C(NC(=O)c1ccncc1Cl)c1cc(F)nc(F)c1
PACERGEN01091,Cc1c(Cl)nnc2sc(NC(=O)c3cnn(C4Cc5ccccc5C4)c3)c(N)c12
PACERGEN01092,Cc1c(Cl)nnc2sc(C(=O)Nc3cnn(C4Cc5ccccc5C4)c3)c(N)c12
PACERGEN01093,Cc1ccc(C(=O)NC2Cc3ccccc3C2)c(C2(F)CCCC2)n1
PACERGEN01094,Cc1ccc(C2(F)CCCC2)c(C(=O)NC2Cc3ccccc3C2)n1
PACERGEN01095,Cc1c(Cl)c2nncn2c2sc(-n3cc(NC(=O)C4Cc5ccccc5C4)cn3)c(N)c12
PACERGEN01096,O=C(Nc1cc(-c2ccc(F)c(F)c2)c(Cl)cn1)C1CC1
PACERGEN01097,O=C(Nc1cc(-c2ccc(F)c(F)c2)ncc1Cl)C1CC1
PACERGEN01098,COC(=O)c1ccc(C)nc1Nc1sc2c(c(C)c(Cl)c3nnc(C)n32)c1N
PACERGEN01099,COC(=O)c1nc(C)ccc1Nc1sc2c(c(C)c(Cl)c3nnc(C)n32)c1N
PACERGEN01100,Cc1ccc(-c2cc(F)nc(F)c2)c(C(=O)Nc2ccncc2Cl)n1
PACERGEN01101,Cc1ccc(NC(=O)c2cc(F)nc(F)c2)c(-c2ccncc2Cl)n1
PACERGEN01102,Cc1ccc(-c2ccncc2Cl)c(C(=O)Nc2cc(F)nc(F)c2)n1
PACERGEN01103,Cc1ccc(-c2ccncc2Cl)c(NC(=O)c2cc(F)nc(F)c2)n1
PACERGEN01104,Cc1ccc(C(=O)Nc2cc(F)nc(F)c2)c(-c2ccncc2Cl)n1
PACERGEN01105,Cc1ccc(NC(=O)c2ccncc2Cl)c(-c2cc(F)nc(F)c2)n1
PACERGEN01106,Cc1ccc(-c2cc(F)nc(F)c2)c(NC(=O)c2ccncc2Cl)n1
PACERGEN01107,Cc1ccc(C(=O)Nc2ccncc2Cl)c(-c2cc(F)nc(F)c2)n1
PACERGEN01108,O=C(Nc1cncc(F)c1)C1CN(c2cc(F)nc(F)c2)C1
PACERGEN01109,O=C(Nc1cc(F)nc(F)c1)C1CN(c2cncc(F)c2)C1
PACERGEN01110,Cc1nnc2sc(-n3cc(C(=O)NC4CC4)cn3)c(N)c2c1C
PACERGEN01111,Cc1c(Cl)nnc2sc(NC(=O)c3sc4nnc(Cl)c(C)c4c3N)c(N)c12
PACERGEN01112,O=C(Nc1ccc(F)c(F)c1)c1cc2ccc(C3CC3)cc2nn1
PACERGEN01113,O=C(Nc1ccc(F)c(F)c1)c1ccc2cc(C3CC3)nnc2c1
PACERGEN01114,O=C(Nc1cc2ccc(C3CC3)cc2nn1)c1ccc(F)c(F)c1
PACERGEN01115,O=C(Nc1ccc2cc(C3CC3)nnc2c1)c1ccc(F)c(F)c1
PACERGEN01116,O=C(NC1(F)CCCC1)c1cc(-c2cc(F)nc(F)c2)c(Cl)cn1
PACERGEN01117,O=C(NC1(F)CCCC1)c1cc(-c2cc(F)nc(F)c2)ncc1Cl
PACERGEN01118,Cc1ccc(-c2sc3nnc(C)c(C)c3c2N)c(C(=O)Nc2cncc(F)c2)n1
PACERGEN01119,Cc1ccc(C(=O)Nc2sc3nnc(C)c(C)c3c2N)c(-c2cncc(F)c2)n1
PACERGEN01120,Cc1ccc(NC(=O)c2sc3nnc(C)c(C)c3c2N)c(-c2cncc(F)c2)n1
PACERGEN01121,Cc1ccc(-c2cncc(F)c2)c(C(=O)Nc2sc3nnc(C)c(C)c3c2N)n1
PACERGEN01122,Cc1ccc(C(=O)Nc2cncc(F)c2)c(-c2sc3nnc(C)c(C)c3c2N)n1
PACERGEN01123,Cc1ccc(NC(=O)c2cncc(F)c2)c(-c2sc3nnc(C)c(C)c3c2N)n1
PACERGEN01124,Cc1ccc(-c2cncc(F)c2)c(NC(=O)c2sc3nnc(C)c(C)c3c2N)n1
PACERGEN01125,Cc1ccc(-c2sc3nnc(C)c(C)c3c2N)c(NC(=O)c2cncc(F)c2)n1
PACERGEN01126,COc1ccc2cc(N3CC(Nc4sc5c(c(C)c(Cl)c6nnc(C)n65)c4N)C3)nnc2c1
PACERGEN01127,COc1cc2ccc(N3CC(Nc4sc5c(c(C)c(Cl)c6nnc(C)n65)c4N)C3)cc2nn1
PACERGEN01128,Cc1c(Cl)nnc2sc(N3CC(C(=O)NC4CC4)C3)c(N)c12
PACERGEN01129,Cc1c(Cl)nnc2sc(N3CC(NC(=O)C4CC4)C3)c(N)c12
PACERGEN01130,Cc1ccc(-c2ccncc2Cl)c(N2CC(NC3Cc4ccccc4C3)C2)n1
PACERGEN01131,Cc1ccc(N2CC(NC3Cc4ccccc4C3)C2)c(-c2ccncc2Cl)n1
PACERGEN01132,O=C(Nc1cc2ccc(-c3cncc(F)c3)cc2nn1)C1(F)CCCC1
PACERGEN01133,O=C(Nc1ccc2cc(-c3cncc(F)c3)nnc2c1)C1(F)CCCC1
PACERGEN01134,Cc1ccc(C(=O)Nc2cc(F)nc(F)c2)c(C2(F)CCCC2)n1
PACERGEN01135,Cc1ccc(NC(=O)c2cc(F)nc(F)c2)c(C2(F)CCCC2)n1
PACERGEN01136,Cc1ccc(C2(F)CCCC2)c(C(=O)Nc2cc(F)nc(F)c2)n1
PACERGEN01137,Cc1ccc(C2(F)CCCC2)c(NC(=O)c2cc(F)nc(F)c2)n1
PACERGEN01138,O=C(c1cc(F)nc(F)c1)N1CC(NC2Cc3ccccc3C2)C1
PACERGEN01139,O=C(NC1CN(C2Cc3ccccc3C2)C1)c1cc(F)nc(F)c1
PACERGEN01140,Cc1ccc(NC(=O)c2cncc(F)c2)c(C2Cc3ccccc3C2)n1
PACERGEN01141,Cc1ccc(C(=O)Nc2cncc(F)c2)c(C2Cc3ccccc3C2)n1
PACERGEN01142,Cc1ccc(C2Cc3ccccc3C2)c(NC(=O)c2cncc(F)c2)n1
PACERGEN01143,Cc1ccc(C2Cc3ccccc3C2)c(C(=O)Nc2cncc(F)c2)n1
PACERGEN01144,Cc1ccc(C(=O)NC2CC2)c(-c2sc3c(c(C)c(Cl)c4nnc(C)n43)c2N)n1
PACERGEN01145,Cc1ccc(-c2sc3c(c(C)c(Cl)c4nnc(C)n43)c2N)c(C(=O)NC2CC2)n1
PACERGEN01146,O=C(NC1CN(c2cncc(F)c2)C1)C1Cc2ccccc2C1
PACERGEN01147,O=C(NC1Cc2ccccc2C1)C1CN(c2cncc(F)c2)C1
PACERGEN01148,Cc1c(Cl)c2nnc(C)n2c2sc(NC3CN(C4CN(c5ccc(F)c(F)c5)C4)C3)c(N)c12
PACERGEN01149,Cc1c(Cl)c2nnc(C)n2c2sc(NC3CN(C4Cc5ccccc5C4)C3)c(N)c12
PACERGEN01150,Cc1cc2nncn2c2sc(C(=O)NC(=O)c3cncc(F)c3)c(N)c12
PACERGEN01151,Cc1c(Cl)c2nncn2c2sc(NC3Cc4ccccc4C3)c(N)c12
PACERGEN01152,Cc1nnc2sc(C(=O)Nc3cc(C4CC4)c(Cl)cn3)c(N)c2c1C
PACERGEN01153,Cc1nnc2sc(NC(=O)c3cc(C4CC4)c(Cl)cn3)c(N)c2c1C
PACERGEN01154,Cc1nnc2sc(NC(=O)c3cc(C4CC4)ncc3Cl)c(N)c2c1C
PACERGEN01155,Cc1nnc2sc(C(=O)Nc3cc(C4CC4)ncc3Cl)c(N)c2c1C
PACERGEN01156,Cc1ccc(C2CC2)c(NC(=O)c2sc3nnc(Cl)c(C)c3c2N)n1
PACERGEN01157,Cc1ccc(C2CC2)c(C(=O)Nc2sc3nnc(Cl)c(C)c3c2N)n1
PACERGEN01158,Cc1ccc(C(=O)Nc2sc3nnc(Cl)c(C)c3c2N)c(C2CC2)n1
PACERGEN01159,Cc1ccc(NC(=O)c2sc3nnc(Cl)c(C)c3c2N)c(C2CC2)n1
PACERGEN01160,Cc1c(Cl)c2nnc(C)n2c2sc(Nc3cnn(C4CC4)c3)c(N)c12
PACERGEN01161,Cc1c(Cl)c2nnc(C)n2c2sc(Nc3cncc(F)c3)c(N)c12
PACERGEN01162,Cc1ccc(-c2ccncc2Cl)c(C(=O)NC2(F)CCCC2)n1
PACERGEN01163,Cc1ccc(C(=O)NC2(F)CCCC2)c(-c2ccncc2Cl)n1
PACERGEN01164,Cc1nnc2sc(NC(=O)C3CN(C4CC4)C3)c(N)c2c1C
PACERGEN01165,COC1CN(c2ccc(C)nc2Nc2sc3c(c(C)c(Cl)c4nnc(C)n43)c2N)C1
PACERGEN01166,COC1CN(c2nc(C)ccc2Nc2sc3c(c(C)c(Cl)c4nnc(C)n43)c2N)C1
PACERGEN01167,Cc1c(Cl)nnc2sc(-c3cncc(C(=O)Nc4cncc(F)c4)c3)c(N)c12
PACERGEN01168,Cc1c(Cl)nnc2sc(C(=O)Nc3cncc(-c4cncc(F)c4)c3)c(N)c12
PACERGEN01169,Cc1c(Cl)nnc2sc(NC(=O)c3cncc(-c4cncc(F)c4)c3)c(N)c12
PACERGEN01170,Cc1c(Cl)nnc2sc(-c3cncc(NC(=O)c4cncc(F)c4)c3)c(N)c12
PACERGEN01171,Cc1ccc(-c2cc(F)nc(F)c2)c(NC(=O)C2Cc3ccccc3C2)n1
PACERGEN01172,Cc1ccc(NC(=O)C2Cc3ccccc3C2)c(-c2cc(F)nc(F)c2)n1
PACERGEN01173,Cc1cc2nncn2c2sc(-n3cc(C(=O)NC4CC4)cn3)c(N)c12
PACERGEN01174,Cc1c(Cl)c2nncn2c2sc(-c3cc(C(=O)NC4CC4)ncc3Cl)c(N)c12
PACERGEN01175,Cc1c(Cl)c2nncn2c2sc(-c3cc(C(=O)NC4CC4)c(Cl)cn3)c(N)c12
PACERGEN01176,Cc1c(Cl)c2nnc(C)n2c2sc(NC(=O)c3ccncc3Cl)c(N)c12
PACERGEN01177,Cc1c(Cl)c2nnc(C)n2c2sc(C(=O)Nc3ccncc3Cl)c(N)c12
PACERGEN01178,O=C(Nc1cncc(-c2ccncc2Cl)c1)c1ccncc1Cl
PACERGEN01179,O=C(Nc1ccncc1Cl)c1cncc(-c2ccncc2Cl)c1
PACERGEN01180,Cc1c(Cl)nnc2sc(C(=O)NC(=O)C3CC3)c(N)c12
PACERGEN01181,Cc1ccc(-c2sc3c(c(C)cc4nncn43)c2N)c(C(=O)NC2Cc3ccccc3C2)n1
PACERGEN01182,Cc1ccc(C(=O)NC2Cc3ccccc3C2)c(-c2sc3c(c(C)cc4nncn43)c2N)n1
PACERGEN01183,COc1cc(C(=O)Nc2sc3c(c(C)c(Cl)c4nnc(C)n43)c2N)ncc1Cl
PACERGEN01184,COc1cc(NC(=O)c2sc3c(c(C)c(Cl)c4nnc(C)n43)c2N)ncc1Cl
PACERGEN01185,COc1cc(NC(=O)c2sc3c(c(C)c(Cl)c4nnc(C)n43)c2N)c(Cl)cn1
PACERGEN01186,COc1cc(C(=O)Nc2sc3c(c(C)c(Cl)c4nnc(C)n43)c2N)c(Cl)cn1
PACERGEN01187,O=C(Nc1cnn(-c2cc(F)nc(F)c2)c1)C1CC1
PACERGEN01188,O=C(NC(=O)C1Cc2ccccc2C1)c1cncc(F)c1
PACERGEN01189,O=C(NC1CN(c2cncc(F)c2)C1)c1ccncc1Cl
PACERGEN01190,O=C(NC1CN(c2ccncc2Cl)C1)c1cncc(F)c1
PACERGEN01191,Cc1cc2nncn2c2sc(-c3cncc(NC(=O)C4(F)CCCC4)c3)c(N)c12
PACERGEN01192,O=C(Nc1ccncc1Cl)c1cncc(C2(F)CCCC2)c1
PACERGEN01193,O=C(Nc1cncc(C2(F)CCCC2)c1)c1ccncc1Cl
PACERGEN01194,Cc1ccc(-c2cncc(F)c2)c(C(=O)Nc2ccc(F)c(F)c2)n1
PACERGEN01195,Cc1ccc(NC(=O)c2cncc(F)c2)c(-c2ccc(F)c(F)c2)n1
PACERGEN01196,Cc1ccc(-c2cncc(F)c2)c(NC(=O)c2ccc(F)c(F)c2)n1
PACERGEN01197,Cc1ccc(C(=O)Nc2cncc(F)c2)c(-c2ccc(F)c(F)c2)n1
PACERGEN01198,Cc1ccc(-c2ccc(F)c(F)c2)c(NC(=O)c2cncc(F)c2)n1
PACERGEN01199,Cc1ccc(C(=O)Nc2ccc(F)c(F)c2)c(-c2cncc(F)c2)n1
PACERGEN01200,Cc1ccc(-c2ccc(F)c(F)c2)c(C(=O)Nc2cncc(F)c2)n1
PACERGEN01201,Cc1ccc(NC(=O)c2ccc(F)c(F)c2)c(-c2cncc(F)c2)n1
PACERGEN01202,COc1cnn(-c2cncc(Nc3sc4c(c(C)c(Cl)c5nnc(C)n54)c3N)c2)c1
PACERGEN01203,COc1cncc(-n2cc(Nc3sc4c(c(C)c(Cl)c5nnc(C)n54)c3N)cn2)c1
PACERGEN01204,Cc1ccc(C(=O)Nc2cc(F)nc(F)c2)c(-c2sc3c(c(C)cc4nncn43)c2N)n1
PACERGEN01205,Cc1ccc(-c2sc3c(c(C)cc4nncn43)c2N)c(NC(=O)c2cc(F)nc(F)c2)n1
PACERGEN01206,Cc1ccc(NC(=O)c2cc(F)nc(F)c2)c(-c2sc3c(c(C)cc4nncn43)c2N)n1
PACERGEN01207,Cc1ccc(-c2cc(F)nc(F)c2)c(NC(=O)c2sc3c(c(C)cc4nncn43)c2N)n1
PACERGEN01208,Cc1ccc(-c2sc3c(c(C)cc4nncn43)c2N)c(C(=O)Nc2cc(F)nc(F)c2)n1
PACERGEN01209,Cc1ccc(NC(=O)c2sc3c(c(C)cc4nncn43)c2N)c(-c2cc(F)nc(F)c2)n1
PACERGEN01210,Cc1ccc(C(=O)Nc2sc3c(c(C)cc4nncn43)c2N)c(-c2cc(F)nc(F)c2)n1
PACERGEN01211,Cc1ccc(-c2cc(F)nc(F)c2)c(C(=O)Nc2sc3c(c(C)cc4nncn43)c2N)n1
PACERGEN01212,O=C(Nc1ccc2cc(-c3cncc(F)c3)nnc2c1)c1ccncc1Cl
PACERGEN01213,O=C(Nc1cc2ccc(-c3cncc(F)c3)cc2nn1)c1ccncc1Cl
PACERGEN01214,O=C(Nc1ccncc1Cl)c1ccc2cc(-c3cncc(F)c3)nnc2c1
PACERGEN01215,O=C(Nc1cncc(F)c1)c1ccc2cc(-c3ccncc3Cl)nnc2c1
PACERGEN01216,O=C(Nc1ccc2cc(-c3ccncc3Cl)nnc2c1)c1cncc(F)c1
PACERGEN01217,O=C(Nc1cncc(F)c1)c1cc2ccc(-c3ccncc3Cl)cc2nn1
PACERGEN01218,O=C(Nc1cc2ccc(-c3ccncc3Cl)cc2nn1)c1cncc(F)c1
PACERGEN01219,O=C(Nc1ccncc1Cl)c1cc2ccc(-c3cncc(F)c3)cc2nn1
PACERGEN01220,Cc1c(Cl)c2nnc(C)n2c2sc(NC3CN(C4(F)CCCC4)C3)c(N)c12
PACERGEN01221,Cc1cc2nncn2c2sc(NC(=O)C3CN(C4CC4)C3)c(N)c12
PACERGEN01222,Cc1c(Cl)c2nncn2c2sc(C(=O)Nc3cnn(C4(F)CCCC4)c3)c(N)c12
PACERGEN01223,Cc1c(Cl)c2nncn2c2sc(NC(=O)c3cnn(C4(F)CCCC4)c3)c(N)c12
PACERGEN01224,O=C(Nc1cc(C2CC2)ncc1Cl)c1ccc(F)c(F)c1
PACERGEN01225,O=C(Nc1ccc(F)c(F)c1)c1cc(C2CC2)ncc1Cl
PACERGEN01226,O=C(Nc1cc(C2CC2)c(Cl)cn1)c1ccc(F)c(F)c1
PACERGEN01227,O=C(Nc1ccc(F)c(F)c1)c1cc(C2CC2)c(Cl)cn1
PACERGEN01228,Cc1c(Cl)c2nnc(C)n2c2sc(NC3CN(c4ccncc4Cl)C3)c(N)c12
PACERGEN01229,Cc1c(Cl)c2nnc(C)n2c2sc(Nc3cnn(CC4CC4)c3)c(N)c12
PACERGEN01230,Cc1c(Cl)c2nnc(C)n2c2sc(NC(=O)C3CN(c4ccc(F)c(F)c4)C3)c(N)c12
PACERGEN01231,Cc1c(Cl)c2nnc(C)n2c2sc(N3CC(C(=O)Nc4ccc(F)c(F)c4)C3)c(N)c12
PACERGEN01232,Cc1c(Cl)c2nnc(C)n2c2sc(NC(=O)C3Cc4ccccc4C3)c(N)c12
PACERGEN01233,O=C(Nc1cncc(-c2ccncc2Cl)c1)C1Cc2ccccc2C1
PACERGEN01234,Cc1ccc(N2CC(NC3Cc4ccccc4C3)C2)c(-c2sc3c(c(C)cc4nncn43)c2N)n1
PACERGEN01235,Cc1ccc(-c2sc3c(c(C)cc4nncn43)c2N)c(N2CC(NC3Cc4ccccc4C3)C2)n1
PACERGEN01236,COc1cc(N2CC(Nc3sc4c(c(C)c(Cl)c5nnc(C)n54)c3N)C2)ncc1Cl
PACERGEN01237,COc1cc(N2CC(Nc3sc4c(c(C)c(Cl)c5nnc(C)n54)c3N)C2)c(Cl)cn1
PACERGEN01238,O=C(Nc1ccc2cc(C3(F)CCCC3)nnc2c1)c1cncc(F)c1
PACERGEN01239,O=C(Nc1cc2ccc(C3(F)CCCC3)cc2nn1)c1cncc(F)c1
PACERGEN01240,O=C(Nc1cncc(F)c1)c1ccc2cc(C3(F)CCCC3)nnc2c1
PACERGEN01241,O=C(Nc1cncc(F)c1)c1cc2ccc(C3(F)CCCC3)cc2nn1
PACERGEN01242,O=C(Nc1cc(-c2cncc(F)c2)c(Cl)cn1)C1(F)CCCC1
PACERGEN01243,O=C(Nc1cc(-c2cncc(F)c2)ncc1Cl)C1(F)CCCC1
PACERGEN01244,Cc1ccc(-c2sc3nnc(C)c(C)c3c2N)c(C(=O)NC2Cc3ccccc3C2)n1
PACERGEN01245,Cc1ccc(C(=O)NC2Cc3ccccc3C2)c(-c2sc3nnc(C)c(C)c3c2N)n1
PACERGEN01246,O=C(NC(=O)c1ccncc1Cl)c1cncc(F)c1
PACERGEN01247,Cc1ccc(C2Cc3ccccc3C2)c(C(=O)NC2Cc3ccccc3C2)n1
PACERGEN01248,Cc1ccc(C(=O)NC2Cc3ccccc3C2)c(C2Cc3ccccc3C2)n1
PACERGEN01249,O=C(Nc1cncc(F)c1)C1CN(c2cncc(F)c2)C1
PACERGEN01250,Cc1nnc2sc(-c3cncc(NC(=O)C4(F)CCCC4)c3)c(N)c2c1C
PACERGEN01251,O=C(Nc1cncc(C2(F)CCCC2)c1)C1Cc2ccccc2C1
PACERGEN01252,Cc1ccc(-c2sc3c(c(C)cc4nncn43)c2N)c(C(=O)NC2(F)CCCC2)n1
PACERGEN01253,Cc1ccc(C(=O)NC2(F)CCCC2)c(-c2sc3c(c(C)cc4nncn43)c2N)n1
PACERGEN01254,O=C(Nc1ccc2cc(-c3cncc(F)c3)nnc2c1)C1Cc2ccccc2C1
PACERGEN01255,O=C(Nc1cc2ccc(-c3cncc(F)c3)cc2nn1)C1Cc2ccccc2C1
PACERGEN01256,O=C(Nc1cncc(C2Cc3ccccc3C2)c1)C1(F)CCCC1
PACERGEN01257,Cc1ccc(-c2sc3nnc(C)c(C)c3c2N)c(NC(=O)c2cc(F)nc(F)c2)n1
PACERGEN01258,Cc1ccc(-c2sc3nnc(C)c(C)c3c2N)c(C(=O)Nc2cc(F)nc(F)c2)n1
PACERGEN01259,Cc1ccc(-c2cc(F)nc(F)c2)c(C(=O)Nc2sc3nnc(C)c(C)c3c2N)n1
PACERGEN01260,Cc1ccc(C(=O)Nc2sc3nnc(C)c(C)c3c2N)c(-c2cc(F)nc(F)c2)n1
PACERGEN01261,Cc1ccc(-c2cc(F)nc(F)c2)c(NC(=O)c2sc3nnc(C)c(C)c3c2N)n1
PACERGEN01262,Cc1ccc(NC(=O)c2sc3nnc(C)c(C)c3c2N)c(-c2cc(F)nc(F)c2)n1
PACERGEN01263,Cc1ccc(C(=O)Nc2cc(F)nc(F)c2)c(-c2sc3nnc(C)c(C)c3c2N)n1
PACERGEN01264,Cc1ccc(NC(=O)c2cc(F)nc(F)c2)c(-c2sc3nnc(C)c(C)c3c2N)n1
PACERGEN01265,O=C(NC1CC1)c1cnn(-c2ccncc2Cl)c1
PACERGEN01266,Cc1c(Cl)nnc2sc(C(=O)NC3CN(C4CC4)C3)c(N)c12
PACERGEN01267,O=C(Nc1ccc2cc(-c3cc(F)nc(F)c3)nnc2c1)C1(F)CCCC1
PACERGEN01268,O=C(Nc1cc2ccc(-c3cc(F)nc(F)c3)cc2nn1)C1(F)CCCC1
PACERGEN01269,Cc1c(Cl)nnc2sc(-c3ccc4cc(NC(=O)C5CC5)nnc4c3)c(N)c12
PACERGEN01270,Cc1c(Cl)nnc2sc(-c3cc4ccc(NC(=O)C5CC5)cc4nn3)c(N)c12
PACERGEN01271,Cc1c(Cl)nnc2sc(-c3cncc(C(=O)NC4Cc5ccccc5C4)c3)c(N)c12
PACERGEN01272,Cc1cc2nncn2c2sc(-c3cncc(C(=O)Nc4ccncc4Cl)c3)c(N)c12
PACERGEN01273,Cc1cc2nncn2c2sc(-c3cncc(NC(=O)c4ccncc4Cl)c3)c(N)c12
PACERGEN01274,Cc1cc2nncn2c2sc(NC(=O)c3cncc(-c4ccncc4Cl)c3)c(N)c12
PACERGEN01275,Cc1cc2nncn2c2sc(C(=O)Nc3cncc(-c4ccncc4Cl)c3)c(N)c12
PACERGEN01276,O=C(c1cncc(F)c1)N1CC(NC2Cc3ccccc3C2)C1
PACERGEN01277,O=C(NC1CN(C2Cc3ccccc3C2)C1)c1cncc(F)c1
PACERGEN01278,Cc1ccc(C2Cc3ccccc3C2)c(NC(=O)c2cc(F)nc(F)c2)n1
PACERGEN01279,Cc1ccc(C2Cc3ccccc3C2)c(C(=O)Nc2cc(F)nc(F)c2)n1
PACERGEN01280,Cc1ccc(C(=O)Nc2cc(F)nc(F)c2)c(C2Cc3ccccc3C2)n1
PACERGEN01281,Cc1ccc(NC(=O)c2cc(F)nc(F)c2)c(C2Cc3ccccc3C2)n1
PACERGEN01282,Cc1c(Cl)c2nnc(C)n2c2sc(-n3cc(NC(=O)C4(F)CCCC4)cn3)c(N)c12
PACERGEN01283,Cc1c(Cl)c2nncn2c2sc(C(=O)Nc3cnn(-c4ccc(F)c(F)c4)c3)c(N)c12
PACERGEN01284,Cc1c(Cl)c2nncn2c2sc(-n3cc(C(=O)Nc4ccc(F)c(F)c4)cn3)c(N)c12
PACERGEN01285,Cc1c(Cl)c2nncn2c2sc(NC(=O)c3cnn(-c4ccc(F)c(F)c4)c3)c(N)c12
PACERGEN01286,Cc1c(Cl)c2nncn2c2sc(-n3cc(NC(=O)c4ccc(F)c(F)c4)cn3)c(N)c12
PACERGEN01287,Cc1ccc(-c2sc3nnc(C)c(C)c3c2N)c(N2CC(NC3Cc4ccccc4C3)C2)n1
PACERGEN01288,Cc1ccc(N2CC(NC3Cc4ccccc4C3)C2)c(-c2sc3nnc(C)c(C)c3c2N)n1
PACERGEN01289,Cc1ccc(NC(=O)C2CC2)c(-c2sc3c(c(C)c(Cl)c4nncn43)c2N)n1
PACERGEN01290,Cc1ccc(-c2sc3c(c(C)c(Cl)c4nncn43)c2N)c(NC(=O)C2CC2)n1
PACERGEN01291,Cc1c(Cl)c2nnc(C)n2c2sc(-c3cncc(NC(=O)C4CC4)c3)c(N)c12
PACERGEN01292,Cc1c(Cl)c2nnc(C)n2c2sc(Nc3cc(F)nc(F)c3)c(N)c12
PACERGEN01293,Cc1nnc2sc(C(=O)NC3CC3)c(N)c2c1C
PACERGEN01294,Cc1cc2nncn2c2sc(NC(=O)c3cncc(C4(F)CCCC4)c3)c(N)c12
PACERGEN01295,Cc1cc2nncn2c2sc(C(=O)Nc3cncc(C4(F)CCCC4)c3)c(N)c12
PACERGEN01296,Cc1c(Cl)nnc2sc(-c3cncc(C(=O)Nc4cc(F)nc(F)c4)c3)c(N)c12
PACERGEN01297,Cc1c(Cl)nnc2sc(-c3cncc(NC(=O)c4cc(F)nc(F)c4)c3)c(N)c12
PACERGEN01298,Cc1c(Cl)nnc2sc(NC(=O)c3cncc(-c4cc(F)nc(F)c4)c3)c(N)c12
PACERGEN01299,Cc1c(Cl)nnc2sc(C(=O)Nc3cncc(-c4cc(F)nc(F)c4)c3)c(N)c12
PACERGEN01300,Cc1ccc(-c2sc3nnc(C)c(C)c3c2N)c(C(=O)NC2(F)CCCC2)n1
PACERGEN01301,Cc1ccc(C(=O)NC2(F)CCCC2)c(-c2sc3nnc(C)c(C)c3c2N)n1
PACERGEN01302,Cc1cc2nncn2c2sc(-c3cc4ccc(C(=O)Nc5cncc(F)c5)cc4nn3)c(N)c12
PACERGEN01303,Cc1cc2nncn2c2sc(-c3ccc4cc(C(=O)Nc5cncc(F)c5)nnc4c3)c(N)c12
PACERGEN01304,Cc1cc2nncn2c2sc(NC(=O)c3ccc4cc(-c5cncc(F)c5)nnc4c3)c(N)c12
PACERGEN01305,Cc1cc2nncn2c2sc(NC(=O)c3cc4ccc(-c5cncc(F)c5)cc4nn3)c(N)c12
PACERGEN01306,Cc1cc2nncn2c2sc(C(=O)Nc3ccc4cc(-c5cncc(F)c5)nnc4c3)c(N)c12
PACERGEN01307,Cc1cc2nncn2c2sc(C(=O)Nc3cc4ccc(-c5cncc(F)c5)cc4nn3)c(N)c12
PACERGEN01308,Cc1cc2nncn2c2sc(-c3cc4ccc(NC(=O)c5cncc(F)c5)cc4nn3)c(N)c12
PACERGEN01309,Cc1cc2nncn2c2sc(-c3ccc4cc(NC(=O)c5cncc(F)c5)nnc4c3)c(N)c12
PACERGEN01310,Cc1ccc(C(=O)NC2Cc3ccccc3C2)c(-c2ccc(F)c(F)c2)n1
PACERGEN01311,Cc1ccc(-c2ccc(F)c(F)c2)c(C(=O)NC2Cc3ccccc3C2)n1
PACERGEN01312,O=C(Nc1ccncc1Cl)c1cc(-c2cncc(F)c2)ncc1Cl
PACERGEN01313,O=C(Nc1cc(-c2ccncc2Cl)ncc1Cl)c1cncc(F)c1
PACERGEN01314,O=C(Nc1cncc(F)c1)c1cc(-c2ccncc2Cl)c(Cl)cn1
PACERGEN01315,O=C(Nc1ccncc1Cl)c1cc(-c2cncc(F)c2)c(Cl)cn1
PACERGEN01316,O=C(Nc1cc(-c2ccncc2Cl)c(Cl)cn1)c1cncc(F)c1
PACERGEN01317,O=C(Nc1cncc(F)c1)c1cc(-c2ccncc2Cl)ncc1Cl
PACERGEN01318,O=C(Nc1cc(-c2cncc(F)c2)ncc1Cl)c1ccncc1Cl
PACERGEN01319,O=C(Nc1cc(-c2cncc(F)c2)c(Cl)cn1)c1ccncc1Cl
PACERGEN01320,Cc1ccc(C2Cc3ccccc3C2)c(C(=O)NC2(F)CCCC2)n1
PACERGEN01321,Cc1ccc(C(=O)NC2(F)CCCC2)c(C2Cc3ccccc3C2)n1
PACERGEN01322,O=C(NC1Cc2ccccc2C1)c1ccc2cc(-c3ccncc3Cl)nnc2c1
PACERGEN01323,O=C(NC1Cc2ccccc2C1)c1cc2ccc(-c3ccncc3Cl)cc2nn1
PACERGEN01324,Cc1c(Cl)nnc2sc(-c3cncc(N4CC(NC5Cc6ccccc6C5)C4)c3)c(N)c12
PACERGEN01325,O=C(Nc1cncc(-c2ccc(F)c(F)c2)c1)C1(F)CCCC1
PACERGEN01326,Cc1cc2nncn2c2sc(-c3cncc(NC(=O)C4Cc5ccccc5C4)c3)c(N)c12
PACERGEN01327,COc1nc(C)ccc1Nc1sc2c(c(C)c(Cl)c3nnc(C)n32)c1N
PACERGEN01328,COc1ccc(C)nc1Nc1sc2c(c(C)c(Cl)c3nnc(C)n32)c1N
PACERGEN01329,Cc1nnc2sc(C(=O)Nc3sc4c(c(C)c(Cl)c5nnc(C)n54)c3N)c(N)c2c1C
PACERGEN01330,Cc1nnc2sc(NC(=O)c3sc4c(c(C)c(Cl)c5nnc(C)n54)c3N)c(N)c2c1C
PACERGEN01331,Cc1nnc2sc(C(=O)Nc3cncc(-c4ccncc4Cl)c3)c(N)c2c1C
PACERGEN01332,Cc1nnc2sc(NC(=O)c3cncc(-c4ccncc4Cl)c3)c(N)c2c1C
PACERGEN01333,Cc1nnc2sc(-c3cncc(C(=O)Nc4ccncc4Cl)c3)c(N)c2c1C
PACERGEN01334,Cc1nnc2sc(-c3cncc(NC(=O)c4ccncc4Cl)c3)c(N)c2c1C
PACERGEN01335,Cc1c(Cl)c2nnc(C)n2c2sc(Nc3cnn(-c4cnn(C5CC5)c4)c3)c(N)c12
PACERGEN01336,Cc1c(Cl)c2nnc(C)n2c2sc(Nc3cnn(-c4cncc(F)c4)c3)c(N)c12
PACERGEN01337,O=C(Nc1cncc(F)c1)c1cc(C2(F)CCCC2)ncc1Cl
PACERGEN01338,O=C(Nc1cncc(F)c1)c1cc(C2(F)CCCC2)c(Cl)cn1
PACERGEN01339,O=C(Nc1cc(C2(F)CCCC2)ncc1Cl)c1cncc(F)c1
PACERGEN01340,O=C(Nc1cc(C2(F)CCCC2)c(Cl)cn1)c1cncc(F)c1
PACERGEN01341,Cc1ccc(-c2cc(F)nc(F)c2)c(C(=O)Nc2ccc(F)c(F)c2)n1
PACERGEN01342,Cc1ccc(NC(=O)c2cc(F)nc(F)c2)c(-c2ccc(F)c(F)c2)n1
PACERGEN01343,Cc1ccc(-c2ccc(F)c(F)c2)c(C(=O)Nc2cc(F)nc(F)c2)n1
PACERGEN01344,Cc1ccc(C(=O)Nc2cc(F)nc(F)c2)c(-c2ccc(F)c(F)c2)n1
PACERGEN01345,Cc1ccc(-c2cc(F)nc(F)c2)c(NC(=O)c2ccc(F)c(F)c2)n1
PACERGEN01346,Cc1ccc(-c2ccc(F)c(F)c2)c(NC(=O)c2cc(F)nc(F)c2)n1
PACERGEN01347,Cc1ccc(NC(=O)c2ccc(F)c(F)c2)c(-c2cc(F)nc(F)c2)n1
PACERGEN01348,Cc1ccc(C(=O)Nc2ccc(F)c(F)c2)c(-c2cc(F)nc(F)c2)n1
PACERGEN01349,O=C(Nc1ccncc1Cl)c1cncc(C2Cc3ccccc3C2)c1
PACERGEN01350,O=C(Nc1cncc(C2Cc3ccccc3C2)c1)c1ccncc1Cl
PACERGEN01351,O=C(NC1Cc2ccccc2C1)c1cc2ccc(C3(F)CCCC3)cc2nn1
PACERGEN01352,O=C(NC1Cc2ccccc2C1)c1ccc2cc(C3(F)CCCC3)nnc2c1
PACERGEN01353,Cc1c(Cl)nnc2sc(-c3cncc(C(=O)NC4(F)CCCC4)c3)c(N)c12
PACERGEN01354,COC(=O)c1cc2ccc(Nc3sc4c(c(C)c(Cl)c5nnc(C)n54)c3N)cc2nn1
PACERGEN01355,COC(=O)c1ccc2cc(Nc3sc4c(c(C)c(Cl)c5nnc(C)n54)c3N)nnc2c1
PACERGEN01356,O=C(Nc1ccncc1Cl)c1cc2ccc(-c3cc(F)nc(F)c3)cc2nn1
PACERGEN01357,O=C(Nc1ccc2cc(-c3cc(F)nc(F)c3)nnc2c1)c1ccncc1Cl
PACERGEN01358,O=C(Nc1cc2ccc(-c3cc(F)nc(F)c3)cc2nn1)c1ccncc1Cl
PACERGEN01359,O=C(Nc1ccncc1Cl)c1ccc2cc(-c3cc(F)nc(F)c3)nnc2c1
PACERGEN01360,O=C(Nc1cc2ccc(-c3ccncc3Cl)cc2nn1)c1cc(F)nc(F)c1
PACERGEN01361,O=C(Nc1cc(F)nc(F)c1)c1cc2ccc(-c3ccncc3Cl)cc2nn1
PACERGEN01362,O=C(Nc1ccc2cc(-c3ccncc3Cl)nnc2c1)c1cc(F)nc(F)c1
PACERGEN01363,O=C(Nc1cc(F)nc(F)c1)c1ccc2cc(-c3ccncc3Cl)nnc2c1
PACERGEN01364,Cc1cc2nncn2c2sc(C(=O)NC3CC3)c(N)c12
PACERGEN01365,Cc1nnc2sc(NC(=O)c3cncc(C4(F)CCCC4)c3)c(N)c2c1C
PACERGEN01366,Cc1nnc2sc(C(=O)Nc3cncc(C4(F)CCCC4)c3)c(N)c2c1C
PACERGEN01367,Cc1c(Cl)c2nncn2c2sc(C(=O)Nc3cnn(C4Cc5ccccc5C4)c3)c(N)c12
PACERGEN01368,Cc1c(Cl)c2nncn2c2sc(NC(=O)c3cnn(C4Cc5ccccc5C4)c3)c(N)c12
PACERGEN01369,Cc1c(Cl)c2nnc(C)n2c2sc(C(=O)Nc3cnn(-c4ccncc4Cl)c3)c(N)c12
PACERGEN01370,Cc1c(Cl)c2nnc(C)n2c2sc(NC(=O)c3cnn(-c4ccncc4Cl)c3)c(N)c12
PACERGEN01371,Cc1c(Cl)c2nnc(C)n2c2sc(-n3cc(NC(=O)c4ccncc4Cl)cn3)c(N)c12
PACERGEN01372,Cc1c(Cl)c2nnc(C)n2c2sc(-n3cc(C(=O)Nc4ccncc4Cl)cn3)c(N)c12
PACERGEN01373,Cc1nnc2sc(-c3cc4ccc(NC(=O)c5cncc(F)c5)cc4nn3)c(N)c2c1C
PACERGEN01374,Cc1nnc2sc(NC(=O)c3cc4ccc(-c5cncc(F)c5)cc4nn3)c(N)c2c1C
PACERGEN01375,Cc1nnc2sc(-c3ccc4cc(C(=O)Nc5cncc(F)c5)nnc4c3)c(N)c2c1C
PACERGEN01376,Cc1nnc2sc(-c3cc4ccc(C(=O)Nc5cncc(F)c5)cc4nn3)c(N)c2c1C
PACERGEN01377,Cc1nnc2sc(C(=O)Nc3cc4ccc(-c5cncc(F)c5)cc4nn3)c(N)c2c1C
PACERGEN01378,Cc1nnc2sc(NC(=O)c3ccc4cc(-c5cncc(F)c5)nnc4c3)c(N)c2c1C
PACERGEN01379,Cc1nnc2sc(C(=O)Nc3ccc4cc(-c5cncc(F)c5)nnc4c3)c(N)c2c1C
PACERGEN01380,Cc1nnc2sc(-c3ccc4cc(NC(=O)c5cncc(F)c5)nnc4c3)c(N)c2c1C
PACERGEN01381,Cc1c(Cl)nnc2sc(C(=O)Nc3sc4c(c(C)c(Cl)c5nncn54)c3N)c(N)c12
PACERGEN01382,Cc1c(Cl)nnc2sc(NC(=O)c3sc4c(c(C)c(Cl)c5nncn54)c3N)c(N)c12
PACERGEN01383,O=C(Nc1cc(-c2cncc(F)c2)c(Cl)cn1)C1Cc2ccccc2C1
PACERGEN01384,O=C(Nc1cc(-c2cncc(F)c2)ncc1Cl)C1Cc2ccccc2C1
PACERGEN01385,Clc1cnccc1-c1cc2ccc(N3CC(NC4Cc5ccccc5C4)C3)cc2nn1
PACERGEN01386,Clc1cnccc1-c1ccc2cc(N3CC(NC4Cc5ccccc5C4)C3)nnc2c1
PACERGEN01387,O=C(Nc1cc2ccc(C3(F)CCCC3)cc2nn1)c1cc(F)nc(F)c1
PACERGEN01388,O=C(Nc1ccc2cc(C3(F)CCCC3)nnc2c1)c1cc(F)nc(F)c1
PACERGEN01389,O=C(Nc1cc(F)nc(F)c1)c1cc2ccc(C3(F)CCCC3)cc2nn1
PACERGEN01390,O=C(Nc1cc(F)nc(F)c1)c1ccc2cc(C3(F)CCCC3)nnc2c1
PACERGEN01391,O=C(Nc1cc(-c2cc(F)nc(F)c2)c(Cl)cn1)C1(F)CCCC1
PACERGEN01392,O=C(Nc1cc(-c2cc(F)nc(F)c2)ncc1Cl)C1(F)CCCC1
PACERGEN01393,O=C(Nc1ccc2cc(C3Cc4ccccc4C3)nnc2c1)c1cncc(F)c1
PACERGEN01394,O=C(Nc1cc2ccc(C3Cc4ccccc4C3)cc2nn1)c1cncc(F)c1
PACERGEN01395,O=C(Nc1cncc(F)c1)c1ccc2cc(C3Cc4ccccc4C3)nnc2c1
PACERGEN01396,O=C(Nc1cncc(F)c1)c1cc2ccc(C3Cc4ccccc4C3)cc2nn1
PACERGEN01397,Cc1c(Cl)c2nnc(C)n2c2sc(-c3cc4ccc(C(=O)NC5CC5)cc4nn3)c(N)c12
PACERGEN01398,Cc1c(Cl)c2nnc(C)n2c2sc(-c3ccc4cc(C(=O)NC5CC5)nnc4c3)c(N)c12
PACERGEN01399,Cc1c(Cl)nnc2sc(-c3cc(NC(=O)C4CC4)ncc3Cl)c(N)c12
PACERGEN01400,Cc1c(Cl)nnc2sc(-c3cc(NC(=O)C4CC4)c(Cl)cn3)c(N)c12
PACERGEN01401,Cc1ccc(-c2ccc(F)c(F)c2)c(C(=O)NC2(F)CCCC2)n1
PACERGEN01402,Cc1ccc(C(=O)NC2(F)CCCC2)c(-c2ccc(F)c(F)c2)n1
PACERGEN01403,Cc1nnc2sc(-c3cncc(NC(=O)C4Cc5ccccc5C4)c3)c(N)c2c1C
PACERGEN01404,Cc1c(Cl)nnc2sc(NC(=O)c3cc4ccc(C5CC5)cc4nn3)c(N)c12
PACERGEN01405,Cc1c(Cl)nnc2sc(C(=O)Nc3cc4ccc(C5CC5)cc4nn3)c(N)c12
PACERGEN01406,Cc1c(Cl)nnc2sc(C(=O)Nc3ccc4cc(C5CC5)nnc4c3)c(N)c12
PACERGEN01407,Cc1c(Cl)nnc2sc(NC(=O)c3ccc4cc(C5CC5)nnc4c3)c(N)c12
PACERGEN01408,FC1(c2cc3ccc(N4CC(NC5Cc6ccccc6C5)C4)cc3nn2)CCCC1
PACERGEN01409,FC1(c2ccc3cc(N4CC(NC5Cc6ccccc6C5)C4)nnc3c2)CCCC1
PACERGEN01410,O=C(NC1(F)CCCC1)c1ccc2cc(-c3ccncc3Cl)nnc2c1
PACERGEN01411,O=C(NC1(F)CCCC1)c1cc2ccc(-c3ccncc3Cl)cc2nn1
PACERGEN01412,O=C(Nc1cncc(C2Cc3ccccc3C2)c1)C1Cc2ccccc2C1
PACERGEN01413,COC1CN(c2ccc3cc(Nc4sc5c(c(C)c(Cl)c6nnc(C)n65)c4N)nnc3c2)C1
PACERGEN01414,COC1CN(c2cc3ccc(Nc4sc5c(c(C)c(Cl)c6nnc(C)n65)c4N)cc3nn2)C1
PACERGEN01415,Cc1c(Cl)c2nnc(C)n2c2sc(Nc3cnn(Cc4cncc(F)c4)c3)c(N)c12
PACERGEN01416,Cc1ccc(C(=O)Nc2sc3c(c(C)c(Cl)c4nncn43)c2N)c(C2CC2)n1
PACERGEN01417,Cc1ccc(NC(=O)c2sc3c(c(C)c(Cl)c4nncn43)c2N)c(C2CC2)n1
PACERGEN01418,Cc1c(Cl)c2nnc(C)n2c2sc(NC(=O)c3cncc(C4CC4)c3)c(N)c12
PACERGEN01419,Cc1c(Cl)c2nnc(C)n2c2sc(C(=O)Nc3cncc(C4CC4)c3)c(N)c12
PACERGEN01420,Cc1ccc(C2CC2)c(NC(=O)c2sc3c(c(C)c(Cl)c4nncn43)c2N)n1
PACERGEN01421,Cc1ccc(C2CC2)c(C(=O)Nc2sc3c(c(C)c(Cl)c4nncn43)c2N)n1
PACERGEN01422,O=C(Nc1ccc2cc(-c3cc(F)nc(F)c3)nnc2c1)C1Cc2ccccc2C1
PACERGEN01423,O=C(Nc1cc2ccc(-c3cc(F)nc(F)c3)cc2nn1)C1Cc2ccccc2C1
PACERGEN01424,Cc1ccc(-c2ccncc2Cl)c(NC(=O)C2(F)CCCC2)n1
PACERGEN01425,Cc1ccc(NC(=O)C2(F)CCCC2)c(-c2ccncc2Cl)n1
PACERGEN01426,Cc1c(Cl)c2nnc(C)n2c2sc(NC(=O)c3ccc(F)c(F)c3)c(N)c12
PACERGEN01427,Cc1c(Cl)c2nnc(C)n2c2sc(C(=O)Nc3ccc(F)c(F)c3)c(N)c12
PACERGEN01428,O=C(Nc1cncc(-c2ccncc2Cl)c1)c1ccc(F)c(F)c1
PACERGEN01429,O=C(Nc1ccncc1Cl)c1cncc(-c2ccc(F)c(F)c2)c1
PACERGEN01430,O=C(Nc1ccc(F)c(F)c1)c1cncc(-c2ccncc2Cl)c1
PACERGEN01431,O=C(Nc1cncc(-c2ccc(F)c(F)c2)c1)c1ccncc1Cl
PACERGEN01432,Cc1c(Cl)c2nnc(C)n2c2sc(NC3CN(c4cnn(-c5ccncc5Cl)c4)C3)c(N)c12
PACERGEN01433,Cc1c(Cl)c2nnc(C)n2c2sc(Nc3cnn(C4CN(c5cncc(F)c5)C4)c3)c(N)c12
PACERGEN01434,Cc1c(Cl)c2nnc(C)n2c2sc(-n3cc(NC(=O)C4Cc5ccccc5C4)cn3)c(N)c12
PACERGEN01435,Cc1cc2nncn2c2sc(-c3cc(C(=O)Nc4cncc(F)c4)ncc3Cl)c(N)c12
PACERGEN01436,Cc1cc2nncn2c2sc(NC(=O)c3cc(-c4cncc(F)c4)ncc3Cl)c(N)c12
PACERGEN01437,Cc1cc2nncn2c2sc(-c3cc(C(=O)Nc4cncc(F)c4)c(Cl)cn3)c(N)c12
PACERGEN01438,Cc1cc2nncn2c2sc(NC(=O)c3cc(-c4cncc(F)c4)c(Cl)cn3)c(N)c12
PACERGEN01439,Cc1cc2nncn2c2sc(C(=O)Nc3cc(-c4cncc(F)c4)ncc3Cl)c(N)c12
PACERGEN01440,Cc1cc2nncn2c2sc(-c3cc(NC(=O)c4cncc(F)c4)ncc3Cl)c(N)c12
PACERGEN01441,Cc1cc2nncn2c2sc(-c3cc(NC(=O)c4cncc(F)c4)c(Cl)cn3)c(N)c12
PACERGEN01442,Cc1cc2nncn2c2sc(C(=O)Nc3cc(-c4cncc(F)c4)c(Cl)cn3)c(N)c12
PACERGEN01443,Cc1c(Cl)c2nncn2c2sc(C(=O)Nc3cncc(-c4cncc(F)c4)c3)c(N)c12
PACERGEN01444,Cc1c(Cl)c2nncn2c2sc(NC(=O)c3cncc(-c4cncc(F)c4)c3)c(N)c12
PACERGEN01445,Cc1c(Cl)c2nncn2c2sc(-c3cncc(C(=O)Nc4cncc(F)c4)c3)c(N)c12
PACERGEN01446,Cc1c(Cl)c2nncn2c2sc(-c3cncc(NC(=O)c4cncc(F)c4)c3)c(N)c12
PACERGEN01447,O=C(NC1(F)CCCC1)c1ccc2cc(C3(F)CCCC3)nnc2c1
PACERGEN01448,O=C(NC1(F)CCCC1)c1cc2ccc(C3(F)CCCC3)cc2nn1
PACERGEN01449,Cc1cc2nncn2c2sc(-c3ccc4cc(C(=O)NC5Cc6ccccc6C5)nnc4c3)c(N)c12
PACERGEN01450,Cc1cc2nncn2c2sc(-c3cc4ccc(C(=O)NC5Cc6ccccc6C5)cc4nn3)c(N)c12
PACERGEN01451,O=C(NC1Cc2ccccc2C1)c1cc(-c2ccncc2Cl)ncc1Cl
PACERGEN01452,O=C(NC1Cc2ccccc2C1)c1cc(-c2ccncc2Cl)c(Cl)cn1
PACERGEN01453,O=C(NC1CN(c2cc(F)nc(F)c2)C1)c1cc(F)nc(F)c1
PACERGEN01454,O=C(Nc1ccc(F)c(F)c1)c1cncc(C2(F)CCCC2)c1
PACERGEN01455,O=C(Nc1cncc(C2(F)CCCC2)c1)c1ccc(F)c(F)c1
PACERGEN01456,O=C(Nc1ccc2cc(-c3cncc(F)c3)nnc2c1)c1ccc(F)c(F)c1
PACERGEN01457,O=C(Nc1cncc(F)c1)c1cc2ccc(-c3ccc(F)c(F)c3)cc2nn1
PACERGEN01458,O=C(Nc1cncc(F)c1)c1ccc2cc(-c3ccc(F)c(F)c3)nnc2c1
PACERGEN01459,O=C(Nc1cc2ccc(-c3cncc(F)c3)cc2nn1)c1ccc(F)c(F)c1
PACERGEN01460,O=C(Nc1ccc2cc(-c3ccc(F)c(F)c3)nnc2c1)c1cncc(F)c1
PACERGEN01461,O=C(Nc1ccc(F)c(F)c1)c1ccc2cc(-c3cncc(F)c3)nnc2c1
PACERGEN01462,O=C(Nc1cc2ccc(-c3ccc(F)c(F)c3)cc2nn1)c1cncc(F)c1
PACERGEN01463,O=C(Nc1ccc(F)c(F)c1)c1cc2ccc(-c3cncc(F)c3)cc2nn1
PACERGEN01464,Cc1cc2nncn2c2sc(NC(=O)c3cncc(C4Cc5ccccc5C4)c3)c(N)c12
PACERGEN01465,Cc1cc2nncn2c2sc(C(=O)Nc3cncc(C4Cc5ccccc5C4)c3)c(N)c12
PACERGEN01466,Cc1c(Cl)c2nnc(C)n2c2sc(NC3CN(c4cncc(C5CC5)c4)C3)c(N)c12
PACERGEN01467,Cc1cc2nncn2c2sc(-c3cc4ccc(C(=O)Nc5cc(F)nc(F)c5)cc4nn3)c(N)c12
PACERGEN01468,Cc1cc2nncn2c2sc(NC(=O)c3cc4ccc(-c5cc(F)nc(F)c5)cc4nn3)c(N)c12
PACERGEN01469,Cc1cc2nncn2c2sc(-c3cc4ccc(NC(=O)c5cc(F)nc(F)c5)cc4nn3)c(N)c12
PACERGEN01470,Cc1cc2nncn2c2sc(NC(=O)c3ccc4cc(-c5cc(F)nc(F)c5)nnc4c3)c(N)c12
PACERGEN01471,Cc1cc2nncn2c2sc(C(=O)Nc3ccc4cc(-c5cc(F)nc(F)c5)nnc4c3)c(N)c12
PACERGEN01472,Cc1cc2nncn2c2sc(-c3ccc4cc(C(=O)Nc5cc(F)nc(F)c5)nnc4c3)c(N)c12
PACERGEN01473,Cc1cc2nncn2c2sc(-c3ccc4cc(NC(=O)c5cc(F)nc(F)c5)nnc4c3)c(N)c12
PACERGEN01474,Cc1cc2nncn2c2sc(C(=O)Nc3cc4ccc(-c5cc(F)nc(F)c5)cc4nn3)c(N)c12
PACERGEN01475,O=C(NC1Cc2ccccc2C1)c1cc(C2(F)CCCC2)ncc1Cl
PACERGEN01476,O=C(NC1Cc2ccccc2C1)c1cc(C2(F)CCCC2)c(Cl)cn1
PACERGEN01477,COC(=O)c1cc(Nc2sc3c(c(C)c(Cl)c4nnc(C)n43)c2N)ncc1Cl
PACERGEN01478,COC(=O)c1cc(Nc2sc3c(c(C)c(Cl)c4nnc(C)n43)c2N)c(Cl)cn1
PACERGEN01479,Cc1c(Cl)c2nnc(C)n2c2sc(NC3CN(c4ccc(F)c(F)c4)C3)c(N)c12
PACERGEN01480,Cc1c(Cl)c2nnc(C)n2c2sc(NC3Cc4ccccc4C3)c(N)c12
PACERGEN01481,O=C(Nc1cc(F)nc(F)c1)c1cc(-c2ccncc2Cl)ncc1Cl
PACERGEN01482,O=C(Nc1cc(F)nc(F)c1)c1cc(-c2ccncc2Cl)c(Cl)cn1
PACERGEN01483,O=C(Nc1cc(-c2cc(F)nc(F)c2)c(Cl)cn1)c1ccncc1Cl
PACERGEN01484,O=C(Nc1ccncc1Cl)c1cc(-c2cc(F)nc(F)c2)ncc1Cl
PACERGEN01485,O=C(Nc1ccncc1Cl)c1cc(-c2cc(F)nc(F)c2)c(Cl)cn1
PACERGEN01486,O=C(Nc1cc(-c2ccncc2Cl)ncc1Cl)c1cc(F)nc(F)c1
PACERGEN01487,O=C(Nc1cc(-c2ccncc2Cl)c(Cl)cn1)c1cc(F)nc(F)c1
PACERGEN01488,O=C(Nc1cc(-c2cc(F)nc(F)c2)ncc1Cl)c1ccncc1Cl
PACERGEN01489,Clc1cnc(NC2Cc3ccccc3C2)cc1-n1cc(C2CC2)cn1
PACERGEN01490,Clc1cnc(-n2cc(C3CC3)cn2)cc1NC1Cc2ccccc2C1
PACERGEN01491,O=C(Nc1cncc(-c2ccc(F)c(F)c2)c1)C1Cc2ccccc2C1
PACERGEN01492,COc1cncc(-c2cc(NC3Cc4ccccc4C3)c(Cl)cn2)c1
PACERGEN01493,COc1cncc(-c2cc(NC3Cc4ccccc4C3)ncc2Cl)c1
PACERGEN01494,Cc1cc2nncn2c2sc(-c3cc4ccc(N5CC(NC6Cc7ccccc7C6)C5)cc4nn3)c(N)c12
PACERGEN01495,Cc1cc2nncn2c2sc(-c3ccc4cc(N5CC(NC6Cc7ccccc7C6)C5)nnc4c3)c(N)c12
PACERGEN01496,Cc1nnc2sc(NC(=O)c3cc(-c4cncc(F)c4)c(Cl)cn3)c(N)c2c1C
PACERGEN01497,Cc1nnc2sc(-c3cc(C(=O)Nc4cncc(F)c4)c(Cl)cn3)c(N)c2c1C
PACERGEN01498,Cc1ccc(-c2cncc(F)c2)c(C(=O)Nc2sc3nnc(Cl)c(C)c3c2N)n1
PACERGEN01499,Cc1nnc2sc(-c3cc(C(=O)Nc4cncc(F)c4)ncc3Cl)c(N)c2c1C
PACERGEN01500,Cc1nnc2sc(NC(=O)c3cc(-c4cncc(F)c4)ncc3Cl)c(N)c2c1C
PACERGEN01501,Cc1ccc(-c2sc3nnc(Cl)c(C)c3c2N)c(C(=O)Nc2cncc(F)c2)n1
PACERGEN01502,Cc1ccc(-c2sc3nnc(Cl)c(C)c3c2N)c(NC(=O)c2cncc(F)c2)n1
PACERGEN01503,Cc1ccc(C(=O)Nc2cncc(F)c2)c(-c2sc3nnc(Cl)c(C)c3c2N)n1
PACERGEN01504,Cc1ccc(-c2cncc(F)c2)c(NC(=O)c2sc3nnc(Cl)c(C)c3c2N)n1
PACERGEN01505,Cc1nnc2sc(-c3cc(NC(=O)c4cncc(F)c4)c(Cl)cn3)c(N)c2c1C
PACERGEN01506,Cc1ccc(NC(=O)c2sc3nnc(Cl)c(C)c3c2N)c(-c2cncc(F)c2)n1
PACERGEN01507,Cc1nnc2sc(C(=O)Nc3cc(-c4cncc(F)c4)c(Cl)cn3)c(N)c2c1C
PACERGEN01508,Cc1ccc(NC(=O)c2cncc(F)c2)c(-c2sc3nnc(Cl)c(C)c3c2N)n1
PACERGEN01509,Cc1ccc(C(=O)Nc2sc3nnc(Cl)c(C)c3c2N)c(-c2cncc(F)c2)n1
PACERGEN01510,Cc1nnc2sc(-c3cc(NC(=O)c4cncc(F)c4)ncc3Cl)c(N)c2c1C
PACERGEN01511,Cc1nnc2sc(C(=O)Nc3cc(-c4cncc(F)c4)ncc3Cl)c(N)c2c1C
PACERGEN01512,Cc1nnc2sc(N3CC(C(=O)NC4CC4)C3)c(N)c2c1C
PACERGEN01513,Cc1nnc2sc(N3CC(NC(=O)C4CC4)C3)c(N)c2c1C
PACERGEN01514,Clc1cnccc1-c1cc(N2CC(NC3Cc4ccccc4C3)C2)ncc1Cl
PACERGEN01515,Clc1cnccc1-c1cc(N2CC(NC3Cc4ccccc4C3)C2)c(Cl)cn1
PACERGEN01516,O=C(NC(=O)c1cc(F)nc(F)c1)c1cc(F)nc(F)c1
PACERGEN01517,Cc1nnc2sc(-c3cc4ccc(C(=O)NC5Cc6ccccc6C5)cc4nn3)c(N)c2c1C
PACERGEN01518,Cc1nnc2sc(-c3ccc4cc(C(=O)NC5Cc6ccccc6C5)nnc4c3)c(N)c2c1C
PACERGEN01519,Cc1c(Cl)c2nnc(C)n2c2sc(Nc3cnn(-c4cc(F)nc(F)c4)c3)c(N)c12
PACERGEN01520,O=C(Nc1cc(F)nc(F)c1)c1cc(C2(F)CCCC2)c(Cl)cn1
PACERGEN01521,O=C(Nc1cc(C2(F)CCCC2)ncc1Cl)c1cc(F)nc(F)c1
PACERGEN01522,O=C(Nc1cc(C2(F)CCCC2)c(Cl)cn1)c1cc(F)nc(F)c1
PACERGEN01523,O=C(Nc1cc(F)nc(F)c1)c1cc(C2(F)CCCC2)ncc1Cl
PACERGEN01524,O=C(Nc1cncc(F)c1)c1cc(C2Cc3ccccc3C2)ncc1Cl
PACERGEN01525,O=C(Nc1cc(C2Cc3ccccc3C2)ncc1Cl)c1cncc(F)c1
PACERGEN01526,O=C(Nc1cc(C2Cc3ccccc3C2)c(Cl)cn1)c1cncc(F)c1
PACERGEN01527,O=C(Nc1cncc(F)c1)c1cc(C2Cc3ccccc3C2)c(Cl)cn1
PACERGEN01528,Cc1c(Cl)c2nnc(C)n2c2sc(-c3cc(C(=O)NC4CC4)ncc3Cl)c(N)c12
PACERGEN01529,Cc1c(Cl)c2nnc(C)n2c2sc(-c3cc(C(=O)NC4CC4)c(Cl)cn3)c(N)c12
PACERGEN01530,Cc1ccc(-c2ccncc2Cl)c(NC(=O)c2ccncc2Cl)n1
PACERGEN01531,Cc1ccc(-c2ccncc2Cl)c(C(=O)Nc2ccncc2Cl)n1
PACERGEN01532,Cc1ccc(NC(=O)c2ccncc2Cl)c(-c2ccncc2Cl)n1
PACERGEN01533,Cc1ccc(C(=O)Nc2ccncc2Cl)c(-c2ccncc2Cl)n1
PACERGEN01534,O=C(NC1Cc2ccccc2C1)c1ccc2cc(C3Cc4ccccc4C3)nnc2c1
PACERGEN01535,O=C(NC1Cc2ccccc2C1)c1cc2ccc(C3Cc4ccccc4C3)cc2nn1
PACERGEN01536,Cc1c(Cl)nnc2sc(NC(=O)c3cc(C4CC4)ncc3Cl)c(N)c12
PACERGEN01537,Cc1c(Cl)nnc2sc(C(=O)Nc3cc(C4CC4)ncc3Cl)c(N)c12
PACERGEN01538,Cc1c(Cl)nnc2sc(C(=O)Nc3cc(C4CC4)c(Cl)cn3)c(N)c12
PACERGEN01539,Cc1c(Cl)nnc2sc(NC(=O)c3cc(C4CC4)c(Cl)cn3)c(N)c12
PACERGEN01540,Cc1cc2nncn2c2sc(-c3ccc4cc(C(=O)NC5(F)CCCC5)nnc4c3)c(N)c12
PACERGEN01541,Cc1cc2nncn2c2sc(-c3cc4ccc(C(=O)NC5(F)CCCC5)cc4nn3)c(N)c12
PACERGEN01542,O=C(NC1(F)CCCC1)c1cc(-c2ccncc2Cl)ncc1Cl
PACERGEN01543,O=C(NC1(F)CCCC1)c1cc(-c2ccncc2Cl)c(Cl)cn1
PACERGEN01544,Cc1nnc2sc(NC(=O)c3cncc(C4Cc5ccccc5C4)c3)c(N)c2c1C
PACERGEN01545,Cc1nnc2sc(C(=O)Nc3cncc(C4Cc5ccccc5C4)c3)c(N)c2c1C
PACERGEN01546,COC1CN(c2cc(Nc3sc4c(c(C)c(Cl)c5nnc(C)n54)c3N)ncc2Cl)C1
PACERGEN01547,COC1CN(c2cc(Nc3sc4c(c(C)c(Cl)c5nnc(C)n54)c3N)c(Cl)cn2)C1
PACERGEN01548,Cc1ccc(-c2sc3c(c(C)cc4nncn43)c2N)c(NC(=O)C2(F)CCCC2)n1
PACERGEN01549,Cc1ccc(NC(=O)C2(F)CCCC2)c(-c2sc3c(c(C)cc4nncn43)c2N)n1
PACERGEN01550,Cc1nnc2sc(-c3ccc4cc(C(=O)Nc5cc(F)nc(F)c5)nnc4c3)c(N)c2c1C
PACERGEN01551,Cc1nnc2sc(-c3cc4ccc(NC(=O)c5cc(F)nc(F)c5)cc4nn3)c(N)c2c1C
PACERGEN01552,Cc1nnc2sc(-c3ccc4cc(NC(=O)c5cc(F)nc(F)c5)nnc4c3)c(N)c2c1C
PACERGEN01553,Cc1nnc2sc(NC(=O)c3ccc4cc(-c5cc(F)nc(F)c5)nnc4c3)c(N)c2c1C
PACERGEN01554,Cc1nnc2sc(NC(=O)c3cc4ccc(-c5cc(F)nc(F)c5)cc4nn3)c(N)c2c1C
PACERGEN01555,Cc1nnc2sc(C(=O)Nc3ccc4cc(-c5cc(F)nc(F)c5)nnc4c3)c(N)c2c1C
PACERGEN01556,Cc1nnc2sc(-c3cc4ccc(C(=O)Nc5cc(F)nc(F)c5)cc4nn3)c(N)c2c1C
PACERGEN01557,Cc1nnc2sc(C(=O)Nc3cc4ccc(-c5cc(F)nc(F)c5)cc4nn3)c(N)c2c1C
PACERGEN01558,Cc1cc2nncn2c2sc(-c3cncc(C(=O)Nc4ccc(F)c(F)c4)c3)c(N)c12
PACERGEN01559,Cc1cc2nncn2c2sc(-c3cncc(NC(=O)c4ccc(F)c(F)c4)c3)c(N)c12
PACERGEN01560,Cc1cc2nncn2c2sc(NC(=O)c3cncc(-c4ccc(F)c(F)c4)c3)c(N)c12
PACERGEN01561,Cc1cc2nncn2c2sc(C(=O)Nc3cncc(-c4ccc(F)c(F)c4)c3)c(N)c12
PACERGEN01562,O=C(Nc1cc(-c2cc(F)nc(F)c2)c(Cl)cn1)C1Cc2ccccc2C1
PACERGEN01563,O=C(Nc1cc(-c2cc(F)nc(F)c2)ncc1Cl)C1Cc2ccccc2C1
PACERGEN01564,Cc1ccc(NC(=O)c2ccncc2Cl)c(C2(F)CCCC2)n1
PACERGEN01565,Cc1ccc(C(=O)Nc2ccncc2Cl)c(C2(F)CCCC2)n1
PACERGEN01566,Cc1ccc(C2(F)CCCC2)c(C(=O)Nc2ccncc2Cl)n1
PACERGEN01567,Cc1ccc(C2(F)CCCC2)c(NC(=O)c2ccncc2Cl)n1
PACERGEN01568,O=C(Nc1ccc2cc(C3Cc4ccccc4C3)nnc2c1)c1cc(F)nc(F)c1
PACERGEN01569,O=C(Nc1cc2ccc(C3Cc4ccccc4C3)cc2nn1)c1cc(F)nc(F)c1
PACERGEN01570,O=C(Nc1cc(F)nc(F)c1)c1ccc2cc(C3Cc4ccccc4C3)nnc2c1
PACERGEN01571,O=C(Nc1cc(F)nc(F)c1)c1cc2ccc(C3Cc4ccccc4C3)cc2nn1
PACERGEN01572,COc1cnn(-c2ccc(C)nc2Nc2sc3c(c(C)c(Cl)c4nnc(C)n43)c2N)c1
PACERGEN01573,COc1nc(C)ccc1-n1cc(Nc2sc3c(c(C)c(Cl)c4nnc(C)n43)c2N)cn1
PACERGEN01574,COc1ccc(C)nc1-n1cc(Nc2sc3c(c(C)c(Cl)c4nnc(C)n43)c2N)cn1
PACERGEN01575,COc1cnn(-c2nc(C)ccc2Nc2sc3c(c(C)c(Cl)c4nnc(C)n43)c2N)c1
PACERGEN01576,Cc1c(Cl)c2nnc(C)n2c2sc(C(=O)Nc3cnn(C4(F)CCCC4)c3)c(N)c12
PACERGEN01577,Cc1c(Cl)c2nnc(C)n2c2sc(NC(=O)c3cnn(C4(F)CCCC4)c3)c(N)c12
PACERGEN01578,Cc1nnc2sc(C(=O)NC(=O)C3CC3)c(N)c2c1C
PACERGEN01579,Cc1nnc2sc(-c3ccc4cc(N5CC(NC6Cc7ccccc7C6)C5)nnc4c3)c(N)c2c1C
PACERGEN01580,Cc1nnc2sc(-c3cc4ccc(N5CC(NC6Cc7ccccc7C6)C5)cc4nn3)c(N)c2c1C
PACERGEN01581,Cc1c(Cl)c2nncn2c2sc(-c3cc4ccc(NC(=O)C5CC5)cc4nn3)c(N)c12
PACERGEN01582,Cc1c(Cl)c2nncn2c2sc(-c3ccc4cc(NC(=O)C5CC5)nnc4c3)c(N)c12
PACERGEN01583,Cc1cc2nncn2c2sc(-c3cc(C(=O)NC4Cc5ccccc5C4)c(Cl)cn3)c(N)c12
PACERGEN01584,Cc1c(Cl)c2nncn2c2sc(-c3cncc(C(=O)NC4Cc5ccccc5C4)c3)c(N)c12
PACERGEN01585,Cc1cc2nncn2c2sc(-c3cc(C(=O)NC4Cc5ccccc5C4)ncc3Cl)c(N)c12
PACERGEN01586,Cc1c(Cl)c2nnc(C)n2c2sc(NC3(F)CCCC3)c(N)c12
PACERGEN01587,Cc1cc2nncn2c2sc(N3CC(C(=O)NC4CC4)C3)c(N)c12
PACERGEN01588,Cc1cc2nncn2c2sc(N3CC(NC(=O)C4CC4)C3)c(N)c12
PACERGEN01589,Fc1cncc(N2CC(c3cc(NC4Cc5ccccc5C4)c(Cl)cn3)C2)c1
PACERGEN01590,Fc1cncc(C2CN(c3cc(NC4Cc5ccccc5C4)c(Cl)cn3)C2)c1
PACERGEN01591,Fc1cncc(N2CC(c3cc(NC4Cc5ccccc5C4)ncc3Cl)C2)c1
PACERGEN01592,Fc1cncc(C2CN(c3cc(NC4Cc5ccccc5C4)ncc3Cl)C2)c1
PACERGEN01593,c1ccc2c(c1)CC(NC1CN(c3cc4ccc(C5Cc6ccccc6C5)cc4nn3)C1)C2
PACERGEN01594,c1ccc2c(c1)CC(NC1CN(c3ccc4cc(C5Cc6ccccc6C5)nnc4c3)C1)C2
PACERGEN01595,Cc1c(Cl)c2nnc(C)n2c2sc(Nc3cnn(Cc4cc(F)nc(F)c4)c3)c(N)c12
PACERGEN01596,Cc1ccc(-c2ccncc2Cl)c(NC(=O)C2Cc3ccccc3C2)n1
PACERGEN01597,Cc1ccc(NC(=O)C2Cc3ccccc3C2)c(-c2ccncc2Cl)n1
PACERGEN01598,O=C(Nc1cc(-c2ccc(F)c(F)c2)ncc1Cl)c1cncc(F)c1
PACERGEN01599,O=C(Nc1cc(-c2ccc(F)c(F)c2)c(Cl)cn1)c1cncc(F)c1
PACERGEN01600,O=C(Nc1cncc(F)c1)c1cc(-c2ccc(F)c(F)c2)ncc1Cl
PACERGEN01601,O=C(Nc1cncc(F)c1)c1cc(-c2ccc(F)c(F)c2)c(Cl)cn1
PACERGEN01602,O=C(Nc1cc(-c2cncc(F)c2)ncc1Cl)c1ccc(F)c(F)c1
PACERGEN01603,O=C(Nc1cc(-c2cncc(F)c2)c(Cl)cn1)c1ccc(F)c(F)c1
PACERGEN01604,O=C(Nc1ccc(F)c(F)c1)c1cc(-c2cncc(F)c2)ncc1Cl
PACERGEN01605,O=C(Nc1ccc(F)c(F)c1)c1cc(-c2cncc(F)c2)c(Cl)cn1
PACERGEN01606,Cc1nnc2sc(-c3cc4ccc(C(=O)NC5(F)CCCC5)cc4nn3)c(N)c2c1C
PACERGEN01607,Cc1nnc2sc(-c3ccc4cc(C(=O)NC5(F)CCCC5)nnc4c3)c(N)c2c1C
PACERGEN01608,Cc1c(Cl)c2nnc(C)n2c2sc(Nc3cnn(C4CN(c5cc(F)nc(F)c5)C4)c3)c(N)c12
PACERGEN01609,O=C(NC1Cc2ccccc2C1)c1ccc2cc(-c3ccc(F)c(F)c3)nnc2c1
PACERGEN01610,O=C(NC1Cc2ccccc2C1)c1cc2ccc(-c3ccc(F)c(F)c3)cc2nn1
PACERGEN01611,Cc1cc2nncn2c2sc(-c3cc(NC(=O)c4cc(F)nc(F)c4)ncc3Cl)c(N)c12
PACERGEN01612,Cc1cc2nncn2c2sc(C(=O)Nc3cc(-c4cc(F)nc(F)c4)ncc3Cl)c(N)c12
PACERGEN01613,Cc1cc2nncn2c2sc(-c3cc(C(=O)Nc4cc(F)nc(F)c4)ncc3Cl)c(N)c12
PACERGEN01614,Cc1cc2nncn2c2sc(NC(=O)c3cc(-c4cc(F)nc(F)c4)ncc3Cl)c(N)c12
PACERGEN01615,Cc1cc2nncn2c2sc(C(=O)Nc3cc(-c4cc(F)nc(F)c4)c(Cl)cn3)c(N)c12
PACERGEN01616,Cc1c(Cl)c2nncn2c2sc(NC(=O)c3cncc(-c4cc(F)nc(F)c4)c3)c(N)c12
PACERGEN01617,Cc1cc2nncn2c2sc(-c3cc(C(=O)Nc4cc(F)nc(F)c4)c(Cl)cn3)c(N)c12
PACERGEN01618,Cc1cc2nncn2c2sc(-c3cc(NC(=O)c4cc(F)nc(F)c4)c(Cl)cn3)c(N)c12
PACERGEN01619,Cc1c(Cl)c2nncn2c2sc(C(=O)Nc3cncc(-c4cc(F)nc(F)c4)c3)c(N)c12
PACERGEN01620,Cc1cc2nncn2c2sc(NC(=O)c3cc(-c4cc(F)nc(F)c4)c(Cl)cn3)c(N)c12
PACERGEN01621,Cc1c(Cl)c2nncn2c2sc(-c3cncc(C(=O)Nc4cc(F)nc(F)c4)c3)c(N)c12
PACERGEN01622,Cc1c(Cl)c2nncn2c2sc(-c3cncc(NC(=O)c4cc(F)nc(F)c4)c3)c(N)c12
PACERGEN01623,Cc1ccc(NC(=O)C2(F)CCCC2)c(-c2sc3nnc(C)c(C)c3c2N)n1
PACERGEN01624,Cc1ccc(-c2sc3nnc(C)c(C)c3c2N)c(NC(=O)C2(F)CCCC2)n1
PACERGEN01625,O=C(NC1(F)CCCC1)c1ccc2cc(C3Cc4ccccc4C3)nnc2c1
PACERGEN01626,O=C(NC1(F)CCCC1)c1cc2ccc(C3Cc4ccccc4C3)cc2nn1
PACERGEN01627,Cc1ccc(C2(F)CCCC2)c(NC(=O)C2Cc3ccccc3C2)n1
PACERGEN01628,Cc1ccc(NC(=O)C2Cc3ccccc3C2)c(C2(F)CCCC2)n1
PACERGEN01629,Cc1nnc2sc(NC(=O)c3cncc(-c4ccc(F)c(F)c4)c3)c(N)c2c1C
PACERGEN01630,Cc1nnc2sc(-c3cncc(C(=O)Nc4ccc(F)c(F)c4)c3)c(N)c2c1C
PACERGEN01631,Cc1nnc2sc(-c3cncc(NC(=O)c4ccc(F)c(F)c4)c3)c(N)c2c1C
PACERGEN01632,Cc1nnc2sc(C(=O)Nc3cncc(-c4ccc(F)c(F)c4)c3)c(N)c2c1C
PACERGEN01633,O=C(NC1CN(c2cncc(F)c2)C1)c1cc(F)nc(F)c1
PACERGEN01634,O=C(NC1CN(c2cc(F)nc(F)c2)C1)c1cncc(F)c1
PACERGEN01635,Cc1c(Cl)c2nnc(C)n2c2sc(NC3CN(c4cnn(C5(F)CCCC5)c4)C3)c(N)c12
PACERGEN01636,COc1ccc2cc(Nc3sc4c(c(C)c(Cl)c5nnc(C)n54)c3N)nnc2c1
PACERGEN01637,COc1cc2ccc(Nc3sc4c(c(C)c(Cl)c5nnc(C)n54)c3N)cc2nn1
PACERGEN01638,Cc1ccc(C2Cc3ccccc3C2)c(NC(=O)C2(F)CCCC2)n1
PACERGEN01639,Cc1ccc(NC(=O)C2(F)CCCC2)c(C2Cc3ccccc3C2)n1
PACERGEN01640,O=C(Nc1cncc(C2Cc3ccccc3C2)c1)c1ccc(F)c(F)c1
PACERGEN01641,O=C(Nc1ccc(F)c(F)c1)c1cncc(C2Cc3ccccc3C2)c1
PACERGEN01642,Cc1cc2nncn2c2sc(-c3cc(N4CC(NC5Cc6ccccc6C5)C4)c(Cl)cn3)c(N)c12
PACERGEN01643,Cc1c(Cl)c2nncn2c2sc(-c3cncc(N4CC(NC5Cc6ccccc6C5)C4)c3)c(N)c12
PACERGEN01644,Cc1cc2nncn2c2sc(-c3cc(N4CC(NC5Cc6ccccc6C5)C4)ncc3Cl)c(N)c12
PACERGEN01645,Cc1c(Cl)c2nnc(C)n2c2sc(Nc3cncc(C4CN(C5CC5)C4)c3)c(N)c12
PACERGEN01646,Cc1cc2nncn2c2sc(C(=O)NC(=O)C3CC3)c(N)c12
PACERGEN01647,O=C(Nc1ccc2cc(-c3cc(F)nc(F)c3)nnc2c1)c1ccc(F)c(F)c1
PACERGEN01648,O=C(Nc1cc2ccc(-c3ccc(F)c(F)c3)cc2nn1)c1cc(F)nc(F)c1
PACERGEN01649,O=C(Nc1cc(F)nc(F)c1)c1cc2ccc(-c3ccc(F)c(F)c3)cc2nn1
PACERGEN01650,O=C(Nc1cc(F)nc(F)c1)c1ccc2cc(-c3ccc(F)c(F)c3)nnc2c1
PACERGEN01651,O=C(Nc1ccc(F)c(F)c1)c1cc2ccc(-c3cc(F)nc(F)c3)cc2nn1
PACERGEN01652,O=C(Nc1ccc2cc(-c3ccc(F)c(F)c3)nnc2c1)c1cc(F)nc(F)c1
PACERGEN01653,O=C(Nc1ccc(F)c(F)c1)c1ccc2cc(-c3cc(F)nc(F)c3)nnc2c1
PACERGEN01654,O=C(Nc1cc2ccc(-c3cc(F)nc(F)c3)cc2nn1)c1ccc(F)c(F)c1
PACERGEN01655,Cc1ccc(C(=O)NC2Cc3ccccc3C2)c(-c2sc3nnc(Cl)c(C)c3c2N)n1
PACERGEN01656,Cc1nnc2sc(-c3cc(C(=O)NC4Cc5ccccc5C4)ncc3Cl)c(N)c2c1C
PACERGEN01657,Cc1ccc(-c2sc3nnc(Cl)c(C)c3c2N)c(C(=O)NC2Cc3ccccc3C2)n1
PACERGEN01658,Cc1nnc2sc(-c3cc(C(=O)NC4Cc5ccccc5C4)c(Cl)cn3)c(N)c2c1C
PACERGEN01659,Cc1ccc(-c2ccncc2Cl)c(NC(=O)c2sc3c(c(C)cc4nncn43)c2N)n1
PACERGEN01660,Cc1ccc(-c2ccncc2Cl)c(C(=O)Nc2sc3c(c(C)cc4nncn43)c2N)n1
PACERGEN01661,Cc1ccc(NC(=O)c2sc3c(c(C)cc4nncn43)c2N)c(-c2ccncc2Cl)n1
PACERGEN01662,Cc1ccc(C(=O)Nc2sc3c(c(C)cc4nncn43)c2N)c(-c2ccncc2Cl)n1
PACERGEN01663,Cc1ccc(-c2sc3c(c(C)cc4nncn43)c2N)c(C(=O)Nc2ccncc2Cl)n1
PACERGEN01664,Cc1ccc(-c2sc3c(c(C)cc4nncn43)c2N)c(NC(=O)c2ccncc2Cl)n1
PACERGEN01665,Cc1ccc(C(=O)Nc2ccncc2Cl)c(-c2sc3c(c(C)cc4nncn43)c2N)n1
PACERGEN01666,Cc1ccc(NC(=O)c2ccncc2Cl)c(-c2sc3c(c(C)cc4nncn43)c2N)n1
PACERGEN01667,Cc1c(Cl)c2nnc(C)n2c2sc(Nc3cncc(NC4CC4)c3)c(N)c12
PACERGEN01668,Cc1c(Cl)c2nnc(C)n2c2sc(NC(=O)c3cnn(-c4ccc(F)c(F)c4)c3)c(N)c12
PACERGEN01669,Cc1c(Cl)c2nnc(C)n2c2sc(C(=O)Nc3cnn(-c4ccc(F)c(F)c4)c3)c(N)c12
PACERGEN01670,Cc1c(Cl)c2nnc(C)n2c2sc(-n3cc(C(=O)Nc4ccc(F)c(F)c4)cn3)c(N)c12
PACERGEN01671,Cc1c(Cl)c2nnc(C)n2c2sc(-n3cc(NC(=O)c4ccc(F)c(F)c4)cn3)c(N)c12
PACERGEN01672,Clc1cnc(-c2cnn(C3CC3)c2)cc1NC1Cc2ccccc2C1
PACERGEN01673,Clc1cnc(NC2Cc3ccccc3C2)cc1-c1cnn(C2CC2)c1
PACERGEN01674,O=C(NC1Cc2ccccc2C1)c1cc(C2Cc3ccccc3C2)ncc1Cl
PACERGEN01675,O=C(NC1Cc2ccccc2C1)c1cc(C2Cc3ccccc3C2)c(Cl)cn1
PACERGEN01676,Cc1ccc(-c2sc3c(c(C)c(Cl)c4nnc(C)n43)c2N)c(NC(=O)C2CC2)n1
PACERGEN01677,Cc1ccc(NC(=O)C2CC2)c(-c2sc3c(c(C)c(Cl)c4nnc(C)n43)c2N)n1
PACERGEN01678,Cc1c(Cl)nnc2sc(-c3cncc(NC(=O)C4(F)CCCC4)c3)c(N)c12
PACERGEN01679,Cc1cc2nncn2c2sc(-c3cc(C(=O)NC4(F)CCCC4)ncc3Cl)c(N)c12
PACERGEN01680,Cc1cc2nncn2c2sc(-c3cc(C(=O)NC4(F)CCCC4)c(Cl)cn3)c(N)c12
PACERGEN01681,Cc1c(Cl)c2nncn2c2sc(-c3cncc(C(=O)NC4(F)CCCC4)c3)c(N)c12
PACERGEN01682,Fc1ccc(-c2ccc3cc(N4CC(NC5Cc6ccccc6C5)C4)nnc3c2)cc1F
PACERGEN01683,Fc1ccc(-c2cc3ccc(N4CC(NC5Cc6ccccc6C5)C4)cc3nn2)cc1F
PACERGEN01684,Cc1ccc(C2(F)CCCC2)c(NC(=O)c2sc3c(c(C)cc4nncn43)c2N)n1
PACERGEN01685,Cc1ccc(C2(F)CCCC2)c(C(=O)Nc2sc3c(c(C)cc4nncn43)c2N)n1
PACERGEN01686,Cc1ccc(NC(=O)c2sc3c(c(C)cc4nncn43)c2N)c(C2(F)CCCC2)n1
PACERGEN01687,Cc1ccc(C(=O)Nc2sc3c(c(C)cc4nncn43)c2N)c(C2(F)CCCC2)n1
PACERGEN01688,Cc1ccc(-c2sc3nnc(Cl)c(C)c3c2N)c(C(=O)Nc2cc(F)nc(F)c2)n1
PACERGEN01689,Cc1ccc(-c2sc3nnc(Cl)c(C)c3c2N)c(NC(=O)c2cc(F)nc(F)c2)n1
PACERGEN01690,Cc1nnc2sc(-c3cc(C(=O)Nc4cc(F)nc(F)c4)ncc3Cl)c(N)c2c1C
PACERGEN01691,Cc1nnc2sc(C(=O)Nc3cc(-c4cc(F)nc(F)c4)ncc3Cl)c(N)c2c1C
PACERGEN01692,Cc1nnc2sc(NC(=O)c3cc(-c4cc(F)nc(F)c4)ncc3Cl)c(N)c2c1C
PACERGEN01693,Cc1ccc(NC(=O)c2cc(F)nc(F)c2)c(-c2sc3nnc(Cl)c(C)c3c2N)n1
PACERGEN01694,Cc1ccc(-c2cc(F)nc(F)c2)c(C(=O)Nc2sc3nnc(Cl)c(C)c3c2N)n1
PACERGEN01695,Cc1nnc2sc(C(=O)Nc3cc(-c4cc(F)nc(F)c4)c(Cl)cn3)c(N)c2c1C
PACERGEN01696,Cc1ccc(C(=O)Nc2cc(F)nc(F)c2)c(-c2sc3nnc(Cl)c(C)c3c2N)n1
PACERGEN01697,Cc1ccc(C(=O)Nc2sc3nnc(Cl)c(C)c3c2N)c(-c2cc(F)nc(F)c2)n1
PACERGEN01698,Cc1nnc2sc(-c3cc(C(=O)Nc4cc(F)nc(F)c4)c(Cl)cn3)c(N)c2c1C
PACERGEN01699,Cc1ccc(NC(=O)c2sc3nnc(Cl)c(C)c3c2N)c(-c2cc(F)nc(F)c2)n1
PACERGEN01700,Cc1nnc2sc(NC(=O)c3cc(-c4cc(F)nc(F)c4)c(Cl)cn3)c(N)c2c1C
PACERGEN01701,Cc1nnc2sc(-c3cc(NC(=O)c4cc(F)nc(F)c4)ncc3Cl)c(N)c2c1C
PACERGEN01702,Cc1nnc2sc(-c3cc(NC(=O)c4cc(F)nc(F)c4)c(Cl)cn3)c(N)c2c1C
PACERGEN01703,Cc1ccc(-c2cc(F)nc(F)c2)c(NC(=O)c2sc3nnc(Cl)c(C)c3c2N)n1
PACERGEN01704,Cc1nnc2sc(C(=O)NC3CN(C4CC4)C3)c(N)c2c1C
PACERGEN01705,O=C(NC(=O)c1cc(F)nc(F)c1)c1cncc(F)c1
PACERGEN01706,O=C(Nc1cc(F)nc(F)c1)c1cc(C2Cc3ccccc3C2)ncc1Cl
PACERGEN01707,O=C(Nc1cc(F)nc(F)c1)c1cc(C2Cc3ccccc3C2)c(Cl)cn1
PACERGEN01708,O=C(Nc1cc(C2Cc3ccccc3C2)c(Cl)cn1)c1cc(F)nc(F)c1
PACERGEN01709,O=C(Nc1cc(C2Cc3ccccc3C2)ncc1Cl)c1cc(F)nc(F)c1
PACERGEN01710,O=C(NC1(F)CCCC1)c1cc2ccc(-c3ccc(F)c(F)c3)cc2nn1
PACERGEN01711,O=C(NC1(F)CCCC1)c1ccc2cc(-c3ccc(F)c(F)c3)nnc2c1
PACERGEN01712,Cc1ccc(N2CC(NC3Cc4ccccc4C3)C2)c(-c2sc3nnc(Cl)c(C)c3c2N)n1
PACERGEN01713,Cc1ccc(-c2sc3nnc(Cl)c(C)c3c2N)c(N2CC(NC3Cc4ccccc4C3)C2)n1
PACERGEN01714,Cc1nnc2sc(-c3cc(N4CC(NC5Cc6ccccc6C5)C4)c(Cl)cn3)c(N)c2c1C
PACERGEN01715,Cc1nnc2sc(-c3cc(N4CC(NC5Cc6ccccc6C5)C4)ncc3Cl)c(N)c2c1C
PACERGEN01716,Cc1c(Cl)c2nncn2c2sc(-c3cc(NC(=O)C4CC4)c(Cl)cn3)c(N)c12
PACERGEN01717,Cc1c(Cl)c2nncn2c2sc(-c3cc(NC(=O)C4CC4)ncc3Cl)c(N)c12
PACERGEN01718,Cc1ccc(-c2ccc(F)c(F)c2)c(NC(=O)C2(F)CCCC2)n1
PACERGEN01719,Cc1ccc(NC(=O)C2(F)CCCC2)c(-c2ccc(F)c(F)c2)n1
PACERGEN01720,O=C(Nc1cncc(-c2ccc(F)c(F)c2)c1)c1ccc(F)c(F)c1
PACERGEN01721,O=C(Nc1ccc(F)c(F)c1)c1cncc(-c2ccc(F)c(F)c2)c1
PACERGEN01722,Cc1ccc(-c2sc3c(c(C)cc4nncn43)c2N)c(NC(=O)C2Cc3ccccc3C2)n1
PACERGEN01723,Cc1ccc(NC(=O)C2Cc3ccccc3C2)c(-c2sc3c(c(C)cc4nncn43)c2N)n1
PACERGEN01724,Cc1c(Cl)c2nncn2c2sc(NC(=O)c3ccc4cc(C5CC5)nnc4c3)c(N)c12
PACERGEN01725,Cc1c(Cl)c2nncn2c2sc(C(=O)Nc3ccc4cc(C5CC5)nnc4c3)c(N)c12
PACERGEN01726,Cc1c(Cl)c2nncn2c2sc(NC(=O)c3cc4ccc(C5CC5)cc4nn3)c(N)c12
PACERGEN01727,Cc1c(Cl)c2nncn2c2sc(C(=O)Nc3cc4ccc(C5CC5)cc4nn3)c(N)c12
PACERGEN01728,Cc1c(Cl)c2nnc(C)n2c2sc(NC3CN(c4cnn(-c5ccc(F)c(F)c5)c4)C3)c(N)c12
PACERGEN01729,Cc1ccc(-c2sc3nnc(C)c(C)c3c2N)c(C(=O)Nc2ccncc2Cl)n1
PACERGEN01730,Cc1ccc(C(=O)Nc2sc3nnc(C)c(C)c3c2N)c(-c2ccncc2Cl)n1
PACERGEN01731,Cc1ccc(-c2ccncc2Cl)c(C(=O)Nc2sc3nnc(C)c(C)c3c2N)n1
PACERGEN01732,Cc1ccc(-c2ccncc2Cl)c(NC(=O)c2sc3nnc(C)c(C)c3c2N)n1
PACERGEN01733,Cc1ccc(NC(=O)c2sc3nnc(C)c(C)c3c2N)c(-c2ccncc2Cl)n1
PACERGEN01734,Cc1ccc(-c2sc3nnc(C)c(C)c3c2N)c(NC(=O)c2ccncc2Cl)n1
PACERGEN01735,Cc1ccc(C(=O)Nc2ccncc2Cl)c(-c2sc3nnc(C)c(C)c3c2N)n1
PACERGEN01736,Cc1ccc(NC(=O)c2ccncc2Cl)c(-c2sc3nnc(C)c(C)c3c2N)n1
PACERGEN01737,O=C(NC1CC1)c1cnn(-c2cc(F)nc(F)c2)c1
PACERGEN01738,O=C(Nc1ccc2cc(-c3ccncc3Cl)nnc2c1)C1(F)CCCC1
PACERGEN01739,O=C(Nc1cc2ccc(-c3ccncc3Cl)cc2nn1)C1(F)CCCC1
PACERGEN01740,Cc1ccc(C2Cc3ccccc3C2)c(NC(=O)c2ccncc2Cl)n1
PACERGEN01741,Cc1ccc(C2Cc3ccccc3C2)c(C(=O)Nc2ccncc2Cl)n1
PACERGEN01742,Cc1ccc(C(=O)Nc2ccncc2Cl)c(C2Cc3ccccc3C2)n1
PACERGEN01743,Cc1ccc(NC(=O)c2ccncc2Cl)c(C2Cc3ccccc3C2)n1
PACERGEN01744,Cc1ccc(-c2sc3nnc(Cl)c(C)c3c2N)c(C(=O)NC2(F)CCCC2)n1
PACERGEN01745,Cc1ccc(C(=O)NC2(F)CCCC2)c(-c2sc3nnc(Cl)c(C)c3c2N)n1
PACERGEN01746,Cc1nnc2sc(-c3cc(C(=O)NC4(F)CCCC4)c(Cl)cn3)c(N)c2c1C
PACERGEN01747,Cc1nnc2sc(-c3cc(C(=O)NC4(F)CCCC4)ncc3Cl)c(N)c2c1C
PACERGEN01748,O=C(NC1Cc2ccccc2C1)c1cc(-c2ccc(F)c(F)c2)ncc1Cl
PACERGEN01749,O=C(NC1Cc2ccccc2C1)c1cc(-c2ccc(F)c(F)c2)c(Cl)cn1
PACERGEN01750,Cc1ccc(C2(F)CCCC2)c(NC(=O)c2sc3nnc(C)c(C)c3c2N)n1
PACERGEN01751,Cc1ccc(C2(F)CCCC2)c(C(=O)Nc2sc3nnc(C)c(C)c3c2N)n1
PACERGEN01752,Cc1ccc(C(=O)Nc2sc3nnc(C)c(C)c3c2N)c(C2(F)CCCC2)n1
PACERGEN01753,Cc1ccc(NC(=O)c2sc3nnc(C)c(C)c3c2N)c(C2(F)CCCC2)n1
PACERGEN01754,Cc1c(Cl)c2nnc(C)n2c2sc(NC(=O)c3cnn(C4Cc5ccccc5C4)c3)c(N)c12
PACERGEN01755,Cc1c(Cl)c2nnc(C)n2c2sc(C(=O)Nc3cnn(C4Cc5ccccc5C4)c3)c(N)c12
PACERGEN01756,O=C(NC1(F)CCCC1)c1cc(C2Cc3ccccc3C2)ncc1Cl
PACERGEN01757,O=C(NC1(F)CCCC1)c1cc(C2Cc3ccccc3C2)c(Cl)cn1
PACERGEN01758,Cc1c(Cl)c2nnc(C)n2c2sc(Nc3ccncc3Cl)c(N)c12
PACERGEN01759,Cc1cc2nncn2c2sc(C(=O)NC3CN(C4CC4)C3)c(N)c12
PACERGEN01760,O=C(Nc1cc2ccc(C3(F)CCCC3)cc2nn1)C1(F)CCCC1
PACERGEN01761,O=C(Nc1ccc2cc(C3(F)CCCC3)nnc2c1)C1(F)CCCC1
PACERGEN01762,Fc1cc(C2CN(c3cc(NC4Cc5ccccc5C4)c(Cl)cn3)C2)cc(F)n1
PACERGEN01763,Fc1cc(N2CC(c3cc(NC4Cc5ccccc5C4)c(Cl)cn3)C2)cc(F)n1
PACERGEN01764,Fc1cc(C2CN(c3cc(NC4Cc5ccccc5C4)ncc3Cl)C2)cc(F)n1
PACERGEN01765,Fc1cc(N2CC(c3cc(NC4Cc5ccccc5C4)ncc3Cl)C2)cc(F)n1
PACERGEN01766,Fc1cncc(Nc2cc(NC3Cc4ccccc4C3)ncc2Cl)c1
PACERGEN01767,Fc1cncc(Nc2cc(NC3Cc4ccccc4C3)c(Cl)cn2)c1
PACERGEN01768,COc1cc(Nc2sc3c(c(C)c(Cl)c4nnc(C)n43)c2N)c(Cl)cn1
PACERGEN01769,COc1cc(Nc2sc3c(c(C)c(Cl)c4nnc(C)n43)c2N)ncc1Cl
PACERGEN01770,Cc1c(Cl)nnc2sc(C(=O)Nc3sc4c(c(C)c(Cl)c5nnc(C)n54)c3N)c(N)c12
PACERGEN01771,Cc1c(Cl)nnc2sc(NC(=O)c3sc4c(c(C)c(Cl)c5nnc(C)n54)c3N)c(N)c12
PACERGEN01772,Cc1c(Cl)nnc2sc(-c3cncc(C(=O)Nc4ccncc4Cl)c3)c(N)c12
PACERGEN01773,Cc1c(Cl)nnc2sc(-c3cncc(NC(=O)c4ccncc4Cl)c3)c(N)c12
PACERGEN01774,Cc1c(Cl)nnc2sc(C(=O)Nc3cncc(-c4ccncc4Cl)c3)c(N)c12
PACERGEN01775,Cc1c(Cl)nnc2sc(NC(=O)c3cncc(-c4ccncc4Cl)c3)c(N)c12
PACERGEN01776,O=C(Nc1cc(-c2ccc(F)c(F)c2)ncc1Cl)c1cc(F)nc(F)c1
PACERGEN01777,O=C(Nc1cc(F)nc(F)c1)c1cc(-c2ccc(F)c(F)c2)ncc1Cl
PACERGEN01778,O=C(Nc1cc(-c2ccc(F)c(F)c2)c(Cl)cn1)c1cc(F)nc(F)c1
PACERGEN01779,O=C(Nc1ccc(F)c(F)c1)c1cc(-c2cc(F)nc(F)c2)ncc1Cl
PACERGEN01780,O=C(Nc1cc(-c2cc(F)nc(F)c2)c(Cl)cn1)c1ccc(F)c(F)c1
PACERGEN01781,O=C(Nc1cc(-c2cc(F)nc(F)c2)ncc1Cl)c1ccc(F)c(F)c1
PACERGEN01782,O=C(Nc1cc(F)nc(F)c1)c1cc(-c2ccc(F)c(F)c2)c(Cl)cn1
PACERGEN01783,O=C(Nc1ccc(F)c(F)c1)c1cc(-c2cc(F)nc(F)c2)c(Cl)cn1
PACERGEN01784,Cc1ccc(-c2sc3nnc(C)c(C)c3c2N)c(NC(=O)C2Cc3ccccc3C2)n1
PACERGEN01785,Cc1ccc(NC(=O)C2Cc3ccccc3C2)c(-c2sc3nnc(C)c(C)c3c2N)n1
PACERGEN01786,Cc1c(Cl)nnc2sc(C(=O)Nc3cncc(C4(F)CCCC4)c3)c(N)c12
PACERGEN01787,Cc1c(Cl)nnc2sc(NC(=O)c3cncc(C4(F)CCCC4)c3)c(N)c12
PACERGEN01788,Cc1ccc(C2Cc3ccccc3C2)c(NC(=O)C2Cc3ccccc3C2)n1
PACERGEN01789,Cc1ccc(NC(=O)C2Cc3ccccc3C2)c(C2Cc3ccccc3C2)n1
PACERGEN01790,O=C(NC1CN(c2cncc(F)c2)C1)c1cncc(F)c1
PACERGEN01791,Cc1ccc(C2CC2)c(NC(=O)c2sc3c(c(C)c(Cl)c4nnc(C)n43)c2N)n1
PACERGEN01792,Cc1ccc(C2CC2)c(C(=O)Nc2sc3c(c(C)c(Cl)c4nnc(C)n43)c2N)n1
PACERGEN01793,Cc1ccc(NC(=O)c2sc3c(c(C)c(Cl)c4nnc(C)n43)c2N)c(C2CC2)n1
PACERGEN01794,Cc1ccc(C(=O)Nc2sc3c(c(C)c(Cl)c4nnc(C)n43)c2N)c(C2CC2)n1
PACERGEN01795,Cc1c(Cl)nnc2sc(NC(=O)c3ccc4cc(-c5cncc(F)c5)nnc4c3)c(N)c12
PACERGEN01796,Cc1c(Cl)nnc2sc(NC(=O)c3cc4ccc(-c5cncc(F)c5)cc4nn3)c(N)c12
PACERGEN01797,Cc1c(Cl)nnc2sc(C(=O)Nc3ccc4cc(-c5cncc(F)c5)nnc4c3)c(N)c12
PACERGEN01798,Cc1c(Cl)nnc2sc(C(=O)Nc3cc4ccc(-c5cncc(F)c5)cc4nn3)c(N)c12
PACERGEN01799,Cc1c(Cl)nnc2sc(-c3cc4ccc(NC(=O)c5cncc(F)c5)cc4nn3)c(N)c12
PACERGEN01800,Cc1c(Cl)nnc2sc(-c3ccc4cc(NC(=O)c5cncc(F)c5)nnc4c3)c(N)c12
PACERGEN01801,Cc1c(Cl)nnc2sc(-c3cc4ccc(C(=O)Nc5cncc(F)c5)cc4nn3)c(N)c12
PACERGEN01802,Cc1c(Cl)nnc2sc(-c3ccc4cc(C(=O)Nc5cncc(F)c5)nnc4c3)c(N)c12
PACERGEN01803,Cc1c(Cl)c2nnc(C)n2c2sc(NC3CN(c4cnn(C5Cc6ccccc6C5)c4)C3)c(N)c12
PACERGEN01804,Cc1ccc(-c2ccncc2Cl)c(C(=O)Nc2ccc(F)c(F)c2)n1
PACERGEN01805,Cc1ccc(-c2ccncc2Cl)c(NC(=O)c2ccc(F)c(F)c2)n1
PACERGEN01806,Cc1ccc(-c2ccc(F)c(F)c2)c(C(=O)Nc2ccncc2Cl)n1
PACERGEN01807,Cc1ccc(C(=O)Nc2ccc(F)c(F)c2)c(-c2ccncc2Cl)n1
PACERGEN01808,Cc1ccc(NC(=O)c2ccc(F)c(F)c2)c(-c2ccncc2Cl)n1
PACERGEN01809,Cc1ccc(-c2ccc(F)c(F)c2)c(NC(=O)c2ccncc2Cl)n1
PACERGEN01810,Cc1ccc(NC(=O)c2ccncc2Cl)c(-c2ccc(F)c(F)c2)n1
PACERGEN01811,Cc1ccc(C(=O)Nc2ccncc2Cl)c(-c2ccc(F)c(F)c2)n1
PACERGEN01812,Cc1ccc(-c2cncc(F)c2)c(C(=O)Nc2sc3c(c(C)c(Cl)c4nncn43)c2N)n1
PACERGEN01813,Cc1ccc(-c2sc3c(c(C)c(Cl)c4nncn43)c2N)c(NC(=O)c2cncc(F)c2)n1
PACERGEN01814,Cc1c(Cl)c2nnc(C)n2c2sc(C(=O)Nc3cncc(-c4cncc(F)c4)c3)c(N)c12
PACERGEN01815,Cc1c(Cl)c2nnc(C)n2c2sc(-c3cncc(C(=O)Nc4cncc(F)c4)c3)c(N)c12
PACERGEN01816,Cc1c(Cl)c2nnc(C)n2c2sc(NC(=O)c3cncc(-c4cncc(F)c4)c3)c(N)c12
PACERGEN01817,Cc1ccc(-c2cncc(F)c2)c(NC(=O)c2sc3c(c(C)c(Cl)c4nncn43)c2N)n1
PACERGEN01818,Cc1ccc(C(=O)Nc2cncc(F)c2)c(-c2sc3c(c(C)c(Cl)c4nncn43)c2N)n1
PACERGEN01819,Cc1ccc(NC(=O)c2cncc(F)c2)c(-c2sc3c(c(C)c(Cl)c4nncn43)c2N)n1
PACERGEN01820,Cc1ccc(C(=O)Nc2sc3c(c(C)c(Cl)c4nncn43)c2N)c(-c2cncc(F)c2)n1
PACERGEN01821,Cc1ccc(-c2sc3c(c(C)c(Cl)c4nncn43)c2N)c(C(=O)Nc2cncc(F)c2)n1
PACERGEN01822,Cc1ccc(NC(=O)c2sc3c(c(C)c(Cl)c4nncn43)c2N)c(-c2cncc(F)c2)n1
PACERGEN01823,Cc1c(Cl)c2nnc(C)n2c2sc(-c3cncc(NC(=O)c4cncc(F)c4)c3)c(N)c12
PACERGEN01824,O=C(Nc1ccncc1Cl)c1ccc2cc(-c3ccncc3Cl)nnc2c1
PACERGEN01825,O=C(Nc1ccncc1Cl)c1cc2ccc(-c3ccncc3Cl)cc2nn1
PACERGEN01826,O=C(Nc1ccc2cc(-c3ccncc3Cl)nnc2c1)c1ccncc1Cl
PACERGEN01827,O=C(Nc1cc2ccc(-c3ccncc3Cl)cc2nn1)c1ccncc1Cl
PACERGEN01828,O=C(NC1(F)CCCC1)c1cc(-c2ccc(F)c(F)c2)ncc1Cl
PACERGEN01829,O=C(NC1(F)CCCC1)c1cc(-c2ccc(F)c(F)c2)c(Cl)cn1
PACERGEN01830,Cc1c(Cl)nnc2sc(-c3cncc(NC(=O)C4Cc5ccccc5C4)c3)c(N)c12
PACERGEN01831,Cc1ccc(C(=O)Nc2ccc(F)c(F)c2)c(C2(F)CCCC2)n1
PACERGEN01832,Cc1ccc(NC(=O)c2ccc(F)c(F)c2)c(C2(F)CCCC2)n1
PACERGEN01833,Cc1ccc(C2(F)CCCC2)c(C(=O)Nc2ccc(F)c(F)c2)n1
PACERGEN01834,Cc1ccc(C2(F)CCCC2)c(NC(=O)c2ccc(F)c(F)c2)n1
PACERGEN01835,Cc1cc2nncn2c2sc(-c3ccc4cc(NC(=O)C5(F)CCCC5)nnc4c3)c(N)c12
PACERGEN01836,Cc1cc2nncn2c2sc(-c3cc4ccc(NC(=O)C5(F)CCCC5)cc4nn3)c(N)c12
PACERGEN01837,Cc1c(Cl)c2nncn2c2sc(NC(=O)c3cc(C4CC4)ncc3Cl)c(N)c12
PACERGEN01838,Cc1c(Cl)c2nncn2c2sc(C(=O)Nc3cc(C4CC4)ncc3Cl)c(N)c12
PACERGEN01839,Cc1c(Cl)c2nncn2c2sc(C(=O)Nc3cc(C4CC4)c(Cl)cn3)c(N)c12
PACERGEN01840,Cc1c(Cl)c2nncn2c2sc(NC(=O)c3cc(C4CC4)c(Cl)cn3)c(N)c12
PACERGEN01841,O=C(Nc1ccc2cc(C3(F)CCCC3)nnc2c1)c1ccncc1Cl
PACERGEN01842,O=C(Nc1cc2ccc(C3(F)CCCC3)cc2nn1)c1ccncc1Cl
PACERGEN01843,O=C(Nc1ccncc1Cl)c1cc2ccc(C3(F)CCCC3)cc2nn1
PACERGEN01844,O=C(Nc1ccncc1Cl)c1ccc2cc(C3(F)CCCC3)nnc2c1
PACERGEN01845,O=C(Nc1cc(-c2ccncc2Cl)ncc1Cl)C1(F)CCCC1
PACERGEN01846,O=C(Nc1cc(-c2ccncc2Cl)c(Cl)cn1)C1(F)CCCC1
PACERGEN01847,Cc1ccc(C2Cc3ccccc3C2)c(NC(=O)c2sc3c(c(C)cc4nncn43)c2N)n1
PACERGEN01848,Cc1ccc(C2Cc3ccccc3C2)c(C(=O)Nc2sc3c(c(C)cc4nncn43)c2N)n1
PACERGEN01849,Cc1ccc(C(=O)Nc2sc3c(c(C)cc4nncn43)c2N)c(C2Cc3ccccc3C2)n1
PACERGEN01850,Cc1ccc(NC(=O)c2sc3c(c(C)cc4nncn43)c2N)c(C2Cc3ccccc3C2)n1
PACERGEN01851,O=C(NC(=O)c1cncc(F)c1)c1cncc(F)c1
PACERGEN01852,Cc1ccc(C2CC2)c(N2CC(Nc3sc4c(c(C)c(Cl)c5nnc(C)n54)c3N)C2)n1
PACERGEN01853,Cc1ccc(N2CC(Nc3sc4c(c(C)c(Cl)c5nnc(C)n54)c3N)C2)c(C2CC2)n1
PACERGEN01854,Cc1ccc(NC(=O)C2Cc3ccccc3C2)c(-c2ccc(F)c(F)c2)n1
PACERGEN01855,Cc1ccc(-c2ccc(F)c(F)c2)c(NC(=O)C2Cc3ccccc3C2)n1
PACERGEN01856,Cc1c(Cl)c2nnc(C)n2c2sc(NC3CN(c4cncc(-c5cncc(F)c5)c4)C3)c(N)c12
PACERGEN01857,COc1nc(C)ccc1-c1cc(NC2Cc3ccccc3C2)c(Cl)cn1
PACERGEN01858,COc1ccc(C)nc1-c1cc(NC2Cc3ccccc3C2)c(Cl)cn1
PACERGEN01859,COc1ccc(C)nc1-c1cc(NC2Cc3ccccc3C2)ncc1Cl
PACERGEN01860,COc1nc(C)ccc1-c1cc(NC2Cc3ccccc3C2)ncc1Cl
PACERGEN01861,O=C(Nc1ccc2cc(-c3ccncc3Cl)nnc2c1)C1Cc2ccccc2C1
PACERGEN01862,O=C(Nc1cc2ccc(-c3ccncc3Cl)cc2nn1)C1Cc2ccccc2C1
PACERGEN01863,Fc1cncc(-n2cc(-c3cc(NC4Cc5ccccc5C4)ncc3Cl)cn2)c1
PACERGEN01864,Fc1cncc(-c2cnn(-c3cc(NC4Cc5ccccc5C4)ncc3Cl)c2)c1
PACERGEN01865,Fc1cncc(-n2cc(-c3cc(NC4Cc5ccccc5C4)c(Cl)cn3)cn2)c1
PACERGEN01866,Fc1cncc(-c2cnn(-c3cc(NC4Cc5ccccc5C4)c(Cl)cn3)c2)c1
PACERGEN01867,Cc1nnc2sc(-c3ccc4cc(NC(=O)C5(F)CCCC5)nnc4c3)c(N)c2c1C
PACERGEN01868,Cc1nnc2sc(-c3cc4ccc(NC(=O)C5(F)CCCC5)cc4nn3)c(N)c2c1C
PACERGEN01869,O=C(Nc1cc2ccc(C3(F)CCCC3)cc2nn1)C1Cc2ccccc2C1
PACERGEN01870,O=C(Nc1ccc2cc(C3(F)CCCC3)nnc2c1)C1Cc2ccccc2C1
PACERGEN01871,Cc1ccc(C2Cc3ccccc3C2)c(C(=O)Nc2sc3nnc(C)c(C)c3c2N)n1
PACERGEN01872,Cc1ccc(C2Cc3ccccc3C2)c(NC(=O)c2sc3nnc(C)c(C)c3c2N)n1
PACERGEN01873,Cc1ccc(C(=O)Nc2sc3nnc(C)c(C)c3c2N)c(C2Cc3ccccc3C2)n1
PACERGEN01874,Cc1ccc(NC(=O)c2sc3nnc(C)c(C)c3c2N)c(C2Cc3ccccc3C2)n1
PACERGEN01875,Fc1cc(Nc2cc(NC3Cc4ccccc4C3)ncc2Cl)cc(F)n1
PACERGEN01876,Fc1cc(Nc2cc(NC3Cc4ccccc4C3)c(Cl)cn2)cc(F)n1
PACERGEN01877,O=C(Nc1ccc2cc(C3Cc4ccccc4C3)nnc2c1)C1(F)CCCC1
PACERGEN01878,O=C(Nc1cc2ccc(C3Cc4ccccc4C3)cc2nn1)C1(F)CCCC1
PACERGEN01879,Cc1ccc(-c2ccc(F)c(F)c2)c(C(=O)Nc2sc3c(c(C)cc4nncn43)c2N)n1
PACERGEN01880,Cc1ccc(NC(=O)c2ccc(F)c(F)c2)c(-c2sc3c(c(C)cc4nncn43)c2N)n1
PACERGEN01881,Cc1ccc(-c2sc3c(c(C)cc4nncn43)c2N)c(C(=O)Nc2ccc(F)c(F)c2)n1
PACERGEN01882,Cc1ccc(C(=O)Nc2ccc(F)c(F)c2)c(-c2sc3c(c(C)cc4nncn43)c2N)n1
PACERGEN01883,Cc1ccc(NC(=O)c2sc3c(c(C)cc4nncn43)c2N)c(-c2ccc(F)c(F)c2)n1
PACERGEN01884,Cc1ccc(-c2ccc(F)c(F)c2)c(NC(=O)c2sc3c(c(C)cc4nncn43)c2N)n1
PACERGEN01885,Cc1ccc(C(=O)Nc2sc3c(c(C)cc4nncn43)c2N)c(-c2ccc(F)c(F)c2)n1
PACERGEN01886,Cc1ccc(-c2sc3c(c(C)cc4nncn43)c2N)c(NC(=O)c2ccc(F)c(F)c2)n1
PACERGEN01887,Cc1c(Cl)nnc2sc(NC(=O)c3cc(-c4cncc(F)c4)ncc3Cl)c(N)c12
PACERGEN01888,Cc1c(Cl)nnc2sc(C(=O)Nc3cc(-c4cncc(F)c4)ncc3Cl)c(N)c12
PACERGEN01889,Cc1c(Cl)nnc2sc(NC(=O)c3cc(-c4cncc(F)c4)c(Cl)cn3)c(N)c12
PACERGEN01890,Cc1c(Cl)nnc2sc(C(=O)Nc3cc(-c4cncc(F)c4)c(Cl)cn3)c(N)c12
PACERGEN01891,Cc1c(Cl)nnc2sc(-c3cc(C(=O)Nc4cncc(F)c4)ncc3Cl)c(N)c12
PACERGEN01892,Cc1c(Cl)nnc2sc(-c3cc(NC(=O)c4cncc(F)c4)ncc3Cl)c(N)c12
PACERGEN01893,Cc1c(Cl)nnc2sc(-c3cc(NC(=O)c4cncc(F)c4)c(Cl)cn3)c(N)c12
PACERGEN01894,Cc1c(Cl)nnc2sc(-c3cc(C(=O)Nc4cncc(F)c4)c(Cl)cn3)c(N)c12
PACERGEN01895,Cc1c(Cl)nnc2sc(-c3cc4ccc(C(=O)NC5Cc6ccccc6C5)cc4nn3)c(N)c12
PACERGEN01896,Cc1c(Cl)nnc2sc(-c3ccc4cc(C(=O)NC5Cc6ccccc6C5)nnc4c3)c(N)c12
PACERGEN01897,Cc1nnc2sc(Nc3sc4c(c(C)c(Cl)c5nnc(C)n54)c3N)c(N)c2c1C
PACERGEN01898,Cc1cc2nncn2c2sc(-c3ccc4cc(C(=O)Nc5ccncc5Cl)nnc4c3)c(N)c12
PACERGEN01899,Cc1cc2nncn2c2sc(-c3cc4ccc(C(=O)Nc5ccncc5Cl)cc4nn3)c(N)c12
PACERGEN01900,Cc1cc2nncn2c2sc(C(=O)Nc3ccc4cc(-c5ccncc5Cl)nnc4c3)c(N)c12
PACERGEN01901,Cc1cc2nncn2c2sc(-c3cc4ccc(NC(=O)c5ccncc5Cl)cc4nn3)c(N)c12
PACERGEN01902,Cc1cc2nncn2c2sc(NC(=O)c3cc4ccc(-c5ccncc5Cl)cc4nn3)c(N)c12
PACERGEN01903,Cc1cc2nncn2c2sc(NC(=O)c3ccc4cc(-c5ccncc5Cl)nnc4c3)c(N)c12
PACERGEN01904,Cc1cc2nncn2c2sc(-c3ccc4cc(NC(=O)c5ccncc5Cl)nnc4c3)c(N)c12
PACERGEN01905,Cc1cc2nncn2c2sc(C(=O)Nc3cc4ccc(-c5ccncc5Cl)cc4nn3)c(N)c12
PACERGEN01906,O=C(Nc1ccncc1Cl)c1cc(-c2ccncc2Cl)ncc1Cl
PACERGEN01907,O=C(Nc1ccncc1Cl)c1cc(-c2ccncc2Cl)c(Cl)cn1
PACERGEN01908,O=C(Nc1cc(-c2ccncc2Cl)ncc1Cl)c1ccncc1Cl
PACERGEN01909,O=C(Nc1cc(-c2ccncc2Cl)c(Cl)cn1)c1ccncc1Cl
PACERGEN01910,Cc1c(Cl)c2nnc(C)n2c2sc(-c3ccc4cc(NC(=O)C5CC5)nnc4c3)c(N)c12
PACERGEN01911,Cc1c(Cl)c2nnc(C)n2c2sc(-c3cc4ccc(NC(=O)C5CC5)cc4nn3)c(N)c12
PACERGEN01912,Cc1ccc(-c2sc3c(c(C)c(Cl)c4nncn43)c2N)c(C(=O)NC2Cc3ccccc3C2)n1
PACERGEN01913,Cc1c(Cl)c2nnc(C)n2c2sc(-c3cncc(C(=O)NC4Cc5ccccc5C4)c3)c(N)c12
PACERGEN01914,Cc1ccc(C(=O)NC2Cc3ccccc3C2)c(-c2sc3c(c(C)c(Cl)c4nncn43)c2N)n1
PACERGEN01915,Cc1c(Cl)c2nnc(C)n2c2sc(Nc3cnn(C4CN(C5Cc6ccccc6C5)C4)c3)c(N)c12
PACERGEN01916,Cc1c(Cl)nnc2sc(NC(=O)c3cncc(C4Cc5ccccc5C4)c3)c(N)c12
PACERGEN01917,Cc1c(Cl)nnc2sc(C(=O)Nc3cncc(C4Cc5ccccc5C4)c3)c(N)c12
PACERGEN01918,Cc1cc2nncn2c2sc(NC(=O)c3ccc4cc(C5(F)CCCC5)nnc4c3)c(N)c12
PACERGEN01919,Cc1cc2nncn2c2sc(NC(=O)c3cc4ccc(C5(F)CCCC5)cc4nn3)c(N)c12
PACERGEN01920,Cc1cc2nncn2c2sc(C(=O)Nc3ccc4cc(C5(F)CCCC5)nnc4c3)c(N)c12
PACERGEN01921,Cc1cc2nncn2c2sc(C(=O)Nc3cc4ccc(C5(F)CCCC5)cc4nn3)c(N)c12
PACERGEN01922,Cc1cc2nncn2c2sc(-c3cc(NC(=O)C4(F)CCCC4)ncc3Cl)c(N)c12
PACERGEN01923,Cc1cc2nncn2c2sc(-c3cc(NC(=O)C4(F)CCCC4)c(Cl)cn3)c(N)c12
PACERGEN01924,Cc1c(Cl)c2nncn2c2sc(-c3cncc(NC(=O)C4(F)CCCC4)c3)c(N)c12
PACERGEN01925,Cc1c(Cl)nnc2sc(NC(=O)c3cc4ccc(-c5cc(F)nc(F)c5)cc4nn3)c(N)c12
PACERGEN01926,Cc1c(Cl)nnc2sc(C(=O)Nc3cc4ccc(-c5cc(F)nc(F)c5)cc4nn3)c(N)c12
PACERGEN01927,Cc1c(Cl)nnc2sc(C(=O)Nc3ccc4cc(-c5cc(F)nc(F)c5)nnc4c3)c(N)c12
PACERGEN01928,Cc1c(Cl)nnc2sc(NC(=O)c3ccc4cc(-c5cc(F)nc(F)c5)nnc4c3)c(N)c12
PACERGEN01929,Cc1c(Cl)nnc2sc(-c3cc4ccc(C(=O)Nc5cc(F)nc(F)c5)cc4nn3)c(N)c12
PACERGEN01930,Cc1c(Cl)nnc2sc(-c3ccc4cc(C(=O)Nc5cc(F)nc(F)c5)nnc4c3)c(N)c12
PACERGEN01931,Cc1c(Cl)nnc2sc(-c3cc4ccc(NC(=O)c5cc(F)nc(F)c5)cc4nn3)c(N)c12
PACERGEN01932,Cc1c(Cl)nnc2sc(-c3ccc4cc(NC(=O)c5cc(F)nc(F)c5)nnc4c3)c(N)c12
PACERGEN01933,Cc1c(Cl)c2nnc(C)n2c2sc(Nc3cnn(-c4ccncc4Cl)c3)c(N)c12
PACERGEN01934,O=C(Nc1ccncc1Cl)c1cc(C2(F)CCCC2)ncc1Cl
PACERGEN01935,O=C(Nc1ccncc1Cl)c1cc(C2(F)CCCC2)c(Cl)cn1
PACERGEN01936,O=C(Nc1cc(C2(F)CCCC2)c(Cl)cn1)c1ccncc1Cl
PACERGEN01937,O=C(Nc1cc(C2(F)CCCC2)ncc1Cl)c1ccncc1Cl
PACERGEN01938,COc1cc(-n2cc(Nc3sc4c(c(C)c(Cl)c5nnc(C)n54)c3N)cn2)ncc1Cl
PACERGEN01939,COc1cnn(-c2cc(Nc3sc4c(c(C)c(Cl)c5nnc(C)n54)c3N)ncc2Cl)c1
PACERGEN01940,COc1cc(-n2cc(Nc3sc4c(c(C)c(Cl)c5nnc(C)n54)c3N)cn2)c(Cl)cn1
PACERGEN01941,COc1cnn(-c2cc(Nc3sc4c(c(C)c(Cl)c5nnc(C)n54)c3N)c(Cl)cn2)c1
PACERGEN01942,Cc1ccc(-c2cc(F)nc(F)c2)c(C(=O)Nc2sc3c(c(C)c(Cl)c4nncn43)c2N)n1
PACERGEN01943,Cc1ccc(NC(=O)c2cc(F)nc(F)c2)c(-c2sc3c(c(C)c(Cl)c4nncn43)c2N)n1
PACERGEN01944,Cc1ccc(C(=O)Nc2cc(F)nc(F)c2)c(-c2sc3c(c(C)c(Cl)c4nncn43)c2N)n1
PACERGEN01945,Cc1ccc(-c2cc(F)nc(F)c2)c(NC(=O)c2sc3c(c(C)c(Cl)c4nncn43)c2N)n1
PACERGEN01946,Cc1ccc(C(=O)Nc2sc3c(c(C)c(Cl)c4nncn43)c2N)c(-c2cc(F)nc(F)c2)n1
PACERGEN01947,Cc1ccc(-c2sc3c(c(C)c(Cl)c4nncn43)c2N)c(NC(=O)c2cc(F)nc(F)c2)n1
PACERGEN01948,Cc1ccc(NC(=O)c2sc3c(c(C)c(Cl)c4nncn43)c2N)c(-c2cc(F)nc(F)c2)n1
PACERGEN01949,Cc1ccc(-c2sc3c(c(C)c(Cl)c4nncn43)c2N)c(C(=O)Nc2cc(F)nc(F)c2)n1
PACERGEN01950,Cc1c(Cl)c2nnc(C)n2c2sc(NC(=O)c3cncc(-c4cc(F)nc(F)c4)c3)c(N)c12
PACERGEN01951,Cc1c(Cl)c2nnc(C)n2c2sc(-c3cncc(C(=O)Nc4cc(F)nc(F)c4)c3)c(N)c12
PACERGEN01952,Cc1c(Cl)c2nnc(C)n2c2sc(C(=O)Nc3cncc(-c4cc(F)nc(F)c4)c3)c(N)c12
PACERGEN01953,Cc1c(Cl)c2nnc(C)n2c2sc(-c3cncc(NC(=O)c4cc(F)nc(F)c4)c3)c(N)c12
PACERGEN01954,Cc1c(Cl)nnc2sc(-c3ccc4cc(N5CC(NC6Cc7ccccc7C6)C5)nnc4c3)c(N)c12
PACERGEN01955,Cc1c(Cl)nnc2sc(-c3cc4ccc(N5CC(NC6Cc7ccccc7C6)C5)cc4nn3)c(N)c12
PACERGEN01956,Cc1ccc(-c2sc3nnc(C)c(C)c3c2N)c(C(=O)Nc2ccc(F)c(F)c2)n1
PACERGEN01957,Cc1ccc(-c2ccc(F)c(F)c2)c(C(=O)Nc2sc3nnc(C)c(C)c3c2N)n1
PACERGEN01958,Cc1ccc(C(=O)Nc2sc3nnc(C)c(C)c3c2N)c(-c2ccc(F)c(F)c2)n1
PACERGEN01959,Cc1ccc(NC(=O)c2sc3nnc(C)c(C)c3c2N)c(-c2ccc(F)c(F)c2)n1
PACERGEN01960,Cc1ccc(-c2sc3nnc(C)c(C)c3c2N)c(NC(=O)c2ccc(F)c(F)c2)n1
PACERGEN01961,Cc1ccc(C(=O)Nc2ccc(F)c(F)c2)c(-c2sc3nnc(C)c(C)c3c2N)n1
PACERGEN01962,Cc1ccc(-c2ccc(F)c(F)c2)c(NC(=O)c2sc3nnc(C)c(C)c3c2N)n1
PACERGEN01963,Cc1ccc(NC(=O)c2ccc(F)c(F)c2)c(-c2sc3nnc(C)c(C)c3c2N)n1
PACERGEN01964,O=C(Nc1cc2ccc(-c3ccc(F)c(F)c3)cc2nn1)C1(F)CCCC1
PACERGEN01965,O=C(Nc1ccc2cc(-c3ccc(F)c(F)c3)nnc2c1)C1(F)CCCC1
PACERGEN01966,Cc1cc2nncn2c2sc(-c3cc4ccc(NC(=O)C5Cc6ccccc6C5)cc4nn3)c(N)c12
PACERGEN01967,Cc1cc2nncn2c2sc(-c3ccc4cc(NC(=O)C5Cc6ccccc6C5)nnc4c3)c(N)c12
PACERGEN01968,Cc1nnc2sc(-c3ccc4cc(C(=O)Nc5ccncc5Cl)nnc4c3)c(N)c2c1C
PACERGEN01969,Cc1nnc2sc(-c3ccc4cc(NC(=O)c5ccncc5Cl)nnc4c3)c(N)c2c1C
PACERGEN01970,Cc1nnc2sc(C(=O)Nc3ccc4cc(-c5ccncc5Cl)nnc4c3)c(N)c2c1C
PACERGEN01971,Cc1nnc2sc(NC(=O)c3cc4ccc(-c5ccncc5Cl)cc4nn3)c(N)c2c1C
PACERGEN01972,Cc1nnc2sc(-c3cc4ccc(NC(=O)c5ccncc5Cl)cc4nn3)c(N)c2c1C
PACERGEN01973,Cc1nnc2sc(NC(=O)c3ccc4cc(-c5ccncc5Cl)nnc4c3)c(N)c2c1C
PACERGEN01974,Cc1nnc2sc(C(=O)Nc3cc4ccc(-c5ccncc5Cl)cc4nn3)c(N)c2c1C
PACERGEN01975,Cc1nnc2sc(-c3cc4ccc(C(=O)Nc5ccncc5Cl)cc4nn3)c(N)c2c1C
PACERGEN01976,Cc1ccc(C2Cc3ccccc3C2)c(NC(=O)c2ccc(F)c(F)c2)n1
PACERGEN01977,Cc1ccc(C2Cc3ccccc3C2)c(C(=O)Nc2ccc(F)c(F)c2)n1
PACERGEN01978,Cc1ccc(NC(=O)c2ccc(F)c(F)c2)c(C2Cc3ccccc3C2)n1
PACERGEN01979,Cc1ccc(C(=O)Nc2ccc(F)c(F)c2)c(C2Cc3ccccc3C2)n1
PACERGEN01980,O=C(Nc1cc(-c2ccncc2Cl)ncc1Cl)C1Cc2ccccc2C1
PACERGEN01981,O=C(Nc1cc(-c2ccncc2Cl)c(Cl)cn1)C1Cc2ccccc2C1
PACERGEN01982,Cc1ccc(-c2sc3c(c(C)c(Cl)c4nncn43)c2N)c(N2CC(NC3Cc4ccccc4C3)C2)n1
PACERGEN01983,Cc1ccc(N2CC(NC3Cc4ccccc4C3)C2)c(-c2sc3c(c(C)c(Cl)c4nncn43)c2N)n1
PACERGEN01984,Cc1c(Cl)c2nnc(C)n2c2sc(-c3cncc(N4CC(NC5Cc6ccccc6C5)C4)c3)c(N)c12
PACERGEN01985,Cc1ccc(C2CN(C3CC3)C2)c(Nc2sc3c(c(C)c(Cl)c4nnc(C)n43)c2N)n1
PACERGEN01986,Cc1ccc(Nc2sc3c(c(C)c(Cl)c4nnc(C)n43)c2N)c(C2CN(C3CC3)C2)n1
PACERGEN01987,Cc1c(Cl)c2nnc(C)n2c2sc(Nc3cncc(C4CC4)c3)c(N)c12
PACERGEN01988,O=C(Nc1cc2ccc(C3Cc4ccccc4C3)cc2nn1)c1ccncc1Cl
PACERGEN01989,O=C(Nc1ccc2cc(C3Cc4ccccc4C3)nnc2c1)c1ccncc1Cl
PACERGEN01990,O=C(Nc1ccncc1Cl)c1cc2ccc(C3Cc4ccccc4C3)cc2nn1
PACERGEN01991,O=C(Nc1ccncc1Cl)c1ccc2cc(C3Cc4ccccc4C3)nnc2c1
PACERGEN01992,Cc1c(Cl)nnc2sc(-c3cc4ccc(C(=O)NC5(F)CCCC5)cc4nn3)c(N)c12
PACERGEN01993,Cc1c(Cl)nnc2sc(-c3ccc4cc(C(=O)NC5(F)CCCC5)nnc4c3)c(N)c12
PACERGEN01994,Cc1ccc(Nc2sc3c(c(C)c(Cl)c4nnc(C)n43)c2N)c(NC2CC2)n1
PACERGEN01995,Cc1ccc(NC2CC2)c(Nc2sc3c(c(C)c(Cl)c4nnc(C)n43)c2N)n1
PACERGEN01996,Cc1c(Cl)c2nnc(C)n2c2sc(Nc3ccc(F)c(F)c3)c(N)c12
PACERGEN01997,Cc1nnc2sc(NC(=O)c3ccc4cc(C5(F)CCCC5)nnc4c3)c(N)c2c1C
PACERGEN01998,Cc1nnc2sc(C(=O)Nc3ccc4cc(C5(F)CCCC5)nnc4c3)c(N)c2c1C
PACERGEN01999,Cc1nnc2sc(C(=O)Nc3cc4ccc(C5(F)CCCC5)cc4nn3)c(N)c2c1C
PACERGEN02000,Cc1nnc2sc(NC(=O)c3cc4ccc(C5(F)CCCC5)cc4nn3)c(N)c2c1C
PACERGEN02001,Cc1ccc(-c2sc3nnc(Cl)c(C)c3c2N)c(NC(=O)C2(F)CCCC2)n1
PACERGEN02002,Cc1ccc(NC(=O)C2(F)CCCC2)c(-c2sc3nnc(Cl)c(C)c3c2N)n1
PACERGEN02003,Cc1nnc2sc(-c3cc(NC(=O)C4(F)CCCC4)c(Cl)cn3)c(N)c2c1C
PACERGEN02004,Cc1nnc2sc(-c3cc(NC(=O)C4(F)CCCC4)ncc3Cl)c(N)c2c1C
PACERGEN02005,O=C(Nc1cc(C2(F)CCCC2)c(Cl)cn1)C1Cc2ccccc2C1
PACERGEN02006,O=C(Nc1cc(C2(F)CCCC2)ncc1Cl)C1Cc2ccccc2C1
PACERGEN02007,Cc1c(Cl)nnc2sc(-c3cncc(C(=O)Nc4ccc(F)c(F)c4)c3)c(N)c12
PACERGEN02008,Cc1c(Cl)nnc2sc(C(=O)Nc3cncc(-c4ccc(F)c(F)c4)c3)c(N)c12
PACERGEN02009,Cc1c(Cl)nnc2sc(NC(=O)c3cncc(-c4ccc(F)c(F)c4)c3)c(N)c12
PACERGEN02010,Cc1c(Cl)nnc2sc(-c3cncc(NC(=O)c4ccc(F)c(F)c4)c3)c(N)c12
PACERGEN02011,Cc1ccc(-c2sc3c(c(C)c(Cl)c4nncn43)c2N)c(C(=O)NC2(F)CCCC2)n1
PACERGEN02012,Cc1c(Cl)c2nnc(C)n2c2sc(-c3cncc(C(=O)NC4(F)CCCC4)c3)c(N)c12
PACERGEN02013,Cc1ccc(C(=O)NC2(F)CCCC2)c(-c2sc3c(c(C)c(Cl)c4nncn43)c2N)n1
PACERGEN02014,Cc1c(Cl)c2nnc(C)n2c2sc(NC3CN(c4cncc(-c5cc(F)nc(F)c5)c4)C3)c(N)c12
PACERGEN02015,Cc1c(Cl)c2nnc(C)n2c2sc(Nc3cnn(C4CN(C5(F)CCCC5)C4)c3)c(N)c12
PACERGEN02016,Cc1c(Cl)c2nnc(C)n2c2sc(Nc3cnn(Cc4ccncc4Cl)c3)c(N)c12
PACERGEN02017,O=C(Nc1cc(C2Cc3ccccc3C2)ncc1Cl)C1(F)CCCC1
PACERGEN02018,O=C(Nc1cc(C2Cc3ccccc3C2)c(Cl)cn1)C1(F)CCCC1
PACERGEN02019,Fc1cc(-n2cc(-c3cc(NC4Cc5ccccc5C4)c(Cl)cn3)cn2)cc(F)n1
PACERGEN02020,Fc1cc(-c2cnn(-c3cc(NC4Cc5ccccc5C4)ncc3Cl)c2)cc(F)n1
PACERGEN02021,Fc1cc(-n2cc(-c3cc(NC4Cc5ccccc5C4)ncc3Cl)cn2)cc(F)n1
PACERGEN02022,Fc1cc(-c2cnn(-c3cc(NC4Cc5ccccc5C4)c(Cl)cn3)c2)cc(F)n1
PACERGEN02023,Cc1c(Cl)c2nnc(C)n2c2sc(Nc3cnn(C4CN(c5ccncc5Cl)C4)c3)c(N)c12
PACERGEN02024,Cc1c(Cl)nnc2sc(-c3cc(C(=O)NC4Cc5ccccc5C4)ncc3Cl)c(N)c12
PACERGEN02025,Cc1c(Cl)nnc2sc(-c3cc(C(=O)NC4Cc5ccccc5C4)c(Cl)cn3)c(N)c12
PACERGEN02026,Cc1cc2nncn2c2sc(NC(=O)c3cc(-c4ccncc4Cl)ncc3Cl)c(N)c12
PACERGEN02027,Cc1cc2nncn2c2sc(C(=O)Nc3cc(-c4ccncc4Cl)ncc3Cl)c(N)c12
PACERGEN02028,Cc1cc2nncn2c2sc(-c3cc(C(=O)Nc4ccncc4Cl)ncc3Cl)c(N)c12
PACERGEN02029,Cc1cc2nncn2c2sc(-c3cc(NC(=O)c4ccncc4Cl)ncc3Cl)c(N)c12
PACERGEN02030,Cc1cc2nncn2c2sc(C(=O)Nc3cc(-c4ccncc4Cl)c(Cl)cn3)c(N)c12
PACERGEN02031,Cc1cc2nncn2c2sc(-c3cc(NC(=O)c4ccncc4Cl)c(Cl)cn3)c(N)c12
PACERGEN02032,Cc1cc2nncn2c2sc(-c3cc(C(=O)Nc4ccncc4Cl)c(Cl)cn3)c(N)c12
PACERGEN02033,Cc1cc2nncn2c2sc(NC(=O)c3cc(-c4ccncc4Cl)c(Cl)cn3)c(N)c12
PACERGEN02034,Cc1c(Cl)c2nncn2c2sc(C(=O)Nc3cncc(-c4ccncc4Cl)c3)c(N)c12
PACERGEN02035,Cc1c(Cl)c2nncn2c2sc(NC(=O)c3cncc(-c4ccncc4Cl)c3)c(N)c12
PACERGEN02036,Cc1c(Cl)c2nncn2c2sc(-c3cncc(C(=O)Nc4ccncc4Cl)c3)c(N)c12
PACERGEN02037,Cc1c(Cl)c2nncn2c2sc(-c3cncc(NC(=O)c4ccncc4Cl)c3)c(N)c12
PACERGEN02038,Cc1nnc2sc(-c3ccc4cc(NC(=O)C5Cc6ccccc6C5)nnc4c3)c(N)c2c1C
PACERGEN02039,Cc1nnc2sc(-c3cc4ccc(NC(=O)C5Cc6ccccc6C5)cc4nn3)c(N)c2c1C
PACERGEN02040,Cc1c(Cl)c2nnc(C)n2c2sc(-c3cc(NC(=O)C4CC4)ncc3Cl)c(N)c12
PACERGEN02041,Cc1c(Cl)c2nnc(C)n2c2sc(-c3cc(NC(=O)C4CC4)c(Cl)cn3)c(N)c12
PACERGEN02042,O=C(Nc1ccc2cc(C3Cc4ccccc4C3)nnc2c1)C1Cc2ccccc2C1
PACERGEN02043,O=C(Nc1cc2ccc(C3Cc4ccccc4C3)cc2nn1)C1Cc2ccccc2C1
PACERGEN02044,Cc1ccc(-c2ccc(F)c(F)c2)c(C(=O)Nc2ccc(F)c(F)c2)n1
PACERGEN02045,Cc1ccc(-c2ccc(F)c(F)c2)c(NC(=O)c2ccc(F)c(F)c2)n1
PACERGEN02046,Cc1ccc(NC(=O)c2ccc(F)c(F)c2)c(-c2ccc(F)c(F)c2)n1
PACERGEN02047,Cc1ccc(C(=O)Nc2ccc(F)c(F)c2)c(-c2ccc(F)c(F)c2)n1
PACERGEN02048,Cc1c(Cl)c2nnc(C)n2c2sc(NC(=O)c3cc4ccc(C5CC5)cc4nn3)c(N)c12
PACERGEN02049,Cc1c(Cl)c2nnc(C)n2c2sc(C(=O)Nc3cc4ccc(C5CC5)cc4nn3)c(N)c12
PACERGEN02050,Cc1c(Cl)c2nnc(C)n2c2sc(C(=O)Nc3ccc4cc(C5CC5)nnc4c3)c(N)c12
PACERGEN02051,Cc1c(Cl)c2nnc(C)n2c2sc(NC(=O)c3ccc4cc(C5CC5)nnc4c3)c(N)c12
PACERGEN02052,Cc1cc2nncn2c2sc(NC(=O)c3cc(C4(F)CCCC4)ncc3Cl)c(N)c12
PACERGEN02053,Cc1c(Cl)c2nncn2c2sc(C(=O)Nc3cncc(C4(F)CCCC4)c3)c(N)c12
PACERGEN02054,Cc1cc2nncn2c2sc(NC(=O)c3cc(C4(F)CCCC4)c(Cl)cn3)c(N)c12
PACERGEN02055,Cc1c(Cl)c2nncn2c2sc(NC(=O)c3cncc(C4(F)CCCC4)c3)c(N)c12
PACERGEN02056,Cc1cc2nncn2c2sc(C(=O)Nc3cc(C4(F)CCCC4)c(Cl)cn3)c(N)c12
PACERGEN02057,Cc1cc2nncn2c2sc(C(=O)Nc3cc(C4(F)CCCC4)ncc3Cl)c(N)c12
PACERGEN02058,O=C(Nc1ccc(F)c(F)c1)c1ccc2cc(-c3ccncc3Cl)nnc2c1
PACERGEN02059,O=C(Nc1ccc(F)c(F)c1)c1cc2ccc(-c3ccncc3Cl)cc2nn1
PACERGEN02060,O=C(Nc1ccncc1Cl)c1cc2ccc(-c3ccc(F)c(F)c3)cc2nn1
PACERGEN02061,O=C(Nc1ccncc1Cl)c1ccc2cc(-c3ccc(F)c(F)c3)nnc2c1
PACERGEN02062,O=C(Nc1cc2ccc(-c3ccncc3Cl)cc2nn1)c1ccc(F)c(F)c1
PACERGEN02063,O=C(Nc1ccc2cc(-c3ccncc3Cl)nnc2c1)c1ccc(F)c(F)c1
PACERGEN02064,O=C(Nc1ccc2cc(-c3ccc(F)c(F)c3)nnc2c1)c1ccncc1Cl
PACERGEN02065,O=C(Nc1cc2ccc(-c3ccc(F)c(F)c3)cc2nn1)c1ccncc1Cl
PACERGEN02066,Cc1c(Cl)nnc2sc(NC(=O)c3cc(-c4cc(F)nc(F)c4)ncc3Cl)c(N)c12
PACERGEN02067,Cc1c(Cl)nnc2sc(C(=O)Nc3cc(-c4cc(F)nc(F)c4)ncc3Cl)c(N)c12
PACERGEN02068,Cc1c(Cl)nnc2sc(-c3cc(NC(=O)c4cc(F)nc(F)c4)ncc3Cl)c(N)c12
PACERGEN02069,Cc1c(Cl)nnc2sc(-c3cc(C(=O)Nc4cc(F)nc(F)c4)ncc3Cl)c(N)c12
PACERGEN02070,Cc1c(Cl)nnc2sc(-c3cc(C(=O)Nc4cc(F)nc(F)c4)c(Cl)cn3)c(N)c12
PACERGEN02071,Cc1c(Cl)nnc2sc(NC(=O)c3cc(-c4cc(F)nc(F)c4)c(Cl)cn3)c(N)c12
PACERGEN02072,Cc1c(Cl)nnc2sc(-c3cc(NC(=O)c4cc(F)nc(F)c4)c(Cl)cn3)c(N)c12
PACERGEN02073,Cc1c(Cl)nnc2sc(C(=O)Nc3cc(-c4cc(F)nc(F)c4)c(Cl)cn3)c(N)c12
PACERGEN02074,Cc1c(Cl)c2nncn2c2sc(NC(=O)c3cc4ccc(-c5cncc(F)c5)cc4nn3)c(N)c12
PACERGEN02075,Cc1c(Cl)c2nncn2c2sc(-c3ccc4cc(NC(=O)c5cncc(F)c5)nnc4c3)c(N)c12
PACERGEN02076,Cc1c(Cl)c2nncn2c2sc(-c3ccc4cc(C(=O)Nc5cncc(F)c5)nnc4c3)c(N)c12
PACERGEN02077,Cc1c(Cl)c2nncn2c2sc(-c3cc4ccc(NC(=O)c5cncc(F)c5)cc4nn3)c(N)c12
PACERGEN02078,Cc1c(Cl)c2nncn2c2sc(-c3cc4ccc(C(=O)Nc5cncc(F)c5)cc4nn3)c(N)c12
PACERGEN02079,Cc1c(Cl)c2nncn2c2sc(C(=O)Nc3cc4ccc(-c5cncc(F)c5)cc4nn3)c(N)c12
PACERGEN02080,Cc1c(Cl)c2nncn2c2sc(C(=O)Nc3ccc4cc(-c5cncc(F)c5)nnc4c3)c(N)c12
PACERGEN02081,Cc1c(Cl)c2nncn2c2sc(NC(=O)c3ccc4cc(-c5cncc(F)c5)nnc4c3)c(N)c12
PACERGEN02082,Cc1c(Cl)c2nnc(C)n2c2sc(Nc3cncc(CC4CC4)c3)c(N)c12
PACERGEN02083,Cc1c(Cl)nnc2sc(-c3cc(N4CC(NC5Cc6ccccc6C5)C4)ncc3Cl)c(N)c12
PACERGEN02084,Cc1c(Cl)nnc2sc(-c3cc(N4CC(NC5Cc6ccccc6C5)C4)c(Cl)cn3)c(N)c12
PACERGEN02085,O=C(Nc1ccc2cc(C3(F)CCCC3)nnc2c1)c1ccc(F)c(F)c1
PACERGEN02086,O=C(Nc1cc2ccc(C3(F)CCCC3)cc2nn1)c1ccc(F)c(F)c1
PACERGEN02087,O=C(Nc1ccc(F)c(F)c1)c1ccc2cc(C3(F)CCCC3)nnc2c1
PACERGEN02088,O=C(Nc1ccc(F)c(F)c1)c1cc2ccc(C3(F)CCCC3)cc2nn1
PACERGEN02089,O=C(Nc1cc(-c2ccc(F)c(F)c2)c(Cl)cn1)C1(F)CCCC1
PACERGEN02090,O=C(Nc1cc(-c2ccc(F)c(F)c2)ncc1Cl)C1(F)CCCC1
PACERGEN02091,Cc1cc2nncn2c2sc(-c3cc(NC(=O)C4Cc5ccccc5C4)c(Cl)cn3)c(N)c12
PACERGEN02092,Cc1cc2nncn2c2sc(-c3cc(NC(=O)C4Cc5ccccc5C4)ncc3Cl)c(N)c12
PACERGEN02093,Cc1c(Cl)c2nncn2c2sc(-c3cncc(NC(=O)C4Cc5ccccc5C4)c3)c(N)c12
PACERGEN02094,Cc1nnc2sc(-c3cc(NC(=O)c4ccncc4Cl)ncc3Cl)c(N)c2c1C
PACERGEN02095,Cc1nnc2sc(-c3cc(C(=O)Nc4ccncc4Cl)ncc3Cl)c(N)c2c1C
PACERGEN02096,Cc1nnc2sc(C(=O)Nc3cc(-c4ccncc4Cl)ncc3Cl)c(N)c2c1C
PACERGEN02097,Cc1nnc2sc(NC(=O)c3cc(-c4ccncc4Cl)ncc3Cl)c(N)c2c1C
PACERGEN02098,Cc1nnc2sc(-c3cc(NC(=O)c4ccncc4Cl)c(Cl)cn3)c(N)c2c1C
PACERGEN02099,Cc1ccc(-c2ccncc2Cl)c(C(=O)Nc2sc3nnc(Cl)c(C)c3c2N)n1
PACERGEN02100,Cc1ccc(-c2ccncc2Cl)c(NC(=O)c2sc3nnc(Cl)c(C)c3c2N)n1
PACERGEN02101,Cc1nnc2sc(NC(=O)c3cc(-c4ccncc4Cl)c(Cl)cn3)c(N)c2c1C
PACERGEN02102,Cc1nnc2sc(-c3cc(C(=O)Nc4ccncc4Cl)c(Cl)cn3)c(N)c2c1C
PACERGEN02103,Cc1nnc2sc(C(=O)Nc3cc(-c4ccncc4Cl)c(Cl)cn3)c(N)c2c1C
PACERGEN02104,Cc1ccc(-c2sc3nnc(Cl)c(C)c3c2N)c(C(=O)Nc2ccncc2Cl)n1
PACERGEN02105,Cc1ccc(-c2sc3nnc(Cl)c(C)c3c2N)c(NC(=O)c2ccncc2Cl)n1
PACERGEN02106,Cc1ccc(NC(=O)c2ccncc2Cl)c(-c2sc3nnc(Cl)c(C)c3c2N)n1
PACERGEN02107,Cc1ccc(C(=O)Nc2sc3nnc(Cl)c(C)c3c2N)c(-c2ccncc2Cl)n1
PACERGEN02108,Cc1ccc(NC(=O)c2sc3nnc(Cl)c(C)c3c2N)c(-c2ccncc2Cl)n1
PACERGEN02109,Cc1ccc(C(=O)Nc2ccncc2Cl)c(-c2sc3nnc(Cl)c(C)c3c2N)n1
PACERGEN02110,Cc1cc2nncn2c2sc(NC(=O)c3cc4ccc(C5Cc6ccccc6C5)cc4nn3)c(N)c12
PACERGEN02111,Cc1cc2nncn2c2sc(NC(=O)c3ccc4cc(C5Cc6ccccc6C5)nnc4c3)c(N)c12
PACERGEN02112,Cc1cc2nncn2c2sc(C(=O)Nc3cc4ccc(C5Cc6ccccc6C5)cc4nn3)c(N)c12
PACERGEN02113,Cc1cc2nncn2c2sc(C(=O)Nc3ccc4cc(C5Cc6ccccc6C5)nnc4c3)c(N)c12
PACERGEN02114,Cc1c(Cl)c2nnc(C)n2c2sc(NC3CN(c4ccc5cc(C6CC6)nnc5c4)C3)c(N)c12
PACERGEN02115,Cc1c(Cl)c2nnc(C)n2c2sc(NC3CN(c4cc5ccc(C6CC6)cc5nn4)C3)c(N)c12
PACERGEN02116,O=C(Nc1ccncc1Cl)c1cc(C2Cc3ccccc3C2)c(Cl)cn1
PACERGEN02117,O=C(Nc1ccncc1Cl)c1cc(C2Cc3ccccc3C2)ncc1Cl
PACERGEN02118,O=C(Nc1cc(C2Cc3ccccc3C2)ncc1Cl)c1ccncc1Cl
PACERGEN02119,O=C(Nc1cc(C2Cc3ccccc3C2)c(Cl)cn1)c1ccncc1Cl
PACERGEN02120,Cc1c(Cl)nnc2sc(-c3cc(C(=O)NC4(F)CCCC4)ncc3Cl)c(N)c12
PACERGEN02121,Cc1c(Cl)nnc2sc(-c3cc(C(=O)NC4(F)CCCC4)c(Cl)cn3)c(N)c12
PACERGEN02122,O=C(Nc1ccc2cc(-c3ccc(F)c(F)c3)nnc2c1)C1Cc2ccccc2C1
PACERGEN02123,O=C(Nc1cc2ccc(-c3ccc(F)c(F)c3)cc2nn1)C1Cc2ccccc2C1
PACERGEN02124,Cc1nnc2sc(NC(=O)c3cc(C4(F)CCCC4)ncc3Cl)c(N)c2c1C
PACERGEN02125,Cc1ccc(C(=O)Nc2sc3nnc(Cl)c(C)c3c2N)c(C2(F)CCCC2)n1
PACERGEN02126,Cc1ccc(NC(=O)c2sc3nnc(Cl)c(C)c3c2N)c(C2(F)CCCC2)n1
PACERGEN02127,Cc1nnc2sc(C(=O)Nc3cc(C4(F)CCCC4)c(Cl)cn3)c(N)c2c1C
PACERGEN02128,Cc1ccc(C2(F)CCCC2)c(C(=O)Nc2sc3nnc(Cl)c(C)c3c2N)n1
PACERGEN02129,Cc1nnc2sc(NC(=O)c3cc(C4(F)CCCC4)c(Cl)cn3)c(N)c2c1C
PACERGEN02130,Cc1ccc(C2(F)CCCC2)c(NC(=O)c2sc3nnc(Cl)c(C)c3c2N)n1
PACERGEN02131,Cc1nnc2sc(C(=O)Nc3cc(C4(F)CCCC4)ncc3Cl)c(N)c2c1C
PACERGEN02132,Cc1c(Cl)c2nnc(C)n2c2sc(Nc3cnn(C4(F)CCCC4)c3)c(N)c12
PACERGEN02133,COc1cc2ccc(-c3cc(NC4Cc5ccccc5C4)ncc3Cl)cc2nn1
PACERGEN02134,COc1ccc2cc(-c3cc(NC4Cc5ccccc5C4)ncc3Cl)nnc2c1
PACERGEN02135,COc1cc2ccc(-c3cc(NC4Cc5ccccc5C4)c(Cl)cn3)cc2nn1
PACERGEN02136,COc1ccc2cc(-c3cc(NC4Cc5ccccc5C4)c(Cl)cn3)nnc2c1
PACERGEN02137,Cc1ccc(-c2sc3c(c(C)c(Cl)c4nnc(C)n43)c2N)c(NC(=O)c2cncc(F)c2)n1
PACERGEN02138,Cc1ccc(-c2cncc(F)c2)c(C(=O)Nc2sc3c(c(C)c(Cl)c4nnc(C)n43)c2N)n1
PACERGEN02139,Cc1ccc(NC(=O)c2sc3c(c(C)c(Cl)c4nnc(C)n43)c2N)c(-c2cncc(F)c2)n1
PACERGEN02140,Cc1ccc(-c2sc3c(c(C)c(Cl)c4nnc(C)n43)c2N)c(C(=O)Nc2cncc(F)c2)n1
PACERGEN02141,Cc1ccc(C(=O)Nc2sc3c(c(C)c(Cl)c4nnc(C)n43)c2N)c(-c2cncc(F)c2)n1
PACERGEN02142,Cc1ccc(-c2cncc(F)c2)c(NC(=O)c2sc3c(c(C)c(Cl)c4nnc(C)n43)c2N)n1
PACERGEN02143,Cc1ccc(C(=O)Nc2cncc(F)c2)c(-c2sc3c(c(C)c(Cl)c4nnc(C)n43)c2N)n1
PACERGEN02144,Cc1ccc(NC(=O)c2cncc(F)c2)c(-c2sc3c(c(C)c(Cl)c4nnc(C)n43)c2N)n1
PACERGEN02145,Cc1ccc(-c2sc3nnc(Cl)c(C)c3c2N)c(NC(=O)C2Cc3ccccc3C2)n1
PACERGEN02146,Cc1nnc2sc(-c3cc(NC(=O)C4Cc5ccccc5C4)ncc3Cl)c(N)c2c1C
PACERGEN02147,Cc1ccc(NC(=O)C2Cc3ccccc3C2)c(-c2sc3nnc(Cl)c(C)c3c2N)n1
PACERGEN02148,Cc1nnc2sc(-c3cc(NC(=O)C4Cc5ccccc5C4)c(Cl)cn3)c(N)c2c1C
PACERGEN02149,Clc1cnccc1C1CN(c2cc(NC3Cc4ccccc4C3)ncc2Cl)C1
PACERGEN02150,Clc1cnc(NC2Cc3ccccc3C2)cc1C1CN(c2ccncc2Cl)C1
PACERGEN02151,Clc1cnc(C2CN(c3ccncc3Cl)C2)cc1NC1Cc2ccccc2C1
PACERGEN02152,Clc1cnc(N2CC(c3ccncc3Cl)C2)cc1NC1Cc2ccccc2C1
PACERGEN02153,Cc1nnc2sc(NC(=O)c3ccc4cc(C5Cc6ccccc6C5)nnc4c3)c(N)c2c1C
PACERGEN02154,Cc1nnc2sc(C(=O)Nc3cc4ccc(C5Cc6ccccc6C5)cc4nn3)c(N)c2c1C
PACERGEN02155,Cc1nnc2sc(C(=O)Nc3ccc4cc(C5Cc6ccccc6C5)nnc4c3)c(N)c2c1C
PACERGEN02156,Cc1nnc2sc(NC(=O)c3cc4ccc(C5Cc6ccccc6C5)cc4nn3)c(N)c2c1C
PACERGEN02157,O=C(Nc1cc(C2Cc3ccccc3C2)c(Cl)cn1)C1Cc2ccccc2C1
PACERGEN02158,O=C(Nc1cc(C2Cc3ccccc3C2)ncc1Cl)C1Cc2ccccc2C1
PACERGEN02159,Cc1c(Cl)c2nnc(C)n2c2sc(NC(=O)c3cc(C4CC4)ncc3Cl)c(N)c12
PACERGEN02160,Cc1c(Cl)c2nnc(C)n2c2sc(C(=O)Nc3cc(C4CC4)ncc3Cl)c(N)c12
PACERGEN02161,Cc1c(Cl)c2nnc(C)n2c2sc(C(=O)Nc3cc(C4CC4)c(Cl)cn3)c(N)c12
PACERGEN02162,Cc1c(Cl)c2nnc(C)n2c2sc(NC(=O)c3cc(C4CC4)c(Cl)cn3)c(N)c12
PACERGEN02163,Cc1cc2nncn2c2sc(-c3cc4ccc(C(=O)Nc5ccc(F)c(F)c5)cc4nn3)c(N)c12
PACERGEN02164,Cc1cc2nncn2c2sc(NC(=O)c3cc4ccc(-c5ccc(F)c(F)c5)cc4nn3)c(N)c12
PACERGEN02165,Cc1cc2nncn2c2sc(-c3cc4ccc(NC(=O)c5ccc(F)c(F)c5)cc4nn3)c(N)c12
PACERGEN02166,Cc1cc2nncn2c2sc(C(=O)Nc3ccc4cc(-c5ccc(F)c(F)c5)nnc4c3)c(N)c12
PACERGEN02167,Cc1cc2nncn2c2sc(NC(=O)c3ccc4cc(-c5ccc(F)c(F)c5)nnc4c3)c(N)c12
PACERGEN02168,Cc1cc2nncn2c2sc(-c3ccc4cc(C(=O)Nc5ccc(F)c(F)c5)nnc4c3)c(N)c12
PACERGEN02169,Cc1cc2nncn2c2sc(-c3ccc4cc(NC(=O)c5ccc(F)c(F)c5)nnc4c3)c(N)c12
PACERGEN02170,Cc1cc2nncn2c2sc(C(=O)Nc3cc4ccc(-c5ccc(F)c(F)c5)cc4nn3)c(N)c12
PACERGEN02171,O=C(Nc1ccncc1Cl)c1cc(-c2ccc(F)c(F)c2)c(Cl)cn1
PACERGEN02172,O=C(Nc1cc(-c2ccncc2Cl)c(Cl)cn1)c1ccc(F)c(F)c1
PACERGEN02173,O=C(Nc1cc(-c2ccc(F)c(F)c2)c(Cl)cn1)c1ccncc1Cl
PACERGEN02174,O=C(Nc1ccc(F)c(F)c1)c1cc(-c2ccncc2Cl)ncc1Cl
PACERGEN02175,O=C(Nc1ccncc1Cl)c1cc(-c2ccc(F)c(F)c2)ncc1Cl
PACERGEN02176,O=C(Nc1cc(-c2ccncc2Cl)ncc1Cl)c1ccc(F)c(F)c1
PACERGEN02177,O=C(Nc1cc(-c2ccc(F)c(F)c2)ncc1Cl)c1ccncc1Cl
PACERGEN02178,O=C(Nc1ccc(F)c(F)c1)c1cc(-c2ccncc2Cl)c(Cl)cn1
PACERGEN02179,Cc1c(Cl)c2nncn2c2sc(NC(=O)c3cc(-c4cncc(F)c4)ncc3Cl)c(N)c12
PACERGEN02180,Cc1c(Cl)c2nncn2c2sc(-c3cc(C(=O)Nc4cncc(F)c4)ncc3Cl)c(N)c12
PACERGEN02181,Cc1c(Cl)c2nncn2c2sc(C(=O)Nc3cc(-c4cncc(F)c4)ncc3Cl)c(N)c12
PACERGEN02182,Cc1c(Cl)c2nncn2c2sc(-c3cc(NC(=O)c4cncc(F)c4)c(Cl)cn3)c(N)c12
PACERGEN02183,Cc1c(Cl)c2nncn2c2sc(C(=O)Nc3cc(-c4cncc(F)c4)c(Cl)cn3)c(N)c12
PACERGEN02184,Cc1c(Cl)c2nncn2c2sc(-c3cc(C(=O)Nc4cncc(F)c4)c(Cl)cn3)c(N)c12
PACERGEN02185,Cc1c(Cl)c2nncn2c2sc(NC(=O)c3cc(-c4cncc(F)c4)c(Cl)cn3)c(N)c12
PACERGEN02186,Cc1c(Cl)c2nncn2c2sc(-c3cc(NC(=O)c4cncc(F)c4)ncc3Cl)c(N)c12
PACERGEN02187,Cc1c(Cl)c2nncn2c2sc(-c3cc4ccc(C(=O)NC5Cc6ccccc6C5)cc4nn3)c(N)c12
PACERGEN02188,Cc1c(Cl)c2nncn2c2sc(-c3ccc4cc(C(=O)NC5Cc6ccccc6C5)nnc4c3)c(N)c12
PACERGEN02189,Cc1c(Cl)c2nnc(C)n2c2sc(Nc3cncc(-n4cc(C5CC5)cn4)c3)c(N)c12
PACERGEN02190,Cc1c(Cl)c2nnc(C)n2c2sc(Nc3cnn(-c4cncc(C5CC5)c4)c3)c(N)c12
PACERGEN02191,Cc1ccc(N2CC(Nc3sc4c(c(C)c(Cl)c5nnc(C)n54)c3N)C2)c(-c2cncc(F)c2)n1
PACERGEN02192,Cc1ccc(-c2cncc(F)c2)c(N2CC(Nc3sc4c(c(C)c(Cl)c5nnc(C)n54)c3N)C2)n1
PACERGEN02193,Cc1c(Cl)c2nnc(C)n2c2sc(Nc3cnn(-c4ccc(F)c(F)c4)c3)c(N)c12
PACERGEN02194,O=C(Nc1ccc(F)c(F)c1)c1cc(C2(F)CCCC2)ncc1Cl
PACERGEN02195,O=C(Nc1cc(C2(F)CCCC2)ncc1Cl)c1ccc(F)c(F)c1
PACERGEN02196,O=C(Nc1cc(C2(F)CCCC2)c(Cl)cn1)c1ccc(F)c(F)c1
PACERGEN02197,O=C(Nc1ccc(F)c(F)c1)c1cc(C2(F)CCCC2)c(Cl)cn1
PACERGEN02198,COc1cncc(-c2cncc(Nc3sc4c(c(C)c(Cl)c5nnc(C)n54)c3N)c2)c1
PACERGEN02199,Cc1cc2nncn2c2sc(NC(=O)c3cc(C4Cc5ccccc5C4)ncc3Cl)c(N)c12
PACERGEN02200,Cc1cc2nncn2c2sc(NC(=O)c3cc(C4Cc5ccccc5C4)c(Cl)cn3)c(N)c12
PACERGEN02201,Cc1cc2nncn2c2sc(C(=O)Nc3cc(C4Cc5ccccc5C4)c(Cl)cn3)c(N)c12
PACERGEN02202,Cc1cc2nncn2c2sc(C(=O)Nc3cc(C4Cc5ccccc5C4)ncc3Cl)c(N)c12
PACERGEN02203,Cc1c(Cl)c2nncn2c2sc(C(=O)Nc3cncc(C4Cc5ccccc5C4)c3)c(N)c12
PACERGEN02204,Cc1c(Cl)c2nncn2c2sc(NC(=O)c3cncc(C4Cc5ccccc5C4)c3)c(N)c12
PACERGEN02205,Cc1c(Cl)c2nnc(C)n2c2sc(Nc3cnn(CC4(F)CCCC4)c3)c(N)c12
PACERGEN02206,Cc1c(Cl)c2nnc(C)n2c2sc(NC3CN(c4cc(C5CC5)ncc4Cl)C3)c(N)c12
PACERGEN02207,Cc1c(Cl)c2nnc(C)n2c2sc(NC3CN(c4cc(C5CC5)c(Cl)cn4)C3)c(N)c12
PACERGEN02208,Cc1c(Cl)c2nncn2c2sc(-c3cc4ccc(NC(=O)c5cc(F)nc(F)c5)cc4nn3)c(N)c12
PACERGEN02209,Cc1c(Cl)c2nncn2c2sc(C(=O)Nc3ccc4cc(-c5cc(F)nc(F)c5)nnc4c3)c(N)c12
PACERGEN02210,Cc1c(Cl)c2nncn2c2sc(NC(=O)c3cc4ccc(-c5cc(F)nc(F)c5)cc4nn3)c(N)c12
PACERGEN02211,Cc1c(Cl)c2nncn2c2sc(C(=O)Nc3cc4ccc(-c5cc(F)nc(F)c5)cc4nn3)c(N)c12
PACERGEN02212,Cc1c(Cl)c2nncn2c2sc(-c3cc4ccc(C(=O)Nc5cc(F)nc(F)c5)cc4nn3)c(N)c12
PACERGEN02213,Cc1c(Cl)c2nncn2c2sc(NC(=O)c3ccc4cc(-c5cc(F)nc(F)c5)nnc4c3)c(N)c12
PACERGEN02214,Cc1c(Cl)c2nncn2c2sc(-c3ccc4cc(C(=O)Nc5cc(F)nc(F)c5)nnc4c3)c(N)c12
PACERGEN02215,Cc1c(Cl)c2nncn2c2sc(-c3ccc4cc(NC(=O)c5cc(F)nc(F)c5)nnc4c3)c(N)c12
PACERGEN02216,Cc1nnc2sc(C(=O)Nc3cc4ccc(-c5ccc(F)c(F)c5)cc4nn3)c(N)c2c1C
PACERGEN02217,Cc1nnc2sc(C(=O)Nc3ccc4cc(-c5ccc(F)c(F)c5)nnc4c3)c(N)c2c1C
PACERGEN02218,Cc1nnc2sc(NC(=O)c3ccc4cc(-c5ccc(F)c(F)c5)nnc4c3)c(N)c2c1C
PACERGEN02219,Cc1nnc2sc(-c3ccc4cc(C(=O)Nc5ccc(F)c(F)c5)nnc4c3)c(N)c2c1C
PACERGEN02220,Cc1nnc2sc(-c3cc4ccc(NC(=O)c5ccc(F)c(F)c5)cc4nn3)c(N)c2c1C
PACERGEN02221,Cc1nnc2sc(-c3ccc4cc(NC(=O)c5ccc(F)c(F)c5)nnc4c3)c(N)c2c1C
PACERGEN02222,Cc1nnc2sc(-c3cc4ccc(C(=O)Nc5ccc(F)c(F)c5)cc4nn3)c(N)c2c1C
PACERGEN02223,Cc1nnc2sc(NC(=O)c3cc4ccc(-c5ccc(F)c(F)c5)cc4nn3)c(N)c2c1C
PACERGEN02224,O=C(Nc1cc(-c2ccc(F)c(F)c2)ncc1Cl)C1Cc2ccccc2C1
PACERGEN02225,O=C(Nc1cc(-c2ccc(F)c(F)c2)c(Cl)cn1)C1Cc2ccccc2C1
PACERGEN02226,COc1cc(-c2cc(NC3Cc4ccccc4C3)c(Cl)cn2)c(Cl)cn1
PACERGEN02227,COc1cc(-c2cc(NC3Cc4ccccc4C3)c(Cl)cn2)ncc1Cl
PACERGEN02228,COc1cc(-c2cc(NC3Cc4ccccc4C3)ncc2Cl)ncc1Cl
PACERGEN02229,COc1cc(-c2cc(NC3Cc4ccccc4C3)ncc2Cl)c(Cl)cn1
PACERGEN02230,O=C(Nc1ccc2cc(C3Cc4ccccc4C3)nnc2c1)c1ccc(F)c(F)c1
PACERGEN02231,O=C(Nc1cc2ccc(C3Cc4ccccc4C3)cc2nn1)c1ccc(F)c(F)c1
PACERGEN02232,O=C(Nc1ccc(F)c(F)c1)c1ccc2cc(C3Cc4ccccc4C3)nnc2c1
PACERGEN02233,O=C(Nc1ccc(F)c(F)c1)c1cc2ccc(C3Cc4ccccc4C3)cc2nn1
PACERGEN02234,Cc1c(Cl)c2nnc(C)n2c2sc(Nc3ccc4cc(C5CN(C6CC6)C5)nnc4c3)c(N)c12
PACERGEN02235,Cc1c(Cl)c2nnc(C)n2c2sc(Nc3cc4ccc(C5CN(C6CC6)C5)cc4nn3)c(N)c12
PACERGEN02236,Cc1cc2nncn2c2sc(Cc3cc(NC4Cc5ccccc5C4)c(Cl)cn3)c(N)c12
PACERGEN02237,Cc1cc2nncn2c2sc(Cc3cc(NC4Cc5ccccc5C4)ncc3Cl)c(N)c12
PACERGEN02238,Cc1c(Cl)c2nnc(C)n2c2sc(Nc3ccc4cc(NC5CC5)nnc4c3)c(N)c12
PACERGEN02239,Cc1c(Cl)c2nnc(C)n2c2sc(Nc3cc4ccc(NC5CC5)cc4nn3)c(N)c12
PACERGEN02240,Cc1c(Cl)c2nnc(C)n2c2sc(Nc3cncc(Cc4cncc(F)c4)c3)c(N)c12
PACERGEN02241,Cc1c(Cl)c2nnc(C)n2c2sc(Nc3cnn(Cc4ccc(F)c(F)c4)c3)c(N)c12
PACERGEN02242,Cc1ccc(-c2sc3c(c(C)c(Cl)c4nnc(C)n43)c2N)c(C(=O)NC2Cc3ccccc3C2)n1
PACERGEN02243,Cc1ccc(C(=O)NC2Cc3ccccc3C2)c(-c2sc3c(c(C)c(Cl)c4nnc(C)n43)c2N)n1
PACERGEN02244,Cc1cc2nncn2c2sc(C3CN(c4cc(NC5Cc6ccccc6C5)c(Cl)cn4)C3)c(N)c12
PACERGEN02245,Cc1cc2nncn2c2sc(N3CC(c4cc(NC5Cc6ccccc6C5)c(Cl)cn4)C3)c(N)c12
PACERGEN02246,Cc1cc2nncn2c2sc(N3CC(c4cc(NC5Cc6ccccc6C5)ncc4Cl)C3)c(N)c12
PACERGEN02247,Cc1cc2nncn2c2sc(C3CN(c4cc(NC5Cc6ccccc6C5)ncc4Cl)C3)c(N)c12
PACERGEN02248,Cc1c(Cl)nnc2sc(-c3ccc4cc(NC(=O)C5(F)CCCC5)nnc4c3)c(N)c12
PACERGEN02249,Cc1c(Cl)nnc2sc(-c3cc4ccc(NC(=O)C5(F)CCCC5)cc4nn3)c(N)c12
PACERGEN02250,Cc1c(Cl)c2nncn2c2sc(-c3ccc4cc(C(=O)NC5(F)CCCC5)nnc4c3)c(N)c12
PACERGEN02251,Cc1c(Cl)c2nncn2c2sc(-c3cc4ccc(C(=O)NC5(F)CCCC5)cc4nn3)c(N)c12
PACERGEN02252,Cc1c(Cl)c2nnc(C)n2c2sc(Nc3cncc(C4CN(c5cncc(F)c5)C4)c3)c(N)c12
PACERGEN02253,Cc1c(Cl)c2nnc(C)n2c2sc(Nc3cncc(N4CC(c5cncc(F)c5)C4)c3)c(N)c12
PACERGEN02254,Cc1nnc2sc(NC(=O)c3cc(C4Cc5ccccc5C4)ncc3Cl)c(N)c2c1C
PACERGEN02255,Cc1ccc(C2Cc3ccccc3C2)c(NC(=O)c2sc3nnc(Cl)c(C)c3c2N)n1
PACERGEN02256,Cc1ccc(C2Cc3ccccc3C2)c(C(=O)Nc2sc3nnc(Cl)c(C)c3c2N)n1
PACERGEN02257,Cc1nnc2sc(C(=O)Nc3cc(C4Cc5ccccc5C4)ncc3Cl)c(N)c2c1C
PACERGEN02258,Cc1nnc2sc(C(=O)Nc3cc(C4Cc5ccccc5C4)c(Cl)cn3)c(N)c2c1C
PACERGEN02259,Cc1nnc2sc(NC(=O)c3cc(C4Cc5ccccc5C4)c(Cl)cn3)c(N)c2c1C
PACERGEN02260,Cc1ccc(C(=O)Nc2sc3nnc(Cl)c(C)c3c2N)c(C2Cc3ccccc3C2)n1
PACERGEN02261,Cc1ccc(NC(=O)c2sc3nnc(Cl)c(C)c3c2N)c(C2Cc3ccccc3C2)n1
PACERGEN02262,Cc1c(Cl)c2nnc(C)n2c2sc(Nc3cnn(C4CN(c5ccc(F)c(F)c5)C4)c3)c(N)c12
PACERGEN02263,Cc1c(Cl)c2nnc(C)n2c2sc(Nc3cnn(C4Cc5ccccc5C4)c3)c(N)c12
PACERGEN02264,Cc1ccc(NC(=O)C2(F)CCCC2)c(-c2sc3c(c(C)c(Cl)c4nncn43)c2N)n1
PACERGEN02265,Cc1ccc(-c2sc3c(c(C)c(Cl)c4nncn43)c2N)c(NC(=O)C2(F)CCCC2)n1
PACERGEN02266,Cc1c(Cl)c2nnc(C)n2c2sc(-c3cncc(NC(=O)C4(F)CCCC4)c3)c(N)c12
PACERGEN02267,Cc1cc2nncn2c2sc(-c3cc(C(=O)Nc4ccc(F)c(F)c4)c(Cl)cn3)c(N)c12
PACERGEN02268,Cc1cc2nncn2c2sc(NC(=O)c3cc(-c4ccc(F)c(F)c4)c(Cl)cn3)c(N)c12
PACERGEN02269,Cc1cc2nncn2c2sc(NC(=O)c3cc(-c4ccc(F)c(F)c4)ncc3Cl)c(N)c12
PACERGEN02270,Cc1cc2nncn2c2sc(-c3cc(C(=O)Nc4ccc(F)c(F)c4)ncc3Cl)c(N)c12
PACERGEN02271,Cc1cc2nncn2c2sc(C(=O)Nc3cc(-c4ccc(F)c(F)c4)c(Cl)cn3)c(N)c12
PACERGEN02272,Cc1cc2nncn2c2sc(-c3cc(NC(=O)c4ccc(F)c(F)c4)c(Cl)cn3)c(N)c12
PACERGEN02273,Cc1c(Cl)c2nncn2c2sc(C(=O)Nc3cncc(-c4ccc(F)c(F)c4)c3)c(N)c12
PACERGEN02274,Cc1cc2nncn2c2sc(-c3cc(NC(=O)c4ccc(F)c(F)c4)ncc3Cl)c(N)c12
PACERGEN02275,Cc1c(Cl)c2nncn2c2sc(NC(=O)c3cncc(-c4ccc(F)c(F)c4)c3)c(N)c12
PACERGEN02276,Cc1cc2nncn2c2sc(C(=O)Nc3cc(-c4ccc(F)c(F)c4)ncc3Cl)c(N)c12
PACERGEN02277,Cc1c(Cl)c2nncn2c2sc(-c3cncc(NC(=O)c4ccc(F)c(F)c4)c3)c(N)c12
PACERGEN02278,Cc1c(Cl)c2nncn2c2sc(-c3cncc(C(=O)Nc4ccc(F)c(F)c4)c3)c(N)c12
PACERGEN02279,Cc1c(Cl)nnc2sc(Nc3sc4c(c(C)c(Cl)c5nnc(C)n54)c3N)c(N)c12
PACERGEN02280,Cc1ccc(-c2sc3c(c(C)c(Cl)c4nnc(C)n43)c2N)c(NC(=O)c2cc(F)nc(F)c2)n1
PACERGEN02281,Cc1ccc(-c2cc(F)nc(F)c2)c(C(=O)Nc2sc3c(c(C)c(Cl)c4nnc(C)n43)c2N)n1
PACERGEN02282,Cc1ccc(-c2sc3c(c(C)c(Cl)c4nnc(C)n43)c2N)c(C(=O)Nc2cc(F)nc(F)c2)n1
PACERGEN02283,Cc1ccc(NC(=O)c2cc(F)nc(F)c2)c(-c2sc3c(c(C)c(Cl)c4nnc(C)n43)c2N)n1
PACERGEN02284,Cc1ccc(C(=O)Nc2cc(F)nc(F)c2)c(-c2sc3c(c(C)c(Cl)c4nnc(C)n43)c2N)n1
PACERGEN02285,Cc1ccc(-c2cc(F)nc(F)c2)c(NC(=O)c2sc3c(c(C)c(Cl)c4nnc(C)n43)c2N)n1
PACERGEN02286,Cc1ccc(NC(=O)c2sc3c(c(C)c(Cl)c4nnc(C)n43)c2N)c(-c2cc(F)nc(F)c2)n1
PACERGEN02287,Cc1ccc(C(=O)Nc2sc3c(c(C)c(Cl)c4nnc(C)n43)c2N)c(-c2cc(F)nc(F)c2)n1
PACERGEN02288,Cc1c(Cl)c2nncn2c2sc(-c3cc(C(=O)NC4Cc5ccccc5C4)ncc3Cl)c(N)c12
PACERGEN02289,Cc1c(Cl)c2nncn2c2sc(-c3cc(C(=O)NC4Cc5ccccc5C4)c(Cl)cn3)c(N)c12
PACERGEN02290,O=C(Nc1ccc2cc(-c3ccc(F)c(F)c3)nnc2c1)c1ccc(F)c(F)c1
PACERGEN02291,O=C(Nc1ccc(F)c(F)c1)c1cc2ccc(-c3ccc(F)c(F)c3)cc2nn1
PACERGEN02292,O=C(Nc1cc2ccc(-c3ccc(F)c(F)c3)cc2nn1)c1ccc(F)c(F)c1
PACERGEN02293,O=C(Nc1ccc(F)c(F)c1)c1ccc2cc(-c3ccc(F)c(F)c3)nnc2c1
PACERGEN02294,Clc1cnccc1Nc1cc(NC2Cc3ccccc3C2)ncc1Cl
PACERGEN02295,Clc1cnccc1Nc1cc(NC2Cc3ccccc3C2)c(Cl)cn1
PACERGEN02296,Cc1nnc2sc(Cc3cc(NC4Cc5ccccc5C4)ncc3Cl)c(N)c2c1C
PACERGEN02297,Cc1nnc2sc(Cc3cc(NC4Cc5ccccc5C4)c(Cl)cn3)c(N)c2c1C
PACERGEN02298,Cc1ccc(-c2sc3c(c(C)c(Cl)c4nnc(C)n43)c2N)c(N2CC(NC3Cc4ccccc4C3)C2)n1
PACERGEN02299,Cc1ccc(N2CC(NC3Cc4ccccc4C3)C2)c(-c2sc3c(c(C)c(Cl)c4nnc(C)n43)c2N)n1
PACERGEN02300,Cc1c(Cl)c2nnc(C)n2c2sc(Nc3cnn(-c4cnn(C5(F)CCCC5)c4)c3)c(N)c12
PACERGEN02301,Cc1ccc(C2CC2)c(Nc2sc3c(c(C)c(Cl)c4nnc(C)n43)c2N)n1
PACERGEN02302,Cc1ccc(Nc2sc3c(c(C)c(Cl)c4nnc(C)n43)c2N)c(C2CC2)n1
PACERGEN02303,Cc1nnc2sc(N3CC(c4cc(NC5Cc6ccccc6C5)ncc4Cl)C3)c(N)c2c1C
PACERGEN02304,Cc1nnc2sc(C3CN(c4cc(NC5Cc6ccccc6C5)ncc4Cl)C3)c(N)c2c1C
PACERGEN02305,Cc1nnc2sc(N3CC(c4cc(NC5Cc6ccccc6C5)c(Cl)cn4)C3)c(N)c2c1C
PACERGEN02306,Cc1nnc2sc(C3CN(c4cc(NC5Cc6ccccc6C5)c(Cl)cn4)C3)c(N)c2c1C
PACERGEN02307,Cc1c(Cl)c2nncn2c2sc(NC(=O)c3cc(-c4cc(F)nc(F)c4)ncc3Cl)c(N)c12
PACERGEN02308,Cc1c(Cl)c2nncn2c2sc(C(=O)Nc3cc(-c4cc(F)nc(F)c4)ncc3Cl)c(N)c12
PACERGEN02309,Cc1c(Cl)c2nncn2c2sc(NC(=O)c3cc(-c4cc(F)nc(F)c4)c(Cl)cn3)c(N)c12
PACERGEN02310,Cc1c(Cl)c2nncn2c2sc(C(=O)Nc3cc(-c4cc(F)nc(F)c4)c(Cl)cn3)c(N)c12
PACERGEN02311,Cc1c(Cl)c2nncn2c2sc(-c3cc(C(=O)Nc4cc(F)nc(F)c4)ncc3Cl)c(N)c12
PACERGEN02312,Cc1c(Cl)c2nncn2c2sc(-c3cc(C(=O)Nc4cc(F)nc(F)c4)c(Cl)cn3)c(N)c12
PACERGEN02313,Cc1c(Cl)c2nncn2c2sc(-c3cc(NC(=O)c4cc(F)nc(F)c4)c(Cl)cn3)c(N)c12
PACERGEN02314,Cc1c(Cl)c2nncn2c2sc(-c3cc(NC(=O)c4cc(F)nc(F)c4)ncc3Cl)c(N)c12
PACERGEN02315,Cc1cc2nncn2c2sc(-c3cc(NC4Cc5ccccc5C4)ncc3Cl)c(N)c12
PACERGEN02316,Cc1cc2nncn2c2sc(-c3cc(NC4Cc5ccccc5C4)c(Cl)cn3)c(N)c12
PACERGEN02317,Cc1c(Cl)c2nnc(C)n2c2sc(Nc3cncc(-c4cnn(C5CC5)c4)c3)c(N)c12
PACERGEN02318,Cc1c(Cl)c2nnc(C)n2c2sc(Nc3cncc(-c4cncc(F)c4)c3)c(N)c12
PACERGEN02319,Cc1ccc(NC(=O)c2ccc(F)c(F)c2)c(-c2sc3nnc(Cl)c(C)c3c2N)n1
PACERGEN02320,Cc1ccc(C(=O)Nc2ccc(F)c(F)c2)c(-c2sc3nnc(Cl)c(C)c3c2N)n1
PACERGEN02321,Cc1ccc(-c2ccc(F)c(F)c2)c(NC(=O)c2sc3nnc(Cl)c(C)c3c2N)n1
PACERGEN02322,Cc1ccc(-c2sc3nnc(Cl)c(C)c3c2N)c(C(=O)Nc2ccc(F)c(F)c2)n1
PACERGEN02323,Cc1ccc(-c2sc3nnc(Cl)c(C)c3c2N)c(NC(=O)c2ccc(F)c(F)c2)n1
PACERGEN02324,Cc1ccc(-c2ccc(F)c(F)c2)c(C(=O)Nc2sc3nnc(Cl)c(C)c3c2N)n1
PACERGEN02325,Cc1nnc2sc(NC(=O)c3cc(-c4ccc(F)c(F)c4)ncc3Cl)c(N)c2c1C
PACERGEN02326,Cc1ccc(C(=O)Nc2sc3nnc(Cl)c(C)c3c2N)c(-c2ccc(F)c(F)c2)n1
PACERGEN02327,Cc1ccc(NC(=O)c2sc3nnc(Cl)c(C)c3c2N)c(-c2ccc(F)c(F)c2)n1
PACERGEN02328,Cc1nnc2sc(-c3cc(C(=O)Nc4ccc(F)c(F)c4)ncc3Cl)c(N)c2c1C
PACERGEN02329,Cc1nnc2sc(NC(=O)c3cc(-c4ccc(F)c(F)c4)c(Cl)cn3)c(N)c2c1C
PACERGEN02330,Cc1nnc2sc(-c3cc(C(=O)Nc4ccc(F)c(F)c4)c(Cl)cn3)c(N)c2c1C
PACERGEN02331,Cc1nnc2sc(-c3cc(NC(=O)c4ccc(F)c(F)c4)ncc3Cl)c(N)c2c1C
PACERGEN02332,Cc1nnc2sc(C(=O)Nc3cc(-c4ccc(F)c(F)c4)ncc3Cl)c(N)c2c1C
PACERGEN02333,Cc1nnc2sc(-c3cc(NC(=O)c4ccc(F)c(F)c4)c(Cl)cn3)c(N)c2c1C
PACERGEN02334,Cc1nnc2sc(C(=O)Nc3cc(-c4ccc(F)c(F)c4)c(Cl)cn3)c(N)c2c1C
PACERGEN02335,Cc1ccc(-c2sc3c(c(C)c(Cl)c4nnc(C)n43)c2N)c(C(=O)NC2(F)CCCC2)n1
PACERGEN02336,Cc1ccc(C(=O)NC2(F)CCCC2)c(-c2sc3c(c(C)c(Cl)c4nnc(C)n43)c2N)n1
PACERGEN02337,Cc1ccc(N2CC(Nc3sc4c(c(C)c(Cl)c5nnc(C)n54)c3N)C2)c(-c2cc(F)nc(F)c2)n1
PACERGEN02338,Cc1ccc(-c2cc(F)nc(F)c2)c(N2CC(Nc3sc4c(c(C)c(Cl)c5nnc(C)n54)c3N)C2)n1
PACERGEN02339,Cc1c(Cl)nnc2sc(C(=O)Nc3ccc4cc(-c5ccncc5Cl)nnc4c3)c(N)c12
PACERGEN02340,Cc1c(Cl)nnc2sc(NC(=O)c3ccc4cc(-c5ccncc5Cl)nnc4c3)c(N)c12
PACERGEN02341,Cc1c(Cl)nnc2sc(NC(=O)c3cc4ccc(-c5ccncc5Cl)cc4nn3)c(N)c12
PACERGEN02342,Cc1c(Cl)nnc2sc(C(=O)Nc3cc4ccc(-c5ccncc5Cl)cc4nn3)c(N)c12
PACERGEN02343,Cc1c(Cl)nnc2sc(-c3cc4ccc(NC(=O)c5ccncc5Cl)cc4nn3)c(N)c12
PACERGEN02344,Cc1c(Cl)nnc2sc(-c3ccc4cc(NC(=O)c5ccncc5Cl)nnc4c3)c(N)c12
PACERGEN02345,Cc1c(Cl)nnc2sc(-c3cc4ccc(C(=O)Nc5ccncc5Cl)cc4nn3)c(N)c12
PACERGEN02346,Cc1c(Cl)nnc2sc(-c3ccc4cc(C(=O)Nc5ccncc5Cl)nnc4c3)c(N)c12
PACERGEN02347,O=C(Nc1ccc(F)c(F)c1)c1cc(C2Cc3ccccc3C2)c(Cl)cn1
PACERGEN02348,O=C(Nc1cc(C2Cc3ccccc3C2)ncc1Cl)c1ccc(F)c(F)c1
PACERGEN02349,O=C(Nc1cc(C2Cc3ccccc3C2)c(Cl)cn1)c1ccc(F)c(F)c1
PACERGEN02350,O=C(Nc1ccc(F)c(F)c1)c1cc(C2Cc3ccccc3C2)ncc1Cl
PACERGEN02351,Cc1c(Cl)c2nncn2c2sc(-c3cc(N4CC(NC5Cc6ccccc6C5)C4)ncc3Cl)c(N)c12
PACERGEN02352,Cc1c(Cl)c2nncn2c2sc(-c3cc(N4CC(NC5Cc6ccccc6C5)C4)c(Cl)cn3)c(N)c12
PACERGEN02353,Cc1c(Cl)c2nnc(C)n2c2sc(Nc3cc(C4CN(C5CC5)C4)ncc3Cl)c(N)c12
PACERGEN02354,Cc1c(Cl)c2nnc(C)n2c2sc(Nc3cc(C4CN(C5CC5)C4)c(Cl)cn3)c(N)c12
PACERGEN02355,Cc1c(Cl)c2nnc(C)n2c2sc(Nc3cnn(CC4Cc5ccccc5C4)c3)c(N)c12
PACERGEN02356,Cc1ccc(-c2ccncc2Cl)c(NC(=O)c2sc3c(c(C)c(Cl)c4nncn43)c2N)n1
PACERGEN02357,Cc1ccc(-c2ccncc2Cl)c(C(=O)Nc2sc3c(c(C)c(Cl)c4nncn43)c2N)n1
PACERGEN02358,Cc1ccc(-c2sc3c(c(C)c(Cl)c4nncn43)c2N)c(NC(=O)c2ccncc2Cl)n1
PACERGEN02359,Cc1ccc(C(=O)Nc2ccncc2Cl)c(-c2sc3c(c(C)c(Cl)c4nncn43)c2N)n1
PACERGEN02360,Cc1c(Cl)c2nnc(C)n2c2sc(C(=O)Nc3cncc(-c4ccncc4Cl)c3)c(N)c12
PACERGEN02361,Cc1c(Cl)c2nnc(C)n2c2sc(-c3cncc(C(=O)Nc4ccncc4Cl)c3)c(N)c12
PACERGEN02362,Cc1c(Cl)c2nnc(C)n2c2sc(NC(=O)c3cncc(-c4ccncc4Cl)c3)c(N)c12
PACERGEN02363,Cc1c(Cl)c2nnc(C)n2c2sc(-c3cncc(NC(=O)c4ccncc4Cl)c3)c(N)c12
PACERGEN02364,Cc1ccc(NC(=O)c2ccncc2Cl)c(-c2sc3c(c(C)c(Cl)c4nncn43)c2N)n1
PACERGEN02365,Cc1ccc(NC(=O)c2sc3c(c(C)c(Cl)c4nncn43)c2N)c(-c2ccncc2Cl)n1
PACERGEN02366,Cc1ccc(-c2sc3c(c(C)c(Cl)c4nncn43)c2N)c(C(=O)Nc2ccncc2Cl)n1
PACERGEN02367,Cc1ccc(C(=O)Nc2sc3c(c(C)c(Cl)c4nncn43)c2N)c(-c2ccncc2Cl)n1
PACERGEN02368,Cc1c(Cl)c2nnc(C)n2c2sc(Nc3cc(NC4CC4)ncc3Cl)c(N)c12
PACERGEN02369,Cc1c(Cl)c2nnc(C)n2c2sc(Nc3cc(NC4CC4)c(Cl)cn3)c(N)c12
PACERGEN02370,Cc1c(Cl)nnc2sc(NC(=O)c3cc4ccc(C5(F)CCCC5)cc4nn3)c(N)c12
PACERGEN02371,Cc1c(Cl)nnc2sc(C(=O)Nc3cc4ccc(C5(F)CCCC5)cc4nn3)c(N)c12
PACERGEN02372,Cc1c(Cl)nnc2sc(C(=O)Nc3ccc4cc(C5(F)CCCC5)nnc4c3)c(N)c12
PACERGEN02373,Cc1c(Cl)nnc2sc(NC(=O)c3ccc4cc(C5(F)CCCC5)nnc4c3)c(N)c12
PACERGEN02374,Cc1c(Cl)nnc2sc(-c3cc(NC(=O)C4(F)CCCC4)ncc3Cl)c(N)c12
PACERGEN02375,Cc1c(Cl)nnc2sc(-c3cc(NC(=O)C4(F)CCCC4)c(Cl)cn3)c(N)c12
PACERGEN02376,Cc1c(Cl)c2nncn2c2sc(-c3cc(C(=O)NC4(F)CCCC4)ncc3Cl)c(N)c12
PACERGEN02377,Cc1c(Cl)c2nncn2c2sc(-c3cc(C(=O)NC4(F)CCCC4)c(Cl)cn3)c(N)c12
PACERGEN02378,Cc1ccc(C2(F)CCCC2)c(C(=O)Nc2sc3c(c(C)c(Cl)c4nncn43)c2N)n1
PACERGEN02379,Cc1ccc(C2(F)CCCC2)c(NC(=O)c2sc3c(c(C)c(Cl)c4nncn43)c2N)n1
PACERGEN02380,Cc1ccc(C(=O)Nc2sc3c(c(C)c(Cl)c4nncn43)c2N)c(C2(F)CCCC2)n1
PACERGEN02381,Cc1ccc(NC(=O)c2sc3c(c(C)c(Cl)c4nncn43)c2N)c(C2(F)CCCC2)n1
PACERGEN02382,Cc1c(Cl)c2nnc(C)n2c2sc(NC(=O)c3cncc(C4(F)CCCC4)c3)c(N)c12
PACERGEN02383,Cc1c(Cl)c2nnc(C)n2c2sc(C(=O)Nc3cncc(C4(F)CCCC4)c3)c(N)c12
PACERGEN02384,Cc1nnc2sc(-c3cc(NC4Cc5ccccc5C4)ncc3Cl)c(N)c2c1C
PACERGEN02385,Cc1nnc2sc(-c3cc(NC4Cc5ccccc5C4)c(Cl)cn3)c(N)c2c1C
PACERGEN02386,Cc1c(Cl)c2nnc(C)n2c2sc(Nc3cnn(-c4cnn(-c5ccc(F)c(F)c5)c4)c3)c(N)c12
PACERGEN02387,Cc1c(Cl)c2nnc(C)n2c2sc(NC(=O)c3ccc4cc(-c5cncc(F)c5)nnc4c3)c(N)c12
PACERGEN02388,Cc1c(Cl)c2nnc(C)n2c2sc(C(=O)Nc3ccc4cc(-c5cncc(F)c5)nnc4c3)c(N)c12
PACERGEN02389,Cc1c(Cl)c2nnc(C)n2c2sc(-c3cc4ccc(NC(=O)c5cncc(F)c5)cc4nn3)c(N)c12
PACERGEN02390,Cc1c(Cl)c2nnc(C)n2c2sc(-c3ccc4cc(NC(=O)c5cncc(F)c5)nnc4c3)c(N)c12
PACERGEN02391,Cc1c(Cl)c2nnc(C)n2c2sc(NC(=O)c3cc4ccc(-c5cncc(F)c5)cc4nn3)c(N)c12
PACERGEN02392,Cc1c(Cl)c2nnc(C)n2c2sc(C(=O)Nc3cc4ccc(-c5cncc(F)c5)cc4nn3)c(N)c12
PACERGEN02393,Cc1c(Cl)c2nnc(C)n2c2sc(-c3ccc4cc(C(=O)Nc5cncc(F)c5)nnc4c3)c(N)c12
PACERGEN02394,Cc1c(Cl)c2nnc(C)n2c2sc(-c3cc4ccc(C(=O)Nc5cncc(F)c5)cc4nn3)c(N)c12
PACERGEN02395,Cc1ccc(Nc2sc3c(c(C)c(Cl)c4nnc(C)n43)c2N)c(CC2CC2)n1
PACERGEN02396,Cc1ccc(CC2CC2)c(Nc2sc3c(c(C)c(Cl)c4nnc(C)n43)c2N)n1
PACERGEN02397,Cc1c(Cl)nnc2sc(-c3cc4ccc(NC(=O)C5Cc6ccccc6C5)cc4nn3)c(N)c12
PACERGEN02398,Cc1c(Cl)nnc2sc(-c3ccc4cc(NC(=O)C5Cc6ccccc6C5)nnc4c3)c(N)c12
PACERGEN02399,Cc1c(Cl)c2nnc(C)n2c2sc(Nc3cncc(Cc4cc(F)nc(F)c4)c3)c(N)c12
PACERGEN02400,Cc1cc2nncn2c2sc(Nc3cc(NC4Cc5ccccc5C4)c(Cl)cn3)c(N)c12
PACERGEN02401,Cc1cc2nncn2c2sc(Nc3cc(NC4Cc5ccccc5C4)ncc3Cl)c(N)c12
PACERGEN02402,Cc1c(Cl)c2nnc(C)n2c2sc(NC3CN(c4cncc(-c5ccncc5Cl)c4)C3)c(N)c12
PACERGEN02403,O=C(Nc1cc(-c2ccc(F)c(F)c2)ncc1Cl)c1ccc(F)c(F)c1
PACERGEN02404,O=C(Nc1cc(-c2ccc(F)c(F)c2)c(Cl)cn1)c1ccc(F)c(F)c1
PACERGEN02405,O=C(Nc1ccc(F)c(F)c1)c1cc(-c2ccc(F)c(F)c2)c(Cl)cn1
PACERGEN02406,O=C(Nc1ccc(F)c(F)c1)c1cc(-c2ccc(F)c(F)c2)ncc1Cl
PACERGEN02407,Cc1ccc(-c2sc3c(c(C)c(Cl)c4nncn43)c2N)c(NC(=O)C2Cc3ccccc3C2)n1
PACERGEN02408,Cc1ccc(NC(=O)C2Cc3ccccc3C2)c(-c2sc3c(c(C)c(Cl)c4nncn43)c2N)n1
PACERGEN02409,Cc1c(Cl)c2nnc(C)n2c2sc(-c3cncc(NC(=O)C4Cc5ccccc5C4)c3)c(N)c12
PACERGEN02410,Cc1c(Cl)c2nnc(C)n2c2sc(Nc3cncc(C4CN(c5cc(F)nc(F)c5)C4)c3)c(N)c12
PACERGEN02411,Cc1c(Cl)c2nnc(C)n2c2sc(Nc3cncc(N4CC(c5cc(F)nc(F)c5)C4)c3)c(N)c12
PACERGEN02412,Cc1c(Cl)c2nnc(C)n2c2sc(Nc3cncc(Nc4cncc(F)c4)c3)c(N)c12
PACERGEN02413,Clc1cnc(NC2Cc3ccccc3C2)cc1-c1cnn(-c2ccncc2Cl)c1
PACERGEN02414,Clc1cnccc1-c1cnn(-c2cc(NC3Cc4ccccc4C3)ncc2Cl)c1
PACERGEN02415,Clc1cnc(-c2cnn(-c3ccncc3Cl)c2)cc1NC1Cc2ccccc2C1
PACERGEN02416,Clc1cnc(-n2cc(-c3ccncc3Cl)cn2)cc1NC1Cc2ccccc2C1
PACERGEN02417,Cc1c(Cl)c2nnc(C)n2c2sc(NC3CN(c4cncc(C5(F)CCCC5)c4)C3)c(N)c12
PACERGEN02418,FC1(c2cnn(-c3cc(NC4Cc5ccccc5C4)ncc3Cl)c2)CCCC1
PACERGEN02419,FC1(c2cnn(-c3cc(NC4Cc5ccccc5C4)c(Cl)cn3)c2)CCCC1
PACERGEN02420,Cc1c(Cl)c2nnc(C)n2c2sc(NC3CN(c4ccc5cc(-c6cncc(F)c6)nnc5c4)C3)c(N)c12
PACERGEN02421,Cc1c(Cl)c2nnc(C)n2c2sc(NC3CN(c4cc5ccc(-c6cncc(F)c6)cc5nn4)C3)c(N)c12
PACERGEN02422,Cc1c(Cl)nnc2sc(NC(=O)c3cc(-c4ccncc4Cl)ncc3Cl)c(N)c12
PACERGEN02423,Cc1c(Cl)nnc2sc(-c3cc(C(=O)Nc4ccncc4Cl)ncc3Cl)c(N)c12
PACERGEN02424,Cc1c(Cl)nnc2sc(-c3cc(NC(=O)c4ccncc4Cl)ncc3Cl)c(N)c12
PACERGEN02425,Cc1c(Cl)nnc2sc(C(=O)Nc3cc(-c4ccncc4Cl)ncc3Cl)c(N)c12
PACERGEN02426,Cc1c(Cl)nnc2sc(-c3cc(NC(=O)c4ccncc4Cl)c(Cl)cn3)c(N)c12
PACERGEN02427,Cc1c(Cl)nnc2sc(C(=O)Nc3cc(-c4ccncc4Cl)c(Cl)cn3)c(N)c12
PACERGEN02428,Cc1c(Cl)nnc2sc(-c3cc(C(=O)Nc4ccncc4Cl)c(Cl)cn3)c(N)c12
PACERGEN02429,Cc1c(Cl)nnc2sc(NC(=O)c3cc(-c4ccncc4Cl)c(Cl)cn3)c(N)c12
PACERGEN02430,Cc1nnc2sc(Nc3cc(NC4Cc5ccccc5C4)ncc3Cl)c(N)c2c1C
PACERGEN02431,Cc1nnc2sc(Nc3cc(NC4Cc5ccccc5C4)c(Cl)cn3)c(N)c2c1C
PACERGEN02432,Cc1c(Cl)c2nnc(C)n2c2sc(Nc3cnn(-c4cnn(C5Cc6ccccc6C5)c4)c3)c(N)c12
PACERGEN02433,Cc1c(Cl)nnc2sc(NC(=O)c3cc(C4(F)CCCC4)ncc3Cl)c(N)c12
PACERGEN02434,Cc1c(Cl)nnc2sc(C(=O)Nc3cc(C4(F)CCCC4)ncc3Cl)c(N)c12
PACERGEN02435,Cc1c(Cl)nnc2sc(NC(=O)c3cc(C4(F)CCCC4)c(Cl)cn3)c(N)c12
PACERGEN02436,Cc1c(Cl)nnc2sc(C(=O)Nc3cc(C4(F)CCCC4)c(Cl)cn3)c(N)c12
PACERGEN02437,Cc1c(Cl)c2nnc(C)n2c2sc(Nc3cncc(-c4cc(F)nc(F)c4)c3)c(N)c12
PACERGEN02438,Cc1c(Cl)c2nnc(C)n2c2sc(C(=O)Nc3cc(-c4cncc(F)c4)ncc3Cl)c(N)c12
PACERGEN02439,Cc1c(Cl)c2nnc(C)n2c2sc(NC(=O)c3cc(-c4cncc(F)c4)ncc3Cl)c(N)c12
PACERGEN02440,Cc1c(Cl)c2nnc(C)n2c2sc(-c3cc(C(=O)Nc4cncc(F)c4)ncc3Cl)c(N)c12
PACERGEN02441,Cc1c(Cl)c2nnc(C)n2c2sc(C(=O)Nc3cc(-c4cncc(F)c4)c(Cl)cn3)c(N)c12
PACERGEN02442,Cc1c(Cl)c2nnc(C)n2c2sc(-c3cc(C(=O)Nc4cncc(F)c4)c(Cl)cn3)c(N)c12
PACERGEN02443,Cc1c(Cl)c2nnc(C)n2c2sc(NC(=O)c3cc(-c4cncc(F)c4)c(Cl)cn3)c(N)c12
PACERGEN02444,Cc1c(Cl)c2nnc(C)n2c2sc(-c3cc(NC(=O)c4cncc(F)c4)ncc3Cl)c(N)c12
PACERGEN02445,Cc1c(Cl)c2nnc(C)n2c2sc(-c3cc(NC(=O)c4cncc(F)c4)c(Cl)cn3)c(N)c12
PACERGEN02446,Cc1c(Cl)c2nnc(C)n2c2sc(-c3ccc4cc(C(=O)NC5Cc6ccccc6C5)nnc4c3)c(N)c12
PACERGEN02447,Cc1c(Cl)c2nnc(C)n2c2sc(-c3cc4ccc(C(=O)NC5Cc6ccccc6C5)cc4nn3)c(N)c12
PACERGEN02448,Cc1c(Cl)nnc2sc(-c3cc(NC(=O)C4Cc5ccccc5C4)ncc3Cl)c(N)c12
PACERGEN02449,Cc1c(Cl)nnc2sc(-c3cc(NC(=O)C4Cc5ccccc5C4)c(Cl)cn3)c(N)c12
PACERGEN02450,Cc1ccc(C2CC2)c(-n2cc(Nc3sc4c(c(C)c(Cl)c5nnc(C)n54)c3N)cn2)n1
PACERGEN02451,Cc1ccc(-n2cc(C3CC3)cn2)c(Nc2sc3c(c(C)c(Cl)c4nnc(C)n43)c2N)n1
PACERGEN02452,Cc1ccc(-n2cc(Nc3sc4c(c(C)c(Cl)c5nnc(C)n54)c3N)cn2)c(C2CC2)n1
PACERGEN02453,Cc1ccc(Nc2sc3c(c(C)c(Cl)c4nnc(C)n43)c2N)c(-n2cc(C3CC3)cn2)n1
PACERGEN02454,Cc1c(Cl)nnc2sc(C(=O)Nc3cc4ccc(C5Cc6ccccc6C5)cc4nn3)c(N)c12
PACERGEN02455,Cc1c(Cl)nnc2sc(NC(=O)c3cc4ccc(C5Cc6ccccc6C5)cc4nn3)c(N)c12
PACERGEN02456,Cc1c(Cl)nnc2sc(NC(=O)c3ccc4cc(C5Cc6ccccc6C5)nnc4c3)c(N)c12
PACERGEN02457,Cc1c(Cl)nnc2sc(C(=O)Nc3ccc4cc(C5Cc6ccccc6C5)nnc4c3)c(N)c12
PACERGEN02458,COc1nc(C)ccc1-c1cncc(Nc2sc3c(c(C)c(Cl)c4nnc(C)n43)c2N)c1
PACERGEN02459,COc1ccc(C)nc1-c1cncc(Nc2sc3c(c(C)c(Cl)c4nnc(C)n43)c2N)c1
PACERGEN02460,COc1cncc(-c2nc(C)ccc2Nc2sc3c(c(C)c(Cl)c4nnc(C)n43)c2N)c1
PACERGEN02461,COc1cncc(-c2ccc(C)nc2Nc2sc3c(c(C)c(Cl)c4nnc(C)n43)c2N)c1
PACERGEN02462,Cc1cc2nncn2c2sc(-c3cnn(-c4cc(NC5Cc6ccccc6C5)c(Cl)cn4)c3)c(N)c12
PACERGEN02463,Cc1cc2nncn2c2sc(-n3cc(-c4cc(NC5Cc6ccccc6C5)ncc4Cl)cn3)c(N)c12
PACERGEN02464,Cc1cc2nncn2c2sc(-n3cc(-c4cc(NC5Cc6ccccc6C5)c(Cl)cn4)cn3)c(N)c12
PACERGEN02465,Cc1cc2nncn2c2sc(-c3cnn(-c4cc(NC5Cc6ccccc6C5)ncc4Cl)c3)c(N)c12
PACERGEN02466,Cc1c(Cl)c2nncn2c2sc(-c3ccc4cc(NC(=O)C5(F)CCCC5)nnc4c3)c(N)c12
PACERGEN02467,Cc1c(Cl)c2nncn2c2sc(-c3cc4ccc(NC(=O)C5(F)CCCC5)cc4nn3)c(N)c12
PACERGEN02468,Cc1c(Cl)c2nnc(C)n2c2sc(Nc3cnn(-c4cncc(-c5cncc(F)c5)c4)c3)c(N)c12
PACERGEN02469,Cc1c(Cl)c2nnc(C)n2c2sc(Nc3cncc(-n4cc(-c5cncc(F)c5)cn4)c3)c(N)c12
PACERGEN02470,Cc1c(Cl)c2nnc(C)n2c2sc(Nc3cncc(-c4cnn(-c5cncc(F)c5)c4)c3)c(N)c12
PACERGEN02471,Cc1ccc(C2Cc3ccccc3C2)c(NC(=O)c2sc3c(c(C)c(Cl)c4nncn43)c2N)n1
PACERGEN02472,Cc1ccc(C2Cc3ccccc3C2)c(C(=O)Nc2sc3c(c(C)c(Cl)c4nncn43)c2N)n1
PACERGEN02473,Cc1ccc(C(=O)Nc2sc3c(c(C)c(Cl)c4nncn43)c2N)c(C2Cc3ccccc3C2)n1
PACERGEN02474,Cc1ccc(NC(=O)c2sc3c(c(C)c(Cl)c4nncn43)c2N)c(C2Cc3ccccc3C2)n1
PACERGEN02475,Cc1c(Cl)c2nnc(C)n2c2sc(C(=O)Nc3cncc(C4Cc5ccccc5C4)c3)c(N)c12
PACERGEN02476,Cc1c(Cl)c2nnc(C)n2c2sc(NC(=O)c3cncc(C4Cc5ccccc5C4)c3)c(N)c12
PACERGEN02477,Cc1c(Cl)c2nnc(C)n2c2sc(C(=O)Nc3cc4ccc(-c5cc(F)nc(F)c5)cc4nn3)c(N)c12
PACERGEN02478,Cc1c(Cl)c2nnc(C)n2c2sc(-c3cc4ccc(NC(=O)c5cc(F)nc(F)c5)cc4nn3)c(N)c12
PACERGEN02479,Cc1c(Cl)c2nnc(C)n2c2sc(NC(=O)c3cc4ccc(-c5cc(F)nc(F)c5)cc4nn3)c(N)c12
PACERGEN02480,Cc1c(Cl)c2nnc(C)n2c2sc(NC(=O)c3ccc4cc(-c5cc(F)nc(F)c5)nnc4c3)c(N)c12
PACERGEN02481,Cc1c(Cl)c2nnc(C)n2c2sc(-c3cc4ccc(C(=O)Nc5cc(F)nc(F)c5)cc4nn3)c(N)c12
PACERGEN02482,Cc1c(Cl)c2nnc(C)n2c2sc(-c3ccc4cc(NC(=O)c5cc(F)nc(F)c5)nnc4c3)c(N)c12
PACERGEN02483,Cc1c(Cl)c2nnc(C)n2c2sc(C(=O)Nc3ccc4cc(-c5cc(F)nc(F)c5)nnc4c3)c(N)c12
PACERGEN02484,Cc1c(Cl)c2nnc(C)n2c2sc(-c3ccc4cc(C(=O)Nc5cc(F)nc(F)c5)nnc4c3)c(N)c12
PACERGEN02485,Cc1c(Cl)c2nnc(C)n2c2sc(NC3CN(c4cc(-c5cncc(F)c5)c(Cl)cn4)C3)c(N)c12
PACERGEN02486,Cc1c(Cl)c2nnc(C)n2c2sc(NC3CN(c4cc(-c5cncc(F)c5)ncc4Cl)C3)c(N)c12
PACERGEN02487,Cc1c(Cl)c2nnc(C)n2c2sc(Nc3cncc(Nc4cc(F)nc(F)c4)c3)c(N)c12
PACERGEN02488,Cc1c(Cl)c2nnc(C)n2c2sc(Nc3cc4ccc(C5CC5)cc4nn3)c(N)c12
PACERGEN02489,Cc1c(Cl)c2nnc(C)n2c2sc(Nc3ccc4cc(C5CC5)nnc4c3)c(N)c12
PACERGEN02490,Cc1ccc(Nc2sc3c(c(C)c(Cl)c4nnc(C)n43)c2N)c(Cc2cncc(F)c2)n1
PACERGEN02491,Cc1ccc(Cc2cncc(F)c2)c(Nc2sc3c(c(C)c(Cl)c4nnc(C)n43)c2N)n1
PACERGEN02492,Cc1nnc2sc(-n3cc(-c4cc(NC5Cc6ccccc6C5)c(Cl)cn4)cn3)c(N)c2c1C
PACERGEN02493,Cc1nnc2sc(-c3cnn(-c4cc(NC5Cc6ccccc6C5)ncc4Cl)c3)c(N)c2c1C
PACERGEN02494,Cc1nnc2sc(-n3cc(-c4cc(NC5Cc6ccccc6C5)ncc4Cl)cn3)c(N)c2c1C
PACERGEN02495,Cc1nnc2sc(-c3cnn(-c4cc(NC5Cc6ccccc6C5)c(Cl)cn4)c3)c(N)c2c1C
PACERGEN02496,FC1(n2cc(-c3cc(NC4Cc5ccccc5C4)c(Cl)cn3)cn2)CCCC1
PACERGEN02497,FC1(n2cc(-c3cc(NC4Cc5ccccc5C4)ncc3Cl)cn2)CCCC1
PACERGEN02498,Cc1c(Cl)c2nnc(C)n2c2sc(NC3CN(c4cncc(C5Cc6ccccc6C5)c4)C3)c(N)c12
PACERGEN02499,Cc1c(Cl)nnc2sc(C(=O)Nc3cc4ccc(-c5ccc(F)c(F)c5)cc4nn3)c(N)c12
PACERGEN02500,Cc1c(Cl)nnc2sc(NC(=O)c3cc4ccc(-c5ccc(F)c(F)c5)cc4nn3)c(N)c12
PACERGEN02501,Cc1c(Cl)nnc2sc(-c3cc4ccc(C(=O)Nc5ccc(F)c(F)c5)cc4nn3)c(N)c12
PACERGEN02502,Cc1c(Cl)nnc2sc(-c3cc4ccc(NC(=O)c5ccc(F)c(F)c5)cc4nn3)c(N)c12
PACERGEN02503,Cc1c(Cl)nnc2sc(NC(=O)c3ccc4cc(-c5ccc(F)c(F)c5)nnc4c3)c(N)c12
PACERGEN02504,Cc1c(Cl)nnc2sc(-c3ccc4cc(C(=O)Nc5ccc(F)c(F)c5)nnc4c3)c(N)c12
PACERGEN02505,Cc1c(Cl)nnc2sc(C(=O)Nc3ccc4cc(-c5ccc(F)c(F)c5)nnc4c3)c(N)c12
PACERGEN02506,Cc1c(Cl)nnc2sc(-c3ccc4cc(NC(=O)c5ccc(F)c(F)c5)nnc4c3)c(N)c12
PACERGEN02507,Cc1c(Cl)c2nnc(C)n2c2sc(-c3cc4ccc(C(=O)NC5(F)CCCC5)cc4nn3)c(N)c12
PACERGEN02508,Cc1c(Cl)c2nnc(C)n2c2sc(-c3ccc4cc(C(=O)NC5(F)CCCC5)nnc4c3)c(N)c12
PACERGEN02509,Cc1ccc(C2CN(c3cncc(F)c3)C2)c(Nc2sc3c(c(C)c(Cl)c4nnc(C)n43)c2N)n1
PACERGEN02510,Cc1ccc(N2CC(c3cncc(F)c3)C2)c(Nc2sc3c(c(C)c(Cl)c4nnc(C)n43)c2N)n1
PACERGEN02511,Cc1ccc(Nc2sc3c(c(C)c(Cl)c4nnc(C)n43)c2N)c(N2CC(c3cncc(F)c3)C2)n1
PACERGEN02512,Cc1ccc(Nc2sc3c(c(C)c(Cl)c4nnc(C)n43)c2N)c(C2CN(c3cncc(F)c3)C2)n1
PACERGEN02513,Clc1cnc(-n2cc(C3Cc4ccccc4C3)cn2)cc1NC1Cc2ccccc2C1
PACERGEN02514,Clc1cnc(NC2Cc3ccccc3C2)cc1-n1cc(C2Cc3ccccc3C2)cn1
PACERGEN02515,Cc1ccc(-c2sc3c(c(C)c(Cl)c4nnc(C)n43)c2N)c(NC(=O)C2(F)CCCC2)n1
PACERGEN02516,Cc1ccc(NC(=O)C2(F)CCCC2)c(-c2sc3c(c(C)c(Cl)c4nnc(C)n43)c2N)n1
PACERGEN02517,Cc1ccc(C(=O)Nc2ccc(F)c(F)c2)c(-c2sc3c(c(C)c(Cl)c4nncn43)c2N)n1
PACERGEN02518,Cc1ccc(NC(=O)c2ccc(F)c(F)c2)c(-c2sc3c(c(C)c(Cl)c4nncn43)c2N)n1
PACERGEN02519,Cc1c(Cl)c2nnc(C)n2c2sc(C(=O)Nc3cncc(-c4ccc(F)c(F)c4)c3)c(N)c12
PACERGEN02520,Cc1ccc(-c2ccc(F)c(F)c2)c(C(=O)Nc2sc3c(c(C)c(Cl)c4nncn43)c2N)n1
PACERGEN02521,Cc1c(Cl)c2nnc(C)n2c2sc(NC(=O)c3cncc(-c4ccc(F)c(F)c4)c3)c(N)c12
PACERGEN02522,Cc1c(Cl)c2nnc(C)n2c2sc(-c3cncc(C(=O)Nc4ccc(F)c(F)c4)c3)c(N)c12
PACERGEN02523,Cc1ccc(-c2ccc(F)c(F)c2)c(NC(=O)c2sc3c(c(C)c(Cl)c4nncn43)c2N)n1
PACERGEN02524,Cc1ccc(-c2sc3c(c(C)c(Cl)c4nncn43)c2N)c(NC(=O)c2ccc(F)c(F)c2)n1
PACERGEN02525,Cc1ccc(C(=O)Nc2sc3c(c(C)c(Cl)c4nncn43)c2N)c(-c2ccc(F)c(F)c2)n1
PACERGEN02526,Cc1ccc(NC(=O)c2sc3c(c(C)c(Cl)c4nncn43)c2N)c(-c2ccc(F)c(F)c2)n1
PACERGEN02527,Cc1ccc(-c2sc3c(c(C)c(Cl)c4nncn43)c2N)c(C(=O)Nc2ccc(F)c(F)c2)n1
PACERGEN02528,Cc1c(Cl)c2nnc(C)n2c2sc(-c3cncc(NC(=O)c4ccc(F)c(F)c4)c3)c(N)c12
PACERGEN02529,Cc1c(Cl)c2nncn2c2sc(-c3cc4ccc(NC(=O)c5ccncc5Cl)cc4nn3)c(N)c12
PACERGEN02530,Cc1c(Cl)c2nncn2c2sc(-c3cc4ccc(C(=O)Nc5ccncc5Cl)cc4nn3)c(N)c12
PACERGEN02531,Cc1c(Cl)c2nncn2c2sc(C(=O)Nc3cc4ccc(-c5ccncc5Cl)cc4nn3)c(N)c12
PACERGEN02532,Cc1c(Cl)c2nncn2c2sc(NC(=O)c3cc4ccc(-c5ccncc5Cl)cc4nn3)c(N)c12
PACERGEN02533,Cc1c(Cl)c2nncn2c2sc(C(=O)Nc3ccc4cc(-c5ccncc5Cl)nnc4c3)c(N)c12
PACERGEN02534,Cc1c(Cl)c2nncn2c2sc(-c3ccc4cc(NC(=O)c5ccncc5Cl)nnc4c3)c(N)c12
PACERGEN02535,Cc1c(Cl)c2nncn2c2sc(-c3ccc4cc(C(=O)Nc5ccncc5Cl)nnc4c3)c(N)c12
PACERGEN02536,Cc1c(Cl)c2nncn2c2sc(NC(=O)c3ccc4cc(-c5ccncc5Cl)nnc4c3)c(N)c12
PACERGEN02537,Cc1c(Cl)c2nnc(C)n2c2sc(-c3cc(C(=O)NC4Cc5ccccc5C4)c(Cl)cn3)c(N)c12
PACERGEN02538,Cc1c(Cl)c2nnc(C)n2c2sc(-c3cc(C(=O)NC4Cc5ccccc5C4)ncc3Cl)c(N)c12
PACERGEN02539,Cc1c(Cl)nnc2sc(NC(=O)c3cc(C4Cc5ccccc5C4)ncc3Cl)c(N)c12
PACERGEN02540,Cc1c(Cl)nnc2sc(C(=O)Nc3cc(C4Cc5ccccc5C4)ncc3Cl)c(N)c12
PACERGEN02541,Cc1c(Cl)nnc2sc(C(=O)Nc3cc(C4Cc5ccccc5C4)c(Cl)cn3)c(N)c12
PACERGEN02542,Cc1c(Cl)nnc2sc(NC(=O)c3cc(C4Cc5ccccc5C4)c(Cl)cn3)c(N)c12
PACERGEN02543,Cc1c(Cl)c2nncn2c2sc(NC(=O)c3ccc4cc(C5(F)CCCC5)nnc4c3)c(N)c12
PACERGEN02544,Cc1c(Cl)c2nncn2c2sc(NC(=O)c3cc4ccc(C5(F)CCCC5)cc4nn3)c(N)c12
PACERGEN02545,Cc1c(Cl)c2nncn2c2sc(C(=O)Nc3cc4ccc(C5(F)CCCC5)cc4nn3)c(N)c12
PACERGEN02546,Cc1c(Cl)c2nncn2c2sc(C(=O)Nc3ccc4cc(C5(F)CCCC5)nnc4c3)c(N)c12
PACERGEN02547,Cc1c(Cl)c2nncn2c2sc(-c3cc(NC(=O)C4(F)CCCC4)c(Cl)cn3)c(N)c12
PACERGEN02548,Cc1c(Cl)c2nncn2c2sc(-c3cc(NC(=O)C4(F)CCCC4)ncc3Cl)c(N)c12
PACERGEN02549,Cc1c(Cl)c2nnc(C)n2c2sc(Nc3cc4ccc(CC5CC5)cc4nn3)c(N)c12
PACERGEN02550,Cc1c(Cl)c2nnc(C)n2c2sc(Nc3ccc4cc(CC5CC5)nnc4c3)c(N)c12
PACERGEN02551,Cc1c(Cl)c2nnc(C)n2c2sc(NC(=O)c3cc(-c4cc(F)nc(F)c4)ncc3Cl)c(N)c12
PACERGEN02552,Cc1c(Cl)c2nnc(C)n2c2sc(C(=O)Nc3cc(-c4cc(F)nc(F)c4)c(Cl)cn3)c(N)c12
PACERGEN02553,Cc1c(Cl)c2nnc(C)n2c2sc(-c3cc(NC(=O)c4cc(F)nc(F)c4)ncc3Cl)c(N)c12
PACERGEN02554,Cc1c(Cl)c2nnc(C)n2c2sc(-c3cc(NC(=O)c4cc(F)nc(F)c4)c(Cl)cn3)c(N)c12
PACERGEN02555,Cc1c(Cl)c2nnc(C)n2c2sc(NC(=O)c3cc(-c4cc(F)nc(F)c4)c(Cl)cn3)c(N)c12
PACERGEN02556,Cc1c(Cl)c2nnc(C)n2c2sc(-c3cc(C(=O)Nc4cc(F)nc(F)c4)ncc3Cl)c(N)c12
PACERGEN02557,Cc1c(Cl)c2nnc(C)n2c2sc(-c3cc(C(=O)Nc4cc(F)nc(F)c4)c(Cl)cn3)c(N)c12
PACERGEN02558,Cc1c(Cl)c2nnc(C)n2c2sc(C(=O)Nc3cc(-c4cc(F)nc(F)c4)ncc3Cl)c(N)c12
PACERGEN02559,Cc1c(Cl)c2nnc(C)n2c2sc(NC3CN(c4cncc(-c5ccc(F)c(F)c5)c4)C3)c(N)c12
PACERGEN02560,Cc1ccc(-c2cnn(C3CC3)c2)c(Nc2sc3c(c(C)c(Cl)c4nnc(C)n43)c2N)n1
PACERGEN02561,Cc1ccc(Nc2sc3c(c(C)c(Cl)c4nnc(C)n43)c2N)c(-c2cnn(C3CC3)c2)n1
PACERGEN02562,Cc1ccc(Nc2sc3c(c(C)c(Cl)c4nnc(C)n43)c2N)c(-c2cncc(F)c2)n1
PACERGEN02563,Cc1ccc(-c2cncc(F)c2)c(Nc2sc3c(c(C)c(Cl)c4nnc(C)n43)c2N)n1
PACERGEN02564,Fc1ccc(-c2cnn(-c3cc(NC4Cc5ccccc5C4)ncc3Cl)c2)cc1F
PACERGEN02565,Fc1ccc(-n2cc(-c3cc(NC4Cc5ccccc5C4)c(Cl)cn3)cn2)cc1F
PACERGEN02566,Fc1ccc(-n2cc(-c3cc(NC4Cc5ccccc5C4)ncc3Cl)cn2)cc1F
PACERGEN02567,Fc1ccc(-c2cnn(-c3cc(NC4Cc5ccccc5C4)c(Cl)cn3)c2)cc1F
PACERGEN02568,Cc1c(Cl)c2nncn2c2sc(-c3ccc4cc(NC(=O)C5Cc6ccccc6C5)nnc4c3)c(N)c12
PACERGEN02569,Cc1c(Cl)c2nncn2c2sc(-c3cc4ccc(NC(=O)C5Cc6ccccc6C5)cc4nn3)c(N)c12
PACERGEN02570,Cc1c(Cl)nnc2sc(Cc3cc(NC4Cc5ccccc5C4)ncc3Cl)c(N)c12
PACERGEN02571,Cc1c(Cl)nnc2sc(Cc3cc(NC4Cc5ccccc5C4)c(Cl)cn3)c(N)c12
PACERGEN02572,Cc1c(Cl)c2nnc(C)n2c2sc(Nc3cnn(-c4cncc(-c5cc(F)nc(F)c5)c4)c3)c(N)c12
PACERGEN02573,Cc1c(Cl)c2nnc(C)n2c2sc(Nc3cncc(-c4cnn(-c5cc(F)nc(F)c5)c4)c3)c(N)c12
PACERGEN02574,Cc1c(Cl)c2nnc(C)n2c2sc(Nc3cncc(-n4cc(-c5cc(F)nc(F)c5)cn4)c3)c(N)c12
PACERGEN02575,Cc1c(Cl)c2nnc(C)n2c2sc(Nc3cc(C4CC4)ncc3Cl)c(N)c12
PACERGEN02576,Cc1c(Cl)c2nnc(C)n2c2sc(Nc3cc(C4CC4)c(Cl)cn3)c(N)c12
PACERGEN02577,Cc1c(Cl)nnc2sc(N3CC(c4cc(NC5Cc6ccccc6C5)ncc4Cl)C3)c(N)c12
PACERGEN02578,Cc1c(Cl)nnc2sc(N3CC(c4cc(NC5Cc6ccccc6C5)c(Cl)cn4)C3)c(N)c12
PACERGEN02579,Cc1c(Cl)nnc2sc(C3CN(c4cc(NC5Cc6ccccc6C5)ncc4Cl)C3)c(N)c12
PACERGEN02580,Cc1c(Cl)nnc2sc(C3CN(c4cc(NC5Cc6ccccc6C5)c(Cl)cn4)C3)c(N)c12
PACERGEN02581,Cc1ccc(-c2sc3c(c(C)c(Cl)c4nnc(C)n43)c2N)c(NC(=O)c2ccncc2Cl)n1
PACERGEN02582,Cc1ccc(-c2ccncc2Cl)c(C(=O)Nc2sc3c(c(C)c(Cl)c4nnc(C)n43)c2N)n1
PACERGEN02583,Cc1ccc(-c2ccncc2Cl)c(NC(=O)c2sc3c(c(C)c(Cl)c4nnc(C)n43)c2N)n1
PACERGEN02584,Cc1ccc(NC(=O)c2sc3c(c(C)c(Cl)c4nnc(C)n43)c2N)c(-c2ccncc2Cl)n1
PACERGEN02585,Cc1ccc(-c2sc3c(c(C)c(Cl)c4nnc(C)n43)c2N)c(C(=O)Nc2ccncc2Cl)n1
PACERGEN02586,Cc1ccc(C(=O)Nc2sc3c(c(C)c(Cl)c4nnc(C)n43)c2N)c(-c2ccncc2Cl)n1
PACERGEN02587,Cc1ccc(NC(=O)c2ccncc2Cl)c(-c2sc3c(c(C)c(Cl)c4nnc(C)n43)c2N)n1
PACERGEN02588,Cc1ccc(C(=O)Nc2ccncc2Cl)c(-c2sc3c(c(C)c(Cl)c4nnc(C)n43)c2N)n1
PACERGEN02589,Cc1c(Cl)nnc2sc(C(=O)Nc3cc(-c4ccc(F)c(F)c4)c(Cl)cn3)c(N)c12
PACERGEN02590,Cc1c(Cl)nnc2sc(-c3cc(C(=O)Nc4ccc(F)c(F)c4)c(Cl)cn3)c(N)c12
PACERGEN02591,Cc1c(Cl)nnc2sc(-c3cc(NC(=O)c4ccc(F)c(F)c4)c(Cl)cn3)c(N)c12
PACERGEN02592,Cc1c(Cl)nnc2sc(NC(=O)c3cc(-c4ccc(F)c(F)c4)c(Cl)cn3)c(N)c12
PACERGEN02593,Cc1c(Cl)nnc2sc(NC(=O)c3cc(-c4ccc(F)c(F)c4)ncc3Cl)c(N)c12
PACERGEN02594,Cc1c(Cl)nnc2sc(-c3cc(NC(=O)c4ccc(F)c(F)c4)ncc3Cl)c(N)c12
PACERGEN02595,Cc1c(Cl)nnc2sc(-c3cc(C(=O)Nc4ccc(F)c(F)c4)ncc3Cl)c(N)c12
PACERGEN02596,Cc1c(Cl)nnc2sc(C(=O)Nc3cc(-c4ccc(F)c(F)c4)ncc3Cl)c(N)c12
PACERGEN02597,Cc1c(Cl)c2nnc(C)n2c2sc(-c3cc(C(=O)NC4(F)CCCC4)ncc3Cl)c(N)c12
PACERGEN02598,Cc1c(Cl)c2nnc(C)n2c2sc(-c3cc(C(=O)NC4(F)CCCC4)c(Cl)cn3)c(N)c12
PACERGEN02599,Cc1c(Cl)c2nnc(C)n2c2sc(NC3CN(c4cc(-c5cc(F)nc(F)c5)ncc4Cl)C3)c(N)c12
PACERGEN02600,Cc1c(Cl)c2nnc(C)n2c2sc(NC3CN(c4cc(-c5cc(F)nc(F)c5)c(Cl)cn4)C3)c(N)c12
PACERGEN02601,Cc1ccc(C2(F)CCCC2)c(C(=O)Nc2sc3c(c(C)c(Cl)c4nnc(C)n43)c2N)n1
PACERGEN02602,Cc1ccc(C2(F)CCCC2)c(NC(=O)c2sc3c(c(C)c(Cl)c4nnc(C)n43)c2N)n1
PACERGEN02603,Cc1ccc(NC(=O)c2sc3c(c(C)c(Cl)c4nnc(C)n43)c2N)c(C2(F)CCCC2)n1
PACERGEN02604,Cc1ccc(C(=O)Nc2sc3c(c(C)c(Cl)c4nnc(C)n43)c2N)c(C2(F)CCCC2)n1
