#"Step","Time (ps)","Potential Energy (kJ/mole)","Kinetic Energy (kJ/mole)","Temperature (K)","Box Volume (nm^3)","Density (g/mL)","Speed (ns/day)","Time Remaining"
5000,14.000000000001178,-1586092.304206496,408538.7855514266,300.3289704264811,1459.008711809078,1.0091635645828299,0,--
10000,23.99999999999741,-1592740.7438907484,407298.9498199046,299.4175304312714,1443.800664185134,1.0197934305547967,230,1:02:34
15000,33.99999999999542,-1593522.3249155693,409251.85733273474,300.85317062850453,1441.1353145084008,1.021679517213766,231,1:02:13
20000,44.00000000000764,-1596529.4234588789,408681.1841650605,300.4336518680855,1440.8772591467075,1.0218624959343168,230,1:02:21
25000,54.00000000001986,-1595120.3680668464,406694.0743361114,298.97286853451016,1437.7627241828297,1.0240760923910421,230,1:02:15
30000,64.00000000003207,-1594546.7158204596,408072.50481382245,299.9861936356182,1441.1134817237137,1.0216949955985024,230,1:02:20
35000,74.00000000000877,-1598306.1532607265,407906.6860321264,299.8642953342931,1435.983583659837,1.0253448919061157,230,1:02:08
40000,83.99999999998546,-1599279.6486389693,409398.80464092793,300.96119595030365,1435.6536543981772,1.0255805276265393,230,1:02:02
45000,93.99999999996216,-1596580.8644931084,406473.89619194565,298.8110090546117,1438.438932197023,1.0235946757348893,230,1:01:58
50000,103.99999999993885,-1599090.844595517,409219.75204444176,300.8295690794735,1436.4641770352277,1.0250018454379761,231,1:01:49
55000,113.99999999991554,-1599479.4713377906,409259.3092205091,300.85864873208277,1433.9517846531264,1.0267977264820107,226,1:03:08
60000,123.99999999989224,-1594829.049697823,407999.3897584745,299.9324445912877,1436.2973747611327,1.0251208825132885,226,1:02:50
65000,133.99999999991155,-1596315.5606795093,407995.6182014939,299.9296720079616,1433.4778549540408,1.0271372015118145,227,1:02:41
70000,143.9999999999593,-1597265.9549051141,409651.2093252728,301.14674611508855,1438.3793345786323,1.0236370872207918,227,1:02:30
75000,154.00000000000705,-1595639.1046530036,409308.5175556509,300.89482323779004,1438.393192985793,1.0236272248412919,227,1:02:24
80000,164.0000000000548,-1595713.3466264475,408864.6483596267,300.56852183542486,1435.1775600200435,1.025920745546,228,1:02:15
85000,174.00000000010255,-1597995.9321543062,408580.83350272366,300.35988112178893,1434.5576583942952,1.0263640668264875,228,1:02:10
90000,184.0000000001503,-1596624.1259885607,408209.1428522843,300.0866403076691,1438.1083354901336,1.023829982784182,228,1:02:04
95000,194.00000000019804,-1601064.0559038166,405381.9778636554,298.00830752681776,1434.7251812304035,1.0262442254648083,228,1:01:56
100000,204.0000000002458,-1597837.2056445489,409131.725715516,300.76485831596295,1435.3124467223272,1.0258243323458724,228,1:01:52
105000,214.00000000029354,-1598297.5089422325,408128.9770283494,300.0277080343642,1435.1554626410937,1.025936541855234,225,1:02:32
110000,224.0000000003413,-1597942.6187523678,408747.32677055296,300.48227525786245,1438.2674692699982,1.0237167034821186,226,1:02:23
115000,234.00000000038904,-1598461.2670514882,408249.45197864505,300.116272741227,1434.2806985697905,1.0265622578863756,226,1:02:15
120000,244.00000000043678,-1599094.8517235518,407731.32259712915,299.7353804754209,1436.9514330126744,1.0246542774794427,226,1:02:07
125000,254.00000000048453,-1598631.8485184638,407606.9045744804,299.6439170991978,1435.8838957870094,1.025416077641598,226,1:02:02
130000,264.0000000005323,-1599521.8618458556,407903.26644137956,299.8617814917777,1431.1936743660997,1.028776509244141,226,1:01:55
135000,274.00000000058003,-1598808.712326819,407478.2854430438,299.5493653633832,1434.8981327302404,1.0261205299397083,227,1:01:48
140000,284.0000000006278,-1599868.3620411502,406817.14238964906,299.06333950842634,1435.7163247387707,1.0255357600914317,227,1:01:40
145000,294.0000000006755,-1598818.740097667,409485.7816192921,301.0251353051134,1434.4146654649091,1.0264663822922073,227,1:01:35
150000,304.0000000007233,-1598116.000169089,408669.2775789822,300.42489898374583,1434.9380025400064,1.0260920191397618,227,1:01:32
155000,314.000000000771,-1596777.7837429317,407908.6931332129,299.8657708137926,1435.1561126595475,1.0259360771826602,225,1:01:57
160000,324.0000000008188,-1598616.1748289047,407623.1909800279,299.655889718648,1434.3733791750508,1.026495927589969,225,1:01:50
165000,334.0000000008665,-1597410.5135234073,407379.48210109863,299.4767320981694,1434.4628749028348,1.0264318848031428,226,1:01:44
170000,344.00000000091427,-1598425.0242149122,409048.9241488134,300.7039884300256,1431.6804477538797,1.0284267237682976,226,1:01:39
175000,354.000000000962,-1598195.951662059,408842.9645646709,300.5525814350411,1435.3014501557236,1.025832191702242,226,1:01:36
180000,364.00000000100977,-1597396.1139631672,407415.0706919496,299.50289432615654,1436.4267204688024,1.0250285736024989,226,1:01:32
185000,374.0000000010575,-1598455.7449699016,407576.4453497216,299.6215256202604,1435.4003957362343,1.0257614786370817,226,1:01:25
190000,384.00000000110526,-1600197.7321527693,408536.5089322167,300.3272968162205,1435.3532876020934,1.0257951440139264,226,1:01:19
195000,394.000000001153,-1597073.4282617206,409395.1588867225,300.9585158483264,1435.1381901931575,1.0259488894017113,226,1:01:13
200000,404.00000000120076,-1599469.924440666,408351.77998654265,300.19149709285426,1436.7197041233446,1.024819544230491,226,1:01:08
205000,414.0000000012485,-1599273.1582260132,408746.6199576348,300.48175565873623,1437.8271438021375,1.0240302102470735,225,1:01:25
210000,424.00000000129626,-1599983.1669082474,408230.9924625734,300.10270260381924,1434.3792797518147,1.0264917049146247,225,1:01:20
215000,434.000000001344,-1598413.0453487542,409234.8684835293,300.84068162190084,1434.2357686775877,1.0265944167075356,225,1:01:13
220000,444.00000000139175,-1600025.69392501,408002.3202461795,299.93459887965986,1433.3981002489988,1.0271943517372333,225,1:01:07
225000,454.0000000014395,-1596829.9918592563,408588.3565358908,300.3654115264542,1434.5313591586041,1.0263828831390944,225,1:01:02
230000,464.00000000148725,-1598994.1645500483,409334.84531128034,300.91417755131295,1434.4884280549845,1.0264136005356574,225,1:00:55
235000,474.000000001535,-1598984.122782303,408725.55653083033,300.4662713093683,1433.0020623398982,1.0274782368159732,226,1:00:51
240000,484.00000000158275,-1598035.80791095,409278.5652105716,300.872804381129,1436.993294402377,1.0246244280346424,226,1:00:44
245000,494.0000000016305,-1600829.8533556843,409640.86133013415,301.1391389971456,1432.2813771277029,1.0279952360473747,226,1:00:38
250000,504.00000000167825,-1601379.0092349527,406188.360937719,298.60110362591024,1431.0835158491354,1.0288556999365717,226,1:00:34
255000,514.0000000016692,-1597930.7001427626,408030.22109711193,299.95510962216684,1432.9937863025891,1.027484170860003,225,1:00:46
260000,524.0000000014327,-1600788.4902629247,408895.96676955326,300.59154492684553,1428.506065494948,1.0307120620145938,225,1:00:40
265000,534.0000000011962,-1598926.3274416085,408306.98008667014,300.1585633585804,1435.626869628804,1.0255996620816596,225,1:00:35
270000,544.0000000009597,-1599898.3295646617,409521.3151711992,301.0512570723415,1433.134713488533,1.0273831332873042,225,1:00:31
275000,554.0000000007233,-1601574.3391653793,408310.2404882393,300.1609601764128,1434.4595031895917,1.0264342974428664,225,1:00:25
280000,564.0000000004868,-1598974.4168700874,409281.42332419124,300.8749054651658,1431.600988972605,1.0284838049904612,225,1:00:21
285000,574.0000000002503,-1601706.4306424856,407648.20510685386,299.67427834470124,1432.8725061429059,1.0275711384330282,225,1:00:16
290000,584.0000000000139,-1599880.4016453223,408610.8736100334,300.3819644950668,1432.2580402095646,1.0280119859904695,225,1:00:11
295000,593.9999999997774,-1598401.070958702,404012.88127553323,297.0018440446048,1432.410237557688,1.0279027570182067,225,1:00:05
300000,603.9999999995409,-1603384.9786736276,408289.90591438103,300.14601162844895,1429.5515166255163,1.0299582877868085,226,1:00:00
305000,613.9999999993045,-1601709.2641943796,408609.0411951005,300.3806174325365,1431.070960375274,1.028864726582493,225,1:00:09
310000,623.999999999068,-1599607.7535882369,409538.18321309495,301.06365726991106,1433.1745316503368,1.0273545893054425,225,1:00:03
315000,633.9999999988315,-1600776.9768729946,407864.49036174954,299.8332760463113,1429.1677796336699,1.0302348355096966,225,59:59
320000,643.9999999985951,-1601522.7129329601,405403.59070336854,298.02419576589955,1433.2192278094299,1.0273225503798704,225,59:53
325000,653.9999999983586,-1599652.9726395477,409342.49319680885,300.9197997386497,1434.944196898138,1.0260875897121533,225,59:48
330000,663.9999999981221,-1598458.223285364,407179.52271867136,299.3297360293128,1435.3989939800645,1.025762480356804,225,59:43
335000,673.9999999978857,-1598070.0753684752,409039.9488024862,300.6973903869095,1435.4483830114295,1.0257271872623848,225,59:39
340000,683.9999999976492,-1601482.5028846627,407866.8575389671,299.83501622844756,1434.1911105329145,1.026626383020564,225,59:34
345000,693.9999999974127,-1602204.4865286062,408052.3593196178,299.97138408571203,1434.072385209348,1.026711376324084,225,59:29
350000,703.9999999971762,-1600791.2505734498,405834.2474231182,298.340784285335,1433.6384580828812,1.027022136624024,225,59:23
355000,713.9999999969398,-1598240.0081504565,408178.059183259,300.0637897812427,1432.0182726608346,1.0281841094323638,225,59:30
360000,723.9999999967033,-1601848.6034856373,408877.04342524154,300.5776338155505,1431.4417029336162,1.0285982512240208,225,59:25
365000,733.9999999964668,-1596902.3568342356,408930.7541015154,300.6171181256741,1435.492158645389,1.0256959074970293,225,59:20
370000,743.9999999962304,-1598228.1615870483,406841.4747408195,299.0812269409873,1431.3032002038653,1.0286977854565937,225,59:15
375000,753.9999999959939,-1601125.4863239164,408420.79454470583,300.24223174016475,1434.3403795302659,1.0265195440212338,225,59:10
380000,763.9999999957574,-1599711.9531171434,408608.4251575955,300.38016456510707,1433.179074247871,1.0273513330072535,225,59:06
385000,773.999999995521,-1599781.1933830138,407527.44085978006,299.58550096720194,1433.0090530763703,1.0274732244055012,225,59:01
390000,783.9999999952845,-1599187.6837523403,407582.4520256264,299.625941305757,1435.7669228797697,1.0254996189865198,225,58:57
395000,793.999999995048,-1600600.3710131124,407609.2045388462,299.64560787117455,1435.3764905381859,1.0257785619817366,225,58:51
400000,803.9999999948116,-1601497.729289067,409420.5966551128,300.97721590585036,1431.6675843512187,1.0284359640886065,225,58:46
405000,813.9999999945751,-1600933.5034438297,407916.7463851635,299.87169099800144,1432.5086832797324,1.0278321168676183,225,58:52
410000,823.9999999943386,-1600868.0776683278,408753.9010276741,300.48710818913446,1433.6164003439571,1.027037938470427,225,58:47
415000,833.9999999941022,-1600259.1739053437,407093.82432764315,299.2667366019513,1433.2740600317193,1.0272832484905694,225,58:43
420000,843.9999999938657,-1600805.297145539,408656.6109490057,300.4155873686088,1433.6253603358125,1.0270315196026958,225,58:37
425000,853.9999999936292,-1600760.656513987,408243.08323786384,300.1115908911081,1433.0084695841624,1.0274736427719189,225,58:33
430000,863.9999999933927,-1598826.0691560758,408819.49452582735,300.53532791383077,1433.6934547445253,1.0269827399254046,225,58:28
435000,873.9999999931563,-1600433.764432787,410063.85679828504,301.45009550344975,1431.9908979448528,1.0282037647583948,225,58:23
440000,883.9999999929198,-1599576.088078781,408533.40358699247,300.32501398490314,1435.3495994579416,1.0257977798040938,225,58:19
445000,893.9999999926833,-1601487.1439103028,408661.86404031876,300.4194490717357,1433.8327419239438,1.026882975479404,225,58:14
450000,903.9999999924469,-1601962.8801337983,409016.1038541268,300.6798612586017,1427.9531795267806,1.0311111410911902,225,58:09
455000,913.9999999922104,-1600529.9643464861,408694.02319774695,300.44309022156466,1431.3357726699962,1.0286743756987888,225,58:14
460000,923.9999999919739,-1600154.841023568,408816.04194780625,300.5327898213924,1431.658236127667,1.0284426794128776,225,58:11
465000,933.9999999917375,-1598890.5482791439,407133.59258564754,299.2959714271491,1433.2617110822391,1.0272920995390828,225,58:06
470000,943.999999991501,-1599053.0305728149,407780.3690317534,299.77143596325885,1433.0492672615212,1.0274443914829854,225,58:02
475000,953.9999999912645,-1598876.9232441774,409185.2901735073,300.80423513669314,1435.6400636196117,1.0255902364931315,225,57:57
480000,963.9999999910281,-1600788.4470585631,407716.61072145717,299.7245653395516,1437.3803893189818,1.0243484907041567,225,57:52
485000,973.9999999907916,-1602508.0072799427,408572.73802786146,300.35392989826624,1432.755543192092,1.0276550241685212,225,57:48
490000,983.9999999905551,-1600630.428653161,408317.7792766683,300.16650216323814,1434.1690588439587,1.0266421683601878,225,57:44
495000,993.9999999903187,-1600212.0128624476,408994.4036182466,300.66390877200706,1434.1469266556546,1.026658011812047,225,57:40
500000,1003.9999999900822,-1601537.9210377932,408066.3782251237,299.98168979867245,1432.6906715700575,1.0277015559493392,225,57:35
505000,1013.9999999898457,-1600831.780000873,407453.29833994317,299.53099660327143,1432.1981946472542,1.028054942304472,225,57:38
510000,1023.9999999896093,-1599140.6759958314,407170.7353609246,299.3232761821742,1435.211862576905,1.0258962253301158,225,57:34
515000,1033.9999999893728,-1602169.0934644463,408260.81029243174,300.12462257435425,1433.1645550277508,1.0273617409817548,225,57:29
520000,1043.9999999891363,-1598276.5719757117,409702.65365611535,301.18456436751075,1432.446586979198,1.0278766732040348,225,57:25
525000,1053.9999999888998,-1600178.0549202496,407187.5824444117,299.3356609725963,1433.2508220920754,1.0272999042955113,225,57:20
530000,1063.9999999886634,-1600467.4353263667,408495.43702777673,300.2971036418876,1432.2861183350594,1.0279918331388962,225,57:16
535000,1073.999999988427,-1599869.4322154382,408770.096388547,300.49901387894573,1433.0147254536137,1.027469157304422,225,57:12
540000,1083.9999999881904,-1601747.2612598995,407320.5571393435,299.43341461223605,1431.8437711474983,1.0283094161779036,225,57:07
545000,1093.999999987954,-1602988.0824618293,408398.2339998622,300.22564681495135,1430.776952796921,1.0290761459977442,225,57:02
550000,1103.9999999877175,-1600637.7396451645,410776.9286490427,301.97429575652757,1434.747308241892,1.0262283984842409,225,56:58
555000,1113.999999987481,-1599000.9902718337,407920.59905530326,299.87452321001507,1431.6425835266662,1.028453923701849,225,57:00
560000,1123.9999999872446,-1600911.9294696236,408881.0035543755,300.58054502385585,1431.310160336649,1.0286927831353783,225,56:55
565000,1133.999999987008,-1598062.2857569056,407138.2410866263,299.29938867800104,1433.9271769856266,1.0268153473887403,225,56:51
570000,1143.9999999867716,-1601947.5097911498,407959.3393638504,299.90300235909825,1431.9966298115276,1.0281996491573022,225,56:46
575000,1153.9999999865352,-1601542.0794564402,408731.10999099223,300.4703538225389,1430.5941114350107,1.0292076701544142,225,56:42
580000,1163.9999999862987,-1598998.1928138267,409292.3353351613,300.88292720786404,1432.9434757756578,1.0275202457442698,225,56:37
585000,1173.9999999860622,-1599011.3559929542,407401.675597679,299.49304719532506,1431.1855906720216,1.0287823200311064,225,56:33
590000,1183.9999999858258,-1600497.6997002307,408699.6356212663,300.4472160804471,1434.1856908144127,1.0266302625921133,225,56:28
595000,1193.9999999855893,-1598651.1251912452,408596.1014818756,300.3711050658093,1430.7367600927173,1.0291050551264485,225,56:24
600000,1203.9999999853528,-1600709.2484450592,408548.35877180705,300.33600798453483,1434.1499076043622,1.0266558778546016,225,56:19
605000,1213.9999999851163,-1600062.2083343025,408622.3103171944,300.39037195748705,1432.3261055380642,1.0279631340053959,225,56:22
610000,1223.9999999848799,-1600231.7004313767,408522.2411516467,300.31680814782374,1434.7811599638262,1.0262041860124325,225,56:18
615000,1233.9999999846434,-1598776.436395755,409214.64407947287,300.82581406302376,1433.1234965115234,1.0273911745573092,225,56:14
620000,1243.999999984407,-1599204.340896451,409030.41305777035,300.6903803783276,1436.9970282572792,1.0246217656777494,225,56:09
625000,1253.9999999841705,-1600228.8132623294,408911.6045434884,300.6030407179719,1430.48825692332,1.0292838303569363,225,56:04
630000,1263.999999983934,-1600564.4224307751,408601.4279754767,300.3750207291338,1433.6460811260617,1.0270166756987664,225,56:00
635000,1273.9999999836975,-1600190.55582002,409024.8250715239,300.68627248400884,1432.3321320205682,1.0279588088899403,225,55:55
640000,1283.999999983461,-1600330.8381344685,409719.37856270303,301.19685934207274,1430.204140920822,1.0294883018718408,225,55:51
645000,1293.9999999832246,-1599055.7572147474,407564.58577085804,299.61280729231765,1433.9472728110766,1.0268009572487529,225,55:46
650000,1303.9999999829881,-1602020.5443630144,409695.44232089084,301.1792631012418,1429.7362927988745,1.0298251780993126,225,55:42
655000,1313.9999999827517,-1599280.002966756,409052.300128747,300.7064702129395,1434.9499424179955,1.0260834812715396,225,55:44
660000,1323.9999999825152,-1600966.9760197587,408523.1329394773,300.3174637274908,1433.4780296944145,1.0271370763042178,225,55:39
665000,1333.9999999822787,-1601400.7893457683,407908.7629326094,299.86582212539787,1431.0143433439728,1.0289054328596179,225,55:35
670000,1343.9999999820423,-1601522.6842467012,408052.35349364905,299.97137980286976,1430.8058144002098,1.0290553879136068,225,55:31
675000,1353.9999999818058,-1600082.6882444108,409096.2747896974,300.73879728962146,1432.487722510647,1.0278471565439253,225,55:26
680000,1363.9999999815693,-1600853.7942079445,409029.6481364726,300.68981806200924,1434.502806945583,1.0264033121703788,225,55:23
685000,1373.9999999813328,-1602433.707453763,407384.0868859135,299.4801172119735,1431.0564803270308,1.028875137080668,225,55:19
690000,1383.9999999810964,-1600350.688740625,409526.26275998814,301.0548941915078,1432.716572399591,1.0276829770319702,225,55:15
695000,1393.99999998086,-1603098.924895593,405696.9604751124,298.2398605806446,1428.6102800424014,1.0306368734256564,225,55:12
700000,1403.9999999806234,-1602035.6278731069,409434.01025643054,300.9870766417608,1430.8597154123788,1.029016623018356,225,55:08
705000,1413.999999980387,-1601196.0033862246,407633.6191152298,299.6635557499268,1431.7002143793886,1.0284125248978162,224,55:09
710000,1423.9999999801505,-1601214.3931522472,407646.2723918876,299.67285754864355,1431.6027069196816,1.0284825707927767,224,55:05
715000,1433.999999979914,-1599406.534271489,408850.26540222066,300.5579484971221,1432.4403061694438,1.0278811801268064,224,55:00
720000,1443.9999999796776,-1602138.105387046,409673.56985351804,301.16318400217193,1430.7960448579354,1.029062414351897,224,54:56
725000,1453.999999979441,-1599630.7686106479,408374.60743443365,300.2082782264089,1430.5731606828722,1.0292227429066434,224,54:52
730000,1463.9999999792046,-1599352.9778517485,407103.1101270083,299.27356286829746,1431.4606213747752,1.0285846570844395,224,54:47
735000,1473.9999999789682,-1601669.0890387576,407717.3436856074,299.7251041632237,1432.484171685882,1.0278497043592592,224,54:43
740000,1483.9999999787317,-1603395.560119302,408730.194486821,300.46968080828697,1430.7561187746044,1.029091130938301,224,54:39
745000,1493.9999999784952,-1601495.3496987084,407987.39754626463,299.9236287606408,1432.2907001045157,1.027988544685245,225,54:34
750000,1503.9999999782588,-1601456.3464489263,408321.27459015744,300.16907167178573,1430.4403759525683,1.029318283459495,225,54:30
755000,1513.9999999780223,-1600504.5362861156,406975.2682673475,299.17958252800366,1430.717731074997,1.0291187425631139,224,54:31
760000,1523.9999999777858,-1602161.5952053014,408622.46686724084,300.39048704206635,1433.8258458076602,1.0268879143668075,224,54:27
765000,1533.9999999775494,-1599276.3861698704,406977.39678692253,299.181147265833,1432.556245429945,1.0277979919209073,224,54:22
770000,1543.9999999773129,-1599659.1132363146,407614.73357944645,299.6496724328016,1432.8359090836573,1.0275973843426935,224,54:18
775000,1553.9999999770764,-1600788.2619140157,408279.5112690886,300.1383702165952,1430.5682499096515,1.0292262759638633,224,54:14
780000,1563.99999997684,-1601315.5649130167,406102.5175380355,298.53799759838813,1430.5820468872525,1.0292163497859788,224,54:09
785000,1573.9999999766035,-1600360.5453907726,407642.2149331345,299.66987479045025,1432.0674160472543,1.0281488258637033,224,54:05
790000,1583.999999976367,-1601330.6600301368,406474.73993248865,298.8116293132935,1433.750249565936,1.0269420582925168,224,54:01
795000,1593.9999999761305,-1598825.2543626362,406461.44295532856,298.8018543112582,1432.5398402132312,1.0278097620988265,224,53:57
800000,1603.999999975894,-1602980.786921312,409640.6335091778,301.1389715192079,1431.0952666107269,1.0288472519748433,225,53:52
805000,1613.9999999756576,-1601935.3773747059,407611.52869025175,299.647316423761,1434.3060891851742,1.026544085302675,224,53:53
810000,1623.9999999754211,-1600130.4865607517,407839.859694766,299.815169312954,1432.715459316031,1.0276837754438384,224,53:48
815000,1633.9999999751847,-1599501.3715497898,409908.04175118875,301.33555124394155,1433.452849719156,1.0271551189528993,224,53:44
820000,1643.9999999749482,-1602339.1128457803,408080.8608085322,299.9923363750026,1432.8900147330828,1.0275585824644922,224,53:40
825000,1653.9999999747117,-1601082.0840823082,408262.2258528841,300.12566319480027,1435.2735466567465,1.025852135153146,224,53:36
830000,1663.9999999744753,-1598045.1427095877,408082.2647225007,299.9933684337731,1433.6460835084838,1.0270166739920779,224,53:31
835000,1673.9999999742388,-1600117.2851938177,406601.05880759825,298.90449006250213,1434.3199664336378,1.0265341533435142,224,53:27
840000,1683.9999999740023,-1600717.3309657918,407904.7757782501,299.86289105004835,1435.1418130271559,1.0259462995234963,224,53:23
845000,1693.9999999737659,-1600274.3647048129,408170.4765467247,300.05821556037546,1434.622891952067,1.0263173971546011,224,53:19
850000,1703.9999999735294,-1601413.3861790933,409627.16128745343,301.1290676896991,1431.8623991917407,1.028296038221118,224,53:14
855000,1713.999999973293,-1599970.8474489162,408170.68585375324,300.0583694281761,1432.6734763189884,1.0277138906414869,224,53:15
860000,1723.9999999730564,-1601255.4302365072,406254.3330619473,298.6496016898568,1434.8926804400276,1.026124428981775,224,53:10
865000,1733.99999997282,-1600844.7496082224,407959.67095386435,299.90324612074585,1435.2376796096114,1.0258777715250222,224,53:06
870000,1743.9999999725835,-1599527.616819447,407403.96792084957,299.4947323500327,1434.0363990187739,1.0267371409638648,224,53:01
875000,1753.999999972347,-1602706.2570011625,410064.5890783331,301.4506338242181,1433.8436339287755,1.0268751748977607,224,52:57
880000,1763.9999999721106,-1601438.6053361734,408542.9807007123,300.33205440506606,1435.8736690738313,1.0254233809554896,224,52:53
885000,1773.999999971874,-1601138.6432013055,408322.1886104909,300.1697435952246,1435.5435408091616,1.0256591949393106,224,52:48
890000,1783.9999999716376,-1599677.8966846233,409145.69285466406,300.77512597393934,1433.2103240096749,1.027328932607321,224,52:44
895000,1793.9999999714012,-1600974.4574574837,408558.13308587566,300.34319337251924,1433.4003566882018,1.0271927347419578,224,52:40
900000,1803.9999999711647,-1598805.073299095,408217.99935170304,300.0931509829001,1434.863042738819,1.0261456240145572,224,52:35
905000,1813.9999999709282,-1601448.5924016973,407509.448603989,299.57227432667605,1434.5817579254547,1.0263468249421037,224,52:35
910000,1823.9999999706918,-1600792.1063600378,407033.5032062691,299.2223927576997,1434.2519421872441,1.0265828401956107,224,52:31
915000,1833.9999999704553,-1601738.7363316352,407009.8531687433,299.2050069141228,1433.6422359227622,1.027019430282728,224,52:27
920000,1843.9999999702188,-1599512.8884633435,408120.22466004116,300.0212739089989,1435.1429339051433,1.0259454982370209,224,52:23
925000,1853.9999999699824,-1601475.4237215128,408079.43026172137,299.9912847376403,1430.4412147933417,1.0293176798456334,224,52:19
930000,1863.9999999697459,-1602193.4483636357,407410.940083959,299.4998577937907,1432.1508783479917,1.0280889078286664,224,52:15
935000,1873.9999999695094,-1600724.0479665594,408625.22072763625,300.3925114864679,1431.4065602188844,1.0286235045209675,224,52:10
940000,1883.999999969273,-1598594.2914397828,407890.7538391501,299.8525831070029,1434.1152872067616,1.0266806619392614,224,52:06
945000,1893.9999999690365,-1599233.7846640768,407809.9830808125,299.79320612848824,1435.6200091814123,1.0256045631505228,224,52:02
950000,1903.9999999688,-1599450.0724517033,407370.05373556714,299.46980102720863,1435.0462419851428,1.0260146253753235,224,51:58
955000,1913.9999999685635,-1600859.8670156747,408823.15891299484,300.5380217134507,1433.7295909493293,1.026956855505599,224,51:57
960000,1923.999999968327,-1600183.4136749515,407318.22039392916,299.4316968014204,1432.9257001467886,1.0275329922659786,224,51:53
965000,1933.9999999680906,-1602053.7723426316,408709.62230558164,300.45455758809453,1433.0711142340124,1.0274287282342227,224,51:48
970000,1943.9999999678541,-1598109.7917977162,408123.8056224202,300.0239063805842,1432.6343034785807,1.0277419916524186,224,51:44
975000,1953.9999999676177,-1598794.2883380502,408699.42762494576,300.4470631761868,1435.0731011395205,1.025995422252364,224,51:40
980000,1963.9999999673812,-1601514.3650939027,406720.63087818504,298.9923910357295,1434.2428208572169,1.026589368937292,224,51:36
985000,1973.9999999671447,-1600919.63893924,409899.06152760296,301.3289496154081,1430.871589425932,1.0290080837773659,224,51:31
990000,1983.9999999669083,-1602135.7658627313,407774.3887922346,299.76703971193314,1434.420718385994,1.026462050843331,224,51:27
995000,1993.9999999666718,-1601578.9412940582,408107.87513036974,300.01219540369505,1434.8164532593605,1.026178943670436,224,51:23
1000000,2003.9999999664353,-1601351.6940672155,406645.86665309855,298.9374296378425,1432.2620071126976,1.0280091387293204,224,51:19
1005000,2013.9999999661989,-1598361.239375594,408486.31134201906,300.2903950798,1435.8312745151004,1.0254536577522968,224,51:18
1010000,2023.9999999659624,-1600406.8014915157,408278.6278379095,300.1377207801504,1432.9096860491654,1.0275444759022532,224,51:15
1015000,2033.999999965726,-1601235.54011954,407933.34876737406,299.8838959012622,1434.3310308967066,1.0265262346350823,224,51:10
1020000,2043.9999999654895,-1600438.84825614,407618.98063983116,299.65279457277404,1432.0861322450696,1.0281353887970528,224,51:06
1025000,2053.999999965253,-1601892.9568484025,406994.38542724214,299.1936361188785,1432.3790317628432,1.0279251508970926,224,51:01
1030000,2063.9999999650167,-1601498.4931204086,409512.3358002672,301.04465607061917,1431.717171158048,1.028400344724311,224,50:57
1035000,2073.9999999647803,-1600914.561654118,407266.2796349166,299.39351360993624,1434.5710251853318,1.026354503553727,224,50:53
1040000,2083.999999964544,-1597574.8178472063,408161.7188388136,300.05177750970995,1433.3587509445422,1.027222550806905,224,50:48
1045000,2093.9999999643073,-1600084.525047983,408083.68069569714,299.99440935763954,1431.6630421620648,1.0284392269727796,224,50:44
1050000,2103.999999964071,-1601038.4306842033,407559.08344619756,299.6087623703698,1433.2704926033668,1.0272858054115452,225,50:40
1055000,2113.9999999638344,-1600878.0508539444,406993.8311738814,299.19322867080484,1433.7663691830546,1.0269305125392207,224,50:39
1060000,2123.999999963598,-1599975.9798827488,406552.67419089423,298.86892109663376,1433.762469162735,1.0269333059237262,224,50:35
1065000,2133.9999999633615,-1600927.5642966097,410747.6305560788,301.95275785998876,1432.0730575419866,1.028144775584177,224,50:31
1070000,2143.999999963125,-1600204.216534134,407016.4681798709,299.2098698048729,1431.2587802251555,1.0287297117122507,224,50:26
1075000,2153.9999999628885,-1602003.1286495822,406622.0833750832,298.9199458452326,1434.180234654243,1.026634168279148,224,50:23
1080000,2163.999999962652,-1600051.700146963,408268.58934020484,300.1303411829447,1433.6981151447367,1.026979401600183,224,50:18
1085000,2173.9999999624156,-1600365.3549700342,409424.8023340628,300.98030762510365,1432.931333159868,1.0275289529190461,224,50:14
1090000,2183.999999962179,-1600418.841077038,409627.92798419716,301.12963131120046,1433.5202812834364,1.027106802457253,224,50:10
1095000,2193.9999999619426,-1596456.3379559657,405576.30730969005,298.1511648625597,1436.1692674319997,1.025212324031552,224,50:05
1100000,2203.999999961706,-1600030.5758656412,408009.84126513003,299.9401278036148,1431.4405125971764,1.0285991065707638,225,50:01
1105000,2213.9999999614697,-1600766.7046936676,407997.40992708097,299.9309891585478,1434.1859588258737,1.0266300707420435,224,50:00
1110000,2223.9999999612332,-1600368.6900616875,408100.72241803893,300.0069372328529,1433.1009651916256,1.0274073272777222,224,49:56
1115000,2233.999999960997,-1600699.6948350705,408066.39652669546,299.98170325270036,1435.8800915559184,1.0254187943863642,224,49:51
1120000,2243.9999999607603,-1600223.642439872,410067.69746152987,301.45291888883906,1433.8195401221406,1.0268924304387892,224,49:47
1125000,2253.999999960524,-1600605.350822011,409273.6035077679,300.8691568863322,1433.4150127407497,1.0271822321376434,224,49:43
1130000,2263.9999999602874,-1602094.7201214256,408395.61683326453,300.223722858212,1433.1625071547564,1.0273632089983644,224,49:39
1135000,2273.999999960051,-1600842.659154282,408046.9517832394,299.9674088454399,1432.627106018923,1.027747154985914,224,49:35
1140000,2283.9999999598144,-1600277.7233841615,407269.6158017972,299.3959661250948,1434.138033477264,1.0266643781816935,225,49:30
1145000,2293.999999959578,-1602285.577443038,409123.69515603245,300.7589548136593,1435.7755127273167,1.0254934837061027,225,49:26
1150000,2303.9999999593415,-1599115.846210218,410545.6074881136,301.80424471472514,1434.941850199951,1.026089267771711,225,49:22
1155000,2313.999999959105,-1600309.126404103,409018.35049335385,300.6815128296883,1432.361793207971,1.0279375220341909,224,49:21
1160000,2323.9999999588686,-1601340.5170170013,408958.7377159531,300.63768971008693,1430.7189685726744,1.0291178524287954,224,49:17
1165000,2333.999999958632,-1600485.0624802886,408097.50113473076,300.00456917201365,1431.6328392262023,1.028460923795568,224,49:13
1170000,2343.9999999583956,-1600687.635052138,408543.40207642305,300.3323641708407,1433.4260390151208,1.0271743307930241,224,49:08
1175000,2353.999999958159,-1599307.6292468254,408081.2309352201,299.9926084661015,1432.848919200684,1.0275880538668511,224,49:04
1180000,2363.9999999579227,-1600659.0363813164,407720.31737023033,299.72729020693055,1433.7972855077928,1.026908369299357,224,49:01
1185000,2373.999999957686,-1603650.8170699365,408564.31893039064,300.34774077017187,1430.7877357364328,1.0290683905036495,224,48:56
1190000,2383.9999999574497,-1599947.835262864,407663.132394863,299.6852518365644,1432.7168259571492,1.0276827951559837,224,48:52
1195000,2393.9999999572133,-1601130.2628156394,408720.60341975524,300.4626301306059,1433.7009291698992,1.0269773858758302,224,48:48
1200000,2403.999999956977,-1602163.5197941735,408876.7463047274,300.5774153934538,1431.8360274836218,1.0283149774868294,224,48:44
1205000,2413.9999999567403,-1601161.1694110343,408338.2160999689,300.18152587779775,1433.4545948570353,1.0271538684582462,224,48:43
1210000,2423.999999956504,-1599763.3732783496,408087.1427725833,299.9969544329752,1433.7365896835781,1.0269518424521773,224,48:39
1215000,2433.9999999562674,-1601708.38216364,407919.4926469021,299.8737098564052,1437.4978613488515,1.024264781155967,224,48:35
1220000,2443.999999956031,-1599620.358350533,408474.09666877706,300.2814157114546,1434.9642980913163,1.0260732161246808,224,48:30
1225000,2453.9999999557945,-1602505.3451980194,407675.16379976965,299.69409647892445,1432.845862913527,1.0275902457314843,224,48:26
1230000,2463.999999955558,-1602787.446985269,408858.0905517922,300.56370099651105,1434.4821866164998,1.0264180664658775,224,48:22
1235000,2473.9999999553215,-1601409.962397255,407365.9031612278,299.46674981698794,1432.515010965938,1.0278275767412965,224,48:18
1240000,2483.999999955085,-1602426.0768715283,408870.86813888064,300.5730941795099,1434.450703383282,1.0264405942246144,224,48:14
1245000,2493.9999999548486,-1602409.76532094,408301.68194353883,300.15466853652663,1433.35598599302,1.0272245323248135,224,48:10
1250000,2503.999999954612,-1597604.8647642033,408748.0458493059,300.48280387396744,1437.2849406252274,1.0244165166902526,225,48:06
1255000,2513.9999999543757,-1602154.6768289413,409813.5823656927,301.2661113498692,1435.784796290879,1.0254868530230346,224,48:05
1260000,2523.999999954139,-1600470.674682822,407610.97082191834,299.64690631821384,1434.0765487844044,1.0267083954581881,224,48:00
1265000,2533.9999999539027,-1601203.7769244928,407297.94492361316,299.41679170222227,1434.377122227153,1.0264932489166407,224,47:56
1270000,2543.9999999536662,-1601837.6682752483,407703.0656597399,299.714607963205,1434.676225065638,1.0262792445029114,224,47:52
1275000,2553.99999995343,-1601069.121267016,409470.19735722034,301.0136788521439,1432.6314664387417,1.0277440268897022,224,47:48
1280000,2563.9999999531933,-1600849.9724097112,409781.3275918445,301.2423999095757,1433.849969927696,1.0268706372682066,224,47:44
1285000,2573.999999952957,-1598821.4502370376,408607.6012458986,300.3795588831978,1436.0511756664346,1.0252966310085423,224,47:39
1290000,2583.9999999527204,-1601882.4675266547,408286.9519567142,300.1438400866122,1431.0818536432625,1.0288568949555583,224,47:35
1295000,2593.999999952484,-1602229.1960249925,408656.453750062,300.4154718070059,1432.082613917069,1.0281379147110548,225,47:31
1300000,2603.9999999522474,-1602960.1872645654,407948.5924152272,299.8951019586237,1432.880872221623,1.0275651388128237,225,47:27
1305000,2613.999999952011,-1599445.3923927126,409034.137091317,300.6931180257688,1436.559983084856,1.0249334867346644,224,47:25
1310000,2623.9999999517745,-1599675.5440910663,408994.7861582729,300.6641899885189,1432.605813778327,1.0277624299760653,224,47:21
1315000,2633.999999951538,-1600849.676251295,407578.1761298467,299.622797968031,1433.233435977971,1.0273123661547638,224,47:17
1320000,2643.9999999513016,-1601565.9836567817,408659.2532486796,300.4175298014174,1436.3860242470332,1.025057615092354,224,47:13
1325000,2653.999999951065,-1601227.9714975758,407813.67602697795,299.79592092267416,1434.3201544564781,1.0265340187767182,224,47:09
1330000,2663.9999999508286,-1600531.7077328507,408633.3759199046,300.39850661002595,1434.2721653081478,1.02656836546104,224,47:05
1335000,2673.999999950592,-1601538.960702233,410101.38935545395,301.4776867986968,1435.7380617641697,1.0255202335149214,224,47:01
1340000,2683.9999999503557,-1601022.8899125531,408483.35615823016,300.28822263660464,1433.875116034361,1.0268526288668562,224,46:57
1345000,2693.999999950119,-1600943.1769289915,409330.37988872884,300.91089488683934,1434.9712990750425,1.0260682100859588,225,46:52
1350000,2703.9999999498827,-1601860.9984304095,409834.84661635186,301.28174333080517,1431.8874667172354,1.0282780362218316,225,46:48
1355000,2713.9999999496463,-1601799.8702061623,407035.2791643076,299.2236983170935,1433.950436245129,1.026798692026029,224,46:47
1360000,2723.99999994941,-1602010.064837628,408437.65027248976,300.2546228852657,1433.0909893916482,1.0274144790985542,224,46:42
1365000,2733.9999999491733,-1602269.5984433051,406860.70612568036,299.0953645020204,1436.6103421058028,1.0248975586577078,224,46:38
1370000,2743.999999948937,-1598627.457286057,407705.25176602125,299.7162150347291,1436.215982273798,1.0251789776323208,224,46:34
1375000,2753.9999999487004,-1599868.8112548897,408728.0740700904,300.4681220270988,1432.9797353508266,1.0274942457620866,224,46:30
1380000,2763.999999948464,-1600890.3193790643,408559.1233838073,300.3439213698814,1431.2109912910155,1.0287640615717335,224,46:26
1385000,2773.9999999482275,-1603985.9053240763,408962.6899865037,300.6405951413147,1430.4780678527547,1.0292911617839708,225,46:22
1390000,2783.999999947991,-1600655.5817982638,408189.0091692356,300.07183944049376,1434.377794622641,1.0264927677258193,225,46:18
1395000,2793.9999999477545,-1600385.1039949479,407588.6111449869,299.6304690569564,1433.0435361827533,1.0274485004752028,225,46:14
1400000,2803.999999947518,-1601690.1384005826,408979.7360121164,300.65312617999007,1433.5272059889585,1.0271018409803327,225,46:10
1405000,2813.9999999472816,-1599722.5592034822,408722.2995513492,300.4638770072142,1432.7682532983417,1.0276459078271203,224,46:08
1410000,2823.999999947045,-1600699.045880585,408993.3104322506,300.6631051385791,1433.0660111336515,1.0274323868737225,224,46:04
1415000,2833.9999999468087,-1601737.647121464,406643.25790007686,298.93551186617236,1433.2122369500562,1.027327561408451,224,46:00
1420000,2843.999999946572,-1604391.9145282768,410839.2264075431,302.02009268531873,1431.049345462615,1.0288802668021741,224,45:56
1425000,2853.9999999463357,-1604027.1546246773,406863.69178473705,299.09755934848846,1435.1875370984903,1.025913613591817,224,45:52
1430000,2863.9999999460993,-1602440.5527789425,408589.43599124585,300.36620506608097,1434.1921768533725,1.0266256197248687,224,45:48
1435000,2873.999999945863,-1603405.3998224186,410163.52377537725,301.5233636524585,1432.374385008718,1.0279284855807378,225,45:43
1440000,2883.9999999456263,-1601162.1710231816,408647.497449258,300.4088877648184,1434.263112935234,1.0265748446625074,225,45:39
1445000,2893.99999994539,-1600972.2138839327,408142.49928522704,300.03764864619717,1432.5122513489177,1.0278295567665787,225,45:35
1450000,2903.9999999451534,-1601863.5238285009,409193.0915588558,300.8099701662973,1431.8749636842665,1.0282870150743948,225,45:31
1455000,2913.999999944917,-1600628.6239986802,408695.1017935455,300.44388312930596,1432.7816793912248,1.0276362781189743,224,45:30
1460000,2923.9999999446804,-1601064.269503558,410188.5984486884,301.5417967880276,1432.0863193044163,1.0281352545018418,224,45:25
1465000,2933.999999944444,-1601344.595569539,407605.98478227085,299.6432409326818,1434.8337395329609,1.026166580697992,224,45:21
1470000,2943.9999999442075,-1600312.9504837962,408761.3587759881,300.49259060096915,1433.4402455212821,1.0271641506976175,224,45:17
1475000,2953.999999943971,-1602173.8526682435,408736.751251191,300.47450088011914,1435.455936801927,1.0257217895848376,224,45:13
1480000,2963.9999999437346,-1600855.765884176,406378.1299290939,298.74060843625904,1432.780523365522,1.0276371072577932,224,45:09
1485000,2973.999999943498,-1600982.7676621005,407624.2605401102,299.65667598396647,1432.6774546359802,1.027711036843781,225,45:05
1490000,2983.9999999432616,-1599604.9670703504,408879.55340858706,300.5794789787041,1436.8472503846056,1.024728572903303,225,45:01
1495000,2993.999999943025,-1599577.0080803782,409524.9374189068,301.0539198939955,1433.856199791045,1.0268661756884832,225,44:56
1500000,3003.9999999427887,-1600285.4672781136,409370.4439550315,300.94034716948505,1433.455740136137,1.0271530477995912,225,44:52
1505000,3013.999999942552,-1601726.8874469418,410341.33684876875,301.65407931312205,1432.4581381989626,1.0278683844945593,224,44:50
1510000,3023.9999999423158,-1599348.6349792816,408511.6542517472,300.30902540390986,1434.2886502323934,1.0265565666493193,224,44:46
1515000,3033.9999999420793,-1599747.2204366252,410248.6000240854,301.5859057245601,1436.0095899675598,1.0253263227858485,224,44:42
1520000,3043.999999941843,-1601410.6494414108,408061.46417186747,299.9780773324703,1433.3779825239596,1.0272087685999045,224,44:38
1525000,3053.9999999416063,-1598557.1721447324,408553.88305734214,300.3400690505726,1435.3405818346075,1.025804224447346,224,44:34
1530000,3063.99999994137,-1599301.941010273,406966.22583243414,299.17293516607936,1439.2609236879023,1.0230100797803159,225,44:30
1535000,3073.9999999411334,-1600137.2946527442,408369.3056823281,300.2043807512911,1432.1281363973167,1.0281052337052672,225,44:26
1540000,3083.999999940897,-1599358.1950762337,407485.2732066115,299.55450227550045,1436.0306812647166,1.025311263593563,225,44:22
1545000,3093.9999999406605,-1600167.0821763556,408450.71884039,300.26422997688394,1429.9902180770057,1.0296423106632493,225,44:18
1550000,3103.999999940424,-1600986.3658152157,409904.6268667845,301.3330408611982,1434.4266631504897,1.0264577968265085,225,44:14
1555000,3113.9999999401875,-1603459.1174035296,408018.36236047995,299.9463919133735,1432.153385121144,1.0280871083107521,224,44:12
1560000,3123.999999939951,-1599113.134389693,408349.92591852817,300.1901341125019,1433.9574392439708,1.0267936774629365,224,44:08
1565000,3133.9999999397146,-1598570.0441589057,408875.8288661836,300.5767409571872,1436.396736961485,1.0250499701644282,224,44:04
1570000,3143.999999939478,-1601819.998348306,407453.1468488695,299.5308852376929,1430.9444445480704,1.0289556928477872,224,44:00
1575000,3153.9999999392417,-1601214.4354544189,407905.30147040886,299.8632775019358,1432.4104169461937,1.0279026282883836,224,43:56
1580000,3163.999999939005,-1600190.1674919892,407731.53606479167,299.73553740182683,1433.9867761664118,1.026772671016448,225,43:52
1585000,3173.9999999387687,-1600783.3952508718,409119.6575113085,300.7559866213461,1434.2913533449432,1.026554631967128,225,43:48
1590000,3183.9999999385323,-1600419.1146738036,409955.21472585015,301.37022949583115,1434.1974706588016,1.0266218303190227,225,43:44
1595000,3193.999999938296,-1602492.127054329,408269.19412753277,300.13078578003547,1431.4318894935263,1.0286053029652802,225,43:40
1600000,3203.9999999380593,-1600072.253096153,410126.46194736497,301.496118404167,1431.134205207744,1.0288192588848932,225,43:35
1605000,3213.999999937823,-1600565.767844067,408491.4874861247,300.294200216754,1434.9262841282787,1.0261003987818968,224,43:33
1610000,3223.9999999375864,-1602012.319108257,408958.8842762528,300.63779745090727,1432.6705178397553,1.0277160128811544,224,43:29
1615000,3233.99999993735,-1601967.2061038548,408077.2825022332,299.98970585598056,1432.3302292445076,1.0279601744796436,224,43:25
1620000,3243.9999999371134,-1600579.1046987288,408432.3731514609,300.2507435171825,1432.9667718459307,1.0275035411113906,225,43:21
1625000,3253.999999936877,-1603165.0068487907,407645.4963286922,299.6722870415859,1430.6938749076066,1.0291359026484526,225,43:17
1630000,3263.9999999366405,-1600482.5194980316,408736.33479480376,300.474194730685,1433.3853596936242,1.0272034818894498,225,43:13
1635000,3273.999999936404,-1604120.4187573642,409042.5087604072,300.69927228785485,1434.109619999438,1.0266847190992476,225,43:09
1640000,3283.9999999361676,-1601223.2002029615,407402.08091977227,299.4933451596097,1430.7368249843098,1.0291050084510118,225,43:05
1645000,3293.999999935931,-1600824.3273541108,409463.3609564357,301.00865321129487,1433.735437292978,1.0269526678831595,225,43:01
1650000,3303.9999999356946,-1602735.5037090061,408569.2148833525,300.3513399303111,1433.3905614479695,1.0271997541823479,225,42:57
1655000,3313.999999935458,-1600478.7384217167,409331.9670044107,300.9120616226195,1432.1755603182623,1.0280711898473227,224,42:54
1660000,3323.9999999352217,-1598964.9976264639,409897.6487868019,301.32791106777137,1433.8698757747454,1.0268563816302365,224,42:51
1665000,3333.999999934985,-1600777.313710576,408242.7551877045,300.1113497317125,1432.5431042697398,1.0278074202292284,224,42:47
1670000,3343.9999999347488,-1601326.4805777734,408244.04390040913,300.1122971026194,1430.469484413917,1.029297337978451,224,42:43
1675000,3353.9999999345123,-1601517.381984151,407735.6160095491,299.7385366901484,1432.3811811703897,1.027923608409586,224,42:39
1680000,3363.999999934276,-1602300.8961752262,407852.34747176117,299.82434944796324,1431.152970334632,1.0288057691152195,224,42:35
1685000,3373.9999999340394,-1603483.015077468,409654.1172575357,301.14888382228673,1430.3738487433386,1.0293661574281554,224,42:31
1690000,3383.999999933803,-1603267.5761254579,409149.02733469114,300.77757724904194,1433.4735216047065,1.0271403065181093,225,42:27
1695000,3393.9999999335664,-1600696.2919484833,407994.59112882905,299.92891697640306,1434.3341120739967,1.0265240294938287,225,42:23
1700000,3403.99999993333,-1600049.149666843,409576.50263611285,301.09182701356656,1434.813025835022,1.0261813949659175,225,42:19
1705000,3413.9999999330935,-1600487.184266271,409386.8475693206,300.9524059525552,1434.7067939333683,1.0262573778785864,224,42:17
1710000,3423.999999932857,-1603085.2911739452,408510.0655375642,300.3078574930242,1432.9189535261175,1.0275378302055622,224,42:13
1715000,3433.9999999326205,-1601650.7144170962,409294.5687940377,300.8845690896842,1432.9229242941065,1.0275349827988705,224,42:09
1720000,3443.999999932384,-1599239.5057666348,407810.52762631665,299.79360644002884,1433.841319224682,1.026876832621066,224,42:05
1725000,3453.9999999321476,-1600284.5777559662,407994.5494647088,299.9288863478733,1434.149303994875,1.026656309956912,224,42:01
1730000,3463.999999931911,-1600888.6185279442,407574.28077889746,299.61993438008926,1434.1885275289003,1.0266282319964954,224,41:57
1735000,3473.9999999316747,-1599873.4351485912,407295.6533907938,299.41510712852534,1433.073893241539,1.0274267358511486,224,41:53
1740000,3483.999999931438,-1601588.5966454148,409956.05887858226,301.37085005752533,1431.758432709423,1.0283707074665946,224,41:49
1745000,3493.9999999312017,-1599959.3555959724,409525.0039246774,301.0539687843587,1432.2340628595816,1.02802919616848,224,41:45
1750000,3503.9999999309653,-1602431.619893509,408859.628590395,300.56483165427574,1434.8540507119562,1.026152054723668,224,41:41
1755000,3513.999999930729,-1603696.8854354536,408836.0390534856,300.5474902864953,1433.2898521707962,1.0272719297751631,224,41:39
1760000,3523.9999999304923,-1599390.9113786994,409265.7263805226,300.8633661766146,1433.6747603372103,1.0269961312706226,224,41:35
1765000,3533.999999930256,-1603047.1514788093,407727.8063733872,299.7327955951267,1430.0988190447565,1.0295641201564911,224,41:31
1770000,3543.9999999300194,-1601317.0759192454,409424.64197915734,300.9801897434597,1433.7788911335583,1.026921543811108,224,41:27
1775000,3553.999999929783,-1602064.053886693,406795.74842277006,299.0476121692523,1431.7498077249886,1.028376902460508,224,41:23
1780000,3563.9999999295464,-1598956.1398244528,408131.46358864335,300.0295359785384,1434.9160540488483,1.0261077142541528,224,41:19
1785000,3573.99999992931,-1600641.4028821979,408425.64976391534,300.24580095571525,1430.533989243294,1.0292509254851696,224,41:15
1790000,3583.9999999290735,-1602192.1910392083,408549.8119467102,300.3370762564786,1431.66965261118,1.0284344783597419,224,41:11
1795000,3593.999999928837,-1599201.1053282106,409160.01694030035,300.7856560338592,1430.2977206955545,1.029420945766895,224,41:07
1800000,3603.9999999286006,-1600788.4204488853,410525.806125459,301.78968814612165,1432.5136007189312,1.0278285885926068,224,41:03
1805000,3613.999999928364,-1600848.8670592327,407977.8037778557,299.91657609712223,1430.7217432171822,1.029115856627578,224,41:01
1810000,3623.9999999281276,-1602896.5914441068,408492.313894839,300.29480773429486,1434.998744653914,1.0260485856534691,224,40:57
1815000,3633.999999927891,-1598824.9328816729,407383.0098714284,299.47932546670256,1432.5901838600441,1.027773643121999,224,40:53
1820000,3643.9999999276547,-1601299.5453598183,409249.5286409557,300.85145873815486,1433.816101433498,1.026894893211619,224,40:49
1825000,3653.9999999274182,-1600837.4729536613,408091.5928741348,300.00022583452755,1431.4260684625847,1.028609485887072,224,40:45
1830000,3663.9999999271818,-1602526.475622831,408418.5412937992,300.24057530863644,1433.8568898301517,1.0268656815123742,224,40:41
1835000,3673.9999999269453,-1604003.9021105468,409935.1304311083,301.35546493546406,1429.9622658444753,1.0296624376288193,224,40:37
1840000,3683.999999926709,-1600181.3907995895,407537.6035379049,299.5929718531152,1432.202920961101,1.0280515496914295,224,40:33
1845000,3693.9999999264724,-1600329.2434321688,407187.8609638241,299.3358657204717,1433.025315005234,1.027461564669759,224,40:29
1850000,3703.999999926236,-1599982.1890848633,406583.99008430634,298.89194233809,1434.5353254839085,1.0263800453083844,224,40:25
1855000,3713.9999999259994,-1600596.0651852582,407176.592783644,299.3275821472303,1430.2689425113404,1.0294416585606434,224,40:23
1860000,3723.999999925763,-1600481.441263765,409392.01475112117,300.95620450105304,1434.532415958417,1.0263821270172901,224,40:19
1865000,3733.9999999255265,-1597017.7922221618,408555.33251456555,300.3411345895397,1436.1800757409928,1.025204608556474,224,40:15
1870000,3743.99999992529,-1603871.131613073,408727.8525449474,300.4679591774,1433.0048345974644,1.0274762490806584,224,40:11
1875000,3753.9999999250535,-1603127.3758776402,407479.4475020966,299.55021962743655,1431.8653122210303,1.0282939462251375,224,40:07
1880000,3763.999999924817,-1600121.2280856296,407063.77165822766,299.2446439938971,1434.2120523272042,1.0266113926302025,224,40:03
1885000,3773.9999999245806,-1600143.48024067,407698.2502409979,299.7110680061578,1435.0472027529947,1.0260139384558509,224,39:59
1890000,3783.999999924344,-1600661.0927591007,410597.5837857077,301.84245403167404,1432.38826331929,1.0279185260529098,224,39:55
1895000,3793.9999999241077,-1600975.2048183447,408307.6840491283,300.159080862249,1435.1012830946943,1.0259752741573558,224,39:51
1900000,3803.999999923871,-1600188.6603643,409532.4771688884,301.0594625876866,1434.231950840444,1.0265971494386628,224,39:47
1905000,3813.9999999236347,-1602895.132025702,407828.78546693677,299.8070283198345,1434.1815066561326,1.0266332577384696,224,39:44
1910000,3823.9999999233983,-1601350.9209256973,407934.8647623302,299.8850103540888,1433.3611001914653,1.02722086721202,224,39:40
1915000,3833.999999923162,-1600547.4639383182,409737.91363984055,301.21048502665974,1434.9953536843445,1.0260510102602958,224,39:36
1920000,3843.9999999229253,-1602389.5158887682,408639.2363045829,300.40281475250583,1431.6243026564257,1.028467056360112,224,39:32
1925000,3853.999999922689,-1600679.238590112,408083.2937731465,299.99412491940416,1432.644525453736,1.027734658672801,224,39:28
1930000,3863.9999999224524,-1600806.8167693475,407081.67866681435,299.25780796667635,1432.4210931395999,1.0278949670724782,224,39:24
1935000,3873.999999922216,-1600366.5972373113,409032.9491964063,300.69224476901053,1433.6623881186265,1.027004994041053,224,39:20
1940000,3883.9999999219795,-1600093.493380461,408320.60133936733,300.1685767451747,1434.9219788739194,1.0261034774323599,224,39:16
1945000,3893.999999921743,-1602986.0041383784,409135.34403029503,300.76751824640456,1430.2318183402401,1.0294683795213857,224,39:12
1950000,3903.9999999215065,-1601673.4157288373,408310.7197220613,300.16131247539994,1432.18540532764,1.0280641227661562,224,39:08
1955000,3913.99999992127,-1601000.849944788,409200.7316811053,300.8155866466176,1430.7442055905415,1.0290996997320887,224,39:06
1960000,3923.9999999210336,-1600703.2718132455,409418.0403034177,300.9753366559486,1432.8325417172405,1.0275997993471142,224,39:02
1965000,3933.999999920797,-1602361.1165640363,407414.6132257377,299.5025580291848,1433.8290637749042,1.0268856097045886,224,38:58
1970000,3943.9999999205606,-1602958.73782939,407113.33188611036,299.2810771863883,1431.6892375621992,1.0284204097767307,224,38:54
1975000,3953.999999920324,-1601463.076073517,407923.58266165,299.8767165474752,1431.6510109558158,1.0284478696967114,224,38:50
1980000,3963.9999999200877,-1600291.2263150439,410074.7210073029,301.45808210551604,1434.2369674466822,1.0265935586557022,224,38:46
1985000,3973.9999999198512,-1598216.3298236933,407911.34034019103,299.86771685410594,1435.1645614374406,1.0259300375226228,224,38:42
1990000,3983.9999999196148,-1600135.6858204044,407197.92580490874,299.3432646834769,1436.2683630446875,1.0251415893095468,224,38:38
1995000,3993.9999999193783,-1599552.4806536455,410188.49837146467,301.5417232182941,1435.1004131847506,1.0259758960693033,224,38:34
2000000,4003.999999919142,-1602199.275602118,410370.0128333204,301.6751598793276,1435.107134462094,1.0259710909447384,224,38:30
2005000,4013.9999999189054,-1602251.266379551,408171.5905452459,300.0590344937076,1434.0755657057364,1.0267090992810173,224,38:27
2010000,4023.999999918669,-1600247.5793007864,408775.5214380172,300.5030019936107,1435.0789357204044,1.0259912508767495,224,38:23
2015000,4033.9999999184324,-1600200.737716415,406529.6458606047,298.8519922884738,1434.723722034029,1.0262452692140893,224,38:19
2020000,4043.999999918196,-1603065.1405670112,406333.03524182976,298.70745799503607,1431.9902162177118,1.0282042542550442,224,38:15
2025000,4053.9999999179595,-1602688.8780856729,408579.14218263584,300.35863778226127,1431.6769460244327,1.028429239190616,224,38:11
2030000,4063.999999917723,-1600829.117756215,407477.03287410754,299.5484445628318,1434.0404696497276,1.0267342264938233,224,38:07
2035000,4073.9999999174865,-1602416.4291463709,408330.3854377108,300.17576932586945,1434.5513333306026,1.0263685921564245,224,38:04
2040000,4083.99999991725,-1601345.0451167813,409493.4848836225,301.03079820304885,1431.956499551802,1.0282284642218547,224,38:00
2045000,4093.9999999170136,-1601950.3827379579,407804.6626403389,299.78929491499724,1431.7522656938283,1.0283751369886158,224,37:56
2050000,4103.999999918596,-1601853.6060689539,410238.66624196013,301.5786031068806,1433.2898415598324,1.0272719373802857,224,37:52
2055000,4113.999999920633,-1600520.0685361056,407933.75425902806,299.8841939901959,1433.4610237744785,1.0271492617843903,224,37:49
2060000,4123.99999992267,-1601722.9310463984,407166.2167819113,299.31995444081,1430.979085310464,1.028930784161116,224,37:45
2065000,4133.9999999247075,-1600280.1772759445,407131.68888217525,299.2945719583004,1433.2020549159447,1.0273348599496703,224,37:41
2070000,4143.999999926745,-1600119.6638671495,407203.09020643693,299.3470611881141,1436.414627081237,1.0250372034699289,224,37:37
2075000,4153.999999928782,-1602360.2138615781,409352.36333831213,300.92705557222166,1432.3542234993786,1.0279429544805547,224,37:33
2080000,4163.999999930819,-1601926.2249456597,406938.8047793106,299.15277713716296,1432.292257791017,1.0279874266984161,224,37:29
2085000,4173.999999932857,-1603522.065717725,407892.22765597247,299.8536665534333,1432.6176234748966,1.027753957678751,224,37:25
2090000,4183.999999934894,-1603230.8182228608,409723.5899858164,301.19995528403075,1433.8177271703755,1.0268937288649482,224,37:21
2095000,4193.999999936931,-1601759.1388020208,408364.8892790908,300.2011341223684,1430.0128812334444,1.029625992667049,224,37:17
2100000,4203.999999938968,-1603346.9128204947,406264.06725077704,298.6567575805888,1432.0500856365663,1.0281612683345214,224,37:13
2105000,4213.999999941006,-1600975.5163279288,407408.54922282416,299.49810020090484,1433.6521947549593,1.027012296115734,224,37:10
2110000,4223.999999943043,-1598243.506419668,407661.7462923102,299.68423287149346,1433.6497868687586,1.0270140210340215,224,37:06
2115000,4233.99999994508,-1599094.6623200178,408219.97543272155,300.0946036586282,1436.0874605861165,1.0252707253398925,224,37:02
2120000,4243.999999947117,-1602183.5656725392,408598.681845536,300.3730019676185,1432.7363902722243,1.0276687619324691,224,36:58
2125000,4253.999999949155,-1599129.5611642227,408760.70310086524,300.492108594752,1433.0780806049345,1.027423733775293,224,36:54
2130000,4263.999999951192,-1602873.2548011579,408910.8976841341,300.6025210847091,1433.0963255177292,1.027410653526539,224,36:50
2135000,4273.999999953229,-1601228.5154119665,407029.2732193137,299.2192831689111,1433.389164763156,1.027200755078917,224,36:46
2140000,4283.9999999552665,-1601082.348928608,409498.64477920876,301.03459139523466,1435.7752894775563,1.0254936431608421,224,36:42
2145000,4293.999999957304,-1600536.5249192892,407313.4502004122,299.4281900907766,1434.7539055465083,1.02622367966708,224,36:39
2150000,4303.999999959341,-1599903.7244884595,406391.7983524229,298.7506564993829,1433.1519888274656,1.0273707491215076,224,36:35
2155000,4313.999999961378,-1602754.4966113036,407535.5222232506,299.5914418170223,1433.8110031448975,1.026898544603969,224,36:32
2160000,4323.999999963416,-1601833.2074393332,407930.6763868612,299.8819313551373,1433.3897166972104,1.0272003595500034,224,36:28
2165000,4333.999999965453,-1602049.4503892688,408467.1743848772,300.27632693538203,1433.1776827587155,1.0273523304748082,224,36:24
2170000,4343.99999996749,-1600370.5057703275,409959.11946465995,301.37309998506737,1431.2395440787022,1.028743538045849,224,36:20
2175000,4353.999999969527,-1600880.0684058843,407441.0283013482,299.521976534214,1434.4433058723023,1.0264458876409066,224,36:16
2180000,4363.999999971565,-1601064.0341053233,407576.6253607923,299.62165795173405,1434.457637801843,1.0264356322316486,224,36:12
2185000,4373.999999973602,-1601508.3040917069,408806.22972464265,300.5255765653086,1435.7217340648021,1.0255318962108817,224,36:08
2190000,4383.999999975639,-1599782.350082892,409848.1399837497,301.2915156791973,1431.881049555954,1.0282826445836803,224,36:04
2195000,4393.999999977676,-1601801.841349923,407922.5560878295,299.87596188263194,1433.8141338993626,1.026896302355739,224,36:00
2200000,4403.999999979714,-1602767.8210857874,408977.3630727853,300.65138176195336,1434.3381885332044,1.0265211120623852,224,35:56
2205000,4413.999999981751,-1603673.2904858887,409434.63971898047,300.9875393783386,1431.2478579418544,1.0287375622583945,224,35:53
2210000,4423.999999983788,-1602074.629749855,410329.7119407365,301.6455334986631,1431.977748893291,1.0282132061790656,224,35:49
2215000,4433.9999999858255,-1600343.377532144,408549.47696404683,300.3368300007937,1432.6980541446064,1.0276962602882411,224,35:45
2220000,4443.999999987863,-1599379.9209237695,407635.15676908393,299.66468612485136,1435.9048911275024,1.0254010843367973,224,35:41
2225000,4453.9999999899,-1601376.8717989828,410221.95289184153,301.56631662782155,1433.4981623620642,1.0271226507472617,224,35:37
2230000,4463.999999991937,-1601881.3872909443,406542.92566895694,298.86175466920963,1433.9635243584587,1.0267893201993263,224,35:34
2235000,4473.999999993975,-1603628.1612764113,407731.9290721025,299.7358263131498,1432.9310213508006,1.0275291765116963,224,35:30
2240000,4483.999999996012,-1599172.0214848649,411520.7457972169,302.52109778903275,1435.1120823488973,1.0259675536678357,224,35:26
2245000,4493.999999998049,-1602861.7450288264,407566.56811723893,299.61426457389933,1428.7779066868209,1.030515957361726,224,35:22
2250000,4504.000000000086,-1601641.6224627728,408111.52442242566,300.0148781064511,1432.4377091639615,1.027883043672455,224,35:17
2255000,4514.000000002124,-1602756.9179945616,408665.1828180142,300.4218888035888,1433.1289196698153,1.0273872867668314,224,35:15
2260000,4524.000000004161,-1601513.7139354842,408693.27505297156,300.4425402381651,1432.173881374005,1.0280723950600712,224,35:11
2265000,4534.000000006198,-1601202.0833199145,408508.04917577736,300.3063752057093,1432.0812118501754,1.0281389213007093,224,35:07
2270000,4544.0000000082355,-1598670.4468528433,406962.05859153747,299.1698717037784,1434.0909457719551,1.0266980882262575,224,35:03
2275000,4554.000000010273,-1599910.7904390143,408283.99106697,300.1416634487999,1436.023087658955,1.0253166853793168,224,34:59
2280000,4564.00000001231,-1603665.0750809405,407042.5480179832,299.22904186688066,1431.1539691867224,1.0288050510759201,224,34:55
2285000,4574.000000014347,-1601157.5661436245,408497.0488084959,300.29828850966777,1430.7739510979263,1.0290783049529242,224,34:51
2290000,4584.000000016385,-1601711.5582271805,408740.4212257926,300.4771987872275,1430.806149657773,1.0290551467917737,224,34:47
2295000,4594.000000018422,-1601004.943589136,409412.32468145,300.97113493282797,1432.2583317444862,1.0280117767395351,224,34:43
2300000,4604.000000020459,-1602092.4848830653,411494.5921407355,302.5018714609539,1433.710952321487,1.0269702062208244,224,34:39
2305000,4614.000000022496,-1599112.6860865615,407929.50141668646,299.88106759973556,1435.1644741985156,1.0259300998855334,224,34:36
2310000,4624.000000024534,-1597693.2656657388,407872.1044783372,299.8388734090988,1432.0091892846074,1.0281906313060825,224,34:32
2315000,4634.000000026571,-1601375.4541063895,409592.1619432251,301.1033386343696,1430.771022933687,1.029080411027372,224,34:28
2320000,4644.000000028608,-1601073.5128253363,409528.56743521575,301.0565884265786,1433.2647065369003,1.0272899525477464,224,34:24
2325000,4654.000000030645,-1600435.8015106237,407518.65085119643,299.57903917135457,1433.0255392094361,1.0274614039181227,224,34:20
2330000,4664.000000032683,-1601777.634314809,408729.66652517207,300.46929268802995,1433.3117372690422,1.027256244459454,224,34:16
2335000,4674.00000003472,-1599913.9743389487,408786.44202764635,300.5110300427355,1434.9869004427405,1.0260570545364385,224,34:12
2340000,4684.000000036757,-1599674.6394559676,408198.8989506587,300.0791097119529,1434.502028028327,1.0264038694949666,224,34:09
2345000,4694.0000000387945,-1602201.775953346,408680.2992012871,300.43300130498517,1432.9495904510397,1.0275158611149757,224,34:05
2350000,4704.000000040832,-1598818.7646479718,406257.1301673779,298.65165792496555,1435.6759761746293,1.0255645819816646,224,34:01
2355000,4714.000000042869,-1601745.6033586627,408580.9251982543,300.3599485298913,1431.8752391175997,1.0282868172746757,224,33:58
2360000,4724.000000044906,-1599472.101507577,409444.8172293828,300.9950211678987,1433.1069317262734,1.027403049815043,224,33:54
2365000,4734.000000046944,-1602781.8338923398,410066.1510630469,301.45178208547867,1432.0765378132924,1.0281422769588129,224,33:50
2370000,4744.000000048981,-1602564.1942104148,408919.7689911142,300.60904264541745,1431.6406444230556,1.0284553167041535,224,33:46
2375000,4754.000000051018,-1600622.7961866632,406500.02908008813,298.83022011526907,1434.6639722435543,1.0262880094940414,224,33:42
2380000,4764.000000053055,-1604105.3350385725,407434.8020192847,299.5173994097209,1434.512052083242,1.0263966972103296,224,33:38
2385000,4774.000000055093,-1600504.4292703643,407868.6403215561,299.8363268047707,1434.1515244876489,1.0266547203878333,224,33:34
2390000,4784.00000005713,-1602520.6335160155,409149.6730828852,300.7780519576795,1432.6049552174907,1.0277630459145821,224,33:30
2395000,4794.000000059167,-1601521.2070859633,406760.6070821348,299.0217787281553,1433.171098341392,1.0273570504391516,224,33:26
2400000,4804.000000061204,-1601014.3654749794,409496.90332373517,301.0333111996989,1434.5267789777176,1.0263861601913828,224,33:22
2405000,4814.000000063242,-1602133.1441936363,408418.7833698478,300.240753265915,1431.552124512361,1.028518911156098,224,33:19
2410000,4824.000000065279,-1600239.8959768051,408538.5959429479,300.3288310396684,1431.0516092210883,1.0288786392323457,224,33:15
2415000,4834.000000067316,-1600384.0430008667,409724.3856109592,301.20054017165575,1432.099516455477,1.0281257799813155,224,33:11
2420000,4844.0000000693535,-1599130.0036738291,410316.9672903081,301.63616452837925,1433.302039600854,1.0272631948369237,224,33:07
2425000,4854.000000071391,-1599746.7714091595,408295.1373204327,300.1498573900974,1429.7226706369038,1.0298349901038824,224,33:03
2430000,4864.000000073428,-1599629.7170079928,409086.21641504124,300.7314030802796,1431.2532975652741,1.0287336524368793,224,32:59
2435000,4874.000000075465,-1602183.7293164423,407361.8341052885,299.4637585333594,1433.7776965592836,1.0269223994068262,224,32:55
2440000,4884.000000077503,-1602526.5487792129,408585.62185737106,300.36340118321795,1435.5419864575708,1.025660305485025,224,32:51
2445000,4894.00000007954,-1602582.520898885,410070.7543782297,301.4551661189127,1433.2952341500595,1.0272680724008467,224,32:47
2450000,4904.000000081577,-1600980.1515031792,407753.4873655571,299.75167445366026,1431.1598360892588,1.0288008335882495,224,32:43
2455000,4914.000000083614,-1603433.070580177,408100.5493824099,300.0068100292332,1430.4935670070251,1.02928000958946,224,32:40
2460000,4924.000000085652,-1602411.0807926487,407813.05809789186,299.7954666646874,1433.5610672117261,1.0270775804691916,224,32:36
2465000,4934.000000087689,-1601245.6465188349,406874.77150504175,299.1057043792895,1435.1094672654037,1.0259694232052305,224,32:33
2470000,4944.000000089726,-1599554.9888643455,407901.43135295715,299.86043246388607,1436.9820258133602,1.024632462979665,224,32:29
2475000,4954.0000000917635,-1601638.5697863242,407316.6349230064,299.4305312747514,1430.6328504835858,1.0291798010013227,224,32:25
2480000,4964.000000093801,-1601397.3436861392,408516.34116396774,300.31247089200417,1432.0947463149437,1.0281292045483483,224,32:21
2485000,4974.000000095838,-1604272.7661902802,407143.5434853458,299.30328662846387,1428.5890897698725,1.0306521608700185,224,32:17
2490000,4984.000000097875,-1601534.8546591774,407190.76928375976,299.3380037126596,1432.1339435798698,1.0281010648251125,224,32:13
2495000,4994.0000000999125,-1603801.0023789853,407826.0827996073,299.8050415089731,1432.7733858844822,1.027642226518411,224,32:09
2500000,5004.00000010195,-1603399.3064999487,408094.93943312357,300.0026859892329,1431.990266123764,1.0282042184212705,224,32:05
2505000,5014.000000103987,-1599326.876626283,409482.42388220085,301.02266693305364,1431.8856012682934,1.0282793758541129,224,32:02
2510000,5024.000000106024,-1603892.870349423,409267.5325016815,300.8646939098122,1430.3302513505548,1.0293975331755685,224,31:58
2515000,5034.000000108062,-1600978.1351489117,408965.28050044837,300.6424995048988,1431.5259563470051,1.0285377123890194,224,31:54
2520000,5044.000000110099,-1604167.6848813621,408023.84711820155,299.9504239213439,1430.082146300986,1.0295761234241463,224,31:50
2525000,5054.000000112136,-1601900.943252991,408499.19758098794,300.29986813601664,1431.0006270596307,1.0289152950212488,224,31:46
2530000,5064.000000114173,-1603055.3524303986,408648.88788313925,300.40990991397723,1434.490317766405,1.026412248400004,224,31:42
2535000,5074.000000116211,-1602549.6801153226,409081.403301146,300.7278648175936,1430.6753095687552,1.029149257360475,224,31:39
2540000,5084.000000118248,-1598042.9494539965,407875.28536762286,299.8412117750948,1434.9615449521496,1.0260751847644463,224,31:35
2545000,5094.000000120285,-1602184.3983482327,408016.97827648674,299.94537443220554,1432.251331175287,1.0280168014634954,224,31:31
2550000,5104.0000001223225,-1603899.4359836327,410406.1558612869,301.70172969047206,1429.8235347278273,1.0297623424186575,224,31:27
2555000,5114.00000012436,-1602489.3730923794,408798.335946125,300.5197736147472,1432.2448365367165,1.0280214630949425,224,31:24
2560000,5124.000000126397,-1603295.2431699429,408462.24269958906,300.2727015073506,1430.6912355122795,1.0291378012387458,224,31:20
2565000,5134.000000128434,-1603188.701174777,408420.2573863795,300.24183685915756,1432.2787900660344,1.0279970928695863,224,31:16
2570000,5144.000000130472,-1602470.0997097362,406382.72224863345,298.74398438646983,1433.1970211081925,1.027338468250627,224,31:12
2575000,5154.000000132509,-1603676.1877861405,408452.3245526276,300.26541038354344,1432.3750461441605,1.027928011124026,224,31:08
2580000,5164.000000134546,-1599064.6645058114,409327.11391963734,300.9084939761562,1433.903020045366,1.0268326461297699,224,31:04
2585000,5174.000000136583,-1602414.7469958803,408549.51070900494,300.33685480771265,1432.7215471516552,1.027679408670748,224,31:00
2590000,5184.000000138621,-1600621.9433592092,408190.32589863497,300.07280740730334,1433.1925261960826,1.0273416902853763,224,30:56
2595000,5194.000000140658,-1602171.555931611,408130.0351877688,300.0284859187174,1429.8068978302158,1.029774324491678,224,30:52
2600000,5204.000000142695,-1603827.644200474,408521.71457444475,300.31642104531477,1430.1290441148435,1.0295423608279755,224,30:49
2605000,5214.000000144732,-1601728.414123593,408313.3038382769,300.16321213582376,1433.3657432754453,1.0272175397481296,224,30:45
2610000,5224.00000014677,-1602544.5931632984,410132.29651716165,301.5004075693623,1434.196063001986,1.0266228379436104,224,30:42
2615000,5234.000000148807,-1601616.1619442133,409483.74506378255,301.02363817279445,1432.2253808001926,1.0280354280162427,224,30:38
2620000,5244.000000150844,-1601676.4484690353,409039.36398765934,300.6969604721962,1433.8484228288414,1.0268717452447271,224,30:34
2625000,5254.0000001528815,-1602252.796366267,408542.7891936378,300.33191362253933,1434.9400675369698,1.0260905425088198,224,30:30
2630000,5264.000000154919,-1600285.0570421796,408488.6290710212,300.29209891108746,1432.1639074518475,1.028079554795062,224,30:26
2635000,5274.000000156956,-1599603.6446947241,406974.75533207925,299.17920545408447,1433.6831557766607,1.0269901173310703,224,30:22
2640000,5284.000000158993,-1602131.8018486723,408463.3830852141,300.2735398386248,1433.8353162785745,1.0268811317802615,224,30:18
2645000,5294.000000161031,-1602152.482308939,408468.0605267698,300.27697836455263,1433.4797630972635,1.027135834262035,224,30:14
2650000,5304.000000163068,-1599099.4845078234,408328.0354139388,300.1740417537395,1429.9490884124382,1.029671926293068,224,30:10
2655000,5314.000000165105,-1600786.3241527742,406042.1429646651,298.4936144599896,1431.4981871805926,1.0285576646566177,224,30:07
2660000,5324.000000167142,-1601504.0714998636,408189.59270879487,300.07226841772,1431.4662410764374,1.0285806190297924,224,30:03
2665000,5334.00000016918,-1601461.3577907952,408558.0589998772,300.3431389097059,1434.5902977616263,1.0263407152996824,224,29:59
2670000,5344.000000171217,-1602225.6062537935,409981.06351363834,301.3892317058972,1430.7907518234974,1.029066221241752,224,29:55
2675000,5354.000000173254,-1601722.056548722,406568.2500534974,298.8803713749049,1430.5636913335975,1.0292295556544384,224,29:51
2680000,5364.0000001752915,-1603747.3074459657,408505.8647440046,300.3047693651662,1432.5822978025572,1.0277793007948919,224,29:47
2685000,5374.000000177329,-1602231.0363139678,407414.20483180904,299.50225780670297,1429.3964634323208,1.0300700120882638,224,29:43
2690000,5384.000000179366,-1599782.2733777296,407874.30127564585,299.84048833991386,1436.7828579884776,1.024774498234207,224,29:40
2695000,5394.000000181403,-1603140.2137041213,408145.4116281206,300.03978959578063,1430.6911526135425,1.0291378608702209,224,29:36
2700000,5404.0000001834405,-1600227.188636588,410273.69025818596,301.60435029932677,1433.2850129585256,1.0272753981620386,224,29:32
2705000,5414.000000185478,-1601865.657235111,407539.0828204922,299.59405931759136,1432.0468045841988,1.0281636240193726,224,29:29
2710000,5424.000000187515,-1601316.039259458,408737.1299819023,300.47477929629065,1432.6195404261211,1.0277525824677114,224,29:25
2715000,5434.000000189552,-1601263.933839771,407255.3760595034,299.38549806846595,1433.1039692137253,1.027405173662644,224,29:21
2720000,5444.00000019159,-1601043.7046416448,407176.8502648795,299.3277714293184,1432.4768189361325,1.027854980201462,224,29:17
2725000,5454.000000193627,-1599813.9025919838,407817.7481093842,299.79891443114826,1432.1592036214154,1.028082931453107,224,29:13
2730000,5464.000000195664,-1602960.5206283843,408809.13822006725,300.5277146865036,1431.9111021249034,1.0282610632613272,224,29:09
2735000,5474.000000197701,-1601373.4711209442,408968.3315933789,300.644742453747,1431.816261632883,1.0283291731073865,224,29:05
2740000,5484.000000199739,-1600700.679096749,408308.60589405394,300.15975853777746,1436.7066554616406,1.0248288519924404,224,29:01
2745000,5494.000000201776,-1600764.393923507,409043.1984711066,300.69977931463313,1434.1515974478664,1.0266546681583815,224,28:57
2750000,5504.000000203813,-1600849.723183535,407050.29897802067,299.23473982734413,1433.567489363741,1.027072979326656,224,28:53
2755000,5514.0000002058505,-1602362.7967690285,408220.082881848,300.0946826476659,1433.3390207570912,1.0272366907229944,224,28:50
2760000,5524.000000207888,-1600222.1623076582,406969.41646896896,299.1752806975672,1433.9200703237784,1.026820436395865,224,28:46
2765000,5534.000000209925,-1599865.550484458,407973.71891533036,299.9135731936038,1437.1807062413766,1.0244908145318254,224,28:42
2770000,5544.000000211962,-1600341.214165789,408935.3739982481,300.62051434869693,1432.4962071059545,1.027841068662423,224,28:38
2775000,5554.000000214,-1601370.4155369122,409391.703582487,300.95597575176697,1433.0996127523551,1.027408296858625,224,28:35
2780000,5564.000000216037,-1599011.7526607355,408894.0486352401,300.59013484945814,1435.619604823703,1.025604852023084,224,28:31
2785000,5574.000000218074,-1600413.1334359786,406766.0290435008,299.0257645726634,1434.259232760427,1.0265776219079026,224,28:27
2790000,5584.000000220111,-1604804.9464770928,407536.30634852115,299.5920182507503,1431.540563699971,1.0285272172526716,224,28:23
2795000,5594.000000222149,-1600538.3397272835,409606.4783971851,301.1138630840181,1433.404825076705,1.0271895326485045,224,28:19
2800000,5604.000000224186,-1603666.1546834698,408421.0066587071,300.2423876714542,1435.1340619371647,1.025951840610078,224,28:15
2805000,5614.000000226223,-1603227.4430594044,407753.5342419869,299.7517089139132,1435.8672697513496,1.0254279510261592,224,28:12
2810000,5624.00000022826,-1605111.5109195532,407874.53095189255,299.8406571817305,1429.2185132586426,1.030198264791298,224,28:08
2815000,5634.000000230298,-1601161.5202350523,409526.5101961924,301.05507608919555,1435.692488779016,1.0255527864597491,224,28:04
2820000,5644.000000232335,-1600867.7229625946,409186.3467307423,300.80501184323316,1433.8464449053733,1.0268731617658133,224,28:00
2825000,5654.000000234372,-1602042.3509765062,409760.28432905494,301.2269303833728,1435.2297640222362,1.0258834294519552,224,27:56
2830000,5664.0000002364095,-1604184.311481215,408311.6953917501,300.16202971910724,1434.8924117579897,1.0261246211224544,224,27:52
2835000,5674.000000238447,-1601731.0027570901,409273.0649043397,300.8687609429878,1434.6817592867267,1.0262752856763628,224,27:48
2840000,5684.000000240484,-1602272.8533501523,407640.8496499624,299.6688711303232,1433.6100741342373,1.027042470565664,224,27:44
2845000,5694.000000242521,-1600944.5638640402,408932.18451519764,300.61816966516966,1432.7180152406106,1.027681942087802,224,27:40
2850000,5704.000000244559,-1601620.8855377445,407932.0311424456,299.8829272761226,1433.3232429380769,1.0272479983988247,224,27:37
2855000,5714.000000246596,-1598883.838312962,409624.8361268491,301.1273583952207,1434.367616295493,1.0265000517575325,224,27:33
2860000,5724.000000248633,-1600816.6386335604,409501.46030765737,301.03666117365,1432.7467150515465,1.0276613562598047,224,27:29
2865000,5734.00000025067,-1599482.6488562115,409027.28023682116,300.68807734879044,1433.0603851840851,1.027436420397258,224,27:26
2870000,5744.000000252708,-1599084.6520741954,409086.39699983265,300.7315358335123,1432.0739053296497,1.0281441669225337,224,27:22
2875000,5754.000000254745,-1602225.3405530173,409215.6496550761,300.8265532914552,1436.0993048782034,1.0252622693745579,224,27:18
2880000,5764.000000256782,-1600314.5401777318,408705.2518662622,300.45134474861015,1433.5466088725098,1.0270879392785726,224,27:14
2885000,5774.0000002588195,-1603884.3502420764,409162.3323110302,300.78735813151076,1431.46328981393,1.0285827396649763,224,27:10
2890000,5784.000000260857,-1601304.2609387562,408946.6551263129,300.6288074403122,1429.4410572495117,1.0300378773223144,224,27:06
2895000,5794.000000262894,-1600882.0171415154,408350.54905096366,300.190592195625,1432.0382572358756,1.0281697607776492,224,27:02
2900000,5804.000000264931,-1601327.062629548,407100.55885680555,299.2716873539513,1434.5673459237976,1.0263571358641972,224,26:58
2905000,5814.0000002669685,-1602455.0268005244,408717.89751458867,300.46064093951435,1431.8202368140544,1.0283263181437103,224,26:55
2910000,5824.000000269006,-1600908.3614806589,408823.05943368777,300.53794858326347,1433.5974592283696,1.0270515080008278,224,26:51
2915000,5834.000000271043,-1602243.1305424208,408212.00795853307,300.0887465321948,1430.1410317326192,1.0295337310774602,224,26:47
2920000,5844.00000027308,-1600967.0211320426,408963.69731198705,300.6413356561348,1431.6173103380872,1.028472079608299,224,26:43
2925000,5854.000000275118,-1601473.5581315393,407347.7089775796,299.4533747333091,1431.19537553464,1.0287752864046444,224,26:39
2930000,5864.000000277155,-1600801.098342902,409701.28318769915,301.18355689555705,1431.243458919786,1.028740724151789,224,26:35
2935000,5874.000000279192,-1600991.537354569,407537.8384990072,299.59314457998585,1433.205712521035,1.0273322381451517,224,26:32
2940000,5884.000000281229,-1599167.3423018567,407803.3613377148,299.78833828886746,1432.0815008393315,1.0281387138257863,224,26:28
2945000,5894.000000283267,-1602859.1047550756,408819.53799492255,300.53535986925107,1432.2871559256864,1.0279910884316033,224,26:24
2950000,5904.000000285304,-1601412.9092628965,406459.6230275233,298.8005164283855,1436.034886468314,1.0253082611298663,224,26:20
2955000,5914.000000287341,-1601684.7949435795,409747.653422195,301.2176450293575,1432.663215606228,1.0277212511131715,224,26:16
2960000,5924.0000002893785,-1602976.2062660279,406753.51411960926,299.016564481166,1430.0583196578127,1.0295932775098051,224,26:13
2965000,5934.000000291416,-1600448.0797386104,406705.93491817237,298.98158759993316,1433.0673386966164,1.0274314350823106,224,26:09
2970000,5944.000000293453,-1601990.4666616786,409020.5609556767,300.68313780606036,1432.7404920235679,1.0276658198492739,224,26:05
2975000,5954.00000029549,-1598816.6021278985,409401.2715476151,300.96300944652893,1435.6390551322256,1.0255909569352324,224,26:01
2980000,5964.000000297528,-1599066.4182685558,408456.7573093475,300.26866903439605,1436.0449145062892,1.0253011013049367,224,25:57
2985000,5974.000000299565,-1601941.9870154876,407605.51574814576,299.6428961317942,1432.102108062452,1.02812391943106,224,25:53
2990000,5984.000000301602,-1600203.3852407066,407929.76121761854,299.88125858710123,1432.7865794781405,1.0276327636338776,224,25:49
2995000,5994.000000303639,-1599743.4640391013,407441.35390162544,299.5222158926286,1433.4551307661948,1.0271534844482033,224,25:45
3000000,6004.000000305677,-1600632.2619404476,409685.11705376796,301.17167269133694,1432.382721898753,1.0279225027336834,224,25:41
3005000,6014.000000307714,-1602763.566806795,408587.22678243776,300.3645810112048,1432.822553848379,1.0276069625035082,224,25:38
3010000,6024.000000309751,-1602671.7569715548,409350.25995801936,300.9255093150239,1430.664484004899,1.0291570447355918,224,25:34
3015000,6034.000000311788,-1602000.7318011886,409210.6945248594,300.8229106283619,1428.722807169797,1.0305556998024925,224,25:30
3020000,6044.000000313826,-1601761.851556819,408687.63611031784,300.4383948842811,1432.7202589793803,1.0276803326669803,224,25:26
3025000,6054.000000315863,-1600771.0275255358,408504.9887970028,300.30412543056195,1433.1618708868407,1.027363665107518,224,25:22
3030000,6064.0000003179,-1601630.4266253132,408143.7206040716,300.03854647388,1432.6291890272705,1.027745660666296,224,25:18
3035000,6074.0000003199375,-1600405.2003090018,409688.53504875733,301.1741853607636,1431.400766402182,1.0286276680342064,224,25:14
3040000,6084.000000321975,-1600877.3052041503,408666.14576054545,300.42259669118533,1431.6514250940106,1.0284475721944444,224,25:11
3045000,6094.000000324012,-1600662.005825405,410658.8932098456,301.88752440658084,1434.473954980625,1.0264239564994675,224,25:07
3050000,6104.000000326049,-1600988.9612720972,408045.93404622603,299.96666067679547,1433.5431459015379,1.027090420386818,224,25:03
3055000,6114.000000328087,-1601712.4327082923,408495.73130961834,300.29731997719193,1431.9556655183442,1.028229063106975,224,24:59
3060000,6124.000000330124,-1600245.039450408,407566.535499335,299.6142405955113,1432.7110066500052,1.0276869693417083,224,24:56
3065000,6134.000000332161,-1601802.3686163947,407423.87998268596,299.5093702968859,1430.4544034414623,1.02930818963843,224,24:52
3070000,6144.000000334198,-1600180.261216322,407877.1713789542,299.84259823792627,1432.057248756091,1.0281561254939946,224,24:48
3075000,6154.000000336236,-1602803.0864361497,410170.13669079106,301.52822500258725,1433.043450933006,1.0274485615966749,224,24:44
3080000,6164.000000338273,-1601348.2816116996,409290.09665899666,300.88128149066057,1435.5008384949465,1.0256897055597471,224,24:40
3085000,6174.00000034031,-1601454.3960206453,408536.6346880131,300.32738926303387,1434.1075124269398,1.0266862279209081,224,24:36
3090000,6184.000000342347,-1601253.049613974,408097.7318539178,300.00473878052657,1431.5370117089271,1.0285297692785251,224,24:32
3095000,6194.000000344385,-1600347.4052305939,406076.8005493605,298.51909227775667,1432.8706795177534,1.0275724483818702,224,24:28
3100000,6204.000000346422,-1603431.2693321407,410583.9419787349,301.83242553502254,1429.551072591052,1.0299586077033092,224,24:24
3105000,6214.000000348459,-1600750.321472561,409496.0021161898,301.03264869532035,1430.3740502510238,1.0293660124135058,224,24:21
3110000,6224.0000003504965,-1602299.6439768942,408123.4431532494,300.0236399187531,1431.2436742115626,1.0287405694056602,224,24:17
3115000,6234.000000352534,-1602972.7440506266,406829.93777199474,299.0727457732462,1431.25611357332,1.02873162839505,224,24:13
3120000,6244.000000354571,-1598680.858744151,407397.85993022023,299.490242185079,1433.487203824674,1.0271305027615263,224,24:09
3125000,6254.000000356608,-1601187.9117343584,408348.22003127204,300.18888006421713,1435.0236978801702,1.0260307439812058,224,24:05
3130000,6264.000000358646,-1598934.1147763794,406659.01664097427,298.9470965836981,1431.873100433633,1.0282883531513736,224,24:01
3135000,6274.000000360683,-1600398.2905309955,408568.91619355377,300.3511203545868,1434.5560114473956,1.0263652451472394,224,23:57
3140000,6284.00000036272,-1598552.167944979,408807.0794534838,300.5262012261659,1436.1750447785053,1.0252081998777038,224,23:53
3145000,6294.000000364757,-1601140.8380364422,406035.09140164143,298.48843064700134,1431.7323624076282,1.0283894329877916,224,23:49
3150000,6304.000000366795,-1602384.0066733668,408928.67430787254,300.61558920772177,1430.1351290213854,1.0295379803544666,224,23:46
3155000,6314.000000368832,-1601880.570432947,409933.09043288784,301.35396527230625,1430.944352808118,1.028955758815654,224,23:42
3160000,6324.000000370869,-1600540.5302395178,408514.67139340355,300.31124339417016,1434.5885389795772,1.026341973576587,224,23:38
3165000,6334.0000003729065,-1600691.3548921086,407763.11917335325,299.7587550810598,1432.2178092567246,1.028040862814553,224,23:34
3170000,6344.000000374944,-1599515.5302880518,408093.10989597015,300.0013410422435,1433.0119032004027,1.0274711808592312,224,23:30
3175000,6354.000000376981,-1601143.2935689874,406504.9383981306,298.83382910047516,1432.9529076564302,1.027513482473546,224,23:27
3180000,6364.000000379018,-1600498.3544127494,409516.96284232184,301.04805754637994,1432.6278243791844,1.0277466396443147,224,23:23
3185000,6374.0000003810555,-1601600.3035305385,408131.7218640788,300.0297258444663,1431.7822332039016,1.0283536128758268,224,23:19
3190000,6384.000000383093,-1603580.2288609603,407535.66905703786,299.59154975889146,1432.5888426273282,1.0277746053545627,224,23:15
3195000,6394.00000038513,-1603092.4276232356,409718.2913067122,301.1960600679674,1434.3414334582978,1.0265187897533186,224,23:11
3200000,6404.000000387167,-1601704.702317344,409403.20982664044,300.9644343328914,1433.9407636998305,1.0268056182234788,224,23:07
3205000,6414.000000389205,-1601675.2966566263,408337.81930286705,300.181234180487,1433.6453802550225,1.0270171777798631,224,23:04
3210000,6424.000000391242,-1599328.1198079847,409065.6250485187,300.7162657564169,1430.3853047281643,1.0293579132137884,224,23:00
3215000,6434.000000393279,-1601214.2513400465,409883.4308646803,301.31745905179787,1432.6237142077869,1.027749588230744,224,22:56
3220000,6444.000000395316,-1602345.2252259739,408410.8385717289,300.23491280933246,1433.639620487812,1.0270213039073646,224,22:52
3225000,6454.000000397354,-1601166.8854709165,409380.14587545313,300.94747933875374,1433.707864918508,1.0269724177389108,224,22:48
3230000,6464.000000399391,-1602269.3373937393,408691.72093913844,300.4413977630222,1432.2717207882474,1.0280021667650687,224,22:44
3235000,6474.000000401428,-1602126.0820997935,407891.138777778,299.85286608679803,1433.5474309730498,1.0270873502715183,224,22:40
3240000,6484.0000004034655,-1603314.1918693138,409045.3006955008,300.70132472209565,1433.6981510111991,1.0269793759085002,224,22:37
3245000,6494.000000405503,-1602489.7972882912,407441.9119472072,299.5226261284763,1431.202831451225,1.0287699269527544,224,22:33
3250000,6504.00000040754,-1602455.6764210844,409580.18933379976,301.0945372143106,1431.6332911028533,1.0284605991750937,224,22:29
3255000,6514.000000409577,-1599962.1725147944,409011.1187954261,300.6761965941927,1434.119138032947,1.026677905146836,224,22:25
3260000,6524.000000411615,-1600786.9266943969,409121.40740860096,300.7572730227131,1430.2616630480693,1.0294468980094358,224,22:21
3265000,6534.000000413652,-1603138.9097963674,408645.3963503392,300.4073431847262,1432.8266541071655,1.027604021844591,224,22:17
3270000,6544.000000415689,-1601962.1715203328,408790.9234125193,300.51432444158473,1433.141073644571,1.0273785738498846,224,22:14
3275000,6554.000000417726,-1602549.2393482532,408202.7117946536,300.08191264658694,1430.1458814257155,1.0295302398793296,224,22:10
3280000,6564.000000419764,-1602602.1178898057,408259.3688370907,300.123562917808,1430.9190152929184,1.0289739787022445,224,22:06
3285000,6574.000000421801,-1602804.019315092,408551.34023092355,300.33819974350246,1430.360505541095,1.0293757599309985,224,22:02
3290000,6584.000000423838,-1601632.5121393465,407664.0961226271,299.6859603014089,1429.3155877116105,1.0301282970851713,224,21:58
3295000,6594.000000425875,-1601337.0136998147,407827.70537181443,299.8062343098959,1432.8690686037703,1.0275736036380356,224,21:54
3300000,6604.000000427913,-1602621.8968740227,408224.08116097556,300.09762190116237,1429.390252894269,1.0300744876252927,224,21:50
3305000,6614.00000042995,-1601194.2933953665,408353.276540635,300.19259725412564,1432.3037356545833,1.027979188851137,224,21:47
3310000,6624.000000431987,-1599142.7573767072,408717.13537917915,300.460080671185,1434.4117187747825,1.026468490946448,224,21:43
3315000,6634.0000004340245,-1599616.649730578,408069.3474113756,299.9838725354935,1432.9157325453339,1.0275401399573019,224,21:39
3320000,6644.000000436062,-1601153.686275239,406379.8969087226,298.7419073953577,1431.8881212869228,1.02827756615743,224,21:35
3325000,6654.000000438099,-1600351.36260573,408508.611674531,300.3067887152157,1434.2176523825715,1.0266073841168295,224,21:31
3330000,6664.000000440136,-1603505.8739991114,409148.1771637343,300.77695226317223,1430.322061700578,1.0294034272365702,224,21:27
3335000,6674.000000442174,-1600525.4193268884,408745.4949520777,300.4809286338059,1434.99374793197,1.0260521584073512,224,21:24
3340000,6684.000000444211,-1599579.5545951445,409322.5043888199,300.905105373425,1432.0893246580736,1.0281330968780162,224,21:20
3345000,6694.000000446248,-1601182.6161046783,407143.0350945279,299.30291289530476,1431.3684414863492,1.028650897764462,224,21:16
3350000,6704.000000448285,-1602617.3737315228,409562.28073155496,301.08137206998606,1432.2791026573373,1.0279968685118128,224,21:12
3355000,6714.000000450323,-1601475.2081469698,407121.28004263056,299.2869201118312,1432.7737437792287,1.0276419698220864,224,21:09
3360000,6724.00000045236,-1600626.6491778167,408602.26136344747,300.37563337733286,1434.1426384477295,1.0266610816064345,224,21:05
3365000,6734.000000454397,-1603837.143055874,407451.24629378493,299.5294880833174,1431.3551554057417,1.0286604458760493,224,21:01
3370000,6744.0000004564345,-1602111.949372,408274.79018221464,300.1348996057003,1431.631461800674,1.0284619133158246,224,20:57
3375000,6754.000000458472,-1601083.039329579,406251.54837014107,298.6475545803712,1433.5569022306154,1.0270805644865788,224,20:53
3380000,6764.000000460509,-1601774.1986481613,406894.691243498,299.1203479694535,1431.9941328320738,1.0282014420371328,224,20:49
3385000,6774.000000462546,-1600884.9852373954,407185.20125038474,299.33391048628806,1433.4819318217255,1.0271342803013186,224,20:45
3390000,6784.0000004645835,-1598864.928471704,406766.2311882741,299.0259131752779,1436.2365791215059,1.0251642756984038,224,20:41
3395000,6794.000000466621,-1601360.2522398047,408533.20768155064,300.3248699690062,1433.1869596390766,1.0273456805226897,224,20:37
3400000,6804.000000468658,-1602557.792788935,407930.9604221524,299.8821401578988,1429.4189895454456,1.0300537792875322,224,20:33
3405000,6814.000000470695,-1602078.5740898214,407439.75002059084,299.5210368321407,1434.7883976060784,1.026199009431141,224,20:30
3410000,6824.000000472733,-1602784.7659262223,409142.63472556917,300.7728778525981,1433.2121183349718,1.0273276464318357,224,20:26
3415000,6834.00000047477,-1599973.1690497417,408942.7044755925,300.6259031998695,1436.036429486503,1.0253071594382492,224,20:22
3420000,6844.000000476807,-1601930.9759837938,407199.7471761817,299.3446036274854,1432.3518815816285,1.0279446351833779,224,20:18
3425000,6854.000000478844,-1601541.388700489,406700.08202759956,298.97728496659226,1432.298640382232,1.0279828457937543,224,20:14
3430000,6864.000000480882,-1603487.563496287,409349.5585316287,300.92499367569366,1430.6852731769955,1.0291420901377368,224,20:10
3435000,6874.000000482919,-1601356.5905077215,409047.40151883184,300.70286909959515,1433.7730677655584,1.02692571472364,224,20:07
3440000,6884.000000484956,-1602917.199303029,408120.65928377036,300.0215934137846,1430.504397074657,1.0292722171128073,224,20:03
3445000,6894.0000004869935,-1602958.0652118977,410153.3585533169,301.51589089642283,1434.5382488141315,1.026377953730966,224,19:59
3450000,6904.000000489031,-1600496.7252947846,408868.5961126186,300.57142394566137,1433.8720412565237,1.0268548308371956,224,19:55
3455000,6914.000000491068,-1600899.9273933945,408345.7643551633,300.1870748239229,1433.0918276700934,1.0274138781186342,224,19:51
3460000,6924.000000493105,-1600979.0832500132,408976.0152560099,300.6503909418922,1431.5879479875691,1.028493173916715,224,19:47
3465000,6934.000000495143,-1600369.6684662392,407202.1090022165,299.34633987580855,1433.84372154031,1.0268751121530497,224,19:44
3470000,6944.00000049718,-1601638.5484878607,407756.4794011037,299.75387398767504,1435.9425546805505,1.0253741889376675,224,19:40
3475000,6954.000000499217,-1598821.0935795633,408838.21540034696,300.5490901835804,1434.4021629546735,1.0264753291599564,224,19:36
3480000,6964.000000501254,-1601427.482599873,407753.3464037357,299.7515708284472,1436.0783700688733,1.025277215404364,224,19:32
3485000,6974.000000503292,-1600956.1210891167,408014.3975177248,299.9434772399455,1436.2572945581835,1.0251494895415518,224,19:28
3490000,6984.000000505329,-1600913.5127787897,408244.2641397937,300.1124590071189,1434.071285628619,1.0267121635597363,224,19:24
3495000,6994.000000507366,-1602072.3454716895,408612.8515772175,300.38341855737116,1433.6486952667208,1.0270148030182007,224,19:20
3500000,7004.000000509403,-1603156.0249610757,406612.1487245611,298.9126425891688,1434.2723860395943,1.0265682074743687,224,19:16
3505000,7014.000000511441,-1600008.5962768095,408097.1106473488,300.00428211316506,1435.7025512508446,1.025545598622677,224,19:13
3510000,7024.000000513478,-1600299.7242973028,410111.85653146234,301.48538153002966,1435.7848257263888,1.025486831999182,224,19:09
3515000,7034.000000515515,-1602018.5411630897,408502.6879396626,300.3024340021333,1431.2381123409027,1.0287445671485516,224,19:05
3520000,7044.0000005175525,-1603424.903592784,408063.1374015997,299.9793073732414,1435.0091572277877,1.026041140539518,224,19:01
3525000,7054.00000051959,-1602351.0402716128,408564.1230602509,300.3475967802264,1434.1529556815824,1.0266536958513626,224,18:57
3530000,7064.000000521627,-1602149.1892950134,408369.2962523792,300.2043738190562,1433.0487957548778,1.0274447295362727,224,18:53
3535000,7074.000000523664,-1604477.0811951254,408475.11176191166,300.2821619365054,1433.0136916495062,1.0274698985407698,224,18:49
3540000,7084.000000525702,-1602528.8777926108,408446.6086804606,300.26120847649395,1432.8342823119401,1.0275985510277614,224,18:46
3545000,7094.000000527739,-1602656.7083542068,406371.5308438141,298.7357572530717,1430.97380158513,1.028934583383467,224,18:42
3550000,7104.000000529776,-1601115.3654202847,409776.11464412895,301.23856771719727,1433.628590904819,1.0270292052681347,224,18:38
3555000,7114.000000531813,-1601717.143232043,407378.4368538462,299.47596370593277,1431.662381101229,1.0284397018479345,224,18:34
3560000,7124.000000533851,-1602912.2339107208,408139.3292776444,300.03531827966356,1429.834524257251,1.0297544277940143,224,18:30
3565000,7134.000000535888,-1602120.773655042,409394.664046598,300.9581520766837,1430.6628748082128,1.0291582023221446,224,18:27
3570000,7144.000000537925,-1600812.604044198,407450.92928209825,299.52925503863025,1432.9896389824146,1.027487144577129,224,18:23
3575000,7154.0000005399625,-1601509.65318021,408387.54593302496,300.2177897002229,1431.4111553456983,1.0286202024260873,224,18:19
3580000,7164.000000542,-1602529.7822317174,408924.87607277534,300.61279701252136,1431.301014070062,1.0286993566641736,224,18:15
3585000,7174.000000544037,-1603064.5592164295,407885.2465091691,299.84853450549565,1432.0900880247923,1.0281325488380604,224,18:11
3590000,7184.000000546074,-1600301.0630456097,408267.0291940644,300.1291942732738,1433.9462096327952,1.0268017185551879,224,18:07
3595000,7194.0000005481115,-1599712.7652736492,410167.45865252806,301.5262562972826,1433.8550154454495,1.0268670238665898,224,18:03
3600000,7204.000000550149,-1601818.7590685291,407959.530783135,299.903143077088,1432.3168430150167,1.0279697816492237,224,17:59
3605000,7214.000000552186,-1601481.184175077,407560.55159372033,299.6098416491299,1432.0415734876415,1.0281673797924544,224,17:56
3610000,7224.000000554223,-1601288.7082089363,408290.30010645173,300.14630141072405,1432.369584896367,1.0279319303426704,224,17:52
3615000,7234.000000556261,-1603700.952490517,407643.44101453293,299.6707761192275,1429.6953078891454,1.029854699978365,224,17:48
3620000,7244.000000558298,-1602270.3401601324,408845.4611893458,300.55441677784,1432.8925461708548,1.027556767115103,224,17:44
3625000,7254.000000560335,-1601636.3733572382,407793.7220215157,299.78125214181836,1431.9992876871952,1.0281977407577294,224,17:40
3630000,7264.000000562372,-1601484.126713845,408609.3971463894,300.3808791028795,1432.664222349088,1.027720528926482,224,17:36
3635000,7274.00000056441,-1604810.1763528362,407801.74919563835,299.78715315544287,1432.9138383024226,1.0275414983157558,224,17:32
3640000,7284.000000566447,-1601661.5564420559,408553.55927778577,300.3398310306238,1436.5459383160335,1.0249435072662016,224,17:29
3645000,7294.000000568484,-1602671.148882934,411177.719807005,302.2689292162721,1431.6715949153293,1.0284330831147979,224,17:25
3650000,7304.0000005705215,-1599806.3742546765,406729.3590772083,298.998807393537,1435.0092952001467,1.0260410418883685,224,17:21
3655000,7314.000000572559,-1600791.131415585,409931.4319001175,301.3527460357075,1436.1357756985444,1.0252362327304876,224,17:17
3660000,7324.000000574596,-1603058.9553696755,408074.5170228252,299.9876728700984,1433.1815655074868,1.0273495471910326,224,17:13
3665000,7334.000000576633,-1603126.4628051203,407358.029910802,299.4609619572353,1432.9255901486215,1.0275330711442863,224,17:09
3670000,7344.000000578671,-1600484.52540496,408062.58867227484,299.9789039860502,1433.3410439935728,1.0272352407242265,224,17:06
3675000,7354.000000580708,-1600014.7916853307,409465.83761979477,301.0104738799389,1434.2699708961795,1.026569936095546,224,17:02
3680000,7364.000000582745,-1600693.972117343,407987.4182295939,299.92364396556917,1433.7789682965138,1.0269214885443596,224,16:58
3685000,7374.000000584782,-1601786.0760922348,408550.6610105871,300.3377004285009,1433.5694124100535,1.027071601570624,224,16:54
3690000,7384.00000058682,-1601884.8501367206,409260.98885229276,300.85988347919164,1434.5497426498205,1.0263697302311432,224,16:50
3695000,7394.000000588857,-1599628.055266561,408647.39554303564,300.4088128505338,1434.7466579083448,1.026228863647028,224,16:46
3700000,7404.000000590894,-1601526.940409517,408711.5453261301,300.4559712574984,1433.5138614044636,1.0271114022742072,224,16:42
3705000,7414.000000592931,-1601759.1357176667,407565.28339166974,299.61332013405394,1430.1579337307562,1.0295215637658688,224,16:39
3710000,7424.000000594969,-1602099.7161503686,408720.0036488604,300.46218922124376,1430.8778724125186,1.0290035654015404,224,16:35
3715000,7434.000000597006,-1602523.0030248314,409316.56248202134,300.9007373016181,1433.2355879911179,1.0273108236381419,224,16:31
3720000,7444.000000599043,-1600749.2340959767,408028.08221578394,299.95353726710584,1430.2633710084847,1.0294456686872095,224,16:27
3725000,7454.0000006010805,-1601160.3038682714,406903.69085194194,299.1269638483708,1432.0429546973162,1.028166388121969,224,16:23
3730000,7464.000000603118,-1602119.8986565378,408785.31649104645,300.51020262741986,1435.4449222718451,1.0257296602062258,224,16:19
3735000,7474.000000605155,-1600942.4461732106,407669.612720087,299.6900157157147,1433.3552564393572,1.027225055164784,224,16:15
3740000,7484.000000607192,-1600161.9891590169,408220.9336354043,300.0953080618216,1437.1810131900795,1.0244905957242265,224,16:11
3745000,7494.00000060923,-1602140.2820941517,407649.97894944303,299.6755823489656,1433.603966208041,1.0270468463205857,224,16:08
3750000,7504.000000611267,-1598951.1595216393,407384.8907232884,299.4807081366537,1433.7605507676024,1.0269346799773327,224,16:04
3755000,7514.000000613304,-1599051.0263286075,408366.19115823094,300.20209117231224,1436.9659075084971,1.0246439561809475,224,16:00
3760000,7524.000000615341,-1600766.9911177075,410370.8529692216,301.6757774881304,1430.9905821932568,1.028922517512282,224,15:56
3765000,7534.000000617379,-1601456.643923481,407847.8781891953,299.82106394587873,1434.1778103081786,1.02663590371006,224,15:52
3770000,7544.000000619416,-1601406.8554479592,409321.35418515385,300.9042598246178,1432.568267891058,1.0277893663903361,224,15:48
3775000,7554.000000621453,-1600261.074337081,408310.54364941706,300.16118303918034,1435.6569178630316,1.0255781963272117,224,15:44
3780000,7564.00000062349,-1602677.1765782302,408624.9334656382,300.3923003116587,1434.6269407509765,1.0263145006853933,224,15:41
3785000,7574.000000625528,-1601675.6003833814,408623.8349790683,300.3914927816218,1433.9707420636325,1.026784151988866,224,15:37
3790000,7584.000000627565,-1603791.76215808,408754.0193586796,300.48719517776397,1430.4765758260494,1.029292235363173,224,15:33
3795000,7594.000000629602,-1600868.5772807496,405234.8129568499,297.9001222418291,1434.0082777718949,1.0267572755258951,224,15:29
3800000,7604.0000006316395,-1602246.5910930391,408084.62680405355,299.9951048699352,1433.8741897169218,1.0268532922385134,224,15:25
3805000,7614.000000633677,-1600858.422755749,408706.64814747206,300.45237119631355,1431.9810261567407,1.0282108529875795,224,15:22
3810000,7624.000000635714,-1602952.621701805,408437.85481972,300.2547732539975,1433.9720174903132,1.0267832387298297,224,15:18
3815000,7634.000000637751,-1599535.3687197827,409499.47655773035,301.0352028602799,1433.0181590878376,1.0274666954003349,224,15:14
3820000,7644.000000639789,-1600545.8904574495,406385.4527572697,298.7459916643012,1433.2495880785311,1.0273007887904426,224,15:10
3825000,7654.000000641826,-1600988.2575573204,408131.05521065916,300.0292357677778,1432.6249423496618,1.0277487071750895,224,15:06
3830000,7664.000000643863,-1601574.4825692894,409332.4364507662,300.9124067265499,1434.1512078505123,1.0266549470564084,224,15:02
3835000,7674.0000006459,-1601736.9702328686,408041.23806871613,299.96320852453823,1433.2695179371692,1.0272865039966594,224,14:58
3840000,7684.000000647938,-1603220.1395249758,407132.6986915963,299.2953142991368,1432.2631069713016,1.028008349304046,224,14:54
3845000,7694.000000649975,-1599185.3654397111,409593.3917443561,301.1042426976325,1430.5218834231744,1.0292596355417623,224,14:50
3850000,7704.000000652012,-1601869.8042554492,410139.20841161674,301.5054887078461,1431.2969670125965,1.0287022653585307,224,14:47
3855000,7714.0000006540495,-1600655.0277898852,408338.4846237603,300.18172327759584,1431.880389215052,1.0282831187972348,224,14:43
3860000,7724.000000656087,-1602269.5701420773,407898.14734041825,299.85801828892994,1433.677597456263,1.0269940989376238,224,14:39
3865000,7734.000000658124,-1599766.8550125444,408095.746384871,300.0032792033806,1433.1196310586145,1.0273939456673538,224,14:35
3870000,7744.000000660161,-1601127.9486631807,410652.08573591127,301.8825200307169,1430.7152419587383,1.0291205329936055,224,14:31
3875000,7754.0000006621985,-1601514.3759668162,408187.2080993524,300.07051542063857,1433.999827803988,1.0267633257818702,224,14:27
3880000,7764.000000664236,-1600974.6806350835,407963.45938629337,299.90603110971426,1432.9759210289742,1.027496980765304,224,14:23
3885000,7774.000000666273,-1604146.5831885235,408288.38632410637,300.1448945325971,1431.4646192690977,1.0285817843814014,224,14:20
3890000,7784.00000066831,-1601546.4032963496,408371.06228731934,300.2056720836863,1430.9495242948815,1.0289520401442427,224,14:16
3895000,7794.000000670348,-1604384.0128873112,408825.76937588595,300.5399407420966,1433.1372933536682,1.02738128384138,224,14:12
3900000,7804.000000672385,-1603716.513342999,406665.0330794972,298.95151944598473,1432.5523686899471,1.0278007733239976,224,14:08
3905000,7814.000000674422,-1601048.0110294316,408362.7243155135,300.19954259347276,1432.1484040031264,1.0280906840737138,224,14:04
3910000,7824.000000676459,-1601764.3939918084,409496.5297877653,301.03303660233576,1429.9409213194328,1.029677807253786,224,14:00
3915000,7834.000000678497,-1601264.4470876977,407682.4835708111,299.6994774595764,1433.9019702015746,1.0268333979342175,224,13:57
3920000,7844.000000680534,-1601444.0046324395,410114.2804042022,301.4871633907248,1430.3539295575113,1.0293804924366805,224,13:53
3925000,7854.000000682571,-1601587.2035955116,407361.9732407498,299.46386081596097,1432.4237862390673,1.0278930345275041,224,13:49
3930000,7864.0000006846085,-1604305.5063543152,410016.59114416013,301.4153491201396,1430.5754008780875,1.0292211312056014,224,13:45
3935000,7874.000000686646,-1600130.4517923454,407823.5277690854,299.80316323030485,1433.9058077189254,1.0268306498520494,224,13:41
3940000,7884.000000688683,-1603558.7676045997,409446.27666783717,300.99609404436455,1431.6445889007284,1.028452483096521,224,13:37
3945000,7894.00000069072,-1600378.401091664,407286.18066716497,299.4081434486124,1433.6064540518337,1.0270450640098865,224,13:33
3950000,7904.000000692758,-1601504.4912043605,406904.2332963749,299.1273626153516,1431.3738513248134,1.028647010006426,224,13:29
3955000,7914.000000694795,-1602259.7662190208,407409.0996833944,299.4985048607858,1435.1740612170636,1.025923246632564,224,13:26
3960000,7924.000000696832,-1601799.4695994323,409474.76741278236,301.0170384354449,1431.2108094403925,1.0287641922871977,224,13:22
3965000,7934.000000698869,-1602837.1128837243,409216.8121860323,300.82740790241877,1432.5741368043168,1.0277851557833702,224,13:18
3970000,7944.000000700907,-1604243.9142056517,406789.0713423215,299.04270364950463,1428.4361618907267,1.0307625021322353,224,13:14
3975000,7954.000000702944,-1601748.579971075,409059.38700348535,300.71167998461596,1431.848233351279,1.028306211560223,224,13:10
3980000,7964.000000704981,-1601090.3675116654,408402.7868790869,300.2289937714176,1435.456091592243,1.025721678977623,224,13:07
3985000,7974.000000707018,-1601751.4427144043,407412.92900735606,299.5013199103319,1433.265207129423,1.0272895937490634,224,13:03
3990000,7984.000000709056,-1601075.0762751251,407166.0308615814,299.3198177652647,1433.031811359044,1.027456906884916,224,12:59
3995000,7994.000000711093,-1600096.001628654,408369.8017132926,300.20474539835556,1434.0434081997446,1.026732122575726,224,12:55
4000000,8004.00000071313,-1602732.6585368318,408635.51011439034,300.40007551965033,1432.402123550029,1.0279085796923746,224,12:51
4005000,8014.0000007151675,-1602474.3313877601,409163.58898647944,300.7882819508816,1434.712272867117,1.0262534587679126,224,12:47
4010000,8024.000000717205,-1604051.374253896,407198.8409362142,299.3439374236242,1428.7760585147394,1.0305172903703599,224,12:43
4015000,8034.000000719242,-1600606.6712776683,408450.8179794196,300.2643028569231,1433.5355543872508,1.0270958595066058,224,12:40
4020000,8044.000000721279,-1601443.1979159992,406951.2993401324,299.1619622591642,1434.4998430322971,1.0264054328889194,224,12:36
4025000,8054.000000723317,-1601460.753537031,407326.3412756173,299.4376667022538,1430.3097334486372,1.0294122999614792,224,12:32
4030000,8064.000000725354,-1599837.7092403919,408223.94990646536,300.09752541208144,1432.251663585146,1.028016562872102,224,12:28
4035000,8074.000000727391,-1601489.6276661009,410826.3301724446,302.0106122806509,1435.5587429408426,1.0256483335195197,224,12:24
4040000,8084.000000729428,-1599533.5432469128,407973.5532224103,299.9134513878271,1434.7052042549035,1.0262585149897143,224,12:20
4045000,8094.000000731466,-1600636.9146965481,407802.79452786327,299.78792161014525,1432.8657514129984,1.0275759825473452,224,12:16
4050000,8104.000000733503,-1600259.1970682861,408711.96768110077,300.456281743156,1431.948696232408,1.028234067491816,224,12:12
4055000,8114.00000073554,-1602427.0109529756,408043.0696954067,299.9645550076083,1432.4760517891673,1.0278555306580146,224,12:09
4060000,8124.0000007375775,-1602580.3460339056,407746.45428568637,299.7465042281854,1431.2222187308773,1.0287559912759527,224,12:05
4065000,8134.000000739615,-1602930.5827456787,407211.7925569703,299.3534585439305,1432.3554009332572,1.0279421094843622,224,12:01
4070000,8144.000000741652,-1600960.8336652247,407938.6399931484,299.88778563816186,1435.0419944232679,1.0260176622624826,224,11:57
4075000,8154.000000743689,-1602285.5388748804,409838.598398007,301.28450137670336,1432.5273499975801,1.0278187235790919,224,11:53
4080000,8164.0000007457265,-1599402.9762591254,407123.9481259355,299.2888814989511,1432.5923361624834,1.0277720990123014,224,11:49
4085000,8174.000000747764,-1602647.5026240395,406831.80183492013,299.0741161011539,1435.3683801838292,1.025784358004377,224,11:45
4090000,8184.000000749801,-1599220.621394178,408736.4050753646,300.4742463960083,1433.0958217760171,1.0274110146674995,224,11:42
4095000,8194.000000751837,-1599918.8538963618,409041.30506484443,300.6983874155689,1435.3753788117924,1.025779356467359,224,11:38
4100000,8204.000000753875,-1600966.306157642,407830.8964857588,299.80858019234165,1433.2223002980988,1.0273203480439907,224,11:34
4105000,8214.000000755912,-1600643.7113924185,406926.6517134966,299.14384305826394,1432.5995154962511,1.027766948431936,224,11:30
4110000,8224.00000075795,-1602461.2253471222,410031.645067564,301.42641570543486,1430.2231548727334,1.0294746154474541,224,11:26
4115000,8234.000000759987,-1600333.6664187415,406086.56857525354,298.5262730431168,1432.85116402426,1.0275864439621047,224,11:22
4120000,8244.000000762024,-1603854.2351428485,407099.21170082793,299.2706970196622,1428.392343968658,1.030794122205796,224,11:19
4125000,8254.000000764061,-1600336.0697329557,409439.0501420975,300.9907816110977,1433.3113745368298,1.0272565044301323,224,11:15
4130000,8264.000000766098,-1602981.3375978535,409358.5159740532,300.9315785571202,1430.7520417537958,1.0290940634002739,224,11:11
4135000,8274.000000768136,-1600741.9982829,408711.6120389556,300.4560203000738,1431.672504126436,1.028432429988626,224,11:07
4140000,8284.000000770173,-1602368.1901010629,408798.6153892088,300.5199790416408,1433.8547825924993,1.0268671906261662,224,11:03
4145000,8294.00000077221,-1602360.6803863961,407418.60526993114,299.50549269919634,1430.0038534026205,1.0296324928518223,224,10:59
4150000,8304.000000774247,-1600497.177379148,408770.7720623367,300.4995105867756,1431.6743176854059,1.0284311272322415,224,10:55
4155000,8314.000000776285,-1602788.934246567,407370.47956804145,299.47011406928226,1431.50962722147,1.0285494448434185,224,10:52
4160000,8324.000000778322,-1601620.0890953243,408240.0133888634,300.10933415411694,1430.762485487484,1.0290865516123655,224,10:48
4165000,8334.00000078036,-1604463.2831659717,408692.5371113891,300.4419977554352,1430.452355839167,1.029309663028161,224,10:44
4170000,8344.000000782396,-1602475.4491546853,409569.17196373607,301.08643801901985,1432.9747708297134,1.0274978055015744,224,10:40
4175000,8354.000000784434,-1601880.8089774903,408913.4344732147,300.60438595355316,1432.635839025176,1.0277408900844742,224,10:36
4180000,8364.000000786471,-1603843.2890510727,407559.9054789393,299.6093666710034,1431.8198121174128,1.0283266231588597,224,10:32
4185000,8374.000000788508,-1601827.826530409,407337.931649311,299.44618712949693,1434.273110923091,1.0265676886454607,224,10:28
4190000,8384.000000790546,-1601232.5647222204,407912.41302183084,299.86850541417385,1429.31949925491,1.0301254779873836,224,10:24
4195000,8394.000000792583,-1599706.4387153378,407973.22336558305,299.9132089002963,1427.9249064232722,1.0311315572292445,224,10:21
4200000,8404.00000079462,-1602179.5257041072,407642.4560336288,299.6700520305698,1431.6253820494612,1.0284662809336687,224,10:17
4205000,8414.000000796657,-1602561.8561246106,409037.7054793914,300.69574125361,1431.9740739726888,1.0282158449153136,224,10:13
4210000,8424.000000798695,-1603629.230223028,408202.00135521975,300.08139038150154,1431.6657954252091,1.028437249162156,224,10:09
4215000,8434.000000800732,-1603235.6462722104,407954.78325880674,299.89965303123677,1429.2864504945037,1.0301492971246171,224,10:05
4220000,8444.00000080277,-1601521.3526766049,407810.7329710729,299.7937573950456,1433.171018053214,1.0273571079930823,224,10:01
4225000,8454.000000804806,-1601262.9057750655,408802.933115592,300.5231531302834,1431.708386679181,1.0284066546413158,224,9:58
4230000,8464.000000806844,-1603663.9940807903,408526.9059584489,300.3202373855698,1428.9448565935982,1.0303955576540533,224,9:54
4235000,8474.000000808881,-1600326.3278530622,409218.7699036774,300.82884707868675,1433.654777467184,1.027010445965158,224,9:50
4240000,8484.000000810918,-1604985.59084569,409377.7770669633,300.94573795742093,1432.8413988604973,1.027593447214463,224,9:46
4245000,8494.000000812955,-1602868.061202404,409154.15864988265,300.7813494309323,1429.60924966072,1.0299166941708597,224,9:42
4250000,8504.000000814993,-1602072.2527096812,406875.27562643145,299.1060749738653,1433.7865055523666,1.026916090132553,224,9:38
4255000,8514.00000081703,-1601473.4328249795,406969.4858808656,299.1753317243098,1432.8319245151,1.0276002419927481,224,9:34
4260000,8524.000000819067,-1600576.6078251181,409174.84322796634,300.79655527737646,1433.6845342676297,1.0269891298777163,224,9:31
4265000,8534.000000821105,-1602863.9441447258,408267.9146831075,300.1298452225155,1434.349626670068,1.026512926130061,224,9:27
4270000,8544.000000823142,-1603034.75593328,407151.8285728642,299.30937724187015,1432.9285687611255,1.027530935222845,224,9:23
4275000,8554.000000825179,-1599856.029802775,408614.5804318045,300.3846894896217,1433.84779248674,1.0268721966737402,224,9:19
4280000,8564.000000827216,-1600917.7045156723,405586.777237899,298.1588616171168,1430.9983422555047,1.0289169378393024,224,9:15
4285000,8574.000000829254,-1603010.1840371778,410302.5557474032,301.625570176029,1430.9305590519562,1.028965677651162,224,9:11
4290000,8584.00000083129,-1602338.0599658042,409176.06255544105,300.7974516411442,1429.6884095762516,1.0298596690750632,224,9:07
4295000,8594.000000833328,-1602915.1214950364,409687.2450702109,301.1732370592989,1432.2243581688226,1.0280361620501752,224,9:03
4300000,8604.000000835365,-1601005.048994857,407112.1149569013,299.2801825856567,1431.6097591437742,1.028477504405433,224,9:00
4305000,8614.000000837403,-1601416.0983745968,409550.58223960095,301.0727721618052,1432.8876049486603,1.0275603105795634,224,8:56
4310000,8624.00000083944,-1601595.5604542084,408218.0409218602,300.09318154235484,1433.8191076616738,1.026892740164317,224,8:52
4315000,8634.000000841477,-1601329.3778975066,407906.2002560409,299.8639382258941,1435.2696701298544,1.0258549058822097,224,8:48
4320000,8644.000000843514,-1599087.0873497464,408579.5063988461,300.3589055283929,1433.5303511295597,1.027099587536798,224,8:44
4325000,8654.000000845552,-1602229.2226260258,407775.1736312078,299.76761667032514,1431.8320133096402,1.0283178603915202,224,8:40
4330000,8664.000000847589,-1601137.0420330232,410663.8819878972,301.8911918051949,1432.8683242321922,1.027574137460001,224,8:36
4335000,8674.000000849626,-1602201.8885661392,408635.15835080994,300.399816927816,1430.5703966143824,1.0292247315135372,224,8:33
4340000,8684.000000851664,-1600031.8677242082,408990.53656292043,300.66106598501653,1431.6303326856041,1.0284627244552775,224,8:29
4345000,8694.0000008537,-1599945.4304734478,409510.4965258592,301.0433039654854,1434.0079108718944,1.0267575382282428,224,8:25
4350000,8704.000000855738,-1602621.5057199718,408234.4456479248,300.1052411427241,1429.3947728704427,1.030071230364087,224,8:21
4355000,8714.000000857775,-1601509.5405552918,408445.256004735,300.2602140844745,1428.2775717240638,1.0308769538328284,224,8:17
4360000,8724.000000859813,-1602118.7108745947,406839.2326218639,299.0795786928862,1431.1827478269468,1.0287843635638112,224,8:13
4365000,8734.00000086185,-1602736.9877795,407809.9181852185,299.79315842181364,1430.5231457823243,1.0292587272759142,224,8:10
4370000,8744.000000863887,-1602830.6747050527,407477.8192275431,299.5490226345499,1431.002553800273,1.0289139096617947,224,8:06
4375000,8754.000000865924,-1603292.663066675,409322.36816387554,300.9050052304306,1431.738092076659,1.0283853174787339,224,8:02
4380000,8764.000000867962,-1602777.5400046688,410227.47414813965,301.5703754669774,1430.9482746318345,1.0289529387395062,224,7:58
4385000,8774.000000869999,-1602987.6644179765,407263.9015897566,299.39176543845343,1430.9569973593107,1.0289466665202243,224,7:54
4390000,8784.000000872036,-1601159.299165668,408765.4555912282,300.4956022912826,1431.813502925543,1.0283311544123763,224,7:50
4395000,8794.000000874074,-1600686.4883078858,407556.32977936434,299.60673806826145,1433.765319009712,1.026931264723023,224,7:46
4400000,8804.00000087611,-1600858.2599672638,408011.1755703174,299.9411086909072,1431.3672311878527,1.0286517675444933,224,7:42
4405000,8814.000000878148,-1602344.098335919,408110.56453837384,300.01417246723344,1430.8607375828487,1.0290158879150875,224,7:39
4410000,8824.000000880185,-1602920.7612121394,409300.2057613007,300.88871299140004,1430.1094107705358,1.0295564949630964,224,7:35
4415000,8834.000000882223,-1599319.7349709207,407566.72141488607,299.61437726754355,1434.5237170022733,1.0263883510016019,224,7:31
4420000,8844.00000088426,-1602992.608357017,410023.7914555172,301.4206422824367,1430.284732490729,1.0294302937867623,224,7:27
4425000,8854.000000886297,-1600928.70122883,408708.3193597982,300.4535997540296,1434.9944916537618,1.0260516266301531,224,7:23
4430000,8864.000000888334,-1600994.483520831,408438.60631426546,300.25532569991225,1435.8627725436334,1.0254311627275712,224,7:19
4435000,8874.000000890372,-1602134.5792824794,409101.4380216107,300.74259293444015,1434.0521262722136,1.02672588073494,224,7:15
4440000,8884.000000892409,-1602933.5907488503,408510.98307515384,300.3085320021023,1434.0014379231857,1.0267621729159813,224,7:12
4445000,8894.000000894446,-1600618.1403551837,408242.22291497997,300.11095844225605,1434.0112357960043,1.0267551575698433,224,7:08
4450000,8904.000000896483,-1602428.7864395827,409300.2191032241,300.88872279944337,1434.5034779508476,1.0264028320585934,224,7:04
4455000,8914.00000089852,-1600689.9525809148,408198.7870503304,300.0790274507048,1433.0859385621272,1.0274181001621914,224,7:00
4460000,8924.000000900558,-1601893.3014402203,410189.0019926606,301.5420934451627,1432.05546157199,1.0281574086176792,224,6:56
4465000,8934.000000902595,-1600613.9577480378,408751.9388739281,300.48566575175715,1435.4705572099936,1.0257113425080575,224,6:52
4470000,8944.000000904633,-1599198.4721802669,408207.35636477504,300.0853270077492,1434.080948668804,1.0267052454280199,224,6:48
4475000,8954.00000090667,-1602114.3442463214,406954.8463959459,299.1645698050281,1432.88577073641,1.0275616259417144,224,6:45
4480000,8964.000000908707,-1603347.1492101382,409788.5187875695,301.24768637070156,1430.260690043718,1.0294475983407239,224,6:41
4485000,8974.000000910744,-1600920.9284537137,410321.16408621846,301.63924971744683,1432.9287423163842,1.0275308107690657,224,6:37
4490000,8984.000000912782,-1603512.2097741794,409588.21032071917,301.1004336795387,1434.115149965452,1.0266807601900876,224,6:33
4495000,8994.000000914819,-1601554.3554791426,408503.187442609,300.3028012015546,1429.537732108397,1.029968219303362,224,6:29
4500000,9004.000000916856,-1604312.2154438384,407613.4989062967,299.6487647879733,1428.3916129311217,1.030794649756636,224,6:25
4505000,9014.000000918893,-1601939.6090854844,408471.6493234679,300.2796165953781,1430.3799594874345,1.0293617598601335,224,6:21
4510000,9024.00000092093,-1601205.6300548753,406703.93939281977,298.98012063009867,1433.2548162609994,1.0272970414344857,224,6:18
4515000,9034.000000922968,-1604671.9087644098,410620.5174439841,301.85931324363105,1427.8312160029598,1.0311992172915205,224,6:14
4520000,9044.000000925005,-1604422.8089979263,409360.70537086506,300.93318804761077,1430.455737259288,1.029307229867655,224,6:10
4525000,9054.000000927042,-1601265.0165098142,408236.0583534174,300.1064266903326,1435.427841749435,1.0257418656253618,224,6:06
4530000,9064.00000092908,-1600442.9519560821,408418.65853472543,300.24066149591636,1430.877907537296,1.029003540141858,224,6:02
4535000,9074.000000931117,-1601897.388636142,408861.7384403759,300.56638266753305,1431.341221030612,1.0286704600783396,224,5:58
4540000,9084.000000933154,-1604404.954898402,408575.07417534664,300.3556472695265,1429.7685347930483,1.0298019550274766,224,5:54
4545000,9094.000000935192,-1602096.5931144897,406392.9792483222,298.7515246109604,1432.307765070179,1.0279762969060702,224,5:51
4550000,9104.000000937229,-1601961.0273440443,409388.94613181567,300.9539486680471,1431.047399132047,1.0288816661556235,224,5:47
4555000,9114.000000939266,-1603386.5526629481,405130.9923187044,297.82380061346475,1431.266600076576,1.0287240911566555,224,5:43
4560000,9124.000000941303,-1604178.8772280226,411248.4061266529,302.3208928250013,1431.5166510293059,1.0285443982142752,224,5:39
4565000,9134.00000094334,-1602967.3029565094,408781.80155994603,300.50761869738466,1430.62081066844,1.029188462370194,224,5:35
4570000,9144.000000945378,-1602828.381953774,409165.7551454774,300.7898743585664,1433.1985915372081,1.0273373425433112,224,5:31
4575000,9154.000000947415,-1602670.9102765983,407300.3395998976,299.41855209973767,1427.9258532454835,1.031130873511488,224,5:27
4580000,9164.000000949452,-1602477.8349052202,408251.02200050815,300.11742691083435,1430.3019653928868,1.029417890761415,224,5:24
4585000,9174.00000095149,-1604888.7495831894,408849.3209427696,300.55725419698564,1431.1990394858328,1.0287726526812182,224,5:20
4590000,9184.000000953527,-1599762.4494646825,407122.1852875263,299.2875855841856,1431.8358605002998,1.0283150974108066,224,5:16
4595000,9194.000000955564,-1601238.1974501805,408755.3541671955,300.488176435068,1430.0573259243488,1.0295939929645461,224,5:12
4600000,9204.000000957602,-1600656.1419614563,410366.88946916605,301.6728638017607,1433.4881628771413,1.0271298155761914,224,5:08
4605000,9214.000000959639,-1602924.205605167,407957.153865814,299.90139573471305,1429.8484260982555,1.0297444159059934,224,5:04
4610000,9224.000000961676,-1602396.5289884228,409875.72843893943,301.3117967703343,1431.2487732918826,1.02873690433297,224,5:00
4615000,9234.000000963713,-1599070.2152459444,407887.0150981408,299.84983464767004,1435.8640913440336,1.0254302208981627,224,4:57
4620000,9244.00000096575,-1600965.52312704,407614.5921999548,299.64956850054676,1432.5086594764048,1.0278321339466248,224,4:53
4625000,9254.000000967788,-1604365.6532483548,407860.81457675586,299.8305738678115,1430.7937966101763,1.0290640313474924,224,4:49
4630000,9264.000000969825,-1602777.3167541362,407202.17157108424,299.34638587203784,1434.3723801958943,1.0264966425005806,224,4:45
4635000,9274.000000971862,-1600281.4480704078,408296.86121781234,300.1511246781578,1430.245412123665,1.0294585949277244,224,4:41
4640000,9284.0000009739,-1602893.7381545026,407949.172995311,299.89552876025175,1431.893854656321,1.0282734488863685,224,4:37
4645000,9294.000000975937,-1603579.7239866043,408269.45325057313,300.13097626906296,1429.0110597839962,1.0303478215131596,224,4:33
4650000,9304.000000977974,-1604749.2729272805,409001.7539476127,300.6693122169892,1429.1206634509933,1.0302688009640846,224,4:30
4655000,9314.000000980011,-1601677.905844219,408169.54637637234,300.05753176457904,1430.889880697231,1.0289949298189214,224,4:26
4660000,9324.000000982049,-1600105.5520197526,408106.8562238659,300.01144637532343,1434.3697617662679,1.0264985163613465,224,4:22
4665000,9334.000000984086,-1603498.3270850964,407535.3748143098,299.5913334523407,1431.6536189875942,1.028445996181574,224,4:18
4670000,9344.000000986123,-1603746.093184989,408515.4276671156,300.31179935339196,1430.902651641028,1.0289857459401992,224,4:14
4675000,9354.00000098816,-1603113.6815592842,407191.78107196174,299.3387475081565,1428.0039300779963,1.031074495912789,224,4:10
4680000,9364.000000990198,-1603644.4644561196,408323.1961848654,300.17048429301195,1432.4801295977486,1.0278526046850696,224,4:06
4685000,9374.000000992235,-1601435.9574726606,410860.07020448,302.0354155782611,1434.2481272550654,1.026585570785832,224,4:03
4690000,9384.000000994272,-1599868.7551618693,407987.3858857403,299.9236201886437,1430.5605894209132,1.029231787353143,224,3:59
4695000,9394.00000099631,-1603781.9893946005,409162.97765969863,300.7878325464452,1428.8758416014305,1.030445325967906,224,3:55
4700000,9404.000000998347,-1600764.7218619026,410227.07037877705,301.5700786441511,1433.9246257858836,1.026817174270714,224,3:51
4705000,9414.000001000384,-1601896.6665378856,409018.80592860107,300.68184763363774,1431.1125795930766,1.0288348054248178,224,3:47
4710000,9424.000001002421,-1603839.4991938788,407950.50042317115,299.896504591817,1431.9562011804348,1.0282286784699806,224,3:43
4715000,9434.000001004459,-1602043.1961006215,408713.71231210814,300.4575642731207,1429.8074931166163,1.0297738957551843,224,3:39
4720000,9444.000001006496,-1600187.958189007,409389.935655682,300.95467609637086,1432.7485348304278,1.0276600509948624,224,3:36
4725000,9454.000001008533,-1603003.9402789678,408473.47205794614,300.28095654151923,1432.7591503130457,1.027652436939558,224,3:32
4730000,9464.00000101057,-1603815.5905826706,408892.6567693786,300.5891116476081,1431.6457011497744,1.028451684089272,224,3:28
4735000,9474.000001012608,-1600107.925100687,407926.7355991254,299.87903436526705,1431.492194217412,1.0285619707284483,224,3:24
4740000,9484.000001014645,-1602497.6322482368,408391.15290747315,300.22044129405117,1432.0178075174074,1.0281844434038254,224,3:20
4745000,9494.000001016682,-1600323.7504245248,407287.01151887636,299.40875423233206,1435.0839945311134,1.0259876341577652,224,3:16
4750000,9504.00000101872,-1601404.1781224152,408264.93745703535,300.1276565753843,1430.7526947263295,1.0290935937382837,224,3:12
4755000,9514.000001020757,-1603283.7507487414,409752.9516999111,301.22153995034864,1431.134170201977,1.0288192840499744,224,3:09
4760000,9524.000001022794,-1601301.8856186187,407541.3384753959,299.5957175163692,1430.3130776590244,1.0294098930959055,224,3:05
4765000,9534.000001024831,-1601948.1027270695,406380.33095602354,298.7422264763939,1433.1834042815483,1.0273482291017402,224,3:01
4770000,9544.000001026869,-1600494.747811406,407686.0136879594,299.7020725533255,1434.8246021326584,1.0261731156394833,224,2:57
4775000,9554.000001028906,-1603789.797516102,409485.9385482966,301.02525066827593,1430.352003397763,1.029381878634809,224,2:53
4780000,9564.000001030943,-1603320.4803503612,408499.0256630629,300.29974175405425,1431.1046936011833,1.0288404747395585,224,2:49
4785000,9574.00000103298,-1605591.2686894555,408582.6818051116,300.36123986365834,1430.1469517030473,1.0295294694110382,224,2:45
4790000,9584.000001035018,-1601344.7595469104,407996.5671938034,299.93036964033666,1436.324604873211,1.0251014480787395,224,2:42
4795000,9594.000001037055,-1600885.407616973,410036.30342213553,301.4298401999549,1431.6190747376452,1.0284708120674322,224,2:38
4800000,9604.000001039092,-1601658.6252265405,407479.6403155301,299.5503613703066,1426.318098710359,1.0322931705753013,224,2:34
4805000,9614.00000104113,-1601743.846511676,408305.89514299226,300.15776578432485,1430.8317453245409,1.0290367383711405,224,2:30
4810000,9624.000001043167,-1600351.3243482057,410192.74536706647,301.5448453106428,1432.4607240211953,1.0278665290266387,224,2:26
4815000,9634.000001045204,-1600636.7700994862,407728.7128785916,299.7334619939714,1433.9850045122803,1.0267739395694935,224,2:22
4820000,9644.000001047241,-1601586.938394186,408151.8634592511,300.0445325280782,1432.6626086252468,1.0277216865312873,224,2:18
4825000,9654.000001049279,-1603534.2078391956,408088.7247276552,299.998117375038,1430.8014118234753,1.0290585543176038,224,2:15
4830000,9664.000001051316,-1601037.8529149322,408168.09402949386,300.05646410134085,1432.0202072644483,1.0281827203956142,224,2:11
4835000,9674.000001053353,-1600723.3775580004,410454.9191378887,301.7375770204549,1431.209619737138,1.0287650474548062,224,2:07
4840000,9684.00000105539,-1603693.8275347725,410245.9059723036,301.5839252472431,1431.394933500979,1.0286318596681303,224,2:03
4845000,9694.000001057428,-1600289.9532520361,407658.182976495,299.6816133724204,1434.257553644415,1.0265788237442939,224,1:59
4850000,9704.000001059465,-1600333.431512991,406217.74848376925,298.62270728206425,1434.5703884580453,1.026354959096322,224,1:55
4855000,9714.000001061502,-1602087.0621988326,407543.50158985826,299.5973076859255,1433.2851331843742,1.0272753119928224,224,1:51
4860000,9724.00000106354,-1601521.4464519843,409306.5214616397,300.8933558499178,1432.7560104136214,1.0276546890503653,224,1:48
4865000,9734.000001065577,-1602146.0365070123,408112.9224342999,300.01590582641717,1431.8861869455527,1.028278955262133,224,1:44
4870000,9744.000001067614,-1600498.2029784406,409377.1246852635,300.9452583722967,1430.7106659333842,1.0291238245617496,224,1:40
4875000,9754.000001069651,-1602902.390683732,406536.50527658203,298.8570348484731,1433.3679524919874,1.0272159565217311,224,1:36
4880000,9764.000001071689,-1603217.259006068,408929.4790906969,300.61618082742984,1430.1179247447876,1.0295503656661082,224,1:32
4885000,9774.000001073726,-1600841.411015994,406313.704910352,298.6932476954121,1432.9097977264864,1.0275443958180674,224,1:28
4890000,9784.000001075763,-1603863.3781964919,408145.90143251105,300.04014966550596,1431.2230636924496,1.0287553839217938,224,1:24
4895000,9794.0000010778,-1602158.0361577636,411029.85091044905,302.16022640755153,1434.4900754803407,1.026412421761527,224,1:21
4900000,9804.000001079838,-1600056.2882571379,408140.92240545416,300.0364894351372,1433.2882225759624,1.0272730977447335,224,1:17
4905000,9814.000001081875,-1602755.9021895984,406295.2448234493,298.67967713836936,1432.1390696642652,1.028097384922136,224,1:13
4910000,9824.000001083912,-1602372.9707064964,409129.4108947121,300.76315662257826,1434.6577385339338,1.0262924688025343,224,1:09
4915000,9834.00000108595,-1600270.5400960967,409068.1710092563,300.71813736761777,1431.9943112238666,1.0282013139481474,224,1:05
4920000,9844.000001087987,-1601952.2822505692,407253.5487802959,299.3841547813596,1432.8363612116507,1.0275970600868638,224,1:01
4925000,9854.000001090024,-1600516.5861015702,408145.4934622329,300.0398497544622,1434.3614496160114,1.0265044649386095,224,0:57
4930000,9864.000001092061,-1601044.3671719283,408572.7050889636,300.35390568390613,1432.1289453164027,1.0281046529936289,224,0:54
4935000,9874.000001094098,-1602891.0716339797,408621.73411451146,300.389948373816,1432.6742099949922,1.0277133643466638,224,0:50
4940000,9884.000001096136,-1603193.0624375269,408225.57977843116,300.09872357927327,1431.1839242179733,1.0287835179333698,224,0:46
4945000,9894.000001098173,-1598359.6071889773,410277.17729933135,301.60691372662933,1435.3338345663683,1.0258090465842569,224,0:42
4950000,9904.00000110021,-1601442.0712915212,409649.56457283325,301.1455370088195,1434.4401758896897,1.0264481273702692,224,0:38
4955000,9914.000001102248,-1603327.124280312,408953.66646236146,300.63396168125877,1435.0474757692855,1.0260137432577654,224,0:34
4960000,9924.000001104285,-1602392.7688586768,408373.88619769074,300.20774802390156,1431.686330755695,1.0284224978172962,224,0:30
4965000,9934.000001106322,-1600457.4002794,408169.1092530488,300.05721042226753,1434.3741501364118,1.02649537585896,224,0:27
4970000,9944.00000110836,-1603401.0116182426,408229.5706537941,300.1016573900429,1434.5585623150112,1.0263634201106502,224,0:23
4975000,9954.000001110397,-1602878.1464798525,408318.39350968326,300.1669537041334,1432.709401988163,1.0276881203707047,224,0:19
4980000,9964.000001112434,-1603639.5076710964,409254.3452825553,300.854999594161,1432.7191433007285,1.0276811329361841,224,0:15
4985000,9974.000001114471,-1603932.0021355283,407094.12981746404,299.2669611765734,1431.3013996161212,1.0286990795660143,224,0:11
4990000,9984.000001116508,-1603391.3297198238,407868.47647192754,299.83620635405225,1433.091023639402,1.027414454545586,224,0:07
4995000,9994.000001118546,-1603437.1238778885,409749.0885401177,301.2187000270797,1432.4917187982107,1.0278442891117754,224,0:03
5000000,10004.000001120583,-1604850.4690183178,405774.2641625685,298.2966888125896,1432.0272558071572,1.0281776596051944,224,0:00
