#"Step","Time (ps)","Potential Energy (kJ/mole)","Kinetic Energy (kJ/mole)","Temperature (K)","Box Volume (nm^3)","Density (g/mL)","Speed (ns/day)","Time Remaining"
5000,14.000000000001178,-803333.188053064,207583.67548107033,300.6662955716793,738.3974487616667,1.0184704235494764,0,--
10000,23.99999999999741,-806241.8725440684,206496.45873715717,299.0915598410477,733.2469566869433,1.0256243896136972,360,39:53
15000,33.99999999999542,-807657.1409302726,207008.0484740061,299.8325515913594,732.3777485601398,1.0268416317489926,364,39:26
20000,44.00000000000764,-807319.6231825314,207045.34694803593,299.8865750784714,732.528548752368,1.0266302435161117,365,39:15
25000,54.00000000001986,-805790.5795711963,207036.08136337218,299.8731547119099,730.8472498947707,1.028991984982399,368,38:59
30000,64.00000000003207,-806199.7900402811,207563.10269383976,300.63649773853143,731.0899930292106,1.0286503297250027,364,39:16
35000,74.00000000000877,-805194.8035388221,207184.80099888274,300.08856173649457,731.5470102525186,1.0280077040142046,365,39:07
40000,83.99999999998546,-807182.6169006955,207500.09400447825,300.5452353154375,729.9136409785212,1.0303081353295014,367,38:57
45000,93.99999999996216,-809264.3560430128,208442.03678074863,301.90955476168193,730.2811717590805,1.0297896090853125,368,38:48
50000,103.99999999993885,-806341.8095810418,207554.90417155274,300.6246229159112,730.792565561489,1.0290689832214377,368,38:44
55000,113.99999999991554,-807752.1686771438,207674.59579381495,300.7979854724472,731.6491504416962,1.0278641913738895,362,39:21
60000,123.99999999989224,-806049.2220000303,207806.60848332057,300.98919398742373,730.1942795563134,1.0299121527562576,363,39:13
65000,133.99999999991155,-806780.5829195962,207091.59716116812,299.953564355059,730.4534546655896,1.02954672550962,363,39:09
70000,143.9999999999593,-808396.2570753591,207778.26936221225,300.9481473177198,730.2446634046762,1.0298410930959383,363,39:07
75000,154.00000000000705,-809404.1764545981,207187.85991019392,300.0929922945829,728.0554413192966,1.0329377677960845,363,39:02
80000,164.0000000000548,-808661.4448398398,207664.04762968645,300.7827074048138,730.7260339209556,1.029162678593571,364,38:54
85000,174.00000000010255,-808093.8388501615,208757.20258162482,302.36604409602245,730.2145045008361,1.0298836270065985,365,38:50
90000,184.0000000001503,-807574.8970131935,206610.21337987806,299.25632321635504,730.1733521263093,1.0299416709719313,365,38:44
95000,194.00000000019804,-806102.6661648923,207207.85916686273,300.12195942026307,728.7566438051832,1.0319438852199163,365,38:39
100000,204.0000000002458,-810567.7687023827,207806.24456223703,300.9886668804447,730.5435151587083,1.0294198042737672,366,38:34
105000,214.00000000029354,-808609.9055017815,207337.07013868057,300.30910989899724,729.424669165925,1.0309988051926975,362,38:57
110000,224.0000000003413,-809449.4475150164,207512.26400435323,300.5628624663733,728.2907630791907,1.0326040099816214,362,38:53
115000,234.00000000038904,-808554.5555900815,207743.7970567479,300.8982172817487,729.056358831775,1.0315196531488928,363,38:47
120000,244.00000000043678,-806836.8125841254,205094.92773117774,297.0615681535023,731.680990802266,1.0278194620903882,363,38:42
125000,254.00000000048453,-809418.4430538253,207151.9307215467,300.04095209427135,727.9091268537195,1.0331453950010387,363,38:37
130000,264.0000000005323,-808545.073304777,206513.89895419285,299.11682042783485,729.3959628982745,1.0310393814080243,364,38:33
135000,274.00000000058003,-808142.9116419218,206696.49017490417,299.3812873990837,728.988090126008,1.0316162535085525,364,38:28
140000,284.0000000006278,-809883.623256722,206788.80692248524,299.5149999101956,726.906007917735,1.0345711195074567,365,38:23
145000,294.0000000006755,-811273.676142049,206964.45598306815,299.7694117864847,726.9978145236496,1.0344404719853297,365,38:18
150000,304.0000000007233,-807238.5565801966,207212.67360612552,300.1289327027962,732.9252234346435,1.0260746094450766,365,38:13
155000,314.000000000771,-807064.2905956744,206772.71928994975,299.4916984204819,729.7520397503725,1.030536293732591,363,38:24
160000,324.0000000008188,-809157.2653048672,207841.52126244982,301.0397620099071,727.9773210330071,1.0330486138235746,363,38:21
165000,334.0000000008665,-808120.7272051205,206135.9698917293,298.5694241504712,728.860743154551,1.0317964980982413,364,38:16
170000,344.00000000091427,-808430.9698849372,207198.10546132876,300.10783205449496,728.0205434958453,1.0329872818931505,364,38:12
175000,354.000000000962,-808638.1435473026,208317.49453938758,301.7291665193722,728.5021009749348,1.0323044523574028,364,38:08
180000,364.00000000100977,-809093.9997189916,207104.96848693668,299.9729315185722,728.0047509372472,1.0330096904174897,364,38:05
185000,374.0000000010575,-807077.247339454,205853.40982363874,298.1601612893508,728.1447498889554,1.0328110756863047,364,38:02
190000,384.00000000110526,-809024.8836652259,207083.7316185935,299.9421718236227,728.2062894606051,1.0327237944418102,365,37:58
195000,394.000000001153,-808400.8957176823,206993.22275354894,299.81107786786595,728.4390933834532,1.0323937433054169,365,37:55
200000,404.00000000120076,-809966.4127003308,208101.04828103894,301.4156635691175,727.684014332613,1.0334650034573982,365,37:51
205000,414.0000000012485,-807876.5246456838,206795.11561329634,299.5241374817879,727.3865540474555,1.0338876326535502,364,37:59
210000,424.00000000129626,-807210.7920841258,207040.79293351268,299.87997899776565,729.02515209198,1.0315638085052847,364,37:56
215000,434.000000001344,-808183.4654338779,207729.40680561046,300.87737429642334,729.5740396490648,1.0307877220383102,364,37:54
220000,444.00000000139175,-809100.8197591063,206940.65558872456,299.73493905454245,729.6390787450232,1.0306958389367615,364,37:50
225000,454.0000000014395,-808270.2372846878,208295.57899339392,301.697423820848,729.563061563679,1.0308032327956709,364,37:46
230000,464.00000000148725,-808681.4814303843,205941.88450314174,298.28830891019055,731.5021810320067,1.0280707042146773,364,37:43
235000,474.000000001535,-806909.8397327485,207923.6836634843,301.1587668627553,729.3140689371884,1.031155155808349,364,37:40
240000,484.00000000158275,-809833.2977320142,207358.60135669613,300.34029593298993,729.0439389347773,1.0315372259825164,364,37:37
245000,494.0000000016305,-808958.7262417888,208382.11187551153,301.8227589227106,727.9637462577057,1.0330678776988433,365,37:33
250000,504.00000000167825,-807660.964017313,208901.79612149688,302.57547484194305,729.7620048348367,1.0305222214992567,365,37:30
255000,514.0000000016692,-808578.1906455192,207002.44206071174,299.824431205627,728.1134638511376,1.0328554541629802,364,37:35
260000,524.0000000014327,-808875.4511782667,207726.77534228604,300.8735628583233,728.7489909115116,1.031954722088203,364,37:31
265000,534.0000000011962,-809521.5753258504,206685.56910874974,299.3654692163835,728.1950350109449,1.0327397554651607,364,37:28
270000,544.0000000009597,-807229.7452810463,206737.1295552497,299.44014988870146,731.0837837616745,1.0286590662956123,364,37:24
275000,554.0000000007233,-810384.6639042646,206798.56605085765,299.52913513045775,729.5080703685933,1.0308809359822044,364,37:20
280000,564.0000000004868,-808610.0039150133,207813.25665073982,300.9988232603695,729.7598490855027,1.0305252657166053,365,37:17
285000,574.0000000002503,-809761.9151039678,208543.5153793008,302.0565373904256,726.8924375654782,1.0345904339119008,365,37:14
290000,584.0000000000139,-809403.6858698949,207380.6578058105,300.3722427170196,727.6225063772954,1.0335523651301033,365,37:11
295000,593.9999999997774,-808395.9154200768,206998.7618520729,299.81910075420393,730.1607725987611,1.029959415255258,365,37:07
300000,603.9999999995409,-810604.9129230897,207486.46706420748,300.5254979172933,728.6999887183076,1.0320241169632578,365,37:04
305000,613.9999999993045,-809642.5880098073,206305.14069865487,298.81445285862617,727.8980393443998,1.0331611321078542,364,37:07
310000,623.999999999068,-808588.9523032908,207756.3411337157,300.9163862497301,728.5948500274503,1.0321730415193218,364,37:03
315000,633.9999999988315,-809226.2874537162,207808.6251233891,300.99211490930014,728.3954531579094,1.0324555969257443,365,37:00
320000,643.9999999985951,-809604.3589481972,207998.71850608464,301.267448087862,727.3310983135194,1.0339664619482265,365,36:57
325000,653.9999999983586,-808960.5415073214,206540.33532977605,299.15511114167117,729.0704284600785,1.031499746844178,365,36:53
330000,663.9999999981221,-811542.564722979,207344.30656334088,300.319591209682,727.2967265862444,1.0340153267539411,365,36:51
335000,673.9999999978857,-809853.8211429389,206302.3792675497,298.8104531738776,729.6337748304188,1.0307033313567966,365,36:49
340000,683.9999999976492,-808468.6368330354,207523.21091321926,300.5787180799184,728.6280818410422,1.0321259654005646,365,36:46
345000,693.9999999974127,-808790.1887306091,207173.407911368,300.0720598732809,729.8235306888133,1.030435346032718,365,36:43
350000,703.9999999971762,-807711.8883877532,206416.66066914948,298.9759795120741,728.8218077094933,1.031851619192914,365,36:40
355000,713.9999999969398,-808192.2175513925,207593.96478858253,300.681198708771,727.8521316242092,1.033226296541815,364,36:43
360000,723.9999999967033,-809182.2713986086,208578.8959957502,302.1077830332163,729.3538537827278,1.0310989082840665,364,36:40
365000,733.9999999964668,-810223.6614575558,206030.24505638445,298.41629122940026,729.3187797897049,1.0311484953191425,364,36:37
370000,743.9999999962304,-808323.4262945876,206661.73829480022,299.3309524243763,726.906794470783,1.0345700000447229,365,36:33
375000,753.9999999959939,-808490.7206473262,206863.75550966803,299.623556202083,726.865558726689,1.0346286921415722,365,36:30
380000,763.9999999957574,-809306.6136828032,208078.25258775687,301.3826460563568,728.0488671300451,1.0329470950935737,365,36:28
385000,773.999999995521,-807004.3314355514,206713.61839223714,299.4060960823451,729.5626686339651,1.0308037879682923,365,36:26
390000,783.9999999952845,-811023.8128908365,206030.72708875232,298.4169894099583,727.3067633132537,1.034001057493594,365,36:23
395000,793.999999995048,-809199.8034211877,208548.72642305825,302.064085118921,727.733706334868,1.0333944351370976,365,36:21
400000,803.9999999948116,-808438.0324501488,206626.01560370898,299.2792113172138,729.5121091736683,1.0308752287059255,365,36:18
405000,813.9999999945751,-807020.5890251673,207734.57357714983,300.8848579005902,730.6803285837616,1.0292270545257163,364,36:22
410000,823.9999999943386,-807351.5606515864,206539.42109296354,299.1537869518232,729.4597938529879,1.0309491609070223,364,36:19
415000,833.9999999941022,-807922.6789990948,208558.18675913388,302.0777875653978,727.3566799088495,1.0339300966925753,364,36:15
420000,843.9999999938657,-808428.1439041202,207457.6164529678,300.48371040010875,727.8150276477405,1.0332789703706553,364,36:12
425000,853.9999999936292,-806936.0075006713,207030.2124247509,299.8646540818382,731.0505609496593,1.0287058140154184,364,36:09
430000,863.9999999933927,-808285.6073790528,205967.0650278334,298.3247806368908,729.9381576725052,1.0302735300016423,365,36:06
435000,873.9999999931563,-809016.1344484808,208367.15416504678,301.8010940235549,728.6123561683911,1.0321482418208439,365,36:03
440000,883.9999999929198,-809353.1714665964,208460.45176126936,301.9362272057619,727.832137247926,1.033254680442857,365,36:00
445000,893.9999999926833,-809390.8575874544,205540.9982626564,297.70766122393553,729.623822177698,1.030717390974922,365,35:57
450000,903.9999999924469,-808313.8678587512,206680.72432038386,299.35845197590237,730.0872750820165,1.0300631007486951,365,35:54
455000,913.9999999922104,-808144.6091260719,208144.0967681826,301.4780154333931,731.0996031697554,1.0286368083467976,364,35:56
460000,923.9999999919739,-808696.073252623,207179.24449250163,300.0805136364402,730.3994376150986,1.0296228661452649,364,35:53
465000,933.9999999917375,-807707.2097526002,208555.63372902607,302.07408973076207,728.34409195632,1.032528403392676,364,35:50
470000,943.999999991501,-806370.1790575613,207648.27576932043,300.75986328270477,730.5423213104284,1.0294214865460007,365,35:47
475000,953.9999999912645,-808241.727330883,208004.93705176204,301.27645509233065,729.2059154241138,1.031308093476937,365,35:44
480000,963.9999999910281,-809014.7388598956,208189.43917572993,301.5436898351878,727.0610632106789,1.0343504836680157,365,35:41
485000,973.9999999907916,-807472.4738124022,207516.52805354726,300.5690385583629,730.2772924278581,1.0297950794662545,365,35:38
490000,983.9999999905551,-808312.239228263,207917.76725519146,301.15019747713103,729.0515192846098,1.0315265005223382,365,35:35
495000,993.9999999903187,-809260.9220419973,206347.2167938521,298.87539630056955,729.2283862692557,1.0312763141813164,365,35:32
500000,1003.9999999900822,-809405.5387640102,207276.71413133608,300.2216896473724,729.6819499588478,1.030635282167197,365,35:28
505000,1013.9999999898457,-808384.7485394012,208140.71254909318,301.47311369622787,729.5623066357707,1.030804299438124,365,35:30
510000,1023.9999999896093,-810283.7580028065,207879.5051736112,301.09477829109466,728.0997153721806,1.0328749572491336,365,35:27
515000,1033.9999999893728,-808180.5710537336,209083.37920947856,302.8384816235476,729.2842366230516,1.031197336542536,365,35:24
520000,1043.9999999891363,-812035.9925064673,207457.4780475678,300.4835099323272,726.1343028329156,1.0356706183059798,365,35:21
525000,1053.9999999888998,-807838.873213083,207724.26679344365,300.8699294508024,728.624359493203,1.032131238257294,365,35:18
530000,1063.9999999886634,-810678.3949308852,206937.6872259187,299.7306396478253,730.23938756635,1.0298485334986356,365,35:15
535000,1073.999999988427,-809683.7857597349,207050.54022475643,299.89409707301087,729.1377050066388,1.0314045717623395,365,35:12
540000,1083.9999999881904,-809519.2924744664,206889.8902377531,299.6614100066315,729.4712508415538,1.0309329689423152,365,35:09
545000,1093.999999987954,-809440.7966687302,207075.60239450386,299.9303973732126,729.1361083367732,1.0314068303428434,365,35:06
550000,1103.9999999877175,-807926.843659082,206988.4582748717,299.80417694875035,729.0140236015435,1.0315795554561058,365,35:04
555000,1113.999999987481,-808743.048439011,206535.9610406349,299.14877537702694,728.172449019571,1.0327717883321552,365,35:05
560000,1123.9999999872446,-808203.4157122592,207409.93547518953,300.4146487895336,728.2131617884953,1.0327140483716926,365,35:02
565000,1133.999999987008,-810026.6781840301,206573.03530658805,299.20247411889255,726.2513477911752,1.0355037063619827,365,34:59
570000,1143.9999999867716,-809038.3265294121,207452.2722115673,300.47596974679965,727.22041688064,1.0341238294903103,365,34:56
575000,1153.9999999865352,-810142.7687498974,206639.78746594297,299.2991586217955,730.1498563586363,1.0299748138535016,365,34:54
580000,1163.9999999862987,-808635.6022868226,208480.3733607035,301.9650818519177,728.3893842749429,1.0324641992644399,365,34:52
585000,1173.9999999860622,-807687.2535039783,207794.8993210405,300.97223431832236,728.0226675209309,1.032984268125863,365,34:50
590000,1183.9999999858258,-807746.8717185855,207054.67831507133,299.9000907248856,727.684834626086,1.0334638384687158,365,34:47
595000,1193.9999999855893,-808261.498993536,207299.64347466017,300.254900740206,727.1110825674331,1.034279328727468,365,34:44
600000,1203.9999999853528,-811234.856172421,207022.7145634255,299.8537941036429,729.6169152828123,1.0307271482277038,365,34:41
605000,1213.9999999851163,-808602.6453749454,207424.38446655017,300.4355768547925,728.5261460557731,1.03227038104213,365,34:42
610000,1223.9999999848799,-810148.0806027325,207039.42552571034,299.8779984304714,728.5844393490175,1.032187790148364,365,34:39
615000,1233.9999999846434,-809126.4096554853,207261.95760569756,300.2003161463543,729.8834614954683,1.0303507368796803,365,34:36
620000,1243.999999984407,-810455.3176978813,206472.12629744975,299.05631648921815,726.4860981116807,1.035169102812672,365,34:33
625000,1253.9999999841705,-808803.9823448486,206560.95017596302,299.18496989343697,728.8654412292724,1.0317898474096903,365,34:31
630000,1263.999999983934,-808135.2846851442,207442.41910132693,300.4616984022492,728.9741703679455,1.031635952215648,365,34:28
635000,1273.9999999836975,-810075.2162987348,207793.2988738786,300.96991621446233,727.742146864589,1.0333824495780903,365,34:26
640000,1283.999999983461,-808070.0394765334,207465.62275804146,300.4953068133726,727.2644250471385,1.034061252672167,365,34:23
645000,1293.9999999832246,-806978.4048449765,206609.67913853168,299.2555494157843,729.9880860903846,1.0302030631977093,365,34:21
650000,1303.9999999829881,-809986.8329109428,208629.04553295264,302.1804201302344,727.4346636149536,1.0338192555341517,365,34:18
655000,1313.9999999827517,-809134.152160034,207847.16995245515,301.0479436296554,728.9647218898458,1.0316493237676705,365,34:18
660000,1323.9999999825152,-809913.4991220264,207918.98326846812,301.1519587630627,727.1436258782842,1.0342330395591337,365,34:15
665000,1333.9999999822787,-807984.6332872421,207462.9566736371,300.49144522975007,729.7442584457174,1.0305472823998767,365,34:13
670000,1343.9999999820423,-808983.5728458203,206829.6327586592,299.57413246432156,730.3971876535672,1.0296260378604354,365,34:10
675000,1353.9999999818058,-809243.8632147158,207289.58643563907,300.24033402314654,727.2511217010999,1.034080168386779,365,34:07
680000,1363.9999999815693,-808511.2046239232,206950.6698879556,299.74944386685763,729.2632758419185,1.0312269756350176,365,34:04
685000,1373.9999999813328,-809653.3523969776,207007.767496958,299.83214462136044,726.3667460604244,1.0353391953402937,365,34:01
690000,1383.9999999810964,-808560.0948733776,207588.165260243,300.67279861325346,729.605797871587,1.0307428539932026,365,33:59
695000,1393.99999998086,-810140.582064461,207775.64313572872,300.94434346471303,727.0062252993777,1.0344285044855874,365,33:56
700000,1403.9999999806234,-809789.4782498567,207440.3889326339,300.4587578853762,728.9619452140668,1.031653253404476,365,33:53
705000,1413.999999980387,-809814.4920990183,207398.14893065672,300.3975770391946,730.7731483792397,1.0290963263443187,365,33:53
710000,1423.9999999801505,-809422.6233638255,206618.4822256366,299.2682998962029,728.3525832593197,1.032516365937561,365,33:51
715000,1433.999999979914,-809048.8795012948,207402.4859148373,300.4038587709565,729.3216704100082,1.0311444084273127,365,33:48
720000,1443.9999999796776,-812081.6994644431,207899.4866637041,301.1237196834865,726.5937082689026,1.0350157919476906,365,33:45
725000,1453.999999979441,-809065.426841089,208398.2056174773,301.846069261385,728.9966531075232,1.0316041358796553,365,33:42
730000,1463.9999999792046,-810578.6428656429,207686.34322768755,300.81500057451035,727.8271970908381,1.0332616937015722,365,33:40
735000,1473.9999999789682,-809890.7543648104,207332.46896039095,300.30244550581506,727.1865312888424,1.0341720178112521,365,33:37
740000,1483.9999999787317,-810879.3196612974,207687.9285022341,300.81729670220085,728.9756997522327,1.0316337878529456,365,33:34
745000,1493.9999999784952,-809309.851181238,206505.10547453543,299.10408386294046,730.2771740734642,1.029795246362848,365,33:32
750000,1503.9999999782588,-809558.8027339834,207250.3161674288,300.183454569396,729.0057615439957,1.0315912466801016,365,33:29
755000,1513.9999999780223,-809927.329547273,207755.462874836,300.9151141706839,729.1645192387653,1.0313666429810098,365,33:29
760000,1523.9999999777858,-808228.6797093065,207125.35439638802,300.00245867605406,729.4555418908593,1.0309551702613104,365,33:26
765000,1533.9999999775494,-809316.6546267373,207228.60319638078,300.15200528247243,727.5067635573996,1.0337167983302364,365,33:23
770000,1543.9999999773129,-809848.5662479228,206236.11274750246,298.71447207586084,729.3352857515217,1.0311251588674124,365,33:20
775000,1553.9999999770764,-810770.0483578248,207394.9308248032,300.3929159021206,728.2332676106448,1.0326855361271805,365,33:18
780000,1563.99999997684,-809789.9086788758,207562.67354954095,300.63587616158765,727.0813497208835,1.0343216239514925,365,33:15
785000,1573.9999999766035,-808895.6838562465,208293.76926258882,301.69480258844186,728.536776810213,1.0322553182295366,365,33:13
790000,1583.999999976367,-810445.9651939226,207009.06639578455,299.834025959561,727.6872521185711,1.033460405137905,366,33:10
795000,1593.9999999761305,-809807.0160819395,206926.29346584665,299.7141368104728,726.9809442734481,1.0344644771118996,366,33:07
800000,1603.999999975894,-808341.428286775,206609.2545358465,299.25493441695966,729.3669238895649,1.031080431201477,366,33:04
805000,1613.9999999756576,-809064.996177535,206827.45374911715,299.5709763648571,728.1886542213414,1.032748804899063,365,33:04
810000,1623.9999999754211,-809660.9106916394,206877.8438216634,299.6439618557005,729.4165120432009,1.0310103349341329,365,33:01
815000,1633.9999999751847,-809029.8421346163,207505.2746029236,300.55273894663486,728.0095943544312,1.0330028178475061,365,32:59
820000,1643.9999999749482,-810444.3554354901,206364.94127470494,298.9010686179452,726.6341422590477,1.0349581978767572,365,32:56
825000,1653.9999999747117,-809444.6986084455,206639.68823869486,299.2990149000455,727.1041167992745,1.034289237280932,366,32:53
830000,1663.9999999744753,-809783.3510479196,208677.90943554376,302.25119510107544,728.7098074649934,1.032010211313472,366,32:51
835000,1673.9999999742388,-809132.2401569434,206998.5518735783,299.8187966192281,729.0410217032463,1.0315413536417721,366,32:48
840000,1683.9999999740023,-810339.6543810721,209262.8759939638,303.0984665820619,727.4598850201181,1.0337834124933907,366,32:46
845000,1693.9999999737659,-809026.3714319174,208039.72083861788,301.3268362811002,729.4169314854043,1.0310097420643651,366,32:43
850000,1703.9999999735294,-810687.4210770978,207182.34881247947,300.08500996490073,727.9789541960666,1.033046296260924,366,32:40
855000,1713.999999973293,-809411.9353910843,208794.32745575148,302.4198161392786,728.6867023893216,1.0320429341200614,365,32:40
860000,1723.9999999730564,-810371.0560949175,207880.5867679093,301.0963448832179,731.5069689391491,1.0280639752192244,365,32:37
865000,1733.99999997282,-807976.3750375491,206324.68332572095,298.8427585973702,728.9681421388746,1.0316444833673926,365,32:35
870000,1743.9999999725835,-810531.2885627653,207629.12674156926,300.7321276371902,726.5876784657415,1.0350243813329483,366,32:32
875000,1753.999999972347,-809058.6182886651,208515.27817875426,302.0156383434944,730.3703676556684,1.029663846853509,366,32:29
880000,1763.9999999721106,-809754.6605656999,205800.18668556015,298.08307235772986,727.9005893909568,1.0331575126452155,366,32:27
885000,1773.999999971874,-810191.1726224236,206677.63100765384,299.3539715904509,729.0786337186627,1.0314881380522576,366,32:24
890000,1783.9999999716376,-809620.2416836582,207321.90326880873,300.2871420512404,725.8046720659562,1.0361409774995323,366,32:21
895000,1793.9999999714012,-810413.1355380951,207685.27518121462,300.8134536051941,726.8085863187803,1.034709793670905,366,32:19
900000,1803.9999999711647,-809007.2537425472,207285.94924979514,300.2350658863749,729.1360427592023,1.0314069231062655,366,32:16
905000,1813.9999999709282,-808396.200569618,206460.50174744218,299.03947937338825,730.468938529204,1.0295249020476744,366,32:15
910000,1823.9999999706918,-808237.9028442646,207201.4551384315,300.1126837606974,729.2451316878611,1.031252633318972,366,32:13
915000,1833.9999999704553,-810438.0707502263,208159.0473621444,301.499670024934,726.94804093056,1.0345112993570662,366,32:10
920000,1843.9999999702188,-811027.190945996,207956.73518972634,301.2066390277276,728.3079424885848,1.0325796528024744,366,32:08
925000,1853.9999999699824,-809448.8890318689,208420.81746307045,301.8788204872931,730.0730800187905,1.0300831286215781,366,32:05
930000,1863.9999999697459,-809140.9021808761,207032.55262465717,299.86804365105684,728.1206913339407,1.0328452018172882,366,32:02
935000,1873.9999999695094,-809091.1509484397,206693.1511928062,299.3764511836344,727.8116272510294,1.0332837979363068,366,32:00
940000,1883.999999969273,-808017.6723963968,206946.9416385472,299.7440438326979,729.3013313350334,1.0311731654342338,366,31:57
945000,1893.9999999690365,-810254.7723696264,206938.8368750306,299.73230481122926,727.9657336461155,1.0330650573639955,366,31:54
950000,1903.9999999688,-808718.6227746736,207408.58099761754,300.4126869505159,727.5939727117458,1.0335928974030753,366,31:52
955000,1913.9999999685635,-809729.9988151873,206699.92888529185,299.38626806199665,728.0945171053673,1.0328823315109723,365,31:52
960000,1923.999999968327,-811121.0317944656,207616.09924244275,300.7132584756637,726.1824871195754,1.0356018985959308,365,31:50
965000,1933.9999999680906,-809411.8037416786,206999.95812910487,299.8208334539591,727.5604541159084,1.033640514865504,365,31:47
970000,1943.9999999678541,-807878.6151909744,208302.8370583821,301.7079364756026,727.4403201886457,1.0338112165588007,366,31:45
975000,1953.9999999676177,-809498.0191327347,207593.157872527,300.680029963393,726.8507256864586,1.0346498060903813,366,31:42
980000,1963.9999999673812,-808868.5109334565,207574.8597499544,300.65352677754726,727.0296602529123,1.0343951608886714,366,31:40
985000,1973.9999999671447,-809488.1689853622,208177.09395954912,301.5258088991821,728.0393874119289,1.0329605449802965,366,31:37
990000,1983.9999999669083,-809915.0327321291,206498.27981869597,299.0941975139713,728.2805077228927,1.0326185507003758,366,31:34
995000,1993.9999999666718,-809050.5888321847,206423.09281860164,298.98529590241094,728.3311008902796,1.0325468203525732,366,31:32
1000000,2003.9999999664353,-811463.8555109915,206700.15931477584,299.38660181839236,728.595032067332,1.032172783630302,366,31:29
1005000,2013.9999999661989,-808557.7767426539,207615.34193494433,300.7121615838217,727.3910431330313,1.033881252027747,365,31:29
1010000,2023.9999999659624,-808578.3635674585,207298.18674010388,300.2527907911377,727.9302407864166,1.0331154281702712,365,31:26
1015000,2033.999999965726,-809577.9999441621,206483.7833499902,299.07320068204547,727.0565742058569,1.0343568699720165,366,31:23
1020000,2043.9999999654895,-810012.4535983992,207709.56208984568,300.84863100935206,729.1401352090826,1.0314011341214941,366,31:21
1025000,2053.999999965253,-811111.6470692311,205391.7198680527,297.49144488702774,725.7935494491848,1.036156856118215,366,31:18
1030000,2063.9999999650167,-810133.0788433966,206834.5882458753,299.58131004213715,725.4306377853324,1.0366752149923506,366,31:15
1035000,2073.9999999647803,-810465.1916457461,208468.77633686003,301.9482846052624,726.001684443045,1.0358598037759026,366,31:13
1040000,2083.999999964544,-810777.6025828449,206535.55808958822,299.14819173865453,727.0872205109749,1.0343132724291857,366,31:10
1045000,2093.9999999643073,-810433.6672565304,207649.8554051313,300.7621512431935,727.0162573317753,1.0344142304990496,366,31:08
1050000,2103.999999964071,-808047.7898798967,207064.63599305676,299.9145135264159,726.5954629996033,1.0350132923807671,366,31:05
1055000,2113.9999999638344,-811204.6280789333,207352.1016659071,300.33088171509746,725.8152225234697,1.0361259161436638,366,31:04
1060000,2123.999999963598,-809252.6496243998,208544.77448122215,302.0583610863861,727.8886003678098,1.0331745297400394,366,31:02
1065000,2133.9999999633615,-811497.0929137664,206742.1967863441,299.44748931748086,726.9245558990501,1.0345447217119248,366,30:59
1070000,2143.999999963125,-809634.0212014373,206435.33839309216,299.0030325163845,728.6375746837048,1.032112518647696,366,30:56
1075000,2153.9999999628885,-810297.2537686923,206677.3256841578,299.3535293568105,726.624600460148,1.0349717886125893,366,30:54
1080000,2163.999999962652,-809988.38942905,207248.25807986298,300.1804736145452,727.2461749847618,1.0340872021828167,366,30:51
1085000,2173.9999999624156,-811518.9721648037,207548.8588992742,300.6158668823864,726.542853134217,1.0350882389716674,366,30:49
1090000,2183.999999962179,-808723.9064489598,208324.32862998688,301.73906508533275,726.686658273075,1.0348834037703587,366,30:46
1095000,2193.9999999619426,-809608.6885355175,206373.15416943093,298.9129642577514,727.9501269106909,1.0330872055475464,366,30:44
1100000,2203.999999961706,-809698.1716531646,208404.79354370615,301.85561128038114,727.3727996489928,1.0339071831543005,366,30:41
1105000,2213.9999999614697,-809206.7319909469,207964.81033599484,301.2183351512745,726.5610111984722,1.0350623702580102,366,30:40
1110000,2223.9999999612332,-812267.3833378595,206918.66657703265,299.7030899475577,726.8356688875688,1.0346712394276796,366,30:38
1115000,2233.999999960997,-810758.4563387008,206639.08981236967,299.29814813330216,724.7918542027984,1.037588871932501,366,30:35
1120000,2243.9999999607603,-809424.3936918098,207012.81631257734,299.83945737697945,727.5540169263472,1.033649660220732,366,30:32
1125000,2253.999999960524,-811235.3709832141,208155.95553421046,301.49519179007626,726.6524715473693,1.0349320917972318,366,30:30
1130000,2263.9999999602874,-811115.203042882,208507.4321880756,302.0042741312221,728.5099247427548,1.0322933660151574,366,30:27
1135000,2273.999999960051,-809890.0621237876,207691.1638140246,300.821982760528,726.2922724910214,1.0354453583938472,366,30:25
1140000,2283.9999999598144,-809664.8044021721,207054.88092300104,299.9003841842607,727.1690274604726,1.0341969115688532,366,30:22
1145000,2293.999999959578,-810001.6225505201,208153.23713095294,301.4912544272975,726.7862817836411,1.0347415481515967,366,30:20
1150000,2303.9999999593415,-810559.9185716626,207257.24500556843,300.19349036865253,725.0472835423896,1.0372233362683578,366,30:17
1155000,2313.999999959105,-809293.7742798827,207839.00116884615,301.03611188083715,727.6087037957295,1.0335719713975213,366,30:16
1160000,2323.9999999588686,-808371.7341085174,205989.57297251152,298.35738137166254,727.7041443382661,1.0334364153882993,366,30:14
1165000,2333.999999958632,-809397.1488018255,206880.16511929996,299.6473240466805,728.3738317994232,1.0324862447766248,366,30:11
1170000,2343.9999999583956,-806825.1248177746,207097.18878593264,299.96166332093514,730.1761402404919,1.0299377382291013,366,30:09
1175000,2353.999999958159,-809658.2261020318,207296.9805593969,300.2510437467995,729.9849782649616,1.0302074491664157,366,30:06
1180000,2363.9999999579227,-812250.3438382163,206095.7096212338,298.5111107673955,727.3603005066973,1.0339249500753072,366,30:04
1185000,2373.999999957686,-810430.752918595,208146.6274326345,301.48168087338655,726.916348877164,1.034556401915825,366,30:02
1190000,2383.9999999574497,-811280.2379727131,206545.46272995026,299.1625377199545,726.0046913771695,1.0358555134975762,366,29:59
1195000,2393.9999999572133,-810122.9222335345,207843.9682202292,301.0433062083092,728.1161550602575,1.0328516365989853,366,29:57
1200000,2403.999999956977,-810214.1972549562,208718.84324993636,302.3104840519456,725.8418624045607,1.0360878882031013,366,29:54
1205000,2413.9999999567403,-809718.0408270722,207739.6700084526,300.89223962324684,727.6396047534777,1.0335280782894374,366,29:53
1210000,2423.999999956504,-809679.091775774,207834.0412759495,301.0289279217893,727.1076238457405,1.034284248610348,366,29:50
1215000,2433.9999999562674,-808792.6323513831,207670.0474716582,300.7913976366226,727.9262556953828,1.0331210840440597,366,29:48
1220000,2443.999999956031,-808367.3187966351,207936.3944771826,301.1771773339039,728.7525668023202,1.0319496584252073,366,29:45
1225000,2453.9999999557945,-810443.0685938601,206390.7742755028,298.93848539763843,729.0104552417577,1.0315846048308783,366,29:43
1230000,2463.999999955558,-810399.9812897961,207051.48858158552,299.8954706826361,726.8209903697242,1.0346921351371492,366,29:40
1235000,2473.9999999553215,-808192.7129895799,207139.7248339413,300.02327296318373,727.7782615336246,1.0333311698585297,366,29:37
1240000,2483.999999955085,-809775.3967186329,206757.37234058272,299.46946974376243,725.3346894580386,1.0368123478970233,366,29:35
1245000,2493.9999999548486,-809537.340448428,207776.91098485995,300.94617983022084,727.229089926354,1.0341114963708415,366,29:32
1250000,2503.999999954612,-808732.3928414644,206580.17172992122,299.21281058664346,729.9783237401267,1.030216840597411,366,29:30
1255000,2513.9999999543757,-809167.6724295439,206526.94343410706,299.13571418450607,729.1390089494092,1.0314027272683293,366,29:29
1260000,2523.999999954139,-809197.183589804,206716.0925944758,299.40967974189766,727.8957754287967,1.033164345465709,366,29:26
1265000,2533.9999999539027,-810662.1774361362,207351.6035725802,300.33016027168384,727.2973592931149,1.0340144272200806,366,29:24
1270000,2543.9999999536662,-810252.405175027,207475.41925676668,300.50949616123177,727.5254099205991,1.0336903043293337,366,29:21
1275000,2553.99999995343,-808647.0551000684,206620.52982325637,299.2712656573097,728.6015618357363,1.0321635332394392,366,29:18
1280000,2563.9999999531933,-810108.584208745,207901.4713142502,301.126594271415,727.9820714201999,1.033041872749725,366,29:16
1285000,2573.999999952957,-810573.0603711945,208735.0613156728,302.3339744624271,728.2391539624188,1.0326771889375186,366,29:13
1290000,2583.9999999527204,-808853.1097473013,207025.48117523658,299.85780129217824,728.382240361225,1.0324743255892563,366,29:11
1295000,2593.999999952484,-810608.1020600875,207691.57832731624,300.82258314577297,729.032566303297,1.0315533175719345,366,29:08
1300000,2603.9999999522474,-809449.6954692365,207414.95121424872,300.4219136367283,729.629445868751,1.03070944661878,366,29:06
1305000,2613.999999952011,-809947.4031699048,207295.18465019512,300.24844253374346,730.1403732211069,1.029988191271283,366,29:04
1310000,2623.9999999517745,-810788.7842450873,207674.26893145888,300.79751204170395,727.3152972194958,1.0339889251101382,366,29:02
1315000,2633.999999951538,-810292.3156812023,209190.23371539993,302.99325077090975,729.552179347539,1.030818608561647,366,28:59
1320000,2643.9999999513016,-810836.5321698142,206032.34197434402,298.4193284265862,726.690322299312,1.0348781858118592,366,28:57
1325000,2653.999999951065,-811340.0108495401,207215.8675413586,300.133558830899,726.6167611482792,1.0349829547004916,366,28:54
1330000,2663.9999999508286,-809621.4451917163,208181.21456070556,301.53177721958286,729.0005054950876,1.0315986843896847,366,28:52
1335000,2673.999999950592,-809473.6125971843,207922.40467220015,301.15691435884054,730.0611194370874,1.0301000044599056,366,28:49
1340000,2683.9999999503557,-810018.1841765638,207200.9752077151,300.1119886241925,726.8521235990618,1.0346478162083177,366,28:47
1345000,2693.999999950119,-809698.7002860229,208420.2157639586,301.8779489802125,728.6530436157699,1.0320906074259228,366,28:44
1350000,2703.9999999498827,-809351.8545670616,207862.67047414096,301.070394742075,729.9008948071208,1.0303261274763553,366,28:42
1355000,2713.9999999496463,-809992.9852162865,207177.38410008684,300.07781902524613,728.5983022329367,1.0321681509322507,366,28:40
1360000,2723.99999994941,-808582.2616032227,208082.63605279964,301.38899511146974,729.0501455617194,1.0315284441905126,366,28:38
1365000,2733.9999999491733,-809370.3806736898,207300.4266461209,300.25603509367266,728.240151739233,1.0326757740452563,366,28:35
1370000,2743.999999948937,-809496.7909304616,206287.5625097861,298.78899243204023,728.9436385026559,1.0316791623738237,366,28:33
1375000,2753.9999999487004,-808975.2449542079,207217.3025632712,300.1356373311545,728.0733422480076,1.0329123712539077,366,28:30
1380000,2763.999999948464,-810213.6212047292,207471.2166111471,300.5034090068006,726.1885877037864,1.0355931986842295,366,28:28
1385000,2773.9999999482275,-810871.6638287022,207010.84076814074,299.83659597843206,728.2881323277728,1.0326077399949813,366,28:25
1390000,2783.999999947991,-810057.192859211,208531.79421900358,302.0395603432749,727.955106097283,1.0330801392684321,366,28:23
1395000,2793.9999999477545,-809718.2288932712,206154.65528504783,298.5964882631832,728.0716412170914,1.0329147844997721,366,28:20
1400000,2803.999999947518,-810900.4340725387,207498.6177259173,300.5430970586351,726.7249474956928,1.0348288784906543,366,28:18
1405000,2813.9999999472816,-810268.1610106109,207403.9089463169,300.40591990414754,727.7892012460562,1.0333156374133858,366,28:16
1410000,2823.999999947045,-809623.4263920509,207669.9301926679,300.7912277685466,728.3994076111235,1.0324499917628198,366,28:14
1415000,2833.9999999468087,-809010.2711717095,208319.864552385,301.7325992701737,729.176286901683,1.0313499984806096,366,28:11
1420000,2843.999999946572,-809307.5984193613,206658.49846552452,299.3262598228779,729.8705042408939,1.030369028503634,366,28:09
1425000,2853.9999999463357,-809563.0846664561,208237.92312130833,301.61391447244785,728.0331265641423,1.0329694281045745,366,28:06
1430000,2863.9999999460993,-809314.8996732822,208026.16749927745,301.30720548728823,727.498696802892,1.0337282605358444,366,28:04
1435000,2873.999999945863,-809850.5891441898,206658.12494080642,299.3257188058974,728.3220491484975,1.0325596530647045,366,28:01
1440000,2883.9999999456263,-810996.694279958,205656.91031528293,297.8755494135755,728.0135072938638,1.0329972656463184,366,27:59
1445000,2893.99999994539,-811647.6383843743,208250.13321941075,301.6315997020619,727.971912976217,1.0330562882756666,366,27:56
1450000,2903.9999999451534,-809832.5514301793,207525.16313048103,300.58154569114987,728.0695712555521,1.0329177211612695,366,27:54
1455000,2913.999999944917,-809990.4526587301,207178.92074438982,300.08004471639987,727.3055307784226,1.034002809772746,366,27:52
1460000,2923.9999999446804,-809796.1747789192,206931.75636000495,299.7220493216366,729.6755242761346,1.03064435816755,366,27:50
1465000,2933.999999944444,-811478.9674450015,207150.59035176804,300.03901068912415,726.3482726555261,1.0353655273918492,366,27:47
1470000,2943.9999999442075,-810364.2448398932,207853.02883769295,301.0564296983048,728.5925304745462,1.0321763275535258,366,27:45
1475000,2953.999999943971,-809528.6036295807,206436.683755878,299.00498115345374,728.9214165132557,1.0317106142737011,366,27:43
1480000,2963.9999999437346,-810520.3145926977,207308.9841062788,300.26842980553624,729.5380979061619,1.0308385052769091,366,27:40
1485000,2973.999999943498,-809285.923727164,206755.69389220793,299.4670386621565,727.6260566602596,1.033547322150511,366,27:38
1490000,2983.9999999432616,-808242.0601482745,207028.74784206727,299.86253276546284,726.4700059023511,1.0351920330888824,366,27:35
1495000,2993.999999943025,-809516.5529525992,208024.48194539486,301.3047641139929,729.2097001841875,1.0313027407592004,366,27:33
1500000,3003.9999999427887,-809354.2063640882,207615.97800888866,300.71308287975745,728.9859773384318,1.0316192433959737,366,27:30
1505000,3013.999999942552,-809462.1293048118,207506.4991210086,300.5545125510169,729.0634484510871,1.0315096223598452,366,27:29
1510000,3023.9999999423158,-809761.021144723,207216.20196268105,300.1340432101255,730.1966505089072,1.0299088086257577,366,27:26
1515000,3033.9999999420793,-809199.1774207512,207193.10784288205,300.10059345337874,728.9295267329026,1.0316991352494786,366,27:24
1520000,3043.999999941843,-809765.7957115485,207099.4812819736,299.96498379539275,730.0640584853771,1.0300958575448216,366,27:21
1525000,3053.9999999416063,-809046.8724159175,207318.74762257864,300.2825713813168,729.5110746651706,1.030876690574321,366,27:19
1530000,3063.99999994137,-809173.1033465634,208871.42266245605,302.53148161659743,728.6416805079892,1.0321067027950532,366,27:16
1535000,3073.9999999411334,-808525.1311412812,208566.56511053085,302.08992285432015,728.1655235654993,1.0327816108427728,366,27:14
1540000,3083.999999940897,-808384.705090696,207374.96783133256,300.3640013004236,729.5092077894185,1.0308793286749458,366,27:11
1545000,3093.9999999406605,-811893.427182232,208426.825015528,301.8875218870476,727.0261509313589,1.034400153866198,366,27:09
1550000,3103.999999940424,-810581.6603212263,206769.12238775968,299.486488630962,726.840065605521,1.0346649806125312,366,27:06
1555000,3113.9999999401875,-810944.3459413261,206789.4976973377,299.5160004354802,727.5300917698291,1.0336836522578796,366,27:05
1560000,3123.999999939951,-810571.1549104596,207784.19535289134,300.95673058256926,728.3421613906239,1.0325311402435977,366,27:02
1565000,3133.9999999397146,-809046.0540436464,206476.96035895718,299.0633181928089,729.7669425936509,1.0305152487660656,366,27:00
1570000,3143.999999939478,-810521.4957065214,208022.0804475454,301.30128576021315,728.5792244828091,1.032195178118055,366,26:58
1575000,3153.9999999392417,-810473.9295715392,208152.6514743375,301.490406156331,726.5045430520792,1.035142821308191,366,26:55
1580000,3163.999999939005,-809682.9884995972,207531.54106251657,300.590783552432,725.3793253836546,1.036748548065378,366,26:53
1585000,3173.9999999387687,-810525.3820242784,207750.83999962505,300.9084183514614,726.2274664602043,1.0355377579613445,366,26:50
1590000,3183.9999999385323,-810066.4328145348,207812.73995582215,300.9980748742236,728.5701003719312,1.0322081046205946,366,26:48
1595000,3193.999999938296,-810014.5814693612,207758.4095397536,300.91938214996026,727.6434930573157,1.033522555432115,366,26:45
1600000,3203.9999999380593,-810958.3065663902,207939.70387232082,301.1819706953014,726.7557812163265,1.0347849742997723,366,26:43
1605000,3213.999999937823,-807914.7388658244,207346.91089779735,300.3233633540553,726.6251029440429,1.0349710728973553,366,26:41
1610000,3223.9999999375864,-810653.7547531733,208395.13701797478,301.8416246708223,729.1600831126569,1.0313729176970814,366,26:39
1615000,3233.99999993735,-810889.3245245568,206561.4615176869,299.18571052596275,728.134955483676,1.0328249683997037,366,26:36
1620000,3243.9999999371134,-809974.5314249,208113.85638800514,301.4342149608196,728.2938743829919,1.0325995986513956,366,26:34
1625000,3253.999999936877,-809767.3700572276,207830.89837517275,301.02437571250937,730.0167829967702,1.0301625659905884,366,26:31
1630000,3263.9999999366405,-810269.4733242202,206495.11752803408,299.0896172201856,729.0310445134287,1.0315554708511385,366,26:29
1635000,3273.999999936404,-809315.1633926653,207605.63210899214,300.69809777368386,728.1521607510556,1.032800564118984,366,26:27
1640000,3283.9999999361676,-809770.1785625275,206420.75287361583,298.98190670242167,730.339806482976,1.0297069332830855,366,26:24
1645000,3293.999999935931,-810363.1617738474,208096.10638049553,301.40850567037603,727.8091107611524,1.0332873706426375,366,26:22
1650000,3303.9999999356946,-807771.610445004,207657.6821553262,300.77348758735457,730.5481968543615,1.0294132072686089,366,26:19
1655000,3313.999999935458,-811023.802790672,206740.61785649252,299.44520237951065,727.3715070610509,1.0339090204766932,366,26:18
1660000,3323.9999999352217,-809814.9898289414,206303.43577410452,298.81198342865974,728.1768438703009,1.0327655551239914,366,26:15
1665000,3333.999999934985,-809448.8043027339,207500.36312154174,300.5456251073148,727.7785899743902,1.033330703524283,366,26:13
1670000,3343.9999999347488,-808933.2870398327,207350.0516971024,300.3279125195424,728.4059790591128,1.0324406773260668,366,26:10
1675000,3353.9999999345123,-809870.2987169023,207609.88971548426,300.7042645339988,729.4217621399349,1.03100291411908,366,26:08
1680000,3363.999999934276,-806839.0672568642,207784.07216365804,300.9565521540375,729.0758424592767,1.031492087094016,366,26:05
1685000,3373.9999999340394,-809200.8310762891,208426.62030198428,301.88722537787993,726.8686222703277,1.0346243314771397,366,26:03
1690000,3383.999999933803,-810161.6291164602,206716.95029625302,299.41092204582867,727.8513547110135,1.0332273994141787,366,26:00
1695000,3393.9999999335664,-808959.2911891947,207181.21411204623,300.08336645331406,728.7568224480405,1.031943632255692,366,25:58
1700000,3403.99999993333,-809848.2766144625,206886.61327570514,299.6566636216501,727.1606915631313,1.0342087672142224,366,25:56
1705000,3413.9999999330935,-810254.9226914193,208405.10181624888,301.8560577854506,728.3535218947347,1.0325150353248864,366,25:54
1710000,3423.999999932857,-808573.9987881975,206748.27237295551,299.45628925859205,726.163488689138,1.0356289927846882,366,25:52
1715000,3433.9999999326205,-808106.3598572244,206281.48079812134,298.78018361933977,728.638363738038,1.0321114009562653,366,25:49
1720000,3443.999999932384,-809492.5646654107,206993.47365392017,299.8114412745019,728.0106800940415,1.0330012772491226,366,25:47
1725000,3453.9999999321476,-808768.2286728634,207273.43807780155,300.216944578291,730.2078520609539,1.0298930095938923,366,25:44
1730000,3463.999999931911,-810579.6201985385,207805.01410091936,300.98688466782437,729.1434902733938,1.031396388255719,366,25:42
1735000,3473.9999999316747,-808716.5138296816,208135.92924134436,301.4661855048945,729.4396974484767,1.0309775640381387,366,25:39
1740000,3483.999999931438,-808675.3580405768,208521.76536126825,302.0250344442748,729.7965123259124,1.0304734945791345,366,25:37
1745000,3493.9999999312017,-809978.0339292753,207017.5748385396,299.84634967412245,728.3722808159889,1.0324884433351145,367,25:34
1750000,3503.9999999309653,-809777.9105241867,206998.9647752255,299.819394670151,727.3936716144335,1.0338775160347777,367,25:32
1755000,3513.999999930729,-811344.7389627676,207257.43890378854,300.1937712127961,728.2229763868111,1.0327001300061802,366,25:31
1760000,3523.9999999304923,-809416.9773750235,207383.36451364338,300.37616314002696,728.9336562519402,1.0316932905183658,366,25:28
1765000,3533.999999930256,-807676.65419742,207468.6247932547,300.49965499154536,729.6369497106597,1.0306988464418778,366,25:26
1770000,3543.9999999300194,-809933.5888545886,207275.63925072388,300.2201327794197,728.7937156564763,1.0318913929035942,366,25:23
1775000,3553.999999929783,-809962.2550618225,207660.25450705178,300.7772134076169,726.5860134358282,1.03502675317403,366,25:21
1780000,3563.9999999295464,-810406.6556862597,207037.0688120711,299.8745849425949,728.2376872788427,1.0326792687676327,366,25:18
1785000,3573.99999992931,-810402.96285014,209212.59879393113,303.02564457690903,727.3303457952569,1.0339675317216108,366,25:16
1790000,3583.9999999290735,-810587.3108896161,207637.76825171383,300.7446440879048,727.1687835213816,1.0341972585048882,366,25:14
1795000,3593.999999928837,-812608.115912043,206923.14709310062,299.70957957235737,726.9189477176841,1.03455270322685,366,25:11
1800000,3603.9999999286006,-810321.3238087036,207637.4159916243,300.74413387082757,728.757544320668,1.031942610061319,366,25:09
1805000,3613.999999928364,-808350.7348813144,208220.33581713866,301.5884408431678,730.2888767539259,1.02977874417434,366,25:07
1810000,3623.9999999281276,-809814.2011681809,207738.79182943422,300.8909676598726,727.2304562519073,1.0341095534750921,366,25:04
1815000,3633.999999927891,-812183.0526553309,207476.1455101267,300.51054807394553,726.839489480937,1.0346658007329845,366,25:02
1820000,3643.9999999276547,-809720.824071263,206637.03619259642,299.2951736496473,728.415885175796,1.03242663661385,366,24:59
1825000,3653.9999999274182,-809095.922746011,206906.6278633945,299.68565295293547,730.3171475775372,1.0297388810911146,366,24:57
1830000,3663.9999999271818,-810431.1573488759,205996.60403531528,298.36756523415676,729.7358245175323,1.0305591929591218,366,24:55
1835000,3673.9999999269453,-810651.464314946,206899.07836387836,299.67471818146237,726.0606326421108,1.0357757032653228,366,24:52
1840000,3683.999999926709,-810446.2913232124,207281.91058420856,300.22921624228246,727.6292944809023,1.0335427230491827,366,24:50
1845000,3693.9999999264724,-809440.4289256302,206779.8797383947,299.5020696864477,727.2110909329391,1.0341370913682855,366,24:47
1850000,3703.999999926236,-811785.2233278374,207614.20309618043,300.71051207823507,727.470880464645,1.0337677872519273,366,24:45
1855000,3713.9999999259994,-808252.9227753845,207970.94127605393,301.2272152668793,727.6379830958524,1.0335303816720642,366,24:43
1860000,3723.999999925763,-809748.4633228076,207681.21404317272,300.80757141177,729.298735533099,1.0311768357015292,366,24:41
1865000,3733.9999999255265,-809396.1719766171,208123.8210325014,301.4486478527146,727.9117301400573,1.0331417000842236,366,24:38
1870000,3743.99999992529,-812222.9630697053,207360.3402943883,300.3428146279351,727.3888080306267,1.033884428912581,366,24:36
1875000,3753.9999999250535,-810703.1491601542,207505.41088637515,300.5529363409648,726.0904674595507,1.0357331435838497,366,24:33
1880000,3763.999999924817,-812469.5755200861,207344.04581030464,300.3192135323464,724.4465942035856,1.0380833706795074,366,24:31
1885000,3773.9999999245806,-809743.0403694087,205786.6428584035,298.06345534146107,727.7241555416839,1.0334079976064101,366,24:29
1890000,3783.999999924344,-810880.9850768726,206903.76981572606,299.68151332777927,726.0470045031899,1.0357951451128717,366,24:26
1895000,3793.9999999241077,-808809.725817903,206529.96943707444,299.14009707781634,728.1941825137849,1.0327409644939194,366,24:24
1900000,3803.999999923871,-809503.5111777871,208549.77001694066,302.06559667085776,728.359609182424,1.0325064060489293,366,24:21
1905000,3813.9999999236347,-809604.8538785088,208434.90121213376,301.8992195319137,729.7836226035434,1.0304916952030487,366,24:19
1910000,3823.9999999233983,-810486.7698176159,207836.42083868195,301.03237450452366,729.0320576137684,1.0315540373487473,366,24:17
1915000,3833.999999923162,-809425.8312717411,207309.31573298585,300.2689101370136,726.00375280468,1.0358568526442191,366,24:15
1920000,3843.9999999229253,-810738.624417772,206399.13568835374,298.9505961525994,727.7163540537313,1.033419076263635,366,24:12
1925000,3853.999999922689,-809759.8127485095,208023.11516563955,301.3027844563684,729.8648513690025,1.0303770088086288,366,24:10
1930000,3863.9999999224524,-807804.3721642732,208050.5236850185,301.3424832331131,729.2773988600749,1.0312070051308955,366,24:07
1935000,3873.999999922216,-809846.8620244376,207619.98369205074,300.71888475177263,727.4033502514563,1.033863759533381,366,24:05
1940000,3883.9999999219795,-809776.0755354161,206486.43212839658,299.0770371994854,727.8480743118454,1.0332320561528872,366,24:03
1945000,3893.999999921743,-811768.618735808,206624.02475303283,299.2763277489542,727.175944969482,1.0341870734182614,366,24:00
1950000,3903.9999999215065,-811234.8840518566,208252.77529064313,301.6354265047632,727.1778874972347,1.0341843107694981,366,23:58
1955000,3913.99999992127,-809185.6007871027,208431.04070215535,301.89362793020643,730.3475252219164,1.0296960507391888,366,23:56
1960000,3923.9999999210336,-810950.0573982815,208548.86463300875,302.06428530361154,726.1243994273412,1.0356847435249956,366,23:53
1965000,3933.999999920797,-810261.818515196,206425.446375311,298.9887048177584,727.7368888339016,1.033389915953253,366,23:51
1970000,3943.9999999205606,-810215.6930700205,206272.88794353657,298.76773764183025,728.2437228088959,1.03267071014012,366,23:49
1975000,3953.999999920324,-809969.6845192295,207161.00038621528,300.0540886883299,727.6755697511414,1.0334769966859503,366,23:46
1980000,3963.9999999200877,-810721.1217682823,207372.99288672235,300.3611407706708,730.3148955101453,1.0297420564903437,366,23:44
1985000,3973.9999999198512,-812389.8724650852,207516.72272484217,300.5693205222358,726.3681261303593,1.0353372282378777,366,23:41
1990000,3983.9999999196148,-810302.3908439819,208273.65874994744,301.66567431848557,725.8789163771455,1.0360349989796527,366,23:39
1995000,3993.9999999193783,-811623.7835866362,208022.03602523674,301.30122141849193,725.8549338932172,1.0360692299141714,366,23:37
2000000,4003.999999919142,-809859.4294037316,208655.77621887458,302.21913712614275,728.621927440868,1.0321346833871938,366,23:34
2005000,4013.9999999189054,-810506.8706460232,207059.8710215111,299.9076118934246,729.5798599291711,1.030779498849045,366,23:32
2010000,4023.999999918669,-809985.0527522308,207484.59163559641,300.5227815275204,725.8920455997824,1.0360162601957748,366,23:30
2015000,4033.9999999184324,-809587.9051398081,206827.96468562516,299.57171641046415,726.7788729435472,1.0347520963870425,366,23:27
2020000,4043.999999918196,-810152.897275567,207775.03433594923,300.94346167295356,729.0798479303506,1.0314864202089287,366,23:25
2025000,4053.9999999179595,-810991.3190246173,208858.39187803675,302.51260769661957,726.4674362344268,1.035195694780557,366,23:23
2030000,4063.999999917723,-809069.285061982,206102.47449958036,298.52090908562906,728.8523693291246,1.0318083524656194,366,23:20
2035000,4073.9999999174865,-809805.8394645425,208272.47989087465,301.6639668470787,728.8143123676925,1.0318622310599457,366,23:18
2040000,4083.99999991725,-810233.8501221486,206687.4524252786,299.3681970310963,729.4246820420801,1.0309987869930108,366,23:15
2045000,4093.9999999170136,-809257.5399372457,208302.56298832898,301.70753950976496,729.9866433117955,1.0302050993375969,366,23:13
2050000,4103.999999918596,-810423.6682782648,206673.96146235568,299.3486565839184,726.4875357560088,1.0351670543191795,366,23:10
2055000,4113.999999920633,-810323.1734748716,207745.85867378602,300.90120334872296,728.7100715928967,1.0320098372515456,366,23:09
2060000,4123.99999992267,-810324.3928580252,207528.61149004867,300.5865403300327,728.6437122149126,1.0321038249299201,366,23:06
2065000,4133.9999999247075,-809781.8786739935,206942.7247184086,299.73793600290907,729.4666210718219,1.0309395120549365,366,23:04
2070000,4143.999999926745,-809258.8556613177,206872.36745845294,299.63602983582524,728.8745322016259,1.031776978290846,366,23:01
2075000,4153.999999928782,-809869.1919423565,207741.40433598077,300.89475164078385,729.3737053755374,1.0310708445418135,366,22:59
2080000,4163.999999930819,-810427.4910194632,206842.1121459857,299.5922077351721,728.9767085871115,1.031632360169269,366,22:57
2085000,4173.999999932857,-810072.6529456023,206752.23698419923,299.4620316416251,726.5272933793367,1.0351104070573327,366,22:54
2090000,4183.999999934894,-808245.060339971,209230.23794007397,303.0511932946274,729.0654060031046,1.0315068527403766,366,22:52
2095000,4193.999999936931,-810245.4035915928,207340.84973014196,300.31458429750586,729.1553141462051,1.0313796632871477,366,22:49
2100000,4203.999999938968,-810331.5862838537,206854.35589009436,299.609941698002,727.4631316544721,1.0337787987657727,366,22:47
2105000,4213.999999941006,-810077.6655122181,207983.73733377442,301.245749206332,727.2559111231925,1.0340733583405104,366,22:45
2110000,4223.999999943043,-810957.4020645171,207788.5613752405,300.9630543735083,724.6390226316892,1.0378077068730855,366,22:43
2115000,4233.99999994508,-810921.5553794834,207834.0518335532,301.0289432135293,727.8847805389888,1.033179951683115,366,22:40
2120000,4243.999999947117,-811033.9088281803,206195.4119858327,298.6555206809121,727.5635146147998,1.0336361668524627,366,22:38
2125000,4253.999999949155,-808911.1225137901,206844.28400565067,299.5953534786823,728.9189531519228,1.0317141009110329,366,22:35
2130000,4263.999999951192,-809321.2092044074,207529.53540561936,300.587878538692,731.4470874581197,1.0281481398764973,366,22:33
2135000,4273.999999953229,-810961.4645561855,207814.8510554929,301.0011326123435,727.1470885391282,1.0342281145607308,366,22:31
2140000,4283.9999999552665,-811324.401846766,207423.68308663595,300.4345609690293,727.0956537634552,1.0343012758989838,366,22:28
2145000,4293.999999957304,-811171.5105962195,207421.01208769725,300.4306922671455,727.4544938650399,1.0337910738477998,366,22:26
2150000,4303.999999959341,-810835.7402677052,208767.63330123384,302.38115205582585,725.9195319588804,1.0359770322735253,366,22:23
2155000,4313.999999961378,-810592.6596858706,206751.1216163828,299.4604161315962,725.3714068894047,1.0367598656984396,366,22:22
2160000,4323.999999963416,-810665.3659818186,208040.1493730812,301.3274569747522,725.7480343484099,1.03622183842818,366,22:19
2165000,4333.999999965453,-809862.6672311686,207135.82345155024,300.01762216146045,728.9528622221922,1.031666108142558,366,22:17
2170000,4343.99999996749,-810303.8128006794,208138.82797624,301.4703840618422,728.0864130776328,1.0328938280955957,366,22:14
2175000,4353.999999969527,-809611.368703926,208210.9159966511,301.5747970798787,727.7570741604529,1.0333612534865466,366,22:12
2180000,4363.999999971565,-810704.7887654193,207595.0801183044,300.6828141636233,728.118952387225,1.032847668533428,366,22:09
2185000,4373.999999973602,-810036.5196551215,208225.04112323676,301.5952560561212,728.5792904213431,1.0321950847014045,366,22:07
2190000,4383.999999975639,-810573.7602575058,207916.0464209942,301.147705003471,727.6399437377846,1.0335275968015771,366,22:05
2195000,4393.999999977676,-811120.9718937217,208039.36896822695,301.32632662846635,726.6168872513733,1.0349827750810041,366,22:02
2200000,4403.999999979714,-812045.1536891647,208382.12983405404,301.8227849340452,725.9077641323726,1.0359938266909212,366,22:00
2205000,4413.999999981751,-809752.5318981814,206016.0249831342,298.39569473144826,729.1345422343502,1.0314090456935676,366,21:58
2210000,4423.999999983788,-810724.6398010426,207166.4590257762,300.0619950370918,728.9986084644175,1.0316013688589287,366,21:55
2215000,4433.9999999858255,-809458.8365502022,207780.51565484918,300.9514008706996,728.5508791008008,1.0322353372441642,366,21:53
2220000,4443.999999987863,-810880.6481072837,206611.3014271434,299.25789915502133,727.2063075712902,1.0341438936356078,366,21:50
2225000,4453.9999999899,-810235.3608503714,206630.74817511276,299.2860660215118,728.0278122719689,1.0329769683403385,366,21:48
2230000,4463.999999991937,-810620.7837431566,206191.00444923027,298.64913676030864,727.3973178704716,1.033872333472177,366,21:46
2235000,4473.999999993975,-810705.317029607,207784.2236094561,300.9567715096635,727.4510542700925,1.0337959619052621,366,21:43
2240000,4483.999999996012,-810410.3470419752,207214.1820151788,300.13111749772867,728.2420473805909,1.032673085951492,367,21:41
2245000,4493.999999998049,-808982.7241405309,205711.36785950128,297.9544262715371,725.9938642280252,1.03587096178535,367,21:38
2250000,4504.000000000086,-809703.4831715506,207218.57807390403,300.1374847936587,729.1249672927373,1.031422590259773,367,21:36
2255000,4514.000000002124,-808405.9400624223,207498.88029812643,300.5434773708791,730.1365866267747,1.0299935329395662,366,21:34
2260000,4524.000000004161,-809842.3809465482,208183.6971976241,301.5353730960111,728.9878334254764,1.031616616774479,366,21:32
2265000,4534.000000006198,-810515.8981041536,206913.33851534402,299.69537272910696,729.3154310104577,1.0311532300176491,366,21:29
2270000,4544.0000000082355,-810566.6434173929,207327.66306288564,300.29548459524983,728.8373974645212,1.0318295479956563,366,21:27
2275000,4554.000000010273,-810128.8086968497,207700.51151488637,300.8355220650215,728.6506256017633,1.032094032400056,366,21:24
2280000,4564.00000001231,-809219.6753319413,206028.35660212394,298.4135559731449,729.7518887680582,1.0305365069458174,366,21:22
2285000,4574.000000014347,-810896.2379446565,207462.1748878567,300.4903128833169,727.2866129918488,1.034029705695375,367,21:20
2290000,4584.000000016385,-810685.5969457133,207624.37240751873,300.72524141165457,727.6403540530372,1.033527013996989,367,21:17
2295000,4594.000000018422,-809862.5504893935,207213.1874922174,300.1296770206103,728.6002023110083,1.0321654591953235,367,21:15
2300000,4604.000000020459,-808849.7271625022,207681.8766821677,300.8085311847939,727.389360550307,1.0338836435814704,367,21:12
2305000,4614.000000022496,-810017.852187126,207646.51026869417,300.7573061137371,728.3805743106146,1.032476687204243,366,21:11
2310000,4624.000000024534,-809916.7064826796,206551.67583078286,299.17153683805475,727.9154236764685,1.0331364577904583,366,21:08
2315000,4634.000000026571,-809469.8829295808,207400.79584659665,300.4014108590193,726.3893240787849,1.03530701437812,366,21:06
2320000,4644.000000028608,-810807.2326157908,207577.47528341727,300.65731514267475,726.7572454490572,1.034782889468781,366,21:03
2325000,4654.000000030645,-810821.9310943112,207858.16837880862,301.0638738616505,727.2458524928023,1.0340876607413727,366,21:01
2330000,4664.000000032683,-810975.3774131313,207500.91871556576,300.54642983531977,726.7956805151782,1.034728167144689,366,20:59
2335000,4674.00000003472,-810072.3130553407,207277.6912307,300.22310488797586,726.5155579563421,1.0351271272202252,366,20:56
2340000,4684.000000036757,-808976.6327711316,208336.38918979978,301.75653372217556,725.7653965597027,1.0361970492847596,366,20:54
2345000,4694.0000000387945,-810647.4158452726,207799.92060520564,300.9795071971046,726.9124333709046,1.0345619745431203,366,20:51
2350000,4704.000000040832,-810360.8918784051,206430.33035768525,298.9957788272377,726.7623146792699,1.0347756717683292,366,20:49
2355000,4714.000000042869,-811523.0661986442,206627.20583592012,299.28093526158926,727.5090970349771,1.0337134826947616,366,20:47
2360000,4724.000000044906,-810383.294255727,206974.57291951997,299.7840652595887,726.6518142778641,1.0349330279117375,366,20:45
2365000,4734.000000046944,-809393.1717200731,208112.2068425237,301.43182574245674,727.7619839180358,1.0333542820407138,366,20:43
2370000,4744.000000048981,-811287.0874860305,206993.96062454642,299.8121466076833,725.9112142451739,1.0359889028166327,366,20:40
2375000,4754.000000051018,-809671.2950250623,208509.67386047443,302.0075209922023,726.9253466944914,1.0345435962686402,366,20:38
2380000,4764.000000053055,-811080.9486015458,207463.56165076914,300.49232148474835,729.3114984865252,1.0311587901037897,366,20:35
2385000,4774.000000055093,-812636.7604724341,206335.82550254557,298.85889703900204,725.2106542133594,1.0369896774391514,366,20:33
2390000,4784.00000005713,-809528.2428987199,207369.07602488002,300.35546754835366,728.2032089108625,1.0327281632182457,366,20:30
2395000,4794.000000059167,-808705.7179494114,207377.35067081082,300.3674526292297,729.5653601010764,1.0307999851911251,366,20:28
2400000,4804.000000061204,-810532.5305947438,207366.24909618672,300.35137299623585,727.0072226853666,1.0344270853463209,366,20:26
2405000,4814.000000063242,-810164.6179650337,206306.67029059143,298.8166683350611,727.7432389522888,1.0333808988329896,366,20:24
2410000,4824.000000065279,-809989.1855307058,207366.94706232956,300.3523839374581,729.151465128107,1.0313851076964093,366,20:21
2415000,4834.000000067316,-809523.9613883155,205997.07675518692,298.3682499264011,729.2621691002327,1.03122854064405,366,20:19
2420000,4844.0000000693535,-810668.1693806951,207770.19991763128,300.9364594525548,726.1538959523859,1.0356426737913673,366,20:16
2425000,4854.000000071391,-808599.1176637467,206900.73531863617,299.677118131496,728.7570096394289,1.0319433671865967,366,20:14
2430000,4864.000000073428,-809918.574177661,206877.62796938745,299.6436492130803,729.7714403730218,1.030508897421013,366,20:12
2435000,4874.000000075465,-809958.6199998837,207765.1099483289,300.92908708952496,728.4760281203588,1.0323413995222035,366,20:09
2440000,4884.000000077503,-811081.1863531917,206957.5875699566,299.75946350745016,729.7189142460574,1.0305830748064793,366,20:07
2445000,4894.00000007954,-809515.0331804538,207738.2427283235,300.89017233626885,729.5308705762696,1.0308487176068375,366,20:04
2450000,4904.000000081577,-811089.1881282385,206598.67771159543,299.2396148377148,728.6516673218828,1.0320925568622004,366,20:02
2455000,4914.000000083614,-809238.8532011174,207273.53616579046,300.21708664992644,729.0536686505128,1.0315234594185296,366,20:00
2460000,4924.000000085652,-812599.3992491653,207399.38082027837,300.3993613205849,727.6667668101779,1.0334894991629135,366,19:58
2465000,4934.000000087689,-810770.6050063013,206751.3312683907,299.4607197936854,727.1259736544038,1.0342581473311294,366,19:55
2470000,4944.000000089726,-809731.2718491233,207239.58717767114,300.167914592092,728.1186514778764,1.0328480953780343,366,19:53
2475000,4954.0000000917635,-811759.1075976901,206233.13151208143,298.7101540243176,727.099869785923,1.0342952785971014,366,19:50
2480000,4964.000000093801,-810393.0788651183,209221.6756947087,303.03879165182104,726.6063912147445,1.0349977257024805,366,19:48
2485000,4974.000000095838,-812414.690745736,206513.03144531348,299.1155639191979,726.7520888868127,1.0347902316181337,366,19:46
2490000,4984.000000097875,-808519.4168179613,207903.0029180976,301.1288126619219,728.8123711172036,1.031864979508161,366,19:43
2495000,4994.0000000999125,-809545.6699036998,206597.11461571738,299.237350833832,727.9151356776935,1.0331368665496936,366,19:41
2500000,5004.00000010195,-810696.0406331592,207505.85025686194,300.5535727296227,727.3382998525846,1.0339562244151979,366,19:39
2505000,5014.000000103987,-809780.2963050916,207507.8253509063,300.55643347581747,727.2334383133278,1.034105313050984,366,19:37
2510000,5024.000000106024,-811953.2809265316,206129.0694927384,298.55942954276543,725.5188480048112,1.0365491736793038,366,19:34
2515000,5034.000000108062,-809324.3926713993,207765.82590973756,300.9301240952722,727.554273055767,1.0336492963329813,366,19:32
2520000,5044.000000110099,-810825.0180982063,204900.2456162017,296.7795886086838,727.419524198707,1.0338407718937113,366,19:29
2525000,5054.000000112136,-809827.281348506,207515.56963755994,300.5676503789511,727.6066005796976,1.0335749590355372,366,19:27
2530000,5064.000000114173,-811503.6735787699,206533.48219723674,299.14518499517203,726.5980250406765,1.035009642843506,366,19:24
2535000,5074.000000116211,-812426.9712443422,207715.874123552,300.8577734228275,725.8274026044941,1.0361085289555187,366,19:22
2540000,5084.000000118248,-812074.6890454753,207285.80914100018,300.23486295137883,726.1940304130336,1.0355854370772173,366,19:20
2545000,5094.000000120285,-811395.6020555869,207425.50461093878,300.4371992832568,725.2653335813709,1.0369114964789268,366,19:17
2550000,5104.0000001223225,-811612.3043530928,207337.75886627368,300.31010745901057,725.7284973572712,1.0362497340626342,366,19:15
2555000,5114.00000012436,-811452.7726580156,206531.70995257254,299.1426180580716,726.684347508403,1.0348866945692006,366,19:13
2560000,5124.000000126397,-811862.2548246789,206824.60738930778,299.5668536685142,725.1349253408115,1.0370979746075426,366,19:10
2565000,5134.000000128434,-811676.8695828407,206591.3800372783,299.22904481240744,726.2273765021749,1.0355378862337548,366,19:08
2570000,5144.000000130472,-811068.0299629467,207590.45919102727,300.6761211658078,725.5205535460241,1.036546736977371,366,19:06
2575000,5154.000000132509,-810931.2092811461,208045.0672760255,301.3345801151283,728.2442808967976,1.0326699187559034,366,19:03
2580000,5164.000000134546,-811077.3344810824,206541.5367210633,299.1568512489654,724.9378088346576,1.0373799700101864,366,19:01
2585000,5174.000000136583,-809192.501261286,206776.1460076058,299.49666171300106,726.8103128207842,1.03470733576889,366,18:58
2590000,5184.000000138621,-809949.3465782171,207294.22772778082,300.24705651763793,726.4005485704507,1.0352910165997904,366,18:56
2595000,5194.000000140658,-811638.1148695354,207525.22914054978,300.5816413008012,724.9396474411819,1.0373773389862277,366,18:54
2600000,5204.000000142695,-811196.9012124301,207128.59415936616,300.0071511815264,727.2763939610389,1.0340442349465762,366,18:51
2605000,5214.000000144732,-811780.5463174623,206221.39781783283,298.69315882286486,727.1829082144114,1.0341771704106224,366,18:49
2610000,5224.00000014677,-810275.8595698462,207264.12000135827,300.2034481821049,727.574223401094,1.0336209532997271,366,18:47
2615000,5234.000000148807,-810808.6177105648,207808.98217003932,300.99263205928037,726.1168725687363,1.0356954793347781,366,18:44
2620000,5244.000000150844,-811794.0350549822,207385.15785553592,300.3787606345664,727.2925993095597,1.0340211946362128,366,18:42
2625000,5254.0000001528815,-812019.3458860829,206577.17078331843,299.2084639852251,726.8726971953955,1.0346185312639242,366,18:40
2630000,5264.000000154919,-811407.965235624,206012.98876823252,298.3912970470691,726.3191086175908,1.0354071006330865,366,18:37
2635000,5274.000000156956,-809405.2106823502,207408.41510077752,300.4124466638545,725.8496425941531,1.0360767826521282,366,18:35
2640000,5284.000000158993,-810975.5969604813,208933.99580759785,302.6221131930374,725.9489757235879,1.0359350140807864,366,18:32
2645000,5294.000000161031,-810978.6239073672,207430.98051431437,300.4451306371026,726.8915028844722,1.0345917642507805,366,18:30
2650000,5304.000000163068,-812046.2193621448,207992.5542328924,301.25851969221003,726.0385388652574,1.0358072225250219,366,18:28
2655000,5314.000000165105,-812192.9803427542,206056.97565890866,298.4550081045145,724.7184787091747,1.0376939245810717,366,18:26
2660000,5324.000000167142,-809375.8664186387,207399.53036507702,300.3995779227841,726.9447544696263,1.0345159763025285,366,18:23
2665000,5334.00000016918,-810544.0912197148,206568.60236088184,299.1960533954861,726.3147075182337,1.0354133746758363,366,18:21
2670000,5344.000000171217,-809595.6522687539,208065.30490798788,301.3638925059951,726.4706016864488,1.0351911841199772,366,18:18
2675000,5354.000000173254,-811762.3179767621,206786.985793335,299.51236216831114,725.1203105874349,1.0371188772507385,366,18:16
2680000,5364.0000001752915,-808996.4829251142,207395.0978445182,300.39315781516547,725.9652168791844,1.03591183833991,366,18:14
2685000,5374.000000177329,-809576.402395986,206661.1316587393,299.33007376656866,727.9167418887423,1.0331345868441248,366,18:11
2690000,5384.000000179366,-808908.9133970933,206891.17615047295,299.6632725356238,726.7581143734717,1.0347816522646842,366,18:09
2695000,5394.000000181403,-812348.8097061459,208048.9812475669,301.3402491511042,724.8116305938748,1.0375605614550722,366,18:06
2700000,5404.0000001834405,-811487.4684062051,207930.7291260985,301.1689715820806,725.7826966500633,1.036172350015038,366,18:04
2705000,5414.000000185478,-811633.4117320813,207232.0077026627,300.15693640381255,726.9279017558895,1.0345399599762364,366,18:02
2710000,5424.000000187515,-810093.2378840274,207644.60336907025,300.7545441410308,727.5156891699202,1.0337041160530906,366,18:00
2715000,5434.000000189552,-809571.1301849666,208366.90273718335,301.800729852894,726.6590561342356,1.0349227138087493,366,17:57
2720000,5444.00000019159,-811507.4755529212,207718.52313276925,300.86161027457626,727.3618169955292,1.0339227944278657,366,17:55
2725000,5454.000000193627,-811240.5311109601,207549.52421334758,300.6168305300209,727.3541441728619,1.0339337012279668,366,17:52
2730000,5464.000000195664,-811464.4303748715,207283.64368647596,300.23172648513935,725.5225598824285,1.03654387054486,366,17:50
2735000,5474.000000197701,-811177.343344057,206045.89727509214,298.438962061321,725.5286897451122,1.036535112970305,366,17:48
2740000,5484.000000199739,-809522.0786137865,208027.82230002002,301.30960231742444,727.6816252612465,1.0334683964545035,366,17:45
2745000,5494.000000201776,-811078.7133703167,206740.11913423313,299.4444800251449,725.1084954820737,1.0371357763339561,367,17:43
2750000,5504.000000203813,-809735.9202010087,207219.91970004028,300.13942801852687,727.4786416527498,1.0337567583834573,367,17:40
2755000,5514.0000002058505,-810021.7058580611,205338.24354877346,297.41398924519444,725.7462410453908,1.0362243989095803,366,17:38
2760000,5524.000000207888,-812610.7435081284,206256.19730463173,298.7435627515908,726.2953155864777,1.0354410199945794,366,17:36
2765000,5534.000000209925,-808772.6680407007,208054.70453978243,301.3485388254485,726.2434264681506,1.0355150008660736,366,17:33
2770000,5544.000000211962,-811197.047660361,207180.2026795457,300.08190148424825,728.3232575229066,1.032557939926139,366,17:31
2775000,5554.000000214,-810066.2800559332,207229.38775105635,300.1531416394014,727.8058652800789,1.0332919783474732,366,17:29
2780000,5564.000000216037,-810558.6617546137,207777.98279775184,300.94773225485636,727.2437878762662,1.0340905964756062,366,17:26
2785000,5574.000000218074,-810419.7535042833,207047.69043249183,299.8899694050651,727.5150064699524,1.0337050860808707,366,17:24
2790000,5584.000000220111,-810117.3406165587,207207.30716581733,300.12115989636465,727.8707228145258,1.033199905994542,366,17:22
2795000,5594.000000222149,-810197.015936878,207166.15963246042,300.0615613927844,727.0969690503836,1.0342994048927685,367,17:19
2800000,5604.000000224186,-809596.6074344907,206943.72574414802,299.7393858987168,725.6148298282483,1.03641206253482,367,17:17
2805000,5614.000000226223,-810408.612296253,207196.9993188518,300.10622990654116,725.6475508884931,1.036365328412318,366,17:15
2810000,5624.00000022826,-811505.83914966,208099.47218802007,301.4133807400445,726.0452703813406,1.0357976190563924,366,17:12
2815000,5634.000000230298,-811449.1823574388,208006.9729845834,301.2794039580255,727.4065188275756,1.033859256032334,366,17:10
2820000,5644.000000232335,-811148.0070205824,206084.1785393156,298.4944090316918,727.8113379046747,1.0332842087253187,366,17:07
2825000,5654.000000234372,-811447.6411366914,207483.64224413765,300.5214064193271,726.579194601057,1.0350364667420293,366,17:05
2830000,5664.0000002364095,-811486.6297903075,207256.87153394567,300.19294942857596,726.0504730329445,1.0357901968531928,366,17:03
2835000,5674.000000238447,-808719.4881031234,207810.21749715903,300.9944213195777,728.020650183518,1.0329871305141902,367,17:00
2840000,5684.000000240484,-810672.4546604347,206422.08767217566,298.9838400381591,729.132575461975,1.031411827830708,367,16:58
2845000,5694.000000242521,-812016.8664128943,207695.0155238774,300.82756161604436,727.3133645698387,1.0339916726718348,367,16:55
2850000,5704.000000244559,-809967.3921848354,207767.83827713307,300.9330388285658,726.4168968184231,1.0352677170395281,367,16:53
2855000,5714.000000246596,-809390.7907227115,206925.5033401146,299.7129923843692,726.2463786606523,1.0355107914962087,366,16:51
2860000,5724.000000248633,-809771.3953321837,206999.6645464488,299.82040822587004,726.4600882762663,1.0352061655204858,366,16:49
2865000,5734.00000025067,-810435.2668779544,207331.25161123055,300.3006822849759,725.9965399731216,1.0358671439618568,366,16:46
2870000,5744.000000252708,-810753.8277370278,206434.5183587829,299.00184477039517,729.2177332080024,1.0312913799829881,367,16:44
2875000,5754.000000254745,-809656.8506782949,207352.72152973549,300.3317795321373,727.2715008590147,1.0340511920237243,367,16:41
2880000,5764.000000256782,-809431.9932633033,207425.96252092143,300.4378625247081,726.2252416864006,1.0355409303067054,367,16:39
2885000,5774.0000002588195,-810220.8231861419,207771.6776025607,300.93859974635546,727.2929388375856,1.0340207119157625,367,16:37
2890000,5784.000000260857,-810424.2773800427,207222.02950464573,300.1424838808611,725.6398351958719,1.0363763480338017,367,16:34
2895000,5794.000000262894,-810858.1141000711,206319.99948811458,298.8359744795975,725.1306873661828,1.0371040358527506,367,16:32
2900000,5804.000000264931,-812400.9097323925,206410.42480714287,298.96694742645906,728.4743186801857,1.0323438220178436,367,16:29
2905000,5814.0000002669685,-812151.1419615103,207838.94553444296,301.03603129940484,724.5799017384476,1.0378923850686803,367,16:27
2910000,5824.000000269006,-809560.3292089836,207577.32873307398,300.65710287767496,726.599696359064,1.0350072621232056,367,16:25
2915000,5834.000000271043,-808218.5139389997,208159.6013452542,301.50047241967457,726.8163968096625,1.0346986745059485,367,16:22
2920000,5844.00000027308,-810747.044098726,207995.72317399498,301.2631096185613,726.4340595701757,1.0352432577750004,367,16:20
2925000,5854.000000275118,-810528.4997260198,207713.04094457655,300.8536698177378,726.0925804675721,1.0357301294882655,367,16:18
2930000,5864.000000277155,-811026.9047100698,207871.22863591992,301.0827904701736,726.8925174255866,1.0345903202465345,367,16:15
2935000,5874.000000279192,-810339.1159169101,205852.08102599235,298.1582366453971,728.6337721725047,1.032117904919321,367,16:13
2940000,5884.000000281229,-809514.6904702331,207889.84483779117,301.1097543652934,727.6606020673743,1.0334982548890508,367,16:10
2945000,5894.000000283267,-811507.0339135095,206722.06153082172,299.4183252096854,725.9253214147101,1.0359687700692846,367,16:08
2950000,5904.000000285304,-810382.6096071862,207199.4907169222,300.1098384727104,725.8944890410809,1.0360127728502249,367,16:06
2955000,5914.000000287341,-810810.5321370261,208004.16958476044,301.2753434853615,726.0755030515322,1.0357544900323852,367,16:04
2960000,5924.0000002893785,-810745.8596469653,207055.37228208355,299.9010958737266,727.4754489976915,1.0337612952083746,367,16:01
2965000,5934.000000291416,-811586.0054707848,207109.43279539206,299.97939766810185,726.1473993172493,1.0356519393930756,367,15:59
2970000,5944.000000293453,-810760.3086343054,206806.6204376522,299.5408011857726,727.4006534784722,1.0338675924909715,367,15:56
2975000,5954.00000029549,-809131.4316024161,206733.15147201074,299.4343879926941,727.2382668907603,1.0340984469964807,367,15:54
2980000,5964.000000297528,-810073.591724812,207659.41044799908,300.77599086394605,725.72214527195,1.0362588041272143,367,15:52
2985000,5974.000000299565,-813163.8637797954,207053.9317907804,299.89900945155046,726.955475305813,1.0345007196923355,367,15:49
2990000,5984.000000301602,-810854.9956535306,207050.97196486138,299.8947224097465,728.2619040155708,1.0326449293056366,367,15:47
2995000,5994.000000303639,-811107.2807266698,207154.48999024866,300.0446589649499,726.0157827637369,1.0358396886708978,367,15:44
3000000,6004.000000305677,-811149.8185385326,207882.88984793046,301.0996806876195,726.3135717944399,1.0354149937335706,367,15:42
3005000,6014.000000307714,-809185.0642931769,208879.90580914245,302.54376869207715,727.45990485998,1.0337833842992317,367,15:40
3010000,6024.000000309751,-812140.5350197842,206943.774144463,299.7394560022227,728.0795948168703,1.032903500855978,367,15:37
3015000,6034.000000311788,-810109.2503164476,207892.4779292075,301.1135681615383,725.8850526796316,1.036026240810413,367,15:35
3020000,6044.000000313826,-810639.6207060856,207973.92093358265,301.23153103298733,727.1190591404303,1.0342679825738206,367,15:33
3025000,6054.000000315863,-811395.9650054937,208851.02303219624,302.5019345857578,726.6638442811436,1.034915894476769,367,15:30
3030000,6064.0000003179,-810915.5132355373,207149.44229863145,300.03734783734694,725.6804083418659,1.0363184037261006,367,15:28
3035000,6074.0000003199375,-811436.8447833057,207228.41249345266,300.15172906642215,727.9957813263936,1.0330224180941723,367,15:26
3040000,6084.000000321975,-810226.9878926682,207342.3023209141,300.3166882446753,725.4557933343958,1.0366392677513563,367,15:23
3045000,6094.000000324012,-810947.8337438377,207683.21064048604,300.81046330351705,728.0899660773226,1.0328887876862758,367,15:21
3050000,6104.000000326049,-811224.1860812455,208122.1998703065,301.4462997449911,726.0657125170811,1.03576845652308,367,15:18
3055000,6114.000000328087,-811754.8953289017,207432.74286312834,300.44768324095344,726.4667816245276,1.0351966275821198,367,15:16
3060000,6124.000000330124,-810853.21589154,206980.29563364602,299.7923540966223,729.5942211255052,1.0307592091779765,367,15:14
3065000,6134.000000332161,-812192.3206001665,207440.61245126236,300.45908163201887,726.2622033924106,1.0354882284598401,367,15:11
3070000,6144.000000334198,-811451.2192144645,208679.5260867798,302.25353667508045,725.3649478104876,1.0367690976220538,367,15:09
3075000,6154.000000336236,-811184.9684209395,207636.3144990725,300.74253845787234,728.4634336725113,1.0323592477343664,367,15:07
3080000,6164.000000338273,-810697.0176937291,206514.9393698241,299.1183273763604,727.8817005773992,1.0331843234849667,367,15:04
3085000,6174.00000034031,-809457.2271629274,206323.25770232428,298.8406937100203,728.4440781291526,1.0323866786309601,367,15:02
3090000,6184.000000342347,-811550.5734084328,208493.95087853874,301.9847476661062,729.9514422184333,1.030254779828362,367,15:00
3095000,6194.000000344385,-810587.056623328,205860.62410712437,298.1706105305342,726.939155795874,1.0345239438434113,367,14:57
3100000,6204.000000346422,-811745.216088621,207618.20243321554,300.71630475845575,728.0796505342606,1.0329034218114843,367,14:55
3105000,6214.000000348459,-809578.3443909115,206028.74066701523,298.41411225661886,727.4358922342541,1.033817509441741,367,14:53
3110000,6224.0000003504965,-809512.0970396744,207634.41326657188,300.7397846934848,727.620412702269,1.0335553391021601,367,14:50
3115000,6234.000000352534,-810247.0749774836,208478.76757478475,301.9627560153482,728.2314157590014,1.032688162188575,367,14:48
3120000,6244.000000354571,-809741.6700327359,206608.43355176467,299.2537452953101,728.7620626523326,1.0319362120073996,367,14:46
3125000,6254.000000356608,-811187.311940344,206601.9827817676,299.2444019347876,726.6704017968674,1.0349065553358956,367,14:43
3130000,6264.000000358646,-810875.6892772648,207271.73340761487,300.2144755167475,726.5213871400261,1.0351188219641545,367,14:41
3135000,6274.000000360683,-809574.663298056,208451.97589421883,301.9239506741805,728.3138803783382,1.0325712342561508,367,14:38
3140000,6284.00000036272,-811564.8934045299,207275.5473559805,300.2199996781438,727.2226453441373,1.0341206605746827,367,14:36
3145000,6294.000000364757,-809837.2592697786,207425.82398485797,300.4376618676723,728.3179418005926,1.0325654761832692,367,14:34
3150000,6304.000000366795,-811140.3973939866,207315.84535685123,300.2783677102767,726.5312364671198,1.0351047892242713,367,14:31
3155000,6314.000000368832,-810054.4733404713,206750.29046854225,299.4592122886558,727.0662894075163,1.0343430486936462,367,14:29
3160000,6324.000000370869,-809273.0130527173,208381.72414464646,301.8221973294032,727.2713700530542,1.0340513780066534,367,14:27
3165000,6334.0000003729065,-809615.4518286963,206906.83429494768,299.68595195048545,728.2679354735897,1.0326363770211873,367,14:24
3170000,6344.000000374944,-812336.2252480057,205911.136132974,298.24377265977597,726.1992745757153,1.0355779587187377,367,14:22
3175000,6354.000000376981,-810241.6542804465,207429.55531060247,300.4430663576283,727.4233071342449,1.03383539544652,367,14:20
3180000,6364.000000379018,-810285.3957342599,207479.2184299114,300.5149989220486,727.2847446541675,1.034032362036893,367,14:17
3185000,6374.0000003810555,-810791.6025082194,207111.90239734744,299.98297466455756,727.5493666332587,1.033656267021715,367,14:15
3190000,6384.000000383093,-810136.6844522371,207758.60138253373,300.91966001698376,727.6950436445727,1.0334493397421893,367,14:12
3195000,6394.00000038513,-811633.2853424815,206147.83879387757,298.58661518841365,728.8429576011652,1.0318216764600665,367,14:10
3200000,6404.000000387167,-810754.823749878,207696.2703573503,300.8293791295409,727.2514230673172,1.034079739873587,367,14:08
3205000,6414.000000389205,-809856.595214671,206295.8954172455,298.8010618995037,726.8234415370509,1.0346886457016,367,14:06
3210000,6424.000000391242,-809557.0243850392,206069.54218740147,298.4732095915119,729.7919843754354,1.0304798880899584,367,14:03
3215000,6434.000000393279,-810179.0220306949,208049.49776988418,301.34099728725397,727.122784845362,1.0342626830874013,367,14:01
3220000,6444.000000395316,-811015.1307615382,206977.4398259293,299.7882177158348,727.4296507423272,1.0338263798027891,367,13:58
3225000,6454.000000397354,-810863.9511416568,207215.5706669756,300.1331288350393,725.0640993822078,1.0371992807655501,367,13:56
3230000,6464.000000399391,-811849.7704166919,208449.13725428772,301.9198391593874,724.2150575945954,1.038415253179016,367,13:54
3235000,6474.000000401428,-812298.0128042484,207777.5175226442,300.9470583456835,726.5904159514625,1.0350204817983515,367,13:51
3240000,6484.0000004034655,-810197.4376288732,206831.61616951675,299.5770052566727,724.8113312622943,1.0375609899453972,367,13:49
3245000,6494.000000405503,-810373.4337096256,207516.08656376472,300.5683991000955,728.7439013391798,1.0319619292952773,367,13:46
3250000,6504.00000040754,-809838.3471595063,209119.00659422769,302.89008468804,728.2041478283325,1.03272683165962,367,13:44
3255000,6514.000000409577,-810008.6754072099,207261.40895769998,300.1995214790442,725.5977614610379,1.0364364422429784,367,13:42
3260000,6524.000000411615,-810663.6166130533,206329.9722626842,298.85041914717294,725.8397583802383,1.0360908915576184,367,13:40
3265000,6534.000000413652,-811502.5066510383,207289.64726256824,300.24042212548613,727.203146274696,1.0341483892646293,367,13:37
3270000,6544.000000415689,-810392.891127083,206828.86708698474,299.5730234577224,726.7706149761391,1.0347638538094137,367,13:35
3275000,6554.000000417726,-811470.0459545385,207946.66879881566,301.1920587652966,726.7099710714665,1.034850204792622,367,13:32
3280000,6564.000000419764,-811850.4616285781,206681.75090834624,299.3599388962925,725.7278762315723,1.036250620953384,367,13:30
3285000,6574.000000421801,-810979.3737368453,207380.82858384337,300.37249007365006,727.5544974052456,1.033648977595785,367,13:28
3290000,6584.000000423838,-811519.2775494498,208119.1254558264,301.441846731956,725.682375059763,1.036315595133772,367,13:25
3295000,6594.000000425875,-810482.6293815835,207287.62279777066,300.2374898701929,727.9708734523541,1.0330577634537301,367,13:23
3300000,6604.000000427913,-811044.7325522196,208510.7760681112,302.0091174408938,728.9354755986185,1.031690715519859,367,13:20
3305000,6614.00000042995,-811471.2416608073,207312.43731243885,300.27343146427256,725.2999206261335,1.0368620497558214,367,13:18
3310000,6624.000000431987,-810411.8291513752,207896.37328211823,301.11921023010126,726.5790081525764,1.0350367323442204,367,13:16
3315000,6634.0000004340245,-810847.1845932924,208118.70552710065,301.4412385029415,725.452214980461,1.0366443810615456,367,13:14
3320000,6644.000000436062,-809216.9967198279,207185.67300323723,300.0898247564231,728.4516340851975,1.032375970070501,367,13:11
3325000,6654.000000438099,-810384.5501552261,208918.02605815674,302.5989824463901,729.0768019502011,1.0314907296138527,367,13:09
3330000,6664.000000440136,-811451.6868953425,207578.78231940116,300.65920826681634,727.1972579415742,1.0341567630726252,367,13:06
3335000,6674.000000442174,-811307.3915644567,207376.1303632359,300.365685123393,727.5485869256732,1.033657374782278,367,13:04
3340000,6684.000000444211,-810614.6334996726,205937.9660739692,298.2826334177365,729.8236889809799,1.0304351225405979,367,13:02
3345000,6694.000000446248,-812647.1148769595,206699.3192777596,299.3853851002799,726.5947254084588,1.0350143430581424,367,12:59
3350000,6704.000000448285,-809965.2090675575,206464.80229843743,299.045708334956,727.7295298624573,1.0334003658341087,367,12:57
3355000,6714.000000450323,-810091.9432086609,207250.32815068532,300.18347192606603,726.2538924643637,1.035500078128736,367,12:55
3360000,6724.00000045236,-810526.6597660985,206566.66923860024,299.1932534416172,726.2335143514089,1.0355291342617015,367,12:52
3365000,6734.000000454397,-811637.9245052598,207359.44240300538,300.3415141129727,727.3625798964791,1.0339217099884075,367,12:50
3370000,6744.0000004564345,-812505.7379152286,206999.48625326168,299.82014998421414,727.6138423816193,1.0335646720609244,367,12:48
3375000,6754.000000458472,-810462.7830018019,208051.11174543516,301.34333498576973,726.6612432333343,1.034919598906784,367,12:45
3380000,6764.000000460509,-809858.6144818133,207939.5165130509,301.1816993222394,726.0026769515047,1.0358583876659475,367,12:43
3385000,6774.000000462546,-810020.2994600805,206333.00816184864,298.85481637423516,726.4514543777111,1.0352184689785668,367,12:40
3390000,6784.0000004645835,-812352.3211126793,206744.93429570968,299.4514543537398,725.6541514872657,1.036355901563866,367,12:38
3395000,6794.000000466621,-810792.054746632,207023.2608607222,299.854585366174,727.2973549012357,1.0340144334641104,367,12:36
3400000,6804.000000468658,-810142.1623725067,206529.2393818847,299.13903965849397,727.0855435541089,1.0343156579789454,367,12:33
3405000,6814.000000470695,-810867.3644587896,206855.52453494284,299.611634375023,727.3254813837056,1.033974446979956,367,12:31
3410000,6824.000000472733,-810586.691451278,206871.28754210105,299.6344656740563,726.7856969974133,1.0347423807252276,367,12:29
3415000,6834.00000047477,-811104.0617599031,207089.6294760408,299.95071434001466,727.8623077532596,1.0332118511666115,367,12:26
3420000,6844.000000476807,-809884.8680661744,207540.6738809737,300.60401161907686,728.1956072437719,1.03273894391455,367,12:24
3425000,6854.000000478844,-811020.357016325,207051.1585458268,299.8949926555043,726.746417901928,1.0347983063462889,367,12:22
3430000,6864.000000480882,-811884.554601789,207647.39069210904,300.75858132791797,728.6363364873102,1.0321142725514412,367,12:19
3435000,6874.000000482919,-811046.9190484071,208601.84397274884,302.14102111525267,726.9480473209202,1.034511290263019,367,12:17
3440000,6884.000000484956,-811631.5965637048,207317.71355311407,300.2810736246432,727.1378610189896,1.0342412391156008,367,12:14
3445000,6894.0000004869935,-811247.8812919925,207741.13357792413,300.8943594720755,725.9962378687848,1.0358675750108626,367,12:12
3450000,6904.000000489031,-810781.0176609964,207122.17221272274,299.99784956904097,726.5960651378886,1.0350124346536764,367,12:10
3455000,6914.000000491068,-812334.8591388357,207946.307013272,301.1915347514552,723.6782223483941,1.0391855650260278,367,12:08
3460000,6924.000000493105,-809870.1769439746,206212.05327475478,298.6796240921372,726.8213678343466,1.0346915977841031,367,12:05
3465000,6934.000000495143,-809468.6742596771,207123.20002249602,299.9993382591143,727.2738571352379,1.034047841827353,367,12:03
3470000,6944.00000049718,-810939.7076997003,207571.07633740752,300.6480468445397,728.2309994428256,1.0326887525572725,367,12:00
3475000,6954.000000499217,-811373.6686629723,208343.4819376666,301.76680692993915,726.5531480712931,1.0350735722286812,367,11:58
3480000,6964.000000501254,-809526.4430521359,206884.92744690305,299.65422185015854,727.8775008522006,1.0331902847768506,367,11:56
3485000,6974.000000503292,-808907.1027559498,206958.64900276397,299.7610008974662,728.1847356713843,1.0327543623868638,367,11:53
3490000,6984.000000505329,-809925.2924422561,207888.004611329,301.1070889626691,727.5921180580975,1.0335955320616845,367,11:51
3495000,6994.000000507366,-809590.1962182485,206093.46557968354,298.5078604749124,728.7861285183513,1.0319021355648794,367,11:49
3500000,7004.000000509403,-811987.3874799679,208214.95879861555,301.5806527151427,728.1361131178654,1.0328233263530127,367,11:46
3505000,7014.000000511441,-810732.6940426109,206566.09222306387,299.192417686477,726.3754892875467,1.0353267331828189,367,11:44
3510000,7024.000000513478,-808902.391390034,207961.68661178128,301.2138107175226,729.8308966851961,1.0304249461125912,367,11:42
3515000,7034.000000515515,-811032.7505213437,207423.16334149035,300.4338081649025,728.802492148406,1.031878966510189,367,11:39
3520000,7044.0000005175525,-810078.3776209755,207362.9268148686,300.34656097036515,728.4081125015813,1.032437653399302,367,11:37
3525000,7054.00000051959,-810084.9776207204,206547.49188896632,299.16547677440116,724.9396409296713,1.037377348304098,367,11:34
3530000,7064.000000521627,-810771.1726293014,205813.92706822397,298.10297406698373,727.2098482884842,1.0341388584850608,367,11:32
3535000,7074.000000523664,-809553.7680469872,207230.6091793296,300.1549107684688,729.4030619267558,1.031029346657259,367,11:30
3540000,7084.000000525702,-810999.5997388544,205869.35915242857,298.18326245852023,725.2094268545177,1.0369914324610832,367,11:27
3545000,7094.000000527739,-809339.0670063873,206785.50701290398,299.51022028777487,728.545861937399,1.0322424457786115,367,11:25
3550000,7104.000000529776,-810895.1397568132,206500.71613272512,299.09772629585797,728.8753912730431,1.0317757622117716,367,11:23
3555000,7114.000000531813,-811566.2636641264,206962.91775402497,299.76718379997715,727.419433015958,1.0338409014866796,367,11:20
3560000,7124.000000533851,-810120.2433703514,206555.83600790802,299.177562480689,726.4966907353255,1.035154009616991,367,11:18
3565000,7134.000000535888,-808828.0909205191,207916.1354999979,301.14783402640114,729.6547429426386,1.0306737120014422,367,11:16
3570000,7144.000000537925,-809621.1168291974,205827.37262167275,298.12244874261984,727.7854708705023,1.0333209338304583,367,11:13
3575000,7154.0000005399625,-811406.6224090033,206745.6504167108,299.45249159064235,724.900167006783,1.0374338379495922,367,11:11
3580000,7164.000000542,-812818.6840309477,206835.5215541929,299.58266185534615,725.1806386065828,1.0370325989854976,367,11:08
3585000,7174.000000544037,-808472.6900521354,205807.70602800307,298.093963449393,729.4732158057772,1.0309301919433016,367,11:06
3590000,7184.000000546074,-809674.4400780243,205680.3772787975,297.9095392009318,727.1156576061964,1.034272821003461,367,11:04
3595000,7194.0000005481115,-810433.4397560526,207876.0779581911,301.089814277609,726.4351587054963,1.0352416913964786,367,11:01
3600000,7204.000000550149,-810903.7904206272,206737.2489919703,299.4403228820558,728.3486255545423,1.0325219764306828,367,10:59
3605000,7214.000000552186,-809405.3918761173,208052.32856615557,301.345097441211,727.460880620872,1.0337819976605493,367,10:57
3610000,7224.000000554223,-809504.805286231,206872.85743867356,299.63673952813366,726.6192610245516,1.034979393923246,367,10:54
3615000,7234.000000556261,-809888.9051338406,207855.64474982733,301.0602186119039,728.3146914394052,1.0325700843708927,367,10:52
3620000,7244.000000558298,-811210.2034104811,206794.1800635753,299.5227824221075,725.5139889677603,1.0365561158346812,367,10:50
3625000,7254.000000560335,-811387.0946820388,208273.5981014521,301.6655864745914,725.7562399437448,1.0362101226252487,367,10:47
3630000,7264.000000562372,-809938.1410001176,208339.53590159773,301.7610914513772,728.0098507534008,1.033002454032569,367,10:45
3635000,7274.00000056441,-811362.1198091665,207164.94109238114,300.05979644700636,725.4241340059643,1.0366845092886918,367,10:43
3640000,7284.000000566447,-810241.8307998865,207921.2704503197,301.15527154039455,728.0582054717306,1.032933846135119,367,10:40
3645000,7294.000000568484,-809458.6405292861,208939.38519025838,302.62991922940427,728.6756412709968,1.0320586002798229,367,10:38
3650000,7304.0000005705215,-808995.5022014985,207330.49061777166,300.2995800543515,727.2513368854004,1.0340798624157805,367,10:35
3655000,7314.000000572559,-811247.6939198095,206797.41117475228,299.52746239622354,728.7354427225292,1.0319739075384726,367,10:33
3660000,7324.000000574596,-809397.1588946641,207077.7853179066,299.9335591415525,727.7231156312415,1.0334094743380748,367,10:31
3665000,7334.000000576633,-809723.2606292889,207116.5218661814,299.98966554994917,728.0883690485349,1.032891053280946,367,10:29
3670000,7344.000000578671,-808895.9460539799,207707.80107730324,300.84608034097045,728.3495991488303,1.0325205962452613,367,10:26
3675000,7354.000000580708,-810725.2809086642,208336.30015491994,301.75640476315493,728.3318498153662,1.0325457586109823,367,10:24
3680000,7364.000000582745,-810361.8464641538,206524.76480651725,299.1325586382651,728.4201091431164,1.0324206497714783,367,10:21
3685000,7374.000000584782,-810793.4546151762,207531.07122014154,300.5901030279829,728.2719461545751,1.0326306901687634,367,10:19
3690000,7384.00000058682,-810171.4332224466,207504.6083245999,300.5517739023704,728.0505058703063,1.0329447700735666,367,10:17
3695000,7394.000000588857,-810621.3759413376,207340.2331708402,300.31369126677583,728.0750250602582,1.0329099838658882,367,10:14
3700000,7404.000000590894,-809291.1577741494,207664.37630149408,300.7831834563849,726.8097173837382,1.0347081834502914,367,10:12
3705000,7414.000000592931,-810187.1730233277,207756.2105774813,300.91619715075944,726.2373689958431,1.0355236379917707,367,10:10
3710000,7424.000000594969,-810520.8250002721,206736.5414307109,299.4392980431697,726.670456835036,1.0349064769518623,367,10:07
3715000,7434.000000597006,-811558.0874738903,207426.42438087822,300.4385314873419,725.8940107108838,1.0360134555341793,367,10:05
3720000,7444.000000599043,-810867.2008522404,206645.69159632982,299.3077102239765,727.7991852286251,1.0333014623421277,367,10:03
3725000,7454.0000006010805,-810974.5742753143,207637.21005971398,300.7438355969653,726.8678678612798,1.03462540530361,367,10:00
3730000,7464.000000603118,-810464.2298070751,207135.67135707702,300.0174018662868,725.0956165796703,1.037154197587839,367,9:58
3735000,7474.000000605155,-811295.5346134384,207488.44244850051,300.5283590838872,726.8987161745964,1.034581497606488,367,9:55
3740000,7484.000000607192,-810811.2459206791,207067.10452446036,299.9180889722735,727.5250654188104,1.0336907938082203,367,9:53
3745000,7494.00000060923,-811538.9289521589,207191.36476399028,300.0980687602782,728.5893519089511,1.0321808305566977,367,9:51
3750000,7504.000000611267,-809765.6338725751,207515.41261399104,300.5674229444254,725.9085032520202,1.035992771842564,367,9:48
3755000,7514.000000613304,-811362.0934297857,207041.89105714537,299.8815695311443,727.2757916798683,1.034045091272855,367,9:46
3760000,7524.000000615341,-811148.3370709848,206776.29553923552,299.4968782961263,728.2984760904101,1.0325930742367646,367,9:44
3765000,7534.000000617379,-811837.0770044974,207808.00475754624,300.99121636513746,726.7860199214887,1.0347419209706128,367,9:41
3770000,7544.000000619416,-811774.3726611333,206921.693113313,299.7074736133239,724.7670541175373,1.0376243761574016,367,9:39
3775000,7554.000000621453,-811193.5964021296,207698.16155642725,300.8321183614162,726.2134611953383,1.0355577286467612,367,9:37
3780000,7564.00000062349,-810235.5477654203,206224.92476111458,298.6982672831942,727.6673638983502,1.0334886511320869,367,9:34
3785000,7574.000000625528,-809526.7254131786,206293.47591993405,298.79755747512104,728.7938706682248,1.031891173424129,367,9:32
3790000,7584.000000627565,-812081.4780602776,208642.47213759169,302.19986736022287,727.7441549590079,1.0333795981233376,367,9:30
3795000,7594.000000629602,-810083.7974530836,207616.08163294083,300.71323296988294,727.0673642660691,1.034341519574713,367,9:27
3800000,7604.0000006316395,-811149.3508715001,207484.91643081198,300.52325196419645,728.3881625444336,1.0324659310237914,367,9:25
3805000,7614.000000633677,-809748.0259684459,205757.9230850495,298.02185733119364,726.3380180538386,1.0353801449126459,367,9:23
3810000,7624.000000635714,-810442.6085539861,207445.68974764552,300.4664356394643,727.2638831495963,1.0340620231700075,367,9:20
3815000,7634.000000637751,-809686.294292755,207888.7328156853,301.1081437012256,727.829250271619,1.0332587789065837,367,9:18
3820000,7644.000000639789,-810874.1963797789,207118.11437133834,299.9919721505289,726.8717037639706,1.0346199452996565,367,9:15
3825000,7654.000000641826,-809478.9171618293,206726.15740383405,299.42425771359206,727.1062743033103,1.0342861682891182,367,9:13
3830000,7664.000000643863,-810530.4114975557,207859.90309964097,301.0663864488533,726.4516560180539,1.0352181816341783,367,9:11
3835000,7674.0000006459,-810269.2272749026,207306.9540547948,300.26548945842995,727.3882026064402,1.0338852894415762,367,9:08
3840000,7684.000000647938,-810740.3021386815,207626.73443808663,300.72866260062443,727.8332510156115,1.033253099303671,367,9:06
3845000,7694.000000649975,-811653.8264663918,208157.16190326033,301.49693910721226,727.5390812443521,1.0336708800603491,367,9:04
3850000,7704.000000652012,-810352.5400264473,207993.35224098797,301.2596755352086,727.10443011716,1.0342887915934855,367,9:01
3855000,7714.0000006540495,-810495.5301533346,207245.7851889605,300.1768918543453,728.5125370261055,1.0322896644415591,367,8:59
3860000,7724.000000656087,-809197.0023021474,209618.44237320888,303.6134725228215,730.0934332069928,1.0300544124671418,367,8:57
3865000,7734.000000658124,-810427.3087604367,206903.76463434778,299.68150582301854,729.3942002495992,1.0310418730102324,367,8:54
3870000,7744.000000660161,-810343.2115644654,207915.56221077635,301.147003668493,726.9365022710537,1.034527720149806,367,8:52
3875000,7754.0000006621985,-810736.3273790493,207258.5832626207,300.19542871370544,727.8269971022567,1.033261977615938,367,8:50
3880000,7764.000000664236,-809647.0735259117,207884.79120550078,301.1024346331593,727.9544692491748,1.033081043054534,367,8:47
3885000,7774.000000666273,-810084.2297398532,207363.8599115851,300.3479124770889,729.1410958489547,1.0313997752554813,367,8:45
3890000,7784.00000066831,-809775.7307845894,207069.53223762376,299.9216052965792,727.2304945523498,1.034109499012506,367,8:42
3895000,7794.000000670348,-810768.2309296192,206981.12962977955,299.7935620650592,727.6496113431023,1.0335138652792415,367,8:40
3900000,7804.000000672385,-809681.082125084,206672.22739018395,299.34614493624224,729.5965292933774,1.030755948245125,367,8:38
3905000,7814.000000674422,-810191.1484259441,207181.16803664688,300.0832997172396,730.0543793046016,1.0301095147247579,367,8:35
3910000,7824.000000676459,-809754.4943231707,207659.49860863847,300.77611855670807,728.0713827051915,1.032915151250574,367,8:33
3915000,7834.000000678497,-810597.467831397,206098.66200993583,298.5153870370591,726.4532073722403,1.0352159709067101,367,8:31
3920000,7844.000000680534,-809379.3836915498,208239.82331622628,301.6166667339902,726.6400534297321,1.0349497785575497,367,8:28
3925000,7854.000000682571,-809277.1238725754,206380.6886688465,298.92387730292717,728.6812135714589,1.032050708021167,367,8:26
3930000,7864.0000006846085,-810699.479333506,208136.01199919288,301.4663053721995,731.2661890102094,1.0284024800955869,367,8:24
3935000,7874.000000686646,-808886.7396595054,207586.3163174748,300.6701205858433,728.4336402347641,1.032401471938853,367,8:21
3940000,7884.000000688683,-809360.3884988949,206564.65147785321,299.1903308965386,728.5259075920828,1.0322707189285412,367,8:19
3945000,7894.00000069072,-812652.4637910016,208619.72450869426,302.1669194644031,728.8415852316685,1.0318236193247758,367,8:17
3950000,7904.000000692758,-811629.0908993306,206127.92010842508,298.5577647628984,728.3769035341479,1.0324818905421131,367,8:14
3955000,7914.000000694795,-809843.651594094,206272.37369548695,298.76699279975276,727.1637215693709,1.0342044577871639,367,8:12
3960000,7924.000000696832,-812256.7123032212,206779.99838829399,299.5022415401621,726.0718725424205,1.0357596690184552,367,8:10
3965000,7934.000000698869,-811652.4620821481,207392.37539393659,300.38921459020156,726.0167501496275,1.0358383084593539,367,8:07
3970000,7944.000000700907,-810553.5541911521,208999.96408220002,302.7176623093344,727.5834194062313,1.0336078892532645,367,8:05
3975000,7954.000000702944,-812141.5479506133,206958.8252184063,299.7612561299852,725.5184547792009,1.0365497354812523,367,8:02
3980000,7964.000000704981,-810827.1478419057,205798.81107591704,298.0810799108065,727.3457120388169,1.0339456876429798,367,8:00
3985000,7974.000000707018,-811044.1016767402,206550.5682354259,299.16993258573484,728.2440215984026,1.0326702864481119,367,7:58
3990000,7984.000000709056,-810565.5572087839,208528.56907619582,302.0348890138052,727.2150662451337,1.0341314382706241,367,7:55
3995000,7994.000000711093,-810996.0539821335,206766.39152652092,299.4825332239172,726.882630962465,1.0346043918980108,367,7:53
4000000,8004.00000071313,-812489.5143595296,209300.55258349527,303.15303773549175,727.6176627864659,1.033559245260993,367,7:51
4005000,8014.0000007151675,-810646.2311249874,206501.17332997284,299.0983885049767,728.124263344974,1.0328401349150542,367,7:48
4010000,8024.000000717205,-809843.500026715,207392.9795674658,300.39008968125336,730.0576239647606,1.0301049365172408,367,7:46
4015000,8034.000000719242,-809311.4638492381,207038.3680937669,299.8764668353471,728.7537336756859,1.031948006077486,367,7:44
4020000,8044.000000721279,-810783.944910205,207561.97964239394,300.634871099456,729.1419903814939,1.0313985099043264,367,7:41
4025000,8054.000000723317,-812063.5667281109,207033.22398571385,299.8690160572031,728.1770466072645,1.0327652675843695,367,7:39
4030000,8064.000000725354,-810867.7200875962,207406.0609718131,300.40903691964706,729.3947250541987,1.0310411311684031,367,7:36
4035000,8074.000000727391,-810410.6904496481,207978.16859681226,301.2376833913803,726.0293096082944,1.0358203896670288,367,7:34
4040000,8084.000000729428,-810972.03463664,207303.0615360593,300.2598514949151,728.0122533149581,1.0329990449526074,367,7:32
4045000,8094.000000731466,-808143.7510893769,207557.82252472785,300.6288498881733,729.5260470559958,1.030855533428848,367,7:29
4050000,8104.000000733503,-811120.6077810368,206791.3912696569,299.5187431047834,728.0850074094393,1.0328958222391182,367,7:27
4055000,8114.00000073554,-811375.6875528586,206950.85986419328,299.7497190303622,728.1048617532223,1.0328676566961807,367,7:25
4060000,8124.0000007375775,-811076.3227133099,206163.72157358367,298.60961996721693,730.3869569248261,1.029640460112364,367,7:22
4065000,8134.000000739615,-810630.8154715407,207275.9148804038,300.22053200423653,728.582586102929,1.0321904156544102,367,7:20
4070000,8144.000000741652,-810123.1400661063,207349.60158732394,300.32726057598575,728.0482170624191,1.0329480174026326,367,7:18
4075000,8154.000000743689,-811206.0991667202,207809.6182530452,300.993553368341,725.6389035090231,1.0363776786931824,367,7:15
4080000,8164.0000007457265,-810770.7165993201,206827.43871357993,299.57095458723285,726.6527269869975,1.0349317279884152,367,7:13
4085000,8174.000000747764,-810926.983766478,206912.8379106894,299.69464764826085,727.6680424772095,1.03348768736357,367,7:11
4090000,8184.000000749801,-810179.2299172152,208058.3874924847,301.3538732514008,726.9883509076986,1.0344539378783373,367,7:08
4095000,8194.000000751837,-810115.4099683859,206372.0550412737,298.9113722694093,728.4107555754687,1.0324339071490152,367,7:06
4100000,8204.000000753875,-810337.451104146,208089.9653403071,301.3996109256417,727.6596921133192,1.0334995473007895,367,7:03
4105000,8214.000000755912,-809320.3529442679,207586.5841014286,300.67050844683104,727.3565483793193,1.033930283660494,367,7:01
4110000,8224.00000075795,-809325.0763294022,208409.593019091,301.8625628890821,727.8573272071941,1.0332189211774885,367,6:59
4115000,8234.000000759987,-809922.3764070342,206670.78770380074,299.34405967992035,729.054510000999,1.031522269009922,367,6:56
4120000,8244.000000762024,-810518.8614957714,208480.88301183388,301.96582003577083,726.7916165984568,1.0347339529146464,367,6:54
4125000,8254.000000764061,-809030.6441348298,207008.1290315407,299.83266827170746,726.498641914463,1.0351512294728984,367,6:52
4130000,8264.000000766098,-811331.7358532995,208916.56043223065,302.59685961897185,726.2749591690801,1.0354700418813005,367,6:49
4135000,8274.000000768136,-810389.8668012223,206805.55180838105,299.5392533723255,727.1026307371155,1.0342913511752188,367,6:47
4140000,8284.000000770173,-810678.6547580343,206644.88148682914,299.3065368531803,729.1978408249427,1.0313195134222668,367,6:45
4145000,8294.00000077221,-810318.5183884101,207581.63712572405,300.66334319717487,728.9651039419351,1.0316487830781678,367,6:42
4150000,8304.000000774247,-810774.0728686568,207326.194512088,300.29335753141805,728.2692149225843,1.0326345628492473,367,6:40
4155000,8314.000000776285,-811670.9457532894,206883.9572312591,299.65281658000475,729.2156473053702,1.0312943299654962,367,6:38
4160000,8324.000000778322,-811127.6902215495,207148.7189375443,300.03630011383046,727.9586374772326,1.0330751277220305,367,6:35
4165000,8334.00000078036,-812491.6202791762,208961.1077967682,302.66138247242816,726.3853333202693,1.0353127023512858,367,6:33
4170000,8344.000000782396,-811106.6612498993,209057.90555519552,302.8015853249817,727.4723122132847,1.033765752678792,367,6:31
4175000,8354.000000784434,-811178.661690556,205958.63884098444,298.3125760626159,725.9404960418033,1.0359471147960886,367,6:28
4180000,8364.000000786471,-811434.0892718001,207046.98743662058,299.8889511787333,727.7330586078308,1.033395354921499,367,6:26
4185000,8374.000000788508,-811031.3348218868,207099.61638939317,299.9651794863461,727.0283041520522,1.034397090310345,367,6:23
4190000,8384.000000790546,-811275.8301173965,207400.9352964255,300.4016128395621,728.2917744951467,1.0326025759517334,367,6:21
4195000,8394.000000792583,-810496.4416770958,206469.72803399645,299.05284282017055,727.1694357535016,1.0341963308852202,367,6:19
4200000,8404.00000079462,-809822.4030811144,207273.40082439044,300.2168906200735,728.4293331286335,1.0324075763919645,367,6:16
4205000,8414.000000796657,-808422.6451740377,207549.0089163755,300.6160841686735,729.0701247414792,1.031500176549974,367,6:14
4210000,8424.000000798695,-812824.9151647957,208395.4351840997,301.842056537654,725.0207823789374,1.0372612491473248,367,6:12
4215000,8434.000000800732,-809540.716963863,208304.4328855927,301.71024788787844,728.167495940979,1.032778813363983,367,6:09
4220000,8444.00000080277,-809359.0025744769,207789.32160582207,300.9641554991735,729.4372042110127,1.030981087949275,367,6:07
4225000,8454.000000804806,-809500.7426701142,208464.37113461288,301.9419040657627,727.6808595680695,1.033469483908831,367,6:05
4230000,8464.000000806844,-809724.1097876895,207587.05085983133,300.6711845044235,726.9950884365766,1.0344443509314785,367,6:02
4235000,8474.000000808881,-811050.3901520311,208155.7085290549,301.4948340253101,728.6143138751429,1.0321454685517173,367,6:00
4240000,8484.000000810918,-810061.5562978364,207090.48583805084,299.9519547034133,728.5574404271215,1.0322260410205424,367,5:58
4245000,8494.000000812955,-810073.0616659536,206469.65306117476,299.05273422877707,728.847421496507,1.031815356970089,367,5:55
4250000,8504.000000814993,-811440.324985784,207374.5339248156,300.3633728258348,727.5257164051478,1.0336898688669174,367,5:53
4255000,8514.00000081703,-810591.9167552893,207544.11136625236,300.6089905075295,728.3001917301672,1.0325906417813688,367,5:50
4260000,8524.000000819067,-809349.1510256366,206919.07903372374,299.70368735400166,725.9557739806233,1.0359253130042878,367,5:48
4265000,8534.000000821105,-810917.9320543939,206892.67893736452,299.6654491873603,728.2456910567176,1.0326679191151944,367,5:46
4270000,8544.000000823142,-808885.1444885111,207224.41177623707,300.1459343871341,728.2417472116189,1.0326735116019299,367,5:43
4275000,8554.000000825179,-812717.4546664883,207186.9581933473,300.09168623878014,727.0179083461765,1.0344118814058958,367,5:41
4280000,8564.000000827216,-809966.5553373261,206428.60961477377,298.99328648579694,727.5153527953964,1.0337045939972718,367,5:39
4285000,8574.000000829254,-810133.8825172652,206603.044872479,299.24594027771855,728.66931674958,1.0320675580835492,367,5:36
4290000,8584.00000083129,-810354.1293395716,207238.49305670615,300.1663298562177,728.6914097898242,1.0320362670462335,367,5:34
4295000,8594.000000833328,-811811.5900440579,206567.2475245564,299.1940910368463,726.3551944485774,1.0353556608885628,367,5:32
4300000,8604.000000835365,-811226.7735736868,206848.22265346217,299.60105825601744,726.7403734097069,1.034806913037952,367,5:29
4305000,8614.000000837403,-810840.1643020557,207185.08281426446,300.08896992074443,726.1313150789318,1.0356748796963806,367,5:27
4310000,8624.00000083944,-811867.5259336075,207724.0971548537,300.86968374455256,728.7808851094434,1.0319095598606591,367,5:25
4315000,8634.000000841477,-811310.3575087702,206193.72383643303,298.65307554824363,728.2625273687734,1.032644045417616,367,5:22
4320000,8644.000000843514,-811516.9196153707,207139.06579791702,300.02231840873907,727.7009520463577,1.0334409488861565,367,5:20
4325000,8654.000000845552,-808958.0965331793,206605.59277042915,299.24963067888524,727.9352498984622,1.0331083190339345,367,5:17
4330000,8664.000000847589,-809195.2421204937,208321.74765814428,301.7353267796057,727.9311848876814,1.0331140882557261,367,5:15
4335000,8674.000000849626,-809937.0412818519,208181.43232681294,301.53209263421576,728.1040856037968,1.0328687577195843,367,5:13
4340000,8684.000000851664,-810897.427120307,207074.4199696416,299.9286847370802,727.7436205488565,1.0333803569737512,367,5:10
4345000,8694.0000008537,-809226.7601975137,207530.124719144,300.58873210636284,727.4562345664885,1.0337886001297474,367,5:08
4350000,8704.000000855738,-811069.9043819783,206778.29304568714,299.49977150467845,726.7235613711746,1.0348308522833822,367,5:06
4355000,8714.000000857775,-810237.0415952965,206575.18062062227,299.20558141344264,727.443803053765,1.0338062668637025,367,5:03
4360000,8724.000000859813,-811509.8427070351,207344.2620192503,300.31952669157056,729.7537888843559,1.0305338236583277,367,5:01
4365000,8734.00000086185,-810812.5377715207,206691.78375902772,299.3744705787161,727.6632948745367,1.0334944303021536,367,4:59
4370000,8744.000000863887,-811227.3949472988,207049.61191288853,299.89275249671016,726.5050431246691,1.035142108792075,367,4:56
4375000,8754.000000865924,-810115.942624867,208420.84327434748,301.8788578726079,728.1832157136554,1.0327565180846898,367,4:54
4380000,8764.000000867962,-810192.3244886571,207961.73845842906,301.2138858127318,727.1771940648619,1.0341852969622534,367,4:52
4385000,8774.000000869999,-811169.9507027157,207121.7450709642,299.99723089259675,728.7296998944591,1.0319820401131772,367,4:49
4390000,8784.000000872036,-810724.4928444717,207465.8542129297,300.49564205497427,728.6498172372067,1.032095177405812,367,4:47
4395000,8794.000000874074,-811353.1812846866,208515.59899639073,302.0161030190047,726.5759285493114,1.035041119363354,367,4:44
4400000,8804.00000087611,-810105.4557504524,206736.77588656163,299.4396376313957,728.2092442790168,1.0327196040098623,367,4:42
4405000,8814.000000878148,-812367.8284543357,206674.3652387627,299.3492414177511,724.214779094377,1.0384156525065127,367,4:40
4410000,8824.000000880185,-812206.1724447501,207602.79790935374,300.6939926902556,726.6709287454581,1.034905804868897,367,4:37
4415000,8834.000000882223,-810183.6798639139,207102.3475689196,299.9691353544019,727.5341484031701,1.0336778885757532,367,4:35
4420000,8844.00000088426,-811544.2243602704,207950.23704986158,301.1972270562095,727.9164099335677,1.0331350579893932,367,4:33
4425000,8854.000000886297,-810910.8891852424,206923.55068455555,299.7101641383036,727.8326724741,1.033253920618559,367,4:30
4430000,8864.000000888334,-810895.9684767211,206716.40193806466,299.4101277982812,729.4253238842213,1.0309978797877808,367,4:28
4435000,8874.000000890372,-810922.5999974022,206769.34803295333,299.4868154577432,726.9198377469085,1.03455143653678,367,4:26
4440000,8884.000000892409,-809636.9113190062,207627.0723184921,300.7291519900219,729.2462276788813,1.0312510834396822,367,4:23
4445000,8894.000000894446,-810376.3882019976,206820.45159298653,299.56083437108066,728.2998056504523,1.0325911891689934,367,4:21
4450000,8904.000000896483,-810371.6378398873,206769.08636871952,299.48643646061987,727.3304265880657,1.0339674168671538,367,4:19
4455000,8914.00000089852,-810456.9407274965,207511.1965402431,300.56131634055725,728.3828491610783,1.0324734626224543,367,4:16
4460000,8924.000000900558,-811702.2573877396,207208.20474538155,300.1224599596857,727.1711876380867,1.034193839322517,367,4:14
4465000,8934.000000902595,-811281.2658064854,207056.8214941026,299.9031949270758,727.4949560514148,1.033733575927361,367,4:12
4470000,8944.000000904633,-811315.2057798216,207269.78440066485,300.2116525553641,727.2493273561145,1.0340827197766462,367,4:09
4475000,8954.00000090667,-812391.677306491,207661.50462610793,300.7790240927045,725.7057952442804,1.0362821508611544,367,4:07
4480000,8964.000000908707,-811237.2920290115,206674.7479883671,299.34979579615015,728.6350541861754,1.0321160889357825,367,4:04
4485000,8974.000000910744,-811528.2158798091,207014.31627744128,299.8416299412627,726.538158219398,1.0350949277478274,367,4:02
4490000,8984.000000912782,-811293.8510887735,207971.4605702474,301.22796741784254,730.1191071047898,1.0300181916485742,367,4:00
4495000,8994.000000914819,-812402.9152404084,206635.6858336713,299.2932177761194,726.8029157693953,1.0347178665237469,367,3:57
4500000,9004.000000916856,-810458.7145154565,207776.6267735231,300.94576817564536,728.6960242811031,1.0320297316429994,367,3:55
4505000,9014.000000918893,-809658.0302609042,206706.92327250895,299.3963988032001,727.4862735769537,1.033745913432134,367,3:53
4510000,9024.00000092093,-810399.5215634145,204950.5009349731,296.8523789207965,727.5891473766632,1.0335997521398272,367,3:50
4515000,9034.000000922968,-810669.8724116678,206656.79043287286,299.323785891106,730.4903405440509,1.0294947388736855,367,3:48
4520000,9044.000000925005,-808424.9515295643,206223.44096564915,298.6961181388314,727.1846067378688,1.0341747548284352,367,3:46
4525000,9054.000000927042,-808379.7145356187,207032.7712422092,299.86836029893084,728.4274864247096,1.0324101937439423,367,3:43
4530000,9064.00000092908,-810446.045444414,207116.98682412182,299.99033899973375,727.1537584390899,1.0342186279865617,367,3:41
4535000,9074.000000931117,-810831.2611212195,207684.1884839118,300.8118796218272,725.1599542436104,1.0370621791609693,367,3:39
4540000,9084.000000933154,-811250.3023212207,206708.885726573,299.3992412415195,727.5975589892282,1.03358780289597,367,3:36
4545000,9094.000000935192,-811554.1791553041,207466.85866680683,300.49709691613134,727.2836365049733,1.0340339375736867,367,3:34
4550000,9104.000000937229,-811210.8389468994,208747.02477327088,302.3513024554396,724.737109087042,1.0376672492119163,367,3:32
4555000,9114.000000939266,-810910.9090052205,208025.67977478082,301.30649906219327,726.4678249605978,1.0351951408569764,367,3:29
4560000,9124.000000941303,-810621.9464989831,205779.08880305543,298.05251397127483,727.5851352924616,1.0336054516642337,367,3:27
4565000,9134.00000094334,-808932.2823548419,207352.1887458538,300.33100784257323,727.8608393256388,1.0332139356266326,367,3:24
4570000,9144.000000945378,-809200.7798415017,207458.17139993893,300.48451419091583,728.241930635235,1.032673251500579,367,3:22
4575000,9154.000000947415,-811293.1068654987,207032.78101974877,299.868374460818,725.409525779841,1.0367053859400068,367,3:20
4580000,9164.000000949452,-811513.3806368508,206158.2146508437,298.60164368460994,725.5597620354172,1.0364907230776639,367,3:17
4585000,9174.00000095149,-809470.7167032761,207804.22813507728,300.98574626694756,725.7056716584577,1.0362823273373583,367,3:15
4590000,9184.000000953527,-810881.1069503725,206836.28866690633,299.58377294916073,728.8264424018887,1.0318450575280589,367,3:13
4595000,9194.000000955564,-810462.6237274343,207912.2030033477,301.1421381584702,726.5853035765584,1.0350277643744101,367,3:10
4600000,9204.000000957602,-809828.675374026,206730.52028602277,299.43057695629096,727.1623265508089,1.0342064418481676,367,3:08
4605000,9214.000000959639,-811105.0755600883,206410.64886713366,298.9672719572164,727.8830024026913,1.0331824756255177,367,3:06
4610000,9224.000000961676,-810215.4724134207,207647.4300216152,300.75863829317257,728.3415976637838,1.0325319394091526,367,3:03
4615000,9234.000000963713,-811426.6184381573,206876.6843313059,299.64228243813676,727.195417986651,1.0341593797032866,367,3:01
4620000,9244.00000096575,-811549.2241563904,207030.16233897582,299.8645815370948,726.6047495610949,1.035000064123465,367,2:59
4625000,9254.000000967788,-810088.3741320823,207570.66227851957,300.6474471174576,727.4603550118818,1.033782744594878,367,2:56
4630000,9264.000000969825,-809368.910805535,208140.02381107613,301.4721161211164,727.963703371546,1.0330679385594521,367,2:54
4635000,9274.000000971862,-811749.223364553,206776.31025950832,299.4968996171183,728.0764592616164,1.0329079491882347,367,2:51
4640000,9284.0000009739,-811700.4026704254,207782.3985787143,300.95412811667427,725.3810898441408,1.0367460262160042,367,2:49
4645000,9294.000000975937,-811606.2002257337,206010.5520312391,298.3877676525567,727.4818754340517,1.0337521631579418,367,2:47
4650000,9304.000000977974,-811273.9136031708,208157.79985229886,301.4978631190534,728.081384182637,1.0329009623455796,367,2:44
4655000,9314.000000980011,-810463.8435841398,207445.7647156327,300.46654422385535,727.1046948071787,1.0342884150783542,367,2:42
4660000,9324.000000982049,-809107.0895529655,206471.63299984578,299.0556019919781,729.331423264931,1.03113061963185,367,2:40
4665000,9334.000000984086,-811468.8987121619,206657.62162730453,299.32498980152957,729.5524705431397,1.0308181971178425,367,2:37
4670000,9344.000000986123,-811849.4114278192,206398.90974245797,298.95026889027815,725.6126288845866,1.0364152062019358,367,2:35
4675000,9354.00000098816,-811528.1263088388,206849.23320509994,299.6025219492328,727.6162806174332,1.0335612085947175,367,2:33
4680000,9364.000000990198,-810939.5874954136,208033.84149281427,301.31832057716036,727.128789364141,1.0342541423037137,367,2:30
4685000,9374.000000992235,-810400.1833402412,207283.4486516415,300.23144399471204,728.289141142666,1.0326063096426552,367,2:28
4690000,9384.000000994272,-811876.9359605405,207559.75601620402,300.63165037678743,727.6554792178445,1.0335055309368515,367,2:26
4695000,9394.00000099631,-813057.3967331173,206872.21329531452,299.635806544376,726.3650566267532,1.0353416034089113,367,2:23
4700000,9404.000000998347,-809709.289543258,206780.36550172395,299.50277327096796,728.117827659623,1.0328492639788864,367,2:21
4705000,9414.000001000384,-810739.8785853395,207775.0029183685,300.9434161674118,727.8393405023697,1.0332444545647623,367,2:19
4710000,9424.000001002421,-811592.7862208327,206960.96947936265,299.76436189924664,727.0345257328222,1.0343882384816934,367,2:16
4715000,9434.000001004459,-809717.1681596958,206609.9254310342,299.2559061483366,728.0148312645973,1.032995387033289,367,2:14
4720000,9444.000001006496,-811405.4946131031,207299.89091598045,300.25525913671754,726.2995000526349,1.0354350544556996,367,2:11
4725000,9454.000001008533,-810230.2526784642,207660.98779722952,300.7782755125286,727.3783256364133,1.0338993284274178,367,2:09
4730000,9464.00000101057,-810213.8082585195,206723.81038096285,299.4208582619219,727.1445196726542,1.034231768296485,367,2:07
4735000,9474.000001012608,-810671.1575374249,206944.54653529613,299.7405747409192,726.6643834421442,1.0349151266033163,367,2:04
4740000,9484.000001014645,-810733.6659475365,206805.4569859538,299.53911603056264,726.4229798188345,1.035259047801187,367,2:02
4745000,9494.000001016682,-809799.7083287286,207386.33977621066,300.3804725404285,727.3191933098619,1.0339833862568717,367,2:00
4750000,9504.00000101872,-808799.814169589,208801.17110046366,302.4297285435129,728.8782594871177,1.0317717020635584,367,1:57
4755000,9514.000001020757,-810643.3148028771,206361.7108043484,298.896389572,726.2945672293263,1.0354420868890972,367,1:55
4760000,9524.000001022794,-811686.742726556,208538.89890883665,302.04985084790314,726.9710048660395,1.0344786206799632,367,1:53
4765000,9534.000001024831,-811058.3964435747,206597.5523282164,299.2379848210437,730.4338109812032,1.0295744132899949,367,1:50
4770000,9544.000001026869,-811833.2350776857,206833.27809358097,299.5794124043,726.9944334206812,1.0344452829571746,367,1:48
4775000,9554.000001028906,-810793.2475527786,205991.6687985001,298.3604169872267,727.9133026474112,1.0331394681935366,367,1:46
4780000,9564.000001030943,-812194.9411110445,208017.47951148468,301.2946217178778,726.9362015006046,1.0345281481864979,367,1:43
4785000,9574.00000103298,-811071.9680888792,208306.6763210654,301.7134973025126,729.243752318281,1.0312545839404306,367,1:41
4790000,9584.000001035018,-811446.7932049735,206487.53511498787,299.0786347764225,729.0657617931987,1.0315063493565402,367,1:38
4795000,9594.000001037055,-810782.099434393,208018.55628122017,301.2961813220557,727.6384688444293,1.0335296917196584,367,1:36
4800000,9604.000001039092,-812109.2186905034,207168.36599137768,300.0647571053607,726.8845541731906,1.0346016545138528,367,1:34
4805000,9614.00000104113,-810526.7805853337,208051.86531866703,301.3444264688622,726.2973350090917,1.035438141018008,367,1:31
4810000,9624.000001043167,-810823.9661555965,208033.20002692693,301.31739147147977,727.2521358758829,1.0340787263311582,367,1:29
4815000,9634.000001045204,-808612.255757099,206920.7201873782,299.7060644175574,729.561705308064,1.0308051490594525,367,1:27
4820000,9644.000001047241,-811022.3817770202,207557.9199893321,300.62899105689206,728.9516670942064,1.03166779957574,367,1:24
4825000,9654.000001049279,-810440.9636989343,208386.1039364542,301.82854106416534,727.6513461962245,1.033511401194257,367,1:22
4830000,9664.000001051316,-812047.6136473957,207262.4835005352,300.20107785775724,727.4114864963213,1.0338521955577484,367,1:20
4835000,9674.000001053353,-813221.5708616679,207804.17056458586,300.9856628812654,725.9391490947405,1.035949036948827,367,1:17
4840000,9684.00000105539,-810525.1220304752,206615.07298308855,299.263361914807,727.827247891537,1.0332616215822383,367,1:15
4845000,9694.000001057428,-810451.2218591515,205887.72758951952,298.2098674886257,727.1970965570974,1.0341569925796583,367,1:13
4850000,9704.000001059465,-810388.7261057412,207615.23271948204,300.7120033950412,727.6103932175663,1.0335695715705333,367,1:10
4855000,9714.000001061502,-811036.7117813011,207418.32908876927,300.4268061843559,726.3687345901811,1.0353363609633444,367,1:08
4860000,9724.00000106354,-809700.0888600904,207324.3732414508,300.2907195846024,727.3491374837954,1.0339408182839867,367,1:05
4865000,9734.000001065577,-811732.3744941493,207189.55387040446,300.0954458436887,728.7626112192647,1.031935435230335,367,1:03
4870000,9744.000001067614,-811567.6863677637,207001.63452387185,299.82326156109866,728.5582870781041,1.0322248414800153,367,1:01
4875000,9754.000001069651,-811406.6997028384,207722.75276943995,300.86773652311894,726.2395251272565,1.0355205636272284,367,0:58
4880000,9764.000001071689,-810608.5492810002,207319.9289191605,300.28428238323653,726.8965157719463,1.0345846294083603,367,0:56
4885000,9774.000001073726,-810572.4949413398,206075.69572448186,298.4821224368709,726.853593427089,1.0346457239652957,367,0:54
4890000,9784.000001075763,-809835.719138159,208945.0295181123,302.6380945309683,729.2951968226644,1.0311818392121026,367,0:51
4895000,9794.0000010778,-809779.098265864,207811.27657719416,300.99595530181466,727.072572923126,1.0343341096813188,367,0:49
4900000,9804.000001079838,-809331.9918607371,207593.45114709457,300.6804547452436,726.0613982651753,1.0357746110522261,367,0:47
4905000,9814.000001081875,-811309.0987558765,207334.17814364098,300.30492110412524,725.3376699336467,1.0368080875448578,367,0:44
4910000,9824.000001083912,-810865.0022783792,207075.73725620232,299.930592708261,726.5858617231529,1.0350269692898202,367,0:42
4915000,9834.00000108595,-810496.4539587875,207546.32408712784,300.61219543483037,726.0635035329966,1.035771607757131,367,0:40
4920000,9844.000001087987,-811578.2459046734,207372.0080544775,300.3597143296844,726.2072742238524,1.0355665511501517,367,0:37
4925000,9854.000001090024,-809479.0322712632,206916.30030072597,299.69966260901685,730.2892978281345,1.0297781504188641,367,0:35
4930000,9864.000001092061,-811818.1895059235,207170.25140262974,300.0674879540918,729.5925508220348,1.0307615689617793,367,0:32
4935000,9874.000001094098,-809713.0936202621,207848.9939214329,301.0505854847748,728.7177320466981,1.031998988519131,367,0:30
4940000,9884.000001096136,-808530.1635547746,208751.73620148358,302.3581265357257,727.6316698589293,1.033539349014247,367,0:28
4945000,9894.000001098173,-810831.2973905359,206645.6798150015,299.3076931597814,727.8941023946467,1.0331667201507446,367,0:25
4950000,9904.00000110021,-811061.4397439589,206936.64879264208,299.72913557056216,727.9680255356055,1.0330618049258875,367,0:23
4955000,9914.000001102248,-810883.3314987598,206813.58337207453,299.55088637042985,728.505801623952,1.0322992084781522,367,0:21
4960000,9924.000001104285,-811156.085336681,207644.41541218362,300.75427190237474,727.6975169425074,1.0334458272551215,367,0:18
4965000,9934.000001106322,-809571.2031625132,207453.68839601945,300.47802096268686,729.0782169870172,1.031488727637489,367,0:16
4970000,9944.00000110836,-812245.8530307738,207009.13487123273,299.8341251400929,728.6268014758995,1.032127779083655,367,0:14
4975000,9954.000001110397,-810382.6847877936,207131.18304517405,300.0109009499208,727.8029393442156,1.0332961324198098,367,0:11
4980000,9964.000001112434,-809967.0213671173,207389.38610140578,300.384884868659,729.6525376802614,1.0306768270539401,367,0:09
4985000,9974.000001114471,-811589.0804866911,207186.27657668456,300.0906989783103,726.2437527167301,1.0355145356843813,367,0:07
4990000,9984.000001116508,-810505.0845358502,208297.3833867789,301.7000373224808,727.919745738477,1.0331303234880713,367,0:04
4995000,9994.000001118546,-811170.9173149266,207116.52985831926,299.9896771258425,727.6818328896424,1.0334681015764735,367,0:02
5000000,10004.000001120583,-811132.51724103,207665.2614776161,300.78446555443486,729.3393989000288,1.031119343781988,367,0:00
