#"Step","Time (ps)","Potential Energy (kJ/mole)","Kinetic Energy (kJ/mole)","Temperature (K)","Box Volume (nm^3)","Density (g/mL)","Speed (ns/day)","Time Remaining"
5000,14.000000000001178,-1588607.4973532474,409406.0248534563,300.8350319547529,1451.8877694005162,1.0146232311827674,0,--
10000,23.99999999999741,-1592830.1634409,407979.927667823,299.7871236037115,1443.198854551695,1.0207318660611684,228,1:03:07
15000,33.99999999999542,-1593801.7602862688,409085.04543262615,300.59917354412784,1440.1657367254402,1.022881618648545,228,1:02:50
20000,44.00000000000764,-1594617.402015943,409348.2606844038,300.7925863516405,1441.5341610745054,1.0219106141791632,228,1:02:46
25000,54.00000000001986,-1597276.2869451428,406722.3353568744,298.8630340689137,1436.57244409459,1.0254401481523168,228,1:02:46
30000,64.00000000003207,-1595248.9346870566,410385.19356317725,301.5545334574077,1435.659554749792,1.0260921922820545,228,1:02:43
35000,74.00000000000877,-1597421.8891171953,408746.98184877774,300.3507615450954,1435.9486385665357,1.0258856203759925,228,1:02:38
40000,83.99999999998546,-1595583.6287805447,408119.79977450665,299.88990281830377,1438.6756957365637,1.0239410203907662,229,1:02:26
45000,93.99999999996216,-1595812.6009859992,407774.34650303284,299.6360608139026,1434.602857178862,1.026847989694355,229,1:02:23
50000,103.99999999993885,-1598682.334534295,409309.8431984353,300.76435685593856,1432.944243504956,1.0280365524206787,229,1:02:13
55000,113.99999999991554,-1597304.123235846,408402.3521029204,300.09752467432713,1436.0527968537194,1.0258112119076557,224,1:03:36
60000,123.99999999989224,-1598956.2133543622,408459.86491575564,300.1397855787515,1437.7714849756453,1.0245849742449482,224,1:03:24
65000,133.99999999991155,-1597217.7765547791,406161.63533909176,298.45102692312963,1436.2274290216383,1.0256864826118695,225,1:03:11
70000,143.9999999999593,-1596337.4376246957,408715.95246895176,300.32796089267504,1434.7297828928556,1.0267571479095055,225,1:02:58
75000,154.00000000000705,-1598245.8315833183,409520.7792340738,300.9193544504279,1434.9994071815522,1.026564228899028,225,1:02:55
80000,164.0000000000548,-1599957.8362382092,408248.29160328355,299.98431970782036,1434.6408353020283,1.0268208067517912,226,1:02:42
85000,174.00000000010255,-1596365.7077552686,409899.2688784623,301.1974718628546,1435.3692156088562,1.026299744960758,226,1:02:34
90000,184.0000000001503,-1601079.932459496,408223.09816514805,299.9658073550301,1434.9326355808937,1.0266119979266761,226,1:02:28
95000,194.00000000019804,-1596276.0501592522,407653.57654898433,299.5473180236656,1433.5315830078016,1.027615350345494,226,1:02:24
100000,204.0000000002458,-1597830.3539929222,408939.84732411994,300.4924807380611,1432.110501887278,1.0286350515288956,227,1:02:17
105000,214.00000000029354,-1597980.0391939785,408143.5896211603,299.9073838001257,1434.0174576426589,1.027267173110648,224,1:02:57
110000,224.0000000003413,-1598712.8885293938,409218.8461524488,300.6974914519745,1434.308057395108,1.0270590423784345,224,1:02:51
115000,234.00000000038904,-1595351.2157535749,407764.32569186843,299.6286974365612,1436.9599915627875,1.0251635874021652,224,1:02:43
120000,244.00000000043678,-1597361.7128643068,408665.5285200431,300.29090894580486,1430.656425112745,1.0296805256984052,224,1:02:38
125000,254.00000000048453,-1598678.6232737312,407902.698750983,299.73037513823965,1432.6750546062688,1.0282297127793145,225,1:02:31
130000,264.0000000005323,-1597858.9696961334,412088.2991918968,302.80598997034383,1433.4944776786488,1.0276419496846687,225,1:02:24
135000,274.00000000058003,-1599826.283170335,409001.8745873015,300.5380588990273,1433.5616846299347,1.027593772697803,225,1:02:17
140000,284.0000000006278,-1600206.9355330933,408704.3081882909,300.31940457612853,1431.950974286783,1.0287496474085742,225,1:02:10
145000,294.0000000006755,-1598997.4828929259,408754.4159830139,300.356224210212,1435.3982099052644,1.0262790142403184,225,1:02:06
150000,304.0000000007233,-1598019.873893463,406314.5194103231,298.5633674400302,1432.274649323805,1.0285171636594772,225,1:02:00
155000,314.000000000771,-1597986.4384088498,410114.99922073213,301.3559923546661,1434.0683486385688,1.0272307183283116,224,1:02:24
160000,324.0000000008188,-1598861.8263930725,407966.772964653,299.7774574158485,1432.264014442669,1.0285248006298064,224,1:02:18
165000,334.0000000008665,-1596431.172996249,407757.9506879936,299.6240130294495,1434.0622821730503,1.0272350637879262,224,1:02:10
170000,344.00000000091427,-1596542.1873344583,408770.5647919519,300.36809049247944,1435.779313893433,1.0260066053669519,224,1:02:03
175000,354.000000000962,-1596930.283876677,409143.22440041613,300.64192394488333,1431.893460213116,1.028790968627401,224,1:01:57
180000,364.00000000100977,-1596684.4840368424,406976.9690153422,299.05014104861516,1434.9082675107536,1.026629432179261,224,1:01:52
185000,374.0000000010575,-1598928.3095244728,408918.5441777242,300.4768270047557,1433.0906211316048,1.027931547511406,224,1:01:48
190000,384.00000000110526,-1598602.6171635222,408355.58264865563,300.06315808122855,1435.2103415190752,1.026413353700262,224,1:01:43
195000,394.000000001153,-1600666.0806166502,407472.9764563592,299.4146115383241,1432.7450954309754,1.0281794469942138,225,1:01:37
200000,404.00000000120076,-1598834.8818731904,407881.2870108873,299.7146416093591,1434.8471041068549,1.0266731944382748,225,1:01:31
205000,414.0000000012485,-1598570.0740974033,409674.70864579064,301.03246309241524,1433.8292493995443,1.0274020149336482,223,1:01:47
210000,424.00000000129626,-1599906.1603454538,408246.96489503275,299.98334483130463,1432.7554930892582,1.0281719853871254,224,1:01:41
215000,434.000000001344,-1599659.1310163438,407603.1286284381,299.510248462232,1432.5691344151494,1.0283057372343134,224,1:01:34
220000,444.00000000139175,-1597398.0931697953,408587.6628198439,300.2336925665002,1435.3085658146372,1.0263431118505135,224,1:01:27
225000,454.0000000014395,-1598572.430754587,408211.21394079505,299.9570747258162,1436.0583426747899,1.0258072503935136,224,1:01:21
230000,464.00000000148725,-1598935.0113077024,410933.6022273073,301.957508811903,1432.2182011904176,1.028557700690774,224,1:01:16
235000,474.000000001535,-1598607.3396002157,409212.0751790058,300.6925160830536,1435.315648305258,1.0263380474136616,224,1:01:10
240000,484.00000000158275,-1601573.5472587962,407544.10824832483,299.46687978453923,1435.42494810308,1.026259897356964,224,1:01:05
245000,494.0000000016305,-1597703.2044295687,409528.01538564847,300.92467163619955,1433.9774786731236,1.0272958130883527,225,1:00:59
250000,504.00000000167825,-1598367.1733697606,408914.255213565,300.4736754373836,1433.9257513035589,1.0273328717088062,225,1:00:53
255000,514.0000000016692,-1601239.659233857,409489.0019784268,300.89600425248824,1431.8280322725345,1.0288379796321088,224,1:01:05
260000,524.0000000014327,-1599194.4845067402,408279.99813945615,300.0076179404882,1436.1765222512688,1.0257228391358986,224,1:01:00
265000,534.0000000011962,-1598383.9690011097,409179.53134585253,300.6686025974372,1432.044248450512,1.0286826412646284,224,1:00:54
270000,544.0000000009597,-1598513.8291361872,408447.659258364,300.1308167578047,1436.3130628100469,1.025625330609914,224,1:00:48
275000,554.0000000007233,-1599494.8787306286,407870.16945597355,299.70647233537505,1432.4797457442462,1.0283699049011907,224,1:00:43
280000,564.0000000004868,-1596212.094775727,408928.91300112795,300.4844461044529,1438.613124262861,1.0239855559907478,224,1:00:38
285000,574.0000000002503,-1598959.6957383258,408360.5678256237,300.06682123169884,1435.3398786934886,1.02632072150381,224,1:00:34
290000,584.0000000000139,-1597154.4484943962,410534.62853499677,301.6643395467015,1436.164285746157,1.0257315785697425,224,1:00:28
295000,593.9999999997774,-1598888.5741939768,409296.8661614832,300.7548212187247,1436.0630163179553,1.0258039119209046,224,1:00:23
300000,603.9999999995409,-1599388.5283721723,406814.16276138375,298.93050962738835,1432.4739558204683,1.028374061474747,224,1:00:18
305000,613.9999999993045,-1598761.409560266,408315.75315132644,300.0338910275596,1435.346856619212,1.026315732054932,224,1:00:27
310000,623.999999999068,-1596673.3002552688,408023.66295517155,299.819260665133,1437.0642928084283,1.0250891816572818,224,1:00:24
315000,633.9999999988315,-1601686.2124999017,408229.919606862,299.9708198084661,1434.6562858059015,1.0268097484244352,224,1:00:18
320000,643.9999999985951,-1599400.4186944552,405170.5149087907,297.7227431944587,1434.01915865311,1.0272659545828569,224,1:00:13
325000,653.9999999983586,-1596758.7813648619,409892.6971992249,301.19264293701235,1437.4566835384849,1.0248093572305914,224,1:00:08
330000,663.9999999981221,-1599983.5790580334,408482.4104919887,300.1563522600771,1435.4455690641264,1.02624515457199,224,1:00:03
335000,673.9999999978857,-1597365.693928443,408182.5305770427,299.93599794597617,1436.0451947604274,1.0258166423165045,224,59:59
340000,683.9999999976492,-1597196.7072519045,408704.9873977446,300.31990366501657,1434.7058501201427,1.026774275563547,224,59:53
345000,693.9999999974127,-1599824.0872237086,409526.6185208238,300.92364520803613,1434.7801947900616,1.0267210721565896,224,59:48
350000,703.9999999971762,-1600355.0141999917,408041.17097831005,299.83212570956476,1436.606582498485,1.0254157803884667,224,59:44
355000,713.9999999969398,-1597994.2962827068,408426.8399492566,300.11551855225724,1433.9171730243565,1.0273390176343677,223,59:51
360000,723.9999999967033,-1599038.394741727,407669.84965944075,299.5592756437468,1433.7965837593483,1.0274254218415297,224,59:47
365000,733.9999999964668,-1599719.9951797016,409222.0391839418,300.6998377186948,1431.6080076009853,1.0289961023426162,224,59:43
370000,743.9999999962304,-1601432.4755944414,409339.0421058895,300.78581246167903,1431.353757711352,1.0291788818574945,224,59:38
375000,753.9999999959939,-1598767.981251209,408621.8417867343,300.258807562305,1434.1330950965355,1.0271843421929625,224,59:32
380000,763.9999999957574,-1600961.8178928867,408956.30114624195,300.5045711466124,1434.693996627022,1.0267827588093406,224,59:28
385000,773.999999995521,-1596219.6709900014,409098.40680445137,300.60899159387793,1435.2609159092458,1.0263771859004907,224,59:22
390000,783.9999999952845,-1597545.9802242527,408544.51382884075,300.2019863206239,1436.26779085329,1.0256576588887432,224,59:17
395000,793.999999995048,-1599612.8546364,410577.12508598465,301.695566374101,1434.3787025074234,1.027008458316306,224,59:13
400000,803.9999999948116,-1599874.5972670726,409277.6778209706,300.7407214627836,1433.6383367914132,1.0275388304702007,224,59:08
405000,813.9999999945751,-1594778.6091798032,409522.8256725484,300.92085819083843,1434.3203935189238,1.0270502089772153,223,59:15
410000,823.9999999943386,-1600723.9437888758,407148.75371180254,299.1763699058174,1432.7807909190742,1.0281538315145493,223,59:10
415000,833.9999999941022,-1598029.338764634,408530.491084756,300.1916822889078,1432.8086261356068,1.0281338575389554,223,59:05
420000,843.9999999938657,-1601302.809871316,409054.7136762424,300.576885511351,1433.6816188059727,1.0275078096702983,223,59:01
425000,853.9999999936292,-1598412.042377823,408654.97136711114,300.2831514599672,1434.1185733976379,1.0271947433285495,224,58:55
430000,863.9999999933927,-1598804.773215592,410317.16083133826,301.5045424269531,1433.7446446205436,1.0274626415736463,224,58:52
435000,873.9999999931563,-1598550.705982267,408446.5988358947,300.13003755034794,1435.6546754200842,1.026095679640263,224,58:46
440000,883.9999999929198,-1601073.2137958398,407831.06314106676,299.6777366823059,1433.3318381883962,1.0277585557338793,224,58:42
445000,893.9999999926833,-1598905.600139632,407306.36442722543,299.2921836011035,1434.1022257474208,1.0272064525498779,224,58:37
450000,903.9999999924469,-1599301.1664681118,408601.63940381305,300.2439626793704,1435.6164234062599,1.0261230199698126,224,58:33
455000,913.9999999922104,-1600524.9401812768,408863.9267643782,300.43669366452184,1432.5968294615916,1.0282858579671226,223,58:37
460000,923.9999999919739,-1598353.710538119,408778.1280948847,300.3736480718538,1434.7414491484974,1.0267487990802604,223,58:32
465000,933.9999999917375,-1598819.5422740849,409575.5939326044,300.95963275749466,1433.3696332262928,1.0277314558339916,223,58:28
470000,943.999999991501,-1596536.3931414392,405846.6360846526,298.21956278967224,1436.0599944860367,1.0258060704706973,223,58:23
475000,953.9999999912645,-1596849.0510655902,409368.45642081107,300.80742635066,1436.604776198627,1.0254170696841793,223,58:19
480000,963.9999999910281,-1596481.6122111129,407738.7190529527,299.6098814603204,1437.7002584020954,1.024635734253232,224,58:14
485000,973.9999999907916,-1599712.039597977,407446.5390323285,299.39518509410925,1435.0928213713842,1.026497406973418,224,58:09
490000,983.9999999905551,-1600189.6438189968,409256.5818509713,300.7252199644577,1435.5753774536886,1.0261523588658896,224,58:04
495000,993.9999999903187,-1598840.6507605417,409080.8881459696,300.59611873450547,1433.749512581321,1.027459153064813,224,58:00
500000,1003.9999999900822,-1597499.7667065635,407251.2050898323,299.25165205046693,1434.6546686726624,1.026810905837582,224,57:55
505000,1013.9999999898457,-1598071.6748702023,407868.8576868874,299.7055084362847,1434.8062547035538,1.0267024241598768,223,57:59
510000,1023.9999999896093,-1598774.547784186,409728.35290511313,301.07188135078906,1433.9454317996108,1.0273187718552987,223,57:54
515000,1033.9999999893728,-1597823.226096712,409525.6464742642,300.92293093995005,1435.328280707861,1.0263290145564428,223,57:50
520000,1043.9999999891363,-1599261.77425199,408401.2892678259,300.09674369405275,1436.1378989614543,1.025750424781061,223,57:45
525000,1053.9999999888998,-1600360.6209019702,408863.92391952703,300.43669157410096,1434.2908537301093,1.0270713614834843,223,57:40
530000,1063.9999999886634,-1598114.9377902355,408217.42017510615,299.9616351196159,1433.5811794848667,1.027579798747939,224,57:35
535000,1073.999999988427,-1600036.9022491844,408759.749752618,300.3601435095185,1433.8668179950196,1.027375096080234,224,57:30
540000,1083.9999999881904,-1598535.0710460683,407022.72496382945,299.08376290904135,1434.0280578206543,1.0272595796644635,224,57:26
545000,1093.999999987954,-1600483.485551632,408720.44169064256,300.331259610986,1433.555472365782,1.0275982257406608,224,57:22
550000,1103.9999999877175,-1599816.4450689778,408227.0803226561,299.9687334782634,1437.7443916117845,1.0246042818866092,224,57:18
555000,1113.999999987481,-1599280.4892134042,407649.6924985023,299.5444639903101,1434.3620733560658,1.0270203648491238,223,57:22
560000,1123.9999999872446,-1599757.4769452102,408053.5970132204,299.84125646578815,1431.2877882100663,1.0292263177527277,223,57:18
565000,1133.999999987008,-1600394.6263683802,407461.10543075687,299.40588860766456,1431.4514292784258,1.0291086583681506,223,57:13
570000,1143.9999999867716,-1599523.1189309033,409596.4278574517,300.9749417028123,1432.8765130332374,1.028085146559815,223,57:07
575000,1153.9999999865352,-1598887.3237656541,407869.62397351064,299.7060715102181,1432.5814872600863,1.0282968703730335,223,57:03
580000,1163.9999999862987,-1602187.1047192495,408150.0716092905,299.91214682017886,1433.4745785838045,1.0276562151239923,223,56:58
585000,1173.9999999860622,-1603223.7288886746,408688.1056154139,300.3074987876611,1430.2356788688494,1.0299834367640435,223,56:53
590000,1183.9999999858258,-1599706.3492438877,407628.4130544207,299.5288276736668,1432.4204837803456,1.0284124505230043,224,56:48
595000,1193.9999999855893,-1599406.4010213846,408369.30973511504,300.07324486120484,1432.886184469213,1.0280782073766612,224,56:43
600000,1203.9999999853528,-1601635.2148387954,407656.1536074871,299.5492116681895,1435.7699526379886,1.0260132949552823,224,56:39
605000,1213.9999999851163,-1597862.8674041731,409631.82226102694,301.00094981183895,1437.16563988003,1.0250168936872603,223,56:41
610000,1223.9999999848799,-1597784.633661502,407334.267458911,299.3126869862986,1434.2902760036277,1.027071775183789,223,56:36
615000,1233.9999999846434,-1598866.7736025192,408597.526687506,300.24094062042025,1431.2926645129512,1.0292228112586423,223,56:31
620000,1243.999999984407,-1600933.2538257772,410594.8357741735,301.70858033853676,1436.3489291145947,1.0255997202657183,223,56:26
625000,1253.9999999841705,-1599037.5042575663,410174.97164412343,301.4000606018634,1435.5292320356552,1.0261853447699791,224,56:22
630000,1263.999999983934,-1598905.1092591407,408963.9206395033,300.51017001511855,1431.6184165214488,1.028988620782961,224,56:18
635000,1273.9999999836975,-1599376.3720816774,407854.77034760686,299.695156939469,1432.3684679636049,1.0284497968586412,224,56:13
640000,1283.999999983461,-1598831.6626000013,407022.7062289582,299.0837491424985,1434.1214861652672,1.0271926570481151,224,56:09
645000,1293.9999999832246,-1597094.770167538,410117.19136130443,301.35760315821824,1433.975626754241,1.0272971397974535,224,56:04
650000,1303.9999999829881,-1601359.31660611,409218.7383287089,300.69741222217266,1431.7985334676691,1.0288591763927495,224,56:00
655000,1313.9999999827517,-1599276.8124913638,408138.0645530534,299.90332393305096,1432.4966106767165,1.028357797794709,223,56:01
660000,1323.9999999825152,-1598723.2726424364,406871.52789092815,298.9726620128735,1434.70933465675,1.0267717817953224,223,55:56
665000,1333.9999999822787,-1598091.0004697517,407062.8326595174,299.11323438523243,1435.932419206098,1.0258972081139823,223,55:52
670000,1343.9999999820423,-1601801.791164252,407969.8319692861,299.77970519849134,1435.7924787201785,1.0259971978798674,224,55:47
675000,1353.9999999818058,-1601674.773798355,409481.92012379155,300.89080044542106,1434.0392132761951,1.0272515885659887,224,55:42
680000,1363.9999999815693,-1602557.1958271815,408492.57226764644,300.1638192193281,1432.2090867555844,1.0285642463287135,224,55:37
685000,1373.9999999813328,-1598519.2311395612,407509.916129441,299.4417551245377,1431.0185520123823,1.029419959533233,224,55:33
690000,1383.9999999810964,-1601182.9511238886,407636.10237929923,299.5344778550396,1431.9329490271386,1.0287625973721297,224,55:29
695000,1393.99999998086,-1598659.906076014,408015.85969225876,299.81352676112283,1433.0962939498866,1.0279274785113675,224,55:25
700000,1403.9999999806234,-1600746.449097231,407924.7413450844,299.7465722240134,1430.7087426797032,1.029642872765812,224,55:20
705000,1413.999999980387,-1600821.645374692,408810.4513534586,300.3973994773917,1431.1391876969244,1.0293331861553763,223,55:22
710000,1423.9999999801505,-1601460.214115451,407317.6011812942,299.3004404636412,1434.5346137244326,1.026896838744995,223,55:17
715000,1433.999999979914,-1600764.750696823,409747.3059377504,301.0858082005004,1433.2931441823314,1.027786301694955,223,55:13
720000,1443.9999999796776,-1599123.2484326148,408552.17916161456,300.20761887239394,1433.4885635330165,1.027646189428398,223,55:09
725000,1453.999999979441,-1599946.39605154,407226.0545121352,299.23317119189164,1431.9607419424922,1.028742630126555,224,55:04
730000,1463.9999999792046,-1599644.6944751628,408709.61262758984,300.3233023232771,1431.6949316051484,1.0289336278171364,224,55:00
735000,1473.9999999789682,-1598940.3257907042,409446.62946356717,300.8648685678916,1431.828942265174,1.028837325758618,224,54:56
740000,1483.9999999787317,-1601272.398303602,405642.8064386706,298.0697870307926,1432.7735010351569,1.0281590627126944,224,54:51
745000,1493.9999999784952,-1597011.0081644924,407339.28163807135,299.3163714478266,1431.7895778804857,1.0288656117224906,224,54:47
750000,1503.9999999782588,-1599465.8848880678,410407.217277727,301.5707166703262,1433.758338843987,1.0274528279930641,224,54:43
755000,1513.9999999780223,-1601300.1067585861,409236.2214545723,300.7102589718746,1432.2133156472896,1.0285612092903322,223,54:44
760000,1523.9999999777858,-1600254.1020743316,409787.5809503684,301.11540262259587,1431.9986820254921,1.0287153741093094,223,54:40
765000,1533.9999999775494,-1599809.4003035482,408286.2156424385,300.0121866146034,1432.6660512435913,1.0282361745259385,223,54:36
770000,1543.9999999773129,-1598719.9664385738,408527.4784932851,300.1894686110516,1434.300273966232,1.0270646158564245,223,54:32
775000,1553.9999999770764,-1596368.3603495965,407795.94624689466,299.6519324895508,1437.6113609611318,1.0246990945585053,223,54:27
780000,1563.99999997684,-1599581.193049713,408266.6027542343,299.9977748974048,1433.770129670323,1.0274443785787455,223,54:23
785000,1573.9999999766035,-1600703.3240207378,406577.05542880174,298.75628114113306,1434.3684086828093,1.0270158286995932,223,54:19
790000,1583.999999976367,-1601010.976730113,409488.4702968938,300.8956135683721,1434.1814534216803,1.0271497071652365,223,54:15
795000,1593.9999999761305,-1599147.5460535958,407609.3307801988,299.51480585613893,1434.1826197998366,1.027148871814867,224,54:10
800000,1603.999999975894,-1599500.9264495699,406980.4304376247,299.0526845311722,1432.5137553929303,1.0283454901274747,224,54:06
805000,1613.9999999756576,-1598690.391635744,408272.4591065212,300.0020781949149,1433.8834933230235,1.0273631482359427,223,54:06
810000,1623.9999999754211,-1603075.1749005467,406567.9736097603,298.74960774319635,1432.3618474347338,1.0284545504630356,223,54:02
815000,1633.9999999751847,-1601998.5035864785,407995.118464462,299.798285930387,1432.7360708894282,1.028185923307839,223,53:57
820000,1643.9999999749482,-1600400.453914106,410112.71661126905,301.35431507380287,1429.197182207161,1.0307318529895932,223,53:53
825000,1653.9999999747117,-1598667.4824042814,409556.9131671667,300.9459059720391,1431.6103770838984,1.0289943992335016,223,53:49
830000,1663.9999999744753,-1599393.2803939944,408436.4331790875,300.12256773919523,1431.1424682479346,1.0293308266558168,223,53:44
835000,1673.9999999742388,-1600607.7379253367,407306.3825039217,299.2921968840138,1432.920282845891,1.0280537427931185,223,53:40
840000,1683.9999999740023,-1599303.8592657223,408246.760727625,299.9831948073555,1433.8495650576922,1.0273874580731348,224,53:36
845000,1693.9999999737659,-1600339.3431011662,408926.9165260674,300.4829790775843,1433.0386754850056,1.027968808591521,224,53:31
850000,1703.9999999735294,-1598145.512110277,407906.8529466174,299.7334276765526,1436.4124018773189,1.0255544006572206,224,53:27
855000,1713.999999973293,-1595491.3282417692,408898.7853027361,300.4623080152255,1436.8586640214012,1.0252358821298455,223,53:27
860000,1723.9999999730564,-1599514.648830804,408888.32185148733,300.4546193821823,1432.4689022047437,1.0283776894818333,223,53:23
865000,1733.99999997282,-1598885.3534683818,407685.5110988529,299.5707838027381,1434.7380866472777,1.0267512054038408,223,53:18
870000,1743.9999999725835,-1599421.8382457532,407491.3105234589,299.4280835668898,1434.3517252127444,1.0270277742967109,223,53:14
875000,1753.999999972347,-1600193.783295162,408619.6560226694,300.2572014442647,1431.4683966111613,1.029096460244134,223,53:10
880000,1763.9999999721106,-1598862.5110992175,407799.97157247365,299.6548903330501,1432.2301553221087,1.0285491158176234,223,53:06
885000,1773.999999971874,-1598525.4947688803,409822.19069726527,301.14083415921624,1435.008177778088,1.0265579546625399,223,53:02
890000,1783.9999999716376,-1600709.3003054634,407453.9596995162,299.40063786352397,1432.5317292160332,1.028332587586085,223,52:57
895000,1793.9999999714012,-1601389.0345074506,408484.5919259982,300.1579551963558,1431.1170860789919,1.02934908277839,224,52:53
900000,1803.9999999711647,-1596913.9337390559,408014.48859895614,299.8125192700932,1432.9951417944276,1.0280000377804637,224,52:49
905000,1813.9999999709282,-1598894.229266501,410449.5247884004,301.6018045892935,1431.6912830682147,1.028936249962279,223,52:50
910000,1823.9999999706918,-1600635.2037143968,409823.5793843095,301.1418545782769,1430.6521741163647,1.0296835852598185,223,52:45
915000,1833.9999999704553,-1599702.2623270443,407022.93142182817,299.0839146161362,1435.701620856749,1.0260621277454676,223,52:41
920000,1843.9999999702188,-1599136.4895371618,408324.94456757035,300.04064495845364,1434.015440307804,1.0272686182428377,223,52:37
925000,1853.9999999699824,-1600014.469521354,407016.7713018517,299.0793881075421,1434.9359512942863,1.0266096257294033,223,52:33
930000,1863.9999999697459,-1601549.5620687008,409726.0798519511,301.07021109197717,1434.955414168559,1.0265957014123996,223,52:29
935000,1873.9999999695094,-1598935.8463286152,408001.2595779974,299.80279847288637,1432.2636424326463,1.028525067774432,223,52:24
940000,1883.999999969273,-1598557.9856292782,407703.44856782,299.5839644076201,1434.603217821148,1.026847731556912,223,52:20
945000,1893.9999999690365,-1602158.0760695217,406868.3814561463,298.9703499858132,1432.5556022607968,1.0283154507783712,223,52:16
950000,1903.9999999688,-1598982.3473609723,408678.7968500259,300.3006586276171,1434.946947743336,1.0266017584974745,223,52:12
955000,1913.9999999685635,-1597826.8618614674,408577.0061459114,300.2258619517842,1434.9302589635272,1.0266136982629033,223,52:12
960000,1923.999999968327,-1600026.4437203184,408915.1615171429,300.4743413969671,1434.7387703759807,1.0267507161027327,223,52:08
965000,1933.9999999680906,-1601729.201732384,409975.048693047,301.25315551565444,1433.7111332800296,1.0274866573252492,223,52:03
970000,1943.9999999678541,-1601687.8481748076,408029.1877239471,299.82332031225656,1433.2953487852405,1.0277847208200346,223,51:59
975000,1953.9999999676177,-1598765.0231292453,409986.9076298829,301.2618695633856,1434.2464920306213,1.0271031291268733,223,51:55
980000,1963.9999999673812,-1600123.3557402985,408158.11005737237,299.91805354025325,1434.7625324450853,1.0267337113922546,223,51:52
985000,1973.9999999671447,-1603110.1405480532,410361.81161664915,301.53735220407015,1434.168016839527,1.0271593304320104,223,51:47
990000,1983.9999999669083,-1600017.2073355215,408899.0377255772,300.46249349767777,1431.9799737062942,1.0287288139170834,223,51:43
995000,1993.9999999666718,-1599965.5385650937,407507.1828951206,299.43974672069356,1430.657067221764,1.029680063556102,223,51:39
1000000,2003.9999999664353,-1599902.7968750726,407202.96675721044,299.2162061130483,1433.0177178302997,1.0279838424707752,223,51:35
1005000,2013.9999999661989,-1599957.74514387,407058.90981418896,299.1103518450935,1434.8099972428197,1.0266997461229632,223,51:35
1010000,2023.9999999659624,-1599235.190806712,408706.8760260853,300.3212914451974,1432.6208827242635,1.028268593364783,223,51:31
1015000,2033.999999965726,-1600952.467730932,407786.0703506937,299.644675596958,1431.981449050116,1.0287277540369426,223,51:27
1020000,2043.9999999654895,-1601579.6875664499,407009.77675469,299.0742484547497,1431.0914595802878,1.0293675152920907,223,51:23
1025000,2053.999999965253,-1599153.8083445402,408962.445821197,300.5090863060733,1434.3184588228644,1.0270515943250647,223,51:18
1030000,2063.9999999650167,-1598187.3582160864,407712.02142095304,299.59026381307496,1438.0005069988836,1.0244217945223826,223,51:14
1035000,2073.9999999647803,-1599621.224584545,407837.51382224984,299.6824766977479,1431.9895358715276,1.0287219445408398,223,51:10
1040000,2083.999999964544,-1599706.592053554,408793.1198413682,300.3846641347807,1432.7115559967413,1.0282035164287062,223,51:05
1045000,2093.9999999643073,-1600233.5493179085,408987.17110135034,300.52725465239325,1432.7544410874932,1.0281727403237093,223,51:01
1050000,2103.999999964071,-1598615.67802067,409744.45862971473,301.0837159743193,1431.5311227179334,1.0290513678158806,223,50:57
1055000,2113.9999999638344,-1599671.6170289936,409316.9860186841,300.76960546105755,1433.460521793487,1.0276662925190199,223,50:57
1060000,2123.999999963598,-1599158.2049439289,408568.60267618723,300.2196870107,1436.3188880016535,1.0256211710433183,223,50:52
1065000,2133.9999999633615,-1600685.47779027,407714.7669643073,299.59228126170194,1437.1081857143024,1.0250578728501856,223,50:48
1070000,2143.999999963125,-1596744.5135939512,410016.3917337166,301.2835347338533,1436.664473447304,1.0253744608642787,223,50:44
1075000,2153.9999999628885,-1600066.5341900447,407799.08130241337,299.6542361550318,1435.7461047895993,1.0260303371115675,223,50:40
1080000,2163.999999962652,-1600853.474630149,409714.7705755514,301.0619009394133,1434.974795519952,1.0265818357946273,223,50:36
1085000,2173.9999999624156,-1599381.0725351581,409665.84850203886,301.0259525833682,1433.5512835623422,1.0276012283587268,223,50:32
1090000,2183.999999962179,-1599450.5677316329,408438.8161529634,300.1243187686832,1432.5371444725106,1.0283287002979073,223,50:28
1095000,2193.9999999619426,-1601432.3725004578,408697.8308712828,300.31464498845554,1435.5710674078744,1.0261554397051316,223,50:24
1100000,2203.999999961706,-1600187.1406758837,409114.4928439695,300.6208117526413,1434.8062057284872,1.026702459204902,223,50:20
1105000,2213.9999999614697,-1601400.5703987926,408942.1482440949,300.4941714736443,1435.0035058457104,1.0265612968211661,223,50:19
1110000,2223.9999999612332,-1600382.0679348828,408732.2586211917,300.33994279214005,1432.0560138818403,1.028674189852912,223,50:15
1115000,2233.999999960997,-1600005.8076994196,409720.3105169247,301.06597173549085,1433.0633733565483,1.0279510922489945,223,50:11
1120000,2243.9999999607603,-1599038.1200558208,410015.0928954821,301.2825803364628,1429.8749228544013,1.0302433005560825,223,50:06
1125000,2253.999999960524,-1600760.0417969692,409713.7063519382,301.06111893884355,1433.2140163300999,1.0278430458529662,223,50:02
1130000,2263.9999999602874,-1601659.7587409187,409352.0454593191,300.7953674364645,1431.9043028120475,1.0287831784644443,223,49:58
1135000,2273.999999960051,-1599298.8821394378,408161.332013246,299.9204210608547,1431.946731120092,1.0287526958154336,223,49:54
1140000,2283.9999999598144,-1599719.0546357166,407883.3064628625,299.7161255198602,1434.2510075622563,1.0270998954413837,223,49:50
1145000,2293.999999959578,-1600843.7494435655,408456.7236467471,300.13747734754537,1435.0438825189283,1.0265324132932654,223,49:46
1150000,2303.9999999593415,-1600623.9233839717,408143.4588074411,299.9072876770913,1432.4567810444162,1.0283863914063982,223,49:42
1155000,2313.999999959105,-1601446.8428036952,410070.27549769834,301.3231289822894,1430.5192684421202,1.0297792503754,223,49:41
1160000,2323.9999999588686,-1600322.7387382556,407519.58936703636,299.448863101862,1432.10109939858,1.0286418050531059,223,49:37
1165000,2333.999999958632,-1601370.1874384964,408770.04425106023,300.36770799460135,1433.3290941464993,1.0277605233298406,223,49:33
1170000,2343.9999999583956,-1600360.6471527368,410385.2160763247,301.5545500002601,1434.4482959841303,1.026958632129178,223,49:28
1175000,2353.999999958159,-1599373.5039495127,408403.6528837426,300.0984804991476,1435.4305195764696,1.026255914036538,223,49:24
1180000,2363.9999999579227,-1599857.0956597272,410087.7257717077,301.33595159216947,1434.8678211208896,1.0266583710499004,223,49:20
1185000,2373.999999957686,-1601434.5114447642,410834.70988794754,301.884841879163,1432.6851707777682,1.0282224524625836,223,49:16
1190000,2383.9999999574497,-1599798.2914588973,408549.31802687934,300.20551648623626,1431.582704590007,1.0290142896953907,223,49:12
1195000,2393.9999999572133,-1603049.0292934356,409925.7118563409,301.21690238808424,1431.7690027888766,1.0288803969316782,223,49:08
1200000,2403.999999956977,-1602265.5931157805,406479.6144143093,298.6846806542594,1433.9115104321675,1.0273430746503374,223,49:04
1205000,2413.9999999567403,-1600230.2643476836,407854.6486189618,299.6950674922244,1432.435673185383,1.0284015453399311,223,49:03
1210000,2423.999999956504,-1599857.49587888,409481.50655577093,300.89049655211915,1433.7834307163344,1.0274348470939614,223,48:58
1215000,2433.9999999562674,-1600166.002049229,407186.6064113311,299.2041843916358,1433.7249517891048,1.0274767542167893,223,48:54
1220000,2443.999999956031,-1601534.5214363057,409342.439945617,300.7883092232334,1432.244137714664,1.0285390745284877,223,48:50
1225000,2453.9999999557945,-1602265.2191765094,408208.5348998954,299.955106143759,1430.8937478088149,1.0295097467297896,223,48:46
1230000,2463.999999955558,-1599293.4166513747,409897.79582933465,301.1963894538169,1433.6780726857878,1.027510351151718,223,48:42
1235000,2473.9999999553215,-1598382.0205624104,408534.178180036,300.19439159790437,1433.2984817167583,1.0277824742683312,223,48:38
1240000,2483.999999955085,-1600063.5995190525,408969.4473812287,300.5142311119823,1435.2150076528721,1.0264100166517962,223,48:34
1245000,2493.9999999548486,-1600091.1704170955,408054.53216892056,299.8419436261567,1435.7823699970143,1.026004421482732,223,48:30
1250000,2503.999999954612,-1600516.350914401,409725.60886920884,301.06986500984914,1434.3141144840997,1.0270547051220718,223,48:26
1255000,2513.9999999543757,-1598963.524315915,407209.7123197324,299.2211628098082,1435.8828414051989,1.0259326300342533,223,48:24
1260000,2523.999999954139,-1597827.4457845725,408829.4280352213,300.41134370468177,1436.4195385593578,1.02554930531044,223,48:20
1265000,2533.9999999539027,-1599577.012700512,408424.82546291,300.1140382905423,1435.5118544840411,1.0261977672301204,223,48:16
1270000,2543.9999999536662,-1599041.5896732705,408447.82805833546,300.13094079346064,1436.5934022781205,1.0254251882041574,223,48:12
1275000,2553.99999995343,-1598662.9655071693,407787.355934239,299.64562025469013,1432.618751352558,1.0282701231664721,223,48:08
1280000,2563.9999999531933,-1599647.1997110927,408482.9974692366,300.1567835759553,1432.284454864623,1.0285101223437694,223,48:04
1285000,2573.999999952957,-1601810.3316222085,409271.20978226495,300.7359686928863,1436.133432423355,1.0257536149813928,223,48:00
1290000,2583.9999999527204,-1598624.90942581,408453.96825694514,300.1354526636648,1435.1799783142574,1.0264350688853656,223,47:56
1295000,2593.999999952484,-1598796.2250765385,408499.2496350302,300.16872580572,1434.5111443593023,1.0269136393233345,223,47:52
1300000,2603.9999999522474,-1600547.2941759573,409741.9277184707,301.08185623919394,1432.5544278261386,1.0283162938104276,223,47:48
1305000,2613.999999952011,-1600130.2270020414,408358.3538819433,300.06519440703727,1435.1702493910964,1.0264420270200674,223,47:46
1310000,2623.9999999517745,-1598883.8828728925,408844.8840612102,300.42270092414117,1434.9215149919019,1.0266199541319205,223,47:42
1315000,2633.999999951538,-1599832.0760395098,407857.4153138193,299.697100483156,1431.0787377151441,1.0293766660637202,223,47:38
1320000,2643.9999999513016,-1600958.5331327384,408232.566545071,299.972764801193,1433.8979816968035,1.0273527675662648,223,47:34
1325000,2653.999999951065,-1600486.77125814,408482.36351583694,300.1563177416009,1435.4044356569486,1.0262745629803511,223,47:29
1330000,2663.9999999508286,-1601178.9489948088,410390.6377966505,301.55853392650556,1434.9281199045106,1.0266152286442913,223,47:25
1335000,2673.999999950592,-1601211.4111897955,409165.8279366365,300.6585332157009,1433.5728293368256,1.0275857841037355,223,47:21
1340000,2683.9999999503557,-1598754.7109065522,410077.6420372577,301.32854197826214,1434.4016832649907,1.0269920044647278,223,47:17
1345000,2693.999999950119,-1600669.2418493582,409257.52994859894,300.7259166346648,1432.7271417181546,1.028192331260856,223,47:13
1350000,2703.9999999498827,-1601254.871189422,404532.8883832791,297.2542097959916,1435.0165922997912,1.0265519352239942,223,47:10
1355000,2713.9999999496463,-1600803.2785040336,410255.90485389903,301.45953101331565,1433.876047063869,1.0273684834336836,223,47:08
1360000,2723.99999994941,-1600057.7957504932,408939.0118843003,300.4918668497703,1437.9987646927293,1.0244230357309574,223,47:04
1365000,2733.9999999491733,-1599406.9977114191,408060.5349824518,299.8463545446358,1433.3908040730494,1.0277162764808825,223,47:00
1370000,2743.999999948937,-1598187.74747705,407957.1581488208,299.770392367333,1433.116222436653,1.0279131844584277,223,46:55
1375000,2753.9999999487004,-1599948.873191027,406879.25130528066,298.978337243482,1435.5850093456015,1.026145474015085,223,46:51
1380000,2763.999999948464,-1602149.939588339,409022.9196750007,300.55352300860596,1432.8411173871755,1.0281105434705593,223,46:47
1385000,2773.9999999482275,-1601000.553194969,407866.94064207934,299.7040997754417,1433.222131372458,1.0278372261062065,223,46:43
1390000,2783.999999947991,-1600202.7758593922,407995.7516474831,299.79875119866057,1434.7953620135163,1.0267102186869315,223,46:39
1395000,2793.9999999477545,-1600191.1103245188,411027.77394674334,302.0267069929408,1431.124987973419,1.0293433992721628,223,46:35
1400000,2803.999999947518,-1599086.6971799806,408993.89927406004,300.53219857097105,1432.7321844969035,1.0281887123385662,223,46:31
1405000,2813.9999999472816,-1600194.1741925264,407217.9832849649,299.22724038546403,1431.8737169171152,1.0288051540435983,223,46:29
1410000,2823.999999947045,-1601244.8176390538,407915.05362350045,299.739453603731,1434.008729026026,1.0272734259465979,223,46:25
1415000,2833.9999999468087,-1600466.050513287,408587.32299973845,300.23344286379415,1432.8817015453897,1.0280814238294105,223,46:21
1420000,2843.999999946572,-1600277.9766346002,408645.934763719,300.27651128687444,1433.5884516425187,1.0275745861485435,223,46:17
1425000,2853.9999999463357,-1599333.508150084,409008.10067792464,300.54263388341406,1434.191076574851,1.0271428151833226,223,46:13
1430000,2863.9999999460993,-1599602.9108876074,408727.77114879945,300.33664535922856,1438.801088888775,1.0238517827656233,223,46:09
1435000,2873.999999945863,-1600671.4455245892,408323.311178301,300.039444730115,1432.5728585871266,1.0283030640108275,223,46:05
1440000,2883.9999999456263,-1601072.6259235796,408975.0251591321,300.5183297106642,1433.722973800256,1.0274781717413737,223,46:01
1445000,2893.99999994539,-1599280.496035657,408390.18155243853,300.0885816502365,1435.1580516097254,1.0264507510176935,223,45:57
1450000,2903.9999999451534,-1600326.761841815,408857.3333464982,300.43184876493996,1431.4708123460605,1.0290947235519066,223,45:53
1455000,2913.999999944917,-1600533.6158727119,410090.250333942,301.33780666198845,1433.043804514566,1.0279651293722327,223,45:52
1460000,2923.9999999446804,-1601238.378819542,408978.7612834776,300.5210750466354,1433.4685314955807,1.027660550292613,223,45:48
1465000,2933.999999944444,-1599368.4113156684,407448.2601202143,299.3964497641377,1434.303117851276,1.0270625794293513,223,45:44
1470000,2943.9999999442075,-1597688.295235821,407923.30769438215,299.745518765274,1435.9319276632816,1.0258975592952557,223,45:40
1475000,2953.999999943971,-1602245.8488695277,408938.1494893638,300.4912331546302,1432.0140829544619,1.028704310550232,223,45:36
1480000,2963.9999999437346,-1600818.108943536,408939.5986815131,300.49229803335714,1430.6132425920368,1.0297116062163958,223,45:32
1485000,2973.999999943498,-1600423.7120275013,410916.82230716466,301.94517878375035,1433.9214933563123,1.02733592231457,223,45:28
1490000,2983.9999999432616,-1600576.1334947217,408648.09363978164,300.2780976473818,1431.5353499065702,1.0290483291244161,223,45:24
1495000,2993.999999943025,-1599980.0183492107,409670.38083246513,301.02928297834495,1433.451400007622,1.0276728320862916,223,45:19
1500000,3003.9999999427887,-1599119.5710646696,407549.52604257513,299.470860825871,1439.2799959646761,1.0235111055764627,223,45:15
1505000,3013.999999942552,-1600108.5194597049,409354.81791712495,300.79740466205965,1433.3355190168122,1.0277559164335572,223,45:13
1510000,3023.9999999423158,-1598584.6524608443,410157.2230755099,301.3870188025691,1434.2680708216658,1.027087676197079,223,45:09
1515000,3033.9999999420793,-1599734.9638775066,409122.3245662715,300.626566568853,1434.299669574212,1.0270650486457995,223,45:05
1520000,3043.999999941843,-1600296.9466795297,408066.7219338565,299.85090076919175,1432.274316833861,1.0285174024207329,223,45:01
1525000,3053.9999999416063,-1597252.238961665,407349.94018527144,299.3242034390356,1435.7761645135442,1.0260088559159222,223,44:57
1530000,3063.99999994137,-1599650.5482376171,408254.6822082604,299.9890155787546,1434.0379580520344,1.027252487726995,223,44:52
1535000,3073.9999999411334,-1599292.1902770726,409317.44668506517,300.7699439626356,1432.4150634546888,1.0284163420838608,223,44:48
1540000,3083.999999940897,-1596847.62560412,407079.8643581537,299.12574942236535,1437.0369502861497,1.025108686043569,223,44:44
1545000,3093.9999999406605,-1599931.1618806086,409124.56732401904,300.62821456633645,1435.028662901993,1.0265433004835394,223,44:40
1550000,3103.999999940424,-1600855.2086093603,408337.6358609316,300.0499706288446,1435.0288386376656,1.0265431747715867,223,44:36
1555000,3113.9999999401875,-1601741.8310893644,407189.59710944263,299.20638198206524,1432.7453492698944,1.0281792648320736,223,44:34
1560000,3123.999999939951,-1600702.893229899,408965.34549656184,300.5112170122136,1431.1780453554775,1.0293052389145598,223,44:30
1565000,3133.9999999397146,-1601416.8691758467,408402.42350857623,300.09757714381084,1434.0394157163375,1.0272514435511757,223,44:26
1570000,3143.999999939478,-1599716.975583884,408525.6498144086,300.18812488224734,1433.346270521247,1.0277482072550281,223,44:22
1575000,3153.9999999392417,-1599292.2057058876,408654.4288564166,300.2827528184909,1435.482111880108,1.0262190296293485,223,44:18
1580000,3163.999999939005,-1599571.1923890328,409371.43466809223,300.80961479211334,1434.4574696937616,1.0269520644752086,223,44:14
1585000,3173.9999999387687,-1599237.2024019193,411274.69632640865,302.20814765933926,1433.4078273019843,1.0277040712667618,223,44:10
1590000,3183.9999999385323,-1599457.9376195576,409074.759852782,300.5916156125068,1432.466080582056,1.0283797151450298,223,44:06
1595000,3193.999999938296,-1600521.3296886664,407632.0353743453,299.53148938518086,1431.3871167605585,1.0291548964320565,223,44:02
1600000,3203.9999999380593,-1599168.356071922,409388.88445324166,300.8224370427749,1433.2679281628432,1.0278043839243163,223,43:58
1605000,3213.999999937823,-1599934.4671915304,410079.9439700966,301.3302334581063,1432.9817553049695,1.0280096410511386,223,43:56
1610000,3223.9999999375864,-1600334.7747400021,408240.2998300617,299.9784472848304,1435.1081224309573,1.0264864625032906,223,43:51
1615000,3233.99999993735,-1599854.5121096475,409431.59064321377,300.85381791468444,1436.8683958876381,1.0252289382381885,223,43:47
1620000,3243.9999999371134,-1600539.373722786,408334.74178433046,300.0478440367236,1432.3272985556116,1.0284793576087088,223,43:43
1625000,3253.999999936877,-1602203.5862140357,408765.86824090994,300.36463942679643,1433.9718493080059,1.0272998459591645,223,43:39
1630000,3263.9999999366405,-1598221.999754143,408302.8536799413,300.0244123861847,1431.7178231929288,1.02891717630408,223,43:35
1635000,3273.999999936404,-1601064.0893618613,406775.2374427243,298.9019069719024,1434.676549261085,1.026795245703714,223,43:31
1640000,3283.9999999361676,-1600238.210025833,408260.4429305264,299.9932486065113,1430.9006415012634,1.0295047868301566,223,43:27
1645000,3293.999999935931,-1599693.5966044767,406551.63552362885,298.73760237843607,1435.114726956386,1.0264817385214258,223,43:23
1650000,3303.9999999356946,-1600607.5879451893,408371.0284342746,300.074507775977,1430.7212014813524,1.0296339065770759,223,43:19
1655000,3313.999999935458,-1600212.1235582894,409720.55444470246,301.06615097569824,1433.021002616637,1.0279814861150243,223,43:17
1660000,3323.9999999352217,-1598754.8110308507,408261.2710136643,299.9938570890498,1432.8623983675518,1.0280952738952496,223,43:13
1665000,3333.999999934985,-1599910.6489618132,407803.8550646737,299.65774395617524,1432.5247101968732,1.0283376261631398,223,43:09
1670000,3343.9999999347488,-1599407.6795383422,408696.26819383295,300.3134967197638,1432.2834972591672,1.0285108099917848,223,43:05
1675000,3353.9999999345123,-1597295.4879507627,407963.9047613092,299.7753498356171,1434.5118376010978,1.0269131430573322,223,43:01
1680000,3363.999999934276,-1599997.8092335882,408107.9049258043,299.8811623822275,1432.3620102432026,1.0284544335644377,223,42:57
1685000,3373.9999999340394,-1599506.8367405152,407737.07913223025,299.60867643261446,1435.046814829546,1.0265303157227441,223,42:53
1690000,3383.999999933803,-1598946.1997502875,407363.0596962885,299.3338437674051,1436.5506273022452,1.0254557214390145,223,42:49
1695000,3393.9999999335664,-1599631.9367093733,407395.4094879725,299.3576146696982,1434.0152381623234,1.0272687630514163,223,42:45
1700000,3403.99999993333,-1599193.348107079,408884.02531967754,300.4514622540361,1433.2970341648956,1.0277835122725967,223,42:40
1705000,3413.9999999330935,-1601799.774315646,408185.14500623837,299.9379190508034,1431.1098551691705,1.0293542837281042,223,42:38
1710000,3423.999999932857,-1601182.406889598,408036.69751729676,299.8288385723338,1432.4372783129445,1.0284003929574224,223,42:34
1715000,3433.9999999326205,-1599240.4365787366,407115.77062375075,299.15213365196263,1432.051816647953,1.028677204817956,223,42:30
1720000,3443.999999932384,-1602786.8965544393,407240.80970071006,299.24401343005366,1431.4989933638,1.0290744644132035,223,42:26
1725000,3453.9999999321476,-1599438.3043490183,409299.8856854371,300.75703999062847,1431.3992380430211,1.0291461814091152,223,42:22
1730000,3463.999999931911,-1599634.4063750273,409803.541238426,301.1271303781156,1432.206084971926,1.028566402112981,223,42:18
1735000,3473.9999999316747,-1599770.033793902,408277.3997129283,300.0057085945576,1433.6446019208552,1.0275343400520238,223,42:14
1740000,3483.999999931438,-1599257.9106183108,408789.8198272078,300.3822392562856,1432.5442207558626,1.028323620702348,223,42:09
1745000,3493.9999999312017,-1599761.15938487,407665.11316987185,299.5557952308942,1434.524338059547,1.0269041945266344,223,42:05
1750000,3503.9999999309653,-1599290.2627774058,407630.3929718195,299.5302825338246,1432.385487810543,1.0284375766439886,223,42:02
1755000,3513.999999930729,-1599536.9526311466,408802.69266459014,300.3916983267687,1433.8793878900133,1.027366089745959,222,42:00
1760000,3523.9999999304923,-1600520.936604864,408225.7772300218,299.9677759547037,1434.4286934645397,1.0269726662716883,222,41:56
1765000,3533.999999930256,-1600086.3728616992,408101.62186617876,299.87654553653283,1434.2407063181433,1.02710727245049,222,41:52
1770000,3543.9999999300194,-1598847.1928195246,408519.53590362216,300.18363232855944,1435.0229632231826,1.026547377747282,223,41:48
1775000,3553.999999929783,-1601556.697752121,407997.4340109943,299.799987413689,1436.2256318208983,1.0256877660902204,223,41:44
1780000,3563.9999999295464,-1598918.90857145,408134.62684097607,299.90079787295446,1433.8740707419538,1.027369899465182,223,41:40
1785000,3573.99999992931,-1601746.3785200333,408875.6234801343,300.44528851082265,1431.4647126322157,1.0290991086990062,223,41:36
1790000,3583.9999999290735,-1601040.7142272918,411597.56405325094,302.44539361329544,1434.3424715225447,1.0270344001876948,223,41:32
1795000,3593.999999928837,-1600638.0827706708,408383.59091236175,300.0837387918081,1429.9616754868273,1.030180797959059,223,41:28
1800000,3603.9999999286006,-1597657.611911321,410405.4816186684,301.56944129327593,1435.7494245421817,1.0260279647151012,223,41:24
1805000,3613.999999928364,-1600272.7055338286,409445.39012991736,300.86395789497647,1433.9786090597108,1.0272950032844959,222,41:21
1810000,3623.9999999281276,-1603208.5707631903,408402.2911210397,300.09747986432217,1430.3454782969968,1.0299043708362141,222,41:17
1815000,3633.999999927891,-1600680.9288328448,408464.56593239494,300.14323992579347,1433.151038420395,1.02788821304386,223,41:13
1820000,3643.9999999276547,-1600495.5557343373,407130.3503816036,299.1628469821368,1435.0718927729947,1.0265123770610398,223,41:09
1825000,3653.9999999274182,-1598374.2560899444,409874.1713666686,301.1790299975568,1433.9643455974337,1.0273052216581757,223,41:05
1830000,3663.9999999271818,-1603872.3905146467,408617.3354279875,300.2554962515394,1431.071996631647,1.0293815149560699,223,41:01
1835000,3673.9999999269453,-1599697.6723699523,408781.93718123913,300.37644702093024,1432.7044547170744,1.028208612776875,223,40:57
1840000,3683.999999926709,-1598344.1880762856,408079.8391523751,299.86053941301395,1437.4150457296107,1.0248390430309977,223,40:53
1845000,3693.9999999264724,-1601104.4027336957,410261.0931548325,301.4633434210047,1435.6494873182307,1.0260993877103346,223,40:49
1850000,3703.999999926236,-1601759.6693429574,408890.275608167,300.456055019221,1434.9145739383441,1.0266249201586197,223,40:45
1855000,3713.9999999259994,-1600827.6673967205,408502.4785205139,300.1710984182579,1433.1754377262068,1.0278707136099525,222,40:43
1860000,3723.999999925763,-1600803.6223304747,409389.0586467857,300.8225650416738,1432.1707481223327,1.0285917805787093,222,40:39
1865000,3733.9999999255265,-1600839.088613052,408975.3886317054,300.518596793405,1431.2004312554516,1.0292891391960173,222,40:35
1870000,3743.99999992529,-1601166.2061390784,408875.97623864294,300.44554772077754,1432.923068897735,1.028051743934221,222,40:31
1875000,3753.9999999250535,-1600034.03161796,408846.56449301867,300.423935719738,1434.4813411541884,1.026934974782325,222,40:27
1880000,3763.999999924817,-1601452.3161628675,409177.09748795483,300.6668141779368,1435.8383386146245,1.0259644280882194,223,40:23
1885000,3773.9999999245806,-1599331.8825798351,408536.2574929587,300.1959194947392,1431.0743144176092,1.0293798477568188,223,40:19
1890000,3783.999999924344,-1602840.3597674808,408749.65107003425,300.35272291159527,1429.2533545369913,1.0306913433000908,223,40:15
1895000,3793.9999999241077,-1602544.236932584,408595.0303875767,300.2391063179835,1431.5039933772741,1.0290708700214228,223,40:10
1900000,3803.999999923871,-1601599.9745073877,408058.4039872108,299.84478867119356,1432.1678266086824,1.0285938788278612,223,40:06
1905000,3813.9999999236347,-1599404.5964903813,407728.8684363606,299.6026431433994,1435.4768155671713,1.0262228159511222,222,40:04
1910000,3823.9999999233983,-1600409.8667438077,408980.0678927596,300.5220351542578,1431.8214740477868,1.0288426920566827,222,40:00
1915000,3833.999999923162,-1601315.8088743994,407534.36148153536,299.4597177773372,1431.6397264163136,1.028973304332236,222,39:56
1920000,3843.9999999229253,-1600017.8236095365,407589.5655392886,299.500282188875,1430.5774669266045,1.0297373570888702,222,39:52
1925000,3853.999999922689,-1601367.0695238495,409655.7796220201,301.01855388462343,1430.55342231472,1.0297546648207647,222,39:48
1930000,3863.9999999224524,-1601781.1792717641,407499.92451453477,299.43441320085526,1432.3586602355454,1.028456838918853,222,39:44
1935000,3873.999999922216,-1604178.9743041312,409093.91370878555,300.60569002893715,1433.0996610056281,1.027925063404301,223,39:40
1940000,3883.9999999219795,-1602691.3277662024,410284.2339019441,301.48034743895795,1430.0135929859,1.03014339662883,223,39:36
1945000,3893.999999921743,-1601070.2250257786,407314.3966056927,299.2980857142117,1427.7694940214417,1.0317625261446928,223,39:32
1950000,3903.9999999215065,-1600940.527850709,408962.23608025344,300.50893218664265,1432.4382759220848,1.0283996767369405,223,39:28
1955000,3913.99999992127,-1601669.4004981983,409537.5538065984,300.9316805491053,1431.082671009483,1.0293738368481233,222,39:25
1960000,3923.9999999210336,-1603237.9063773155,409985.8141315107,301.26106605147373,1432.4748254016056,1.0283734372022153,222,39:21
1965000,3933.999999920797,-1600437.5201665955,409017.6775439362,300.54967104607834,1433.1252046485251,1.0279067419410683,222,39:17
1970000,3943.9999999205606,-1599222.6454816032,409365.5704051773,300.80530568180643,1433.539309585352,1.0276098116416417,222,39:13
1975000,3953.999999920324,-1603666.145388321,407847.9288398786,299.69012974135484,1430.1103288579732,1.0300737154176518,222,39:09
1980000,3963.9999999200877,-1603700.4020201731,408596.39385875606,300.24010820821206,1433.628354458943,1.0275459852074795,222,39:05
1985000,3973.9999999198512,-1600019.22319281,406980.3124533257,299.05259783530505,1433.4511874442742,1.0276729844776527,222,39:01
1990000,3983.9999999196148,-1601892.0349576063,409147.0832699841,300.64475947508885,1432.7510725717148,1.028175157642506,223,38:57
1995000,3993.9999999193783,-1600355.714514736,409456.0357107185,300.871780358365,1434.2979287256392,1.0270662952241347,223,38:53
2000000,4003.999999919142,-1601067.0421406198,408379.40721337305,300.08066457417925,1438.1125355024856,1.0243419923943402,223,38:49
2005000,4013.9999999189054,-1598348.1092433827,407994.25238731946,299.79764952953053,1435.6413854140033,1.0261051784036455,222,38:47
2010000,4023.999999918669,-1602167.4856569432,408848.1430644131,300.4250956674355,1432.0661658646286,1.0286668975343591,222,38:43
2015000,4033.9999999184324,-1601360.6682947194,409291.7596737623,300.7510689280806,1431.3786081710848,1.029161014070303,222,38:39
2020000,4043.999999918196,-1601609.7192009762,409131.3721375869,300.6332148012691,1433.7472218001897,1.0274607946959213,222,38:34
2025000,4053.9999999179595,-1602602.9480492258,409860.93446136283,301.1693034068647,1431.4749912688762,1.0290917193028308,222,38:30
2030000,4063.999999917723,-1601999.6957992902,408396.02026019,300.0928719823918,1433.4230408161452,1.027693163816556,222,38:26
2035000,4073.9999999174865,-1600327.359686831,409913.68556031585,301.2080653633964,1429.5164072945456,1.030501680419232,222,38:23
2040000,4083.99999991725,-1603642.507886597,410512.33794772386,301.6479602334344,1431.2577298899528,1.0292479328773012,222,38:19
2045000,4093.9999999170136,-1599702.2583578955,409109.3112198007,300.6170042510957,1433.905158006011,1.0273476259422987,223,38:14
2050000,4103.999999918596,-1600609.0414448474,407965.6460152026,299.7766293237997,1435.7749132351219,1.0260097500830587,223,38:10
2055000,4113.999999920633,-1602520.5937833805,407964.3937424926,299.77570914315294,1431.3781809483185,1.0291613212435022,222,38:08
2060000,4123.99999992267,-1601751.2773291962,408281.76742645353,300.0089180276342,1432.9256261305304,1.0280499092488842,222,38:04
2065000,4133.9999999247075,-1601404.6550151352,407675.0351048581,299.5630859531783,1431.5532533337478,1.0290354595425268,222,38:00
2070000,4143.999999926745,-1601835.3433203707,407450.65387462825,299.3982087152568,1431.4457222588426,1.0291127613132889,222,37:56
2075000,4153.999999928782,-1601247.4571783487,409120.9689822,300.62557047413844,1432.885541409995,1.0280786687639452,222,37:52
2080000,4163.999999930819,-1600195.3508343734,408658.6268698955,300.28583755452905,1434.9988746544934,1.026564609856281,222,37:48
2085000,4173.999999932857,-1599070.4222529158,408200.924549847,299.94951399376356,1434.0543578763015,1.027240740082853,222,37:44
2090000,4183.999999934894,-1600692.5573180588,408339.27457170095,300.05117476746676,1431.775196245208,1.0288759462847992,222,37:40
2095000,4193.999999936931,-1600837.5308910152,409689.66089838377,301.04345013489524,1434.0088058730917,1.0272733708960653,222,37:36
2100000,4203.999999938968,-1601124.0548641728,409975.9170997535,301.2537936282944,1431.8238001961718,1.0288410205934997,222,37:32
2105000,4213.999999941006,-1602741.6140976595,408180.11144394765,299.9342203463861,1429.5540317689538,1.0304745586153399,222,37:29
2110000,4223.999999943043,-1601070.284679043,408866.17424743075,300.4383451341996,1433.4609639273226,1.0276659755476818,222,37:25
2115000,4233.99999994508,-1601760.098235799,406996.78562109225,299.0647024592006,1432.0109364944028,1.0287065708521215,222,37:21
2120000,4243.999999947117,-1601400.9697963223,409324.82507901907,300.77536566931826,1437.7142010878447,1.0246257975258635,222,37:17
2125000,4253.999999949155,-1601160.5820321469,407883.91802255024,299.71657489912434,1438.147974412713,1.0243167505106423,222,37:13
2130000,4263.999999951192,-1601441.6469874661,408521.855536384,300.1853368144577,1433.3216179077483,1.0277658841525306,222,37:09
2135000,4273.999999953229,-1600392.0802857988,410817.84466585494,301.8724491704114,1431.7716463869572,1.0288784972249412,222,37:05
2140000,4283.9999999552665,-1602440.11849707,410774.15608437307,301.8403464288583,1433.7209217498178,1.0274796423462873,222,37:01
2145000,4293.999999957304,-1602610.0951080741,408493.7538268954,300.1646874391218,1432.867030301548,1.0280919504400021,222,36:57
2150000,4303.999999959341,-1601657.4764548065,408180.8512359046,299.93476395181324,1433.5793109510626,1.0275811381001296,222,36:53
2155000,4313.999999961378,-1599219.8109939862,409823.52697478153,301.1418160673096,1433.0680654949265,1.027947726540912,222,36:50
2160000,4323.999999963416,-1601305.8612911813,408548.90173528227,300.2052105916273,1434.063960042111,1.0272338619127104,222,36:46
2165000,4333.999999965453,-1600609.5437600752,409859.74368960527,301.1684284176413,1432.8641937511766,1.0280939856884346,222,36:42
2170000,4343.99999996749,-1600368.679458118,407571.8124659995,299.4872370795068,1432.275838225538,1.028516309909239,222,36:38
2175000,4353.999999969527,-1603526.4676087033,409147.9224077325,300.64537608064916,1432.8077420980899,1.0281344918940583,222,36:34
2180000,4363.999999971565,-1598677.8573374543,409963.6205322254,301.24475800580547,1434.6164340015193,1.0268382718821778,222,36:30
2185000,4373.999999973602,-1596625.6711886814,409967.5740428485,301.24766307906384,1432.7803651141576,1.0281541370693763,222,36:26
2190000,4383.999999975639,-1601679.7723249607,408441.8073984679,300.1265167613417,1433.814447311032,1.0274126213936345,222,36:22
2195000,4393.999999977676,-1598773.5076754345,408129.2645195856,299.89685759355234,1432.0211334243807,1.0286992457864323,222,36:18
2200000,4403.999999979714,-1601655.0944537707,408949.1161527609,300.4992915522434,1431.4027647511487,1.029143645785815,222,36:14
2205000,4413.999999981751,-1600993.3033566438,409792.60493293975,301.11909428775374,1436.15118499553,1.0257409354214175,222,36:12
2210000,4423.999999983788,-1598643.7974780835,409288.5350799534,300.7486994691019,1433.6793777790056,1.0275094157983808,222,36:08
2215000,4433.9999999858255,-1601652.0908155246,409204.4090542799,300.68688294935043,1431.2660860720575,1.029241923803767,222,36:04
2220000,4443.999999987863,-1602640.378210117,407932.7529276429,299.75245920307253,1431.8031554629133,1.0288558551385658,222,36:00
2225000,4453.9999999899,-1598674.3757790672,409331.438757586,300.7802254566254,1435.0614243462924,1.0265198652210559,222,35:56
2230000,4463.999999991937,-1601293.7749881586,408869.2727760613,300.44062195941217,1433.2085359066696,1.0278469762057165,222,35:52
2235000,4473.999999993975,-1599526.3765911004,408274.75972581166,300.0037687095525,1432.765941706196,1.028164487319989,222,35:48
2240000,4483.999999996012,-1602317.2396971742,407629.4522126955,299.5295912560125,1434.8074077440315,1.026701599080882,222,35:44
2245000,4493.999999998049,-1601997.3757216455,407749.8007619233,299.61802439440027,1433.2923805932207,1.027786849249968,222,35:40
2250000,4504.000000000086,-1599570.1528218696,407998.41634929006,299.80070924423046,1432.4792890543222,1.028370232756663,222,35:36
2255000,4514.000000002124,-1604113.318488435,407123.0975848359,299.1575175653356,1434.887842797938,1.0266440455941181,222,35:33
2260000,4524.000000004161,-1600360.7909086486,409606.5816456265,300.98240279279287,1434.1654994790754,1.0271611333831179,222,35:29
2265000,4534.000000006198,-1603472.4560370632,408532.4017970699,300.1930862965802,1433.9281017023907,1.0273311877736222,222,35:25
2270000,4544.0000000082355,-1600076.2058707243,407820.77498144447,299.6701768550419,1432.4328762983607,1.0284035533383395,222,35:21
2275000,4554.000000010273,-1601869.946745351,408261.71630653425,299.99418429404096,1432.7910679604,1.0281464568319092,222,35:17
2280000,4564.00000001231,-1602959.7190660676,407460.9308980035,299.4057603595117,1431.2168114403394,1.0292773590476372,222,35:13
2285000,4574.000000014347,-1600760.049979112,407998.7698089775,299.8009689694175,1427.2207864839743,1.032159196288747,222,35:09
2290000,4584.000000016385,-1599851.3342478424,408896.8004750082,300.46084954691605,1434.592404783918,1.026855471276371,222,35:05
2295000,4594.000000018422,-1599446.4044688605,408443.2345391861,300.1275654364893,1435.3999790924331,1.0262777493108983,222,35:01
2300000,4604.000000020459,-1601303.1421124702,406007.3392933278,298.3376488753237,1430.6118502787424,1.0297126083618473,222,34:57
2305000,4614.000000022496,-1598464.4560039872,407693.58113468456,299.5767137337599,1434.5342219871557,1.0268971191661695,222,34:54
2310000,4624.000000024534,-1602037.9920997908,407905.2545177452,299.73225313741136,1431.8863895815684,1.0287960487803598,222,34:50
2315000,4634.000000026571,-1602255.4676947324,409910.89191626915,301.20601256997116,1435.0127504301727,1.0265546835470951,222,34:46
2320000,4644.000000028608,-1601821.7116583604,408436.9240099454,300.1229284058876,1433.2248818435942,1.027835253605827,222,34:42
2325000,4654.000000030645,-1602762.4664073074,408714.9419427422,300.3272183494146,1431.6595758914125,1.0289590379658973,222,34:38
2330000,4664.000000032683,-1600692.8579520956,408468.21790930827,300.1459234295152,1433.6801611550238,1.0275088543577915,222,34:34
2335000,4674.00000003472,-1601919.8822669229,409157.8994377466,300.6527072872287,1432.9227530945445,1.0280519705075097,222,34:30
2340000,4684.000000036757,-1601294.557066542,408016.3403751521,299.81387997100444,1429.5697546071963,1.0304632251461294,222,34:26
2345000,4694.0000000387945,-1602665.963326647,410648.9901348178,301.74837342370387,1432.850626495979,1.0281037204180796,222,34:22
2350000,4704.000000040832,-1601296.6980314143,408668.13441938325,300.29282378282153,1432.3611537338672,1.028455048549577,222,34:18
2355000,4714.000000042869,-1601527.8826645026,408380.4259526087,300.0814131524412,1435.2480153408387,1.026386411378566,222,34:15
2360000,4724.000000044906,-1600950.8932977282,409545.32207334426,300.93738873763414,1437.9463880764279,1.0244603499262,222,34:11
2365000,4734.000000046944,-1600137.7297095852,408120.25037457154,299.89023392306694,1435.4997482032913,1.0262064216644315,222,34:07
2370000,4744.000000048981,-1600028.0191071397,409468.22457829106,300.8807368420098,1437.8474325612017,1.0245308553215984,222,34:03
2375000,4754.000000051018,-1602400.335918798,407347.21535724326,299.32220121220655,1433.1101995134104,1.0279175044627178,222,33:59
2380000,4764.000000053055,-1601596.2928892365,407696.35419199755,299.57875139987794,1429.028744810356,1.0308533437508896,222,33:55
2385000,4774.000000055093,-1601711.8421467813,407989.0059164893,299.7937943781062,1432.071089787243,1.0286633606455582,222,33:51
2390000,4784.00000005713,-1600485.047282938,409025.00576099363,300.5550558823504,1433.8194117182306,1.0274090641153804,222,33:47
2395000,4794.000000059167,-1599372.7829157552,408997.3853782445,300.53476018999976,1433.9822769258926,1.0272923756504855,222,33:43
2400000,4804.000000061204,-1601062.7928961264,408599.05779219,300.24206568917486,1431.5681084129483,1.0290247814594082,222,33:39
2405000,4814.000000063242,-1602352.6600592136,408512.91199287516,300.17876502255933,1433.0320432897392,1.0279735661193783,222,33:36
2410000,4824.000000065279,-1602581.2916572709,409322.92687059904,300.7739708496136,1434.3027624864624,1.0270628338957803,222,33:32
2415000,4834.000000067316,-1600327.2421840932,409775.1803060677,301.1062905236085,1435.5659829094093,1.0261590741502356,222,33:28
2420000,4844.0000000693535,-1599376.496232355,409242.0639999205,300.7145521239287,1434.4435376348088,1.0269620387658158,222,33:24
2425000,4854.000000071391,-1599285.8039611168,407900.48375727143,299.7287475420062,1435.6033035200546,1.0261323976420578,222,33:20
2430000,4864.000000073428,-1600616.637635991,408727.8425448948,300.3366978216871,1433.5510654941393,1.0276013846748557,222,33:16
2435000,4874.000000075465,-1603361.9048510864,409418.691813631,300.8443397449113,1433.921778921413,1.027335717720923,222,33:12
2440000,4884.000000077503,-1603168.3987415256,407977.724262698,299.7855045228701,1431.859522427487,1.028815352924047,222,33:08
2445000,4894.00000007954,-1600764.7210125616,407040.85670311074,299.0970862654039,1431.7456052952016,1.0288972108282883,222,33:04
2450000,4904.000000081577,-1601835.720316437,408114.82316476747,299.88624596310615,1434.6569316130058,1.0268092862086848,222,33:01
2455000,4914.000000083614,-1601584.7370787095,407404.5423350106,299.3643255634412,1432.8378501746993,1.028112887808123,222,32:58
2460000,4924.000000085652,-1601410.14914821,409091.36561784416,300.6038176700239,1434.9093775869346,1.0266286379570635,222,32:54
2465000,4934.000000087689,-1599560.534882212,409036.71141899226,300.5636572994872,1435.7980767370307,1.0259931976310184,222,32:50
2470000,4944.000000089726,-1601969.5903138826,408128.79934414406,299.89651577867824,1437.1126728441088,1.025054672288517,222,32:46
2475000,4954.0000000917635,-1600445.6542080492,410255.4471479414,301.45919468708195,1436.5787267048665,1.025435663580262,222,32:42
2480000,4964.000000093801,-1600471.012122239,409053.97633374925,300.57634370581076,1432.1039188336267,1.0286397799285896,222,32:38
2485000,4974.000000095838,-1601441.4282354685,408090.68618732505,299.86850990662583,1433.015156421615,1.02798567991592,222,32:34
2490000,4984.000000097875,-1603070.8186140517,409711.2260382512,301.0592963832338,1431.4079468528628,1.0291399199946716,222,32:30
2495000,4994.0000000999125,-1601090.5514932638,408112.1153878023,299.8842562655434,1434.443270241501,1.0269622302009056,222,32:26
2500000,5004.00000010195,-1600216.935460776,409468.6557010509,300.8810536346835,1434.5432505674526,1.0268906561870343,222,32:22
2505000,5014.000000103987,-1602445.3291065553,409415.8816926305,300.8422748440802,1430.354603538544,1.0298978003493355,222,32:19
2510000,5024.000000106024,-1601688.0963577675,408735.44957125344,300.34228752940703,1435.812239822224,1.0259830770674359,222,32:15
2515000,5034.000000108062,-1601450.5233912496,409768.5024511905,301.1013835790024,1432.5563145475976,1.0283149394857156,222,32:11
2520000,5044.000000110099,-1602371.370781934,408987.19187730143,300.527269918739,1432.5545111498177,1.0283162339990233,222,32:07
2525000,5054.000000112136,-1603122.9654645566,409365.1613967114,300.80500513890416,1434.8011782108563,1.0267060567519306,222,32:03
2530000,5064.000000114173,-1602342.632386838,406830.444940057,298.94247391087254,1432.8538240760408,1.0281014260849783,222,31:59
2535000,5074.000000116211,-1599447.839480576,408777.3947525436,300.3731092056593,1434.8137396509696,1.0266970681938417,222,31:55
2540000,5084.000000118248,-1601942.5106095606,408334.23988987703,300.04747524040704,1431.9912511195039,1.0287207123313327,222,31:51
2545000,5094.000000120285,-1602232.9576206869,406877.63092120097,298.9771465714675,1434.4582628383696,1.0269514966500486,222,31:47
2550000,5104.0000001223225,-1602809.4606550327,410480.45097955305,301.6245294177984,1431.0607394559165,1.029389612396163,222,31:43
2555000,5114.00000012436,-1601109.2799602188,409668.1765491307,301.02766325218784,1431.46355993045,1.029099937392375,222,31:40
2560000,5124.000000126397,-1601360.5908969026,407367.14026905526,299.33684220700826,1435.385326247181,1.0262882258629231,222,31:36
2565000,5134.000000128434,-1601138.5206205845,408294.8316386089,300.0185177219294,1432.736514944585,1.02818560463706,222,31:32
2570000,5144.000000130472,-1600933.464312763,410630.0023353349,301.73442102701836,1431.8006319572103,1.0288576684661759,222,31:28
2575000,5154.000000132509,-1599596.2750457143,407261.6646006029,299.2593377880132,1434.0066552949538,1.0272749114967628,222,31:24
2580000,5164.000000134546,-1602064.1786854537,407575.04190958466,299.4896101021424,1432.1278469644756,1.0286225933154654,222,31:20
2585000,5174.000000136583,-1603580.4828337217,409937.06483972154,301.2252446569097,1432.5796905963111,1.0282981600072152,222,31:16
2590000,5184.000000138621,-1600644.4586966764,410084.22831197,301.33338162898355,1434.6406458734357,1.0268209423322385,222,31:12
2595000,5194.000000140658,-1600700.307187087,407963.29856494174,299.7749043973663,1435.5891971408544,1.0261424806189565,222,31:08
2600000,5204.000000142695,-1599931.5707393885,407829.2406660299,299.6763975121358,1433.840759687192,1.0273937673701432,222,31:04
2605000,5214.000000144732,-1599977.0830798866,408841.0065653748,300.4198517071958,1433.6333007986848,1.0275424399553288,222,31:01
2610000,5224.00000014677,-1600754.0095513826,408766.7792124768,300.365308816458,1434.17041457934,1.0271576131599232,222,30:57
2615000,5234.000000148807,-1602684.811105486,408423.25909195724,300.11288730783315,1429.745323416248,1.0303366870849464,222,30:53
2620000,5244.000000150844,-1602235.857871865,408856.58116715925,300.4312960571591,1433.553759638369,1.027599453455798,222,30:49
2625000,5254.0000001528815,-1600905.536714754,409722.92303565855,301.0678914364944,1432.5483501808608,1.0283206564845853,222,30:45
2630000,5264.000000154919,-1604532.9537299285,408721.1687656017,300.33179387185487,1432.33637357053,1.0284728413561819,222,30:41
2635000,5274.000000156956,-1599722.352223076,410073.4753714758,301.32548027677865,1433.2532342451557,1.0278149211222487,222,30:37
2640000,5284.000000158993,-1599094.0064355126,407684.3964979371,299.5699647844976,1430.8505124705039,1.0295408549425666,222,30:33
2645000,5294.000000161031,-1601946.5680952687,410633.7307243531,301.7371606790052,1433.8057245226516,1.0274188718240256,222,30:29
2650000,5304.000000163068,-1600730.6724536885,408903.948506374,300.4661019812082,1432.4962801334848,1.0283580350844768,222,30:25
2655000,5314.000000165105,-1599958.2833007388,408113.0785468747,299.88496400302824,1431.7819038322173,1.028871126224626,222,30:22
2660000,5324.000000167142,-1602229.2204100601,409574.32651266915,300.9587014465379,1434.105133181895,1.0272043700418503,222,30:18
2665000,5334.00000016918,-1600670.0243050028,409562.07353145373,300.94969785164255,1433.3723540113622,1.027729505024495,222,30:14
2670000,5344.000000171217,-1600198.2284007985,409555.1434406129,300.9446055619033,1433.3229016532032,1.0277649636413317,222,30:10
2675000,5354.000000173254,-1602457.3357441975,409220.0272643891,300.6983593430819,1432.891097351203,1.0280746824563665,222,30:06
2680000,5364.0000001752915,-1598302.6399040734,407241.42357320455,299.24446450878787,1435.1499410198485,1.026456551889667,222,30:02
2685000,5374.000000177329,-1599734.5308469608,406703.2570285794,298.8490151508865,1433.4524946782315,1.0276720472934575,222,29:58
2690000,5384.000000179366,-1599373.1365027148,408070.80147807475,299.8538984530087,1430.8906785128283,1.0295119550537244,222,29:54
2695000,5394.000000181403,-1602107.4254461415,409208.5765834538,300.68994528526173,1433.3627374492876,1.0277364001560083,222,29:50
2700000,5404.0000001834405,-1601642.7414050298,408133.2641723312,299.8997965724351,1435.423195578277,1.0262611503295578,222,29:46
2705000,5414.000000185478,-1600544.9242052352,407903.40596844605,299.73089480765134,1433.2978893013046,1.0277828990748041,222,29:43
2710000,5424.000000187515,-1601800.1165163768,406397.4082252816,298.624274846817,1432.877562443377,1.0280843936113386,222,29:39
2715000,5434.000000189552,-1601431.9177738968,407335.0053690553,299.31322920895377,1431.8129572933526,1.0288488118508323,222,29:35
2720000,5444.00000019159,-1602171.7065133713,409600.97038439347,300.9782795902754,1432.6856889313344,1.02822208058958,222,29:31
2725000,5454.000000193627,-1600839.9017847842,410746.1627154961,301.819776663126,1431.8475196435274,1.028823977200198,222,29:27
2730000,5464.000000195664,-1602271.113372079,407338.6599118791,299.3159145981285,1433.24246563488,1.0278226435687894,222,29:23
2735000,5474.000000197701,-1600311.9712403594,408561.86242447305,300.21473421636694,1434.437607888339,1.0269662840703802,222,29:19
2740000,5484.000000199739,-1600398.1589344507,407558.66628654837,299.47757715494487,1435.316534520071,1.0263374137165233,222,29:15
2745000,5494.000000201776,-1600300.2379409987,409390.58092824556,300.82368362704824,1433.7520522518466,1.0274573330794652,222,29:11
2750000,5504.000000203813,-1602763.1105512232,408275.832008819,300.00455663223363,1432.3399262928572,1.0284702903706515,222,29:07
2755000,5514.0000002058505,-1601730.464427597,408189.67233155726,299.9412457679846,1435.0357207881702,1.026538251671398,222,29:04
2760000,5524.000000207888,-1601456.832079079,410212.3542644116,301.42752966945466,1432.1221225611857,1.0286267048716407,222,29:00
2765000,5534.000000209925,-1600053.9504901227,408310.6231842453,300.0301214840818,1434.2852127713827,1.0270754008942706,222,28:56
2770000,5544.000000211962,-1600803.0147836385,410389.83867836534,301.5579467275875,1430.2079674432796,1.0300033935185826,222,28:52
2775000,5554.000000214,-1603431.2168405242,406649.46133250906,298.80948561550133,1431.7141806870027,1.0289197940311117,222,28:48
2780000,5564.000000216037,-1600743.3598647146,407841.9709366518,299.68575182334973,1434.075936806923,1.0272252829120763,222,28:44
2785000,5574.000000218074,-1603090.6479822332,410072.7062379733,301.32491511093406,1433.3726083708889,1.0277293226484758,222,28:40
2790000,5584.000000220111,-1602024.5180672156,409365.6540597021,300.8053671518633,1434.062808543441,1.027234686742989,222,28:36
2795000,5594.000000222149,-1602602.4037411045,411343.4738567817,302.2586859740965,1431.6302988054042,1.0289800803553177,222,28:32
2800000,5604.000000224186,-1599746.791040009,407392.510212253,299.35548425722067,1435.0030678660326,1.0265616101396504,222,28:28
2805000,5614.000000226223,-1601344.899067224,409200.48919449514,300.6840026030145,1435.7792018866123,1.0260066854069314,222,28:25
2810000,5624.00000022826,-1602269.2852058038,406921.95159878454,299.00971378261653,1428.8438554845106,1.030986733959372,222,28:21
2815000,5634.000000230298,-1601481.1075965315,407340.42665340926,299.3172128148434,1434.9934584132627,1.026568484523119,222,28:17
2820000,5644.000000232335,-1602783.538905032,409522.6223279482,300.92070877149536,1435.275030325343,1.0263670925634167,222,28:13
2825000,5654.000000234372,-1600408.092224148,408384.41733119055,300.08434605139803,1435.6058498925454,1.0261305775635805,222,28:09
2830000,5664.0000002364095,-1602338.2024625586,408231.0285972267,299.97163470402586,1433.7764337023216,1.0274398611085966,222,28:05
2835000,5674.000000238447,-1602210.8275069874,408040.1649195822,299.83138644904784,1432.269288589949,1.0285210132196296,222,28:02
2840000,5684.000000240484,-1602125.8760015164,409331.3781165275,300.78018089705944,1434.6263458808999,1.0268311774236636,222,27:58
2845000,5694.000000242521,-1601814.9672020124,408818.0841692151,300.4030081353806,1430.5204138935792,1.0297784258068494,222,27:54
2850000,5704.000000244559,-1602411.8485130388,408262.8539287798,299.9950202285505,1430.841108187663,1.0295476216571522,222,27:50
2855000,5714.000000246596,-1598894.0526422616,409755.5714206592,301.09188174769815,1433.498359702685,1.0276391667510696,222,27:46
2860000,5724.000000248633,-1601945.9170580273,408911.70317558374,300.4718001781518,1431.9703570464985,1.0287357225342741,222,27:43
2865000,5734.00000025067,-1603284.962949019,408706.4926205513,300.32100971554746,1432.4870915256906,1.0283646314291923,222,27:39
2870000,5744.000000252708,-1601149.2834272422,408747.71520573983,300.3513004220335,1433.6307731484071,1.0275442516267734,222,27:35
2875000,5754.000000254745,-1601326.2286906196,410152.2709433889,301.38337993373375,1433.0369874852602,1.027970019454257,222,27:31
2880000,5764.000000256782,-1603064.5122921579,409245.409776064,300.71701062871836,1432.5129007266953,1.0283461036592398,222,27:27
2885000,5774.0000002588195,-1601364.362094989,407957.6079318351,299.7707228717205,1432.8267241212184,1.0281208712151753,222,27:23
2890000,5784.000000260857,-1602494.90797777,408224.86018363823,299.9671021012151,1433.3761624697293,1.0277267743630434,222,27:19
2895000,5794.000000262894,-1600403.4069223404,407654.3870151419,299.5479135610969,1432.2991695244555,1.0284995559921952,222,27:15
2900000,5804.000000264931,-1601895.6022872962,407110.92126576975,299.14857030244013,1432.6814950297198,1.0282250905134596,222,27:11
2905000,5814.0000002669685,-1601893.721286364,407775.39389879967,299.63683044922755,1431.5189770681825,1.0290600987497271,222,27:08
2910000,5824.000000269006,-1602530.4879061906,407534.9619418731,299.46015900070444,1433.2020973787482,1.0278515937132315,222,27:04
2915000,5834.000000271043,-1603135.0817720955,409625.7128282606,300.9964605486383,1432.0861641623399,1.0286525327654106,222,27:00
2920000,5844.00000027308,-1601979.9904726008,409628.8790769996,300.99878713516307,1432.4079146919073,1.0284214746333216,222,26:56
2925000,5854.000000275118,-1600229.9969004905,408682.0662585322,300.30306101681697,1430.6675144984688,1.0296725444418198,222,26:52
2930000,5864.000000277155,-1600808.979376005,410330.3533728487,301.5142364187508,1432.7995836656257,1.0281403461432579,222,26:48
2935000,5874.000000279192,-1601166.887612206,409512.53831602586,300.9132989536989,1434.0482803482255,1.0272450935516477,222,26:44
2940000,5884.000000281229,-1603295.0378967552,408933.37503675814,300.4877248462151,1435.490744713403,1.0262128580968328,222,26:40
2945000,5894.000000283267,-1598893.2982733892,407213.4998030137,299.2239458847626,1436.157554985038,1.02573638580987,222,26:36
2950000,5904.000000285304,-1601281.5633680047,408570.809818565,300.22130883770654,1436.3226473455607,1.0256184866445812,222,26:32
2955000,5914.000000287341,-1603295.6875284212,408684.29430977895,300.3046982078384,1431.302778585705,1.0292155384198352,222,26:29
2960000,5924.0000002893785,-1602149.2669330435,407236.2421759799,299.2406571740028,1430.8536760937714,1.0295385786235707,222,26:25
2965000,5934.000000291416,-1601846.9904923895,408289.28770306543,300.0144439909017,1434.5293737424417,1.0269005897458738,222,26:21
2970000,5944.000000293453,-1600535.591540439,409151.2842507051,300.64784639148166,1435.398869505522,1.026278542640461,222,26:17
2975000,5954.00000029549,-1601566.202151795,407369.1446905897,299.3383150730135,1434.4631145853712,1.0269480232189132,222,26:13
2980000,5964.000000297528,-1599635.6463863002,409908.1202379076,301.2039759171184,1434.2234528358504,1.0271196283892408,222,26:09
2985000,5974.000000299565,-1600246.6522839367,410462.15343804564,301.61108422854875,1432.9030119437737,1.0280661340124928,222,26:05
2990000,5984.000000301602,-1599121.390273368,407578.9404488929,299.49247478201073,1435.68419395169,1.026074582495168,222,26:01
2995000,5994.000000303639,-1600908.3202614263,409555.4792610237,300.9448523255997,1434.543720581519,1.0268903197364636,222,25:57
3000000,6004.000000305677,-1601129.457650831,408312.19421720423,300.03127589247276,1433.0805659824266,1.0279387599496321,222,25:53
3005000,6014.000000307714,-1601364.7952597206,409120.05351438955,300.6248977805988,1433.6138604528526,1.0275563738192102,222,25:50
3010000,6024.000000309751,-1600497.8263425576,410628.6621195411,301.73343622504507,1436.1229261613562,1.0257611190996192,222,25:46
3015000,6034.000000311788,-1599331.4458132675,409318.3183384311,300.77058446094844,1436.8454775381538,1.0252452911136196,222,25:42
3020000,6044.000000313826,-1598212.494177783,409045.8161233129,300.57034751372186,1438.3969249995182,1.0241394668612671,222,25:38
3025000,6054.000000315863,-1600703.6908760723,409749.4977988815,301.0874187987168,1432.4772174295456,1.0283717199686253,222,25:34
3030000,6064.0000003179,-1600894.059952315,408930.07387637824,300.4852991254682,1436.7222720728166,1.0253332105575037,222,25:30
3035000,6074.0000003199375,-1600143.8688668823,408443.726915719,300.12792723895683,1435.3240925025336,1.0263320093341861,222,25:26
3040000,6084.000000321975,-1601470.1598005546,409693.8112938475,301.0464998808105,1436.004262095904,1.0258458827648727,222,25:23
3045000,6094.000000324012,-1598048.375469651,407890.9692088793,299.7217561708591,1436.7038557078617,1.0253463537745493,222,25:19
3050000,6104.000000326049,-1601846.4354735566,409337.1252656167,300.7844039511303,1433.0077124386755,1.027991019948494,222,25:15
3055000,6114.000000328087,-1601436.1402636375,408424.82468315575,300.1140377175722,1434.7306964530044,1.0267564941251994,222,25:11
3060000,6124.000000330124,-1602520.9451442342,409790.2757675095,301.11738279716957,1432.7132878522623,1.028202273542253,222,25:07
3065000,6134.000000332161,-1602220.2181356708,408707.21214686707,300.32153842960895,1434.5870693842721,1.0268592902737916,222,25:03
3070000,6144.000000334198,-1600728.3763221567,407837.30420206836,299.6823226670542,1434.9570510493643,1.026594530356585,222,25:00
3075000,6154.000000336236,-1598063.3821337447,408586.52055326547,300.23285321929535,1434.563079031547,1.0268764625521898,222,24:56
3080000,6164.000000338273,-1603438.3901628563,408259.0574478056,299.9922305420148,1432.401243866092,1.0284262640877788,222,24:52
3085000,6174.00000034031,-1602435.781055021,409049.5398923621,300.5730837709162,1432.4085640781962,1.0284210083956702,222,24:48
3090000,6184.000000342347,-1599860.319995393,407790.79594353004,299.6481480027988,1435.4183059059,1.0262646462309113,222,24:44
3095000,6194.000000344385,-1600328.4336663932,408745.81730415905,300.34990582779693,1436.9608777948667,1.0251629551421841,222,24:40
3100000,6204.000000346422,-1600628.556380121,407757.33598238893,299.6235613385387,1435.1430155266394,1.0264615052063764,222,24:36
3105000,6214.000000348459,-1598496.6152349096,408339.1061181245,300.05105098634493,1436.664730303451,1.0253742775412478,222,24:32
3110000,6224.0000003504965,-1600755.521119075,408794.55647101905,300.3857197824768,1434.9840806552447,1.0265751932462097,222,24:29
3115000,6234.000000352534,-1603252.050644436,410168.98929955065,301.3956647241492,1433.995132840336,1.0272831658682573,222,24:25
3120000,6244.000000354571,-1599849.4606375787,407809.9984605601,299.6622581757656,1433.449523483436,1.0276741774095088,222,24:21
3125000,6254.000000356608,-1601239.495502945,407510.967435034,299.4425276328362,1432.1462578630171,1.028609369899142,222,24:17
3130000,6264.000000358646,-1600574.799484333,408707.32943512197,300.321624614017,1432.1376680482642,1.0286155393925767,222,24:13
3135000,6274.000000360683,-1602185.117698634,407401.8772228635,299.3623672163499,1434.6991845554858,1.0267790459226547,222,24:09
3140000,6284.00000036272,-1601826.3051680522,409843.37690656894,301.156401966151,1432.1694041495136,1.0285927458272275,222,24:05
3145000,6294.000000364757,-1601603.583454281,408985.0968445446,300.5257304708362,1431.0371675720733,1.0294065683864915,222,24:01
3150000,6304.000000366795,-1600537.9877293129,408871.6635196751,300.44237869816976,1434.5804054741036,1.026864060238612,222,23:57
3155000,6314.000000368832,-1600619.9745518109,407613.14196893864,299.51760635006605,1432.9616566623422,1.0280240598587158,222,23:54
3160000,6324.000000370869,-1601875.538237174,407912.068984176,299.7372604653499,1433.6145564160522,1.0275558749812077,222,23:50
3165000,6334.0000003729065,-1598983.631025374,407594.53238091705,299.50393186638166,1433.520812843547,1.0276230709073544,222,23:46
3170000,6344.000000374944,-1599425.358240813,408381.8300454202,300.0824448917909,1435.2194688130805,1.0264068262132442,222,23:42
3175000,6354.000000376981,-1603311.5451973807,410216.5976079062,301.4306477143741,1431.0031502923625,1.0294310390602044,222,23:38
3180000,6364.000000379018,-1600339.8919845382,407562.30623233574,299.48025181809294,1433.6973709360586,1.0274965203724238,222,23:34
3185000,6374.0000003810555,-1599381.320930169,407697.75256683613,299.5797789376124,1436.5420196869409,1.0254618658665637,222,23:30
3190000,6384.000000383093,-1599838.4213801185,407497.18971190025,299.4324036446006,1432.43503998257,1.028401999941175,222,23:26
3195000,6394.00000038513,-1600090.3381920643,410776.933256852,301.8423871188353,1431.3147594146753,1.0292069233648597,222,23:22
3200000,6404.000000387167,-1602607.0688852295,408523.22812319477,300.1863454029298,1433.1630685782877,1.027879584816012,222,23:18
3205000,6414.000000389205,-1601589.571856659,408829.14521478664,300.41113588581896,1433.691399545453,1.0275007999426795,222,23:15
3210000,6424.000000391242,-1603115.4327365225,408670.76118996355,300.2947539562032,1433.2761875626634,1.0277984610970081,222,23:11
3215000,6434.000000393279,-1601651.2080957368,407775.2706796561,299.63673990675204,1433.4195133236738,1.0276956928597736,222,23:07
3220000,6444.000000395316,-1599679.633611478,407870.79790528805,299.7069341252808,1436.8355057679983,1.0252524064099462,222,23:03
3225000,6454.000000397354,-1599052.886006359,408269.8868481049,300.0001880775353,1434.14239957215,1.0271776779930433,222,22:59
3230000,6464.000000399391,-1602438.8992067287,407975.0258881876,299.78352173431114,1435.2399561568557,1.026392174761122,222,22:55
3235000,6474.000000401428,-1600764.518119175,408120.28057953384,299.89025611793033,1436.0833805835985,1.0257893655904875,222,22:51
3240000,6484.0000004034655,-1601091.2078618929,407461.3041322746,299.40603461523114,1434.1705789698485,1.0271574954229086,222,22:47
3245000,6494.000000405503,-1598964.2432441702,408634.5759650571,300.26816474493086,1437.470420082724,1.0247995640975462,222,22:44
3250000,6504.00000040754,-1601375.2222296195,408278.689393761,300.0066562630113,1434.7603038359596,1.0267353062148272,222,22:40
3255000,6514.000000409577,-1598886.1188563472,407910.7630195867,299.7363008314532,1434.891599264196,1.0266413578972091,222,22:36
3260000,6524.000000411615,-1602320.0243291082,407231.80481747224,299.2373965652003,1432.907179120195,1.028063144193602,222,22:32
3265000,6534.000000413652,-1600729.6332267988,409790.5545575988,301.11758765450026,1435.4892155897564,1.0262139512477466,222,22:28
3270000,6544.000000415689,-1601707.933794342,407882.4818834013,299.7155196118532,1435.9743531955373,1.0258672493876337,222,22:24
3275000,6554.000000417726,-1601352.7878688835,408737.0753829703,300.3434821896955,1437.568876108451,1.0247293777614865,222,22:21
3280000,6564.000000419764,-1598783.7390162675,409302.45883237966,300.75893076090466,1433.2282451766341,1.0278328416018216,222,22:17
3285000,6574.000000421801,-1600844.1017070971,407933.5030582115,299.75301040539955,1435.9529634492128,1.0258825305568542,222,22:13
3290000,6584.000000423838,-1601811.8825021582,408387.96946886217,300.0869561923952,1433.479902304937,1.0276523985688382,222,22:09
3295000,6594.000000425875,-1601996.0441143578,409210.003651709,300.6909939071629,1435.892782597463,1.0259255271407444,222,22:05
3300000,6604.000000427913,-1600696.5896696076,409959.22847605305,301.24153068554455,1432.4572375609955,1.0283860636650701,222,22:01
3305000,6614.00000042995,-1600275.2146085883,408669.62617138994,300.29391993489395,1436.2095382886741,1.0256992594960748,222,21:57
3310000,6624.000000431987,-1600673.214472997,407601.2129837621,299.50884083021793,1431.6748605580185,1.0289480527231725,222,21:53
3315000,6634.0000004340245,-1599668.860959039,408532.6858310458,300.1932950071634,1438.0338604462927,1.0243980343040817,222,21:50
3320000,6644.000000436062,-1598982.7094613258,409388.1008011764,300.8218612085669,1435.995732682012,1.0258519760031215,222,21:46
3325000,6654.000000438099,-1599839.7890213607,410943.16668121435,301.9645368540472,1435.0027546501267,1.0265618342057183,222,21:42
3330000,6664.000000440136,-1601179.8841508962,408418.0536495823,300.109062304467,1433.3317254074411,1.0277586366025222,222,21:38
3335000,6674.000000442174,-1600817.3588617435,407290.24772532226,299.28034091135856,1434.9826511647238,1.0265762158923766,222,21:34
3340000,6684.000000444211,-1599739.371731461,410322.9262182221,301.5087788823107,1433.8729912178435,1.0273706729441328,222,21:30
3345000,6694.000000446248,-1601144.814749159,407438.46126065793,299.3892494787271,1433.3886038684377,1.0277178539917438,222,21:26
3350000,6704.000000448285,-1600578.4566167416,409251.0740090533,300.7211727553332,1433.837505071591,1.027396099413887,222,21:22
3355000,6714.000000450323,-1601140.4087655963,408669.06796584825,300.29350976071044,1432.1936622215042,1.0285753238279998,222,21:19
3360000,6724.00000045236,-1600879.157705742,408676.40988102416,300.29890466247656,1436.290735029583,1.0256412744133945,222,21:15
3365000,6734.000000454397,-1599979.4727689894,409234.1529575732,300.7087390226725,1435.561352846614,1.0261623837830436,222,21:11
3370000,6744.0000004564345,-1601181.9312968366,407512.4826966048,299.44364105993645,1435.0696302940653,1.0265139954233653,222,21:07
3375000,6754.000000458472,-1601262.501329842,409021.09679962986,300.552183544267,1434.002159951382,1.027278131822226,222,21:03
3380000,6764.000000460509,-1599550.0788832922,408628.42539011093,300.26364525010626,1433.3734598008718,1.02772871217285,222,20:59
3385000,6774.000000462546,-1599744.5648049759,409326.9804771466,300.7769494742093,1435.4490566228108,1.0262426612127273,222,20:55
3390000,6784.0000004645835,-1601235.1588919116,408186.2339348125,299.93871920478864,1432.2509776119266,1.0285341626089217,222,20:51
3395000,6794.000000466621,-1601913.7907928051,408249.8638590828,299.9854750147648,1433.662395561469,1.027521586996059,222,20:47
3400000,6804.000000468658,-1601400.9949505525,410060.8015224119,301.31616742460574,1431.2895139909972,1.0292250767605067,222,20:43
3405000,6814.000000470695,-1599986.053436663,409129.3817324431,300.631752234627,1436.8822374552515,1.025219062150018,222,20:40
3410000,6824.000000472733,-1600338.8201254737,408335.83332472196,300.0486461098945,1431.953086081199,1.0287481302445123,222,20:36
3415000,6834.00000047477,-1600534.3060062733,407797.6280867292,299.6531683197772,1430.8565706866957,1.0295364958885531,222,20:32
3420000,6844.000000476807,-1602549.923458065,409637.6365344714,301.00522218945747,1431.0347885742012,1.0294082797048012,222,20:28
3425000,6854.000000478844,-1602065.0058663515,409034.2660995495,300.5618604579459,1433.6216250561772,1.0275508084960474,222,20:24
3430000,6864.000000480882,-1601086.3915749555,408547.6251473805,300.20427254397066,1434.9897618563152,1.0265711289802184,222,20:20
3435000,6874.000000482919,-1602827.331627802,407908.2672824644,299.7344669425719,1436.4410074618327,1.0255339775539194,222,20:16
3440000,6884.000000484956,-1600511.053922046,408808.81132370594,300.3961943695694,1434.023408980024,1.0272629098514339,222,20:12
3445000,6894.0000004869935,-1599654.4196618414,407382.6160783041,299.3482139633755,1435.1216176555931,1.0264768098959944,222,20:08
3450000,6904.000000489031,-1597868.4558422389,409748.12088724494,301.0864070323259,1435.3420772525892,1.026319149455726,222,20:04
3455000,6914.000000491068,-1600840.6544234501,408545.77652118495,300.2029141577065,1432.1239550370808,1.0286253886911276,222,20:01
3460000,6924.000000493105,-1601827.1801147675,409735.5577680463,301.07717554540056,1434.7162009789488,1.026766867829847,222,19:57
3465000,6934.000000495143,-1601353.4612171743,407984.92702710704,299.79079717546836,1432.6085271694271,1.0282774616834836,222,19:53
3470000,6944.00000049718,-1599785.1570610516,408770.90450410906,300.36834011586416,1433.7020160808004,1.0274931913193812,222,19:49
3475000,6954.000000499217,-1602195.6027569352,409068.4240619446,300.5869600194688,1430.7419488365408,1.029618975736199,222,19:45
3480000,6964.000000501254,-1601005.5845192224,408507.35380047,300.1746808154683,1428.9104753598233,1.0309386664220073,222,19:41
3485000,6974.000000503292,-1603186.9556717742,408066.99332740507,299.85110019148135,1432.665142877856,1.0282368264678896,222,19:37
3490000,6984.000000505329,-1603964.1977740964,411002.5990692795,302.00820827869006,1433.467641830178,1.0276611880984556,222,19:33
3495000,6994.000000507366,-1599630.18385169,409754.0784122627,301.09078467241983,1434.568964634499,1.0268722495883738,222,19:29
3500000,7004.000000509403,-1602346.4931364106,410644.1077826045,301.74478582973865,1431.5802245353325,1.0290160723490314,222,19:25
3505000,7014.000000511441,-1600496.68303815,409689.39925016405,301.04325787355623,1434.481037341738,1.0269351922795404,222,19:22
3510000,7024.000000513478,-1600982.1956482576,408054.9998930881,299.84228731385633,1435.4062989632826,1.0262732307694677,222,19:18
3515000,7034.000000515515,-1598922.61260946,407619.28327796655,299.52211903621503,1434.0849245864483,1.027218845026699,222,19:14
3520000,7044.0000005175525,-1602415.3064658716,407732.53830201883,299.6053397919232,1431.7579128072641,1.0288883663408788,222,19:10
3525000,7054.00000051959,-1601517.6149950558,408007.4614498475,299.8073556611126,1434.387326736411,1.0270022834457173,222,19:06
3530000,7064.000000521627,-1600284.043618735,408090.64180657594,299.8684772952736,1434.6422094579577,1.0268198232230126,222,19:02
3535000,7074.000000523664,-1599974.5173088908,408733.13020919845,300.3405832424264,1435.3022135343917,1.0263476541824441,222,18:58
3540000,7084.000000525702,-1602875.3113412661,409245.1161875647,300.71679489739,1433.440944018851,1.027680328269261,222,18:54
3545000,7094.000000527739,-1600339.2640557755,407996.28011595015,299.79913952178856,1433.7087480727669,1.0274883667161143,222,18:50
3550000,7104.000000529776,-1601414.0148052666,409164.61946866784,300.65764522315095,1433.8600085933174,1.0273799750849386,222,18:46
3555000,7114.000000531813,-1601870.6294144792,408590.6794489197,300.23590921122286,1430.6600558122977,1.0296779125964257,222,18:43
3560000,7124.000000533851,-1603405.6236160863,407644.1729533609,299.54040818155744,1430.7278160494936,1.0296291463539506,222,18:39
3565000,7134.000000535888,-1601272.08922387,407704.70031731704,299.5848842038055,1432.5648635788868,1.028308802872417,222,18:35
3570000,7144.000000537925,-1601182.05113135,408299.15477586247,300.02169439998215,1434.4071760228348,1.0269880718168138,222,18:31
3575000,7154.0000005399625,-1601009.2780484082,407392.16426472523,299.35523005203254,1434.2133592797918,1.0271268569438214,222,18:27
3580000,7164.000000542,-1599710.7088232469,408629.53816109407,300.2644629236966,1435.8239154524354,1.0259747341230943,222,18:23
3585000,7174.000000544037,-1599093.7253378006,409027.54612475884,300.5569225632688,1436.4376104619055,1.0255364028168208,222,18:19
3590000,7184.000000546074,-1600628.4309072355,409060.1840799698,300.58090521057443,1437.1336583197697,1.0250397041192363,222,18:15
3595000,7194.0000005481115,-1601525.259667053,408667.2195639062,300.2921515392297,1435.2990102885951,1.0263499447461424,222,18:12
3600000,7204.000000550149,-1601624.3809571639,407094.01063749584,299.13614422884007,1435.1057714876813,1.0264881440597966,222,18:08
3605000,7214.000000552186,-1602529.3002497908,408799.3761585606,300.38926132990787,1434.6259804546603,1.0268314389768913,222,18:04
3610000,7224.000000554223,-1600591.498038277,407691.1441787165,299.57492303777104,1433.5120957475892,1.0276293198179451,222,18:00
3615000,7234.000000556261,-1601366.4323460897,408268.1827221066,299.9989358712461,1433.1551137693218,1.0278852901201057,222,17:56
3620000,7244.000000558298,-1601607.2245881008,410777.77038909204,301.84300225073105,1434.8333505873265,1.0266830355601186,222,17:52
3625000,7254.000000560335,-1600800.3781629438,408436.74498423433,300.12279685627124,1432.4464475882999,1.0283938100332266,222,17:48
3630000,7264.000000562372,-1602935.5046783807,408496.3918646623,300.166625891728,1433.5636381902182,1.0275923723648643,222,17:44
3635000,7274.00000056441,-1603084.7914118972,408167.63601172995,299.92505329260075,1432.241797229185,1.0285407553066728,222,17:40
3640000,7284.000000566447,-1602920.818958437,408932.24150491215,300.486891917366,1433.3516150679823,1.0277443750841444,222,17:37
3645000,7294.000000568484,-1602575.2442132197,408003.79633606004,299.80466250430385,1431.680719654569,1.0289438417940848,222,17:33
3650000,7304.0000005705215,-1601634.058199252,408950.5956641928,300.50037870983726,1431.1361342597465,1.0293353823155764,222,17:29
3655000,7314.000000572559,-1602204.2856793366,409643.30660670734,301.0093886068005,1432.634419686649,1.0282588772550212,222,17:25
3660000,7324.000000574596,-1602101.8671008265,408658.7500535287,300.28592807091127,1434.8604447983437,1.0266636488895096,222,17:21
3665000,7334.000000576633,-1603552.6638512397,410058.35339432943,301.3143685192522,1434.6213118628732,1.026834780525482,222,17:17
3670000,7344.000000578671,-1601493.52078983,409202.65001994895,300.685590395951,1430.9280659120686,1.029485055885693,222,17:13
3675000,7354.000000580708,-1601734.4149459722,407279.3007825014,299.2722970045927,1432.2038815379306,1.0285679845540052,222,17:09
3680000,7364.000000582745,-1602305.9457695782,408677.9772880323,300.30005640648807,1432.7211742595928,1.028196613807412,222,17:06
3685000,7374.000000584782,-1599809.2554949224,408021.70787705405,299.81782405709055,1433.7195149924323,1.027480650503434,222,17:02
3690000,7384.00000058682,-1601188.300914498,409088.4922611298,300.60170630305197,1432.674697612952,1.0282299689931893,222,16:58
3695000,7394.000000588857,-1600050.0331987953,409581.07102025824,300.963657368124,1434.75339876465,1.0267402476078997,222,16:54
3700000,7404.000000590894,-1601363.509650872,408506.11676566495,300.1737718317639,1433.7291552430133,1.0274737418269229,222,16:50
3705000,7414.000000592931,-1602062.1782344533,409824.9913859055,301.1428921290687,1433.73455478386,1.027469872291646,222,16:46
3710000,7424.000000594969,-1602573.1440966548,409499.3727331157,300.9036247713102,1435.8129258796077,1.0259825868341659,222,16:42
3715000,7434.000000597006,-1603888.5375641603,409210.7719840794,300.69155848432877,1432.7521946877753,1.0281743523868159,222,16:38
3720000,7444.000000599043,-1599502.0810587378,409092.8689513785,300.6049223323014,1432.7850751024375,1.0281507572226567,222,16:35
3725000,7454.0000006010805,-1601751.005449566,408398.4887419648,300.09468584381176,1432.4691615822294,1.0283775032732736,222,16:31
3730000,7464.000000603118,-1600953.776104019,409591.3603223909,300.9712180349144,1432.6057078635572,1.0282794852889094,222,16:27
3735000,7474.000000605155,-1601222.4780932637,409187.8436588166,300.67471055575817,1434.8908413141062,1.0266419001983285,222,16:23
3740000,7484.000000607192,-1600647.6345896479,408574.3046628794,300.2238768790571,1432.3910820979827,1.0284335600206729,222,16:19
3745000,7494.00000060923,-1599130.7879967513,409196.52717100387,300.68109127442807,1431.834609472322,1.0288332536163411,222,16:15
3750000,7504.000000611267,-1601796.7650004644,410775.16232294234,301.8410858215242,1431.869990049971,1.0288078318147318,222,16:11
3755000,7514.000000613304,-1599553.5002872515,407693.0256047492,299.57630552563467,1433.3735861203443,1.0277286216018016,222,16:07
3760000,7524.000000615341,-1602282.895477496,408719.4249123585,300.330512473648,1430.7989786039257,1.0295779364766249,222,16:03
3765000,7534.000000617379,-1602522.9088014364,407809.63762509974,299.6619930307979,1431.3479484237346,1.0291830588964466,222,16:00
3770000,7544.000000619416,-1600100.3041391121,410124.7694404363,301.3631715952695,1434.2258944453652,1.0271178798327079,222,15:56
3775000,7554.000000621453,-1601805.4788408112,410528.1779122603,301.6595995742066,1432.3200441955391,1.0284845666118343,222,15:52
3780000,7564.00000062349,-1602246.864028303,407900.5534731422,299.7287987698214,1431.5079483315021,1.0290680269158758,222,15:48
3785000,7574.000000625528,-1602573.1638136748,409424.5707969609,300.84865967190444,1430.3447343618122,1.0299049064987575,222,15:44
3790000,7584.000000627565,-1601516.6842638766,408732.18774730037,300.3398907134014,1431.183894702934,1.029301032072935,222,15:40
3795000,7594.000000629602,-1601423.5233110674,410415.6504727497,301.5769134538129,1434.9433666205775,1.026604320540693,222,15:36
3800000,7604.0000006316395,-1601023.0787162855,409448.93232872454,300.86656073281137,1432.530976039158,1.0283331282489663,222,15:32
3805000,7614.000000633677,-1600472.9428585926,407840.7828876637,299.68487883484045,1431.0372895680991,1.0294064806295116,222,15:28
3810000,7624.000000635714,-1602576.7831251621,408188.42190682644,299.94032694524867,1430.5180011133202,1.0297801626805236,222,15:24
3815000,7634.000000637751,-1601457.961878105,408264.3557185957,299.99612375649053,1432.8540244482704,1.0281012823138953,222,15:21
3820000,7644.000000639789,-1601009.4113771543,408815.15007223585,300.400852135945,1432.23875085246,1.0285429430163797,222,15:17
3825000,7654.000000641826,-1603527.5009672148,411267.1915379449,302.2026330768948,1432.1426732106572,1.0286119445078554,222,15:13
3830000,7664.000000643863,-1602060.7809555456,410203.7383035286,301.4211985880581,1431.7036110530403,1.0289273900904603,222,15:09
3835000,7674.0000006459,-1599305.8507375857,407786.5113589193,299.6449996535561,1434.863248194995,1.026661643022094,222,15:05
3840000,7684.000000647938,-1603923.267868339,408079.4681094587,299.8602667675206,1432.8335065528227,1.0281160045230868,222,15:01
3845000,7694.000000649975,-1601776.7499432582,408313.55498666904,300.03227579745845,1435.9193231570728,1.0259065646285968,222,14:57
3850000,7704.000000652012,-1600959.6866241964,408385.08105628716,300.0848337622487,1433.7934524341458,1.0274276656815413,222,14:53
3855000,7714.0000006540495,-1601268.7735407222,407815.18085670366,299.6660662445648,1433.0085037072897,1.0279904523196015,222,14:50
3860000,7724.000000656087,-1602160.4357545879,407862.98060716357,299.70118990807754,1433.771353372073,1.0274435016708054,222,14:46
3865000,7734.000000658124,-1602704.7245928664,408861.65295074985,300.4350228469129,1432.5153515079226,1.0283443443403442,222,14:42
3870000,7744.000000660161,-1601276.241966295,406447.627948971,298.6611767272578,1432.4345253675572,1.028402369403862,222,14:38
3875000,7754.0000006621985,-1601206.5070467824,407594.1513001453,299.50365184498685,1433.1940321794957,1.0278573778762403,222,14:34
3880000,7764.000000664236,-1603346.2621608404,408324.5776107564,300.04037531546317,1432.100491705865,1.028642241543516,222,14:30
3885000,7774.000000666273,-1602832.4478435311,408733.79246791237,300.3410698757666,1433.9707647959533,1.0273006229060113,222,14:26
3890000,7784.00000066831,-1601166.5989306103,408824.9799938027,300.40807524598534,1435.2711159072342,1.0263698917766728,222,14:22
3895000,7794.000000670348,-1600909.4954332411,410731.27571805846,301.80883757068966,1434.054949829845,1.0272403160553103,222,14:18
3900000,7804.000000672385,-1603134.402180044,409504.06662722584,300.9070738846571,1431.511048236866,1.0290657984919316,222,14:14
3905000,7814.000000674422,-1601859.5782727487,409106.350154272,300.6148284349405,1432.6118632974474,1.0282750671303318,222,14:11
3910000,7824.000000676459,-1603070.1645331085,407889.17469867034,299.72043754948265,1432.957070800382,1.028027349822195,222,14:07
3915000,7834.000000678497,-1602396.5631846543,409742.41392285767,301.08221350631607,1433.2648183415074,1.02780661399929,222,14:03
3920000,7844.000000680534,-1600275.5338589363,409099.3212367357,300.60966352650416,1433.7780896999047,1.0274386744271018,222,13:59
3925000,7854.000000682571,-1601335.0494775223,408453.40387632255,300.13503795197926,1434.3030670133116,1.0270626158329343,222,13:55
3930000,7864.0000006846085,-1602015.3390033199,407532.96569634153,299.4586921424957,1435.5018109167772,1.0262049470791619,222,13:51
3935000,7874.000000686646,-1600123.451763831,409100.99312214344,300.610892042133,1437.2046352719694,1.0249890821046,222,13:47
3940000,7884.000000688683,-1598257.085560591,409448.6617182158,300.8663618859061,1435.1857350179596,1.0264309517300618,222,13:43
3945000,7894.00000069072,-1601685.0232608048,407948.47590384167,299.7640125798184,1433.5381452783174,1.0276106462572647,222,13:39
3950000,7904.000000692758,-1603585.539863253,408579.8286250874,300.22793593350787,1437.074135114276,1.0250821609747711,222,13:35
3955000,7914.000000694795,-1601150.209183733,409076.65772449353,300.5930101847952,1433.3716040262711,1.0277300427648857,222,13:32
3960000,7924.000000696832,-1601177.7459759777,408828.88041553024,300.41094130907135,1433.4292160732793,1.0276887364828093,222,13:28
3965000,7934.000000698869,-1601761.980252021,408096.917383209,299.8730886424017,1433.8981847400275,1.0273526220907907,222,13:24
3970000,7944.000000700907,-1601242.7369661024,408852.6117915409,300.42837932616715,1434.6358309489553,1.0268243885484736,222,13:20
3975000,7954.000000702944,-1602625.9145442965,409490.660491599,300.89722294208457,1433.87691727259,1.0273678599317617,222,13:16
3980000,7964.000000704981,-1600402.7394916369,405877.8162520638,298.2424742420937,1434.2272534757517,1.0271169065668562,222,13:12
3985000,7974.000000707018,-1602939.515129203,408451.73048668366,300.1338083310286,1432.2306596067613,1.0285487536681819,222,13:08
3990000,7984.000000709056,-1600091.7029558457,407921.8246940844,299.74442904403185,1432.2311163125435,1.0285484256874826,222,13:04
3995000,7994.000000711093,-1597319.0670701806,409526.92785729,300.92387251110466,1432.773944112995,1.0281587447598892,222,13:01
4000000,8004.00000071313,-1600194.0268762931,407347.1755015462,299.3221719259011,1432.3410921543407,1.0284694532419083,222,12:57
4005000,8014.0000007151675,-1601379.411550642,408922.7565291495,300.4799222764388,1437.2601264528998,1.0249495082977713,222,12:53
4010000,8024.000000717205,-1601121.0241278112,407826.92517258885,299.6746960678456,1434.415751183025,1.026981932322583,222,12:49
4015000,8034.000000719242,-1599825.015099384,407852.6701951169,299.6936137295427,1437.8673897973656,1.024516635092124,222,12:45
4020000,8044.000000721279,-1601503.6520783128,409067.16478893027,300.5860346949388,1432.3183202973667,1.028485804467023,222,12:41
4025000,8054.000000723317,-1601030.6970050372,409017.3646841903,300.549441154074,1430.1411237042203,1.0300515351158874,222,12:37
4030000,8064.000000725354,-1603521.6812132392,408902.67573447083,300.4651667375798,1433.3198320223937,1.0277671647264814,222,12:33
4035000,8074.000000727391,-1600849.3386770496,408058.1993952548,299.8446383352828,1429.3234771391758,1.0306407775882716,222,12:30
4040000,8084.000000729428,-1599646.9920141567,408702.34072737047,300.317958869097,1433.6281035695229,1.0275461650312538,222,12:26
4045000,8094.000000731466,-1602184.3393328926,407621.28883494006,299.5235927365506,1431.7967125417201,1.0288604848720577,222,12:22
4050000,8104.000000733503,-1602052.6726831738,409161.61025801225,300.65543402954665,1431.674857959731,1.0289480545905676,222,12:18
4055000,8114.00000073554,-1600961.7217080835,411470.94455055153,302.35235252491793,1432.8715671756083,1.0280886952119634,222,12:14
4060000,8124.0000007375775,-1600134.47440965,407535.2386459381,299.4603623252068,1437.2901299211883,1.0249281124505243,222,12:10
4065000,8134.000000739615,-1601197.4648454543,409553.9435279577,300.94372385587053,1433.413559461554,1.0276999615220979,222,12:06
4070000,8144.000000741652,-1601328.7557500275,408114.03931506065,299.8856699836694,1433.141756139714,1.02789487054781,222,12:03
4075000,8154.000000743689,-1599781.2563094785,409480.6112605954,300.88983868160335,1433.494178698662,1.0276421640171585,222,11:59
4080000,8164.0000007457265,-1601322.6710957624,407497.64927136234,299.4327413328051,1433.5193038694301,1.0276241526204584,222,11:55
4085000,8174.000000747764,-1602418.1074709324,409031.53190280683,300.5598513469057,1431.9600502793478,1.0287431270282403,222,11:51
4090000,8184.000000749801,-1601724.421774759,407454.9620791074,299.4013744205799,1431.9552661267721,1.0287465640518663,222,11:47
4095000,8194.000000751837,-1601868.9511915436,407534.47736667783,299.45980293072625,1431.6704136502437,1.028951248736062,222,11:43
4100000,8204.000000753875,-1601487.2948790463,408893.82408337865,300.4586624690114,1433.495682793366,1.0276410857640776,222,11:39
4105000,8214.000000755912,-1600504.1743658138,408992.01651990786,300.53081510719386,1433.7578837306405,1.027453154134249,222,11:35
4110000,8224.00000075795,-1600458.3376907855,409692.4034374155,301.0454653759204,1431.3327927897008,1.029193956377363,222,11:31
4115000,8234.000000759987,-1601823.2701923773,409115.8714976304,300.62182479908654,1431.7095870216556,1.028923095338336,222,11:28
4120000,8244.000000762024,-1603643.9980889512,408322.30927613075,300.03870852387206,1431.7412842192937,1.0289003160980732,222,11:24
4125000,8254.000000764061,-1599546.1741391867,408265.8372262642,299.99721238093605,1431.1795536534669,1.029304154145693,222,11:20
4130000,8264.000000766098,-1602646.01019104,409091.60894974263,300.60399647237415,1433.043306111488,1.0279654868917736,222,11:16
4135000,8274.000000768136,-1599565.3183382228,411528.98675521434,302.3950024309634,1430.9911931132474,1.0294396408541076,222,11:12
4140000,8284.000000770173,-1601270.3231051508,410142.6503463163,301.37631063711365,1433.1478409132192,1.0278905063731618,222,11:08
4145000,8294.00000077221,-1601610.1490828786,409416.1613065562,300.8424803067729,1433.045878149957,1.027963641893775,222,11:04
4150000,8304.000000774247,-1603473.6630446082,410193.95700251294,301.4140112048127,1431.0257566135417,1.029414776845081,222,11:00
4155000,8314.000000776285,-1601984.7373367744,407741.3662416752,299.61182663712674,1430.6934277042392,1.0296538946626261,222,10:57
4160000,8324.000000778322,-1602952.8698703619,409533.5970689454,300.92877310459784,1431.703851031792,1.028927217624129,222,10:53
4165000,8334.00000078036,-1600865.399860248,406780.02601855114,298.90542565818066,1435.9053223659296,1.0259165677279098,222,10:49
4170000,8344.000000782396,-1599553.4058206948,408848.0574802533,300.4250327794664,1431.838943736607,1.028830139274993,222,10:45
4175000,8354.000000784434,-1600724.8338992884,407140.1721811268,299.1700641240303,1435.7195203119002,1.0260493355860116,222,10:41
4180000,8364.000000786471,-1603020.041060619,408612.9809673395,300.25229655678976,1433.4731136778362,1.0276572653144065,222,10:37
4185000,8374.000000788508,-1601535.9860553592,409564.2186782959,300.9512741238018,1435.7564317802112,1.0260229571650639,222,10:33
4190000,8384.000000790546,-1603781.378423144,408185.50124277436,299.9381808164423,1431.150496404287,1.029325052539932,222,10:29
4195000,8394.000000792583,-1600258.8015964031,407749.3742432185,299.6177109848254,1437.060784056265,1.025091684532542,222,10:25
4200000,8404.00000079462,-1598937.71800162,408330.31298705644,300.0445897187884,1434.2530764959715,1.0270984138328465,222,10:21
4205000,8414.000000796657,-1603914.847219701,409487.9161534369,300.89520637904303,1432.1476919136032,1.0286083399230592,222,10:18
4210000,8424.000000798695,-1601208.9361357465,409304.160618633,300.7601812479293,1431.257922674914,1.029247794241546,222,10:14
4215000,8434.000000800732,-1600812.3418285316,408749.3758059018,300.35252064516766,1432.7076115353807,1.0282063472289398,222,10:10
4220000,8444.00000080277,-1602485.0051150853,407762.97184288234,299.62770261680214,1429.1923312358836,1.0307353515044568,222,10:06
4225000,8454.000000804806,-1602894.5782042434,409589.18983879715,300.9696231450944,1430.1699110387106,1.0300308016087325,222,10:02
4230000,8464.000000806844,-1599653.4558005156,408861.26479712076,300.43473762832224,1434.3412887253235,1.027035247108469,222,9:58
4235000,8474.000000808881,-1599803.73194086,409970.16781793814,301.2495690070781,1434.8241430907622,1.0266896239497607,222,9:54
4240000,8484.000000810918,-1599350.198560834,410111.7996178919,301.35364125926384,1435.0558607466542,1.026523844958505,222,9:50
4245000,8494.000000812955,-1600036.1817318108,407365.81967918377,299.3358718263297,1435.5737525011518,1.0261535203867629,222,9:46
4250000,8504.000000814993,-1602731.6556356596,408488.10948090354,300.1605399256419,1431.4294227218948,1.0291244797125407,222,9:42
4255000,8514.00000081703,-1601649.916446047,408326.16031985683,300.04153830358234,1431.1175155547242,1.0293487738726248,222,9:39
4260000,8524.000000819067,-1601635.6654687691,409298.87294740696,300.75629582210337,1432.436013705695,1.0284013008671509,222,9:35
4265000,8534.000000821105,-1601736.5569290044,409566.8060263636,300.9531753291857,1430.2274769069256,1.0299893434362806,222,9:31
4270000,8544.000000823142,-1599204.7817698615,408519.2809548994,300.18344499006776,1433.0701782051547,1.0279462110843007,222,9:27
4275000,8554.000000825179,-1603278.3787404904,408302.2282938837,300.0239528471862,1434.5211757664433,1.0269064582590262,222,9:23
4280000,8564.000000827216,-1598468.2659857525,409689.2748647356,301.0431664740846,1430.5075534413998,1.02978768365115,222,9:19
4285000,8574.000000829254,-1599106.8691912321,408463.344129561,300.142342134671,1436.2752674210815,1.0256523198014587,222,9:15
4290000,8584.00000083129,-1601870.486379126,408915.28258027637,300.4744303551881,1432.5136308740161,1.0283455795147314,222,9:11
4295000,8594.000000833328,-1599556.2438163944,408255.79982139135,299.9898368103964,1437.1329859731513,1.0250401836726146,222,9:08
4300000,8604.000000835365,-1600972.83063271,408979.435787816,300.5215706781647,1433.4771913086606,1.027654342068074,222,9:04
4305000,8614.000000837403,-1605230.033858396,406287.611461979,298.5435952505446,1430.8289906858065,1.0295563407600625,222,9:00
4310000,8624.00000083944,-1601367.9646446342,408693.5336836872,300.3114873784324,1433.173505258644,1.027872099573903,222,8:56
4315000,8634.000000841477,-1601075.0372246467,408207.3534685116,299.9542380179217,1433.5218104824644,1.0276223557478357,222,8:52
4320000,8644.000000843514,-1598929.082525786,408798.1513149773,300.3883613044169,1434.2451885811195,1.02710406256355,222,8:48
4325000,8654.000000845552,-1601428.5529680857,407258.4069198861,299.2569440164929,1432.344240028604,1.0284671929664577,222,8:44
4330000,8664.000000847589,-1600394.816056678,408994.80837410723,300.5328665854241,1433.5211326300664,1.0276228416676187,222,8:40
4335000,8674.000000849626,-1601535.2136384044,408504.080800835,300.1722757874765,1434.731978141864,1.0267555768930055,222,8:36
4340000,8684.000000851664,-1600021.0146682542,409367.6656119168,300.8068452575531,1435.0185095289735,1.0265505637188088,222,8:33
4345000,8694.0000008537,-1601335.723268534,408688.3391471634,300.30767038877843,1432.0490367283205,1.028679201704853,222,8:29
4350000,8704.000000855738,-1598633.7006253758,409137.1059513166,300.6374280564043,1431.8342547701834,1.028833508484776,222,8:25
4355000,8714.000000857775,-1601447.387324092,408037.89633939107,299.8297194770131,1434.7140013082774,1.0267684420453096,222,8:21
4360000,8724.000000859813,-1600779.6890598536,409033.6121225959,300.5613799101137,1434.6525429408832,1.0268124272683872,222,8:17
4365000,8734.00000086185,-1600332.932094017,408492.19561783725,300.1635424538423,1435.5090468601934,1.0261997743072127,222,8:13
4370000,8744.000000863887,-1600555.4372075237,409480.6848380959,300.889892746977,1432.8464092446368,1.0281067464031168,222,8:09
4375000,8754.000000865924,-1599071.2811250892,409395.5958377781,300.8273686252601,1433.3062929760745,1.027776873040271,222,8:05
4380000,8764.000000867962,-1601357.9807645446,406758.07314543624,298.88929450015144,1435.9528867030979,1.0258825853862985,222,8:02
4385000,8774.000000869999,-1601503.9946063645,408658.52419099474,300.2857621051987,1434.569873778189,1.0268715988187995,222,7:58
4390000,8784.000000872036,-1601965.2645497154,408942.62635277625,300.4945227919731,1431.6493419290248,1.0289663933481021,222,7:54
4395000,8794.000000874074,-1600534.2149504814,409234.58936522086,300.7090596987267,1431.3864153473567,1.0291554007422994,222,7:50
4400000,8804.00000087611,-1599809.10285143,409958.2444521459,301.2408076164014,1432.806335335951,1.0281355013400952,222,7:46
4405000,8814.000000878148,-1604084.5212352118,409808.1786485054,301.13053798651595,1432.7314028169294,1.0281892733052098,222,7:42
4410000,8824.000000880185,-1602326.1168382633,408669.1704912231,300.2935850972286,1432.5848889355125,1.0282944286802431,222,7:38
4415000,8834.000000882223,-1602368.4891351964,410272.3363003309,301.4716049800193,1434.2497530697378,1.0271007938129062,222,7:34
4420000,8844.00000088426,-1601740.9142340608,409548.48520033294,300.9397130302702,1432.2148810242254,1.028560085097297,222,7:30
4425000,8854.000000886297,-1601451.1141833588,408402.1420791092,300.09737034704295,1434.8336884013897,1.0266827938401404,222,7:27
4430000,8864.000000888334,-1602946.2066672584,409945.73444773175,301.2316151586719,1433.5463533087375,1.0276047624855786,222,7:23
4435000,8874.000000890372,-1603100.4588323012,408744.9891494518,300.34929729266867,1432.6872721893628,1.0282209443047146,222,7:19
4440000,8884.000000892409,-1600735.4353426695,409181.7937871387,300.6702650585524,1431.3970946315867,1.0291477224795151,222,7:15
4445000,8894.000000894446,-1599725.1498123882,408265.60250258737,299.99703990398035,1432.443012762686,1.0283962759975744,222,7:11
4450000,8904.000000896483,-1600196.3998807622,407015.8630349068,299.0787207052598,1435.5851865888978,1.0261453473229123,222,7:07
4455000,8914.00000089852,-1601857.3464860013,408232.82374683715,299.9729537952401,1433.9979623783763,1.0272811388522693,222,7:03
4460000,8924.000000900558,-1602827.2730417158,409338.7302162896,300.78558328254616,1433.5471052758874,1.027604223455489,222,6:59
4465000,8934.000000902595,-1602247.0918883896,408057.942251116,299.84444938358075,1433.1002857393503,1.0279246152992678,222,6:55
4470000,8944.000000904633,-1601208.8311967934,408701.64133783814,300.3174449517154,1432.4561958254828,1.0283868115457289,222,6:52
4475000,8954.00000090667,-1601763.5577393332,405607.86108157784,298.0441088849435,1434.2520211579674,1.0270991695828637,222,6:48
4480000,8964.000000908707,-1604515.875026212,408932.71279355325,300.4872382242711,1432.4853217084883,1.0283659019604763,222,6:44
4485000,8974.000000910744,-1602346.1218935903,407836.8749194481,299.68200722653074,1433.5434646695533,1.0276068331443733,222,6:40
4490000,8984.000000912782,-1602088.8829101808,408725.63890052075,300.3350785650435,1435.1412953594102,1.0264627355280522,222,6:36
4495000,8994.000000914819,-1602878.196862544,408733.5656283599,300.3409031921326,1434.1355931265691,1.02718255300556,222,6:32
4500000,9004.000000916856,-1600801.2576217297,407422.58437774715,299.3775830100191,1437.3980761447608,1.0248511420405813,222,6:28
4505000,9014.000000918893,-1597553.8457713947,407898.64852652414,299.72739899883146,1440.0388407111209,1.0229717548288042,222,6:24
4510000,9024.00000092093,-1602205.3111202037,409459.0098222322,300.87396576082114,1433.7127027536806,1.0274855325439507,222,6:20
4515000,9034.000000922968,-1601459.2174221436,408944.507781878,300.4959052820919,1435.6078247794176,1.0261291659720777,222,6:17
4520000,9044.000000925005,-1604353.662771318,406740.47198505525,298.87636101768123,1434.0707223272545,1.0272290180454065,222,6:13
4525000,9054.000000927042,-1601656.8329053102,408552.7452016558,300.2080348034344,1434.7232074659635,1.026761853602232,222,6:09
4530000,9064.00000092908,-1602216.3582889019,408661.529616027,300.28797051709483,1434.3663825753683,1.0270172794059387,222,6:05
4535000,9074.000000931117,-1600285.2791028833,408260.1709907905,299.99304878287865,1434.1317543851524,1.02718530246578,222,6:01
4540000,9084.000000933154,-1601051.8282355731,408963.90846864425,300.51016107186774,1436.076196088184,1.0257944974762565,222,5:57
4545000,9094.000000935192,-1599489.3347122865,409452.38504923414,300.86909782123166,1436.202044416935,1.025704611430173,222,5:53
4550000,9104.000000937229,-1602920.8661862873,409667.0545114187,301.02683876932616,1432.2907710751724,1.0285055867518238,222,5:49
4555000,9114.000000939266,-1601539.3541511185,408366.10440222424,300.0708895553127,1432.794972859301,1.0281436547506306,222,5:45
4560000,9124.000000941303,-1601478.2660783632,410477.09446358425,301.62206302129357,1435.5143414932345,1.0261959893563593,222,5:42
4565000,9134.00000094334,-1602426.3861780465,408374.08219990396,300.0767517089553,1435.347876518922,1.0263150027967958,222,5:38
4570000,9144.000000945378,-1600250.0976354051,408729.8289791647,300.3381574704973,1435.1354697858226,1.0264669021968624,222,5:34
4575000,9154.000000947415,-1600713.017512531,407577.1353627797,299.49114838936976,1434.0601336697396,1.0272366027875006,222,5:30
4580000,9164.000000949452,-1603063.867747033,407622.65992482065,299.5246002250657,1430.9855584830002,1.0294436943623375,222,5:26
4585000,9174.00000095149,-1601333.8877655892,407870.11703684396,299.70643381735243,1432.3492774650697,1.028463575944951,222,5:22
4590000,9184.000000953527,-1600961.202114772,409005.3993827649,300.5406489487371,1435.4175248164506,1.0262652046778256,222,5:18
4595000,9194.000000955564,-1602964.7230410809,409714.8517951726,301.0619606202823,1431.2663277955198,1.0292417499773334,222,5:14
4600000,9204.000000957602,-1601438.430328058,407458.4846717032,299.4039628516038,1433.541576338878,1.0276081867580649,222,5:10
4605000,9214.000000959639,-1600446.6135272626,408363.07417960686,300.06866292193996,1433.2960966475146,1.0277841845446478,222,5:07
4610000,9224.000000961676,-1601472.0546200322,410161.847582443,301.3904169296277,1429.9210379719757,1.0302100750914076,222,5:03
4615000,9234.000000963713,-1601176.451175957,410348.5071247294,301.52757595015873,1432.9372350750202,1.0280415805000478,222,4:59
4620000,9244.00000096575,-1601622.503414468,408204.3199272255,299.9520089459629,1432.1745157623395,1.0285890746490194,222,4:55
4625000,9254.000000967788,-1602372.5127484286,408489.16310980375,300.16131414112635,1434.0891711831437,1.0272158032464247,222,4:51
4630000,9264.000000969825,-1601897.7589753848,407647.2860291256,299.5426956961281,1432.1903925447828,1.028577672055449,222,4:47
4635000,9274.000000971862,-1602120.8054111535,407977.63080143486,299.78543584673844,1433.6461427987724,1.027533235661668,222,4:43
4640000,9284.0000009739,-1601699.0069224993,409406.16936666344,300.8351381442876,1432.997183842992,1.0279985728606265,222,4:39
4645000,9294.000000975937,-1602348.819305188,407364.09152434417,299.3346019634434,1432.1680371797206,1.0285937275941546,222,4:35
4650000,9304.000000977974,-1602217.2793936701,407495.17400423565,299.4309224854508,1433.4951033349573,1.027641501165056,222,4:32
4655000,9314.000000980011,-1600993.7686101058,408843.1533548513,300.42142918637677,1432.7964369898148,1.0281426041223218,222,4:28
4660000,9324.000000982049,-1600839.3421735456,409570.66842755023,300.9560134544546,1433.432706210728,1.0276862342551645,222,4:24
4665000,9334.000000984086,-1600280.1401797105,409219.4908685738,300.697965194871,1436.999463173361,1.0251354281307576,222,4:20
4670000,9344.000000986123,-1600843.4548175894,408244.774329697,299.9817351852497,1435.682470320021,1.0260758143655027,222,4:16
4675000,9354.00000098816,-1601084.351070216,408594.6339321668,300.23881499917366,1433.9888302632917,1.0272876809182787,222,4:12
4680000,9364.000000990198,-1602726.1532640178,409232.3060193502,300.70738187674493,1431.582105506409,1.0290147203137816,222,4:08
4685000,9374.000000992235,-1601273.2861815402,408282.85386527237,300.0097163521261,1434.3134711954424,1.0270551657554376,222,4:04
4690000,9384.000000994272,-1601380.0694112927,409133.99019625876,300.6351385730663,1434.6989633580424,1.0267792042282684,222,4:00
4695000,9394.00000099631,-1602176.420842818,407376.9031625871,299.34401606427787,1431.8404641258926,1.0288290468192622,222,3:57
4700000,9404.000000998347,-1600984.148528398,409106.46631375793,300.6149137899195,1433.8830559955236,1.0273634615768075,222,3:53
4705000,9414.000001000384,-1600764.6575346626,409324.2136257469,300.77491636824914,1433.0815676595166,1.0279380414540984,222,3:49
4710000,9424.000001002421,-1600642.8846386317,407309.257849865,299.29430971268806,1433.1822027857136,1.0278658617449705,222,3:45
4715000,9434.000001004459,-1598313.5085283741,410050.92857785354,301.3089127009051,1433.2621012848024,1.027808562427878,222,3:41
4720000,9444.000001006496,-1604376.3943706537,409532.88020485674,300.92824634676344,1432.5846725433064,1.0282945840043256,222,3:37
4725000,9454.000001008533,-1605081.9476408642,408604.7619037116,300.2462571188748,1434.4759722446236,1.0269388183608272,222,3:33
4730000,9464.00000101057,-1599974.0930494722,408143.8310945515,299.90756123682894,1434.3495556736123,1.0270293277373888,222,3:29
4735000,9474.000001012608,-1602630.8922447748,409676.96391043335,301.03412028007165,1431.7724387381475,1.0288779278376001,222,3:26
4740000,9484.000001014645,-1601097.776368511,407470.78584109526,299.4130018555815,1436.5010911217819,1.0254910831661916,222,3:22
4745000,9494.000001016682,-1601629.7836360764,409827.60731349164,301.14481433492597,1437.317922140612,1.024908294269344,222,3:18
4750000,9504.00000101872,-1599672.2873146841,407823.72408440354,299.6723438809992,1432.8327386332815,1.0281165555367182,222,3:14
4755000,9514.000001020757,-1604695.2233987013,409685.57131087,301.04044507117925,1431.4570006820968,1.029104652952861,222,3:10
4760000,9524.000001022794,-1604424.9203751208,408768.6287596193,300.36666787944176,1430.718650520847,1.029635742406524,222,3:06
4765000,9534.000001024831,-1602451.709075519,409056.8230821374,300.5784355207581,1433.4866174559595,1.0276475845433908,222,3:02
4770000,9544.000001026869,-1602521.1599351866,408703.26997401676,300.3186416874425,1433.2799093133358,1.02779579224664,222,2:58
4775000,9554.000001028906,-1600891.5018073525,408254.59739186376,299.9889532549444,1433.027766878281,1.0279766337765712,222,2:54
4780000,9564.000001030943,-1600331.0298484769,408825.61388264317,300.40854103290104,1430.9568821490607,1.0294643243837724,222,2:51
4785000,9574.00000103298,-1601837.590082665,407480.5979756147,299.42021189554794,1434.7959814240132,1.0267097754496386,222,2:47
4790000,9584.000001035018,-1602479.254642914,407881.0852649351,299.71449336471613,1432.517600676183,1.0283427297567196,222,2:43
4795000,9594.000001037055,-1601678.3257864537,410492.6957465271,301.6335269767992,1433.7913342865966,1.0274291835058857,222,2:39
4800000,9604.000001039092,-1601819.754803083,408129.45324797754,299.8969962727812,1432.3928014360204,1.0284323255653358,222,2:35
4805000,9614.00000104113,-1601433.3698915336,406229.32790718554,298.50076799836876,1434.8946335891267,1.0266391868921791,222,2:31
4810000,9624.000001043167,-1601233.4126491519,409769.2460237953,301.1019299624817,1432.990417635452,1.0280034268021523,222,2:27
4815000,9634.000001045204,-1600040.7334159734,407597.4073894025,299.50604444708904,1433.6960186911756,1.0274974894948137,222,2:23
4820000,9644.000001047241,-1601076.1527686203,408045.3491922453,299.8351958967296,1433.6448128962186,1.0275341888399323,222,2:19
4825000,9654.000001049279,-1601244.229880076,406715.5277817368,298.858031804756,1433.7212225493017,1.027479426777639,222,2:16
4830000,9664.000001051316,-1599982.236619452,408791.10219150555,300.3831815484872,1435.2583695604987,1.0263790068369274,222,2:12
4835000,9674.000001053353,-1602515.382165512,407441.169550895,299.39123955344644,1430.4418969466863,1.0298349503382846,222,2:08
4840000,9684.00000105539,-1602362.6272704462,408728.21275904356,300.3369698581949,1433.4674626353215,1.027661316564294,222,2:04
4845000,9694.000001057428,-1602699.9083403545,408413.0373895278,300.1053763138802,1430.0209986597918,1.030138061807828,222,2:00
4850000,9704.000001059465,-1601570.9185474282,408807.88866132445,300.3955163893977,1431.8889833360627,1.0287941851970748,222,1:56
4855000,9714.000001061502,-1602539.89926178,407781.60047013685,299.64139109067696,1434.280056493184,1.02707909325998,222,1:52
4860000,9724.00000106354,-1599302.1374951554,408735.5612943522,300.34236962449097,1437.4614451791338,1.0248059625142258,222,1:48
4865000,9734.000001065577,-1599634.0706586838,407618.2274404614,299.52134319782886,1434.6876110800083,1.0267873288422373,222,1:44
4870000,9744.000001067614,-1601457.657420788,409537.08857617003,300.93133869382643,1432.3641950461301,1.0284528648500948,222,1:41
4875000,9754.000001069651,-1602020.6171055948,408771.2965266246,300.3686281773455,1433.52618114277,1.0276192226427006,222,1:37
4880000,9764.000001071689,-1602441.1374998465,408445.2708831262,300.12906175935,1434.4748367145894,1.026939631285419,222,1:33
4885000,9774.000001073726,-1600870.8035352007,410016.7130814903,301.2837708629327,1435.1751083893294,1.0264385518483155,222,1:29
4890000,9784.000001075763,-1603954.2070172122,407963.2567566176,299.77487367625383,1431.5091897996456,1.0290671344625253,222,1:25
4895000,9794.0000010778,-1601530.7764074039,407899.9925741961,299.72838661650144,1432.3812345784704,1.02844063042854,222,1:21
4900000,9804.000001079838,-1602194.6290415796,408401.21545111126,300.0966894529025,1434.73976125395,1.0267500069952749,222,1:17
4905000,9814.000001081875,-1602567.3113715686,408614.2656364326,300.25324054257464,1434.6726521634719,1.0267980348565533,222,1:13
4910000,9824.000001083912,-1601350.8734022025,409166.28083386854,300.6588660084421,1432.046122597081,1.0286812950076802,222,1:09
4915000,9834.00000108595,-1603301.160672889,407258.0793255809,299.256703297409,1432.8014870923826,1.0281389802947003,222,1:06
4920000,9844.000001087987,-1602065.5806019232,407605.36539090564,299.51189205433263,1433.7138134678005,1.0274847365394215,222,1:02
4925000,9854.000001090024,-1601786.6263216287,410000.9255515769,301.2721700515678,1430.600660361121,1.0297206626005881,222,0:58
4930000,9864.000001092061,-1602299.8530102987,410264.7176879302,301.46600675877716,1432.4576017299619,1.0283858022218766,222,0:54
4935000,9874.000001094098,-1603465.4880718188,405947.2610427716,298.2935028654247,1429.529811338363,1.0304920178787458,222,0:50
4940000,9884.000001096136,-1599641.913724877,408147.69353330263,299.9103993897007,1434.1958946174113,1.0271393645962599,222,0:46
4945000,9894.000001098173,-1599774.9865421318,409684.9915434888,301.04001905317256,1432.4229660235326,1.0284106683889145,222,0:42
4950000,9904.00000110021,-1602669.0432307702,409881.5542535733,301.184455005698,1432.097475557705,1.028644407972448,222,0:38
4955000,9914.000001102248,-1598899.6553033572,410562.36344671284,301.68471939591194,1433.7089225150332,1.0274882416995252,222,0:34
4960000,9924.000001104285,-1603240.8809556952,408666.37944593263,300.29153421339157,1432.5846349412632,1.0282946109946873,222,0:31
4965000,9934.000001106322,-1601549.5628963085,408265.8853344369,299.99724773123086,1433.942886312127,1.0273205955172457,222,0:27
4970000,9944.00000110836,-1601069.7338031828,407165.6288103802,299.1887698718943,1432.909390381432,1.028061557689811,222,0:23
4975000,9954.000001110397,-1600936.601258833,409892.9777602977,301.1928490956768,1432.1662407788162,1.0285950177842524,222,0:19
4980000,9964.000001112434,-1604594.3287133547,409041.19570033794,300.5669523875905,1428.8268397966917,1.0309990118281254,222,0:15
4985000,9974.000001114471,-1600053.0995470937,409016.9949062649,300.5491694381068,1433.9720799919353,1.0272996806968357,222,0:11
4990000,9984.000001116508,-1600435.3466101876,408866.02287652594,300.4382339055702,1435.0401949288917,1.0265350511501787,222,0:07
4995000,9994.000001118546,-1602640.397690665,409644.9618543858,301.0106048968842,1432.8195534789832,1.0281260165155195,222,0:03
5000000,10004.000001120583,-1600187.3159058942,407966.1222442568,299.7769792609624,1435.4146244756546,1.0262672783078344,222,0:00
