#"Step","Time (ps)","Potential Energy (kJ/mole)","Kinetic Energy (kJ/mole)","Temperature (K)","Box Volume (nm^3)","Density (g/mL)","Speed (ns/day)","Time Remaining"
5000,14.000000000001178,-1586333.9448143793,410568.4079285385,301.8782054073211,1457.2126077652829,1.010240811880909,0,--
10000,23.99999999999741,-1594301.1334408708,407428.0664267649,299.56920978414456,1447.7211389670358,1.016864096494633,226,1:03:31
15000,33.99999999999542,-1592908.0199122978,409395.97815462365,301.0161541893493,1445.8898763176026,1.0181519851989946,228,1:03:02
20000,44.00000000000764,-1593397.1136387251,408955.66790993494,300.692407734624,1441.6631729998028,1.0211370280678573,229,1:02:31
25000,54.00000000001986,-1593617.633010311,408027.2543483444,300.00977406277667,1439.059064386387,1.0229848686437428,231,1:02:01
30000,64.00000000003207,-1595610.317285833,411311.0084212477,302.4242164976646,1438.3314284709654,1.0235023853416498,231,1:02:02
35000,74.00000000000877,-1594681.0126081686,407325.07167243486,299.49348093846845,1439.8294817366325,1.0224374945957473,231,1:01:54
40000,83.99999999998546,-1595808.3344912482,408720.39487875823,300.51941877818996,1439.4000974378068,1.022742495691337,231,1:01:44
45000,93.99999999996216,-1595783.1976793986,408251.038615914,300.1743156879669,1432.7018504917282,1.0275240779835897,231,1:01:41
50000,103.99999999993885,-1596886.8114085048,408117.59147605405,300.07619614851933,1437.063222442768,1.0244056245831068,232,1:01:33
55000,113.99999999991554,-1595707.7492180374,407671.268678844,299.74802885056783,1437.664561191838,1.023977141602128,226,1:03:02
60000,123.99999999989224,-1597948.7698964188,408989.6515908938,300.71739488030516,1434.3213139100792,1.0263639211626379,226,1:02:49
65000,133.99999999991155,-1599324.8306625523,408481.91476759175,300.3440717553941,1433.553556549234,1.0269136030714712,227,1:02:36
70000,143.9999999999593,-1596862.4121680046,407748.2142133954,299.80460451356555,1434.6655416193344,1.0261176596534605,227,1:02:27
75000,154.00000000000705,-1597755.2373482855,409006.89531880646,300.7300736581563,1433.206435516535,1.027162320424085,227,1:02:22
80000,164.0000000000548,-1598039.9398887455,407607.03445206606,299.7007994175891,1434.7625391731556,1.0260482886598628,228,1:02:11
85000,174.00000000010255,-1597786.879792261,407717.3516008913,299.7819121926344,1436.437349112003,1.0248519706494412,228,1:02:03
90000,184.0000000001503,-1598423.0313610574,406662.3742810725,299.0062201181781,1435.2451717203344,1.025703257505018,228,1:01:59
95000,194.00000000019804,-1598937.5442285258,407285.61261764984,299.4644679203805,1434.064560318265,1.0265476804092988,229,1:01:49
100000,204.0000000002458,-1600401.257266134,408016.2484776293,300.0016817876862,1432.8855143171704,1.0273923724139464,229,1:01:43
105000,214.00000000029354,-1596836.8640691321,406707.5408928191,299.0394297257248,1433.9191005199027,1.0266518155857864,226,1:02:19
110000,224.0000000003413,-1600450.7474446911,407648.288279236,299.73113207609805,1432.5423643240276,1.0276384731187695,227,1:02:08
115000,234.00000000038904,-1597850.9677138338,408061.1273812736,300.0346798523964,1432.7465254074975,1.0274920384351973,227,1:02:02
120000,244.00000000043678,-1597224.15000269,407468.9550913079,299.5992739499094,1434.925784976249,1.0259315592243419,227,1:01:55
125000,254.00000000048453,-1598744.0923109716,408961.27315027884,300.69652909384996,1430.814611895125,1.0288793780223149,227,1:01:49
130000,264.0000000005323,-1599892.581535262,409268.14156236604,300.9221599113901,1435.257870166338,1.0256941825940196,227,1:01:43
135000,274.00000000058003,-1595517.7926513068,406992.0834132192,299.24864500815204,1435.1462245112193,1.0257739753684503,227,1:01:38
140000,284.0000000006278,-1598470.9116496174,409363.3603949824,300.9921713632118,1433.6607843954773,1.0268367970828205,227,1:01:32
145000,294.0000000006755,-1599854.9771897914,409205.5309150411,300.8761242459837,1434.244130950821,1.0264191543011263,227,1:01:27
150000,304.0000000007233,-1598899.552904305,408448.11892136454,300.3192227187604,1434.710787608312,1.026085299327798,228,1:01:20
155000,314.000000000771,-1597072.0194495209,407086.1184219597,299.3177860310263,1432.1584034627153,1.0279139824146004,226,1:01:43
160000,324.0000000008188,-1601586.4068130236,407768.8867934332,299.8198044199452,1437.0185688765846,1.024437456714818,226,1:01:40
165000,334.0000000008665,-1597911.4267799715,406495.9056395209,298.8838208935964,1436.3708948574767,1.0248993858219104,226,1:01:31
170000,344.00000000091427,-1598375.0894046724,407636.5020105523,299.72246599860654,1432.7741208890695,1.0274722487578163,226,1:01:26
175000,354.000000000962,-1599925.961991475,410275.1957454642,301.6626155910549,1434.1075995001925,1.0265168725589047,227,1:01:20
180000,364.00000000100977,-1598721.3038348714,409117.6402010065,300.8115009322743,1434.7170794124795,1.0260807995362675,227,1:01:13
185000,374.0000000010575,-1599451.504112428,407320.596333646,299.49019036078136,1435.027167911442,1.0258590783995136,227,1:01:08
190000,384.00000000110526,-1598807.803509402,407313.2826091921,299.48481280622434,1433.8090081686407,1.0267306451311868,227,1:01:02
195000,394.000000001153,-1600179.086787303,408680.23499565106,300.48989046279195,1434.923578464365,1.0259331368206763,227,1:00:57
200000,404.00000000120076,-1597952.1179799326,410904.8776361735,302.12560113858854,1433.91027215448,1.026658136523411,227,1:00:51
205000,414.0000000012485,-1597102.299579856,409680.22015588835,301.22514850938506,1434.0202931569168,1.026579369188054,226,1:01:08
210000,424.00000000129626,-1601349.2297508866,409414.80557002197,301.02999740344757,1429.24630323869,1.0300083649795126,226,1:01:02
215000,434.000000001344,-1599440.466875975,409527.5958489483,301.11292859428477,1434.0915744929719,1.0265283431934078,226,1:00:57
220000,444.00000000139175,-1599672.5725159375,408591.37122177304,300.42455168838563,1433.974592049573,1.0266120865138757,226,1:00:51
225000,454.0000000014395,-1599542.436424042,408113.2586004169,300.07301031956524,1431.496766223348,1.0283890838508587,226,1:00:48
230000,464.00000000148725,-1600289.4556346862,409346.72353162913,300.9799387940328,1433.3496846230594,1.0270596657221411,226,1:00:43
235000,474.000000001535,-1598526.8585454067,408289.56935508386,300.2026461444,1434.6478014022236,1.0261303481684017,226,1:00:38
240000,484.00000000158275,-1599151.01256131,406435.5759765185,298.83946236515555,1431.6639980365903,1.028268958338555,226,1:00:33
245000,494.0000000016305,-1599050.3188341632,407967.00703807734,299.96547608574576,1429.3981130042232,1.0298989725527545,226,1:00:28
250000,504.00000000167825,-1600736.9873453472,407859.68106505775,299.8865626294177,1432.1515403946094,1.0279189083204625,227,1:00:23
255000,514.0000000016692,-1598395.7304383814,409765.2438682796,301.2876638057841,1435.074147272129,1.0258254953238586,225,1:00:36
260000,524.0000000014327,-1599243.7804810815,408524.8575966837,300.375646284586,1434.2010838168778,1.0264499619774807,226,1:00:31
265000,534.0000000011962,-1598841.0256029759,407902.01605398976,299.91769023260866,1433.417369284106,1.0270111689012997,226,1:00:25
270000,544.0000000009597,-1600189.0742790597,409612.0358583379,301.17501471198614,1431.283170286231,1.0285425543412872,226,1:00:20
275000,554.0000000007233,-1600329.690355991,409022.2898064145,300.7413927470159,1433.8099364327436,1.0267299804146321,226,1:00:14
280000,564.0000000004868,-1598085.8667965215,408378.93339438323,300.26835274844126,1433.1130338138069,1.0272292646967573,226,1:00:10
285000,574.0000000002503,-1600161.213420203,408207.63564193825,300.14240282852586,1431.2985101775396,1.0285315309727323,226,1:00:05
290000,584.0000000000139,-1598966.9698394183,408176.1145139648,300.1192263216118,1430.7049670765082,1.0289582281663892,226,1:00:02
295000,593.9999999997774,-1601876.5812031124,407386.35148590605,299.5385380830542,1432.6680923296958,1.0275482896795871,226,59:57
300000,603.9999999995409,-1597286.9793405794,408410.75258687773,300.291748412945,1432.7927797478674,1.0274588682746935,226,59:52
305000,613.9999999993045,-1598721.5077182436,408030.8610211587,300.01242593733804,1434.8228395983203,1.026005167553662,225,1:00:01
310000,623.999999999068,-1598775.088540108,408186.91629895184,300.1271685388017,1433.128918515442,1.0272178789587614,225,59:55
315000,633.9999999988315,-1601109.3085604701,408553.59232743323,300.3967740401172,1431.7211034413556,1.028227944963162,226,59:50
320000,643.9999999985951,-1602350.2032113,408419.2322859451,300.29798327244083,1432.2897022356503,1.0278197529829685,226,59:44
325000,653.9999999983586,-1598995.1522708926,408191.08029984485,300.1302301993987,1431.4103409259274,1.028451175642356,226,59:40
330000,663.9999999981221,-1598396.7559833797,407894.824580465,299.91240256536497,1433.4008188125879,1.027023027077238,226,59:35
335000,673.9999999978857,-1599477.179750665,408551.0897545408,300.3949339759547,1433.7065878534434,1.0268039921306276,226,59:30
340000,683.9999999976492,-1599891.4858481558,409770.3890202346,301.2914468762998,1430.78141811535,1.0289032477728277,226,59:26
345000,693.9999999974127,-1599967.2115122434,408215.98100075725,300.14853891180724,1432.6402217263872,1.0275682796186716,226,59:21
350000,703.9999999971762,-1596499.551142809,408873.1022363575,300.63169975786184,1435.158323774303,1.0257653274659948,226,59:16
355000,713.9999999969398,-1599941.2242420586,410204.98283619236,301.6109902184298,1431.7974569714088,1.0281731126033788,225,59:23
360000,723.9999999967033,-1600809.4678015225,409130.3450722371,300.82084242970313,1433.7863536274801,1.0267468679886593,225,59:18
365000,733.9999999964668,-1600535.7126068203,408214.36158355547,300.14734820460905,1434.473583172849,1.0262549727097405,225,59:13
370000,743.9999999962304,-1599968.6527081458,407259.3833644956,299.44518236474966,1433.968772039058,1.0266162531967595,225,59:09
375000,753.9999999959939,-1598433.2347173858,406951.5157315411,299.2188168511238,1431.1949289174818,1.0286059698837673,225,59:04
380000,763.9999999957574,-1601578.1070514247,407148.16488808824,299.36340687151244,1431.5138870981916,1.028376784339863,226,58:59
385000,773.999999995521,-1600184.7775159413,409168.4788530214,300.8488810149578,1432.190564102018,1.0278909000318148,226,58:53
390000,783.9999999952845,-1599846.3126789397,408851.942664213,300.6161417813035,1434.6015446204435,1.0261634343502555,226,58:49
395000,793.999999995048,-1601199.052442506,409202.8851102047,300.87417886781907,1433.2755375329436,1.0271127982033665,226,58:45
400000,803.9999999948116,-1600875.427841466,409205.62059796683,300.87619018705504,1430.486571046525,1.029115321841086,226,58:40
405000,813.9999999945751,-1598701.6072181566,409007.63338672975,300.73061633658904,1434.336265332803,1.0263532224156113,225,58:45
410000,823.9999999943386,-1600989.1352398098,407732.09314066137,299.79275118921765,1431.9335547478634,1.0280753901399506,225,58:40
415000,833.9999999941022,-1601236.63412645,406514.61978092825,298.8975808208453,1432.9578719841334,1.0273404939068551,225,58:35
420000,843.9999999938657,-1600418.8089295896,407992.4324676206,299.9841706148279,1433.1116610246766,1.0272302486878915,225,58:30
425000,853.9999999936292,-1601906.1734686438,408104.72865560587,300.06673851593393,1432.4326533609474,1.0277171806282077,226,58:25
430000,863.9999999933927,-1598239.2988382848,407248.6709174582,299.43730583498086,1434.349577730024,1.0263436966891093,226,58:20
435000,873.9999999931563,-1596478.693896179,409366.84106212866,300.99473058971694,1434.9879922557307,1.0258870846980195,226,58:16
440000,883.9999999929198,-1599546.1750057666,405546.2362422318,298.1855584655876,1432.139799343573,1.0279273354644953,226,58:11
445000,893.9999999926833,-1600822.257640006,409737.35098665254,301.26715503577987,1434.6688069996655,1.0261153241566499,226,58:06
450000,903.9999999924469,-1599993.9073922997,409602.4860421559,301.1679930285947,1432.9131543636117,1.0273725546233146,226,58:01
455000,913.9999999922104,-1602021.6360560013,411167.18774551275,302.3184696193054,1431.4856687643965,1.0283970563411835,225,58:06
460000,923.9999999919739,-1600207.3461507326,407466.6015123436,299.59754343635717,1433.9321550875252,1.0266424689123723,225,58:01
465000,933.9999999917375,-1600511.7111790208,406797.55101111485,299.10561137159647,1431.6866908983577,1.0282526598247252,225,57:56
470000,943.999999991501,-1601389.6617044527,407726.8573685045,299.7889014884805,1430.4631102182823,1.029132200219588,225,57:51
475000,953.9999999912645,-1601185.8059409894,407276.8164873448,299.45800039881834,1428.2037476340495,1.0307602471920576,226,57:47
480000,963.9999999910281,-1602166.458815584,408637.51623093226,300.45848068117823,1430.8275478101357,1.0288700760654081,226,57:42
485000,973.9999999907916,-1602306.1515921,408815.35658089875,300.5892411699547,1431.715982942714,1.0282316223962968,226,57:37
490000,983.9999999905551,-1599577.9983347682,409486.00406986877,301.0823474502275,1434.3309679172826,1.0263570130466522,226,57:33
495000,993.9999999903187,-1600512.8800285347,408326.40084916656,300.2297271986687,1432.6946189382938,1.0275292644309852,226,57:29
500000,1003.9999999900822,-1599603.3461612463,408914.6848665596,300.66227417503353,1432.8476530183598,1.027419520038138,226,57:24
505000,1013.9999999898457,-1599486.5636373023,409116.49213116325,300.8106567921572,1431.7616828340374,1.028198802637281,225,57:28
510000,1023.9999999896093,-1599893.83966754,409139.21036415,300.8273608036486,1431.2773833096019,1.0285467129703507,225,57:24
515000,1033.9999999893728,-1602278.8572559245,408450.13973273605,300.3207085586314,1430.0957503431914,1.0293965614530465,225,57:19
520000,1043.9999999891363,-1596459.7301117694,407623.1270144813,299.7126317791846,1435.3397648360472,1.0256356606409853,225,57:15
525000,1053.9999999888998,-1602074.3214739459,408796.7679133881,300.575573499767,1433.2251867984617,1.0271488817750631,225,57:11
530000,1063.9999999886634,-1601548.7351587014,409294.92399475997,300.94185220254406,1432.5024378077562,1.0276671153207897,225,57:06
535000,1073.999999988427,-1600853.1697900426,407505.16001674545,299.62589430770345,1431.3582881877612,1.0284885762709788,225,57:02
540000,1083.9999999881904,-1600735.7186247269,406829.40036908485,299.129029215838,1433.357862863134,1.0270538056778808,225,56:57
545000,1093.999999987954,-1600370.1386833424,408483.4595074209,300.3452075546384,1431.8623674011685,1.0281265025659019,226,56:53
550000,1103.9999999877175,-1598618.8303407338,408410.5335039642,300.2915873280795,1432.129772288888,1.0279345324963594,226,56:49
555000,1113.999999987481,-1602213.6438913746,409025.093726333,300.7434543822921,1431.55704803723,1.0283457791432775,225,56:52
560000,1123.9999999872446,-1599307.8034211453,408652.87000250653,300.4697698328021,1434.3535088467027,1.0263408838003762,225,56:47
565000,1133.999999987008,-1601622.1421866324,408945.50678394095,300.6849365741042,1436.270741398314,1.0249708536975868,225,56:42
570000,1143.9999999867716,-1601076.400300119,409618.9260956504,301.18008088959397,1433.0012974533922,1.0273093615253872,225,56:37
575000,1153.9999999865352,-1601019.9483133228,408437.6278919669,300.3115089905088,1434.360439043192,1.026335924974271,225,56:33
580000,1163.9999999862987,-1599419.2942355461,408482.21262849006,300.34429076326643,1435.812177438974,1.0252982047956378,225,56:28
585000,1173.9999999860622,-1602715.9543819753,407373.53971749294,299.52911798744543,1431.4925757434128,1.0283920943057465,225,56:23
590000,1183.9999999858258,-1599743.3210976105,407945.5323218644,299.94968639353664,1435.1884746392411,1.0257437778839062,225,56:19
595000,1193.9999999855893,-1598711.4448814336,406825.5585124381,299.1262044179053,1434.7174652444892,1.0260805235970485,226,56:14
600000,1203.9999999853528,-1599159.135285928,409179.3995005018,300.8569106280493,1434.400477981679,1.0263072764889993,226,56:10
605000,1213.9999999851163,-1597978.857894714,408779.5635058591,300.5629236329734,1432.1389757542916,1.0279279266012145,225,56:12
610000,1223.9999999848799,-1600797.3780025346,409311.2067891347,300.95382443579416,1435.078948804769,1.0258220630843968,225,56:07
615000,1233.9999999846434,-1600369.3232232304,409261.28964665823,300.91712191046867,1433.5236073573174,1.026935057362438,225,56:03
620000,1243.999999984407,-1599658.2180617126,409303.5146421582,300.9481686389034,1435.0478261006494,1.0258443106750124,225,55:59
625000,1253.9999999841705,-1601246.784644126,407418.5852434095,299.5622385643401,1434.8801252356054,1.0259642056929132,225,55:55
630000,1263.999999983934,-1599185.9775509983,409022.5397814382,300.741576545891,1433.1678541040988,1.027189972016332,225,55:50
635000,1273.9999999836975,-1598694.8584424388,406456.16484253877,298.85460071921676,1433.4139254205288,1.0270136363576956,225,55:46
640000,1283.999999983461,-1600938.2872119388,409934.7606510504,301.4123042339834,1434.8422364143419,1.025991297573418,225,55:41
645000,1293.9999999832246,-1598610.3158966154,408179.75846964115,300.1219056091043,1433.3371833796268,1.0270686235047548,226,55:37
650000,1303.9999999829881,-1600757.6560313357,409097.1752877442,300.7964537168283,1432.3272642661561,1.0277927989495719,226,55:32
655000,1313.9999999827517,-1602554.194548076,407673.5405209206,299.7496992655238,1432.0753400973667,1.0279736035757765,225,55:34
660000,1323.9999999825152,-1598785.4168448905,408536.8468738235,300.3844616278935,1433.006044963823,1.0273059580771418,225,55:29
665000,1333.9999999822787,-1598494.9373144917,407850.1019916072,299.879519434065,1433.599643302587,1.0268805902884668,225,55:25
670000,1343.9999999820423,-1599918.1196916383,409002.0738185167,300.7265285586632,1432.8886696489394,1.0273901100164131,225,55:20
675000,1353.9999999818058,-1602810.0016330061,408771.4725702727,300.5569746191971,1434.2961803700439,1.0263819064010122,225,55:16
680000,1363.9999999815693,-1600447.5089743119,409914.7974197119,301.3976258896825,1436.2086174031149,1.0250151893766954,225,55:12
685000,1373.9999999813328,-1602462.4059787383,408252.7204819027,300.17555231181956,1431.580018265931,1.0283292789564706,225,55:08
690000,1383.9999999810964,-1599810.2198483264,407845.6918012104,299.8762767579681,1431.4277388983774,1.028438675559583,225,55:04
695000,1393.99999998086,-1601499.832494257,406792.6065158428,299.1019758377109,1433.2397678307186,1.027138432099221,225,54:59
700000,1403.9999999806234,-1602058.5856371531,409389.214844985,301.01118133771996,1432.724753818512,1.027507652135098,225,54:55
705000,1413.999999980387,-1599015.0823838226,409219.76909555506,300.88659313813133,1436.0658133121237,1.0251171181051801,225,54:57
710000,1423.9999999801505,-1598969.4948682897,408325.6051146256,300.2291421197621,1435.1417694225102,1.025777159662959,225,54:52
715000,1433.999999979914,-1599426.4515778832,408064.08193948586,300.0368522473339,1432.7626580839187,1.027480469040582,225,54:49
720000,1443.9999999796776,-1599601.4941512663,409625.8793143906,301.1851933754905,1434.3349338463586,1.0263541751745315,225,54:44
725000,1453.999999979441,-1598659.1695218906,408612.688116147,300.4402253390957,1433.0993270036383,1.0272390895820709,225,54:40
730000,1463.9999999792046,-1598360.3578220233,407924.2743719775,299.9340560828781,1434.1907636110031,1.0264573481461803,225,54:36
735000,1473.9999999789682,-1599976.5481872242,409038.98653853807,300.7536693358432,1433.2783785072997,1.0271107623105737,225,54:32
740000,1483.9999999787317,-1599554.1136474079,408544.72115528234,300.3902513426152,1433.5116990891888,1.0269435881738862,225,54:28
745000,1493.9999999784952,-1601665.6100827102,408209.0769084393,300.143462547044,1433.2926845719803,1.027100510452626,225,54:24
750000,1503.9999999782588,-1600455.8460231004,407584.36223737575,299.6841292419225,1433.8610533797969,1.026693377633684,225,54:20
755000,1513.9999999780223,-1601313.2532394612,407748.3676003843,299.80471729425705,1434.401710398672,1.0263063947007818,225,54:20
760000,1523.9999999777858,-1601787.4277914148,408877.51064642455,300.6349411249374,1436.5736860953498,1.0247547078167667,225,54:16
765000,1533.9999999775494,-1603630.320346931,409022.27966886957,300.7413852931938,1432.4452213449108,1.0277081636460206,225,54:12
770000,1543.9999999773129,-1601554.432603065,408978.9552128529,300.70953016557075,1432.9975714318578,1.027312032693071,225,54:07
775000,1553.9999999770764,-1600745.8712790785,409998.0234345626,301.45881939488453,1432.6998610248784,1.0275255048177412,225,54:03
780000,1563.99999997684,-1599932.7757962206,408948.88261989394,300.6874187214871,1433.3265703006582,1.0270762284432478,225,53:59
785000,1573.9999999766035,-1599059.5536954803,409032.7033836899,300.7490495271262,1435.7497060020387,1.0253428169253656,225,53:54
790000,1583.999999976367,-1600157.5820908956,406985.8830666504,299.24408608579233,1432.8524675793583,1.0274160677818436,225,53:50
795000,1593.9999999761305,-1600353.13255148,407386.37847949617,299.5385579306031,1433.7586554411619,1.0267667032837724,225,53:45
800000,1603.999999975894,-1601318.51137204,406454.10003549117,298.8530825306908,1432.2510851651189,1.0278474655735232,225,53:41
805000,1613.9999999756576,-1601016.7829478066,409149.99369433534,300.8352894515957,1430.7321848700087,1.028938653592705,225,53:41
810000,1623.9999999754211,-1600126.1281437753,408046.1307027129,300.0236532601805,1435.3446064771617,1.025632201012015,225,53:37
815000,1633.9999999751847,-1600453.449556171,408460.4969953409,300.3283239323127,1434.0870110730775,1.0265316097175639,225,53:33
820000,1643.9999999749482,-1597810.5503323497,408365.3491144123,300.25836464906445,1435.6973318396924,1.0253802213768215,225,53:29
825000,1653.9999999747117,-1598736.0036800904,409282.0451832821,300.93238281225086,1434.5370099059671,1.0262095977909926,225,53:24
830000,1663.9999999744753,-1600915.2480280567,408585.6295400913,300.42033000807936,1433.6525007405387,1.0268427301535616,225,53:20
835000,1673.9999999742388,-1599644.131637169,408379.02544547094,300.26842043074856,1431.2262965334164,1.0285834263369575,225,53:16
840000,1683.9999999740023,-1599475.7588924281,408051.42136827204,300.0275433223323,1433.050299162328,1.027274233718394,225,53:11
845000,1693.9999999737659,-1598296.9748877604,408620.5533678722,300.44600841453456,1433.2775744746725,1.0271113384938473,225,53:07
850000,1703.9999999735294,-1600201.0544923032,406086.1471652797,298.58253820728726,1433.9272922208856,1.0266459505571113,225,53:03
855000,1713.999999973293,-1601668.4248509696,409456.1308383611,301.06038259043044,1431.2206555650291,1.028587480363546,225,53:03
860000,1723.9999999730564,-1599766.918140933,408015.4899012601,300.0011240300298,1433.9077020649615,1.0266599766720566,225,52:59
865000,1733.99999997282,-1599208.8781026276,406696.25647611934,299.03113264441845,1434.2415498022806,1.0264210015076185,225,52:55
870000,1743.9999999725835,-1602501.416301014,407467.79184954497,299.59841865435067,1433.7944368435126,1.0267410795600458,225,52:51
875000,1753.999999972347,-1601125.232679748,409110.42482561665,300.8061956907312,1431.622201141351,1.0282989791428532,225,52:46
880000,1763.9999999721106,-1600369.7675211048,408000.3919097518,299.9900229455485,1430.0921623762363,1.0293991441123629,225,52:42
885000,1773.999999971874,-1599424.8032662002,408921.2104498857,300.6670722338848,1433.0637498995345,1.0272645917218268,225,52:38
890000,1783.9999999716376,-1599959.7320134677,408783.8641767303,300.5660857827628,1435.0132035453455,1.0258690612147925,225,52:33
895000,1793.9999999714012,-1600166.659733357,407608.81108266243,299.7021057189161,1431.70633167692,1.0282385538014784,225,52:29
900000,1803.9999999711647,-1601776.401219068,407567.54422794865,299.67176348165856,1435.2298790337898,1.0257141865963322,225,52:25
905000,1813.9999999709282,-1604373.9278268265,408478.0330864647,300.34121767575726,1432.3740301804357,1.0277592423024113,225,52:25
910000,1823.9999999706918,-1602050.3154729167,409430.73086458194,301.0417067781815,1432.0400335738607,1.0279989479609524,225,52:20
915000,1833.9999999704553,-1600158.9991376773,407051.2145941936,299.2921223299611,1433.5802556759957,1.0268944777407805,225,52:16
920000,1843.9999999702188,-1601712.5087698856,407561.38988314016,299.66723838296525,1431.7153244347003,1.028232095324645,225,52:12
925000,1853.9999999699824,-1600035.1630228376,407256.93383402267,299.4433813010317,1432.0298644276452,1.0280062479983825,225,52:07
930000,1863.9999999697459,-1598967.5387817556,408762.2439336681,300.55018908917884,1433.041885238298,1.0272802652290216,225,52:03
935000,1873.9999999695094,-1601293.579528545,406451.288451976,298.85101526060987,1434.8102519705744,1.0260141687237447,225,52:00
940000,1883.999999969273,-1600800.7181147495,410291.64924541325,301.67471333881474,1433.5127795286294,1.0269428141658887,225,51:56
945000,1893.9999999690365,-1602317.7760628555,408675.49628523656,300.4864062361241,1433.9019983646458,1.0266640604663744,225,51:51
950000,1903.9999999688,-1601658.881669348,408124.9723214571,300.08162305502657,1432.5262108946552,1.0276500609594457,225,51:47
955000,1913.9999999685635,-1601309.5733672269,407394.10787267215,299.5442411134681,1432.5733877674106,1.0276162188424711,225,51:47
960000,1923.999999968327,-1602635.7701381557,406823.6399780945,299.1247937791579,1433.5969394314334,1.0268825270621371,225,51:42
965000,1933.9999999680906,-1600568.3664256362,409019.4211807429,300.73928353560797,1432.6042403789208,1.0275940880661634,225,51:38
970000,1943.9999999678541,-1599518.1796052428,406890.0483760284,299.17362181269664,1432.1273152877354,1.0279362960520881,225,51:34
975000,1953.9999999676177,-1602042.460548074,406609.198592708,298.96712168521344,1429.0533073251572,1.0301474692412829,225,51:30
980000,1963.9999999673812,-1601525.9782176092,408375.6205059824,300.2659168844395,1430.8151381443852,1.0288789996037495,225,51:26
985000,1973.9999999671447,-1598862.4367758455,407922.29834461096,299.93260317129574,1431.2482818487988,1.0285676263312478,225,51:21
990000,1983.9999999669083,-1601771.741979029,409108.5155500362,300.80479185966504,1434.176150414017,1.0264678069893443,225,51:18
995000,1993.9999999666718,-1601822.1939980667,407290.52431920066,299.4680793420609,1434.1583086448857,1.0264805768499117,225,51:13
1000000,2003.9999999664353,-1599764.064262175,408770.3708117045,300.5561645303229,1436.0778490467098,1.0251085266227884,225,51:09
1005000,2013.9999999661989,-1598951.6350722732,408043.85922146915,300.0219831105337,1431.5206346990876,1.028371936993661,225,51:08
1010000,2023.9999999659624,-1604174.6566672064,408350.9157989125,300.2477522802192,1433.3383345922534,1.0270677985952836,225,51:04
1015000,2033.999999965726,-1599942.640920829,406770.3155920467,299.08558601340275,1435.1620207318945,1.0257626851086443,225,51:00
1020000,2043.9999999654895,-1600180.2523371503,408126.4119491402,300.08268156857275,1434.7245945355457,1.0260754248995507,225,50:56
1025000,2053.999999965253,-1602561.0795877883,409335.2568491787,300.971507698378,1432.3002003328684,1.0278122195401282,225,50:52
1030000,2063.9999999650167,-1600597.5279743047,408449.34251489775,300.3201223891023,1430.9174833101665,1.0288054099013304,225,50:48
1035000,2073.9999999647803,-1600688.8812892754,409208.8609517312,300.8785727185903,1431.8172813057627,1.0281588769548613,225,50:43
1040000,2083.999999964544,-1600196.0546969716,406782.74825842027,299.09472736705,1433.0810290217944,1.027252205659829,225,50:39
1045000,2093.9999999643073,-1600191.409565431,408419.45675066626,300.29814831438244,1433.1473634496467,1.027204658429823,225,50:35
1050000,2103.999999964071,-1599973.42949956,407804.2810398639,299.84582871063077,1434.2359207137026,1.0264250300043618,225,50:31
1055000,2113.9999999638344,-1601064.9488569517,407743.2091397253,299.8009244382644,1429.275861360739,1.0299870639040614,225,50:30
1060000,2123.999999963598,-1602800.8286530515,406495.1959715027,298.88329909673223,1429.5658655127463,1.029778118984312,225,50:26
1065000,2133.9999999633615,-1601362.3654080117,409734.6281697025,301.26515303299874,1434.6746439106328,1.0261111494513848,225,50:22
1070000,2143.999999963125,-1598148.8054184,409511.21472301934,301.1008840608952,1434.823628859971,1.0260046031731238,225,50:17
1075000,2153.9999999628885,-1599072.226492294,408269.1222109315,300.1876119940288,1434.861645246943,1.0259774193758853,225,50:13
1080000,2163.999999962652,-1599406.9376657438,409245.6046559691,300.90558922371133,1435.0740059802943,1.0258255963226681,225,50:09
1085000,2173.9999999624156,-1598447.8611548878,407614.8029762814,299.7065113722926,1436.919621592115,1.0245080001905473,225,50:05
1090000,2183.999999962179,-1600064.9095721412,407622.9643823389,299.71251220081876,1433.9422253325088,1.0266352590394852,225,50:00
1095000,2193.9999999619426,-1601822.5670667365,409331.6092726666,300.9688257485974,1431.3948719056216,1.028462290068174,225,49:56
1100000,2203.999999961706,-1602209.516732879,408829.8107039553,300.59986883795045,1433.2085412772733,1.0271608112521649,225,49:52
1105000,2213.9999999614697,-1600588.4003233677,408591.28091790166,300.4244852907522,1433.317849828311,1.027082477294366,225,49:51
1110000,2223.9999999612332,-1601076.6077240463,408875.383196621,300.63337687713766,1432.9640687936626,1.0273360512041378,225,49:47
1115000,2233.999999960997,-1603775.8016487816,408541.99850464216,300.3882494621165,1433.7353227826536,1.0267834129208124,225,49:42
1120000,2243.9999999607603,-1599023.3365868712,408284.3674536828,300.19882134777816,1432.953861750172,1.0273433689999398,225,49:38
1125000,2253.999999960524,-1602522.3113940665,408640.80177230696,300.46089643776065,1429.4987070261252,1.0298264984194851,225,49:34
1130000,2263.9999999602874,-1600971.2548999973,408936.7592386154,300.67850477556937,1434.5138163693848,1.026226189774685,225,49:30
1135000,2273.999999960051,-1601558.0177847985,407910.0338667863,299.92358548146746,1432.6382142616603,1.027569719484686,225,49:26
1140000,2283.9999999598144,-1601014.61858063,409484.7966214487,301.08145965088613,1432.1801988836983,1.027898339258803,225,49:22
1145000,2293.999999959578,-1600847.116141026,410352.18348301214,301.7192222846059,1429.17946325389,1.0300565364969667,225,49:18
1150000,2303.9999999593415,-1602354.64998627,408288.267752139,300.2016891161592,1429.6478545413388,1.0297190621281966,225,49:13
1155000,2313.999999959105,-1599674.5089051118,408533.5361963231,300.3820273894981,1432.456152614608,1.0277003210638331,225,49:13
1160000,2323.9999999588686,-1599021.984777688,407135.0350741387,299.3537529268935,1434.4728714287182,1.0262554819079053,225,49:09
1165000,2333.999999958632,-1600664.1292997738,406933.437099174,299.2055241939446,1433.0930935784872,1.0272435576923462,225,49:05
1170000,2343.9999999583956,-1601380.0663675442,408299.7132720499,300.2101046516556,1433.9341622398408,1.0266410318674486,225,49:01
1175000,2353.999999958159,-1602057.9786005467,407498.44889359653,299.62095982718,1429.9250255888016,1.0295194654319118,225,48:56
1180000,2363.9999999579227,-1602821.8202565415,407337.4494704453,299.5025819491116,1431.8856263035193,1.0281098021441026,225,48:52
1185000,2373.999999957686,-1599810.410272778,407840.32254702714,299.87232891204064,1433.0047637884502,1.0273068765382154,225,48:48
1190000,2383.9999999574497,-1600210.3375572236,408842.9464698056,300.6095271588173,1433.8474416713168,1.0267031241733426,225,48:44
1195000,2393.9999999572133,-1602032.4749060264,409762.8469909084,301.28590145625736,1433.1519017145106,1.027201405650544,225,48:40
1200000,2403.999999956977,-1602051.8402509196,408867.39475072507,300.6275032208492,1433.1527733889734,1.027200780884469,225,48:36
1205000,2413.9999999567403,-1601071.6101107188,406220.1236349228,298.68104694649276,1437.2512327023335,1.0242716196415935,225,48:35
1210000,2423.999999956504,-1601548.9600478876,407876.90418548754,299.8992262552264,1431.963439037816,1.0280539347715978,225,48:31
1215000,2433.9999999562674,-1602056.5271796696,409662.98982573254,301.2124795824887,1432.0703170417685,1.027977209242693,225,48:27
1220000,2443.999999956031,-1600613.421141264,408282.42559818097,300.1973935617071,1431.9869836211894,1.0280370316140577,225,48:23
1225000,2453.9999999557945,-1601108.7441626778,407706.62104789785,299.7740223501182,1432.1362757672448,1.027929864539757,225,48:19
1230000,2463.999999955558,-1601046.9316000855,408715.1833868034,300.51558692993166,1430.6296881396536,1.029012371374884,225,48:15
1235000,2473.9999999553215,-1599885.6701918207,407514.1505955524,299.632504801213,1432.6599431754144,1.0275541345066057,225,48:11
1240000,2483.999999955085,-1603375.011303299,407607.16938361933,299.7008986285716,1431.9325054481387,1.028076143498939,225,48:07
1245000,2493.9999999548486,-1599625.1201808117,406248.049932013,298.70158028584973,1431.9931640481732,1.028032594646082,225,48:03
1250000,2503.999999954612,-1601542.968555294,409257.7116617996,300.9144911292706,1430.1220923573485,1.0293776005692592,225,47:59
1255000,2513.9999999543757,-1601583.79803327,407457.34254481085,299.590735604949,1431.5463667252213,1.0283534520223232,225,47:57
1260000,2523.999999954139,-1602021.6618592823,409384.0556233321,301.00738792219215,1431.6988548871338,1.0282439235924021,225,47:53
1265000,2533.9999999539027,-1601226.6065337956,409752.2525833467,301.2781117172509,1430.31176861973,1.0292410929209697,225,47:49
1270000,2543.9999999536662,-1601069.7761223577,407634.803927619,299.72121745093784,1432.5776176850238,1.0276131846390255,225,47:45
1275000,2553.99999995343,-1600371.938875935,409287.2319110341,300.9361964521595,1433.6313860550047,1.0268578536096682,225,47:40
1280000,2563.9999999531933,-1600267.480525937,409353.2822374669,300.98476120683875,1432.966118397352,1.0273345817822628,225,47:36
1285000,2573.999999952957,-1601367.3156110244,408697.8643659682,300.5028527915319,1434.3318675993005,1.0263563692661093,225,47:32
1290000,2583.9999999527204,-1602939.5150949117,407999.7000707735,299.98951425782394,1428.0783385747366,1.0308507651065766,225,47:28
1295000,2593.999999952484,-1601315.7162509086,410342.82170773676,301.7123388618559,1431.8665454385957,1.0281235025998636,225,47:24
1300000,2603.9999999522474,-1601664.0268365582,408469.5473887754,300.334978405661,1433.0435739488712,1.0272790546733361,225,47:20
1305000,2613.999999952011,-1601697.8750058962,408444.8609711041,300.3168272490678,1433.5728139304115,1.026899808399517,225,47:18
1310000,2623.9999999517745,-1602247.0932584843,407988.5753132715,299.98133456896954,1432.2590433650853,1.0278417544448668,225,47:14
1315000,2633.999999951538,-1600685.0930639086,407348.75238409603,299.51089263065177,1430.326911019918,1.0292301966843127,225,47:10
1320000,2643.9999999513016,-1603617.351631673,408351.1824191668,300.24794831781566,1432.2622970310165,1.02783941949986,225,47:06
1325000,2653.999999951065,-1601233.1681397837,407400.58138777775,299.54900088817317,1431.2973236626015,1.0285323836034233,225,47:02
1330000,2663.9999999508286,-1600638.189380765,408068.19972974376,300.0398799306853,1434.0061806032968,1.0265894721127056,225,46:58
1335000,2673.999999950592,-1601112.3894854523,408022.53776533913,300.006306105706,1431.5437867172545,1.0283553053782062,225,46:54
1340000,2683.9999999503557,-1599233.0707492149,408207.3836467117,300.14221754425824,1432.8441882426494,1.0274220044521636,225,46:50
1345000,2693.999999950119,-1600465.3625986818,407492.74054268387,299.61676265395363,1432.7510806929404,1.0274887716294079,225,46:45
1350000,2703.9999999498827,-1600564.9511478962,408992.98078399623,300.719842732648,1430.5917254876413,1.0290396775852269,225,46:41
1355000,2713.9999999496463,-1600993.8249759944,407336.51662306354,299.5018960553894,1433.5880514551961,1.026888893540631,225,46:39
1360000,2723.99999994941,-1602105.9346341603,410331.01454060676,301.70365741838555,1427.6366089624623,1.0311697239410056,225,46:35
1365000,2733.9999999491733,-1602326.4490081333,408995.5686732315,300.7217455272689,1431.3573397588393,1.0284892577558074,225,46:31
1370000,2743.999999948937,-1599239.8238855628,409340.9868383632,300.97572078155395,1431.637503335619,1.028287988070946,225,46:27
1375000,2753.9999999487004,-1599262.2056559417,407334.6950281579,299.5005566932016,1432.4984900296083,1.0276699474367113,225,46:23
1380000,2763.999999948464,-1601837.6507037822,408593.1913538093,300.42588997497097,1430.9398962883874,1.0287892956023958,225,46:19
1385000,2773.9999999482275,-1600765.366182495,407592.4977275329,299.69011101529156,1434.20912469862,1.0264442071941535,225,46:14
1390000,2783.999999947991,-1601828.4815000258,408903.7731932077,300.6542511603401,1432.7714277671182,1.0274741800554497,225,46:10
1395000,2793.9999999477545,-1601432.8498002812,407691.29162372224,299.76275110038074,1433.2441111749465,1.0271353194293376,225,46:06
1400000,2803.999999947518,-1601132.4985032855,408650.0038121317,300.4676624119923,1430.0600938596308,1.0294222279699492,225,46:02
1405000,2813.9999999472816,-1601032.7468357002,408852.17134215566,300.61630992109605,1432.041769893687,1.0279977015343522,225,46:01
1410000,2823.999999947045,-1599122.658601366,408610.1414854503,300.4383528805974,1434.3784056351615,1.026323069399539,225,45:57
1415000,2833.9999999468087,-1600728.6183469472,408015.72592296585,300.0012975694634,1429.3944134084575,1.029901638164039,225,45:53
1420000,2843.999999946572,-1600067.618566676,407670.87257779634,299.74773760976336,1431.7938008389533,1.0281757380771621,225,45:49
1425000,2853.9999999463357,-1598405.686046837,409866.8117799455,301.36234353834163,1434.4620660876217,1.0262632123601745,225,45:45
1430000,2863.9999999460993,-1604274.7470390964,409122.81471880013,300.81530559457957,1433.075201039776,1.027256383254542,225,45:40
1435000,2873.999999945863,-1603149.5983255766,409184.81780883216,300.86089454196843,1429.5431084768911,1.0297945121223975,225,45:36
1440000,2883.9999999456263,-1602973.570232016,407061.7736138249,299.29988604932095,1431.7689573056034,1.0281935786080019,225,45:32
1445000,2893.99999994539,-1599260.0096560754,409193.5398912452,300.86730761841426,1433.3990180446672,1.0270243173181954,225,45:28
1450000,2903.9999999451534,-1604909.8156948872,409190.6675956084,300.8651957085948,1430.9601982335814,1.0287746995123572,225,45:24
1455000,2913.999999944917,-1599593.940069314,408022.841345622,300.0065293188642,1433.7628940183279,1.0267636678935264,225,45:24
1460000,2923.9999999446804,-1600811.396791717,408363.6477914661,300.2571137191149,1432.0335592378592,1.0280035956247977,225,45:20
1465000,2933.999999944444,-1601399.8423193116,410641.06708687544,301.9316294309469,1430.3522193519325,1.0292119857155844,225,45:16
1470000,2943.9999999442075,-1598706.3058560025,407501.3882880978,299.62312107271157,1434.1189133587663,1.0265087742996797,225,45:12
1475000,2953.999999943971,-1601476.1055850498,408647.4414591269,300.4657783933689,1433.836830945034,1.0267107220154326,225,45:08
1480000,2963.9999999437346,-1603538.9534830842,408638.1287783665,300.4589310682918,1429.4153066593344,1.0298865844611687,225,45:04
1485000,2973.999999943498,-1602089.291275464,408468.6983829208,300.33435415801114,1434.341582473683,1.0263494176980024,225,44:59
1490000,2983.9999999432616,-1602141.325778827,407555.9937426547,299.6632707683743,1430.5104780353201,1.0290981230516705,225,44:55
1495000,2993.999999943025,-1601227.5652107764,407947.8690181998,299.95140449381586,1430.998890493607,1.0287468828463586,225,44:51
1500000,3003.9999999427887,-1603180.2319684904,408681.73774920934,300.49099539083454,1430.0331152338122,1.0294416487769236,225,44:47
1505000,3013.999999942552,-1600649.7684855452,410279.7841354441,301.6659892917734,1430.8809980832027,1.0288316428298074,225,44:45
1510000,3023.9999999423158,-1601660.0796039477,409826.1527691372,301.33244822983903,1431.9933548458355,1.0280324576718318,225,44:41
1515000,3033.9999999420793,-1601672.628639917,407831.08576525724,299.8655373931351,1430.8801446921539,1.0288322564351593,225,44:37
1520000,3043.999999941843,-1600471.2339874282,407065.3988619221,299.30255158171116,1431.754771825322,1.0282037657015053,225,44:33
1525000,3053.9999999416063,-1600127.0639673471,409029.7989972328,300.7469140219228,1433.8954705459244,1.0266687343613774,225,44:29
1530000,3063.99999994137,-1602360.1602315884,408549.471735429,300.39374429672864,1434.6943238392869,1.0260970741226707,225,44:25
1535000,3073.9999999411334,-1599300.2339783525,408054.81786199415,300.03004065873154,1433.992205541804,1.0265994768051616,225,44:21
1540000,3083.999999940897,-1600051.5568404663,408263.296081671,300.1833282220394,1431.1059234103275,1.0286699425041819,225,44:17
1545000,3093.9999999406605,-1602321.7399906507,409402.847339621,301.02120488784334,1432.791212494559,1.0274599921567331,225,44:13
1550000,3103.999999940424,-1600687.278890687,408600.1339976146,300.43099468544614,1434.4562186794956,1.026267395812949,225,44:08
1555000,3113.9999999401875,-1602889.57390711,408181.3190918395,300.12305308616163,1435.9278734740478,1.0252155941441876,225,44:06
1560000,3123.999999939951,-1603568.8548963955,408420.01630749344,300.2985597391476,1433.804766371955,1.026733682631654,225,44:02
1565000,3133.9999999397146,-1602662.691038602,409292.9435032548,300.9403960086191,1432.2068539459722,1.0278792088558388,225,43:59
1570000,3143.999999939478,-1603131.215880515,408157.28695846314,300.1053830045,1432.366724116627,1.0277644845874196,225,43:55
1575000,3153.9999999392417,-1602484.0352044944,409216.99071712006,300.884550282715,1431.7013133533915,1.0282421579287355,225,43:51
1580000,3163.999999939005,-1602185.6137972418,409632.70295427955,301.1902105860801,1434.3360508027597,1.026353375924687,225,43:47
1585000,3173.9999999387687,-1601299.4819983644,408688.14166846534,300.4957039938718,1432.7109891497062,1.0275175238416978,225,43:43
1590000,3183.9999999385323,-1602066.0109337931,408153.3394504344,300.1024805243858,1432.6297414582198,1.0275757966978016,225,43:38
1595000,3193.999999938296,-1601904.9933213294,407351.43464414333,299.5128648132013,1434.46170396396,1.0262634714358903,225,43:35
1600000,3203.9999999380593,-1599642.651307336,408857.0053306343,300.6198642027668,1435.095961792679,1.0258099020172475,225,43:31
1605000,3213.999999937823,-1600735.7646045815,410247.9756820796,301.6426015234186,1430.803300466239,1.0288875119816876,225,43:28
1610000,3223.9999999375864,-1602205.9707208518,409367.87029280746,300.9954873510855,1431.5768511416225,1.0283315539629811,225,43:24
1615000,3233.99999993735,-1602275.8688639877,407526.8421711199,299.6418365227534,1432.6209308340253,1.0275821162928747,225,43:20
1620000,3243.9999999371134,-1600661.5996995084,408993.5885498291,300.7202896039985,1432.2165141217772,1.027872275899986,225,43:16
1625000,3253.999999936877,-1602639.1102964105,407576.9856348479,299.6787054550697,1431.5878665193495,1.0283236414479615,225,43:12
1630000,3263.9999999366405,-1602791.3585975217,409819.03295064566,301.327213248317,1432.3940209522532,1.0277448986929048,225,43:08
1635000,3273.999999936404,-1602146.854675522,409985.54281763866,301.449642784686,1430.873637659364,1.028836935146858,225,43:04
1640000,3283.9999999361676,-1602737.8815550087,408443.37195403536,300.31573242103946,1431.3657174078244,1.0284832381048674,225,43:00
1645000,3293.999999935931,-1601785.5037363432,407691.7542191677,299.7630912324518,1433.071173705561,1.0272592701347303,225,42:56
1650000,3303.9999999356946,-1599843.564184012,407897.7115075871,299.9145252332613,1435.5115562348772,1.0255129201558488,225,42:52
1655000,3313.999999935458,-1603206.7719477331,408228.4259831453,300.1576893210377,1433.2205897643364,1.027152176340111,225,42:50
1660000,3323.9999999352217,-1600937.8980034888,408907.5788649948,300.65704935266876,1432.2516365401418,1.0278470698822875,225,42:46
1665000,3333.999999934985,-1603123.7443857137,408254.55537177884,300.1769014493865,1429.6032481353498,1.0297511913686694,225,42:41
1670000,3343.9999999347488,-1601102.1806160966,408520.61828353454,300.37252924922495,1432.7327696184213,1.0275019034735757,225,42:37
1675000,3353.9999999345123,-1600386.0333979623,407016.9692805916,299.26694281391906,1434.8095969804604,1.0260146370988787,225,42:34
1680000,3363.999999934276,-1600846.7460653335,409062.8738313877,300.7712329207617,1433.7047779706754,1.026805288349263,225,42:30
1685000,3373.9999999340394,-1600181.125103481,407632.48129192466,299.7195096890115,1435.2164789955025,1.0257237632766263,225,42:26
1690000,3383.999999933803,-1600478.7230425598,407651.75705154496,299.7336825566985,1433.6921691441166,1.0268143187464915,225,42:22
1695000,3393.9999999335664,-1601130.8045553947,408113.3569896907,300.07308266214403,1433.4659425772315,1.0269763684131483,225,42:18
1700000,3403.99999993333,-1601911.325254174,408603.3250767009,300.4333409868402,1431.421894257691,1.02844287477894,225,42:14
1705000,3413.9999999330935,-1601733.517104202,409354.16623388976,300.9854111819673,1432.7893803944762,1.027461305964305,225,42:11
1710000,3423.999999932857,-1600571.1628817655,408076.5831771853,300.0460440193485,1428.867011829502,1.0302817797346957,225,42:07
1715000,3433.9999999326205,-1600362.8757587168,408399.5295075242,300.2834964310854,1431.4601453758062,1.0284153929870055,225,42:03
1720000,3443.999999932384,-1602152.224879939,408344.05033515487,300.24270431783725,1432.0734397216067,1.0279749677070171,225,41:59
1725000,3453.9999999321476,-1602912.7395940535,406821.7326802738,299.12339140227704,1431.8556903985398,1.028131296906146,225,41:55
1730000,3463.999999931911,-1600910.2950547012,408523.6896773253,300.37478754973654,1431.9896988934595,1.0280350822980489,225,41:52
1735000,3473.9999999316747,-1602205.7042064564,408069.800998682,300.0410572940287,1434.041670162073,1.026564066151242,225,41:48
1740000,3483.999999931438,-1603540.1547490153,407968.1609074254,299.96632449005875,1430.243231219502,1.0292904142581916,225,41:44
1745000,3493.9999999312017,-1604127.7581135947,408655.11461885844,300.47142022952784,1430.4924360832633,1.0291111024554964,225,41:40
1750000,3503.9999999309653,-1603529.1373787401,408980.85053257673,300.7109237353288,1431.7489903870862,1.0282079176140302,225,41:36
1755000,3513.999999930729,-1602243.0687176306,409418.2052753037,301.0324971012069,1431.543512049457,1.0283555026869742,225,41:33
1760000,3523.9999999304923,-1601701.575725182,408646.9034762247,300.4653828312411,1435.7641656504588,1.025332490649646,225,41:29
1765000,3533.999999930256,-1600559.4647599924,409972.5117447028,301.44006144126934,1434.3684551560495,1.0263301891923837,225,41:25
1770000,3543.9999999300194,-1603635.1086960398,410038.57986827404,301.488639281632,1431.4339638957197,1.0284342031017655,225,41:21
1775000,3553.999999929783,-1602272.157551826,408812.34162038227,300.5870243630779,1432.7269638997209,1.0275060671329233,225,41:17
1780000,3563.9999999295464,-1601521.5134659372,409042.20060443296,300.75603253872407,1435.55052065388,1.0254850851792743,225,41:13
1785000,3573.99999992931,-1602478.7230842244,407324.9679849645,299.49340470029017,1434.3411835023862,1.0263497031837452,225,41:09
1790000,3583.9999999290735,-1604315.9278346142,406176.4079251756,298.64890414214705,1431.9488740854383,1.028064391539205,225,41:05
1795000,3593.999999928837,-1603284.675140584,409638.5661089686,301.19452158171777,1429.663324571883,1.0297079197948449,225,41:01
1800000,3603.9999999286006,-1602733.8661657711,409637.79155164264,301.19395207376,1432.6706547763172,1.0275464518268789,225,40:57
1805000,3613.999999928364,-1600708.4531821655,407766.7712820751,299.81824895011374,1434.79371882146,1.026025991500094,225,40:55
1810000,3623.9999999281276,-1601723.0793031752,408983.0285895393,300.7125251930017,1431.1883544358686,1.0286106950137721,225,40:51
1815000,3633.999999927891,-1601597.5634351345,407209.53653119755,299.40853153558044,1431.3949590648851,1.0284622274439377,225,40:47
1820000,3643.9999999276547,-1605051.6025409969,406663.7000563904,299.0071949196143,1432.2736622874988,1.0278312634756777,225,40:43
1825000,3653.9999999274182,-1606083.805884676,408276.34725356754,300.19292434359795,1427.7960299719848,1.0310545883649649,225,40:39
1830000,3663.9999999271818,-1602121.644452449,409395.7468175324,301.01598409436735,1433.446538692995,1.026990270103953,225,40:35
1835000,3673.9999999269453,-1599151.833438076,407700.7568677155,299.7697106004671,1433.6329525505903,1.0268567315872623,225,40:31
1840000,3683.999999926709,-1600619.2286080997,408487.77591932274,300.348381278319,1432.5301872231237,1.0276472084721266,225,40:27
1845000,3693.9999999264724,-1602224.5655945474,407630.8789043399,299.71833150316206,1432.7041190502953,1.0275224509913035,225,40:23
1850000,3703.999999926236,-1602769.9698780337,406279.0947472502,298.72440657479467,1429.6527005751097,1.0297155717326985,225,40:19
1855000,3713.9999999259994,-1600151.5753206247,406582.2553517594,298.9473111565211,1432.4487984149873,1.027705597282655,225,40:17
1860000,3723.999999925763,-1602285.8767450387,407304.9398493798,299.47867863391195,1429.8082093398448,1.0296035778334172,225,40:13
1865000,3733.9999999255265,-1600578.7473162478,408451.8050579671,300.32193302057846,1432.2062623112529,1.0278796334657874,225,40:09
1870000,3743.99999992529,-1601638.4033903116,409165.13493547664,300.8464223361896,1433.5631834100045,1.0269067069999238,225,40:05
1875000,3753.9999999250535,-1603863.9105570018,409158.8746048532,300.8418193094166,1431.0919384638655,1.0286799948940293,225,40:01
1880000,3763.999999924817,-1603622.0878912015,409472.4530778044,301.07238382641503,1431.267744167674,1.0285536399117188,225,39:57
1885000,3773.9999999245806,-1601497.708684506,408591.14176537155,300.4243829762164,1433.507122477463,1.0269468667917554,225,39:53
1890000,3783.999999924344,-1601907.940263764,408829.5912548504,300.59970748383586,1430.607515291168,1.0290283199388028,225,39:49
1895000,3793.9999999241077,-1603548.2397313965,407286.638901753,299.46522251522345,1431.3618938246739,1.0284859854821706,225,39:45
1900000,3803.999999923871,-1602281.5579211768,407146.43816421204,299.3621372650475,1432.046553035223,1.0279942679459015,225,39:41
1905000,3813.9999999236347,-1600283.7730057584,406116.35591579997,298.604749763799,1436.4220884787792,1.0248628587373914,225,39:38
1910000,3823.9999999233983,-1601665.5333241345,409112.2190829916,300.8075149524813,1435.0371497020553,1.0258519427580972,225,39:34
1915000,3833.999999923162,-1602281.8887121119,407212.0674687125,299.4103924553694,1428.5820901330328,1.0304872629439217,225,39:30
1920000,3843.9999999229253,-1603550.7571373628,408498.0402814059,300.3559283451304,1431.9544810618697,1.0280603660391703,225,39:26
1925000,3853.999999922689,-1604979.3720310992,408976.0826529955,300.7074180614781,1431.2795344522121,1.0285451671153254,225,39:22
1930000,3863.9999999224524,-1601327.3836778495,406903.1577133966,299.1832607015209,1434.9015449975275,1.025948890419818,225,39:18
1935000,3873.999999922216,-1602605.090006221,406650.5504504095,298.9975264225291,1431.304643500198,1.02852712358415,225,39:14
1940000,3883.9999999219795,-1601279.511665157,409497.2812811966,301.09063923364755,1430.5148869411923,1.029094951328818,225,39:10
1945000,3893.999999921743,-1601834.7469884818,408792.1075739851,300.5721468968712,1432.7696508352515,1.0274754543367774,225,39:06
1950000,3903.9999999215065,-1598936.236529678,408392.9412512977,300.27865229079595,1434.499507506702,1.026236426187841,225,39:02
1955000,3913.99999992127,-1601668.868908125,408108.18109232513,300.06927698548236,1431.13416757568,1.0286496411763209,225,39:00
1960000,3923.9999999210336,-1605570.2582483776,407918.1982821532,299.9295885226454,1430.9486618680553,1.0287829935352624,225,38:56
1965000,3933.999999920797,-1600669.6656976715,407716.51360665495,299.7812960414856,1435.263536338611,1.0256901333307376,225,38:52
1970000,3943.9999999205606,-1601013.666841127,407654.69764707785,299.7358446853113,1430.954082358367,1.0287790964792225,225,38:48
1975000,3953.999999920324,-1601084.1347661335,407825.3155804372,299.8612947553561,1432.450733628954,1.0277042088717456,225,38:44
1980000,3963.9999999200877,-1601722.3381535904,406905.67507632705,299.18511164033924,1430.4043513930922,1.0291744753979257,225,38:40
1985000,3973.9999999198512,-1603371.3756559342,410296.83740598086,301.6785280322282,1430.4492843792382,1.0291421471756321,225,38:36
1990000,3983.9999999196148,-1601994.9332075687,407310.95189669833,299.48309910567815,1430.3466459222125,1.0292159961005398,225,38:32
1995000,3993.9999999193783,-1602737.9158341102,410129.4472390138,301.5554512386147,1430.5785225344625,1.0290491746959889,225,38:28
2000000,4003.999999919142,-1601259.8862362988,408537.2615423674,300.3847665208016,1433.958660306317,1.0266234925053026,225,38:24
2005000,4013.9999999189054,-1605347.4295566194,408367.09900066257,300.259651286104,1433.4063287483875,1.0270190792567,225,38:22
2010000,4023.999999918669,-1602649.244940837,407086.43546301604,299.31801914147337,1432.328626007364,1.0277918218080264,225,38:18
2015000,4033.9999999184324,-1603266.3403074956,405348.6852521193,298.0403053549732,1430.2707532380991,1.029270608113195,225,38:14
2020000,4043.999999918196,-1602048.2435147865,407346.1479813374,299.5089776941497,1434.0125562337603,1.0265849078882967,225,38:10
2025000,4053.9999999179595,-1602017.3212022847,410426.1802029652,301.7736297757672,1430.6554373215363,1.028993851033774,225,38:06
2030000,4063.999999917723,-1602717.2748849383,408666.38095840137,300.4797040192619,1433.1988504086964,1.0271677566110913,225,38:02
2035000,4073.9999999174865,-1601806.4078835314,408921.8122040156,300.6675146850168,1432.9845749852516,1.0273213498945353,225,37:58
2040000,4083.99999991725,-1604463.4679223597,408250.3796265387,300.1738311535357,1434.736638068393,1.0260668117696177,225,37:54
2045000,4093.9999999170136,-1603350.953948127,408631.7222037456,300.4542205128472,1430.1763601971597,1.029338540981723,225,37:50
2050000,4103.999999918596,-1601552.5102352574,407304.1735600168,299.4781152051306,1432.2894735867094,1.027819917062858,225,37:46
2055000,4113.999999920633,-1602052.0177323595,407597.10886182147,299.69350143919434,1433.0257093269888,1.0272918611092292,225,37:43
2060000,4123.99999992267,-1601663.6694662236,407827.78005765576,299.8631068089522,1430.6168392907894,1.0290216132795478,225,37:39
2065000,4133.9999999247075,-1600724.0757888723,409673.10060230095,301.2199137226388,1431.5521343437895,1.028349308861678,225,37:35
2070000,4143.999999926745,-1602036.5059559485,408584.95653450245,300.4198351679614,1433.8982474736142,1.0266667460858203,225,37:31
2075000,4153.999999928782,-1601864.4280672222,409688.1684157397,301.2309926181224,1432.8310397585128,1.0274314326691354,225,37:27
2080000,4163.999999930819,-1602286.9424109375,408027.40757304884,300.0098867241454,1430.6876838592837,1.0289706583485825,225,37:23
2085000,4173.999999932857,-1601549.6760340407,408565.6785888163,300.4056606929281,1434.7339941109092,1.026068702626764,225,37:19
2090000,4183.999999934894,-1600681.2543306677,410349.2439075306,301.7170609060052,1433.0106175264566,1.0273026800687448,225,37:15
2095000,4193.999999936931,-1602986.2498789579,408943.4990887049,300.68346037812046,1431.8510465921058,1.0281346313610413,225,37:11
2100000,4203.999999938968,-1602345.8480711123,407185.7768335741,299.391061767471,1433.9706178927531,1.0266149317028732,225,37:07
2105000,4213.999999941006,-1601704.8857815992,409886.83251528477,301.37706416354916,1434.3772944847144,1.026323864447914,225,37:04
2110000,4223.999999943043,-1604455.8464939203,409401.08702153165,301.0199105805964,1429.1128396578774,1.0301045565473457,225,37:00
2115000,4233.99999994508,-1602064.2388098743,409394.91338986193,301.0153713008727,1432.2334814910625,1.0278600989129874,225,36:56
2120000,4243.999999947117,-1602200.044060668,409085.6063122726,300.78794740829034,1429.1844708915546,1.0300529273408263,225,36:52
2125000,4253.999999949155,-1600682.7538346658,409666.21536822256,301.21485122375367,1432.0987159514898,1.0279568241731194,225,36:48
2130000,4263.999999951192,-1601467.1841407036,406902.97720628785,299.18312798024715,1430.975128196725,1.0287639658748229,225,36:44
2135000,4273.999999953229,-1600629.5290189693,406569.2694619127,298.93776303482736,1429.2934595445397,1.0299743821825142,225,36:40
2140000,4283.9999999552665,-1602070.0736230444,409167.0541300541,300.8478334603864,1430.1694299414987,1.0293435289077,225,36:36
2145000,4293.999999957304,-1603224.5260452414,407792.1822047922,299.8369328127769,1430.6752906862373,1.028979571769756,225,36:32
2150000,4303.999999959341,-1599800.8903214065,409950.6867314658,301.42401418653236,1431.8559680790077,1.028131097520184,225,36:28
2155000,4313.999999961378,-1600076.7774279024,408786.07214501005,300.56770923329873,1435.1395111326763,1.0257787737932325,225,36:25
2160000,4323.999999963416,-1601707.7104778457,409574.04632813163,301.1470821897037,1432.795927376237,1.0274566111083931,225,36:21
2165000,4333.999999965453,-1601089.582281421,409570.9035596578,301.1447714096033,1431.373821120542,1.0284774153543226,225,36:18
2170000,4343.99999996749,-1599700.9420382213,408035.18807231344,300.01560748373095,1432.1432844773612,1.0279248339939178,225,36:13
2175000,4353.999999969527,-1601949.8782810206,407699.33355667687,299.76866408404305,1431.47620701028,1.028403853827606,225,36:10
2180000,4363.999999971565,-1601291.4584033433,406396.01135956123,298.81037173047923,1431.8970303006201,1.0281016140125856,225,36:06
2185000,4373.999999973602,-1600660.332198538,407577.94704537373,299.679412350385,1432.4610800538928,1.0276967859374653,225,36:02
2190000,4383.999999975639,-1603253.4012280032,407343.7963225846,299.5072485924694,1433.790651766169,1.0267437900634186,225,35:58
2195000,4393.999999977676,-1601172.4320359286,407547.422086727,299.65696829585363,1430.974877753916,1.028764145924481,225,35:54
2200000,4403.999999979714,-1605067.1149889808,408425.42606062593,300.3025373626954,1432.6342276505638,1.0275725789171686,225,35:50
2205000,4413.999999981751,-1602773.277150238,409241.2771170693,300.9024073186946,1431.2617185067156,1.0285579701578447,225,35:47
2210000,4423.999999983788,-1601287.2469935976,407063.2411644752,299.30096509375807,1432.856690177826,1.0274130400083452,225,35:43
2215000,4433.9999999858255,-1601459.7191372635,409333.18872140563,300.96998706822563,1432.0781347383409,1.0279715975280035,225,35:39
2220000,4443.999999987863,-1602789.2017988842,407329.4548645036,299.4967037635327,1430.0582244483705,1.029423573658867,225,35:35
2225000,4453.9999999899,-1601335.8360698717,409197.3758783495,300.8701281006546,1433.0754863464495,1.0272561787411687,225,35:31
2230000,4463.999999991937,-1599644.127592937,410221.44356672844,301.62309328261586,1430.1028692529646,1.0293914372193993,225,35:27
2235000,4473.999999993975,-1603336.3236492416,406753.3790888543,299.0731331283515,1433.1578171500805,1.027197165821783,225,35:24
2240000,4483.999999996012,-1601232.1314893598,408216.0899028439,300.14861898413096,1434.0789285745652,1.0265373952709549,225,35:20
2245000,4493.999999998049,-1601451.9790813848,409418.1794324976,301.03247809979376,1432.8555195930471,1.0274138793630812,225,35:16
2250000,4504.000000000086,-1602602.544485746,407638.4415054699,299.7238920490132,1432.500161442595,1.0276687483716485,225,35:12
2255000,4514.000000002124,-1600562.8066176418,408737.22568500973,300.5317939475616,1431.07608463728,1.0286913908738982,225,35:09
2260000,4524.000000004161,-1602655.9266527258,407978.9509322111,299.9742580603377,1429.5396089755022,1.0297970330510258,225,35:05
2265000,4534.000000006198,-1602898.5222833976,410114.8027121518,301.5446835726113,1429.5621437312116,1.0297807999514914,225,35:01
2270000,4544.0000000082355,-1603332.3302528178,408656.3034180758,300.47229431668944,1432.0543281468965,1.027988686614191,225,34:57
2275000,4554.000000010273,-1603412.8351102741,407083.94382293033,299.31618711586435,1429.600852438565,1.0297529170053141,225,34:53
2280000,4564.00000001231,-1600970.8513151696,408436.5224989962,300.3106962293712,1432.975357288084,1.0273279581987529,225,34:49
2285000,4574.000000014347,-1602508.0398003887,408183.8702720317,300.1249288897627,1432.322224850376,1.027796415087868,225,34:45
2290000,4584.000000016385,-1603499.1711354349,407005.91007283085,299.25881132175465,1432.4379073292012,1.027713411115119,225,34:41
2295000,4594.000000018422,-1602224.289007347,408969.95010052406,300.7029089860137,1433.6914093079092,1.026814862943585,225,34:37
2300000,4604.000000020459,-1601026.2828542832,408807.5594265206,300.5835081643811,1431.5016794715953,1.0283855541792306,225,34:33
2305000,4614.000000022496,-1602029.6785628162,408488.1919605599,300.3486871805258,1432.0249338457058,1.0280097875101046,225,34:31
2310000,4624.000000024534,-1602847.0437860917,408105.9798067508,300.06765844853226,1433.1518060148721,1.0272014742425821,225,34:27
2315000,4634.000000026571,-1603112.7035635635,407161.38568910974,299.3731277161009,1430.532479728774,1.029082295447783,225,34:23
2320000,4644.000000028608,-1601023.848529446,408770.62083643454,300.5563483657456,1430.8984832891379,1.0288190707757046,225,34:19
2325000,4654.000000030645,-1600607.8163031777,409385.44674485317,301.00841077066315,1430.9019566742254,1.0288165734104577,225,34:15
2330000,4664.000000032683,-1601332.4399892911,406519.50590366975,298.90117343522115,1432.3873246640833,1.0277497033123593,225,34:11
2335000,4674.00000003472,-1603514.9765106412,408554.7830679433,300.39764955465097,1431.413884488531,1.028448629641395,225,34:07
2340000,4684.000000036757,-1601759.4375844924,407606.7963573027,299.7006243539006,1430.3828155575118,1.0291899706430059,225,34:03
2345000,4694.0000000387945,-1601932.9315537205,407900.9456951131,299.9169032309529,1427.9317089399149,1.030956619798574,225,33:59
2350000,4704.000000040832,-1602908.5689391177,409305.81240166153,300.94985811013873,1431.921419201518,1.0280841030877257,225,33:55
2355000,4714.000000042869,-1601591.4191160696,410380.0585177687,301.73971793236024,1434.8630254775837,1.0259764324625384,225,33:52
2360000,4724.000000044906,-1604287.9041010914,409913.3399114972,301.39655422913654,1429.3853056533173,1.0299082004897475,225,33:48
2365000,4734.000000046944,-1600536.0773868067,407807.3726254599,299.84810185755,1429.3895941334977,1.0299051105407766,225,33:44
2370000,4744.000000048981,-1601234.1011623815,408603.3594895693,300.43336628955416,1430.6962077109918,1.0289645279113473,225,33:40
2375000,4754.000000051018,-1602670.5669640256,410031.7796400094,301.483639284883,1431.2908742152224,1.0285370182067768,225,33:36
2380000,4764.000000053055,-1603852.9791272115,409218.68434340175,300.8857955535461,1431.6661749156492,1.0282673948335972,225,33:32
2385000,4774.000000055093,-1600967.2996733775,407721.5657693527,299.78501073988707,1432.0361644952034,1.0280017254109135,225,33:29
2390000,4784.00000005713,-1598725.9693686338,408285.5659639853,300.1997025751992,1430.3924866711627,1.029183012124091,225,33:25
2395000,4794.000000059167,-1603617.8175673932,405862.2181293942,298.41789013844834,1429.7781693519087,1.029625210055618,225,33:21
2400000,4804.000000061204,-1600639.2636680761,408993.49748961884,300.7202226502526,1429.3093510196343,1.0299629306291953,225,33:17
2405000,4814.000000063242,-1603311.6950663002,408769.3845092114,300.55543933271673,1432.6365074271023,1.027570943725098,225,33:14
2410000,4824.000000065279,-1600595.9444086077,407774.9990481053,299.82429857106786,1434.8369251296022,1.0259950954488608,225,33:10
2415000,4834.000000067316,-1604626.4268158432,407974.16951010167,299.97074242908644,1431.1271668292084,1.0286546730948762,225,33:06
2420000,4844.0000000693535,-1604523.844615248,407330.086409452,299.49716811892876,1432.1545093960485,1.0279167773403917,225,33:02
2425000,4854.000000071391,-1602302.288763648,407619.5459403307,299.70999872652607,1431.8649548787153,1.0281246446712509,225,32:58
2430000,4864.000000073428,-1601757.8873189855,407998.4662942213,299.9886071002242,1432.4650667891833,1.027693925724578,225,32:54
2435000,4874.000000075465,-1599622.1455522692,406358.6545160212,298.7829044030625,1433.94865746495,1.0266306539555299,225,32:50
2440000,4884.000000077503,-1602517.7069331724,409288.9136206757,300.93743296105504,1434.1516377456417,1.0264853514834469,225,32:46
2445000,4894.00000007954,-1602588.199820187,409823.32784498506,301.3303711508018,1434.188618042097,1.0264588837426438,225,32:42
2450000,4904.000000081577,-1602588.4725197135,407657.79795738746,299.73812424724156,1430.6726377939335,1.0289814798037218,225,32:38
2455000,4914.000000083614,-1601534.9305702634,409031.7934710963,300.74838049664186,1430.345872021256,1.0292165529667212,225,32:35
2460000,4924.000000085652,-1601683.4537967397,409290.57340654667,300.9386533500826,1432.8660571716423,1.0274063235594877,225,32:31
2465000,4934.000000087689,-1600669.4934208626,409635.0770106829,301.1919561560576,1435.1791601495474,1.0257504350874893,225,32:27
2470000,4944.000000089726,-1601443.41320178,407412.93631326203,299.5580850813578,1433.2751048031685,1.0271131083059342,225,32:24
2475000,4954.0000000917635,-1603975.7613250604,407801.15935987025,299.84353343623525,1434.0379396731964,1.0265667366425337,225,32:20
2480000,4964.000000093801,-1599168.375843444,409515.47612815676,301.10401733980945,1432.351482608771,1.0277754209257808,225,32:16
2485000,4974.000000095838,-1601657.1074710377,408633.94564504735,300.45585534021586,1435.2428962001331,1.025704883716504,225,32:12
2490000,4984.000000097875,-1599097.011814328,408233.5589540054,300.1614634351725,1433.559606567461,1.0269092692119037,225,32:08
2495000,4994.0000000999125,-1602414.6645987844,409000.7654702994,300.725566570833,1432.1688169134472,1.027906508343467,225,32:04
2500000,5004.00000010195,-1602028.002841955,408699.2546297598,300.503875009341,1433.6602009665046,1.0268372149547382,225,32:00
2505000,5014.000000103987,-1602586.0209931294,408805.3229104977,300.58186372357585,1430.5022430408173,1.029104047276835,225,31:57
2510000,5024.000000106024,-1603738.696072164,408061.90724897594,300.03525326490916,1429.7196003151068,1.029667389065269,225,31:53
2515000,5034.000000108062,-1603790.7213435043,408921.7355370525,300.66745831417876,1429.123099079772,1.0300971616089756,225,31:49
2520000,5044.000000110099,-1603595.6301309336,407241.21178065636,299.43182136323844,1432.1048561084717,1.027952416802916,225,31:45
2525000,5054.000000112136,-1603027.3780325,409340.34146238235,300.9752462566291,1431.2910871920121,1.0285368651599829,225,31:41
2530000,5064.000000114173,-1601855.1006032703,408248.1746934914,300.17220993471193,1431.9389815462725,1.0280714939139495,225,31:37
2535000,5074.000000116211,-1601945.6000528047,406114.5392475105,298.60341402399916,1427.797574929128,1.0310534727060092,225,31:33
2540000,5084.000000118248,-1601066.6982293632,409438.8628825823,301.04768599858147,1432.1975089463751,1.027885915703695,225,31:29
2545000,5094.000000120285,-1600400.4963370766,407866.9887022924,299.8919357082313,1432.6233424986144,1.0275803864708561,225,31:25
2550000,5104.0000001223225,-1603680.808201814,406827.3206877335,299.12750009069816,1434.127874855632,1.026502359909914,225,31:21
2555000,5114.00000012436,-1605221.1448612884,409288.4617288192,300.93710069900067,1432.2606750718521,1.027840583473426,225,31:18
2560000,5124.000000126397,-1602346.065939567,408646.24085732707,300.46489562813485,1431.8331714957912,1.0281474666591233,225,31:15
2565000,5134.000000128434,-1604291.2534571532,408164.2619447947,300.1105114954307,1433.252056651606,1.027129625329916,225,31:11
2570000,5144.000000130472,-1601764.2087145736,408216.8944106656,300.14921051375865,1430.2748267954573,1.0292676766536035,225,31:07
2575000,5154.000000132509,-1600105.2035299009,407383.3487936895,299.53633029667753,1433.5932098840549,1.026885198536172,225,31:03
2580000,5164.000000134546,-1603402.6218903624,407553.48524924414,299.66142635103864,1435.6609354460693,1.0254062164716446,225,30:59
2585000,5174.000000136583,-1601933.2145828968,408451.81087598915,300.32193729838946,1429.539535294787,1.029797086128384,225,30:55
2590000,5184.000000138621,-1602381.1666747686,408675.27418690745,300.4862429341171,1430.678623840315,1.0289771744826237,225,30:51
2595000,5194.000000140658,-1601995.0959286038,407945.6707021331,299.94978814025256,1430.7292291196227,1.028940779282011,225,30:47
2600000,5204.000000142695,-1602030.293712465,408382.32675492374,300.27084778110935,1430.3475644600162,1.0292153351606226,225,30:43
2605000,5214.000000144732,-1602506.9189544348,409285.062944024,300.9346016780465,1432.3888848696856,1.0277485838532086,225,30:40
2610000,5224.00000014677,-1601287.3540460132,408094.551949017,300.05925589948635,1431.4094628753476,1.0284518065115618,225,30:36
2615000,5234.000000148807,-1602867.513655764,406506.6150816524,298.89169521395115,1431.715998312088,1.0282316113583,225,30:32
2620000,5244.000000150844,-1601692.1186974235,410624.19089712575,301.9192208924978,1430.8037091313247,1.0288872181116058,225,30:29
2625000,5254.0000001528815,-1601787.4469886515,407025.66992705734,299.2733401291782,1430.9393904831454,1.0287896592565258,225,30:25
2630000,5264.000000154919,-1604382.1938524283,409050.9496709384,300.76246545573537,1432.21489199567,1.0278734400677816,225,30:21
2635000,5274.000000156956,-1603461.3726422712,408776.32283436,300.5605408678177,1431.6173341038345,1.028302475027955,225,30:17
2640000,5284.000000158993,-1600036.0294408835,407825.4600523511,299.8614009810697,1433.4805791398649,1.026965882464362,225,30:13
2645000,5294.000000161031,-1602688.5762562742,407888.6026037466,299.9078277390277,1432.7324717465838,1.027502117096067,225,30:09
2650000,5304.000000163068,-1600990.5003843103,407600.17823909764,299.69575825702526,1431.8596933729352,1.0281284226138703,225,30:05
2655000,5314.000000165105,-1600760.3385463012,408724.185629075,300.52220599922464,1433.2419807972383,1.0271368461681698,225,30:02
2660000,5324.000000167142,-1603300.1958822245,409596.27439249086,301.16342579541924,1431.21179100557,1.0285938511710924,225,29:58
2665000,5334.00000016918,-1604228.988083494,407979.4873252651,299.97465245349946,1430.893967068439,1.028822317958298,225,29:54
2670000,5344.000000171217,-1602411.6666960903,407801.3910956277,299.8437038243441,1430.349097164557,1.029214232294881,225,29:50
2675000,5354.000000173254,-1600630.093760142,408734.7247289244,300.52995507218714,1431.821050020081,1.0281561707248608,225,29:46
2680000,5364.0000001752915,-1602335.0983152818,407029.443707765,299.27611487298617,1428.843175220283,1.0302989673621379,225,29:42
2685000,5374.000000177329,-1601701.7542518321,407258.9639657444,299.44487399386696,1430.8565490328997,1.0288492224792878,225,29:38
2690000,5384.000000179366,-1604035.550330203,409723.4617057295,301.2569426786709,1431.6289781310002,1.028294111421087,225,29:35
2695000,5394.000000181403,-1601086.6975460453,409576.86727079854,301.1491563412784,1430.7560400204109,1.0289214979871024,225,29:31
2700000,5404.0000001834405,-1602120.0256204372,407653.23710726516,299.7347707957254,1433.0456559960378,1.0272775621574237,225,29:27
2705000,5414.000000185478,-1602766.716598004,407653.4932593381,299.73495913639306,1434.6306581598908,1.0261426100011763,225,29:24
2710000,5424.000000187515,-1601054.5524568018,408710.8790985713,300.51242212040916,1430.8399555842705,1.0288611540420414,225,29:20
2715000,5434.000000189552,-1605859.5160119897,408470.46071448503,300.33564994570366,1430.584388212708,1.0290449553913417,225,29:16
2720000,5444.00000019159,-1601701.8289603908,407785.19783747353,299.8317974242976,1430.6738364082692,1.028980617726062,225,29:12
2725000,5454.000000193627,-1604160.3401527693,407404.33337483346,299.5517596077853,1429.351745762505,1.0299323818061081,225,29:08
2730000,5464.000000195664,-1602988.228360815,408274.77620781393,300.19176920242404,1432.069542770826,1.027977765034754,225,29:04
2735000,5474.000000197701,-1602245.3156362055,408122.05218775466,300.0794759713625,1433.1062128138676,1.0272341538882834,225,29:00
2740000,5484.000000199739,-1601599.1325968346,409564.420538913,301.14000464569676,1433.8228480352905,1.0267207346912515,225,28:56
2745000,5494.000000201776,-1600811.7484977515,408378.90908595576,300.2683348752092,1436.404117995314,1.0248756805337274,225,28:52
2750000,5504.000000203813,-1605354.227995771,410000.7631293052,301.4608338073826,1432.882004818968,1.0273948887632844,225,28:48
2755000,5514.0000002058505,-1603888.4421848524,408308.0691126549,300.21624844186897,1432.0499778312912,1.027991809462761,225,28:45
2760000,5524.000000207888,-1603943.7648771452,408812.5368938707,300.58716794161217,1429.4158627472432,1.0298861838027653,225,28:41
2765000,5534.000000209925,-1604930.5421204912,406456.4770606101,298.8548302834727,1430.9201989082085,1.0288034574360854,225,28:37
2770000,5544.000000211962,-1601339.446002231,409254.2441660493,300.911941587284,1433.8139885213573,1.0267270787824145,225,28:34
2775000,5554.000000214,-1603034.037558034,408836.2835410174,300.6046281141112,1431.6858578268916,1.0282532581458907,225,28:30
2780000,5564.000000216037,-1605606.478053823,408434.29961430375,300.3090618112601,1430.6281068308822,1.0290135087678103,225,28:26
2785000,5574.000000218074,-1602677.6042970978,406910.5274014448,299.1886794043715,1431.720483112509,1.0282283904687357,225,28:22
2790000,5584.000000220111,-1603757.5475337217,410245.1978677842,301.6405590827966,1429.5885655745592,1.0297617674076993,225,28:18
2795000,5594.000000222149,-1603216.3228597483,408015.47758038866,300.0011149708755,1431.426975307341,1.0284392241775477,225,28:14
2800000,5604.000000224186,-1601300.8057629708,406555.5851322794,298.9277013720395,1428.8506435780596,1.0302935821657635,225,28:10
2805000,5614.000000226223,-1601827.2672243817,408016.1925401719,300.0016406586102,1431.2416101082595,1.0285724210048248,225,28:07
2810000,5624.00000022826,-1604352.3519926993,408711.0780943397,300.51256843582036,1427.7676806806396,1.0310750606499968,225,28:03
2815000,5634.000000230298,-1601721.2860553833,408766.5941402153,300.55338766101306,1432.5957143066544,1.027600203777224,225,27:59
2820000,5644.000000232335,-1602729.5217785025,408501.32551377325,300.35834387450933,1430.3574811675298,1.0292081995825717,225,27:55
2825000,5654.000000234372,-1600011.8595453687,409472.5753406676,301.07247372250305,1432.129439166042,1.0279347716007783,225,27:51
2830000,5664.0000002364095,-1602122.6565556023,407637.03132116364,299.72285518426804,1433.3160185253894,1.0270837895654334,225,27:47
2835000,5674.000000238447,-1598215.215994672,409128.98304604285,300.81984097412277,1435.4484410628565,1.0255580108902236,225,27:43
2840000,5684.000000240484,-1599381.929113782,407467.7078876492,299.59835691977503,1431.6709213906788,1.028263985778178,225,27:40
2845000,5694.000000242521,-1601606.6580358325,408763.60856303,300.55119245878757,1432.5594884379439,1.0276261892321872,225,27:36
2850000,5704.000000244559,-1599801.841924482,408406.441165463,300.28857835861476,1432.180018514342,1.027898468712754,225,27:32
2855000,5714.000000246596,-1601260.3417083612,407378.87882061396,299.5330436642328,1430.6984763943274,1.0289628962644868,225,27:28
2860000,5724.000000248633,-1601699.5883999998,405860.18047223636,298.4163919123935,1434.5137124802234,1.0262262640951862,225,27:25
2865000,5734.00000025067,-1601644.60674957,407301.5287110347,299.47617052977597,1431.1306177873653,1.0286521926474659,225,27:21
2870000,5744.000000252708,-1603738.1161848186,407682.88139628974,299.7565673212215,1429.159879448616,1.0300706513814677,225,27:17
2875000,5754.000000254745,-1603615.504537492,407703.19140689605,299.77150064155313,1431.5626711015211,1.028341739882862,225,27:13
2880000,5764.000000256782,-1604150.6742062382,407638.15278119524,299.7236797590167,1431.627006755489,1.0282955274001235,225,27:09
2885000,5774.0000002588195,-1601272.0155846365,409240.99583617056,300.9022005015814,1431.5548013408504,1.0283473930393972,225,27:05
2890000,5784.000000260857,-1602454.0982613172,407081.9448572813,299.3147173384748,1433.8252171529134,1.0267190382346976,225,27:01
2895000,5794.000000262894,-1602587.454839373,407679.1974066137,299.7538585979718,1434.0362640243218,1.0265679361696587,225,26:57
2900000,5804.000000264931,-1601746.384855465,407670.8171822011,299.74769687910174,1432.6489357358196,1.027562029490355,225,26:53
2905000,5814.0000002669685,-1600914.4596425537,408370.2135940695,300.2619413499523,1431.5514845616042,1.0283497756301232,225,26:50
2910000,5824.000000269006,-1601030.8026398122,410609.29371950665,301.90826746023555,1431.0718264187533,1.0286944517913572,225,26:46
2915000,5834.000000271043,-1601919.3529926473,409215.0031387622,300.88308887804726,1435.051430634076,1.0258417339798296,225,26:42
2920000,5844.00000027308,-1602115.1577397361,409825.04066067433,301.3316305310086,1431.2927722674324,1.0285356542531552,225,26:39
2925000,5854.000000275118,-1599680.4679118888,407616.1746841575,299.70751994651306,1432.9616439183742,1.0273377896748177,225,26:35
2930000,5864.000000277155,-1600630.5493906466,405559.68221207557,298.19544486982136,1432.6414576419324,1.0275673931529032,225,26:31
2935000,5874.000000279192,-1604446.1799551444,405331.33780291135,298.02755031407344,1433.005197237284,1.0273065658031473,225,26:27
2940000,5884.000000281229,-1601470.694486441,409360.1094069502,300.9897810126295,1432.611726192998,1.027588718587365,225,26:23
2945000,5894.000000283267,-1602606.147122779,408169.18034610734,300.114127843238,1429.5252948060902,1.0298073446483405,225,26:19
2950000,5904.000000285304,-1603054.3443076154,407710.12409076944,299.7765980287995,1433.4432318540332,1.0269926392884197,225,26:15
2955000,5914.000000287341,-1601696.6046798797,408389.0758356486,300.27581017066007,1434.846692113427,1.0259881115128369,225,26:12
2960000,5924.0000002893785,-1601136.4487563279,409158.0331093975,300.8412005839299,1433.6397174081517,1.0268518862000697,225,26:08
2965000,5934.000000291416,-1601788.8941824492,409120.4934840608,300.81359886273196,1434.2467338967192,1.0264172915020249,225,26:04
2970000,5944.000000293453,-1602947.7677962175,409726.8959830416,301.25946779617095,1430.6948824879803,1.0289654810198592,225,26:00
2975000,5954.00000029549,-1599992.3718883656,408353.160102988,300.2494024473378,1433.9428340794527,1.0266348232054605,225,25:56
2980000,5964.000000297528,-1601337.8540255586,407397.9000378384,299.5470293747977,1431.6473133412353,1.0282809419843546,225,25:52
2985000,5974.000000299565,-1603207.152045831,409659.7136006498,301.2100706758866,1429.860712063751,1.0295657720584046,225,25:48
2990000,5984.000000301602,-1600228.7649633596,408598.33371151454,300.4296709909616,1434.1814227046957,1.026464033522079,225,25:44
2995000,5994.000000303639,-1603427.9878868964,408363.8718860018,300.25727848887055,1432.9725561164084,1.0273299664172395,225,25:41
3000000,6004.000000305677,-1602048.1021907348,410168.9758871037,301.5845154264994,1431.8941575945894,1.0281036766187432,225,25:37
3005000,6014.000000307714,-1599619.3927233424,409882.10534401843,301.3735884212588,1432.9357327100324,1.0273563666164753,225,25:33
3010000,6024.000000309751,-1602891.3054529876,408317.13515977154,300.22291442488387,1434.5067515241342,1.0262312438667727,225,25:29
3015000,6034.000000311788,-1602482.6242992496,408870.8969911046,300.630078309483,1431.8402848289716,1.0281423588579486,225,25:25
3020000,6044.000000313826,-1599737.2968190564,408866.15719283884,300.62659328295194,1435.572155539038,1.0254696305384448,225,25:22
3025000,6054.000000315863,-1604336.5637794957,408812.8837801076,300.5874229962941,1429.987527880776,1.0294744669092204,225,25:18
3030000,6064.0000003179,-1604616.2939628717,407867.33649824734,299.8921914318006,1430.252709894461,1.0292835928697701,225,25:14
3035000,6074.0000003199375,-1603869.8305095667,407314.68756464357,299.48584582635493,1431.1939788598174,1.0286066526947628,225,25:10
3040000,6084.000000321975,-1602638.6229833346,407808.9734367253,299.84927888438074,1431.3027465482558,1.0285284867244986,225,25:06
3045000,6094.000000324012,-1602840.2009855248,408924.9173382838,300.669797793854,1430.6573016342452,1.0289925101352153,225,25:02
3050000,6104.000000326049,-1600564.9644571198,408945.8355815781,300.6851783288002,1433.9479807131356,1.0266311384739135,225,24:58
3055000,6114.000000328087,-1602243.5575263593,408726.663009169,300.52402753990447,1433.9284942282973,1.0266450899590782,225,24:55
3060000,6124.000000330124,-1601845.7812052965,407598.40981791925,299.6944579918285,1432.3691639171993,1.0277627339630409,225,24:51
3065000,6134.000000332161,-1600670.4135225452,408069.49436579493,300.0408318363854,1432.1047329067399,1.0279525052360559,225,24:47
3070000,6144.000000334198,-1602311.3971343394,408734.7726541454,300.52999031011444,1431.0264760526507,1.0287270519359228,225,24:43
3075000,6154.000000336236,-1602491.3949619234,408999.58475010865,300.7246984239288,1434.8257821861841,1.0260030633885489,225,24:39
3080000,6164.000000338273,-1600141.8761804719,407880.9035214847,299.90216684283695,1433.6758632685164,1.0268259971927673,225,24:36
3085000,6174.00000034031,-1602823.9209418958,406513.47160325525,298.8967366014443,1431.7722740458098,1.0281911967690434,225,24:32
3090000,6184.000000342347,-1603962.8108838955,408586.4987231918,300.42096909143186,1432.2147837172445,1.027873517777158,225,24:28
3095000,6194.000000344385,-1601371.9776982283,408935.20985417697,300.67736556128807,1435.161579073385,1.0257630007782004,225,24:24
3100000,6204.000000346422,-1603879.1190093113,408012.73135193787,299.9990957543446,1432.6980166812054,1.0275268275739267,225,24:20
3105000,6214.000000348459,-1602483.4331260333,409240.75655035424,300.9020245621486,1433.1553118158306,1.0271989614905563,225,24:17
3110000,6224.0000003504965,-1602243.655764185,407246.6551240673,299.4358236846752,1431.1992094166776,1.0286028934797296,225,24:13
3115000,6234.000000352534,-1601461.2107324405,408511.27324618615,300.3656581333531,1431.9551008767125,1.0280599210482106,225,24:09
3120000,6244.000000354571,-1603437.583244199,409781.68723218975,301.2997541008292,1433.6272339464383,1.0268608276221516,225,24:05
3125000,6254.000000356608,-1601477.3826204957,406493.02172754914,298.8817004426465,1432.0669206210355,1.0279796472873517,225,24:01
3130000,6264.000000358646,-1601826.5208646478,409330.5679314191,300.9680600827037,1433.9326787182474,1.0266420940122496,225,23:57
3135000,6274.000000360683,-1603799.5330309551,409592.3886019973,301.16056869429275,1431.2445678804274,1.0285702953842648,225,23:53
3140000,6284.00000036272,-1604504.829907029,407779.88509527687,299.8278911298795,1433.018575291066,1.0272969753046532,225,23:49
3145000,6294.000000364757,-1602676.6644883426,407196.28584156913,299.3987887148271,1433.153173414299,1.0272004941695982,225,23:45
3150000,6304.000000366795,-1604316.048964181,408072.06381740596,300.0427210743936,1429.216106177708,1.0300301274164698,225,23:42
3155000,6314.000000368832,-1604024.8767050551,408254.8994269602,300.1771544224811,1431.060071189777,1.0287029018481164,225,23:38
3160000,6324.000000370869,-1602150.967838712,410554.26025025983,301.8678030586577,1432.6187270518258,1.02758369701155,225,23:34
3165000,6334.0000003729065,-1601147.9423869262,408572.63616061246,300.41077637949155,1433.0220618501053,1.0272944758793823,225,23:30
3170000,6344.000000374944,-1602749.5036417274,408076.5765444586,300.0460391425105,1431.0934943474801,1.028678876514025,225,23:27
3175000,6354.000000376981,-1602313.4896812905,408111.3339342831,300.071595172303,1432.3929992566507,1.0277456317615836,225,23:23
3180000,6364.000000379018,-1601293.0430298662,407686.117449942,299.7589466910178,1435.4755732828542,1.0255386266066528,225,23:19
3185000,6374.0000003810555,-1602406.6431304459,407036.9933994293,299.281665926908,1434.033899106941,1.0265696291201225,225,23:15
3190000,6384.000000383093,-1602026.2737368317,409601.3699972065,301.16717243538795,1434.104773280646,1.0265188955366564,225,23:11
3195000,6394.00000038513,-1602624.738380205,408729.82137643086,300.52634978930945,1432.0483050149455,1.0279930102892247,225,23:07
3200000,6404.000000387167,-1603360.9362352192,408255.89419684914,300.1778858459006,1433.248067872426,1.0271324838673574,225,23:03
3205000,6414.000000389205,-1601974.6412294172,407590.14558122936,299.6883815551304,1434.3944644899823,1.0263115791340793,225,23:00
3210000,6424.000000391242,-1602221.0963611472,408020.61562496866,300.00489281555906,1431.5377696655648,1.0283596277699436,225,22:56
3215000,6434.000000393279,-1602619.5171094052,408321.006675242,300.22576103002893,1428.239234459716,1.0307346363501808,225,22:52
3220000,6444.000000395316,-1600556.0353777204,407847.35611930484,299.8775004793989,1433.1751541435,1.027184739908277,225,22:48
3225000,6454.000000397354,-1603236.0862370562,408117.67964896455,300.0762609793233,1431.482880206622,1.0283990596795722,225,22:44
3230000,6464.000000399391,-1601518.908520897,410430.0740755893,301.7764928194333,1436.3732297266063,1.0248977198162461,225,22:40
3235000,6474.000000401428,-1602735.0781216677,407782.8403333842,299.8300640247228,1434.5029884235523,1.0262339359569406,225,22:36
3240000,6484.0000004034655,-1604473.995558139,407961.6139828111,299.96151073962073,1429.9509425960234,1.029500806006175,225,22:33
3245000,6494.000000405503,-1602567.2322816746,407439.19467296696,299.57739203813185,1434.0822571511035,1.0265350126263941,225,22:29
3250000,6504.00000040754,-1603639.7970523778,408176.41916422825,300.1194503214935,1432.9220761325405,1.0273661579178073,225,22:25
3255000,6514.000000409577,-1602231.0365617024,407752.6889675311,299.80789466137537,1430.1733879651622,1.0293406801859437,225,22:22
3260000,6524.000000411615,-1601731.3174638553,409802.67449560715,301.31518538412945,1434.1993902917925,1.0264511740256597,225,22:18
3265000,6534.000000413652,-1602757.85095328,408419.27296968235,300.29801318592996,1432.3560918738426,1.0277721135852556,225,22:14
3270000,6544.000000415689,-1600497.3787933849,408471.667845736,300.3365375118405,1435.0140956742587,1.0258684234458306,225,22:10
3275000,6554.000000417726,-1603000.7640658068,407478.7915385185,299.60650638419844,1433.7046061924304,1.0268054113751708,225,22:06
3280000,6564.000000419764,-1601437.7150039217,408220.23657643783,300.1516679045028,1437.1868275020295,1.0243175207155293,225,22:02
3285000,6574.000000421801,-1602121.4431784432,406851.3395772878,299.14516043458855,1433.9407326145015,1.026636327756555,225,21:58
3290000,6584.000000423838,-1603818.8552395077,407741.90801865276,299.79996776432944,1432.5238889789337,1.0276517266327727,225,21:54
3295000,6594.000000425875,-1602360.9238055618,407718.3737170202,299.7826637228952,1434.5758554553668,1.0261818100128326,225,21:50
3300000,6604.000000427913,-1603308.2267320687,409252.9250265155,300.9109716649338,1432.2991185444419,1.0278129958272526,225,21:47
3305000,6614.00000042995,-1602088.765960982,408677.58732401935,300.4879437120307,1431.7440259468353,1.0282114828300744,225,21:43
3310000,6624.000000431987,-1603242.0822327835,408982.803828932,300.7123599335042,1431.7148054685651,1.028232468036888,225,21:39
3315000,6634.0000004340245,-1601643.0164625514,409378.81428059563,301.0035341255808,1433.2165561713018,1.0271550671201863,225,21:35
3320000,6644.000000436062,-1601050.491174208,408495.2487861086,300.35387584529246,1430.985542321893,1.028756478953123,225,21:32
3325000,6654.000000438099,-1601559.8326656548,409220.61614509707,300.8872159473653,1433.01622608148,1.0272986593999611,225,21:28
3330000,6664.000000440136,-1602466.3954481147,408734.3083951028,300.52964895485206,1428.3370690325348,1.0306640357300447,225,21:24
3335000,6674.000000442174,-1603232.2182249287,408807.9230282951,300.583775509479,1431.525973904511,1.0283681014439587,225,21:20
3340000,6684.000000444211,-1602491.5449682157,408318.25399607525,300.22373707048683,1432.1280073502621,1.0279357993114429,225,21:16
3345000,6694.000000446248,-1600726.6755418954,408475.9468679889,300.33968374407283,1432.6776750054898,1.0275414167713997,225,21:12
3350000,6704.000000448285,-1601311.4786657821,407657.67744465877,299.73803563797316,1434.0349986254585,1.026568842017773,225,21:08
3355000,6714.000000450323,-1599875.2448857222,408799.9938265174,300.5779454135516,1433.8095930373165,1.0267302263150513,225,21:05
3360000,6724.00000045236,-1602311.031987832,407895.11805817456,299.9126183504147,1436.5387378885994,1.0247796381151657,225,21:01
3365000,6734.000000454397,-1600971.99475809,407801.4752432222,299.8437656954582,1433.2595852383824,1.0271242300514931,225,20:57
3370000,6744.0000004564345,-1602643.3383046603,408290.3180689962,300.20319665049794,1431.1642706283378,1.0286280046004572,225,20:53
3375000,6754.000000458472,-1599093.1581604434,406668.73239270516,299.0108950402918,1433.8830172522692,1.0266776509934052,225,20:49
3380000,6764.000000460509,-1601633.4403738799,407963.6150153744,299.9629820367481,1434.0361815815481,1.0265679951870734,225,20:45
3385000,6774.000000462546,-1602828.6339211017,408387.7110516298,300.274806687337,1431.290785590322,1.02853708189334,225,20:42
3390000,6784.0000004645835,-1604301.0395229664,408369.8156670684,300.2616487665809,1430.2339151142173,1.029297118740421,225,20:38
3395000,6794.000000466621,-1603681.0852127932,406815.3690684696,299.11871243605793,1428.6838771793566,1.0304138455445622,225,20:34
3400000,6804.000000468658,-1601650.3666102635,407225.1219274957,299.41999099367365,1432.8690827676933,1.0274041541243644,225,20:30
3405000,6814.000000470695,-1602428.64282805,408804.0259732788,300.5809101258985,1435.2203384451745,1.0257210050038121,225,20:26
3410000,6824.000000472733,-1602377.1090869168,407762.5165892582,299.81512060656047,1430.3930796819748,1.0291825854465138,225,20:22
3415000,6834.00000047477,-1603961.0682524024,408754.06979215215,300.5441788966654,1429.7810374192818,1.0296231446802953,225,20:19
3420000,6844.000000476807,-1600254.3076541713,407608.47532657615,299.70185884788845,1431.8624570763138,1.0281264381760624,225,20:15
3425000,6854.000000478844,-1601141.1494815983,407895.2364608145,299.9127054082003,1430.8221416959914,1.02887396347315,225,20:11
3430000,6864.000000480882,-1602466.6639363915,409825.960716964,301.33230701983774,1430.6176271754046,1.0290210465660652,225,20:07
3435000,6874.000000482919,-1601528.0576949911,408148.9989033465,300.09928905485214,1433.970566094775,1.0266149687863246,225,20:03
3440000,6884.000000484956,-1603163.9531755615,409627.4057460373,301.18631571329655,1434.930255879778,1.025928362664084,225,19:59
3445000,6894.0000004869935,-1601130.403755716,407763.94445701165,299.81617047339535,1434.8139057533697,1.026011555957795,225,19:55
3450000,6904.000000489031,-1601255.8546440154,406392.6661020953,298.80791206650866,1430.9436283064576,1.0287866124357319,225,19:51
3455000,6914.000000491068,-1601766.9644508576,407309.6836881968,299.48216663133496,1431.706843242704,1.0282381863996846,225,19:48
3460000,6924.000000493105,-1600544.9284980856,407771.5527697227,299.8217646295532,1434.0918385614157,1.0265281541722202,225,19:44
3465000,6934.000000495143,-1603337.644239231,408832.39854419534,300.60177159654677,1436.045682111241,1.0251314887055656,225,19:40
3470000,6944.00000049718,-1602972.8571930286,409308.92803762434,300.952148940546,1430.8689731809504,1.0288402890442203,225,19:36
3475000,6954.000000499217,-1600739.0915927906,407874.9925875244,299.89782071658425,1434.8707973221988,1.025970875356333,225,19:33
3480000,6964.000000501254,-1603704.5716093583,409729.65960503643,301.26149980163484,1431.294638458124,1.0285343131989708,225,19:29
3485000,6974.000000503292,-1602272.9784495858,410061.9747454717,301.5058408086072,1430.8817495238138,1.0288311025294796,225,19:25
3490000,6984.000000505329,-1602613.991895591,411449.48539145495,302.52603431522954,1430.9136609250638,1.0288081581387536,225,19:21
3495000,6994.000000507366,-1602400.5436014645,407048.59771912463,299.29019822295646,1430.7643957447183,1.0289154890422356,225,19:17
3500000,7004.000000509403,-1601438.662372958,410395.37452587625,301.75097931767937,1431.632327415326,1.0282917057410226,225,19:13
3505000,7014.000000511441,-1602438.3116662623,408555.859431935,300.3984409716814,1432.6516753156052,1.027560064540875,225,19:10
3510000,7024.000000513478,-1603290.595273438,408745.7602144181,300.53806912210507,1433.3178921085969,1.0270824469972903,225,19:06
3515000,7034.000000515515,-1601647.7615217213,408434.94266213174,300.30953462436645,1433.0982556159588,1.0272398575484682,225,19:02
3520000,7044.0000005175525,-1603259.448342489,409430.44207623176,301.0414944410722,1432.8238465885959,1.0274365906576004,225,18:58
3525000,7054.00000051959,-1602701.9199249921,409683.18188165687,301.22732617440425,1433.798490612309,1.0267381766619204,225,18:54
3530000,7064.000000521627,-1601630.7070214795,408403.11496692384,300.2861327080814,1433.274560528032,1.0271134983443415,225,18:50
3535000,7074.000000523664,-1602435.995872002,410433.97155517427,301.77935851518583,1433.1715924561952,1.027187292645763,225,18:46
3540000,7084.000000525702,-1602932.8903751764,409691.1239470811,301.2331657285716,1430.9421279909059,1.0287876910988896,225,18:42
3545000,7094.000000527739,-1600233.3421370517,407875.03311929863,299.8978505183397,1434.9970083041665,1.0258806390764663,225,18:38
3550000,7104.000000529776,-1603462.2969140438,407473.4798030768,299.6026008300161,1434.0210850433325,1.0265788022966285,225,18:35
3555000,7114.000000531813,-1603177.7045954447,410713.73610157846,301.9850607016526,1434.5939867974325,1.026168840452392,225,18:31
3560000,7124.000000533851,-1602903.1504202113,406197.21910793404,298.6642059588046,1431.5071818231563,1.0283816013252518,225,18:27
3565000,7134.000000535888,-1599611.7795914467,406561.4238310153,298.93199438597406,1430.9497760798108,1.0287821924714342,225,18:23
3570000,7144.000000537925,-1601121.538161018,407841.20130895486,299.8729750384074,1432.9699541783993,1.0273318318079825,225,18:19
3575000,7154.0000005399625,-1601769.9318953697,410083.10061174294,301.52137400228327,1436.5415619541243,1.0247776235233688,225,18:16
3580000,7164.000000542,-1602008.1193022626,408681.211162145,300.4906082077126,1431.7938278296906,1.0281757186950269,225,18:12
3585000,7174.000000544037,-1601980.4102833224,409029.4647935707,300.7466682923445,1431.1409068486078,1.028644797243312,225,18:08
3590000,7184.000000546074,-1600848.2321204068,408005.98209904815,299.99413323820636,1431.5250402730887,1.028368772139019,225,18:04
3595000,7194.0000005481115,-1601817.898518444,408698.52035793266,300.5033351220599,1430.90492566503,1.0288144387145102,225,18:00
3600000,7204.000000550149,-1603974.5574857984,408418.8997307096,300.29773875489946,1435.1135375727185,1.0257973389630166,225,17:56
3605000,7214.000000552186,-1602034.6838948345,409428.8485615823,301.0403227792166,1432.4299097286025,1.0277191490861959,225,17:53
3610000,7224.000000554223,-1601706.2695522541,407684.4319700775,299.75770740999445,1433.955089876079,1.026626048713364,225,17:49
3615000,7234.000000556261,-1602054.630564033,408630.65340082394,300.45343465523683,1430.8937704617617,1.0288224593198312,225,17:45
3620000,7244.000000558298,-1603925.315980344,408457.4487472954,300.3260826501491,1432.7161819847424,1.0275137996365376,225,17:41
3625000,7254.000000560335,-1604392.4608166125,409917.7219533673,301.3997762084954,1430.7324458399826,1.0289384659111476,225,17:37
3630000,7264.000000562372,-1602981.799205171,408427.40367228223,300.3039914391568,1431.9701752292594,1.0280490986596182,225,17:33
3635000,7274.00000056441,-1599849.9370136773,409361.22038754565,300.9905978821741,1431.9310939685342,1.0280771568916325,225,17:29
3640000,7284.000000566447,-1602045.8385745687,406636.1614372637,298.9869466278295,1431.810932267798,1.0281634360901468,225,17:26
3645000,7294.000000568484,-1602395.223562682,407181.4928587221,299.3879118937463,1433.7686967784462,1.0267595123674111,225,17:22
3650000,7304.0000005705215,-1602087.2341861064,407960.8324260657,299.9609360852071,1430.953192377236,1.0287797363282327,225,17:18
3655000,7314.000000572559,-1603997.4628405897,407678.8641968729,299.753613599193,1430.2481562216021,1.0292868699379771,225,17:14
3660000,7324.000000574596,-1600476.9173398847,407637.2690513582,299.72302997990045,1431.642476978622,1.028284415714412,225,17:10
3665000,7334.000000576633,-1605052.333527211,406689.4118955787,299.02610003681775,1432.197089284732,1.0278862168942893,225,17:07
3670000,7344.000000578671,-1602119.7477973783,409652.63413401676,301.2048653638334,1431.483548695034,1.0283985794275603,225,17:03
3675000,7354.000000580708,-1600655.7878865637,409222.74833939906,300.88878368364755,1433.4662253569415,1.0269761658216436,225,16:59
3680000,7364.000000582745,-1601072.9089280413,408683.3776448649,300.4922011552042,1435.318850196086,1.0256506056133659,225,16:55
3685000,7374.000000584782,-1598561.5635594064,408162.61558607937,300.1093009789739,1434.355365462778,1.026339555314403,225,16:51
3690000,7384.00000058682,-1602064.5424166918,407436.0652494227,299.5750910701439,1435.986456734689,1.0251737689082439,225,16:47
3695000,7394.000000588857,-1600693.6449765507,410140.8809923453,301.5638581225106,1434.3702056687996,1.0263289366537611,225,16:43
3700000,7404.000000590894,-1602221.3381002117,409590.37401354464,301.15908742994077,1431.932740735896,1.028075974570802,225,16:39
3705000,7414.000000592931,-1600002.993958776,408730.5739566734,300.52690313820005,1432.4922240156106,1.0276744426752664,225,16:36
3710000,7424.000000594969,-1603618.0085399747,408322.280487783,300.22669762484844,1433.088573427294,1.0272467977546,225,16:32
3715000,7434.000000597006,-1602443.1206176057,408394.2186241371,300.2795915033923,1432.0811567906694,1.027969428248738,225,16:28
3720000,7444.000000599043,-1601201.3693546737,409969.03078078607,301.43750199655807,1430.929298129693,1.0287969153165442,225,16:24
3725000,7454.0000006010805,-1601633.024820391,407720.34825705434,299.7841155408883,1432.2562685218206,1.0278437457782839,225,16:20
3730000,7464.000000603118,-1603493.5271163313,407050.62782127084,299.2916908940457,1432.6136654333145,1.0275873276042131,225,16:16
3735000,7474.000000605155,-1599272.4044081122,408361.1956112648,300.2553107071339,1432.4315394458426,1.027717979821509,225,16:13
3740000,7484.000000607192,-1601852.6298105726,407702.2741847824,299.77082623660556,1432.6606955349575,1.0275535948881451,225,16:09
3745000,7494.00000060923,-1602508.1502589453,408758.88400765776,300.5477186398829,1430.6621407651287,1.0289890296283277,225,16:05
3750000,7504.000000611267,-1600985.5828458546,408861.92631554825,300.6234824502159,1431.9490850306454,1.0280642400916025,225,16:01
3755000,7514.000000613304,-1602504.0094241658,406821.03387072333,299.12287758930717,1433.6472598078408,1.0268464839455793,225,15:57
3760000,7524.000000615341,-1603483.271246761,408858.2066236719,300.6207474762466,1429.7946850140345,1.0296133167801262,225,15:53
3765000,7534.000000617379,-1602235.9944632063,408279.1163565427,300.19496037905657,1431.0551259270787,1.028706456711934,225,15:50
3770000,7544.000000619416,-1602310.9973332686,410227.51108054887,301.6275545371791,1430.2743420435709,1.029268025495384,225,15:46
3775000,7554.000000621453,-1603217.395975777,411017.7179974418,302.2085691534172,1430.5026082082804,1.029103784575242,225,15:42
3780000,7564.00000062349,-1601122.7711282503,408654.6571165217,300.4710838422615,1433.368092364233,1.0270464759151423,225,15:38
3785000,7574.000000625528,-1602597.2461586837,410617.66781845165,301.9144246752394,1431.4007497706787,1.028458066818634,225,15:34
3790000,7584.000000627565,-1600522.9416968683,407850.4783461776,299.87979615589774,1431.4370714619815,1.0284319704311886,225,15:30
3795000,7594.000000629602,-1601945.8199555175,410818.4020783376,302.0620183453025,1433.4174515124955,1.0270111099865193,225,15:26
3800000,7604.0000006316395,-1602549.5066237962,407882.7423960217,299.90351891020134,1431.988434396111,1.0280359900900424,225,15:22
3805000,7614.000000633677,-1603625.105945317,407208.3498635376,299.4076590156869,1434.5082347493567,1.0262301827839375,225,15:19
3810000,7624.000000635714,-1604103.8582495246,406638.46918900206,298.9886434460451,1433.1561983538597,1.0271983260741628,225,15:15
3815000,7634.000000637751,-1603963.2981493818,407558.9165825556,299.6654198418221,1432.5238276868915,1.0276517706019355,225,15:11
3820000,7644.000000639789,-1600582.4004658842,405850.1651381372,298.4090279481283,1435.2095475173014,1.0257287171050882,225,15:07
3825000,7654.000000641826,-1604516.15008164,409067.9098475952,300.7749357471501,1437.3324030965782,1.0242137760063976,225,15:03
3830000,7664.000000643863,-1600232.6124785487,408146.26700101263,300.0972803718703,1434.4197700322854,1.0262934732967055,225,15:00
3835000,7674.0000006459,-1605565.1621050583,409796.5199050229,301.3106601047248,1433.061756797589,1.0272660204411734,225,14:56
3840000,7684.000000647938,-1600097.8777438002,408620.56710168556,300.44601851258125,1434.5966069296933,1.0261669662683388,225,14:52
3845000,7694.000000649975,-1603617.6425517267,408512.09133269754,300.36625964696975,1432.159935699167,1.0279128826720134,225,14:48
3850000,7704.000000652012,-1603506.8675776254,408925.7976112577,300.6704450312461,1429.4691177634666,1.0298478152890669,225,14:44
3855000,7714.0000006540495,-1602757.9667964913,409919.96542382444,301.40142576268033,1430.5839853330338,1.0290452451899836,225,14:41
3860000,7724.000000656087,-1606101.3571654167,407940.2040632181,299.94576869035484,1428.3948134946543,1.0306223699806267,225,14:37
3865000,7734.000000658124,-1601651.4615971986,409606.24938401976,301.1707600970449,1433.2365731005475,1.0271407216236446,225,14:33
3870000,7744.000000660161,-1601193.5468375618,408633.676480868,300.45565743215025,1431.6274687607447,1.0282951955554582,225,14:29
3875000,7754.0000006621985,-1602814.674382981,405700.71203152253,298.2991397181862,1431.5637317921621,1.0283409779520902,225,14:25
3880000,7764.000000664236,-1603830.3174731443,410435.46601211466,301.7804573429829,1431.1181223696688,1.028661174043628,225,14:21
3885000,7774.000000666273,-1602775.743425238,409531.1029908256,301.1155072868378,1432.842578201826,1.0274231589344458,225,14:17
3890000,7784.00000066831,-1604565.4297668347,407994.7008487858,299.9858384850832,1433.1184868221487,1.0272253560947813,225,14:13
3895000,7794.000000670348,-1602677.23941968,409319.81691990665,300.96015519767343,1428.2162469163104,1.0307512263149314,225,14:10
3900000,7804.000000672385,-1602902.5269690668,406544.16020573303,298.9193009782047,1431.8764989311067,1.0281163557407655,225,14:06
3905000,7814.000000674422,-1603809.7683776915,408846.51056421286,300.6121477267977,1427.0848833845616,1.0315683846783443,225,14:02
3910000,7824.000000676459,-1604683.421691035,407975.32255249633,299.9715902253663,1430.5704408804681,1.0290549880548667,225,13:58
3915000,7834.000000678497,-1602142.760562094,409216.19994688954,300.8839688539117,1431.4126549354182,1.0284495130569564,225,13:54
3920000,7844.000000680534,-1603764.7633056724,407037.253626792,299.2818572640097,1432.5001150973171,1.0276687816195296,225,13:50
3925000,7854.000000682571,-1604809.6481719697,409865.56904884614,301.36142979674133,1430.1689586843909,1.029343868088222,225,13:47
3930000,7864.0000006846085,-1601248.0036610095,408051.4536750973,300.027567076538,1435.343804828342,1.025632773834248,225,13:43
3935000,7874.000000686646,-1602582.014467435,407929.23465443426,299.9377032245905,1432.880802567439,1.027395750793869,225,13:39
3940000,7884.000000688683,-1601436.2083618408,409236.51559718844,300.89890632093426,1431.840488645905,1.0281422125058763,225,13:35
3945000,7894.00000069072,-1600794.2030230593,407677.1540103613,299.75235615213893,1431.9357204936566,1.0280738352168353,225,13:31
3950000,7904.000000692758,-1603446.1311131334,409194.9576567811,300.8683500574022,1432.642728566504,1.0275664815783543,225,13:27
3955000,7914.000000694795,-1603622.470690637,408980.2118628424,300.71045414129884,1433.3375983489743,1.0270683261554097,225,13:24
3960000,7924.000000696832,-1600504.3805386452,408191.7340405185,300.1307108746225,1432.496200173796,1.0276715901747526,225,13:20
3965000,7934.000000698869,-1600903.6016724268,406959.8346680199,299.22493350687864,1432.6902281419455,1.0275324135218729,225,13:16
3970000,7944.000000700907,-1603605.1006255979,408203.51410151273,300.1393723877926,1430.2041758814644,1.0293185216331704,225,13:12
3975000,7954.000000702944,-1605168.1459026039,409455.56016221445,301.05996298997485,1429.2195319055136,1.030027658514549,225,13:08
3980000,7964.000000704981,-1601204.8681281582,408032.21927360474,300.0134246181985,1432.6188606085109,1.0275836012144919,225,13:04
3985000,7974.000000707018,-1605148.9143516133,406795.49648012454,299.10410073873646,1431.3588197248362,1.0284881943403252,225,13:00
3990000,7984.000000709056,-1602280.1492648805,409520.92909198336,301.1080267348392,1433.6957248775466,1.0268117721266363,225,12:57
3995000,7994.000000711093,-1600732.2537974985,409666.35037202074,301.2149504878557,1434.1443825004783,1.0264905444075154,225,12:53
4000000,8004.00000071313,-1604018.5392434588,406813.971455002,299.11768481426014,1432.5455482111133,1.0276361891530923,225,12:49
4005000,8014.0000007151675,-1600588.3788913032,407234.9213351803,299.4271961939491,1432.4177417087267,1.027727879295735,225,12:45
4010000,8024.000000717205,-1602229.795047285,407448.7896751687,299.5844469454009,1433.132814262549,1.027215086627834,225,12:41
4015000,8034.000000719242,-1601554.2923856992,409672.84933010966,301.21972896999654,1432.8247766669142,1.0274359237257382,225,12:38
4020000,8044.000000721279,-1604061.53322295,406856.17318981676,299.14871443983515,1431.7928170061925,1.0281764445711203,225,12:34
4025000,8054.000000723317,-1602111.9079810577,408900.33419059764,300.6517225684751,1433.0522797416586,1.0272728139529443,225,12:30
4030000,8064.000000725354,-1602974.27481958,408568.88176273205,300.4080158872748,1433.1357916836298,1.0272129525300944,225,12:26
4035000,8074.000000727391,-1601605.6567814546,408156.68998501776,300.10494406845703,1430.8018794877812,1.0288885338051916,225,12:22
4040000,8084.000000729428,-1600222.5367416712,407779.2716889292,299.8274401112335,1432.897220573469,1.0273839789867991,225,12:18
4045000,8094.000000731466,-1601932.3266464286,408801.05145929696,300.5787230581032,1432.8048104258903,1.0274502411213393,225,12:14
4050000,8104.000000733503,-1601195.005792345,408641.7605782595,300.4616014180141,1432.351215840001,1.0277756123441855,225,12:10
4055000,8114.00000073554,-1602856.3336718725,407476.38637140405,299.6047379394809,1430.8410438258034,1.0288603715306337,225,12:07
4060000,8124.0000007375775,-1605769.4767969577,407521.6690396635,299.63803287977885,1430.6271742630468,1.0290141795399848,225,12:03
4065000,8134.000000739615,-1603346.274685041,408373.27801904693,300.2641945265117,1431.6606131158057,1.0282713895076026,225,11:59
4070000,8144.000000741652,-1604052.544670269,409557.7633446736,301.1351098174265,1431.4296203015515,1.0284373238285853,225,11:55
4075000,8154.000000743689,-1601068.08785728,405608.53871147265,298.2313675372153,1435.5678074276402,1.025472736526309,225,11:51
4080000,8164.0000007457265,-1602575.4782234933,409269.3749253259,300.92306676488823,1430.8363020371905,1.0288637811718253,225,11:47
4085000,8174.000000747764,-1601407.024499151,409592.8708712472,301.16092329190155,1432.1583264156166,1.0279140377142058,225,11:44
4090000,8184.000000749801,-1602151.9582731454,408162.34553665266,300.1091024200134,1432.4533027946627,1.027702365640691,225,11:40
4095000,8194.000000751837,-1601499.3009256758,410262.0435825636,301.652945213946,1432.6432481486972,1.0275661089068977,225,11:36
4100000,8204.000000753875,-1603223.8859259123,407854.6924200293,299.8828946335868,1431.8618123047977,1.0281269011443719,225,11:32
4105000,8214.000000755912,-1602970.702389501,409941.82612146705,301.41749925505303,1431.9683527484087,1.0280504070682799,225,11:28
4110000,8224.00000075795,-1602362.1782196052,408938.7285007709,300.6799527129021,1432.9427957461965,1.0273513027331211,225,11:24
4115000,8234.000000759987,-1600793.3796486966,409355.7471130207,300.9865735533183,1432.8167081146676,1.0274417094765491,225,11:21
4120000,8244.000000762024,-1601858.1680081515,409849.89883768954,301.34990797691563,1431.9788678702366,1.0280428580216296,225,11:17
4125000,8254.000000764061,-1602177.92966545,409579.67947098624,301.1512240647796,1431.570101357114,1.0283364024970387,225,11:13
4130000,8264.000000766098,-1601797.7640002184,407565.57826069806,299.6703179669672,1431.0823132463752,1.0286869136216155,225,11:09
4135000,8274.000000768136,-1602763.4570640083,410140.94397857843,301.56390443433264,1432.5189311273678,1.0276552832662045,225,11:05
4140000,8284.000000770173,-1603860.6103481054,407557.81379851827,299.6646089989523,1431.8214409541577,1.0281558900046035,225,11:01
4145000,8294.00000077221,-1603704.7524090596,408751.83559377026,300.54253615994963,1431.5777067251938,1.0283309393797981,225,10:57
4150000,8304.000000774247,-1602439.157696886,407187.6801301739,299.39246120237834,1432.7444180133605,1.0274935497519895,225,10:54
4155000,8314.000000776285,-1605237.2560685277,408313.46333826904,300.22021464851446,1431.8403400128518,1.028142319232801,225,10:50
4160000,8324.000000778322,-1603999.2070624484,406717.6287917828,299.0468470446823,1431.3536103090041,1.0284919375262465,225,10:46
4165000,8334.00000078036,-1605298.7084933612,409255.00792925485,300.9125031586602,1434.029139525546,1.026573036332412,225,10:42
4170000,8344.000000782396,-1601456.2624056628,409312.806295869,300.9550005034437,1431.3175009555634,1.028517884375117,225,10:38
4175000,8354.000000784434,-1601390.2520099934,408028.9890364735,300.0110495251095,1432.4209035581764,1.0277256107440675,225,10:34
4180000,8364.000000786471,-1602649.2651195321,410146.77138792945,301.5681891475329,1430.8280800751843,1.0288696933278951,225,10:31
4185000,8374.000000788508,-1604059.6777355215,409648.16507503716,301.20157940349515,1433.8768372074471,1.0266820759996094,225,10:27
4190000,8384.000000790546,-1600028.622897016,410096.2484892589,301.5310412284819,1434.4392767303543,1.0262795169046586,225,10:23
4195000,8394.000000792583,-1601190.3722818056,407207.61547930376,299.40711904575664,1431.1851704915127,1.0286129833544317,225,10:19
4200000,8404.00000079462,-1602123.225482638,406833.8481975813,299.1322995660611,1434.5789777023308,1.026179576609799,225,10:15
4205000,8414.000000796657,-1602814.1865042476,407082.68069565145,299.31525837758636,1428.1250904209653,1.030817018639423,225,10:11
4210000,8424.000000798695,-1601232.556616461,408295.0744097015,300.20669384017134,1432.9165246905416,1.0273701381661602,225,10:08
4215000,8434.000000800732,-1601803.9300391981,408993.04571866366,300.7198904770932,1434.7663649542033,1.0260455527188814,225,10:04
4220000,8444.00000080277,-1599302.3742660824,408921.53927170945,300.6673140063645,1434.8080699907475,1.0260157290315413,225,10:00
4225000,8454.000000804806,-1602089.7217549589,408208.0491446739,300.14270686425135,1435.690915987717,1.025384803621959,225,9:56
4230000,8464.000000806844,-1602116.3775791181,407733.7875001521,299.79399699915456,1433.6201698586437,1.0268658874247352,225,9:52
4235000,8474.000000808881,-1599990.0649259621,408549.86161648645,300.3940309641674,1432.7101352250504,1.0275181362632382,225,9:48
4240000,8484.000000810918,-1602613.1487574214,408356.228309921,300.2516584046517,1434.0780993221756,1.026537988863862,225,9:44
4245000,8494.000000812955,-1600786.05010017,409336.40744676837,300.97235369706857,1432.981981747369,1.0273232090167548,225,9:41
4250000,8504.000000814993,-1599481.4445276642,407774.15442467376,299.8236775456776,1434.136046830461,1.0264965107079043,225,9:37
4255000,8514.00000081703,-1600040.983830762,408747.1742471304,300.53910881646374,1431.927554623866,1.0280796980253597,224,9:33
4260000,8524.000000819067,-1601678.7758963145,408383.8483610833,300.2719665708845,1431.6260940402867,1.028296182976998,224,9:29
4265000,8534.000000821105,-1598307.530981754,407530.79646787967,299.6447439944108,1435.3710084137897,1.0256133357317383,224,9:25
4270000,8544.000000823142,-1602099.7427826738,409512.34769655706,301.10171710116754,1436.3402300901957,1.0249212666412972,224,9:21
4275000,8554.000000825179,-1601608.9961236753,407213.84238170844,299.4116974937981,1433.5336997490585,1.0269278275143408,225,9:18
4280000,8564.000000827216,-1601913.838257661,408965.5779049281,300.69969424631455,1433.2021935725938,1.0271653605847832,225,9:14
4285000,8574.000000829254,-1602537.2977557685,408029.64890566707,300.01153470644374,1430.7983437378184,1.0288910763665604,225,9:10
4290000,8584.00000083129,-1601645.7144501852,407120.37589194276,299.3429744852779,1434.0466436725378,1.0265605058576153,225,9:06
4295000,8594.000000833328,-1600247.2958295075,409347.418006367,300.9804494197496,1435.1214039292522,1.025791716241777,225,9:02
4300000,8604.000000835365,-1603646.141498506,409074.4042694713,300.7797108939545,1432.2417868678185,1.0278541384910447,225,8:58
4305000,8614.000000837403,-1601940.3048353642,407878.74898318737,299.9005826777085,1432.1022934011357,1.0279542562952564,224,8:55
4310000,8624.00000083944,-1598992.132919753,408375.6178372425,300.26591492219785,1434.5830131127316,1.0261766900178773,224,8:51
4315000,8634.000000841477,-1600723.5777587444,407061.0199183522,299.29933188043617,1432.6243279247474,1.0275796796529229,224,8:47
4320000,8644.000000843514,-1601430.7391003137,409081.79866061866,300.785147760227,1433.9064011981563,1.0266609080772604,224,8:43
4325000,8654.000000845552,-1602462.5302095413,407782.0747628714,299.82950112448964,1430.935595761446,1.0287923875207856,225,8:39
4330000,8664.000000847589,-1601482.7678275993,406470.14441665704,298.86487946610936,1432.30320278339,1.0278100649995752,225,8:35
4335000,8674.000000849626,-1603577.2767041195,408833.663832492,300.602701923754,1430.4447278745074,1.0291454253806345,225,8:31
4340000,8684.000000851664,-1602448.7378302487,407582.029065185,299.68241373283746,1432.614744924704,1.0275865533055568,225,8:27
4345000,8694.0000008537,-1603746.5714917379,408929.1333473866,300.6728976944732,1430.0507628276996,1.0294289449145007,225,8:24
4350000,8704.000000855738,-1602574.3652176736,407483.05889398244,299.60964403820304,1430.370955089838,1.0291985045651564,225,8:20
4355000,8714.000000857775,-1601031.6182718184,406462.44468331366,298.85921809119856,1431.9147088245195,1.0280889209947388,224,8:16
4360000,8724.000000859813,-1599523.5388735915,410062.1434784619,301.5059648727371,1433.8775597048746,1.0266815586784799,224,8:12
4365000,8734.00000086185,-1604022.1993189072,408319.01345324924,300.2242954757716,1428.6051309813079,1.0304706430255413,224,8:08
4370000,8744.000000863887,-1605027.220500457,409015.5670547141,300.73644971637947,1430.3815153613948,1.0291909061618092,225,8:04
4375000,8754.000000865924,-1601380.2305514384,407554.9152888621,299.6624778147782,1431.787358230098,1.0281803645561407,225,8:01
4380000,8764.000000867962,-1601483.365281552,409828.02259419346,301.33382305415944,1434.3367890731924,1.0263528476482342,225,7:57
4385000,8774.000000869999,-1603039.494368989,408987.38705388387,300.715729836538,1430.681180236682,1.0289753358664828,225,7:53
4390000,8784.000000872036,-1600863.3617899474,407218.4671322403,299.41509792930174,1431.3868757942378,1.0284680353346454,225,7:49
4395000,8794.000000874074,-1601342.3427825412,408170.3218150792,300.1149671299393,1431.508497926418,1.0283806558496353,225,7:45
4400000,8804.00000087611,-1601604.8128746245,406923.6462364674,299.19832527652625,1433.5836337412989,1.0268920579889613,225,7:41
4405000,8814.000000878148,-1604248.950571251,410049.72963765415,301.4968373609439,1432.2524254203,1.0278465037473348,224,7:37
4410000,8824.000000880185,-1601627.0092262607,408029.26722585456,300.01125406912575,1431.3934296675288,1.0284633263224006,224,7:34
4415000,8834.000000882223,-1603202.2261003293,407336.92736637645,299.502198062197,1434.4201927573388,1.0262931708470011,224,7:30
4420000,8844.00000088426,-1603047.9558734475,408449.158590576,300.31998715525793,1434.5472958171429,1.0262022397200519,225,7:26
4425000,8854.000000886297,-1600311.2065539584,409447.9537899175,301.0543702605434,1434.104994059582,1.0265187375051659,225,7:22
4430000,8864.000000888334,-1601024.2330406755,408380.22685237264,300.2693037879491,1433.7123663230607,1.026799853674539,225,7:18
4435000,8874.000000890372,-1601050.0111658117,407431.5194171727,299.57174866080305,1433.2214022116032,1.027151594080471,225,7:14
4440000,8884.000000892409,-1602997.6195861418,410056.75524231733,301.5020030699626,1433.8679641743497,1.0266884292931264,225,7:10
4445000,8894.000000894446,-1600159.7550869323,410646.57327570755,301.93567796067094,1434.6353738659252,1.026139237027816,225,7:07
4450000,8904.000000896483,-1602820.833087585,407835.63769886823,299.8688842886173,1430.1575985820884,1.0293520444260311,225,7:03
4455000,8914.00000089852,-1601501.389882899,407910.1693210311,299.9236850767689,1432.0024650857363,1.0280259174440434,224,6:59
4460000,8924.000000900558,-1602895.3188252728,408256.01049314183,300.17797135495454,1429.7857293936777,1.0296197658765116,225,6:55
4465000,8934.000000902595,-1600618.8076670915,408598.00755575596,300.42943117875694,1432.6092395150654,1.027590502243452,225,6:51
4470000,8944.000000904633,-1600868.9048081832,407288.5376079059,299.4666185749177,1432.7208932427168,1.0275104208328885,225,6:47
4475000,8954.00000090667,-1600656.6035903199,409281.1118555521,300.93169656534354,1432.3095777378155,1.0278054904003235,225,6:44
4480000,8964.000000908707,-1604657.9782166276,409249.5783568246,300.90851096259803,1431.1524017772774,1.0286365352311349,225,6:40
4485000,8974.000000910744,-1600070.5420372328,407873.97681235184,299.8970738486318,1432.5707018990402,1.0276181454782005,225,6:36
4490000,8984.000000912782,-1602534.5903858244,409140.5203307002,300.82832398138873,1432.2240226409328,1.0278668872187804,225,6:32
4495000,8994.000000914819,-1602817.7944784733,407615.81055520626,299.7072522137986,1432.6878244405327,1.0275341374711324,225,6:28
4500000,9004.000000916856,-1601500.8102756403,408712.003199331,300.51324863680316,1431.7674758905155,1.0281946424549646,225,6:24
4505000,9014.000000918893,-1601642.135641289,408447.7159495582,300.31892642610023,1432.9334532454925,1.0273580009020051,224,6:21
4510000,9024.00000092093,-1600602.8898685696,409578.87345490814,301.1506314261779,1431.9258558476645,1.02808091769558,224,6:17
4515000,9034.000000922968,-1602247.097073108,406840.83559379366,299.13743718159196,1430.1038599632523,1.0293907241042783,225,6:13
4520000,9044.000000925005,-1602927.354849549,408372.8136703849,300.26385310535494,1433.705686374729,1.0268046377596092,225,6:09
4525000,9054.000000927042,-1605292.3527406938,408947.2136772438,300.68619159976413,1433.1403497958017,1.0272096854726407,225,6:05
4530000,9064.00000092908,-1603305.2121670237,409124.1364774232,300.8162774426649,1431.4291724113366,1.0284376456237696,225,6:01
4535000,9074.000000931117,-1601975.7344615124,409074.29123926465,300.77962778635225,1431.2587034938422,1.028560136862937,225,5:57
4540000,9084.000000933154,-1602797.7215399835,407526.9731367404,299.64193281770866,1431.5168969817116,1.028374622092011,225,5:54
4545000,9094.000000935192,-1603403.3247424671,408581.7274025698,300.41746088749073,1430.4627049595053,1.0291324917789941,225,5:50
4550000,9104.000000937229,-1601056.3361788709,409839.30933817243,301.34212184664193,1433.4509516363257,1.0269871084681412,225,5:46
4555000,9114.000000939266,-1599692.6556964181,407020.5809738977,299.2695983798922,1433.6864438798627,1.0268184192130472,224,5:42
4560000,9124.000000941303,-1601557.5050609913,406849.97041230963,299.14415373008194,1429.6620312356715,1.0297088513146802,224,5:38
4565000,9134.00000094334,-1601901.8090415439,408540.93335714965,300.38746629222976,1429.7675640237428,1.029632847320244,224,5:34
4570000,9144.000000945378,-1602768.368128702,407926.649181076,299.93580220628894,1432.48288359999,1.0276811435626052,224,5:30
4575000,9154.000000947415,-1599413.4643013664,406938.9462872166,299.20957492889505,1436.7936453490622,1.024597827751561,225,5:27
4580000,9164.000000949452,-1599848.7712279493,409055.3132793143,300.7656738815182,1434.4504666724758,1.026271511045508,225,5:23
4585000,9174.00000095149,-1601718.9697615346,408296.8929645696,300.208030967114,1434.3613567975003,1.0263352682888323,225,5:19
4590000,9184.000000953527,-1601068.9552120436,409288.10259974457,300.93683664254024,1430.6184179059994,1.02902047780614,225,5:15
4595000,9194.000000955564,-1600556.4156519733,409079.7856805591,300.7836676784766,1433.15223580037,1.0272011661969427,225,5:11
4600000,9204.000000957602,-1601728.7638741648,407604.33630426554,299.69881555326776,1434.707599932012,1.0260875791148365,225,5:07
4605000,9214.000000959639,-1602888.6675101183,407679.9538618346,299.75441479601375,1431.4463653520183,1.0284252931753202,224,5:04
4610000,9224.000000961676,-1603066.2834680825,408512.829657857,300.36680251454027,1436.312408556906,1.0249411194817861,224,5:00
4615000,9234.000000963713,-1601379.023281632,407324.6633555433,299.4931807157331,1433.3208582307766,1.027080321547145,225,4:56
4620000,9244.00000096575,-1603917.4324315982,410518.76470948535,301.8417042893856,1429.667823819223,1.0297046792444584,225,4:52
4625000,9254.000000967788,-1602615.0591135435,405951.48891915556,298.48352817899905,1431.858755514683,1.0281290960313574,225,4:48
4630000,9264.000000969825,-1602420.1334034335,407822.46303140704,299.85919736460363,1431.9675177268725,1.028051006554106,225,4:44
4635000,9274.000000971862,-1600371.5148637071,409290.363800468,300.93849923323955,1432.7403590530457,1.027496460646148,225,4:40
4640000,9284.0000009739,-1603981.4017510545,407560.5590101938,299.66662746787995,1432.0739581644596,1.0279745955570512,225,4:37
4645000,9294.000000975937,-1604824.5317130322,406873.929522612,299.16177012014407,1430.5025276006115,1.029103842564414,225,4:33
4650000,9304.000000977974,-1602279.9580868734,407127.7492595996,299.34839589363054,1431.6281666033944,1.0282946943161975,225,4:29
4655000,9314.000000980011,-1603055.6216449281,409864.2320888763,301.36044677157776,1429.424724505694,1.0298797989946422,224,4:25
4660000,9324.000000982049,-1600946.801534241,408683.240861511,300.4921005826501,1434.614743195196,1.0261539935614579,224,4:21
4665000,9334.000000984086,-1602921.6121810973,408344.689531366,300.24317429896917,1432.6098188267763,1.0275900867114598,225,4:17
4670000,9344.000000986123,-1602203.4071760979,408758.51078347926,300.5474442197301,1431.9980912624158,1.0280290573949686,225,4:13
4675000,9354.00000098816,-1601540.2818172555,408287.89427745715,300.2014145118191,1431.8549404415983,1.0281318354063678,225,4:10
4680000,9364.000000990198,-1599314.110451974,409621.54751526384,301.1820083380611,1433.1724914454296,1.0271866483197494,225,4:06
4685000,9374.000000992235,-1602755.81127337,409412.64973152464,301.0284122823224,1433.1835279104519,1.0271787383003455,225,4:02
4690000,9384.000000994272,-1601296.6185233295,406654.4110280748,299.0003649854457,1431.2923046889537,1.0285359902579914,225,3:58
4695000,9394.00000099631,-1600188.886041794,406528.0412978589,298.9074492456111,1432.2232744141108,1.027867424200401,225,3:54
4700000,9404.000000998347,-1602481.9120125566,407052.1470975594,299.29280797073903,1429.8944991263381,1.0295414443872377,225,3:50
4705000,9414.000001000384,-1598703.2843931848,406149.9166676275,298.6294259428186,1435.1385460916533,1.02577946356538,225,3:47
4710000,9424.000001002421,-1604140.1331712808,409487.72629923304,301.0836137520173,1434.308193677803,1.0263733097536707,225,3:43
4715000,9434.000001004459,-1602132.1694354275,408687.46877945284,300.4952092394689,1433.441177287752,1.0269941112877463,225,3:39
4720000,9444.000001006496,-1600397.2630983852,408526.4929204044,300.3768486873538,1435.216081898905,1.0257240470746003,225,3:35
4725000,9454.000001008533,-1600576.4790889053,410973.0642270562,302.1757366222035,1435.5074870157475,1.0255158271673621,225,3:31
4730000,9464.00000101057,-1604032.2950381422,409625.6680505652,301.1850380397578,1433.9875957773315,1.0266027769604835,225,3:27
4735000,9474.000001012608,-1600621.650002745,410229.2316353234,301.628819607695,1432.1868199350101,1.0278935872477155,225,3:23
4740000,9484.000001014645,-1601512.5360651258,411008.24635700486,302.20160495022435,1429.4740516329869,1.0298442607406364,225,3:20
4745000,9494.000001016682,-1599831.3385868706,409994.4996717325,301.4562284814608,1431.8571700661917,1.0281302344449916,225,3:16
4750000,9504.00000101872,-1602179.0850901194,407371.83551681513,299.52786494158914,1430.6004778770398,1.0290333819379767,225,3:12
4755000,9514.000001020757,-1598345.0580384517,411251.1889324269,302.3802330844626,1432.168500023931,1.027906735783741,224,3:08
4760000,9524.000001022794,-1601747.192778306,408439.35296430637,300.31277738265,1434.0909312305762,1.0265288036433462,225,3:04
4765000,9534.000001024831,-1604488.640375957,408715.49094545067,300.51581306825767,1433.6324303178196,1.0268571056428604,225,3:00
4770000,9544.000001026869,-1601315.235219936,407017.6555209428,299.2674473851469,1432.849951253335,1.027417872097631,225,2:57
4775000,9554.000001028906,-1602277.2639905494,406834.9879466132,299.133137588144,1433.0271352643433,1.0272908388998079,225,2:53
4780000,9564.000001030943,-1599796.2235756284,407759.2510075666,299.81271952571336,1430.6672212738058,1.0289853755376936,225,2:49
4785000,9574.00000103298,-1603985.6936281286,406786.84994029143,299.0977432064047,1430.9176057152135,1.0288053218941844,225,2:45
4790000,9584.000001035018,-1602507.0612040833,408255.1512582985,300.1773395862468,1431.4220468937642,1.0284427651135326,225,2:41
4795000,9594.000001037055,-1600493.7208519094,407212.92216039373,299.41102088363107,1431.1507908943333,1.0286376930497663,225,2:37
4800000,9604.000001039092,-1602857.7058245987,409710.9581187033,301.2477491792692,1429.6381613261508,1.029726043816796,225,2:33
4805000,9614.00000104113,-1603067.7473630644,408982.56562019413,300.7121847860137,1431.02619651835,1.0287272528857712,224,2:30
4810000,9624.000001043167,-1603850.3075458994,409950.7099576283,301.42403126400865,1429.967122186528,1.029489157555517,225,2:26
4815000,9634.000001045204,-1601799.7416030169,407552.8825732338,299.66098322207665,1430.210670598063,1.0293138474042438,225,2:22
4820000,9644.000001047241,-1603237.3116918188,408473.16266663175,300.3376366072426,1431.5570049304765,1.0283458101086167,225,2:18
4825000,9654.000001049279,-1601318.372229821,409657.7094507853,301.2085970867044,1430.7451942715165,1.028929297715694,225,2:14
4830000,9664.000001051316,-1600017.7969406862,409903.809770036,301.3895470119566,1431.4254081339343,1.028440350147922,225,2:10
4835000,9674.000001053353,-1601285.119747416,409495.24633573927,301.0891430014219,1434.4584638533765,1.026265789528201,225,2:06
4840000,9684.00000105539,-1603415.6135291439,408935.877941403,300.6778567850865,1429.0524846680808,1.030148062262263,225,2:03
4845000,9694.000001057428,-1601958.02131374,409099.73170466616,300.7983333708342,1432.4700310165538,1.0276903642495008,225,1:59
4850000,9704.000001059465,-1603293.0461538741,408636.16120345733,300.4574843715389,1431.782963600311,1.0281835203920262,225,1:55
4855000,9714.000001061502,-1601288.559348411,407651.8402424357,299.73374372437803,1431.2227110100644,1.028586003161561,224,1:51
4860000,9724.00000106354,-1601010.1715084212,407988.3431008222,299.9811638303639,1430.9989073973945,1.0287468706942047,224,1:47
4865000,9734.000001065577,-1602055.8355595144,407248.97367552924,299.4375284435922,1430.2524005366902,1.0292838154996204,224,1:43
4870000,9744.000001067614,-1603082.5873496355,408320.157295029,300.22513650712494,1432.6084226950154,1.0275910881373445,224,1:40
4875000,9754.000001069651,-1600958.4311131174,407896.88144320046,299.91391491268485,1431.9679157330784,1.0280507208139884,225,1:36
4880000,9764.000001071689,-1600837.4891851544,408149.61497530004,300.0997420334353,1434.5853139508272,1.0261750441998152,225,1:32
4885000,9774.000001073726,-1600364.2245989656,408956.1468138521,300.6927598578081,1432.7302897287432,1.0275036819599963,225,1:28
4890000,9784.000001075763,-1603432.4819356985,408029.37884883047,300.01133614203496,1428.447716120984,1.0305842008341393,225,1:24
4895000,9794.0000010778,-1601024.0700268429,407959.64842091704,299.96006552297536,1434.493110803134,1.0262410023898174,225,1:20
4900000,9804.000001079838,-1602665.8151720166,407390.1967586423,299.5413653927315,1432.6041534372098,1.0275941504286714,225,1:16
4905000,9814.000001081875,-1600890.3857638165,408417.92855185,300.2970246772315,1430.7706762610678,1.0289109725109296,224,1:13
4910000,9824.000001083912,-1601618.2965318682,406542.76462503354,298.9182748510383,1428.7016527981634,1.0304010253426006,224,1:09
4915000,9834.00000108595,-1600233.2005881052,409609.422569167,301.173093241581,1432.5211729482617,1.0276536750393044,224,1:05
4920000,9844.000001087987,-1600866.1527275061,409742.4009866993,301.2708681440512,1434.1114176475257,1.0265141395825046,225,1:01
4925000,9854.000001090024,-1601944.3268093811,409241.50158490374,300.90257236292535,1433.0076974524936,1.0273047734279177,225,0:57
4930000,9864.000001092061,-1603336.0084498273,406318.1392086546,298.75311475523966,1433.1274154052526,1.027218956337956,225,0:53
4935000,9874.000001094098,-1602016.6425716458,410282.61682497885,301.66807208045543,1433.4430250115574,1.0269927874810556,225,0:50
4940000,9884.000001096136,-1602305.2187868655,408256.12241414085,300.17805364699086,1434.5505448410756,1.0261999155386914,225,0:46
4945000,9894.000001098173,-1598003.5028623212,408437.9931726144,300.3117775700298,1433.7869229689059,1.0267464602784786,225,0:42
4950000,9904.00000110021,-1602421.124852961,407839.09770515957,299.87142832383716,1434.3045781568342,1.026375896982548,225,0:38
4955000,9914.000001102248,-1602435.0476691648,409988.2283417555,301.45161736720456,1431.376417570783,1.0284755497441311,224,0:34
4960000,9924.000001104285,-1602035.9844552353,409001.1248535592,300.7258308141879,1433.0694109817744,1.0272605336983347,224,0:30
4965000,9934.000001106322,-1602861.7562963571,407205.7003069362,299.4057108789659,1429.204103245302,1.0300387779527844,225,0:26
4970000,9944.00000110836,-1601650.8221203042,408642.64925858716,300.46225483707246,1431.0177381505293,1.0287333334208055,225,0:23
4975000,9954.000001110397,-1603022.1537862765,408165.60470207094,300.11149878317383,1433.232794615343,1.0271434295131334,225,0:19
4980000,9964.000001112434,-1602918.3363084141,410470.94523704774,301.80654411572334,1432.9730024666294,1.0273296464189166,225,0:15
4985000,9974.000001114471,-1604066.3399904845,406737.907481104,299.0617573354453,1431.783528469227,1.0281831147518583,225,0:11
4990000,9984.000001116508,-1603073.5014821663,408314.990149059,300.2213372650927,1430.7859198531874,1.0289000104941983,225,0:07
4995000,9994.000001118546,-1602986.1271307338,408361.2933107193,300.25538254251,1430.1989837686108,1.0293222584124488,225,0:03
5000000,10004.000001120583,-1601892.231797913,409385.384421913,301.00836494653987,1429.0025010517866,1.0301840947572602,225,0:00
