dataset,record_id,canonical_smiles,external_molecule_id,endpoint,task_type,value,endpoint_role,exact_training_overlap_reported,source,orthosteric_probe,readout,exact_training_overlap_computed,murcko_scaffold,max_train_tanimoto_ecfp4,eligible_zero_shot,drugclip_official,drugclip_gpcr_triplet,drugclip_m4_matched,ecfp_rf_pam,ecfp_rf_potency,max_train_similarity,ecfp_rf_task
acadia_2025,ACADIA-26,Cc1nc2c(c(N3CCC3)n1)CN(C(=O)C1CCN(c3ccc(C#N)cn3)C1)C2,EXT_000029f4faa2,PAM_RE_ge_50pct,binary,1.0,primary_function,False,WO2025122811A1,ACh EC20,CHO-K1/M4/Galpha15 calcium flux,False,O=C(C1CCN(c2ccccn2)C1)N1Cc2ncnc(N3CCC3)c2C1,0.3421052631578947,True,-0.05593091,0.06408721,0.07085537,0.8934710907269092,6.089482263425925,0.3421052631578947,0.8934710907269092
acadia_2025,ACADIA-27,Cc1cc(N2CC[C@@H](C(=O)N3Cc4nc(C)nc(N5CCC5)c4C3)C2)cc(C(F)(F)F)n1,EXT_01286faea3a1,PAM_RE_ge_50pct,binary,1.0,primary_function,False,WO2025122811A1,ACh EC20,CHO-K1/M4/Galpha15 calcium flux,False,O=C(C1CCN(c2ccncc2)C1)N1Cc2ncnc(N3CCC3)c2C1,0.3950617283950617,True,-0.052245833,0.03684497,0.07645899,0.8383007354275016,6.128976665873016,0.3950617283950617,0.8383007354275016
acadia_2025,ACADIA-24,COc1cnc(C(F)(F)F)nc1N1CC[C@@H](C(=O)N2Cc3nc(C)nc(N4CCC4)c3C2)C1,EXT_0917a8d0a313,PAM_RE_ge_50pct,binary,0.0,primary_function,False,WO2025122811A1,ACh EC20,CHO-K1/M4/Galpha15 calcium flux,False,O=C(C1CCN(c2ccncn2)C1)N1Cc2ncnc(N3CCC3)c2C1,0.2976190476190476,True,-0.19184634,-0.10593523,-0.09206543,0.6864176354418645,6.042974608465611,0.2976190476190476,0.6864176354418645
acadia_2025,ACADIA-10,Cc1nc2c(c(N3CCC3)n1)CN(C(=O)[C@@H]1CCN(c3ccc(C(F)(F)F)nc3)C1)C2,EXT_13710e7ea1e7,PAM_RE_ge_50pct,binary,1.0,primary_function,False,WO2025122811A1,ACh EC20,CHO-K1/M4/Galpha15 calcium flux,False,O=C(C1CCN(c2cccnc2)C1)N1Cc2ncnc(N3CCC3)c2C1,0.3658536585365853,True,-0.104924776,-0.04565248,-0.0062836534,0.8275885967066756,6.190525362301589,0.3658536585365853,0.8275885967066756
acadia_2025,ACADIA-28,Cc1nc2c(c(N3CCC3)n1)[C@@H](C)N(C(=O)[C@@H]1CCN(c3ccncn3)C1)C2,EXT_1a835110dcc9,PAM_RE_ge_50pct,binary,1.0,primary_function,False,WO2025122811A1,ACh EC20,CHO-K1/M4/Galpha15 calcium flux,False,O=C(C1CCN(c2ccncn2)C1)N1Cc2ncnc(N3CCC3)c2C1,0.35,True,-0.018193854,-0.068200134,-0.06818089,0.8217906109622337,6.092226984589944,0.35,0.8217906109622337
acadia_2025,ACADIA-31,Cc1nc2c(c(N3CCC3)n1)[C@@H](C)N(C(=O)[C@@H]1CCN(c3ccnc(C(F)(F)F)c3)C1)C2,EXT_2905de14432a,PAM_RE_ge_50pct,binary,1.0,primary_function,False,WO2025122811A1,ACh EC20,CHO-K1/M4/Galpha15 calcium flux,False,O=C(C1CCN(c2ccncc2)C1)N1Cc2ncnc(N3CCC3)c2C1,0.3928571428571428,True,-0.009168428,0.0021731735,0.037674237,0.8015564768818092,6.148624736904762,0.3928571428571428,0.8015564768818092
acadia_2025,ACADIA-02,Cc1nc2c(c(N3CCC3)n1)CN(C(=O)[C@@H]1CCN(c3ccncn3)C1)C2,EXT_315fb0da682b,PAM_RE_ge_50pct,binary,1.0,primary_function,False,WO2025122811A1,ACh EC20,CHO-K1/M4/Galpha15 calcium flux,False,O=C(C1CCN(c2ccncn2)C1)N1Cc2ncnc(N3CCC3)c2C1,0.4520547945205479,True,-0.04995292,-0.072021484,-0.08140465,0.8791862968457969,6.107020713161377,0.4520547945205479,0.8791862968457969
acadia_2025,ACADIA-46,Cc1nc2c(c(N3CCC3)n1)[C@@H](C)N(C(=O)[C@@H]1CCN(c3cncc(C(F)(F)F)c3)C1)C2,EXT_34803f8ab265,PAM_RE_ge_50pct,binary,1.0,primary_function,False,WO2025122811A1,ACh EC20,CHO-K1/M4/Galpha15 calcium flux,False,O=C(C1CCN(c2cccnc2)C1)N1Cc2ncnc(N3CCC3)c2C1,0.2613636363636363,True,-0.025162255,-0.0019218922,0.0205253,0.7830336369248005,6.065822890674602,0.2613636363636363,0.7830336369248005
acadia_2025,ACADIA-03,Cc1nc2c(c(N3CCC3)n1)CN(C(=O)[C@@H]1CCN(c3cc(C(F)(F)F)ncc3Cl)C1)C2,EXT_4547374d64a8,PAM_RE_ge_50pct,binary,1.0,primary_function,False,WO2025122811A1,ACh EC20,CHO-K1/M4/Galpha15 calcium flux,False,O=C(C1CCN(c2ccncc2)C1)N1Cc2ncnc(N3CCC3)c2C1,0.3695652173913043,True,-0.04882325,-0.035514254,-0.025208628,0.762784677729303,6.200015377537281,0.3695652173913043,0.762784677729303
acadia_2025,ACADIA-44,Cc1nc2c(c(N3CCC3)n1)[C@@H](C)N(C(=O)[C@@H]1CCN(c3ncc(C#N)cc3Cl)C1)C2,EXT_4d03d1c64df2,PAM_RE_ge_50pct,binary,1.0,primary_function,False,WO2025122811A1,ACh EC20,CHO-K1/M4/Galpha15 calcium flux,False,O=C(C1CCN(c2ccccn2)C1)N1Cc2ncnc(N3CCC3)c2C1,0.3555555555555555,True,-0.11914104,-0.13139904,-0.11308507,0.8246289259787433,6.14910368875661,0.3555555555555555,0.8246289259787433
acadia_2025,ACADIA-16,Cc1nc2c(c(N3CCC3)n1)CN(C(=O)[C@@H]1CCN(c3cc(Cl)ncc3Cl)C1)C2,EXT_4d7fb338045c,PAM_RE_ge_50pct,binary,1.0,primary_function,False,WO2025122811A1,ACh EC20,CHO-K1/M4/Galpha15 calcium flux,False,O=C(C1CCN(c2ccncc2)C1)N1Cc2ncnc(N3CCC3)c2C1,0.35,True,-0.10491611,-0.07413807,-0.12496219,0.7517438360966031,6.301840479785953,0.35,0.7517438360966031
acadia_2025,ACADIA-47,Cc1nc2c(c(N3CCC3)n1)[C@@H](C)N(C(=O)[C@@H]1CCN(c3ccc(C(F)(F)F)nc3)C1)C2,EXT_4eb7b3cd94a5,PAM_RE_ge_50pct,binary,1.0,primary_function,False,WO2025122811A1,ACh EC20,CHO-K1/M4/Galpha15 calcium flux,False,O=C(C1CCN(c2cccnc2)C1)N1Cc2ncnc(N3CCC3)c2C1,0.3333333333333333,True,-0.048925515,-0.03353889,-0.02222904,0.770650782977262,6.171697533730156,0.3333333333333333,0.770650782977262
acadia_2025,ACADIA-11,COc1cc(N2CC[C@@H](C(=O)N3Cc4nc(C)nc(N5CCC5)c4C3)C2)ccn1,EXT_4ecdf206fc31,PAM_RE_ge_50pct,binary,1.0,primary_function,False,WO2025122811A1,ACh EC20,CHO-K1/M4/Galpha15 calcium flux,False,O=C(C1CCN(c2ccncc2)C1)N1Cc2ncnc(N3CCC3)c2C1,0.4868421052631579,True,-0.013135887,0.12299601,0.08136918,0.7806546113016095,6.105831201256615,0.4868421052631579,0.7806546113016095
acadia_2025,ACADIA-43,Cc1nc2c(c(N3CCC3)n1)[C@@H](C)N(C(=O)[C@@H]1CCN(c3cc(Cl)ncc3Cl)C1)C2,EXT_53cffbec9d82,PAM_RE_ge_50pct,binary,1.0,primary_function,False,WO2025122811A1,ACh EC20,CHO-K1/M4/Galpha15 calcium flux,False,O=C(C1CCN(c2ccncc2)C1)N1Cc2ncnc(N3CCC3)c2C1,0.3414634146341463,True,-0.034662347,-0.08830739,-0.08802924,0.6903344286334754,6.283146959547856,0.3414634146341463,0.6903344286334754
acadia_2025,ACADIA-08,Cc1nc2c(c(N3CCC3)n1)CN(C(=O)[C@@H]1CCN(c3ccnc(C(F)F)c3)C1)C2,EXT_546976d4dfaa,PAM_RE_ge_50pct,binary,1.0,primary_function,False,WO2025122811A1,ACh EC20,CHO-K1/M4/Galpha15 calcium flux,False,O=C(C1CCN(c2ccncc2)C1)N1Cc2ncnc(N3CCC3)c2C1,0.4935064935064935,True,-0.07910117,-0.028152956,0.0027471066,0.8148010287328669,6.109036962698417,0.4935064935064935,0.8148010287328669
acadia_2025,ACADIA-25,Cc1nc2c(c(N3CCC3)n1)CN(C(=O)[C@@H]1CCN(c3nccc(C(F)F)c3F)C1)C2,EXT_58068a2e5f5e,PAM_RE_ge_50pct,binary,1.0,primary_function,False,WO2025122811A1,ACh EC20,CHO-K1/M4/Galpha15 calcium flux,False,O=C(C1CCN(c2ccccn2)C1)N1Cc2ncnc(N3CCC3)c2C1,0.3372093023255814,True,-0.122317635,-0.08688426,-0.05441768,0.8688810517605173,6.09090772976191,0.3372093023255814,0.8688810517605173
acadia_2025,ACADIA-19,Cc1nc2c(c(N3CCC3)n1)CN(C(=O)[C@@H]1CCN(c3ccnc(C(F)(F)F)n3)C1)C2,EXT_5da32b9f2c57,PAM_RE_ge_50pct,binary,1.0,primary_function,False,WO2025122811A1,ACh EC20,CHO-K1/M4/Galpha15 calcium flux,False,O=C(C1CCN(c2ccncn2)C1)N1Cc2ncnc(N3CCC3)c2C1,0.3411764705882353,True,-0.06618937,-0.034043908,0.0077908933,0.8440357203882137,6.108201025396826,0.3411764705882353,0.8440357203882137
acadia_2025,ACADIA-06,Cc1nc2c(c(N3CCC3)n1)CN(C(=O)[C@@H]1CCN(c3ccnc(C(F)(F)F)c3)C1)C2,EXT_60d575e49b5e,PAM_RE_ge_50pct,binary,1.0,primary_function,False,WO2025122811A1,ACh EC20,CHO-K1/M4/Galpha15 calcium flux,False,O=C(C1CCN(c2ccncc2)C1)N1Cc2ncnc(N3CCC3)c2C1,0.4935064935064935,True,-0.06323188,-0.019058788,0.010828805,0.860288306167281,6.163248001190479,0.4935064935064935,0.860288306167281
acadia_2025,ACADIA-29,Cc1cc(N2CC[C@@H](C(=O)N3Cc4nc(C)nc(N5CCC5)c4C3)C2)cc(C(F)F)n1,EXT_6e7e9d50122d,PAM_RE_ge_50pct,binary,1.0,primary_function,False,WO2025122811A1,ACh EC20,CHO-K1/M4/Galpha15 calcium flux,False,O=C(C1CCN(c2ccncc2)C1)N1Cc2ncnc(N3CCC3)c2C1,0.3950617283950617,True,-0.102064826,-0.015730709,0.024822861,0.7979920262867553,6.095334182539682,0.3950617283950617,0.7979920262867553
acadia_2025,ACADIA-41,CCc1nc2c(c(N3CCC3)n1)CN(C(=O)[C@@H]1CCN(c3ccnc(Cl)c3)C1)C2,EXT_70e50e97c056,PAM_RE_ge_50pct,binary,1.0,primary_function,False,WO2025122811A1,ACh EC20,CHO-K1/M4/Galpha15 calcium flux,False,O=C(C1CCN(c2ccncc2)C1)N1Cc2ncnc(N3CCC3)c2C1,0.3625,True,0.031359803,-0.011900741,-0.069765985,0.8627865319855808,6.2362906033509695,0.3625,0.8627865319855808
acadia_2025,ACADIA-05,Cc1nc2c(c(N3CCC3)n1)CN(C(=O)[C@@H]1CCN(c3ccnc(OC(F)F)c3)C1)C2,EXT_73a35499ea23,PAM_RE_ge_50pct,binary,1.0,primary_function,False,WO2025122811A1,ACh EC20,CHO-K1/M4/Galpha15 calcium flux,False,O=C(C1CCN(c2ccncc2)C1)N1Cc2ncnc(N3CCC3)c2C1,0.5125,True,0.008114976,0.075502485,0.06689025,0.8555375820895108,6.080461051322753,0.5125,0.8555375820895108
acadia_2025,ACADIA-37,Cc1nc2c(c(N3CCC3)n1)CN(C(=O)[C@@H]1CCN(c3cncc(Cl)c3)C1)C2,EXT_7b08aa8c2446,PAM_RE_ge_50pct,binary,1.0,primary_function,False,WO2025122811A1,ACh EC20,CHO-K1/M4/Galpha15 calcium flux,False,O=C(C1CCN(c2cccnc2)C1)N1Cc2ncnc(N3CCC3)c2C1,0.3815789473684211,True,-0.15094714,-0.16723059,-0.18294449,0.8663619385421147,6.103923477777779,0.3815789473684211,0.8663619385421147
acadia_2025,ACADIA-14,Cc1nc2c(c(N3CCC3)n1)CN(C(=O)[C@@H]1CCN(c3cnn4ccccc34)C1)C2,EXT_7bd76ea64d79,PAM_RE_ge_50pct,binary,1.0,primary_function,False,WO2025122811A1,ACh EC20,CHO-K1/M4/Galpha15 calcium flux,False,O=C(C1CCN(c2cnn3ccccc23)C1)N1Cc2ncnc(N3CCC3)c2C1,0.2962962962962963,True,-0.07357586,-0.037403155,-0.04937133,0.8641410070868081,6.085572748280423,0.2962962962962963,0.8641410070868081
acadia_2025,ACADIA-38,Cc1nc2c(c(N3CCC3)n1)[C@@H](C)N(C(=O)[C@@H]1CCN(c3cncc(Cl)c3)C1)C2,EXT_816ccd62c572,PAM_RE_ge_50pct,binary,1.0,primary_function,False,WO2025122811A1,ACh EC20,CHO-K1/M4/Galpha15 calcium flux,False,O=C(C1CCN(c2cccnc2)C1)N1Cc2ncnc(N3CCC3)c2C1,0.2891566265060241,True,-0.012263489,-0.072303094,-0.102122165,0.8115188350366829,6.08192621388889,0.2891566265060241,0.8115188350366829
acadia_2025,ACADIA-35,Cc1nc2c(c(N3CCC3)n1)[C@@H](C)N(C(=O)[C@@H]1CCN(c3cc(C(F)(F)F)ncn3)C1)C2,EXT_85ee3d37b2fc,PAM_RE_ge_50pct,binary,1.0,primary_function,False,WO2025122811A1,ACh EC20,CHO-K1/M4/Galpha15 calcium flux,False,O=C(C1CCN(c2ccncn2)C1)N1Cc2ncnc(N3CCC3)c2C1,0.2976190476190476,True,-0.07883237,-0.07813918,-0.04361574,0.7850827410843018,6.130376586706346,0.2976190476190476,0.7850827410843018
acadia_2025,ACADIA-04,COc1cc(N2CC[C@@H](C(=O)N3Cc4nc(C)nc(N5CCC5)c4C3)C2)c(Cl)cn1,EXT_8617ca090f02,PAM_RE_ge_50pct,binary,1.0,primary_function,False,WO2025122811A1,ACh EC20,CHO-K1/M4/Galpha15 calcium flux,False,O=C(C1CCN(c2ccncc2)C1)N1Cc2ncnc(N3CCC3)c2C1,0.3809523809523809,True,-0.0661869,-0.055442225,-0.09830507,0.6835740952326674,6.100620082473549,0.3809523809523809,0.6835740952326674
acadia_2025,ACADIA-49,Cc1cc(N2CC[C@@H](C(=O)N3Cc4nc(C)nc(N5CCC5)c4[C@H]3C)C2)cc(C(F)(F)F)n1,EXT_9210f5354d5e,PAM_RE_ge_50pct,binary,1.0,primary_function,False,WO2025122811A1,ACh EC20,CHO-K1/M4/Galpha15 calcium flux,False,O=C(C1CCN(c2ccncc2)C1)N1Cc2ncnc(N3CCC3)c2C1,0.3068181818181818,True,-0.04319231,-0.017552448,0.02092979,0.7803027470048072,6.114175402380952,0.3068181818181818,0.7803027470048072
acadia_2025,ACADIA-07,Cc1nc2c(c(N3CCC3)n1)CN(C(=O)[C@@H]1CCN(c3cncc(OC(F)F)c3)C1)C2,EXT_98eb5d5d711c,PAM_RE_ge_50pct,binary,1.0,primary_function,False,WO2025122811A1,ACh EC20,CHO-K1/M4/Galpha15 calcium flux,False,O=C(C1CCN(c2cccnc2)C1)N1Cc2ncnc(N3CCC3)c2C1,0.3658536585365853,True,0.052909255,0.13915421,0.13816865,0.8598566073759932,6.045581351322754,0.3658536585365853,0.8598566073759932
acadia_2025,ACADIA-30,Cc1nc2c(c(N3CCC3)n1)[C@@H](C)N(C(=O)[C@@H]1CCN(c3ccnc(Cl)c3)C1)C2,EXT_9a39855d6495,PAM_RE_ge_50pct,binary,1.0,primary_function,False,WO2025122811A1,ACh EC20,CHO-K1/M4/Galpha15 calcium flux,False,O=C(C1CCN(c2ccncc2)C1)N1Cc2ncnc(N3CCC3)c2C1,0.3103448275862069,True,0.051474344,-0.018258303,-0.050706852,0.794497634440146,6.159234900132275,0.3103448275862069,0.794497634440146
acadia_2025,ACADIA-45,Cc1nc2c(c(N3CCC3)n1)[C@@H](C)N(C(=O)[C@@H]1CCN(c3ncc(Cl)cc3F)C1)C2,EXT_a0eb955ab882,PAM_RE_ge_50pct,binary,1.0,primary_function,False,WO2025122811A1,ACh EC20,CHO-K1/M4/Galpha15 calcium flux,False,O=C(C1CCN(c2ccccn2)C1)N1Cc2ncnc(N3CCC3)c2C1,0.3295454545454545,True,-0.12217703,-0.1524108,-0.18216391,0.7762902966538267,6.175882740013226,0.3295454545454545,0.7762902966538267
acadia_2025,ACADIA-34,Cc1nc2c(c(N3CCC3)n1)[C@@H](C)N(C(=O)[C@@H]1CCN(c3ccnc(C#N)n3)C1)C2,EXT_a47e8ef49e2d,PAM_RE_ge_50pct,binary,1.0,primary_function,False,WO2025122811A1,ACh EC20,CHO-K1/M4/Galpha15 calcium flux,False,O=C(C1CCN(c2ccncn2)C1)N1Cc2ncnc(N3CCC3)c2C1,0.2804878048780488,True,0.14116445,0.048386272,0.09332194,0.7887862801382496,6.093573585317456,0.2804878048780488,0.7887862801382496
acadia_2025,ACADIA-23,Cc1nc2c(c(N3CCC3)n1)CN(C(=O)[C@@H]1CCN(c3cc(C(F)(F)F)ccn3)C1)C2,EXT_a546e975b504,PAM_RE_ge_50pct,binary,1.0,primary_function,False,WO2025122811A1,ACh EC20,CHO-K1/M4/Galpha15 calcium flux,False,O=C(C1CCN(c2ccccn2)C1)N1Cc2ncnc(N3CCC3)c2C1,0.3529411764705882,True,-0.053879816,-0.0066986205,0.004364544,0.85369149869446,6.107396240873016,0.3529411764705882,0.85369149869446
acadia_2025,ACADIA-17,Cc1nc2c(c(N3CCC3)n1)CN(C(=O)[C@@H]1CCN(c3ncc(Cl)cc3F)C1)C2,EXT_b6d7718bb0bd,PAM_RE_ge_50pct,binary,1.0,primary_function,False,WO2025122811A1,ACh EC20,CHO-K1/M4/Galpha15 calcium flux,False,O=C(C1CCN(c2ccccn2)C1)N1Cc2ncnc(N3CCC3)c2C1,0.3529411764705882,True,-0.121666245,-0.09902496,-0.13263218,0.8356733701109796,6.193158176917995,0.3529411764705882,0.8356733701109796
acadia_2025,ACADIA-01,Cc1nc2c(c(N3CCC3)n1)CN(C(=O)[C@H]1CCN(c3ccncn3)C1)C2,EXT_b8878f3db5ab,PAM_RE_ge_50pct,binary,0.0,primary_function,False,WO2025122811A1,ACh EC20,CHO-K1/M4/Galpha15 calcium flux,False,O=C(C1CCN(c2ccncn2)C1)N1Cc2ncnc(N3CCC3)c2C1,0.4520547945205479,True,-0.06749182,-0.102169156,-0.10844376,0.8791862968457969,6.107020713161377,0.4520547945205479,0.8791862968457969
acadia_2025,ACADIA-32,Cc1nc2c(c(N3CCC3)n1)[C@@H](C)N(C(=O)[C@@H]1CCN(c3ccnc(OC(F)F)c3)C1)C2,EXT_c01a630fa772,PAM_RE_ge_50pct,binary,1.0,primary_function,False,WO2025122811A1,ACh EC20,CHO-K1/M4/Galpha15 calcium flux,False,O=C(C1CCN(c2ccncc2)C1)N1Cc2ncnc(N3CCC3)c2C1,0.4137931034482758,True,0.05233134,0.08626526,0.06748253,0.7974536983960001,6.070708094179895,0.4137931034482758,0.7974536983960001
acadia_2025,ACADIA-20,Cc1nc2c(c(N3CCC3)n1)CN(C(=O)[C@@H]1CCN(c3cc(C(F)(F)F)ncn3)C1)C2,EXT_c4a8a074e303,PAM_RE_ge_50pct,binary,1.0,primary_function,False,WO2025122811A1,ACh EC20,CHO-K1/M4/Galpha15 calcium flux,False,O=C(C1CCN(c2ccncn2)C1)N1Cc2ncnc(N3CCC3)c2C1,0.3571428571428571,True,-0.07316235,-0.01969338,0.002435291,0.8405999285741614,6.147238692658731,0.3571428571428571,0.8405999285741614
acadia_2025,ACADIA-22,Cc1nc2c(c(N3CCC3)n1)CN(C(=O)[C@@H]1CCN(c3cccc(C(F)(F)F)n3)C1)C2,EXT_d60b0f606c99,PAM_RE_ge_50pct,binary,1.0,primary_function,False,WO2025122811A1,ACh EC20,CHO-K1/M4/Galpha15 calcium flux,False,O=C(C1CCN(c2ccccn2)C1)N1Cc2ncnc(N3CCC3)c2C1,0.3294117647058823,True,-0.02359171,0.022261772,0.041047033,0.8461007096152819,6.037420807142859,0.3294117647058823,0.8461007096152819
acadia_2025,ACADIA-40,Cc1nc2c(c(N3CCC3)n1)[C@@H](C)N(C(=O)[C@@H]1CCN(c3ccnc(C(F)F)c3)C1)C2,EXT_d814319665f9,PAM_RE_ge_50pct,binary,1.0,primary_function,False,WO2025122811A1,ACh EC20,CHO-K1/M4/Galpha15 calcium flux,False,O=C(C1CCN(c2ccncc2)C1)N1Cc2ncnc(N3CCC3)c2C1,0.3928571428571428,True,-0.032818507,-0.018965054,0.017768323,0.7556250825491868,6.098597956746033,0.3928571428571428,0.7556250825491868
acadia_2025,ACADIA-48,Cc1nc2c(c(N3CCC3)n1)[C@@H](C)N(C(=O)[C@@H]1CCN(c3cnc(C)c(Cl)c3)C1)C2,EXT_d94bd7b88962,PAM_RE_ge_50pct,binary,1.0,primary_function,False,WO2025122811A1,ACh EC20,CHO-K1/M4/Galpha15 calcium flux,False,O=C(C1CCN(c2cccnc2)C1)N1Cc2ncnc(N3CCC3)c2C1,0.275,True,-0.014903009,-0.038788803,-0.07960782,0.7700296610370099,6.148067647023809,0.275,0.7700296610370099
acadia_2025,ACADIA-18,Cc1nc2c(c(N3CCC3)n1)CN(C(=O)C1CCN(c3ncc(C#N)cc3Cl)C1)C2,EXT_e08cd008beed,PAM_RE_ge_50pct,binary,1.0,primary_function,False,WO2025122811A1,ACh EC20,CHO-K1/M4/Galpha15 calcium flux,False,O=C(C1CCN(c2ccccn2)C1)N1Cc2ncnc(N3CCC3)c2C1,0.3793103448275862,True,-0.08485646,-0.05554999,-0.049226116,0.8754302428838326,6.1724439117724845,0.3793103448275862,0.8754302428838326
acadia_2025,ACADIA-39,COc1cc(N2CC[C@@H](C(=O)N3Cc4nc(C)nc(N5CCC5)c4[C@H]3C)C2)ccn1,EXT_e425d9e17115,PAM_RE_ge_50pct,binary,1.0,primary_function,False,WO2025122811A1,ACh EC20,CHO-K1/M4/Galpha15 calcium flux,False,O=C(C1CCN(c2ccncc2)C1)N1Cc2ncnc(N3CCC3)c2C1,0.3855421686746988,True,-0.032028925,-0.003123474,-0.008845425,0.7173872183756855,6.080460171891536,0.3855421686746988,0.7173872183756855
acadia_2025,ACADIA-15,Cc1nc2c(c(N3CCC3)n1)CN(C(=O)C1CCN(c3cccc(C(F)(F)F)c3C#N)C1)C2,EXT_ec0eeaa02bec,PAM_RE_ge_50pct,binary,1.0,primary_function,False,WO2025122811A1,ACh EC20,CHO-K1/M4/Galpha15 calcium flux,False,O=C(C1CCN(c2ccccc2)C1)N1Cc2ncnc(N3CCC3)c2C1,0.2873563218390804,True,-0.021378607,0.023887469,0.041005135,0.8810634668370403,6.0722779050264535,0.2873563218390804,0.8810634668370403
acadia_2025,ACADIA-09,Cc1nc2c(c(N3CCC3)n1)CN(C(=O)[C@@H]1CCN(c3cncc(C(F)(F)F)c3)C1)C2,EXT_ee4875dfa4fa,PAM_RE_ge_50pct,binary,1.0,primary_function,False,WO2025122811A1,ACh EC20,CHO-K1/M4/Galpha15 calcium flux,False,O=C(C1CCN(c2cccnc2)C1)N1Cc2ncnc(N3CCC3)c2C1,0.345679012345679,True,-0.09411233,-0.040614035,-0.0010868013,0.8374494482229892,6.083577015277778,0.345679012345679,0.8374494482229892
acadia_2025,ACADIA-42,CCc1nc2c(c(N3CCC3)n1)CN(C(=O)[C@@H]1CCN(c3cncc(Cl)c3)C1)C2,EXT_ef9fe8b41b15,PAM_RE_ge_50pct,binary,1.0,primary_function,False,WO2025122811A1,ACh EC20,CHO-K1/M4/Galpha15 calcium flux,False,O=C(C1CCN(c2cccnc2)C1)N1Cc2ncnc(N3CCC3)c2C1,0.3333333333333333,True,-0.023331607,-0.06012043,-0.0811936,0.871191872382057,6.268287157319218,0.3333333333333333,0.871191872382057
acadia_2025,ACADIA-12,Cc1nc2c(c(N3CCC3)n1)CN(C(=O)[C@@H]1CCN(c3ccnc(Cl)c3)C1)C2,EXT_f426944f9aae,PAM_RE_ge_50pct,binary,1.0,primary_function,False,WO2025122811A1,ACh EC20,CHO-K1/M4/Galpha15 calcium flux,False,O=C(C1CCN(c2ccncc2)C1)N1Cc2ncnc(N3CCC3)c2C1,0.3766233766233766,True,-0.018402016,-0.0052873134,-0.054635134,0.8528056007181883,6.178928796957675,0.3766233766233766,0.8528056007181883
acadia_2025,ACADIA-26,Cc1nc2c(c(N3CCC3)n1)CN(C(=O)C1CCN(c3ccc(C#N)cn3)C1)C2,EXT_000029f4faa2,PAM_pEC50,continuous,6.130768280269024,primary_function,False,WO2025122811A1,ACh EC20,CHO-K1/M4/Galpha15 calcium flux,False,O=C(C1CCN(c2ccccn2)C1)N1Cc2ncnc(N3CCC3)c2C1,0.3421052631578947,True,-0.05593091,0.06408721,0.07085537,0.8934710907269092,6.089482263425925,0.3421052631578947,6.089482263425925
acadia_2025,ACADIA-27,Cc1cc(N2CC[C@@H](C(=O)N3Cc4nc(C)nc(N5CCC5)c4C3)C2)cc(C(F)(F)F)n1,EXT_01286faea3a1,PAM_pEC50,continuous,6.958607314841775,primary_function,False,WO2025122811A1,ACh EC20,CHO-K1/M4/Galpha15 calcium flux,False,O=C(C1CCN(c2ccncc2)C1)N1Cc2ncnc(N3CCC3)c2C1,0.3950617283950617,True,-0.052245833,0.03684497,0.07645899,0.8383007354275016,6.128976665873016,0.3950617283950617,6.128976665873016
acadia_2025,ACADIA-10,Cc1nc2c(c(N3CCC3)n1)CN(C(=O)[C@@H]1CCN(c3ccc(C(F)(F)F)nc3)C1)C2,EXT_13710e7ea1e7,PAM_pEC50,continuous,6.537602002101044,primary_function,False,WO2025122811A1,ACh EC20,CHO-K1/M4/Galpha15 calcium flux,False,O=C(C1CCN(c2cccnc2)C1)N1Cc2ncnc(N3CCC3)c2C1,0.3658536585365853,True,-0.104924776,-0.04565248,-0.0062836534,0.8275885967066756,6.190525362301589,0.3658536585365853,6.190525362301589
acadia_2025,ACADIA-28,Cc1nc2c(c(N3CCC3)n1)[C@@H](C)N(C(=O)[C@@H]1CCN(c3ccncn3)C1)C2,EXT_1a835110dcc9,PAM_pEC50,continuous,8.221848749616356,primary_function,False,WO2025122811A1,ACh EC20,CHO-K1/M4/Galpha15 calcium flux,False,O=C(C1CCN(c2ccncn2)C1)N1Cc2ncnc(N3CCC3)c2C1,0.35,True,-0.018193854,-0.068200134,-0.06818089,0.8217906109622337,6.092226984589944,0.35,6.092226984589944
acadia_2025,ACADIA-31,Cc1nc2c(c(N3CCC3)n1)[C@@H](C)N(C(=O)[C@@H]1CCN(c3ccnc(C(F)(F)F)c3)C1)C2,EXT_2905de14432a,PAM_pEC50,continuous,8.045757490560675,primary_function,False,WO2025122811A1,ACh EC20,CHO-K1/M4/Galpha15 calcium flux,False,O=C(C1CCN(c2ccncc2)C1)N1Cc2ncnc(N3CCC3)c2C1,0.3928571428571428,True,-0.009168428,0.0021731735,0.037674237,0.8015564768818092,6.148624736904762,0.3928571428571428,6.148624736904762
acadia_2025,ACADIA-02,Cc1nc2c(c(N3CCC3)n1)CN(C(=O)[C@@H]1CCN(c3ccncn3)C1)C2,EXT_315fb0da682b,PAM_pEC50,continuous,7.251811972993799,primary_function,False,WO2025122811A1,ACh EC20,CHO-K1/M4/Galpha15 calcium flux,False,O=C(C1CCN(c2ccncn2)C1)N1Cc2ncnc(N3CCC3)c2C1,0.4520547945205479,True,-0.04995292,-0.072021484,-0.08140465,0.8791862968457969,6.107020713161377,0.4520547945205479,6.107020713161377
acadia_2025,ACADIA-46,Cc1nc2c(c(N3CCC3)n1)[C@@H](C)N(C(=O)[C@@H]1CCN(c3cncc(C(F)(F)F)c3)C1)C2,EXT_34803f8ab265,PAM_pEC50,continuous,7.468521082957745,primary_function,False,WO2025122811A1,ACh EC20,CHO-K1/M4/Galpha15 calcium flux,False,O=C(C1CCN(c2cccnc2)C1)N1Cc2ncnc(N3CCC3)c2C1,0.2613636363636363,True,-0.025162255,-0.0019218922,0.0205253,0.7830336369248005,6.065822890674602,0.2613636363636363,6.065822890674602
acadia_2025,ACADIA-03,Cc1nc2c(c(N3CCC3)n1)CN(C(=O)[C@@H]1CCN(c3cc(C(F)(F)F)ncc3Cl)C1)C2,EXT_4547374d64a8,PAM_pEC50,continuous,6.585026652029182,primary_function,False,WO2025122811A1,ACh EC20,CHO-K1/M4/Galpha15 calcium flux,False,O=C(C1CCN(c2ccncc2)C1)N1Cc2ncnc(N3CCC3)c2C1,0.3695652173913043,True,-0.04882325,-0.035514254,-0.025208628,0.762784677729303,6.200015377537281,0.3695652173913043,6.200015377537281
acadia_2025,ACADIA-44,Cc1nc2c(c(N3CCC3)n1)[C@@H](C)N(C(=O)[C@@H]1CCN(c3ncc(C#N)cc3Cl)C1)C2,EXT_4d03d1c64df2,PAM_pEC50,continuous,6.920818753952375,primary_function,False,WO2025122811A1,ACh EC20,CHO-K1/M4/Galpha15 calcium flux,False,O=C(C1CCN(c2ccccn2)C1)N1Cc2ncnc(N3CCC3)c2C1,0.3555555555555555,True,-0.11914104,-0.13139904,-0.11308507,0.8246289259787433,6.14910368875661,0.3555555555555555,6.14910368875661
acadia_2025,ACADIA-16,Cc1nc2c(c(N3CCC3)n1)CN(C(=O)[C@@H]1CCN(c3cc(Cl)ncc3Cl)C1)C2,EXT_4d7fb338045c,PAM_pEC50,continuous,7.552841968657781,primary_function,False,WO2025122811A1,ACh EC20,CHO-K1/M4/Galpha15 calcium flux,False,O=C(C1CCN(c2ccncc2)C1)N1Cc2ncnc(N3CCC3)c2C1,0.35,True,-0.10491611,-0.07413807,-0.12496219,0.7517438360966031,6.301840479785953,0.35,6.301840479785953
acadia_2025,ACADIA-47,Cc1nc2c(c(N3CCC3)n1)[C@@H](C)N(C(=O)[C@@H]1CCN(c3ccc(C(F)(F)F)nc3)C1)C2,EXT_4eb7b3cd94a5,PAM_pEC50,continuous,6.769551078621726,primary_function,False,WO2025122811A1,ACh EC20,CHO-K1/M4/Galpha15 calcium flux,False,O=C(C1CCN(c2cccnc2)C1)N1Cc2ncnc(N3CCC3)c2C1,0.3333333333333333,True,-0.048925515,-0.03353889,-0.02222904,0.770650782977262,6.171697533730156,0.3333333333333333,6.171697533730156
acadia_2025,ACADIA-11,COc1cc(N2CC[C@@H](C(=O)N3Cc4nc(C)nc(N5CCC5)c4C3)C2)ccn1,EXT_4ecdf206fc31,PAM_pEC50,continuous,6.657577319177793,primary_function,False,WO2025122811A1,ACh EC20,CHO-K1/M4/Galpha15 calcium flux,False,O=C(C1CCN(c2ccncc2)C1)N1Cc2ncnc(N3CCC3)c2C1,0.4868421052631579,True,-0.013135887,0.12299601,0.08136918,0.7806546113016095,6.105831201256615,0.4868421052631579,6.105831201256615
acadia_2025,ACADIA-43,Cc1nc2c(c(N3CCC3)n1)[C@@H](C)N(C(=O)[C@@H]1CCN(c3cc(Cl)ncc3Cl)C1)C2,EXT_53cffbec9d82,PAM_pEC50,continuous,7.568636235841012,primary_function,False,WO2025122811A1,ACh EC20,CHO-K1/M4/Galpha15 calcium flux,False,O=C(C1CCN(c2ccncc2)C1)N1Cc2ncnc(N3CCC3)c2C1,0.3414634146341463,True,-0.034662347,-0.08830739,-0.08802924,0.6903344286334754,6.283146959547856,0.3414634146341463,6.283146959547856
acadia_2025,ACADIA-08,Cc1nc2c(c(N3CCC3)n1)CN(C(=O)[C@@H]1CCN(c3ccnc(C(F)F)c3)C1)C2,EXT_546976d4dfaa,PAM_pEC50,continuous,7.1487416512809245,primary_function,False,WO2025122811A1,ACh EC20,CHO-K1/M4/Galpha15 calcium flux,False,O=C(C1CCN(c2ccncc2)C1)N1Cc2ncnc(N3CCC3)c2C1,0.4935064935064935,True,-0.07910117,-0.028152956,0.0027471066,0.8148010287328669,6.109036962698417,0.4935064935064935,6.109036962698417
acadia_2025,ACADIA-25,Cc1nc2c(c(N3CCC3)n1)CN(C(=O)[C@@H]1CCN(c3nccc(C(F)F)c3F)C1)C2,EXT_58068a2e5f5e,PAM_pEC50,continuous,6.522878745280337,primary_function,False,WO2025122811A1,ACh EC20,CHO-K1/M4/Galpha15 calcium flux,False,O=C(C1CCN(c2ccccn2)C1)N1Cc2ncnc(N3CCC3)c2C1,0.3372093023255814,True,-0.122317635,-0.08688426,-0.05441768,0.8688810517605173,6.09090772976191,0.3372093023255814,6.09090772976191
acadia_2025,ACADIA-19,Cc1nc2c(c(N3CCC3)n1)CN(C(=O)[C@@H]1CCN(c3ccnc(C(F)(F)F)n3)C1)C2,EXT_5da32b9f2c57,PAM_pEC50,continuous,6.4089353929735005,primary_function,False,WO2025122811A1,ACh EC20,CHO-K1/M4/Galpha15 calcium flux,False,O=C(C1CCN(c2ccncn2)C1)N1Cc2ncnc(N3CCC3)c2C1,0.3411764705882353,True,-0.06618937,-0.034043908,0.0077908933,0.8440357203882137,6.108201025396826,0.3411764705882353,6.108201025396826
acadia_2025,ACADIA-06,Cc1nc2c(c(N3CCC3)n1)CN(C(=O)[C@@H]1CCN(c3ccnc(C(F)(F)F)c3)C1)C2,EXT_60d575e49b5e,PAM_pEC50,continuous,7.221848749616356,primary_function,False,WO2025122811A1,ACh EC20,CHO-K1/M4/Galpha15 calcium flux,False,O=C(C1CCN(c2ccncc2)C1)N1Cc2ncnc(N3CCC3)c2C1,0.4935064935064935,True,-0.06323188,-0.019058788,0.010828805,0.860288306167281,6.163248001190479,0.4935064935064935,6.163248001190479
acadia_2025,ACADIA-29,Cc1cc(N2CC[C@@H](C(=O)N3Cc4nc(C)nc(N5CCC5)c4C3)C2)cc(C(F)F)n1,EXT_6e7e9d50122d,PAM_pEC50,continuous,6.318758762624412,primary_function,False,WO2025122811A1,ACh EC20,CHO-K1/M4/Galpha15 calcium flux,False,O=C(C1CCN(c2ccncc2)C1)N1Cc2ncnc(N3CCC3)c2C1,0.3950617283950617,True,-0.102064826,-0.015730709,0.024822861,0.7979920262867553,6.095334182539682,0.3950617283950617,6.095334182539682
acadia_2025,ACADIA-41,CCc1nc2c(c(N3CCC3)n1)CN(C(=O)[C@@H]1CCN(c3ccnc(Cl)c3)C1)C2,EXT_70e50e97c056,PAM_pEC50,continuous,7.275724130399211,primary_function,False,WO2025122811A1,ACh EC20,CHO-K1/M4/Galpha15 calcium flux,False,O=C(C1CCN(c2ccncc2)C1)N1Cc2ncnc(N3CCC3)c2C1,0.3625,True,0.031359803,-0.011900741,-0.069765985,0.8627865319855808,6.2362906033509695,0.3625,6.2362906033509695
acadia_2025,ACADIA-05,Cc1nc2c(c(N3CCC3)n1)CN(C(=O)[C@@H]1CCN(c3ccnc(OC(F)F)c3)C1)C2,EXT_73a35499ea23,PAM_pEC50,continuous,7.107905397309519,primary_function,False,WO2025122811A1,ACh EC20,CHO-K1/M4/Galpha15 calcium flux,False,O=C(C1CCN(c2ccncc2)C1)N1Cc2ncnc(N3CCC3)c2C1,0.5125,True,0.008114976,0.075502485,0.06689025,0.8555375820895108,6.080461051322753,0.5125,6.080461051322753
acadia_2025,ACADIA-37,Cc1nc2c(c(N3CCC3)n1)CN(C(=O)[C@@H]1CCN(c3cncc(Cl)c3)C1)C2,EXT_7b08aa8c2446,PAM_pEC50,continuous,7.455931955649724,primary_function,False,WO2025122811A1,ACh EC20,CHO-K1/M4/Galpha15 calcium flux,False,O=C(C1CCN(c2cccnc2)C1)N1Cc2ncnc(N3CCC3)c2C1,0.3815789473684211,True,-0.15094714,-0.16723059,-0.18294449,0.8663619385421147,6.103923477777779,0.3815789473684211,6.103923477777779
acadia_2025,ACADIA-14,Cc1nc2c(c(N3CCC3)n1)CN(C(=O)[C@@H]1CCN(c3cnn4ccccc34)C1)C2,EXT_7bd76ea64d79,PAM_pEC50,continuous,6.721246399047171,primary_function,False,WO2025122811A1,ACh EC20,CHO-K1/M4/Galpha15 calcium flux,False,O=C(C1CCN(c2cnn3ccccc23)C1)N1Cc2ncnc(N3CCC3)c2C1,0.2962962962962963,True,-0.07357586,-0.037403155,-0.04937133,0.8641410070868081,6.085572748280423,0.2962962962962963,6.085572748280423
acadia_2025,ACADIA-38,Cc1nc2c(c(N3CCC3)n1)[C@@H](C)N(C(=O)[C@@H]1CCN(c3cncc(Cl)c3)C1)C2,EXT_816ccd62c572,PAM_pEC50,continuous,8.522878745280337,primary_function,False,WO2025122811A1,ACh EC20,CHO-K1/M4/Galpha15 calcium flux,False,O=C(C1CCN(c2cccnc2)C1)N1Cc2ncnc(N3CCC3)c2C1,0.2891566265060241,True,-0.012263489,-0.072303094,-0.102122165,0.8115188350366829,6.08192621388889,0.2891566265060241,6.08192621388889
acadia_2025,ACADIA-35,Cc1nc2c(c(N3CCC3)n1)[C@@H](C)N(C(=O)[C@@H]1CCN(c3cc(C(F)(F)F)ncn3)C1)C2,EXT_85ee3d37b2fc,PAM_pEC50,continuous,8.096910013008056,primary_function,False,WO2025122811A1,ACh EC20,CHO-K1/M4/Galpha15 calcium flux,False,O=C(C1CCN(c2ccncn2)C1)N1Cc2ncnc(N3CCC3)c2C1,0.2976190476190476,True,-0.07883237,-0.07813918,-0.04361574,0.7850827410843018,6.130376586706346,0.2976190476190476,6.130376586706346
acadia_2025,ACADIA-04,COc1cc(N2CC[C@@H](C(=O)N3Cc4nc(C)nc(N5CCC5)c4C3)C2)c(Cl)cn1,EXT_8617ca090f02,PAM_pEC50,continuous,6.6777807052660805,primary_function,False,WO2025122811A1,ACh EC20,CHO-K1/M4/Galpha15 calcium flux,False,O=C(C1CCN(c2ccncc2)C1)N1Cc2ncnc(N3CCC3)c2C1,0.3809523809523809,True,-0.0661869,-0.055442225,-0.09830507,0.6835740952326674,6.100620082473549,0.3809523809523809,6.100620082473549
acadia_2025,ACADIA-49,Cc1cc(N2CC[C@@H](C(=O)N3Cc4nc(C)nc(N5CCC5)c4[C@H]3C)C2)cc(C(F)(F)F)n1,EXT_9210f5354d5e,PAM_pEC50,continuous,7.468521082957745,primary_function,False,WO2025122811A1,ACh EC20,CHO-K1/M4/Galpha15 calcium flux,False,O=C(C1CCN(c2ccncc2)C1)N1Cc2ncnc(N3CCC3)c2C1,0.3068181818181818,True,-0.04319231,-0.017552448,0.02092979,0.7803027470048072,6.114175402380952,0.3068181818181818,6.114175402380952
acadia_2025,ACADIA-07,Cc1nc2c(c(N3CCC3)n1)CN(C(=O)[C@@H]1CCN(c3cncc(OC(F)F)c3)C1)C2,EXT_98eb5d5d711c,PAM_pEC50,continuous,7.494850021680094,primary_function,False,WO2025122811A1,ACh EC20,CHO-K1/M4/Galpha15 calcium flux,False,O=C(C1CCN(c2cccnc2)C1)N1Cc2ncnc(N3CCC3)c2C1,0.3658536585365853,True,0.052909255,0.13915421,0.13816865,0.8598566073759932,6.045581351322754,0.3658536585365853,6.045581351322754
acadia_2025,ACADIA-30,Cc1nc2c(c(N3CCC3)n1)[C@@H](C)N(C(=O)[C@@H]1CCN(c3ccnc(Cl)c3)C1)C2,EXT_9a39855d6495,PAM_pEC50,continuous,8.397940008672037,primary_function,False,WO2025122811A1,ACh EC20,CHO-K1/M4/Galpha15 calcium flux,False,O=C(C1CCN(c2ccncc2)C1)N1Cc2ncnc(N3CCC3)c2C1,0.3103448275862069,True,0.051474344,-0.018258303,-0.050706852,0.794497634440146,6.159234900132275,0.3103448275862069,6.159234900132275
acadia_2025,ACADIA-45,Cc1nc2c(c(N3CCC3)n1)[C@@H](C)N(C(=O)[C@@H]1CCN(c3ncc(Cl)cc3F)C1)C2,EXT_a0eb955ab882,PAM_pEC50,continuous,7.161150909262744,primary_function,False,WO2025122811A1,ACh EC20,CHO-K1/M4/Galpha15 calcium flux,False,O=C(C1CCN(c2ccccn2)C1)N1Cc2ncnc(N3CCC3)c2C1,0.3295454545454545,True,-0.12217703,-0.1524108,-0.18216391,0.7762902966538267,6.175882740013226,0.3295454545454545,6.175882740013226
acadia_2025,ACADIA-34,Cc1nc2c(c(N3CCC3)n1)[C@@H](C)N(C(=O)[C@@H]1CCN(c3ccnc(C#N)n3)C1)C2,EXT_a47e8ef49e2d,PAM_pEC50,continuous,7.744727494896693,primary_function,False,WO2025122811A1,ACh EC20,CHO-K1/M4/Galpha15 calcium flux,False,O=C(C1CCN(c2ccncn2)C1)N1Cc2ncnc(N3CCC3)c2C1,0.2804878048780488,True,0.14116445,0.048386272,0.09332194,0.7887862801382496,6.093573585317456,0.2804878048780488,6.093573585317456
acadia_2025,ACADIA-23,Cc1nc2c(c(N3CCC3)n1)CN(C(=O)[C@@H]1CCN(c3cc(C(F)(F)F)ccn3)C1)C2,EXT_a546e975b504,PAM_pEC50,continuous,6.229147988357855,primary_function,False,WO2025122811A1,ACh EC20,CHO-K1/M4/Galpha15 calcium flux,False,O=C(C1CCN(c2ccccn2)C1)N1Cc2ncnc(N3CCC3)c2C1,0.3529411764705882,True,-0.053879816,-0.0066986205,0.004364544,0.85369149869446,6.107396240873016,0.3529411764705882,6.107396240873016
acadia_2025,ACADIA-17,Cc1nc2c(c(N3CCC3)n1)CN(C(=O)[C@@H]1CCN(c3ncc(Cl)cc3F)C1)C2,EXT_b6d7718bb0bd,PAM_pEC50,continuous,6.3979400086720375,primary_function,False,WO2025122811A1,ACh EC20,CHO-K1/M4/Galpha15 calcium flux,False,O=C(C1CCN(c2ccccn2)C1)N1Cc2ncnc(N3CCC3)c2C1,0.3529411764705882,True,-0.121666245,-0.09902496,-0.13263218,0.8356733701109796,6.193158176917995,0.3529411764705882,6.193158176917995
acadia_2025,ACADIA-32,Cc1nc2c(c(N3CCC3)n1)[C@@H](C)N(C(=O)[C@@H]1CCN(c3ccnc(OC(F)F)c3)C1)C2,EXT_c01a630fa772,PAM_pEC50,continuous,7.744727494896693,primary_function,False,WO2025122811A1,ACh EC20,CHO-K1/M4/Galpha15 calcium flux,False,O=C(C1CCN(c2ccncc2)C1)N1Cc2ncnc(N3CCC3)c2C1,0.4137931034482758,True,0.05233134,0.08626526,0.06748253,0.7974536983960001,6.070708094179895,0.4137931034482758,6.070708094179895
acadia_2025,ACADIA-20,Cc1nc2c(c(N3CCC3)n1)CN(C(=O)[C@@H]1CCN(c3cc(C(F)(F)F)ncn3)C1)C2,EXT_c4a8a074e303,PAM_pEC50,continuous,7.00436480540245,primary_function,False,WO2025122811A1,ACh EC20,CHO-K1/M4/Galpha15 calcium flux,False,O=C(C1CCN(c2ccncn2)C1)N1Cc2ncnc(N3CCC3)c2C1,0.3571428571428571,True,-0.07316235,-0.01969338,0.002435291,0.8405999285741614,6.147238692658731,0.3571428571428571,6.147238692658731
acadia_2025,ACADIA-22,Cc1nc2c(c(N3CCC3)n1)CN(C(=O)[C@@H]1CCN(c3cccc(C(F)(F)F)n3)C1)C2,EXT_d60b0f606c99,PAM_pEC50,continuous,5.568636235841012,primary_function,False,WO2025122811A1,ACh EC20,CHO-K1/M4/Galpha15 calcium flux,False,O=C(C1CCN(c2ccccn2)C1)N1Cc2ncnc(N3CCC3)c2C1,0.3294117647058823,True,-0.02359171,0.022261772,0.041047033,0.8461007096152819,6.037420807142859,0.3294117647058823,6.037420807142859
acadia_2025,ACADIA-40,Cc1nc2c(c(N3CCC3)n1)[C@@H](C)N(C(=O)[C@@H]1CCN(c3ccnc(C(F)F)c3)C1)C2,EXT_d814319665f9,PAM_pEC50,continuous,7.823908740944319,primary_function,False,WO2025122811A1,ACh EC20,CHO-K1/M4/Galpha15 calcium flux,False,O=C(C1CCN(c2ccncc2)C1)N1Cc2ncnc(N3CCC3)c2C1,0.3928571428571428,True,-0.032818507,-0.018965054,0.017768323,0.7556250825491868,6.098597956746033,0.3928571428571428,6.098597956746033
acadia_2025,ACADIA-48,Cc1nc2c(c(N3CCC3)n1)[C@@H](C)N(C(=O)[C@@H]1CCN(c3cnc(C)c(Cl)c3)C1)C2,EXT_d94bd7b88962,PAM_pEC50,continuous,7.221848749616356,primary_function,False,WO2025122811A1,ACh EC20,CHO-K1/M4/Galpha15 calcium flux,False,O=C(C1CCN(c2cccnc2)C1)N1Cc2ncnc(N3CCC3)c2C1,0.275,True,-0.014903009,-0.038788803,-0.07960782,0.7700296610370099,6.148067647023809,0.275,6.148067647023809
acadia_2025,ACADIA-18,Cc1nc2c(c(N3CCC3)n1)CN(C(=O)C1CCN(c3ncc(C#N)cc3Cl)C1)C2,EXT_e08cd008beed,PAM_pEC50,continuous,6.180456064458131,primary_function,False,WO2025122811A1,ACh EC20,CHO-K1/M4/Galpha15 calcium flux,False,O=C(C1CCN(c2ccccn2)C1)N1Cc2ncnc(N3CCC3)c2C1,0.3793103448275862,True,-0.08485646,-0.05554999,-0.049226116,0.8754302428838326,6.1724439117724845,0.3793103448275862,6.1724439117724845
acadia_2025,ACADIA-39,COc1cc(N2CC[C@@H](C(=O)N3Cc4nc(C)nc(N5CCC5)c4[C@H]3C)C2)ccn1,EXT_e425d9e17115,PAM_pEC50,continuous,7.301029995663981,primary_function,False,WO2025122811A1,ACh EC20,CHO-K1/M4/Galpha15 calcium flux,False,O=C(C1CCN(c2ccncc2)C1)N1Cc2ncnc(N3CCC3)c2C1,0.3855421686746988,True,-0.032028925,-0.003123474,-0.008845425,0.7173872183756855,6.080460171891536,0.3855421686746988,6.080460171891536
acadia_2025,ACADIA-15,Cc1nc2c(c(N3CCC3)n1)CN(C(=O)C1CCN(c3cccc(C(F)(F)F)c3C#N)C1)C2,EXT_ec0eeaa02bec,PAM_pEC50,continuous,6.522878745280337,primary_function,False,WO2025122811A1,ACh EC20,CHO-K1/M4/Galpha15 calcium flux,False,O=C(C1CCN(c2ccccc2)C1)N1Cc2ncnc(N3CCC3)c2C1,0.2873563218390804,True,-0.021378607,0.023887469,0.041005135,0.8810634668370403,6.0722779050264535,0.2873563218390804,6.0722779050264535
acadia_2025,ACADIA-09,Cc1nc2c(c(N3CCC3)n1)CN(C(=O)[C@@H]1CCN(c3cncc(C(F)(F)F)c3)C1)C2,EXT_ee4875dfa4fa,PAM_pEC50,continuous,6.853871964321762,primary_function,False,WO2025122811A1,ACh EC20,CHO-K1/M4/Galpha15 calcium flux,False,O=C(C1CCN(c2cccnc2)C1)N1Cc2ncnc(N3CCC3)c2C1,0.345679012345679,True,-0.09411233,-0.040614035,-0.0010868013,0.8374494482229892,6.083577015277778,0.345679012345679,6.083577015277778
acadia_2025,ACADIA-42,CCc1nc2c(c(N3CCC3)n1)CN(C(=O)[C@@H]1CCN(c3cncc(Cl)c3)C1)C2,EXT_ef9fe8b41b15,PAM_pEC50,continuous,7.008773924307505,primary_function,False,WO2025122811A1,ACh EC20,CHO-K1/M4/Galpha15 calcium flux,False,O=C(C1CCN(c2cccnc2)C1)N1Cc2ncnc(N3CCC3)c2C1,0.3333333333333333,True,-0.023331607,-0.06012043,-0.0811936,0.871191872382057,6.268287157319218,0.3333333333333333,6.268287157319218
acadia_2025,ACADIA-12,Cc1nc2c(c(N3CCC3)n1)CN(C(=O)[C@@H]1CCN(c3ccnc(Cl)c3)C1)C2,EXT_f426944f9aae,PAM_pEC50,continuous,7.638272163982407,primary_function,False,WO2025122811A1,ACh EC20,CHO-K1/M4/Galpha15 calcium flux,False,O=C(C1CCN(c2ccncc2)C1)N1Cc2ncnc(N3CCC3)c2C1,0.3766233766233766,True,-0.018402016,-0.0052873134,-0.054635134,0.8528056007181883,6.178928796957675,0.3766233766233766,6.178928796957675
acadia_2025,ACADIA-26,Cc1nc2c(c(N3CCC3)n1)CN(C(=O)C1CCN(c3ccc(C#N)cn3)C1)C2,EXT_000029f4faa2,PAM_relative_efficacy_pct,continuous,78.0,primary_function,False,WO2025122811A1,ACh EC20,CHO-K1/M4/Galpha15 calcium flux,False,O=C(C1CCN(c2ccccn2)C1)N1Cc2ncnc(N3CCC3)c2C1,0.3421052631578947,True,-0.05593091,0.06408721,0.07085537,0.8934710907269092,6.089482263425925,0.3421052631578947,6.089482263425925
acadia_2025,ACADIA-27,Cc1cc(N2CC[C@@H](C(=O)N3Cc4nc(C)nc(N5CCC5)c4C3)C2)cc(C(F)(F)F)n1,EXT_01286faea3a1,PAM_relative_efficacy_pct,continuous,81.0,primary_function,False,WO2025122811A1,ACh EC20,CHO-K1/M4/Galpha15 calcium flux,False,O=C(C1CCN(c2ccncc2)C1)N1Cc2ncnc(N3CCC3)c2C1,0.3950617283950617,True,-0.052245833,0.03684497,0.07645899,0.8383007354275016,6.128976665873016,0.3950617283950617,6.128976665873016
acadia_2025,ACADIA-24,COc1cnc(C(F)(F)F)nc1N1CC[C@@H](C(=O)N2Cc3nc(C)nc(N4CCC4)c3C2)C1,EXT_0917a8d0a313,PAM_relative_efficacy_pct,continuous,41.0,primary_function,False,WO2025122811A1,ACh EC20,CHO-K1/M4/Galpha15 calcium flux,False,O=C(C1CCN(c2ccncn2)C1)N1Cc2ncnc(N3CCC3)c2C1,0.2976190476190476,True,-0.19184634,-0.10593523,-0.09206543,0.6864176354418645,6.042974608465611,0.2976190476190476,6.042974608465611
acadia_2025,ACADIA-10,Cc1nc2c(c(N3CCC3)n1)CN(C(=O)[C@@H]1CCN(c3ccc(C(F)(F)F)nc3)C1)C2,EXT_13710e7ea1e7,PAM_relative_efficacy_pct,continuous,67.0,primary_function,False,WO2025122811A1,ACh EC20,CHO-K1/M4/Galpha15 calcium flux,False,O=C(C1CCN(c2cccnc2)C1)N1Cc2ncnc(N3CCC3)c2C1,0.3658536585365853,True,-0.104924776,-0.04565248,-0.0062836534,0.8275885967066756,6.190525362301589,0.3658536585365853,6.190525362301589
acadia_2025,ACADIA-28,Cc1nc2c(c(N3CCC3)n1)[C@@H](C)N(C(=O)[C@@H]1CCN(c3ccncn3)C1)C2,EXT_1a835110dcc9,PAM_relative_efficacy_pct,continuous,91.0,primary_function,False,WO2025122811A1,ACh EC20,CHO-K1/M4/Galpha15 calcium flux,False,O=C(C1CCN(c2ccncn2)C1)N1Cc2ncnc(N3CCC3)c2C1,0.35,True,-0.018193854,-0.068200134,-0.06818089,0.8217906109622337,6.092226984589944,0.35,6.092226984589944
acadia_2025,ACADIA-31,Cc1nc2c(c(N3CCC3)n1)[C@@H](C)N(C(=O)[C@@H]1CCN(c3ccnc(C(F)(F)F)c3)C1)C2,EXT_2905de14432a,PAM_relative_efficacy_pct,continuous,105.0,primary_function,False,WO2025122811A1,ACh EC20,CHO-K1/M4/Galpha15 calcium flux,False,O=C(C1CCN(c2ccncc2)C1)N1Cc2ncnc(N3CCC3)c2C1,0.3928571428571428,True,-0.009168428,0.0021731735,0.037674237,0.8015564768818092,6.148624736904762,0.3928571428571428,6.148624736904762
acadia_2025,ACADIA-02,Cc1nc2c(c(N3CCC3)n1)CN(C(=O)[C@@H]1CCN(c3ccncn3)C1)C2,EXT_315fb0da682b,PAM_relative_efficacy_pct,continuous,95.0,primary_function,False,WO2025122811A1,ACh EC20,CHO-K1/M4/Galpha15 calcium flux,False,O=C(C1CCN(c2ccncn2)C1)N1Cc2ncnc(N3CCC3)c2C1,0.4520547945205479,True,-0.04995292,-0.072021484,-0.08140465,0.8791862968457969,6.107020713161377,0.4520547945205479,6.107020713161377
acadia_2025,ACADIA-46,Cc1nc2c(c(N3CCC3)n1)[C@@H](C)N(C(=O)[C@@H]1CCN(c3cncc(C(F)(F)F)c3)C1)C2,EXT_34803f8ab265,PAM_relative_efficacy_pct,continuous,91.0,primary_function,False,WO2025122811A1,ACh EC20,CHO-K1/M4/Galpha15 calcium flux,False,O=C(C1CCN(c2cccnc2)C1)N1Cc2ncnc(N3CCC3)c2C1,0.2613636363636363,True,-0.025162255,-0.0019218922,0.0205253,0.7830336369248005,6.065822890674602,0.2613636363636363,6.065822890674602
acadia_2025,ACADIA-03,Cc1nc2c(c(N3CCC3)n1)CN(C(=O)[C@@H]1CCN(c3cc(C(F)(F)F)ncc3Cl)C1)C2,EXT_4547374d64a8,PAM_relative_efficacy_pct,continuous,78.0,primary_function,False,WO2025122811A1,ACh EC20,CHO-K1/M4/Galpha15 calcium flux,False,O=C(C1CCN(c2ccncc2)C1)N1Cc2ncnc(N3CCC3)c2C1,0.3695652173913043,True,-0.04882325,-0.035514254,-0.025208628,0.762784677729303,6.200015377537281,0.3695652173913043,6.200015377537281
acadia_2025,ACADIA-44,Cc1nc2c(c(N3CCC3)n1)[C@@H](C)N(C(=O)[C@@H]1CCN(c3ncc(C#N)cc3Cl)C1)C2,EXT_4d03d1c64df2,PAM_relative_efficacy_pct,continuous,85.0,primary_function,False,WO2025122811A1,ACh EC20,CHO-K1/M4/Galpha15 calcium flux,False,O=C(C1CCN(c2ccccn2)C1)N1Cc2ncnc(N3CCC3)c2C1,0.3555555555555555,True,-0.11914104,-0.13139904,-0.11308507,0.8246289259787433,6.14910368875661,0.3555555555555555,6.14910368875661
acadia_2025,ACADIA-16,Cc1nc2c(c(N3CCC3)n1)CN(C(=O)[C@@H]1CCN(c3cc(Cl)ncc3Cl)C1)C2,EXT_4d7fb338045c,PAM_relative_efficacy_pct,continuous,81.0,primary_function,False,WO2025122811A1,ACh EC20,CHO-K1/M4/Galpha15 calcium flux,False,O=C(C1CCN(c2ccncc2)C1)N1Cc2ncnc(N3CCC3)c2C1,0.35,True,-0.10491611,-0.07413807,-0.12496219,0.7517438360966031,6.301840479785953,0.35,6.301840479785953
acadia_2025,ACADIA-47,Cc1nc2c(c(N3CCC3)n1)[C@@H](C)N(C(=O)[C@@H]1CCN(c3ccc(C(F)(F)F)nc3)C1)C2,EXT_4eb7b3cd94a5,PAM_relative_efficacy_pct,continuous,92.0,primary_function,False,WO2025122811A1,ACh EC20,CHO-K1/M4/Galpha15 calcium flux,False,O=C(C1CCN(c2cccnc2)C1)N1Cc2ncnc(N3CCC3)c2C1,0.3333333333333333,True,-0.048925515,-0.03353889,-0.02222904,0.770650782977262,6.171697533730156,0.3333333333333333,6.171697533730156
acadia_2025,ACADIA-11,COc1cc(N2CC[C@@H](C(=O)N3Cc4nc(C)nc(N5CCC5)c4C3)C2)ccn1,EXT_4ecdf206fc31,PAM_relative_efficacy_pct,continuous,86.0,primary_function,False,WO2025122811A1,ACh EC20,CHO-K1/M4/Galpha15 calcium flux,False,O=C(C1CCN(c2ccncc2)C1)N1Cc2ncnc(N3CCC3)c2C1,0.4868421052631579,True,-0.013135887,0.12299601,0.08136918,0.7806546113016095,6.105831201256615,0.4868421052631579,6.105831201256615
acadia_2025,ACADIA-43,Cc1nc2c(c(N3CCC3)n1)[C@@H](C)N(C(=O)[C@@H]1CCN(c3cc(Cl)ncc3Cl)C1)C2,EXT_53cffbec9d82,PAM_relative_efficacy_pct,continuous,86.0,primary_function,False,WO2025122811A1,ACh EC20,CHO-K1/M4/Galpha15 calcium flux,False,O=C(C1CCN(c2ccncc2)C1)N1Cc2ncnc(N3CCC3)c2C1,0.3414634146341463,True,-0.034662347,-0.08830739,-0.08802924,0.6903344286334754,6.283146959547856,0.3414634146341463,6.283146959547856
acadia_2025,ACADIA-08,Cc1nc2c(c(N3CCC3)n1)CN(C(=O)[C@@H]1CCN(c3ccnc(C(F)F)c3)C1)C2,EXT_546976d4dfaa,PAM_relative_efficacy_pct,continuous,97.0,primary_function,False,WO2025122811A1,ACh EC20,CHO-K1/M4/Galpha15 calcium flux,False,O=C(C1CCN(c2ccncc2)C1)N1Cc2ncnc(N3CCC3)c2C1,0.4935064935064935,True,-0.07910117,-0.028152956,0.0027471066,0.8148010287328669,6.109036962698417,0.4935064935064935,6.109036962698417
acadia_2025,ACADIA-25,Cc1nc2c(c(N3CCC3)n1)CN(C(=O)[C@@H]1CCN(c3nccc(C(F)F)c3F)C1)C2,EXT_58068a2e5f5e,PAM_relative_efficacy_pct,continuous,85.0,primary_function,False,WO2025122811A1,ACh EC20,CHO-K1/M4/Galpha15 calcium flux,False,O=C(C1CCN(c2ccccn2)C1)N1Cc2ncnc(N3CCC3)c2C1,0.3372093023255814,True,-0.122317635,-0.08688426,-0.05441768,0.8688810517605173,6.09090772976191,0.3372093023255814,6.09090772976191
acadia_2025,ACADIA-19,Cc1nc2c(c(N3CCC3)n1)CN(C(=O)[C@@H]1CCN(c3ccnc(C(F)(F)F)n3)C1)C2,EXT_5da32b9f2c57,PAM_relative_efficacy_pct,continuous,74.0,primary_function,False,WO2025122811A1,ACh EC20,CHO-K1/M4/Galpha15 calcium flux,False,O=C(C1CCN(c2ccncn2)C1)N1Cc2ncnc(N3CCC3)c2C1,0.3411764705882353,True,-0.06618937,-0.034043908,0.0077908933,0.8440357203882137,6.108201025396826,0.3411764705882353,6.108201025396826
acadia_2025,ACADIA-06,Cc1nc2c(c(N3CCC3)n1)CN(C(=O)[C@@H]1CCN(c3ccnc(C(F)(F)F)c3)C1)C2,EXT_60d575e49b5e,PAM_relative_efficacy_pct,continuous,92.0,primary_function,False,WO2025122811A1,ACh EC20,CHO-K1/M4/Galpha15 calcium flux,False,O=C(C1CCN(c2ccncc2)C1)N1Cc2ncnc(N3CCC3)c2C1,0.4935064935064935,True,-0.06323188,-0.019058788,0.010828805,0.860288306167281,6.163248001190479,0.4935064935064935,6.163248001190479
acadia_2025,ACADIA-29,Cc1cc(N2CC[C@@H](C(=O)N3Cc4nc(C)nc(N5CCC5)c4C3)C2)cc(C(F)F)n1,EXT_6e7e9d50122d,PAM_relative_efficacy_pct,continuous,100.0,primary_function,False,WO2025122811A1,ACh EC20,CHO-K1/M4/Galpha15 calcium flux,False,O=C(C1CCN(c2ccncc2)C1)N1Cc2ncnc(N3CCC3)c2C1,0.3950617283950617,True,-0.102064826,-0.015730709,0.024822861,0.7979920262867553,6.095334182539682,0.3950617283950617,6.095334182539682
acadia_2025,ACADIA-41,CCc1nc2c(c(N3CCC3)n1)CN(C(=O)[C@@H]1CCN(c3ccnc(Cl)c3)C1)C2,EXT_70e50e97c056,PAM_relative_efficacy_pct,continuous,91.0,primary_function,False,WO2025122811A1,ACh EC20,CHO-K1/M4/Galpha15 calcium flux,False,O=C(C1CCN(c2ccncc2)C1)N1Cc2ncnc(N3CCC3)c2C1,0.3625,True,0.031359803,-0.011900741,-0.069765985,0.8627865319855808,6.2362906033509695,0.3625,6.2362906033509695
acadia_2025,ACADIA-05,Cc1nc2c(c(N3CCC3)n1)CN(C(=O)[C@@H]1CCN(c3ccnc(OC(F)F)c3)C1)C2,EXT_73a35499ea23,PAM_relative_efficacy_pct,continuous,95.0,primary_function,False,WO2025122811A1,ACh EC20,CHO-K1/M4/Galpha15 calcium flux,False,O=C(C1CCN(c2ccncc2)C1)N1Cc2ncnc(N3CCC3)c2C1,0.5125,True,0.008114976,0.075502485,0.06689025,0.8555375820895108,6.080461051322753,0.5125,6.080461051322753
acadia_2025,ACADIA-37,Cc1nc2c(c(N3CCC3)n1)CN(C(=O)[C@@H]1CCN(c3cncc(Cl)c3)C1)C2,EXT_7b08aa8c2446,PAM_relative_efficacy_pct,continuous,93.0,primary_function,False,WO2025122811A1,ACh EC20,CHO-K1/M4/Galpha15 calcium flux,False,O=C(C1CCN(c2cccnc2)C1)N1Cc2ncnc(N3CCC3)c2C1,0.3815789473684211,True,-0.15094714,-0.16723059,-0.18294449,0.8663619385421147,6.103923477777779,0.3815789473684211,6.103923477777779
acadia_2025,ACADIA-14,Cc1nc2c(c(N3CCC3)n1)CN(C(=O)[C@@H]1CCN(c3cnn4ccccc34)C1)C2,EXT_7bd76ea64d79,PAM_relative_efficacy_pct,continuous,73.0,primary_function,False,WO2025122811A1,ACh EC20,CHO-K1/M4/Galpha15 calcium flux,False,O=C(C1CCN(c2cnn3ccccc23)C1)N1Cc2ncnc(N3CCC3)c2C1,0.2962962962962963,True,-0.07357586,-0.037403155,-0.04937133,0.8641410070868081,6.085572748280423,0.2962962962962963,6.085572748280423
acadia_2025,ACADIA-38,Cc1nc2c(c(N3CCC3)n1)[C@@H](C)N(C(=O)[C@@H]1CCN(c3cncc(Cl)c3)C1)C2,EXT_816ccd62c572,PAM_relative_efficacy_pct,continuous,89.0,primary_function,False,WO2025122811A1,ACh EC20,CHO-K1/M4/Galpha15 calcium flux,False,O=C(C1CCN(c2cccnc2)C1)N1Cc2ncnc(N3CCC3)c2C1,0.2891566265060241,True,-0.012263489,-0.072303094,-0.102122165,0.8115188350366829,6.08192621388889,0.2891566265060241,6.08192621388889
acadia_2025,ACADIA-35,Cc1nc2c(c(N3CCC3)n1)[C@@H](C)N(C(=O)[C@@H]1CCN(c3cc(C(F)(F)F)ncn3)C1)C2,EXT_85ee3d37b2fc,PAM_relative_efficacy_pct,continuous,100.0,primary_function,False,WO2025122811A1,ACh EC20,CHO-K1/M4/Galpha15 calcium flux,False,O=C(C1CCN(c2ccncn2)C1)N1Cc2ncnc(N3CCC3)c2C1,0.2976190476190476,True,-0.07883237,-0.07813918,-0.04361574,0.7850827410843018,6.130376586706346,0.2976190476190476,6.130376586706346
acadia_2025,ACADIA-04,COc1cc(N2CC[C@@H](C(=O)N3Cc4nc(C)nc(N5CCC5)c4C3)C2)c(Cl)cn1,EXT_8617ca090f02,PAM_relative_efficacy_pct,continuous,85.0,primary_function,False,WO2025122811A1,ACh EC20,CHO-K1/M4/Galpha15 calcium flux,False,O=C(C1CCN(c2ccncc2)C1)N1Cc2ncnc(N3CCC3)c2C1,0.3809523809523809,True,-0.0661869,-0.055442225,-0.09830507,0.6835740952326674,6.100620082473549,0.3809523809523809,6.100620082473549
acadia_2025,ACADIA-49,Cc1cc(N2CC[C@@H](C(=O)N3Cc4nc(C)nc(N5CCC5)c4[C@H]3C)C2)cc(C(F)(F)F)n1,EXT_9210f5354d5e,PAM_relative_efficacy_pct,continuous,92.0,primary_function,False,WO2025122811A1,ACh EC20,CHO-K1/M4/Galpha15 calcium flux,False,O=C(C1CCN(c2ccncc2)C1)N1Cc2ncnc(N3CCC3)c2C1,0.3068181818181818,True,-0.04319231,-0.017552448,0.02092979,0.7803027470048072,6.114175402380952,0.3068181818181818,6.114175402380952
acadia_2025,ACADIA-07,Cc1nc2c(c(N3CCC3)n1)CN(C(=O)[C@@H]1CCN(c3cncc(OC(F)F)c3)C1)C2,EXT_98eb5d5d711c,PAM_relative_efficacy_pct,continuous,99.0,primary_function,False,WO2025122811A1,ACh EC20,CHO-K1/M4/Galpha15 calcium flux,False,O=C(C1CCN(c2cccnc2)C1)N1Cc2ncnc(N3CCC3)c2C1,0.3658536585365853,True,0.052909255,0.13915421,0.13816865,0.8598566073759932,6.045581351322754,0.3658536585365853,6.045581351322754
acadia_2025,ACADIA-30,Cc1nc2c(c(N3CCC3)n1)[C@@H](C)N(C(=O)[C@@H]1CCN(c3ccnc(Cl)c3)C1)C2,EXT_9a39855d6495,PAM_relative_efficacy_pct,continuous,100.0,primary_function,False,WO2025122811A1,ACh EC20,CHO-K1/M4/Galpha15 calcium flux,False,O=C(C1CCN(c2ccncc2)C1)N1Cc2ncnc(N3CCC3)c2C1,0.3103448275862069,True,0.051474344,-0.018258303,-0.050706852,0.794497634440146,6.159234900132275,0.3103448275862069,6.159234900132275
acadia_2025,ACADIA-45,Cc1nc2c(c(N3CCC3)n1)[C@@H](C)N(C(=O)[C@@H]1CCN(c3ncc(Cl)cc3F)C1)C2,EXT_a0eb955ab882,PAM_relative_efficacy_pct,continuous,89.0,primary_function,False,WO2025122811A1,ACh EC20,CHO-K1/M4/Galpha15 calcium flux,False,O=C(C1CCN(c2ccccn2)C1)N1Cc2ncnc(N3CCC3)c2C1,0.3295454545454545,True,-0.12217703,-0.1524108,-0.18216391,0.7762902966538267,6.175882740013226,0.3295454545454545,6.175882740013226
acadia_2025,ACADIA-34,Cc1nc2c(c(N3CCC3)n1)[C@@H](C)N(C(=O)[C@@H]1CCN(c3ccnc(C#N)n3)C1)C2,EXT_a47e8ef49e2d,PAM_relative_efficacy_pct,continuous,100.0,primary_function,False,WO2025122811A1,ACh EC20,CHO-K1/M4/Galpha15 calcium flux,False,O=C(C1CCN(c2ccncn2)C1)N1Cc2ncnc(N3CCC3)c2C1,0.2804878048780488,True,0.14116445,0.048386272,0.09332194,0.7887862801382496,6.093573585317456,0.2804878048780488,6.093573585317456
acadia_2025,ACADIA-23,Cc1nc2c(c(N3CCC3)n1)CN(C(=O)[C@@H]1CCN(c3cc(C(F)(F)F)ccn3)C1)C2,EXT_a546e975b504,PAM_relative_efficacy_pct,continuous,79.0,primary_function,False,WO2025122811A1,ACh EC20,CHO-K1/M4/Galpha15 calcium flux,False,O=C(C1CCN(c2ccccn2)C1)N1Cc2ncnc(N3CCC3)c2C1,0.3529411764705882,True,-0.053879816,-0.0066986205,0.004364544,0.85369149869446,6.107396240873016,0.3529411764705882,6.107396240873016
acadia_2025,ACADIA-17,Cc1nc2c(c(N3CCC3)n1)CN(C(=O)[C@@H]1CCN(c3ncc(Cl)cc3F)C1)C2,EXT_b6d7718bb0bd,PAM_relative_efficacy_pct,continuous,71.0,primary_function,False,WO2025122811A1,ACh EC20,CHO-K1/M4/Galpha15 calcium flux,False,O=C(C1CCN(c2ccccn2)C1)N1Cc2ncnc(N3CCC3)c2C1,0.3529411764705882,True,-0.121666245,-0.09902496,-0.13263218,0.8356733701109796,6.193158176917995,0.3529411764705882,6.193158176917995
acadia_2025,ACADIA-01,Cc1nc2c(c(N3CCC3)n1)CN(C(=O)[C@H]1CCN(c3ccncn3)C1)C2,EXT_b8878f3db5ab,PAM_relative_efficacy_pct,continuous,34.0,primary_function,False,WO2025122811A1,ACh EC20,CHO-K1/M4/Galpha15 calcium flux,False,O=C(C1CCN(c2ccncn2)C1)N1Cc2ncnc(N3CCC3)c2C1,0.4520547945205479,True,-0.06749182,-0.102169156,-0.10844376,0.8791862968457969,6.107020713161377,0.4520547945205479,6.107020713161377
acadia_2025,ACADIA-32,Cc1nc2c(c(N3CCC3)n1)[C@@H](C)N(C(=O)[C@@H]1CCN(c3ccnc(OC(F)F)c3)C1)C2,EXT_c01a630fa772,PAM_relative_efficacy_pct,continuous,93.0,primary_function,False,WO2025122811A1,ACh EC20,CHO-K1/M4/Galpha15 calcium flux,False,O=C(C1CCN(c2ccncc2)C1)N1Cc2ncnc(N3CCC3)c2C1,0.4137931034482758,True,0.05233134,0.08626526,0.06748253,0.7974536983960001,6.070708094179895,0.4137931034482758,6.070708094179895
acadia_2025,ACADIA-20,Cc1nc2c(c(N3CCC3)n1)CN(C(=O)[C@@H]1CCN(c3cc(C(F)(F)F)ncn3)C1)C2,EXT_c4a8a074e303,PAM_relative_efficacy_pct,continuous,110.0,primary_function,False,WO2025122811A1,ACh EC20,CHO-K1/M4/Galpha15 calcium flux,False,O=C(C1CCN(c2ccncn2)C1)N1Cc2ncnc(N3CCC3)c2C1,0.3571428571428571,True,-0.07316235,-0.01969338,0.002435291,0.8405999285741614,6.147238692658731,0.3571428571428571,6.147238692658731
acadia_2025,ACADIA-22,Cc1nc2c(c(N3CCC3)n1)CN(C(=O)[C@@H]1CCN(c3cccc(C(F)(F)F)n3)C1)C2,EXT_d60b0f606c99,PAM_relative_efficacy_pct,continuous,72.0,primary_function,False,WO2025122811A1,ACh EC20,CHO-K1/M4/Galpha15 calcium flux,False,O=C(C1CCN(c2ccccn2)C1)N1Cc2ncnc(N3CCC3)c2C1,0.3294117647058823,True,-0.02359171,0.022261772,0.041047033,0.8461007096152819,6.037420807142859,0.3294117647058823,6.037420807142859
acadia_2025,ACADIA-40,Cc1nc2c(c(N3CCC3)n1)[C@@H](C)N(C(=O)[C@@H]1CCN(c3ccnc(C(F)F)c3)C1)C2,EXT_d814319665f9,PAM_relative_efficacy_pct,continuous,91.0,primary_function,False,WO2025122811A1,ACh EC20,CHO-K1/M4/Galpha15 calcium flux,False,O=C(C1CCN(c2ccncc2)C1)N1Cc2ncnc(N3CCC3)c2C1,0.3928571428571428,True,-0.032818507,-0.018965054,0.017768323,0.7556250825491868,6.098597956746033,0.3928571428571428,6.098597956746033
acadia_2025,ACADIA-48,Cc1nc2c(c(N3CCC3)n1)[C@@H](C)N(C(=O)[C@@H]1CCN(c3cnc(C)c(Cl)c3)C1)C2,EXT_d94bd7b88962,PAM_relative_efficacy_pct,continuous,92.0,primary_function,False,WO2025122811A1,ACh EC20,CHO-K1/M4/Galpha15 calcium flux,False,O=C(C1CCN(c2cccnc2)C1)N1Cc2ncnc(N3CCC3)c2C1,0.275,True,-0.014903009,-0.038788803,-0.07960782,0.7700296610370099,6.148067647023809,0.275,6.148067647023809
acadia_2025,ACADIA-18,Cc1nc2c(c(N3CCC3)n1)CN(C(=O)C1CCN(c3ncc(C#N)cc3Cl)C1)C2,EXT_e08cd008beed,PAM_relative_efficacy_pct,continuous,74.0,primary_function,False,WO2025122811A1,ACh EC20,CHO-K1/M4/Galpha15 calcium flux,False,O=C(C1CCN(c2ccccn2)C1)N1Cc2ncnc(N3CCC3)c2C1,0.3793103448275862,True,-0.08485646,-0.05554999,-0.049226116,0.8754302428838326,6.1724439117724845,0.3793103448275862,6.1724439117724845
acadia_2025,ACADIA-39,COc1cc(N2CC[C@@H](C(=O)N3Cc4nc(C)nc(N5CCC5)c4[C@H]3C)C2)ccn1,EXT_e425d9e17115,PAM_relative_efficacy_pct,continuous,92.0,primary_function,False,WO2025122811A1,ACh EC20,CHO-K1/M4/Galpha15 calcium flux,False,O=C(C1CCN(c2ccncc2)C1)N1Cc2ncnc(N3CCC3)c2C1,0.3855421686746988,True,-0.032028925,-0.003123474,-0.008845425,0.7173872183756855,6.080460171891536,0.3855421686746988,6.080460171891536
acadia_2025,ACADIA-15,Cc1nc2c(c(N3CCC3)n1)CN(C(=O)C1CCN(c3cccc(C(F)(F)F)c3C#N)C1)C2,EXT_ec0eeaa02bec,PAM_relative_efficacy_pct,continuous,72.0,primary_function,False,WO2025122811A1,ACh EC20,CHO-K1/M4/Galpha15 calcium flux,False,O=C(C1CCN(c2ccccc2)C1)N1Cc2ncnc(N3CCC3)c2C1,0.2873563218390804,True,-0.021378607,0.023887469,0.041005135,0.8810634668370403,6.0722779050264535,0.2873563218390804,6.0722779050264535
acadia_2025,ACADIA-09,Cc1nc2c(c(N3CCC3)n1)CN(C(=O)[C@@H]1CCN(c3cncc(C(F)(F)F)c3)C1)C2,EXT_ee4875dfa4fa,PAM_relative_efficacy_pct,continuous,79.0,primary_function,False,WO2025122811A1,ACh EC20,CHO-K1/M4/Galpha15 calcium flux,False,O=C(C1CCN(c2cccnc2)C1)N1Cc2ncnc(N3CCC3)c2C1,0.345679012345679,True,-0.09411233,-0.040614035,-0.0010868013,0.8374494482229892,6.083577015277778,0.345679012345679,6.083577015277778
acadia_2025,ACADIA-42,CCc1nc2c(c(N3CCC3)n1)CN(C(=O)[C@@H]1CCN(c3cncc(Cl)c3)C1)C2,EXT_ef9fe8b41b15,PAM_relative_efficacy_pct,continuous,78.0,primary_function,False,WO2025122811A1,ACh EC20,CHO-K1/M4/Galpha15 calcium flux,False,O=C(C1CCN(c2cccnc2)C1)N1Cc2ncnc(N3CCC3)c2C1,0.3333333333333333,True,-0.023331607,-0.06012043,-0.0811936,0.871191872382057,6.268287157319218,0.3333333333333333,6.268287157319218
acadia_2025,ACADIA-12,Cc1nc2c(c(N3CCC3)n1)CN(C(=O)[C@@H]1CCN(c3ccnc(Cl)c3)C1)C2,EXT_f426944f9aae,PAM_relative_efficacy_pct,continuous,93.0,primary_function,False,WO2025122811A1,ACh EC20,CHO-K1/M4/Galpha15 calcium flux,False,O=C(C1CCN(c2ccncc2)C1)N1Cc2ncnc(N3CCC3)c2C1,0.3766233766233766,True,-0.018402016,-0.0052873134,-0.054635134,0.8528056007181883,6.178928796957675,0.3766233766233766,6.178928796957675
acadia_2025,ACADIA-26,Cc1nc2c(c(N3CCC3)n1)CN(C(=O)C1CCN(c3ccc(C#N)cn3)C1)C2,EXT_000029f4faa2,intrinsic_agonist_RE_ge_50pct,binary,0.0,liability,False,WO2025122811A1,ACh EC20,CHO-K1/M4/Galpha15 calcium flux,False,O=C(C1CCN(c2ccccn2)C1)N1Cc2ncnc(N3CCC3)c2C1,0.3421052631578947,True,-0.05593091,0.06408721,0.07085537,0.8934710907269092,6.089482263425925,0.3421052631578947,0.8934710907269092
acadia_2025,ACADIA-27,Cc1cc(N2CC[C@@H](C(=O)N3Cc4nc(C)nc(N5CCC5)c4C3)C2)cc(C(F)(F)F)n1,EXT_01286faea3a1,intrinsic_agonist_RE_ge_50pct,binary,0.0,liability,False,WO2025122811A1,ACh EC20,CHO-K1/M4/Galpha15 calcium flux,False,O=C(C1CCN(c2ccncc2)C1)N1Cc2ncnc(N3CCC3)c2C1,0.3950617283950617,True,-0.052245833,0.03684497,0.07645899,0.8383007354275016,6.128976665873016,0.3950617283950617,0.8383007354275016
acadia_2025,ACADIA-24,COc1cnc(C(F)(F)F)nc1N1CC[C@@H](C(=O)N2Cc3nc(C)nc(N4CCC4)c3C2)C1,EXT_0917a8d0a313,intrinsic_agonist_RE_ge_50pct,binary,0.0,liability,False,WO2025122811A1,ACh EC20,CHO-K1/M4/Galpha15 calcium flux,False,O=C(C1CCN(c2ccncn2)C1)N1Cc2ncnc(N3CCC3)c2C1,0.2976190476190476,True,-0.19184634,-0.10593523,-0.09206543,0.6864176354418645,6.042974608465611,0.2976190476190476,0.6864176354418645
acadia_2025,ACADIA-10,Cc1nc2c(c(N3CCC3)n1)CN(C(=O)[C@@H]1CCN(c3ccc(C(F)(F)F)nc3)C1)C2,EXT_13710e7ea1e7,intrinsic_agonist_RE_ge_50pct,binary,0.0,liability,False,WO2025122811A1,ACh EC20,CHO-K1/M4/Galpha15 calcium flux,False,O=C(C1CCN(c2cccnc2)C1)N1Cc2ncnc(N3CCC3)c2C1,0.3658536585365853,True,-0.104924776,-0.04565248,-0.0062836534,0.8275885967066756,6.190525362301589,0.3658536585365853,0.8275885967066756
acadia_2025,ACADIA-28,Cc1nc2c(c(N3CCC3)n1)[C@@H](C)N(C(=O)[C@@H]1CCN(c3ccncn3)C1)C2,EXT_1a835110dcc9,intrinsic_agonist_RE_ge_50pct,binary,1.0,liability,False,WO2025122811A1,ACh EC20,CHO-K1/M4/Galpha15 calcium flux,False,O=C(C1CCN(c2ccncn2)C1)N1Cc2ncnc(N3CCC3)c2C1,0.35,True,-0.018193854,-0.068200134,-0.06818089,0.8217906109622337,6.092226984589944,0.35,0.8217906109622337
acadia_2025,ACADIA-31,Cc1nc2c(c(N3CCC3)n1)[C@@H](C)N(C(=O)[C@@H]1CCN(c3ccnc(C(F)(F)F)c3)C1)C2,EXT_2905de14432a,intrinsic_agonist_RE_ge_50pct,binary,1.0,liability,False,WO2025122811A1,ACh EC20,CHO-K1/M4/Galpha15 calcium flux,False,O=C(C1CCN(c2ccncc2)C1)N1Cc2ncnc(N3CCC3)c2C1,0.3928571428571428,True,-0.009168428,0.0021731735,0.037674237,0.8015564768818092,6.148624736904762,0.3928571428571428,0.8015564768818092
acadia_2025,ACADIA-02,Cc1nc2c(c(N3CCC3)n1)CN(C(=O)[C@@H]1CCN(c3ccncn3)C1)C2,EXT_315fb0da682b,intrinsic_agonist_RE_ge_50pct,binary,0.0,liability,False,WO2025122811A1,ACh EC20,CHO-K1/M4/Galpha15 calcium flux,False,O=C(C1CCN(c2ccncn2)C1)N1Cc2ncnc(N3CCC3)c2C1,0.4520547945205479,True,-0.04995292,-0.072021484,-0.08140465,0.8791862968457969,6.107020713161377,0.4520547945205479,0.8791862968457969
acadia_2025,ACADIA-46,Cc1nc2c(c(N3CCC3)n1)[C@@H](C)N(C(=O)[C@@H]1CCN(c3cncc(C(F)(F)F)c3)C1)C2,EXT_34803f8ab265,intrinsic_agonist_RE_ge_50pct,binary,0.0,liability,False,WO2025122811A1,ACh EC20,CHO-K1/M4/Galpha15 calcium flux,False,O=C(C1CCN(c2cccnc2)C1)N1Cc2ncnc(N3CCC3)c2C1,0.2613636363636363,True,-0.025162255,-0.0019218922,0.0205253,0.7830336369248005,6.065822890674602,0.2613636363636363,0.7830336369248005
acadia_2025,ACADIA-03,Cc1nc2c(c(N3CCC3)n1)CN(C(=O)[C@@H]1CCN(c3cc(C(F)(F)F)ncc3Cl)C1)C2,EXT_4547374d64a8,intrinsic_agonist_RE_ge_50pct,binary,0.0,liability,False,WO2025122811A1,ACh EC20,CHO-K1/M4/Galpha15 calcium flux,False,O=C(C1CCN(c2ccncc2)C1)N1Cc2ncnc(N3CCC3)c2C1,0.3695652173913043,True,-0.04882325,-0.035514254,-0.025208628,0.762784677729303,6.200015377537281,0.3695652173913043,0.762784677729303
acadia_2025,ACADIA-44,Cc1nc2c(c(N3CCC3)n1)[C@@H](C)N(C(=O)[C@@H]1CCN(c3ncc(C#N)cc3Cl)C1)C2,EXT_4d03d1c64df2,intrinsic_agonist_RE_ge_50pct,binary,0.0,liability,False,WO2025122811A1,ACh EC20,CHO-K1/M4/Galpha15 calcium flux,False,O=C(C1CCN(c2ccccn2)C1)N1Cc2ncnc(N3CCC3)c2C1,0.3555555555555555,True,-0.11914104,-0.13139904,-0.11308507,0.8246289259787433,6.14910368875661,0.3555555555555555,0.8246289259787433
acadia_2025,ACADIA-16,Cc1nc2c(c(N3CCC3)n1)CN(C(=O)[C@@H]1CCN(c3cc(Cl)ncc3Cl)C1)C2,EXT_4d7fb338045c,intrinsic_agonist_RE_ge_50pct,binary,0.0,liability,False,WO2025122811A1,ACh EC20,CHO-K1/M4/Galpha15 calcium flux,False,O=C(C1CCN(c2ccncc2)C1)N1Cc2ncnc(N3CCC3)c2C1,0.35,True,-0.10491611,-0.07413807,-0.12496219,0.7517438360966031,6.301840479785953,0.35,0.7517438360966031
acadia_2025,ACADIA-47,Cc1nc2c(c(N3CCC3)n1)[C@@H](C)N(C(=O)[C@@H]1CCN(c3ccc(C(F)(F)F)nc3)C1)C2,EXT_4eb7b3cd94a5,intrinsic_agonist_RE_ge_50pct,binary,0.0,liability,False,WO2025122811A1,ACh EC20,CHO-K1/M4/Galpha15 calcium flux,False,O=C(C1CCN(c2cccnc2)C1)N1Cc2ncnc(N3CCC3)c2C1,0.3333333333333333,True,-0.048925515,-0.03353889,-0.02222904,0.770650782977262,6.171697533730156,0.3333333333333333,0.770650782977262
acadia_2025,ACADIA-11,COc1cc(N2CC[C@@H](C(=O)N3Cc4nc(C)nc(N5CCC5)c4C3)C2)ccn1,EXT_4ecdf206fc31,intrinsic_agonist_RE_ge_50pct,binary,0.0,liability,False,WO2025122811A1,ACh EC20,CHO-K1/M4/Galpha15 calcium flux,False,O=C(C1CCN(c2ccncc2)C1)N1Cc2ncnc(N3CCC3)c2C1,0.4868421052631579,True,-0.013135887,0.12299601,0.08136918,0.7806546113016095,6.105831201256615,0.4868421052631579,0.7806546113016095
acadia_2025,ACADIA-43,Cc1nc2c(c(N3CCC3)n1)[C@@H](C)N(C(=O)[C@@H]1CCN(c3cc(Cl)ncc3Cl)C1)C2,EXT_53cffbec9d82,intrinsic_agonist_RE_ge_50pct,binary,0.0,liability,False,WO2025122811A1,ACh EC20,CHO-K1/M4/Galpha15 calcium flux,False,O=C(C1CCN(c2ccncc2)C1)N1Cc2ncnc(N3CCC3)c2C1,0.3414634146341463,True,-0.034662347,-0.08830739,-0.08802924,0.6903344286334754,6.283146959547856,0.3414634146341463,0.6903344286334754
acadia_2025,ACADIA-08,Cc1nc2c(c(N3CCC3)n1)CN(C(=O)[C@@H]1CCN(c3ccnc(C(F)F)c3)C1)C2,EXT_546976d4dfaa,intrinsic_agonist_RE_ge_50pct,binary,0.0,liability,False,WO2025122811A1,ACh EC20,CHO-K1/M4/Galpha15 calcium flux,False,O=C(C1CCN(c2ccncc2)C1)N1Cc2ncnc(N3CCC3)c2C1,0.4935064935064935,True,-0.07910117,-0.028152956,0.0027471066,0.8148010287328669,6.109036962698417,0.4935064935064935,0.8148010287328669
acadia_2025,ACADIA-25,Cc1nc2c(c(N3CCC3)n1)CN(C(=O)[C@@H]1CCN(c3nccc(C(F)F)c3F)C1)C2,EXT_58068a2e5f5e,intrinsic_agonist_RE_ge_50pct,binary,0.0,liability,False,WO2025122811A1,ACh EC20,CHO-K1/M4/Galpha15 calcium flux,False,O=C(C1CCN(c2ccccn2)C1)N1Cc2ncnc(N3CCC3)c2C1,0.3372093023255814,True,-0.122317635,-0.08688426,-0.05441768,0.8688810517605173,6.09090772976191,0.3372093023255814,0.8688810517605173
acadia_2025,ACADIA-19,Cc1nc2c(c(N3CCC3)n1)CN(C(=O)[C@@H]1CCN(c3ccnc(C(F)(F)F)n3)C1)C2,EXT_5da32b9f2c57,intrinsic_agonist_RE_ge_50pct,binary,0.0,liability,False,WO2025122811A1,ACh EC20,CHO-K1/M4/Galpha15 calcium flux,False,O=C(C1CCN(c2ccncn2)C1)N1Cc2ncnc(N3CCC3)c2C1,0.3411764705882353,True,-0.06618937,-0.034043908,0.0077908933,0.8440357203882137,6.108201025396826,0.3411764705882353,0.8440357203882137
acadia_2025,ACADIA-06,Cc1nc2c(c(N3CCC3)n1)CN(C(=O)[C@@H]1CCN(c3ccnc(C(F)(F)F)c3)C1)C2,EXT_60d575e49b5e,intrinsic_agonist_RE_ge_50pct,binary,0.0,liability,False,WO2025122811A1,ACh EC20,CHO-K1/M4/Galpha15 calcium flux,False,O=C(C1CCN(c2ccncc2)C1)N1Cc2ncnc(N3CCC3)c2C1,0.4935064935064935,True,-0.06323188,-0.019058788,0.010828805,0.860288306167281,6.163248001190479,0.4935064935064935,0.860288306167281
acadia_2025,ACADIA-29,Cc1cc(N2CC[C@@H](C(=O)N3Cc4nc(C)nc(N5CCC5)c4C3)C2)cc(C(F)F)n1,EXT_6e7e9d50122d,intrinsic_agonist_RE_ge_50pct,binary,1.0,liability,False,WO2025122811A1,ACh EC20,CHO-K1/M4/Galpha15 calcium flux,False,O=C(C1CCN(c2ccncc2)C1)N1Cc2ncnc(N3CCC3)c2C1,0.3950617283950617,True,-0.102064826,-0.015730709,0.024822861,0.7979920262867553,6.095334182539682,0.3950617283950617,0.7979920262867553
acadia_2025,ACADIA-41,CCc1nc2c(c(N3CCC3)n1)CN(C(=O)[C@@H]1CCN(c3ccnc(Cl)c3)C1)C2,EXT_70e50e97c056,intrinsic_agonist_RE_ge_50pct,binary,0.0,liability,False,WO2025122811A1,ACh EC20,CHO-K1/M4/Galpha15 calcium flux,False,O=C(C1CCN(c2ccncc2)C1)N1Cc2ncnc(N3CCC3)c2C1,0.3625,True,0.031359803,-0.011900741,-0.069765985,0.8627865319855808,6.2362906033509695,0.3625,0.8627865319855808
acadia_2025,ACADIA-05,Cc1nc2c(c(N3CCC3)n1)CN(C(=O)[C@@H]1CCN(c3ccnc(OC(F)F)c3)C1)C2,EXT_73a35499ea23,intrinsic_agonist_RE_ge_50pct,binary,0.0,liability,False,WO2025122811A1,ACh EC20,CHO-K1/M4/Galpha15 calcium flux,False,O=C(C1CCN(c2ccncc2)C1)N1Cc2ncnc(N3CCC3)c2C1,0.5125,True,0.008114976,0.075502485,0.06689025,0.8555375820895108,6.080461051322753,0.5125,0.8555375820895108
acadia_2025,ACADIA-37,Cc1nc2c(c(N3CCC3)n1)CN(C(=O)[C@@H]1CCN(c3cncc(Cl)c3)C1)C2,EXT_7b08aa8c2446,intrinsic_agonist_RE_ge_50pct,binary,0.0,liability,False,WO2025122811A1,ACh EC20,CHO-K1/M4/Galpha15 calcium flux,False,O=C(C1CCN(c2cccnc2)C1)N1Cc2ncnc(N3CCC3)c2C1,0.3815789473684211,True,-0.15094714,-0.16723059,-0.18294449,0.8663619385421147,6.103923477777779,0.3815789473684211,0.8663619385421147
acadia_2025,ACADIA-14,Cc1nc2c(c(N3CCC3)n1)CN(C(=O)[C@@H]1CCN(c3cnn4ccccc34)C1)C2,EXT_7bd76ea64d79,intrinsic_agonist_RE_ge_50pct,binary,0.0,liability,False,WO2025122811A1,ACh EC20,CHO-K1/M4/Galpha15 calcium flux,False,O=C(C1CCN(c2cnn3ccccc23)C1)N1Cc2ncnc(N3CCC3)c2C1,0.2962962962962963,True,-0.07357586,-0.037403155,-0.04937133,0.8641410070868081,6.085572748280423,0.2962962962962963,0.8641410070868081
acadia_2025,ACADIA-38,Cc1nc2c(c(N3CCC3)n1)[C@@H](C)N(C(=O)[C@@H]1CCN(c3cncc(Cl)c3)C1)C2,EXT_816ccd62c572,intrinsic_agonist_RE_ge_50pct,binary,1.0,liability,False,WO2025122811A1,ACh EC20,CHO-K1/M4/Galpha15 calcium flux,False,O=C(C1CCN(c2cccnc2)C1)N1Cc2ncnc(N3CCC3)c2C1,0.2891566265060241,True,-0.012263489,-0.072303094,-0.102122165,0.8115188350366829,6.08192621388889,0.2891566265060241,0.8115188350366829
acadia_2025,ACADIA-35,Cc1nc2c(c(N3CCC3)n1)[C@@H](C)N(C(=O)[C@@H]1CCN(c3cc(C(F)(F)F)ncn3)C1)C2,EXT_85ee3d37b2fc,intrinsic_agonist_RE_ge_50pct,binary,1.0,liability,False,WO2025122811A1,ACh EC20,CHO-K1/M4/Galpha15 calcium flux,False,O=C(C1CCN(c2ccncn2)C1)N1Cc2ncnc(N3CCC3)c2C1,0.2976190476190476,True,-0.07883237,-0.07813918,-0.04361574,0.7850827410843018,6.130376586706346,0.2976190476190476,0.7850827410843018
acadia_2025,ACADIA-04,COc1cc(N2CC[C@@H](C(=O)N3Cc4nc(C)nc(N5CCC5)c4C3)C2)c(Cl)cn1,EXT_8617ca090f02,intrinsic_agonist_RE_ge_50pct,binary,0.0,liability,False,WO2025122811A1,ACh EC20,CHO-K1/M4/Galpha15 calcium flux,False,O=C(C1CCN(c2ccncc2)C1)N1Cc2ncnc(N3CCC3)c2C1,0.3809523809523809,True,-0.0661869,-0.055442225,-0.09830507,0.6835740952326674,6.100620082473549,0.3809523809523809,0.6835740952326674
acadia_2025,ACADIA-49,Cc1cc(N2CC[C@@H](C(=O)N3Cc4nc(C)nc(N5CCC5)c4[C@H]3C)C2)cc(C(F)(F)F)n1,EXT_9210f5354d5e,intrinsic_agonist_RE_ge_50pct,binary,0.0,liability,False,WO2025122811A1,ACh EC20,CHO-K1/M4/Galpha15 calcium flux,False,O=C(C1CCN(c2ccncc2)C1)N1Cc2ncnc(N3CCC3)c2C1,0.3068181818181818,True,-0.04319231,-0.017552448,0.02092979,0.7803027470048072,6.114175402380952,0.3068181818181818,0.7803027470048072
acadia_2025,ACADIA-07,Cc1nc2c(c(N3CCC3)n1)CN(C(=O)[C@@H]1CCN(c3cncc(OC(F)F)c3)C1)C2,EXT_98eb5d5d711c,intrinsic_agonist_RE_ge_50pct,binary,1.0,liability,False,WO2025122811A1,ACh EC20,CHO-K1/M4/Galpha15 calcium flux,False,O=C(C1CCN(c2cccnc2)C1)N1Cc2ncnc(N3CCC3)c2C1,0.3658536585365853,True,0.052909255,0.13915421,0.13816865,0.8598566073759932,6.045581351322754,0.3658536585365853,0.8598566073759932
acadia_2025,ACADIA-30,Cc1nc2c(c(N3CCC3)n1)[C@@H](C)N(C(=O)[C@@H]1CCN(c3ccnc(Cl)c3)C1)C2,EXT_9a39855d6495,intrinsic_agonist_RE_ge_50pct,binary,1.0,liability,False,WO2025122811A1,ACh EC20,CHO-K1/M4/Galpha15 calcium flux,False,O=C(C1CCN(c2ccncc2)C1)N1Cc2ncnc(N3CCC3)c2C1,0.3103448275862069,True,0.051474344,-0.018258303,-0.050706852,0.794497634440146,6.159234900132275,0.3103448275862069,0.794497634440146
acadia_2025,ACADIA-45,Cc1nc2c(c(N3CCC3)n1)[C@@H](C)N(C(=O)[C@@H]1CCN(c3ncc(Cl)cc3F)C1)C2,EXT_a0eb955ab882,intrinsic_agonist_RE_ge_50pct,binary,0.0,liability,False,WO2025122811A1,ACh EC20,CHO-K1/M4/Galpha15 calcium flux,False,O=C(C1CCN(c2ccccn2)C1)N1Cc2ncnc(N3CCC3)c2C1,0.3295454545454545,True,-0.12217703,-0.1524108,-0.18216391,0.7762902966538267,6.175882740013226,0.3295454545454545,0.7762902966538267
acadia_2025,ACADIA-34,Cc1nc2c(c(N3CCC3)n1)[C@@H](C)N(C(=O)[C@@H]1CCN(c3ccnc(C#N)n3)C1)C2,EXT_a47e8ef49e2d,intrinsic_agonist_RE_ge_50pct,binary,1.0,liability,False,WO2025122811A1,ACh EC20,CHO-K1/M4/Galpha15 calcium flux,False,O=C(C1CCN(c2ccncn2)C1)N1Cc2ncnc(N3CCC3)c2C1,0.2804878048780488,True,0.14116445,0.048386272,0.09332194,0.7887862801382496,6.093573585317456,0.2804878048780488,0.7887862801382496
acadia_2025,ACADIA-23,Cc1nc2c(c(N3CCC3)n1)CN(C(=O)[C@@H]1CCN(c3cc(C(F)(F)F)ccn3)C1)C2,EXT_a546e975b504,intrinsic_agonist_RE_ge_50pct,binary,0.0,liability,False,WO2025122811A1,ACh EC20,CHO-K1/M4/Galpha15 calcium flux,False,O=C(C1CCN(c2ccccn2)C1)N1Cc2ncnc(N3CCC3)c2C1,0.3529411764705882,True,-0.053879816,-0.0066986205,0.004364544,0.85369149869446,6.107396240873016,0.3529411764705882,0.85369149869446
acadia_2025,ACADIA-17,Cc1nc2c(c(N3CCC3)n1)CN(C(=O)[C@@H]1CCN(c3ncc(Cl)cc3F)C1)C2,EXT_b6d7718bb0bd,intrinsic_agonist_RE_ge_50pct,binary,0.0,liability,False,WO2025122811A1,ACh EC20,CHO-K1/M4/Galpha15 calcium flux,False,O=C(C1CCN(c2ccccn2)C1)N1Cc2ncnc(N3CCC3)c2C1,0.3529411764705882,True,-0.121666245,-0.09902496,-0.13263218,0.8356733701109796,6.193158176917995,0.3529411764705882,0.8356733701109796
acadia_2025,ACADIA-01,Cc1nc2c(c(N3CCC3)n1)CN(C(=O)[C@H]1CCN(c3ccncn3)C1)C2,EXT_b8878f3db5ab,intrinsic_agonist_RE_ge_50pct,binary,0.0,liability,False,WO2025122811A1,ACh EC20,CHO-K1/M4/Galpha15 calcium flux,False,O=C(C1CCN(c2ccncn2)C1)N1Cc2ncnc(N3CCC3)c2C1,0.4520547945205479,True,-0.06749182,-0.102169156,-0.10844376,0.8791862968457969,6.107020713161377,0.4520547945205479,0.8791862968457969
acadia_2025,ACADIA-32,Cc1nc2c(c(N3CCC3)n1)[C@@H](C)N(C(=O)[C@@H]1CCN(c3ccnc(OC(F)F)c3)C1)C2,EXT_c01a630fa772,intrinsic_agonist_RE_ge_50pct,binary,0.0,liability,False,WO2025122811A1,ACh EC20,CHO-K1/M4/Galpha15 calcium flux,False,O=C(C1CCN(c2ccncc2)C1)N1Cc2ncnc(N3CCC3)c2C1,0.4137931034482758,True,0.05233134,0.08626526,0.06748253,0.7974536983960001,6.070708094179895,0.4137931034482758,0.7974536983960001
acadia_2025,ACADIA-20,Cc1nc2c(c(N3CCC3)n1)CN(C(=O)[C@@H]1CCN(c3cc(C(F)(F)F)ncn3)C1)C2,EXT_c4a8a074e303,intrinsic_agonist_RE_ge_50pct,binary,0.0,liability,False,WO2025122811A1,ACh EC20,CHO-K1/M4/Galpha15 calcium flux,False,O=C(C1CCN(c2ccncn2)C1)N1Cc2ncnc(N3CCC3)c2C1,0.3571428571428571,True,-0.07316235,-0.01969338,0.002435291,0.8405999285741614,6.147238692658731,0.3571428571428571,0.8405999285741614
acadia_2025,ACADIA-22,Cc1nc2c(c(N3CCC3)n1)CN(C(=O)[C@@H]1CCN(c3cccc(C(F)(F)F)n3)C1)C2,EXT_d60b0f606c99,intrinsic_agonist_RE_ge_50pct,binary,0.0,liability,False,WO2025122811A1,ACh EC20,CHO-K1/M4/Galpha15 calcium flux,False,O=C(C1CCN(c2ccccn2)C1)N1Cc2ncnc(N3CCC3)c2C1,0.3294117647058823,True,-0.02359171,0.022261772,0.041047033,0.8461007096152819,6.037420807142859,0.3294117647058823,0.8461007096152819
acadia_2025,ACADIA-40,Cc1nc2c(c(N3CCC3)n1)[C@@H](C)N(C(=O)[C@@H]1CCN(c3ccnc(C(F)F)c3)C1)C2,EXT_d814319665f9,intrinsic_agonist_RE_ge_50pct,binary,0.0,liability,False,WO2025122811A1,ACh EC20,CHO-K1/M4/Galpha15 calcium flux,False,O=C(C1CCN(c2ccncc2)C1)N1Cc2ncnc(N3CCC3)c2C1,0.3928571428571428,True,-0.032818507,-0.018965054,0.017768323,0.7556250825491868,6.098597956746033,0.3928571428571428,0.7556250825491868
acadia_2025,ACADIA-48,Cc1nc2c(c(N3CCC3)n1)[C@@H](C)N(C(=O)[C@@H]1CCN(c3cnc(C)c(Cl)c3)C1)C2,EXT_d94bd7b88962,intrinsic_agonist_RE_ge_50pct,binary,0.0,liability,False,WO2025122811A1,ACh EC20,CHO-K1/M4/Galpha15 calcium flux,False,O=C(C1CCN(c2cccnc2)C1)N1Cc2ncnc(N3CCC3)c2C1,0.275,True,-0.014903009,-0.038788803,-0.07960782,0.7700296610370099,6.148067647023809,0.275,0.7700296610370099
acadia_2025,ACADIA-18,Cc1nc2c(c(N3CCC3)n1)CN(C(=O)C1CCN(c3ncc(C#N)cc3Cl)C1)C2,EXT_e08cd008beed,intrinsic_agonist_RE_ge_50pct,binary,0.0,liability,False,WO2025122811A1,ACh EC20,CHO-K1/M4/Galpha15 calcium flux,False,O=C(C1CCN(c2ccccn2)C1)N1Cc2ncnc(N3CCC3)c2C1,0.3793103448275862,True,-0.08485646,-0.05554999,-0.049226116,0.8754302428838326,6.1724439117724845,0.3793103448275862,0.8754302428838326
acadia_2025,ACADIA-39,COc1cc(N2CC[C@@H](C(=O)N3Cc4nc(C)nc(N5CCC5)c4[C@H]3C)C2)ccn1,EXT_e425d9e17115,intrinsic_agonist_RE_ge_50pct,binary,0.0,liability,False,WO2025122811A1,ACh EC20,CHO-K1/M4/Galpha15 calcium flux,False,O=C(C1CCN(c2ccncc2)C1)N1Cc2ncnc(N3CCC3)c2C1,0.3855421686746988,True,-0.032028925,-0.003123474,-0.008845425,0.7173872183756855,6.080460171891536,0.3855421686746988,0.7173872183756855
acadia_2025,ACADIA-15,Cc1nc2c(c(N3CCC3)n1)CN(C(=O)C1CCN(c3cccc(C(F)(F)F)c3C#N)C1)C2,EXT_ec0eeaa02bec,intrinsic_agonist_RE_ge_50pct,binary,0.0,liability,False,WO2025122811A1,ACh EC20,CHO-K1/M4/Galpha15 calcium flux,False,O=C(C1CCN(c2ccccc2)C1)N1Cc2ncnc(N3CCC3)c2C1,0.2873563218390804,True,-0.021378607,0.023887469,0.041005135,0.8810634668370403,6.0722779050264535,0.2873563218390804,0.8810634668370403
acadia_2025,ACADIA-09,Cc1nc2c(c(N3CCC3)n1)CN(C(=O)[C@@H]1CCN(c3cncc(C(F)(F)F)c3)C1)C2,EXT_ee4875dfa4fa,intrinsic_agonist_RE_ge_50pct,binary,0.0,liability,False,WO2025122811A1,ACh EC20,CHO-K1/M4/Galpha15 calcium flux,False,O=C(C1CCN(c2cccnc2)C1)N1Cc2ncnc(N3CCC3)c2C1,0.345679012345679,True,-0.09411233,-0.040614035,-0.0010868013,0.8374494482229892,6.083577015277778,0.345679012345679,0.8374494482229892
acadia_2025,ACADIA-42,CCc1nc2c(c(N3CCC3)n1)CN(C(=O)[C@@H]1CCN(c3cncc(Cl)c3)C1)C2,EXT_ef9fe8b41b15,intrinsic_agonist_RE_ge_50pct,binary,0.0,liability,False,WO2025122811A1,ACh EC20,CHO-K1/M4/Galpha15 calcium flux,False,O=C(C1CCN(c2cccnc2)C1)N1Cc2ncnc(N3CCC3)c2C1,0.3333333333333333,True,-0.023331607,-0.06012043,-0.0811936,0.871191872382057,6.268287157319218,0.3333333333333333,0.871191872382057
acadia_2025,ACADIA-12,Cc1nc2c(c(N3CCC3)n1)CN(C(=O)[C@@H]1CCN(c3ccnc(Cl)c3)C1)C2,EXT_f426944f9aae,intrinsic_agonist_RE_ge_50pct,binary,0.0,liability,False,WO2025122811A1,ACh EC20,CHO-K1/M4/Galpha15 calcium flux,False,O=C(C1CCN(c2ccncc2)C1)N1Cc2ncnc(N3CCC3)c2C1,0.3766233766233766,True,-0.018402016,-0.0052873134,-0.054635134,0.8528056007181883,6.178928796957675,0.3766233766233766,0.8528056007181883
acadia_2025,ACADIA-26,Cc1nc2c(c(N3CCC3)n1)CN(C(=O)C1CCN(c3ccc(C#N)cn3)C1)C2,EXT_000029f4faa2,intrinsic_agonist_RE_pct,continuous,1.0,liability,False,WO2025122811A1,ACh EC20,CHO-K1/M4/Galpha15 calcium flux,False,O=C(C1CCN(c2ccccn2)C1)N1Cc2ncnc(N3CCC3)c2C1,0.3421052631578947,True,-0.05593091,0.06408721,0.07085537,0.8934710907269092,6.089482263425925,0.3421052631578947,6.089482263425925
acadia_2025,ACADIA-27,Cc1cc(N2CC[C@@H](C(=O)N3Cc4nc(C)nc(N5CCC5)c4C3)C2)cc(C(F)(F)F)n1,EXT_01286faea3a1,intrinsic_agonist_RE_pct,continuous,37.0,liability,False,WO2025122811A1,ACh EC20,CHO-K1/M4/Galpha15 calcium flux,False,O=C(C1CCN(c2ccncc2)C1)N1Cc2ncnc(N3CCC3)c2C1,0.3950617283950617,True,-0.052245833,0.03684497,0.07645899,0.8383007354275016,6.128976665873016,0.3950617283950617,6.128976665873016
acadia_2025,ACADIA-24,COc1cnc(C(F)(F)F)nc1N1CC[C@@H](C(=O)N2Cc3nc(C)nc(N4CCC4)c3C2)C1,EXT_0917a8d0a313,intrinsic_agonist_RE_pct,continuous,3.0,liability,False,WO2025122811A1,ACh EC20,CHO-K1/M4/Galpha15 calcium flux,False,O=C(C1CCN(c2ccncn2)C1)N1Cc2ncnc(N3CCC3)c2C1,0.2976190476190476,True,-0.19184634,-0.10593523,-0.09206543,0.6864176354418645,6.042974608465611,0.2976190476190476,6.042974608465611
acadia_2025,ACADIA-10,Cc1nc2c(c(N3CCC3)n1)CN(C(=O)[C@@H]1CCN(c3ccc(C(F)(F)F)nc3)C1)C2,EXT_13710e7ea1e7,intrinsic_agonist_RE_pct,continuous,2.0,liability,False,WO2025122811A1,ACh EC20,CHO-K1/M4/Galpha15 calcium flux,False,O=C(C1CCN(c2cccnc2)C1)N1Cc2ncnc(N3CCC3)c2C1,0.3658536585365853,True,-0.104924776,-0.04565248,-0.0062836534,0.8275885967066756,6.190525362301589,0.3658536585365853,6.190525362301589
acadia_2025,ACADIA-28,Cc1nc2c(c(N3CCC3)n1)[C@@H](C)N(C(=O)[C@@H]1CCN(c3ccncn3)C1)C2,EXT_1a835110dcc9,intrinsic_agonist_RE_pct,continuous,88.0,liability,False,WO2025122811A1,ACh EC20,CHO-K1/M4/Galpha15 calcium flux,False,O=C(C1CCN(c2ccncn2)C1)N1Cc2ncnc(N3CCC3)c2C1,0.35,True,-0.018193854,-0.068200134,-0.06818089,0.8217906109622337,6.092226984589944,0.35,6.092226984589944
acadia_2025,ACADIA-31,Cc1nc2c(c(N3CCC3)n1)[C@@H](C)N(C(=O)[C@@H]1CCN(c3ccnc(C(F)(F)F)c3)C1)C2,EXT_2905de14432a,intrinsic_agonist_RE_pct,continuous,78.0,liability,False,WO2025122811A1,ACh EC20,CHO-K1/M4/Galpha15 calcium flux,False,O=C(C1CCN(c2ccncc2)C1)N1Cc2ncnc(N3CCC3)c2C1,0.3928571428571428,True,-0.009168428,0.0021731735,0.037674237,0.8015564768818092,6.148624736904762,0.3928571428571428,6.148624736904762
acadia_2025,ACADIA-02,Cc1nc2c(c(N3CCC3)n1)CN(C(=O)[C@@H]1CCN(c3ccncn3)C1)C2,EXT_315fb0da682b,intrinsic_agonist_RE_pct,continuous,31.0,liability,False,WO2025122811A1,ACh EC20,CHO-K1/M4/Galpha15 calcium flux,False,O=C(C1CCN(c2ccncn2)C1)N1Cc2ncnc(N3CCC3)c2C1,0.4520547945205479,True,-0.04995292,-0.072021484,-0.08140465,0.8791862968457969,6.107020713161377,0.4520547945205479,6.107020713161377
acadia_2025,ACADIA-46,Cc1nc2c(c(N3CCC3)n1)[C@@H](C)N(C(=O)[C@@H]1CCN(c3cncc(C(F)(F)F)c3)C1)C2,EXT_34803f8ab265,intrinsic_agonist_RE_pct,continuous,30.0,liability,False,WO2025122811A1,ACh EC20,CHO-K1/M4/Galpha15 calcium flux,False,O=C(C1CCN(c2cccnc2)C1)N1Cc2ncnc(N3CCC3)c2C1,0.2613636363636363,True,-0.025162255,-0.0019218922,0.0205253,0.7830336369248005,6.065822890674602,0.2613636363636363,6.065822890674602
acadia_2025,ACADIA-03,Cc1nc2c(c(N3CCC3)n1)CN(C(=O)[C@@H]1CCN(c3cc(C(F)(F)F)ncc3Cl)C1)C2,EXT_4547374d64a8,intrinsic_agonist_RE_pct,continuous,7.0,liability,False,WO2025122811A1,ACh EC20,CHO-K1/M4/Galpha15 calcium flux,False,O=C(C1CCN(c2ccncc2)C1)N1Cc2ncnc(N3CCC3)c2C1,0.3695652173913043,True,-0.04882325,-0.035514254,-0.025208628,0.762784677729303,6.200015377537281,0.3695652173913043,6.200015377537281
acadia_2025,ACADIA-44,Cc1nc2c(c(N3CCC3)n1)[C@@H](C)N(C(=O)[C@@H]1CCN(c3ncc(C#N)cc3Cl)C1)C2,EXT_4d03d1c64df2,intrinsic_agonist_RE_pct,continuous,14.0,liability,False,WO2025122811A1,ACh EC20,CHO-K1/M4/Galpha15 calcium flux,False,O=C(C1CCN(c2ccccn2)C1)N1Cc2ncnc(N3CCC3)c2C1,0.3555555555555555,True,-0.11914104,-0.13139904,-0.11308507,0.8246289259787433,6.14910368875661,0.3555555555555555,6.14910368875661
acadia_2025,ACADIA-16,Cc1nc2c(c(N3CCC3)n1)CN(C(=O)[C@@H]1CCN(c3cc(Cl)ncc3Cl)C1)C2,EXT_4d7fb338045c,intrinsic_agonist_RE_pct,continuous,28.0,liability,False,WO2025122811A1,ACh EC20,CHO-K1/M4/Galpha15 calcium flux,False,O=C(C1CCN(c2ccncc2)C1)N1Cc2ncnc(N3CCC3)c2C1,0.35,True,-0.10491611,-0.07413807,-0.12496219,0.7517438360966031,6.301840479785953,0.35,6.301840479785953
acadia_2025,ACADIA-47,Cc1nc2c(c(N3CCC3)n1)[C@@H](C)N(C(=O)[C@@H]1CCN(c3ccc(C(F)(F)F)nc3)C1)C2,EXT_4eb7b3cd94a5,intrinsic_agonist_RE_pct,continuous,16.0,liability,False,WO2025122811A1,ACh EC20,CHO-K1/M4/Galpha15 calcium flux,False,O=C(C1CCN(c2cccnc2)C1)N1Cc2ncnc(N3CCC3)c2C1,0.3333333333333333,True,-0.048925515,-0.03353889,-0.02222904,0.770650782977262,6.171697533730156,0.3333333333333333,6.171697533730156
acadia_2025,ACADIA-11,COc1cc(N2CC[C@@H](C(=O)N3Cc4nc(C)nc(N5CCC5)c4C3)C2)ccn1,EXT_4ecdf206fc31,intrinsic_agonist_RE_pct,continuous,3.0,liability,False,WO2025122811A1,ACh EC20,CHO-K1/M4/Galpha15 calcium flux,False,O=C(C1CCN(c2ccncc2)C1)N1Cc2ncnc(N3CCC3)c2C1,0.4868421052631579,True,-0.013135887,0.12299601,0.08136918,0.7806546113016095,6.105831201256615,0.4868421052631579,6.105831201256615
acadia_2025,ACADIA-43,Cc1nc2c(c(N3CCC3)n1)[C@@H](C)N(C(=O)[C@@H]1CCN(c3cc(Cl)ncc3Cl)C1)C2,EXT_53cffbec9d82,intrinsic_agonist_RE_pct,continuous,19.0,liability,False,WO2025122811A1,ACh EC20,CHO-K1/M4/Galpha15 calcium flux,False,O=C(C1CCN(c2ccncc2)C1)N1Cc2ncnc(N3CCC3)c2C1,0.3414634146341463,True,-0.034662347,-0.08830739,-0.08802924,0.6903344286334754,6.283146959547856,0.3414634146341463,6.283146959547856
acadia_2025,ACADIA-08,Cc1nc2c(c(N3CCC3)n1)CN(C(=O)[C@@H]1CCN(c3ccnc(C(F)F)c3)C1)C2,EXT_546976d4dfaa,intrinsic_agonist_RE_pct,continuous,37.0,liability,False,WO2025122811A1,ACh EC20,CHO-K1/M4/Galpha15 calcium flux,False,O=C(C1CCN(c2ccncc2)C1)N1Cc2ncnc(N3CCC3)c2C1,0.4935064935064935,True,-0.07910117,-0.028152956,0.0027471066,0.8148010287328669,6.109036962698417,0.4935064935064935,6.109036962698417
acadia_2025,ACADIA-25,Cc1nc2c(c(N3CCC3)n1)CN(C(=O)[C@@H]1CCN(c3nccc(C(F)F)c3F)C1)C2,EXT_58068a2e5f5e,intrinsic_agonist_RE_pct,continuous,6.0,liability,False,WO2025122811A1,ACh EC20,CHO-K1/M4/Galpha15 calcium flux,False,O=C(C1CCN(c2ccccn2)C1)N1Cc2ncnc(N3CCC3)c2C1,0.3372093023255814,True,-0.122317635,-0.08688426,-0.05441768,0.8688810517605173,6.09090772976191,0.3372093023255814,6.09090772976191
acadia_2025,ACADIA-19,Cc1nc2c(c(N3CCC3)n1)CN(C(=O)[C@@H]1CCN(c3ccnc(C(F)(F)F)n3)C1)C2,EXT_5da32b9f2c57,intrinsic_agonist_RE_pct,continuous,1.0,liability,False,WO2025122811A1,ACh EC20,CHO-K1/M4/Galpha15 calcium flux,False,O=C(C1CCN(c2ccncn2)C1)N1Cc2ncnc(N3CCC3)c2C1,0.3411764705882353,True,-0.06618937,-0.034043908,0.0077908933,0.8440357203882137,6.108201025396826,0.3411764705882353,6.108201025396826
acadia_2025,ACADIA-06,Cc1nc2c(c(N3CCC3)n1)CN(C(=O)[C@@H]1CCN(c3ccnc(C(F)(F)F)c3)C1)C2,EXT_60d575e49b5e,intrinsic_agonist_RE_pct,continuous,44.0,liability,False,WO2025122811A1,ACh EC20,CHO-K1/M4/Galpha15 calcium flux,False,O=C(C1CCN(c2ccncc2)C1)N1Cc2ncnc(N3CCC3)c2C1,0.4935064935064935,True,-0.06323188,-0.019058788,0.010828805,0.860288306167281,6.163248001190479,0.4935064935064935,6.163248001190479
acadia_2025,ACADIA-29,Cc1cc(N2CC[C@@H](C(=O)N3Cc4nc(C)nc(N5CCC5)c4C3)C2)cc(C(F)F)n1,EXT_6e7e9d50122d,intrinsic_agonist_RE_pct,continuous,98.0,liability,False,WO2025122811A1,ACh EC20,CHO-K1/M4/Galpha15 calcium flux,False,O=C(C1CCN(c2ccncc2)C1)N1Cc2ncnc(N3CCC3)c2C1,0.3950617283950617,True,-0.102064826,-0.015730709,0.024822861,0.7979920262867553,6.095334182539682,0.3950617283950617,6.095334182539682
acadia_2025,ACADIA-41,CCc1nc2c(c(N3CCC3)n1)CN(C(=O)[C@@H]1CCN(c3ccnc(Cl)c3)C1)C2,EXT_70e50e97c056,intrinsic_agonist_RE_pct,continuous,28.0,liability,False,WO2025122811A1,ACh EC20,CHO-K1/M4/Galpha15 calcium flux,False,O=C(C1CCN(c2ccncc2)C1)N1Cc2ncnc(N3CCC3)c2C1,0.3625,True,0.031359803,-0.011900741,-0.069765985,0.8627865319855808,6.2362906033509695,0.3625,6.2362906033509695
acadia_2025,ACADIA-05,Cc1nc2c(c(N3CCC3)n1)CN(C(=O)[C@@H]1CCN(c3ccnc(OC(F)F)c3)C1)C2,EXT_73a35499ea23,intrinsic_agonist_RE_pct,continuous,36.0,liability,False,WO2025122811A1,ACh EC20,CHO-K1/M4/Galpha15 calcium flux,False,O=C(C1CCN(c2ccncc2)C1)N1Cc2ncnc(N3CCC3)c2C1,0.5125,True,0.008114976,0.075502485,0.06689025,0.8555375820895108,6.080461051322753,0.5125,6.080461051322753
acadia_2025,ACADIA-37,Cc1nc2c(c(N3CCC3)n1)CN(C(=O)[C@@H]1CCN(c3cncc(Cl)c3)C1)C2,EXT_7b08aa8c2446,intrinsic_agonist_RE_pct,continuous,43.0,liability,False,WO2025122811A1,ACh EC20,CHO-K1/M4/Galpha15 calcium flux,False,O=C(C1CCN(c2cccnc2)C1)N1Cc2ncnc(N3CCC3)c2C1,0.3815789473684211,True,-0.15094714,-0.16723059,-0.18294449,0.8663619385421147,6.103923477777779,0.3815789473684211,6.103923477777779
acadia_2025,ACADIA-14,Cc1nc2c(c(N3CCC3)n1)CN(C(=O)[C@@H]1CCN(c3cnn4ccccc34)C1)C2,EXT_7bd76ea64d79,intrinsic_agonist_RE_pct,continuous,8.0,liability,False,WO2025122811A1,ACh EC20,CHO-K1/M4/Galpha15 calcium flux,False,O=C(C1CCN(c2cnn3ccccc23)C1)N1Cc2ncnc(N3CCC3)c2C1,0.2962962962962963,True,-0.07357586,-0.037403155,-0.04937133,0.8641410070868081,6.085572748280423,0.2962962962962963,6.085572748280423
acadia_2025,ACADIA-38,Cc1nc2c(c(N3CCC3)n1)[C@@H](C)N(C(=O)[C@@H]1CCN(c3cncc(Cl)c3)C1)C2,EXT_816ccd62c572,intrinsic_agonist_RE_pct,continuous,67.0,liability,False,WO2025122811A1,ACh EC20,CHO-K1/M4/Galpha15 calcium flux,False,O=C(C1CCN(c2cccnc2)C1)N1Cc2ncnc(N3CCC3)c2C1,0.2891566265060241,True,-0.012263489,-0.072303094,-0.102122165,0.8115188350366829,6.08192621388889,0.2891566265060241,6.08192621388889
acadia_2025,ACADIA-35,Cc1nc2c(c(N3CCC3)n1)[C@@H](C)N(C(=O)[C@@H]1CCN(c3cc(C(F)(F)F)ncn3)C1)C2,EXT_85ee3d37b2fc,intrinsic_agonist_RE_pct,continuous,80.0,liability,False,WO2025122811A1,ACh EC20,CHO-K1/M4/Galpha15 calcium flux,False,O=C(C1CCN(c2ccncn2)C1)N1Cc2ncnc(N3CCC3)c2C1,0.2976190476190476,True,-0.07883237,-0.07813918,-0.04361574,0.7850827410843018,6.130376586706346,0.2976190476190476,6.130376586706346
acadia_2025,ACADIA-04,COc1cc(N2CC[C@@H](C(=O)N3Cc4nc(C)nc(N5CCC5)c4C3)C2)c(Cl)cn1,EXT_8617ca090f02,intrinsic_agonist_RE_pct,continuous,13.0,liability,False,WO2025122811A1,ACh EC20,CHO-K1/M4/Galpha15 calcium flux,False,O=C(C1CCN(c2ccncc2)C1)N1Cc2ncnc(N3CCC3)c2C1,0.3809523809523809,True,-0.0661869,-0.055442225,-0.09830507,0.6835740952326674,6.100620082473549,0.3809523809523809,6.100620082473549
acadia_2025,ACADIA-49,Cc1cc(N2CC[C@@H](C(=O)N3Cc4nc(C)nc(N5CCC5)c4[C@H]3C)C2)cc(C(F)(F)F)n1,EXT_9210f5354d5e,intrinsic_agonist_RE_pct,continuous,33.0,liability,False,WO2025122811A1,ACh EC20,CHO-K1/M4/Galpha15 calcium flux,False,O=C(C1CCN(c2ccncc2)C1)N1Cc2ncnc(N3CCC3)c2C1,0.3068181818181818,True,-0.04319231,-0.017552448,0.02092979,0.7803027470048072,6.114175402380952,0.3068181818181818,6.114175402380952
acadia_2025,ACADIA-07,Cc1nc2c(c(N3CCC3)n1)CN(C(=O)[C@@H]1CCN(c3cncc(OC(F)F)c3)C1)C2,EXT_98eb5d5d711c,intrinsic_agonist_RE_pct,continuous,54.0,liability,False,WO2025122811A1,ACh EC20,CHO-K1/M4/Galpha15 calcium flux,False,O=C(C1CCN(c2cccnc2)C1)N1Cc2ncnc(N3CCC3)c2C1,0.3658536585365853,True,0.052909255,0.13915421,0.13816865,0.8598566073759932,6.045581351322754,0.3658536585365853,6.045581351322754
acadia_2025,ACADIA-30,Cc1nc2c(c(N3CCC3)n1)[C@@H](C)N(C(=O)[C@@H]1CCN(c3ccnc(Cl)c3)C1)C2,EXT_9a39855d6495,intrinsic_agonist_RE_pct,continuous,71.0,liability,False,WO2025122811A1,ACh EC20,CHO-K1/M4/Galpha15 calcium flux,False,O=C(C1CCN(c2ccncc2)C1)N1Cc2ncnc(N3CCC3)c2C1,0.3103448275862069,True,0.051474344,-0.018258303,-0.050706852,0.794497634440146,6.159234900132275,0.3103448275862069,6.159234900132275
acadia_2025,ACADIA-45,Cc1nc2c(c(N3CCC3)n1)[C@@H](C)N(C(=O)[C@@H]1CCN(c3ncc(Cl)cc3F)C1)C2,EXT_a0eb955ab882,intrinsic_agonist_RE_pct,continuous,28.0,liability,False,WO2025122811A1,ACh EC20,CHO-K1/M4/Galpha15 calcium flux,False,O=C(C1CCN(c2ccccn2)C1)N1Cc2ncnc(N3CCC3)c2C1,0.3295454545454545,True,-0.12217703,-0.1524108,-0.18216391,0.7762902966538267,6.175882740013226,0.3295454545454545,6.175882740013226
acadia_2025,ACADIA-34,Cc1nc2c(c(N3CCC3)n1)[C@@H](C)N(C(=O)[C@@H]1CCN(c3ccnc(C#N)n3)C1)C2,EXT_a47e8ef49e2d,intrinsic_agonist_RE_pct,continuous,69.0,liability,False,WO2025122811A1,ACh EC20,CHO-K1/M4/Galpha15 calcium flux,False,O=C(C1CCN(c2ccncn2)C1)N1Cc2ncnc(N3CCC3)c2C1,0.2804878048780488,True,0.14116445,0.048386272,0.09332194,0.7887862801382496,6.093573585317456,0.2804878048780488,6.093573585317456
acadia_2025,ACADIA-23,Cc1nc2c(c(N3CCC3)n1)CN(C(=O)[C@@H]1CCN(c3cc(C(F)(F)F)ccn3)C1)C2,EXT_a546e975b504,intrinsic_agonist_RE_pct,continuous,4.0,liability,False,WO2025122811A1,ACh EC20,CHO-K1/M4/Galpha15 calcium flux,False,O=C(C1CCN(c2ccccn2)C1)N1Cc2ncnc(N3CCC3)c2C1,0.3529411764705882,True,-0.053879816,-0.0066986205,0.004364544,0.85369149869446,6.107396240873016,0.3529411764705882,6.107396240873016
acadia_2025,ACADIA-17,Cc1nc2c(c(N3CCC3)n1)CN(C(=O)[C@@H]1CCN(c3ncc(Cl)cc3F)C1)C2,EXT_b6d7718bb0bd,intrinsic_agonist_RE_pct,continuous,4.0,liability,False,WO2025122811A1,ACh EC20,CHO-K1/M4/Galpha15 calcium flux,False,O=C(C1CCN(c2ccccn2)C1)N1Cc2ncnc(N3CCC3)c2C1,0.3529411764705882,True,-0.121666245,-0.09902496,-0.13263218,0.8356733701109796,6.193158176917995,0.3529411764705882,6.193158176917995
acadia_2025,ACADIA-01,Cc1nc2c(c(N3CCC3)n1)CN(C(=O)[C@H]1CCN(c3ccncn3)C1)C2,EXT_b8878f3db5ab,intrinsic_agonist_RE_pct,continuous,0.0,liability,False,WO2025122811A1,ACh EC20,CHO-K1/M4/Galpha15 calcium flux,False,O=C(C1CCN(c2ccncn2)C1)N1Cc2ncnc(N3CCC3)c2C1,0.4520547945205479,True,-0.06749182,-0.102169156,-0.10844376,0.8791862968457969,6.107020713161377,0.4520547945205479,6.107020713161377
acadia_2025,ACADIA-32,Cc1nc2c(c(N3CCC3)n1)[C@@H](C)N(C(=O)[C@@H]1CCN(c3ccnc(OC(F)F)c3)C1)C2,EXT_c01a630fa772,intrinsic_agonist_RE_pct,continuous,48.0,liability,False,WO2025122811A1,ACh EC20,CHO-K1/M4/Galpha15 calcium flux,False,O=C(C1CCN(c2ccncc2)C1)N1Cc2ncnc(N3CCC3)c2C1,0.4137931034482758,True,0.05233134,0.08626526,0.06748253,0.7974536983960001,6.070708094179895,0.4137931034482758,6.070708094179895
acadia_2025,ACADIA-20,Cc1nc2c(c(N3CCC3)n1)CN(C(=O)[C@@H]1CCN(c3cc(C(F)(F)F)ncn3)C1)C2,EXT_c4a8a074e303,intrinsic_agonist_RE_pct,continuous,48.0,liability,False,WO2025122811A1,ACh EC20,CHO-K1/M4/Galpha15 calcium flux,False,O=C(C1CCN(c2ccncn2)C1)N1Cc2ncnc(N3CCC3)c2C1,0.3571428571428571,True,-0.07316235,-0.01969338,0.002435291,0.8405999285741614,6.147238692658731,0.3571428571428571,6.147238692658731
acadia_2025,ACADIA-22,Cc1nc2c(c(N3CCC3)n1)CN(C(=O)[C@@H]1CCN(c3cccc(C(F)(F)F)n3)C1)C2,EXT_d60b0f606c99,intrinsic_agonist_RE_pct,continuous,3.0,liability,False,WO2025122811A1,ACh EC20,CHO-K1/M4/Galpha15 calcium flux,False,O=C(C1CCN(c2ccccn2)C1)N1Cc2ncnc(N3CCC3)c2C1,0.3294117647058823,True,-0.02359171,0.022261772,0.041047033,0.8461007096152819,6.037420807142859,0.3294117647058823,6.037420807142859
acadia_2025,ACADIA-40,Cc1nc2c(c(N3CCC3)n1)[C@@H](C)N(C(=O)[C@@H]1CCN(c3ccnc(C(F)F)c3)C1)C2,EXT_d814319665f9,intrinsic_agonist_RE_pct,continuous,47.0,liability,False,WO2025122811A1,ACh EC20,CHO-K1/M4/Galpha15 calcium flux,False,O=C(C1CCN(c2ccncc2)C1)N1Cc2ncnc(N3CCC3)c2C1,0.3928571428571428,True,-0.032818507,-0.018965054,0.017768323,0.7556250825491868,6.098597956746033,0.3928571428571428,6.098597956746033
acadia_2025,ACADIA-48,Cc1nc2c(c(N3CCC3)n1)[C@@H](C)N(C(=O)[C@@H]1CCN(c3cnc(C)c(Cl)c3)C1)C2,EXT_d94bd7b88962,intrinsic_agonist_RE_pct,continuous,19.0,liability,False,WO2025122811A1,ACh EC20,CHO-K1/M4/Galpha15 calcium flux,False,O=C(C1CCN(c2cccnc2)C1)N1Cc2ncnc(N3CCC3)c2C1,0.275,True,-0.014903009,-0.038788803,-0.07960782,0.7700296610370099,6.148067647023809,0.275,6.148067647023809
acadia_2025,ACADIA-18,Cc1nc2c(c(N3CCC3)n1)CN(C(=O)C1CCN(c3ncc(C#N)cc3Cl)C1)C2,EXT_e08cd008beed,intrinsic_agonist_RE_pct,continuous,2.0,liability,False,WO2025122811A1,ACh EC20,CHO-K1/M4/Galpha15 calcium flux,False,O=C(C1CCN(c2ccccn2)C1)N1Cc2ncnc(N3CCC3)c2C1,0.3793103448275862,True,-0.08485646,-0.05554999,-0.049226116,0.8754302428838326,6.1724439117724845,0.3793103448275862,6.1724439117724845
acadia_2025,ACADIA-39,COc1cc(N2CC[C@@H](C(=O)N3Cc4nc(C)nc(N5CCC5)c4[C@H]3C)C2)ccn1,EXT_e425d9e17115,intrinsic_agonist_RE_pct,continuous,28.0,liability,False,WO2025122811A1,ACh EC20,CHO-K1/M4/Galpha15 calcium flux,False,O=C(C1CCN(c2ccncc2)C1)N1Cc2ncnc(N3CCC3)c2C1,0.3855421686746988,True,-0.032028925,-0.003123474,-0.008845425,0.7173872183756855,6.080460171891536,0.3855421686746988,6.080460171891536
acadia_2025,ACADIA-15,Cc1nc2c(c(N3CCC3)n1)CN(C(=O)C1CCN(c3cccc(C(F)(F)F)c3C#N)C1)C2,EXT_ec0eeaa02bec,intrinsic_agonist_RE_pct,continuous,2.0,liability,False,WO2025122811A1,ACh EC20,CHO-K1/M4/Galpha15 calcium flux,False,O=C(C1CCN(c2ccccc2)C1)N1Cc2ncnc(N3CCC3)c2C1,0.2873563218390804,True,-0.021378607,0.023887469,0.041005135,0.8810634668370403,6.0722779050264535,0.2873563218390804,6.0722779050264535
acadia_2025,ACADIA-09,Cc1nc2c(c(N3CCC3)n1)CN(C(=O)[C@@H]1CCN(c3cncc(C(F)(F)F)c3)C1)C2,EXT_ee4875dfa4fa,intrinsic_agonist_RE_pct,continuous,23.0,liability,False,WO2025122811A1,ACh EC20,CHO-K1/M4/Galpha15 calcium flux,False,O=C(C1CCN(c2cccnc2)C1)N1Cc2ncnc(N3CCC3)c2C1,0.345679012345679,True,-0.09411233,-0.040614035,-0.0010868013,0.8374494482229892,6.083577015277778,0.345679012345679,6.083577015277778
acadia_2025,ACADIA-42,CCc1nc2c(c(N3CCC3)n1)CN(C(=O)[C@@H]1CCN(c3cncc(Cl)c3)C1)C2,EXT_ef9fe8b41b15,intrinsic_agonist_RE_pct,continuous,4.0,liability,False,WO2025122811A1,ACh EC20,CHO-K1/M4/Galpha15 calcium flux,False,O=C(C1CCN(c2cccnc2)C1)N1Cc2ncnc(N3CCC3)c2C1,0.3333333333333333,True,-0.023331607,-0.06012043,-0.0811936,0.871191872382057,6.268287157319218,0.3333333333333333,6.268287157319218
acadia_2025,ACADIA-12,Cc1nc2c(c(N3CCC3)n1)CN(C(=O)[C@@H]1CCN(c3ccnc(Cl)c3)C1)C2,EXT_f426944f9aae,intrinsic_agonist_RE_pct,continuous,37.0,liability,False,WO2025122811A1,ACh EC20,CHO-K1/M4/Galpha15 calcium flux,False,O=C(C1CCN(c2ccncc2)C1)N1Cc2ncnc(N3CCC3)c2C1,0.3766233766233766,True,-0.018402016,-0.0052873134,-0.054635134,0.8528056007181883,6.178928796957675,0.3766233766233766,6.178928796957675
monash_2015,8b_O-ethyl,CCOc1nc2sc(C(=O)NC3CC3)c(N)c2c(C)c1Cl,EXT_0668d6aeb45a,reported_PAM_vs_inactive,binary,1.0,primary_function,False,Monash LY2033298 series,ACh,pERK functional allostery,False,O=C(NC1CC1)c1cc2cccnc2s1,0.7058823529411765,True,0.11398609,0.0408798,0.0930687,0.9566643833384334,6.860553007407407,0.7058823529411765,0.9566643833384334
monash_2015,10c_N-hexanoyl,CCCCCC(=O)Nc1c(C(=O)NC2CC2)sc2nc(OC)c(Cl)c(C)c12,EXT_07571f340e58,reported_PAM_vs_inactive,binary,0.0,primary_function,False,Monash LY2033298 series,ACh,pERK functional allostery,False,O=C(NC1CC1)c1cc2cccnc2s1,0.4615384615384615,True,0.08454031,0.025317186,0.09048086,0.7836110667243956,6.007963470171962,0.4615384615384615,0.7836110667243956
monash_2015,9b_N-butyl,CCCCNC(=O)c1sc2nc(OC)c(Cl)c(C)c2c1N,EXT_1891587837a3,reported_PAM_vs_inactive,binary,1.0,primary_function,False,Monash LY2033298 series,ACh,pERK functional allostery,False,c1cnc2sccc2c1,0.6727272727272727,True,0.09833135,0.022207135,0.07254519,0.8702835965429153,6.461055439417993,0.6727272727272727,0.8702835965429153
monash_2015,8d_O-hexyl,CCCCCCOc1nc2sc(C(=O)NC3CC3)c(N)c2c(C)c1Cl,EXT_224e0e6b022a,reported_PAM_vs_inactive,binary,1.0,primary_function,False,Monash LY2033298 series,ACh,pERK functional allostery,False,O=C(NC1CC1)c1cc2cccnc2s1,0.6417910447761194,True,0.034975234,-0.0060031055,0.001290393,0.9211307756415238,6.8615026246693125,0.6417910447761194,0.9211307756415238
monash_2015,21_core-variant,Cc1nc(C)c2c(N)c(C(=O)NC3CC3)sc2n1,EXT_51f4969b6997,reported_PAM_vs_inactive,binary,1.0,primary_function,False,Monash LY2033298 series,ACh,pERK functional allostery,False,O=C(NC1CC1)c1cc2cncnc2s1,0.6956521739130435,True,-0.008609272,-0.01703214,0.034756828,0.9530632267285978,6.855127212499994,0.6956521739130435,0.9530632267285978
monash_2015,12_core-variant,COc1cc(C)c2c(N)c(C(=O)NC3CC3)sc2n1,EXT_6039da297d98,reported_PAM_vs_inactive,binary,1.0,primary_function,False,Monash LY2033298 series,ACh,pERK functional allostery,False,O=C(NC1CC1)c1cc2cccnc2s1,0.75,True,0.07705184,0.06240503,0.09953796,0.8129180606138012,6.852751349470897,0.75,0.8129180606138012
monash_2015,10b_N-butanoyl,CCCC(=O)Nc1c(C(=O)NC2CC2)sc2nc(OC)c(Cl)c(C)c12,EXT_61acee77dffa,reported_PAM_vs_inactive,binary,0.0,primary_function,False,Monash LY2033298 series,ACh,pERK functional allostery,False,O=C(NC1CC1)c1cc2cccnc2s1,0.4838709677419355,True,0.0469625,-0.0065841796,0.03797987,0.8027058506504363,6.066021627513232,0.4838709677419355,0.8027058506504363
monash_2015,10a_N-acetyl,COc1nc2sc(C(=O)NC3CC3)c(NC(C)=O)c2c(C)c1Cl,EXT_987da772e788,reported_PAM_vs_inactive,binary,0.0,primary_function,False,Monash LY2033298 series,ACh,pERK functional allostery,False,O=C(NC1CC1)c1cc2cccnc2s1,0.5263157894736842,True,0.040480923,-0.020940674,0.02976217,0.8050850342626519,6.009294181283074,0.5263157894736842,0.8050850342626519
monash_2015,9a_N-ethyl,CCNC(=O)c1sc2nc(OC)c(Cl)c(C)c2c1N,EXT_a6f398ef7a31,reported_PAM_vs_inactive,binary,1.0,primary_function,False,Monash LY2033298 series,ACh,pERK functional allostery,False,c1cnc2sccc2c1,0.6,True,0.10846092,0.07210464,0.1245568,0.8661496292524097,6.490404038822752,0.6,0.8661496292524097
monash_2015,8e_5-bromo,COc1nc2sc(C(=O)NC3CC3)c(N)c2c(C)c1Br,EXT_b305d4ca2da6,reported_PAM_vs_inactive,binary,1.0,primary_function,False,Monash LY2033298 series,ACh,pERK functional allostery,False,O=C(NC1CC1)c1cc2cccnc2s1,0.6153846153846154,True,0.12072028,0.07552653,0.116402484,0.8859316384207544,6.905175686309518,0.6153846153846154,0.8859316384207544
monash_2015,8a_LY2033298,COc1nc2sc(C(=O)NC3CC3)c(N)c2c(C)c1Cl,EXT_d38a6f7b0493,reported_PAM_vs_inactive,binary,1.0,primary_function,False,Monash LY2033298 series,ACh,pERK functional allostery,False,O=C(NC1CC1)c1cc2cccnc2s1,0.75,True,0.08132446,0.036339592,0.097428404,0.901195401057437,6.887797444775129,0.75,0.901195401057437
monash_2015,9c_N-hexyl,CCCCCCNC(=O)c1sc2nc(OC)c(Cl)c(C)c2c1N,EXT_d89fb8a31025,reported_PAM_vs_inactive,binary,1.0,primary_function,False,Monash LY2033298 series,ACh,pERK functional allostery,False,c1cnc2sccc2c1,0.6491228070175439,True,0.13196462,0.044097245,0.023103768,0.8646486806797808,6.461055439417993,0.6491228070175439,0.8646486806797808
monash_2015,8f_5-iodo,COc1nc2sc(C(=O)NC3CC3)c(N)c2c(C)c1I,EXT_df0612cc56d4,reported_PAM_vs_inactive,binary,1.0,primary_function,False,Monash LY2033298 series,ACh,pERK functional allostery,False,O=C(NC1CC1)c1cc2cccnc2s1,0.6153846153846154,True,0.006321603,0.010640121,0.07812101,0.8852070282263109,6.8706704648809485,0.6153846153846154,0.8852070282263109
monash_2015,8c_O-butyl,CCCCOc1nc2sc(C(=O)NC3CC3)c(N)c2c(C)c1Cl,EXT_f48b9077080e,reported_PAM_vs_inactive,binary,1.0,primary_function,False,Monash LY2033298 series,ACh,pERK functional allostery,False,O=C(NC1CC1)c1cc2cccnc2s1,0.6615384615384615,True,0.03336907,-0.017449552,0.0048578503,0.9547356208308632,6.838147010780423,0.6615384615384615,0.9547356208308632
suven_2025,26,Cc1c(N2CCC(Oc3ccc4c(c3)COC4)CC2)nn2c(C)nnc2c1C,EXT_01dad850837d,CRE_luc_PAM_pEC50,continuous,7.67778070526608,primary_function,False,WO2025099660A1,ACh EC20,human M4 CRE-luciferase,False,c1cc2c(cc1OC1CCN(c3ccc4nncn4n3)CC1)COC2,0.3866666666666666,True,0.056589555,0.21078868,0.13359502,0.937233948395661,5.922197131547619,0.3866666666666666,5.922197131547619
suven_2025,7,Cc1c(N2CCC(Oc3ccc4c(c3)COC4)CC2)nn2cnnc2c1C,EXT_03396fcf0880,CRE_luc_PAM_pEC50,continuous,7.714442690992226,primary_function,False,WO2025099660A1,ACh EC20,human M4 CRE-luciferase,False,c1cc2c(cc1OC1CCN(c3ccc4nncn4n3)CC1)COC2,0.3815789473684211,True,0.07251688,0.12534969,0.10093663,0.9338843976551036,5.947806578769842,0.3815789473684211,5.947806578769842
suven_2025,42,COc1ccc(OC2CCN(c3nn4c(C)nnc4cc3C)CC2)cn1,EXT_07a29b59b60b,CRE_luc_PAM_pEC50,continuous,6.688246138944246,primary_function,False,WO2025099660A1,ACh EC20,human M4 CRE-luciferase,False,c1cncc(OC2CCN(c3ccc4nncn4n3)CC2)c1,0.4328358208955223,True,0.0071365954,0.17790695,0.072745025,0.8653387721080879,6.012594968187825,0.4328358208955223,6.012594968187825
suven_2025,62,COCc1nnc2c(C)c(C)c(N3CCC(Oc4ccc5c(c4)OCCO5)CC3)nn12,EXT_0b87461073d9,CRE_luc_PAM_pEC50,continuous,7.494850021680094,primary_function,False,WO2025099660A1,ACh EC20,human M4 CRE-luciferase,False,c1cc2c(cc1OC1CCN(c3ccc4nncn4n3)CC1)OCCO2,0.4155844155844156,True,-0.031121945,0.09143826,0.052152988,0.8909181192220925,5.894720798015868,0.4155844155844156,5.894720798015868
suven_2025,24,Cc1c(N2CCC(Oc3ccc4c(c3)OCCO4)CC2)nn2c(C)nnc2c1C,EXT_107daca9a72d,CRE_luc_PAM_pEC50,continuous,7.896196279044043,primary_function,False,WO2025099660A1,ACh EC20,human M4 CRE-luciferase,False,c1cc2c(cc1OC1CCN(c3ccc4nncn4n3)CC1)OCCO2,0.4444444444444444,True,0.047746014,0.21445815,0.1215662,0.9246994603551316,5.899162192857141,0.4444444444444444,5.899162192857141
suven_2025,22,COc1ccc(OC2CCN(c3nn4cnnc4cc3C)CC2)cn1,EXT_12486d5f5174,CRE_luc_PAM_pEC50,continuous,6.449771646944906,primary_function,False,WO2025099660A1,ACh EC20,human M4 CRE-luciferase,False,c1cncc(OC2CCN(c3ccc4nncn4n3)CC2)c1,0.4477611940298507,True,0.13033773,0.17882644,0.13738051,0.798860064460002,6.007141363822746,0.4477611940298507,6.007141363822746
suven_2025,79,Cc1c(N2CCC(Oc3ccc4c(c3)OCCO4)CC2)nn2ncnc2c1C,EXT_126c0078ebb8,CRE_luc_PAM_pEC50,continuous,8.0,primary_function,False,WO2025099660A1,ACh EC20,human M4 CRE-luciferase,False,c1nc2ccc(N3CCC(Oc4ccc5c(c4)OCCO5)CC3)nn2n1,0.4788732394366197,True,0.2040535,0.21994977,0.18720035,0.9167225302558618,5.831618215343913,0.4788732394366197,5.831618215343913
suven_2025,28,Cc1c(N2CCC(Oc3ccc4c(c3)OCC4)CC2)nn2c(C)nnc2c1C,EXT_1de73f7c210d,CRE_luc_PAM_pEC50,continuous,7.309803919971486,primary_function,False,WO2025099660A1,ACh EC20,human M4 CRE-luciferase,False,c1cc2c(cc1OC1CCN(c3ccc4nncn4n3)CC1)OCC2,0.4861111111111111,True,0.061889507,0.22505963,0.1676582,0.921684116054172,5.900027494246029,0.4861111111111111,5.900027494246029
suven_2025,41,Cc1cc2nnc(C)n2nc1N1CCC(Oc2ccc3c(c2)OCCO3)CC1,EXT_2f22c6fa4daf,CRE_luc_PAM_pEC50,continuous,6.782516055786093,primary_function,False,WO2025099660A1,ACh EC20,human M4 CRE-luciferase,False,c1cc2c(cc1OC1CCN(c3ccc4nncn4n3)CC1)OCCO2,0.4246575342465753,True,0.010780818,0.18598436,0.09585283,0.8958776646426632,5.9034496577380935,0.4246575342465753,5.9034496577380935
suven_2025,5,COc1ccc(OC2CCN(c3nn4cnnc4c(C)c3C)CC2)cc1,EXT_33d497d4868f,CRE_luc_PAM_pEC50,continuous,7.0,primary_function,False,WO2025099660A1,ACh EC20,human M4 CRE-luciferase,False,c1ccc(OC2CCN(c3ccc4nncn4n3)CC2)cc1,0.40625,True,0.11333139,0.13910928,0.10110998,0.8991227463985473,5.972825998809523,0.40625,5.972825998809523
suven_2025,65,COCc1nnc2c(C)c(C)c(N3CCC(Oc4ccc5c(c4)COC5)CC3)nn12,EXT_4b039bfb1062,CRE_luc_PAM_pEC50,continuous,7.200659450546418,primary_function,False,WO2025099660A1,ACh EC20,human M4 CRE-luciferase,False,c1cc2c(cc1OC1CCN(c3ccc4nncn4n3)CC1)COC2,0.3625,True,0.01568113,0.13776945,0.09472772,0.899148978461475,5.91611568392857,0.3625,5.91611568392857
suven_2025,18,Cc1cc2nncn2nc1N1CCC(Oc2cccc(C#N)c2)CC1,EXT_4d6ee96ec4b6,CRE_luc_PAM_pEC50,continuous,6.866461091629782,primary_function,False,WO2025099660A1,ACh EC20,human M4 CRE-luciferase,False,c1ccc(OC2CCN(c3ccc4nncn4n3)CC2)cc1,0.3424657534246575,True,0.022726223,0.12726991,0.10200947,0.8524988923151485,5.879169315013224,0.3424657534246575,5.879169315013224
suven_2025,106,Cc1cn2nc(N3CCC(Oc4ccc5c(c4)OCCO5)CC3)c(C)cc2n1,EXT_50967dbe7c52,CRE_luc_PAM_pEC50,continuous,7.070581074285707,primary_function,False,WO2025099660A1,ACh EC20,human M4 CRE-luciferase,False,c1cn2nc(N3CCC(Oc4ccc5c(c4)OCCO5)CC3)ccc2n1,0.4583333333333333,True,0.13342875,0.18948379,0.14665899,0.8833072748444132,5.905711239682538,0.4583333333333333,5.905711239682538
suven_2025,101,Cc1nc2cc(C)c(N3CCC(Oc4ccc5c(c4)COC5)CC3)nn2n1,EXT_5c85ec91746c,CRE_luc_PAM_pEC50,continuous,6.950781977329818,primary_function,False,WO2025099660A1,ACh EC20,human M4 CRE-luciferase,False,c1nc2ccc(N3CCC(Oc4ccc5c(c4)COC5)CC3)nn2n1,0.4117647058823529,True,0.1364194,0.20871206,0.18531464,0.8792793193261669,5.928548460912695,0.4117647058823529,5.928548460912695
suven_2025,19,Cc1cc2nncn2nc1N1CCC(Oc2ccc3c(c2)CCO3)CC1,EXT_6bcdd6cd859d,CRE_luc_PAM_pEC50,continuous,7.318758762624412,primary_function,False,WO2025099660A1,ACh EC20,human M4 CRE-luciferase,False,c1cc2c(cc1OC1CCN(c3ccc4nncn4n3)CC1)CCO2,0.5428571428571428,True,0.14502813,0.20828131,0.18016492,0.8161737366358236,5.889128132341269,0.5428571428571428,5.889128132341269
suven_2025,86,Cc1cc2ncnn2nc1N1CCC(Oc2ccc3c(c2)OCCO3)CC1,EXT_6c15abd16fe2,CRE_luc_PAM_pEC50,continuous,7.316052869248487,primary_function,False,WO2025099660A1,ACh EC20,human M4 CRE-luciferase,False,c1nc2ccc(N3CCC(Oc4ccc5c(c4)OCCO5)CC3)nn2n1,0.4583333333333333,True,0.25547943,0.2505599,0.2249934,0.8861561132347269,5.845223418518517,0.4583333333333333,5.845223418518517
suven_2025,117,Cc1cc2nccn2nc1N1CCC(Oc2ccc3c(c2)COC3)CC1,EXT_6d445b30013a,CRE_luc_PAM_pEC50,continuous,6.906578314837764,primary_function,False,WO2025099660A1,ACh EC20,human M4 CRE-luciferase,False,c1cn2nc(N3CCC(Oc4ccc5c(c4)COC5)CC3)ccc2n1,0.4057971014492754,True,0.27860075,0.29645807,0.2745852,0.8878530535293343,5.903701702116398,0.4057971014492754,5.903701702116398
suven_2025,31,Cc1c(N2CCC(Oc3ccc4c(c3)CCO4)CC2)nn2c(C)nnc2c1C,EXT_6f294b265ecf,CRE_luc_PAM_pEC50,continuous,7.795880017344075,primary_function,False,WO2025099660A1,ACh EC20,human M4 CRE-luciferase,False,c1cc2c(cc1OC1CCN(c3ccc4nncn4n3)CC1)CCO2,0.5735294117647058,True,0.037943274,0.20977989,0.1329302,0.9152846807703152,5.883170844444443,0.5735294117647058,5.883170844444443
suven_2025,87,Cc1cc2ncnn2nc1N1CCC(Oc2ccc3c(c2)CCO3)CC1,EXT_777a642d0f32,CRE_luc_PAM_pEC50,continuous,7.356547323513812,primary_function,False,WO2025099660A1,ACh EC20,human M4 CRE-luciferase,False,c1nc2ccc(N3CCC(Oc4ccc5c(c4)CCO5)CC3)nn2n1,0.5882352941176471,True,0.31439853,0.2970018,0.2752835,0.8757408795941385,5.842106327513227,0.5882352941176471,5.842106327513227
suven_2025,46,Cc1cc2nnc(C)n2nc1N1CCC(Oc2ccc3c(c2)COC3)CC1,EXT_77dac9bebfbd,CRE_luc_PAM_pEC50,continuous,7.173925197299173,primary_function,False,WO2025099660A1,ACh EC20,human M4 CRE-luciferase,False,c1cc2c(cc1OC1CCN(c3ccc4nncn4n3)CC1)COC2,0.3684210526315789,True,0.06684985,0.25253448,0.17609698,0.9121876295075836,5.933491649007932,0.3684210526315789,5.933491649007932
suven_2025,20,Cc1cc2nncn2nc1N1CCC(Oc2ccc3c(c2)OCC3)CC1,EXT_7ff193927039,CRE_luc_PAM_pEC50,continuous,7.522878745280337,primary_function,False,WO2025099660A1,ACh EC20,human M4 CRE-luciferase,False,c1cc2c(cc1OC1CCN(c3ccc4nncn4n3)CC1)OCC2,0.4594594594594595,True,0.17754169,0.24709482,0.22420637,0.8227383465783,5.897852432142855,0.4594594594594595,5.897852432142855
suven_2025,15,Cc1cc2nncn2nc1N1CCC(Oc2ccc(F)nc2)CC1,EXT_94089a9a24c8,CRE_luc_PAM_pEC50,continuous,6.323306390375134,primary_function,False,WO2025099660A1,ACh EC20,human M4 CRE-luciferase,False,c1cncc(OC2CCN(c3ccc4nncn4n3)CC2)c1,0.5076923076923077,True,0.12781517,0.21891582,0.17658065,0.8507344070405076,6.002027691666664,0.5076923076923077,6.002027691666664
suven_2025,119,Cc1cc2nccn2nc1N1CCC(Oc2ccc3c(c2)CCO3)CC1,EXT_962c62336479,CRE_luc_PAM_pEC50,continuous,7.008773924307505,primary_function,False,WO2025099660A1,ACh EC20,human M4 CRE-luciferase,False,c1cn2nc(N3CCC(Oc4ccc5c(c4)CCO5)CC3)ccc2n1,0.5652173913043478,True,0.23573731,0.26101622,0.2146525,0.8620235658880385,5.850261095370369,0.5652173913043478,5.850261095370369
suven_2025,95,COc1ccc(OC2CCN(c3nn4nc(C)nc4c(C)c3C)CC2)cn1,EXT_9cc2c7c9ea70,CRE_luc_PAM_pEC50,continuous,7.187086643357144,primary_function,False,WO2025099660A1,ACh EC20,human M4 CRE-luciferase,False,c1cncc(OC2CCN(c3ccc4ncnn4n3)CC2)c1,0.484375,True,0.094595596,0.13141601,0.08167657,0.8509655158668197,5.927464582341268,0.484375,5.927464582341268
suven_2025,80,Cc1c(N2CCC(Oc3ccc4c(c3)COC4)CC2)nn2ncnc2c1C,EXT_9ebaa3fb48e7,CRE_luc_PAM_pEC50,continuous,7.619788758288394,primary_function,False,WO2025099660A1,ACh EC20,human M4 CRE-luciferase,False,c1nc2ccc(N3CCC(Oc4ccc5c(c4)COC5)CC3)nn2n1,0.4189189189189189,True,0.22596636,0.23364191,0.1988734,0.9307241989916444,5.877888270568781,0.4189189189189189,5.877888270568781
suven_2025,91,Cc1nc2c(C)c(C)c(N3CCC(Oc4ccc5c(c4)OCC5)CC3)nn2n1,EXT_a51019eaf041,CRE_luc_PAM_pEC50,continuous,7.920818753952375,primary_function,False,WO2025099660A1,ACh EC20,human M4 CRE-luciferase,False,c1nc2ccc(N3CCC(Oc4ccc5c(c4)OCC5)CC3)nn2n1,0.5070422535211268,True,0.11530399,0.16998802,0.13689192,0.8862956386395081,5.820829095436504,0.5070422535211268,5.820829095436504
suven_2025,9,Cc1c(N2CCC(Oc3cccc(C#N)c3)CC2)nn2cnnc2c1C,EXT_adf2449a977f,CRE_luc_PAM_pEC50,continuous,7.1938200260161125,primary_function,False,WO2025099660A1,ACh EC20,human M4 CRE-luciferase,False,c1ccc(OC2CCN(c3ccc4nncn4n3)CC2)cc1,0.3424657534246575,True,0.008572683,0.075185455,0.06706551,0.946699457238854,5.897451349735448,0.3424657534246575,5.897451349735448
suven_2025,73,Cc1c(N2CCC(Oc3ccc4c(c3)OCCO4)CC2)nn2c(C(F)F)nnc2c1C,EXT_bac0242fe21c,CRE_luc_PAM_pEC50,continuous,7.769551078621726,primary_function,False,WO2025099660A1,ACh EC20,human M4 CRE-luciferase,False,c1cc2c(cc1OC1CCN(c3ccc4nncn4n3)CC1)OCCO2,0.4155844155844156,True,-0.023009092,0.11764069,0.049003888,0.9213537556532828,5.890004113756613,0.4155844155844156,5.890004113756613
suven_2025,21,Cc1cc2nncn2nc1N1CCC(Oc2ccc3c(c2)COC3)CC1,EXT_bc44c0d8721c,CRE_luc_PAM_pEC50,continuous,7.309803919971486,primary_function,False,WO2025099660A1,ACh EC20,human M4 CRE-luciferase,False,c1cc2c(cc1OC1CCN(c3ccc4nncn4n3)CC1)COC2,0.3661971830985915,True,0.19395168,0.264981,0.2468373,0.8391928957691785,5.92810006646825,0.3661971830985915,5.92810006646825
suven_2025,88,Cc1cc2ncnn2nc1N1CCC(Oc2ccc3c(c2)COC3)CC1,EXT_bef6c607e71a,CRE_luc_PAM_pEC50,continuous,7.318758762624412,primary_function,False,WO2025099660A1,ACh EC20,human M4 CRE-luciferase,False,c1nc2ccc(N3CCC(Oc4ccc5c(c4)COC5)CC3)nn2n1,0.4,True,0.3252976,0.33261535,0.2947216,0.9044787703162376,5.8959678096560815,0.4,5.8959678096560815
suven_2025,44,Cc1cc2nnc(C)n2nc1N1CCC(Oc2ccc3c(c2)CCO3)CC1,EXT_c2cd95c904d5,CRE_luc_PAM_pEC50,continuous,7.795880017344075,primary_function,False,WO2025099660A1,ACh EC20,human M4 CRE-luciferase,False,c1cc2c(cc1OC1CCN(c3ccc4nncn4n3)CC1)CCO2,0.5507246376811594,True,0.059494276,0.23684537,0.15197377,0.8862488040717483,5.89563494265873,0.5507246376811594,5.89563494265873
suven_2025,4,Cc1c(N2CCC(Oc3ccc4c(c3)OCCO4)CC2)nn2cnnc2c1C,EXT_c6070ec58c0a,CRE_luc_PAM_pEC50,continuous,7.94692155651658,primary_function,False,WO2025099660A1,ACh EC20,human M4 CRE-luciferase,False,c1cc2c(cc1OC1CCN(c3ccc4nncn4n3)CC1)OCCO2,0.4383561643835616,True,0.07443863,0.12938054,0.08565489,0.921349909614574,5.9184743075396815,0.4383561643835616,5.9184743075396815
suven_2025,16,Cc1ccc(OC2CCN(c3nn4cnnc4cc3C)CC2)cn1,EXT_cab86d06fddc,CRE_luc_PAM_pEC50,continuous,6.623423042943488,primary_function,False,WO2025099660A1,ACh EC20,human M4 CRE-luciferase,False,c1cncc(OC2CCN(c3ccc4nncn4n3)CC2)c1,0.55,True,0.15009777,0.2119843,0.16188754,0.8496010816905678,6.050750004828035,0.55,6.050750004828035
suven_2025,1,Cc1cc2nncn2nc1N1CCC(Oc2ccc3c(c2)OCCO3)CC1,EXT_cf3eaa65d605,CRE_luc_PAM_pEC50,continuous,7.619788758288394,primary_function,False,WO2025099660A1,ACh EC20,human M4 CRE-luciferase,False,c1cc2c(cc1OC1CCN(c3ccc4nncn4n3)CC1)OCCO2,0.4189189189189189,True,0.118105724,0.17393847,0.14074099,0.8233056928962207,5.896987130753966,0.4189189189189189,5.896987130753966
suven_2025,99,Cc1nc2c(C)c(C)c(N3CCC(Oc4ccc5c(c4)COC5)CC3)nn2n1,EXT_d4ccc70cf117,CRE_luc_PAM_pEC50,continuous,7.769551078621726,primary_function,False,WO2025099660A1,ACh EC20,human M4 CRE-luciferase,False,c1nc2ccc(N3CCC(Oc4ccc5c(c4)COC5)CC3)nn2n1,0.4054054054054054,True,0.10835838,0.16571951,0.1160148,0.9029098151924816,5.854636207738093,0.4054054054054054,5.854636207738093
suven_2025,33,COc1ccc(OC2CCN(c3nn4c(C)nnc4c(C)c3C)CC2)cn1,EXT_dafcb0f61380,CRE_luc_PAM_pEC50,continuous,7.251811972993799,primary_function,False,WO2025099660A1,ACh EC20,human M4 CRE-luciferase,False,c1cncc(OC2CCN(c3ccc4nncn4n3)CC2)c1,0.417910447761194,True,0.018499298,0.16699521,0.058683183,0.8890465003216854,6.017919082208991,0.417910447761194,6.017919082208991
suven_2025,17,COc1ccc(OC2CCN(c3nn4cnnc4cc3C)CC2)cc1,EXT_dbc218def956,CRE_luc_PAM_pEC50,continuous,6.811634073936851,primary_function,False,WO2025099660A1,ACh EC20,human M4 CRE-luciferase,False,c1ccc(OC2CCN(c3ccc4nncn4n3)CC2)cc1,0.4,True,0.19873945,0.24864952,0.20794468,0.8185137066539774,5.951084333399465,0.4,5.951084333399465
suven_2025,123,Cc1c(N2CCC(Oc3ccc4c(c3)OCCO4)CC2)nn2ccnc2c1C,EXT_dbd7d0f84127,CRE_luc_PAM_pEC50,continuous,7.275724130399211,primary_function,False,WO2025099660A1,ACh EC20,human M4 CRE-luciferase,False,c1cn2nc(N3CCC(Oc4ccc5c(c4)OCCO5)CC3)ccc2n1,0.4583333333333333,True,0.15712701,0.17715807,0.13724291,0.9142133752784118,5.966261976851847,0.4583333333333333,5.966261976851847
suven_2025,6,Cc1c(N2CCC(Oc3ccc4c(c3)CCO4)CC2)nn2cnnc2c1C,EXT_e139a626483f,CRE_luc_PAM_pEC50,continuous,8.0,primary_function,False,WO2025099660A1,ACh EC20,human M4 CRE-luciferase,False,c1cc2c(cc1OC1CCN(c3ccc4nncn4n3)CC1)CCO2,0.5652173913043478,True,0.12761882,0.16840963,0.1404841,0.9119351300297576,5.9006614325396844,0.5652173913043478,5.9006614325396844
suven_2025,100,Cc1nc2cc(C)c(N3CCC(Oc4ccc5c(c4)OCCO5)CC3)nn2n1,EXT_e6fc1b85771a,CRE_luc_PAM_pEC50,continuous,7.366531544420414,primary_function,False,WO2025099660A1,ACh EC20,human M4 CRE-luciferase,False,c1nc2ccc(N3CCC(Oc4ccc5c(c4)OCCO5)CC3)nn2n1,0.4246575342465753,True,0.123278454,0.16534013,0.13782337,0.8640333837682684,5.890740748611109,0.4246575342465753,5.890740748611109
suven_2025,23,COc1ccc(OC2CCN(c3nn4c(C)nnc4c(C)c3C)CC2)cc1,EXT_eaaa521ce959,CRE_luc_PAM_pEC50,continuous,7.070581074285707,primary_function,False,WO2025099660A1,ACh EC20,human M4 CRE-luciferase,False,c1ccc(OC2CCN(c3ccc4nncn4n3)CC2)cc1,0.3692307692307692,True,0.04286759,0.19265525,0.10089677,0.907099761209091,5.9530119265872985,0.3692307692307692,5.9530119265872985
suven_2025,108,Cc1cn2nc(N3CCC(Oc4ccc5c(c4)OCCO5)CC3)c(C)c(C)c2n1,EXT_ecac642ebc71,CRE_luc_PAM_pEC50,continuous,7.494850021680094,primary_function,False,WO2025099660A1,ACh EC20,human M4 CRE-luciferase,False,c1cn2nc(N3CCC(Oc4ccc5c(c4)OCCO5)CC3)ccc2n1,0.4788732394366197,True,0.08484876,0.13632421,0.11088129,0.9000512942640729,5.9117524371693095,0.4788732394366197,5.9117524371693095
suven_2025,118,Cc1cc2nccn2nc1N1CCC(Oc2ccc3c(c2)OCCO3)CC1,EXT_f20c1afb3d85,CRE_luc_PAM_pEC50,continuous,7.180456064458131,primary_function,False,WO2025099660A1,ACh EC20,human M4 CRE-luciferase,False,c1cn2nc(N3CCC(Oc4ccc5c(c4)OCCO5)CC3)ccc2n1,0.4383561643835616,True,0.2100987,0.23506713,0.17922153,0.8706705457028598,5.853141125264547,0.4383561643835616,5.853141125264547
suven_2025,3,COc1ccc(OC2CCN(c3nn4cnnc4c(C)c3C)CC2)cn1,EXT_f417b57bbee2,CRE_luc_PAM_pEC50,continuous,6.991399828238082,primary_function,False,WO2025099660A1,ACh EC20,human M4 CRE-luciferase,False,c1cncc(OC2CCN(c3ccc4nncn4n3)CC2)c1,0.4545454545454545,True,0.07800542,0.13353682,0.06542567,0.888348212339756,6.04172439252645,0.4545454545454545,6.04172439252645
suven_2025,11,Cc1c(N2CCC(Oc3ccc(F)nc3)CC2)nn2cnnc2c1C,EXT_f6821a0d53a1,CRE_luc_PAM_pEC50,continuous,6.328827157284916,primary_function,False,WO2025099660A1,ACh EC20,human M4 CRE-luciferase,False,c1cncc(OC2CCN(c3ccc4nncn4n3)CC2)c1,0.53125,True,0.101520054,0.17750894,0.13767515,0.9471685412057824,6.020443064814814,0.53125,6.020443064814814
suven_2025,26,Cc1c(N2CCC(Oc3ccc4c(c3)COC4)CC2)nn2c(C)nnc2c1C,EXT_01dad850837d,GloSensor_PAM_pEC50,continuous,7.244125144327507,primary_function,False,WO2025099660A1,ACh EC20,human M4 GloSensor cAMP,False,c1cc2c(cc1OC1CCN(c3ccc4nncn4n3)CC1)COC2,0.3866666666666666,True,0.056589555,0.21078868,0.13359502,0.937233948395661,5.922197131547619,0.3866666666666666,5.922197131547619
suven_2025,7,Cc1c(N2CCC(Oc3ccc4c(c3)COC4)CC2)nn2cnnc2c1C,EXT_03396fcf0880,GloSensor_PAM_pEC50,continuous,8.397940008672037,primary_function,False,WO2025099660A1,ACh EC20,human M4 GloSensor cAMP,False,c1cc2c(cc1OC1CCN(c3ccc4nncn4n3)CC1)COC2,0.3815789473684211,True,0.07251688,0.12534969,0.10093663,0.9338843976551036,5.947806578769842,0.3815789473684211,5.947806578769842
suven_2025,42,COc1ccc(OC2CCN(c3nn4c(C)nnc4cc3C)CC2)cn1,EXT_07a29b59b60b,GloSensor_PAM_pEC50,continuous,7.443697499232712,primary_function,False,WO2025099660A1,ACh EC20,human M4 GloSensor cAMP,False,c1cncc(OC2CCN(c3ccc4nncn4n3)CC2)c1,0.4328358208955223,True,0.0071365954,0.17790695,0.072745025,0.8653387721080879,6.012594968187825,0.4328358208955223,6.012594968187825
suven_2025,22,COc1ccc(OC2CCN(c3nn4cnnc4cc3C)CC2)cn1,EXT_12486d5f5174,GloSensor_PAM_pEC50,continuous,7.036212172654444,primary_function,False,WO2025099660A1,ACh EC20,human M4 GloSensor cAMP,False,c1cncc(OC2CCN(c3ccc4nncn4n3)CC2)c1,0.4477611940298507,True,0.13033773,0.17882644,0.13738051,0.798860064460002,6.007141363822746,0.4477611940298507,6.007141363822746
suven_2025,19,Cc1cc2nncn2nc1N1CCC(Oc2ccc3c(c2)CCO3)CC1,EXT_6bcdd6cd859d,GloSensor_PAM_pEC50,continuous,7.769551078621726,primary_function,False,WO2025099660A1,ACh EC20,human M4 GloSensor cAMP,False,c1cc2c(cc1OC1CCN(c3ccc4nncn4n3)CC1)CCO2,0.5428571428571428,True,0.14502813,0.20828131,0.18016492,0.8161737366358236,5.889128132341269,0.5428571428571428,5.889128132341269
suven_2025,86,Cc1cc2ncnn2nc1N1CCC(Oc2ccc3c(c2)OCCO3)CC1,EXT_6c15abd16fe2,GloSensor_PAM_pEC50,continuous,7.552841968657781,primary_function,False,WO2025099660A1,ACh EC20,human M4 GloSensor cAMP,False,c1nc2ccc(N3CCC(Oc4ccc5c(c4)OCCO5)CC3)nn2n1,0.4583333333333333,True,0.25547943,0.2505599,0.2249934,0.8861561132347269,5.845223418518517,0.4583333333333333,5.845223418518517
suven_2025,20,Cc1cc2nncn2nc1N1CCC(Oc2ccc3c(c2)OCC3)CC1,EXT_7ff193927039,GloSensor_PAM_pEC50,continuous,7.698970004336019,primary_function,False,WO2025099660A1,ACh EC20,human M4 GloSensor cAMP,False,c1cc2c(cc1OC1CCN(c3ccc4nncn4n3)CC1)OCC2,0.4594594594594595,True,0.17754169,0.24709482,0.22420637,0.8227383465783,5.897852432142855,0.4594594594594595,5.897852432142855
suven_2025,21,Cc1cc2nncn2nc1N1CCC(Oc2ccc3c(c2)COC3)CC1,EXT_bc44c0d8721c,GloSensor_PAM_pEC50,continuous,7.022276394711152,primary_function,False,WO2025099660A1,ACh EC20,human M4 GloSensor cAMP,False,c1cc2c(cc1OC1CCN(c3ccc4nncn4n3)CC1)COC2,0.3661971830985915,True,0.19395168,0.264981,0.2468373,0.8391928957691785,5.92810006646825,0.3661971830985915,5.92810006646825
suven_2025,88,Cc1cc2ncnn2nc1N1CCC(Oc2ccc3c(c2)COC3)CC1,EXT_bef6c607e71a,GloSensor_PAM_pEC50,continuous,7.721246399047171,primary_function,False,WO2025099660A1,ACh EC20,human M4 GloSensor cAMP,False,c1nc2ccc(N3CCC(Oc4ccc5c(c4)COC5)CC3)nn2n1,0.4,True,0.3252976,0.33261535,0.2947216,0.9044787703162376,5.8959678096560815,0.4,5.8959678096560815
suven_2025,4,Cc1c(N2CCC(Oc3ccc4c(c3)OCCO4)CC2)nn2cnnc2c1C,EXT_c6070ec58c0a,GloSensor_PAM_pEC50,continuous,8.468521082957745,primary_function,False,WO2025099660A1,ACh EC20,human M4 GloSensor cAMP,False,c1cc2c(cc1OC1CCN(c3ccc4nncn4n3)CC1)OCCO2,0.4383561643835616,True,0.07443863,0.12938054,0.08565489,0.921349909614574,5.9184743075396815,0.4383561643835616,5.9184743075396815
suven_2025,1,Cc1cc2nncn2nc1N1CCC(Oc2ccc3c(c2)OCCO3)CC1,EXT_cf3eaa65d605,GloSensor_PAM_pEC50,continuous,7.236572006437063,primary_function,False,WO2025099660A1,ACh EC20,human M4 GloSensor cAMP,False,c1cc2c(cc1OC1CCN(c3ccc4nncn4n3)CC1)OCCO2,0.4189189189189189,True,0.118105724,0.17393847,0.14074099,0.8233056928962207,5.896987130753966,0.4189189189189189,5.896987130753966
suven_2025,99,Cc1nc2c(C)c(C)c(N3CCC(Oc4ccc5c(c4)COC5)CC3)nn2n1,EXT_d4ccc70cf117,GloSensor_PAM_pEC50,continuous,8.397940008672037,primary_function,False,WO2025099660A1,ACh EC20,human M4 GloSensor cAMP,False,c1nc2ccc(N3CCC(Oc4ccc5c(c4)COC5)CC3)nn2n1,0.4054054054054054,True,0.10835838,0.16571951,0.1160148,0.9029098151924816,5.854636207738093,0.4054054054054054,5.854636207738093
suven_2025,17,COc1ccc(OC2CCN(c3nn4cnnc4cc3C)CC2)cc1,EXT_dbc218def956,GloSensor_PAM_pEC50,continuous,7.657577319177793,primary_function,False,WO2025099660A1,ACh EC20,human M4 GloSensor cAMP,False,c1ccc(OC2CCN(c3ccc4nncn4n3)CC2)cc1,0.4,True,0.19873945,0.24864952,0.20794468,0.8185137066539774,5.951084333399465,0.4,5.951084333399465
suven_2025,23,COc1ccc(OC2CCN(c3nn4c(C)nnc4c(C)c3C)CC2)cc1,EXT_eaaa521ce959,GloSensor_PAM_pEC50,continuous,7.508638306165727,primary_function,False,WO2025099660A1,ACh EC20,human M4 GloSensor cAMP,False,c1ccc(OC2CCN(c3ccc4nncn4n3)CC2)cc1,0.3692307692307692,True,0.04286759,0.19265525,0.10089677,0.907099761209091,5.9530119265872985,0.3692307692307692,5.9530119265872985
suven_2025,26,Cc1c(N2CCC(Oc3ccc4c(c3)COC4)CC2)nn2c(C)nnc2c1C,EXT_01dad850837d,log10_M4_over_M2_selectivity,continuous,2.0360963453482768,selectivity,False,WO2025099660A1,ACh EC20,M4/M2 CRE-luciferase,False,c1cc2c(cc1OC1CCN(c3ccc4nncn4n3)CC1)COC2,0.3866666666666666,True,0.056589555,0.21078868,0.13359502,0.937233948395661,5.922197131547619,0.3866666666666666,5.922197131547619
suven_2025,7,Cc1c(N2CCC(Oc3ccc4c(c3)COC4)CC2)nn2cnnc2c1C,EXT_03396fcf0880,log10_M4_over_M2_selectivity,continuous,2.714442690992226,selectivity,False,WO2025099660A1,ACh EC20,M4/M2 CRE-luciferase,False,c1cc2c(cc1OC1CCN(c3ccc4nncn4n3)CC1)COC2,0.3815789473684211,True,0.07251688,0.12534969,0.10093663,0.9338843976551036,5.947806578769842,0.3815789473684211,5.947806578769842
suven_2025,18,Cc1cc2nncn2nc1N1CCC(Oc2cccc(C#N)c2)CC1,EXT_4d6ee96ec4b6,log10_M4_over_M2_selectivity,continuous,1.8664610916297824,selectivity,False,WO2025099660A1,ACh EC20,M4/M2 CRE-luciferase,False,c1ccc(OC2CCN(c3ccc4nncn4n3)CC2)cc1,0.3424657534246575,True,0.022726223,0.12726991,0.10200947,0.8524988923151485,5.879169315013224,0.3424657534246575,5.879169315013224
suven_2025,86,Cc1cc2ncnn2nc1N1CCC(Oc2ccc3c(c2)OCCO3)CC1,EXT_6c15abd16fe2,log10_M4_over_M2_selectivity,continuous,2.316052869248488,selectivity,False,WO2025099660A1,ACh EC20,M4/M2 CRE-luciferase,False,c1nc2ccc(N3CCC(Oc4ccc5c(c4)OCCO5)CC3)nn2n1,0.4583333333333333,True,0.25547943,0.2505599,0.2249934,0.8861561132347269,5.845223418518517,0.4583333333333333,5.845223418518517
suven_2025,21,Cc1cc2nncn2nc1N1CCC(Oc2ccc3c(c2)COC3)CC1,EXT_bc44c0d8721c,log10_M4_over_M2_selectivity,continuous,1.8369180316112916,selectivity,False,WO2025099660A1,ACh EC20,M4/M2 CRE-luciferase,False,c1cc2c(cc1OC1CCN(c3ccc4nncn4n3)CC1)COC2,0.3661971830985915,True,0.19395168,0.264981,0.2468373,0.8391928957691785,5.92810006646825,0.3661971830985915,5.92810006646825
suven_2025,1,Cc1cc2nncn2nc1N1CCC(Oc2ccc3c(c2)OCCO3)CC1,EXT_cf3eaa65d605,log10_M4_over_M2_selectivity,continuous,2.0970547537132465,selectivity,False,WO2025099660A1,ACh EC20,M4/M2 CRE-luciferase,False,c1cc2c(cc1OC1CCN(c3ccc4nncn4n3)CC1)OCCO2,0.4189189189189189,True,0.118105724,0.17393847,0.14074099,0.8233056928962207,5.896987130753966,0.4189189189189189,5.896987130753966
suven_2025,17,COc1ccc(OC2CCN(c3nn4cnnc4cc3C)CC2)cc1,EXT_dbc218def956,log10_M4_over_M2_selectivity,continuous,1.811634073936852,selectivity,False,WO2025099660A1,ACh EC20,M4/M2 CRE-luciferase,False,c1ccc(OC2CCN(c3ccc4nncn4n3)CC2)cc1,0.4,True,0.19873945,0.24864952,0.20794468,0.8185137066539774,5.951084333399465,0.4,5.951084333399465
suven_2025,23,COc1ccc(OC2CCN(c3nn4c(C)nnc4c(C)c3C)CC2)cc1,EXT_eaaa521ce959,log10_M4_over_M2_selectivity,continuous,2.070581074285707,selectivity,False,WO2025099660A1,ACh EC20,M4/M2 CRE-luciferase,False,c1ccc(OC2CCN(c3ccc4nncn4n3)CC2)cc1,0.3692307692307692,True,0.04286759,0.19265525,0.10089677,0.907099761209091,5.9530119265872985,0.3692307692307692,5.9530119265872985
us20260055116_2026,I-89,Cc1c(OC(F)F)c2c(n(C)c1=O)CN(C(=O)c1cnn(C(F)(F)F)c1)C2,EXT_3addd6586200,human_GTPgammaS_PAM_bin,ordinal,2.0,primary_function,False,US20260055116A1,ACh,human M4 GTPgammaS,False,O=C(c1cn[nH]c1)N1Cc2ccc(=O)[nH]c2C1,0.2333333333333333,True,-0.0031760575,0.17633007,0.15638581,0.8648477009259176,5.949753595304233,0.2333333333333333,5.949753595304233
us20260055116_2026,I-1,Cc1c2c(n(C)c(=O)c1Cl)CN(C(=O)c1cnn(C(F)(F)F)c1)C2,EXT_47ce1a45d890,human_GTPgammaS_PAM_bin,ordinal,3.0,primary_function,False,US20260055116A1,ACh,human M4 GTPgammaS,False,O=C(c1cn[nH]c1)N1Cc2ccc(=O)[nH]c2C1,0.2093023255813953,True,-0.083047055,0.014841176,0.013634652,0.850558954888473,6.006660987506011,0.2093023255813953,6.006660987506011
us20260055116_2026,I-92,Cc1cc(=O)n(C)c2c1C(C)N(C(=O)c1cnn(C(F)(F)F)c1)C2,EXT_4c4100b4938c,human_GTPgammaS_PAM_bin,ordinal,1.0,primary_function,False,US20260055116A1,ACh,human M4 GTPgammaS,False,O=C(c1cn[nH]c1)N1Cc2ccc(=O)[nH]c2C1,0.2183908045977011,True,-0.0064388276,0.092375964,0.11124146,0.7815174191331036,5.931673091931215,0.2183908045977011,5.931673091931215
us20260055116_2026,I-113,Cc1c2c(n(C)c(=O)c1F)CN(C(=O)c1cnn(C(F)(F)F)c1)C2,EXT_50b975bcf4ca,human_GTPgammaS_PAM_bin,ordinal,2.0,primary_function,False,US20260055116A1,ACh,human M4 GTPgammaS,False,O=C(c1cn[nH]c1)N1Cc2ccc(=O)[nH]c2C1,0.2025316455696202,True,0.005304191,0.1221652,0.14792462,0.8706519383895855,5.979812808796296,0.2025316455696202,5.979812808796296
us20260055116_2026,I-90,CSc1c2c(n(C)c(=O)c1C)CN(C(=O)c1cnn(C(F)(F)F)c1)C2,EXT_72ae1eb10778,human_GTPgammaS_PAM_bin,ordinal,2.0,primary_function,False,US20260055116A1,ACh,human M4 GTPgammaS,False,O=C(c1cn[nH]c1)N1Cc2ccc(=O)[nH]c2C1,0.1931818181818181,True,0.0319147,0.19499819,0.15856202,0.8690150067556398,5.9675414802248685,0.1931818181818181,5.9675414802248685
us20260055116_2026,I-67,Cc1c2c(n(C)c(=O)c1Cl)CN(C(=O)c1cnc(C(F)(F)C3CC3)s1)C2,EXT_7d363ea5fe93,human_GTPgammaS_PAM_bin,ordinal,3.0,primary_function,False,US20260055116A1,ACh,human M4 GTPgammaS,False,O=C(c1cnc(CC2CC2)s1)N1Cc2ccc(=O)[nH]c2C1,0.2435897435897435,True,-0.16562477,-0.07429551,-0.13095076,0.8349865169124239,5.9745092730880245,0.2435897435897435,5.9745092730880245
us20260055116_2026,I-73,COc1c2c(n(C)c(=O)c1Cl)CN(C(=O)c1cnn(C(F)(F)F)c1)C2C,EXT_8d6d6ab58b03,human_GTPgammaS_PAM_bin,ordinal,3.0,primary_function,False,US20260055116A1,ACh,human M4 GTPgammaS,False,O=C(c1cn[nH]c1)N1Cc2ccc(=O)[nH]c2C1,0.2365591397849462,True,-0.22573324,-0.13002229,-0.13836579,0.6829777501730876,5.962419771368448,0.2365591397849462,5.962419771368448
us20260055116_2026,I-76,Cc1c2c(n(C)c(=O)c1Cl)CN(C(=O)c1cnn(C(F)(F)F)c1)[C@@H]2C,EXT_c5091f7045cd,human_GTPgammaS_PAM_bin,ordinal,4.0,primary_function,False,US20260055116A1,ACh,human M4 GTPgammaS,False,O=C(c1cn[nH]c1)N1Cc2ccc(=O)[nH]c2C1,0.2159090909090909,True,-0.13440032,-0.0492543,-0.055094477,0.8239088960322655,5.985484594252043,0.2159090909090909,5.985484594252043
us20260055116_2026,I-79,COc1cc(=O)n(C)c2c1C(C)N(C(=O)c1cnn(C(F)(F)F)c1)C2,EXT_d4eeedf614a1,human_GTPgammaS_PAM_bin,ordinal,2.0,primary_function,False,US20260055116A1,ACh,human M4 GTPgammaS,False,O=C(c1cn[nH]c1)N1Cc2ccc(=O)[nH]c2C1,0.2282608695652173,True,-0.076691054,0.041830383,0.022544926,0.6376749386126674,5.961344314153443,0.2282608695652173,5.961344314153443
us20260055116_2026,I-108,Cc1c2c(n(C)c(=O)c1Cl)C(C)N(C(=O)c1cnn(C(F)(F)F)c1)C2,EXT_e93baa6eaeeb,human_GTPgammaS_PAM_bin,ordinal,1.0,primary_function,False,US20260055116A1,ACh,human M4 GTPgammaS,False,O=C(c1cn[nH]c1)N1Cc2ccc(=O)[nH]c2C1,0.2298850574712643,True,-0.14677227,-0.06733935,-0.05178939,0.8207625324603484,5.985750873418709,0.2298850574712643,5.985750873418709
us20260055116_2026,I-107,Cc1cc(=O)n(C)c2c1CN(C(=O)c1cnn(C)c1)C2C,EXT_f18872bf2c11,human_GTPgammaS_PAM_bin,ordinal,1.0,primary_function,False,US20260055116A1,ACh,human M4 GTPgammaS,False,O=C(c1cn[nH]c1)N1Cc2ccc(=O)[nH]c2C1,0.25,True,-0.10836734,-0.006491542,0.024750268,0.8456131797652764,5.956168668518516,0.25,5.956168668518516
us20260055116_2026,I-82,COc1c2c(n(C)c(=O)c1C)CN(C(=O)c1cnn(C(F)(F)F)c1)C2C,EXT_fe729f0ce598,human_GTPgammaS_PAM_bin,ordinal,3.0,primary_function,False,US20260055116A1,ACh,human M4 GTPgammaS,False,O=C(c1cn[nH]c1)N1Cc2ccc(=O)[nH]c2C1,0.2222222222222222,True,-0.15995912,0.030068768,0.014329463,0.774197128677149,5.957004632010583,0.2222222222222222,5.957004632010583
us20260055116_2026,I-78,Cc1c2c(n(C)c(=O)c1C)CN(C(=O)c1cnn(C(F)(F)F)c1)[C@@H]2C,EXT_07cc86e3e302,human_pERK_PAM_bin,ordinal,4.0,primary_function,False,US20260055116A1,ACh,human M4 pERK,False,O=C(c1cn[nH]c1)N1Cc2ccc(=O)[nH]c2C1,0.2051282051282051,True,0.010533494,0.1521004,0.15932718,0.8485795418815493,5.967612310582009,0.2051282051282051,5.967612310582009
us20260055116_2026,I-58,Cc1c2c(n(C)c(=O)c1Cl)CN(C(=O)c1cc(CC(F)(F)F)on1)C2,EXT_113f64864255,human_pERK_PAM_bin,ordinal,2.0,primary_function,False,US20260055116A1,ACh,human M4 pERK,False,O=C(c1ccon1)N1Cc2ccc(=O)[nH]c2C1,0.2394366197183098,True,-0.071880385,-0.03795767,-0.040922906,0.8264008239058885,6.127437360846556,0.2394366197183098,6.127437360846556
us20260055116_2026,I-89,Cc1c(OC(F)F)c2c(n(C)c1=O)CN(C(=O)c1cnn(C(F)(F)F)c1)C2,EXT_3addd6586200,human_pERK_PAM_bin,ordinal,3.0,primary_function,False,US20260055116A1,ACh,human M4 pERK,False,O=C(c1cn[nH]c1)N1Cc2ccc(=O)[nH]c2C1,0.2333333333333333,True,-0.0031760575,0.17633007,0.15638581,0.8648477009259176,5.949753595304233,0.2333333333333333,5.949753595304233
us20260055116_2026,I-59,Cc1c2c(n(C)c(=O)c1Cl)CN(C(=O)c1cnn(Cc3cccnc3)c1)C2,EXT_417259478d65,human_pERK_PAM_bin,ordinal,2.0,primary_function,False,US20260055116A1,ACh,human M4 pERK,False,O=C(c1cnn(Cc2cccnc2)c1)N1Cc2ccc(=O)[nH]c2C1,0.3048780487804878,True,-0.09016075,0.009321416,0.010830945,0.8543729350685806,6.17416826587301,0.3048780487804878,6.17416826587301
us20260055116_2026,I-1,Cc1c2c(n(C)c(=O)c1Cl)CN(C(=O)c1cnn(C(F)(F)F)c1)C2,EXT_47ce1a45d890,human_pERK_PAM_bin,ordinal,4.0,primary_function,False,US20260055116A1,ACh,human M4 pERK,False,O=C(c1cn[nH]c1)N1Cc2ccc(=O)[nH]c2C1,0.2093023255813953,True,-0.083047055,0.014841176,0.013634652,0.850558954888473,6.006660987506011,0.2093023255813953,6.006660987506011
us20260055116_2026,I-92,Cc1cc(=O)n(C)c2c1C(C)N(C(=O)c1cnn(C(F)(F)F)c1)C2,EXT_4c4100b4938c,human_pERK_PAM_bin,ordinal,1.0,primary_function,False,US20260055116A1,ACh,human M4 pERK,False,O=C(c1cn[nH]c1)N1Cc2ccc(=O)[nH]c2C1,0.2183908045977011,True,-0.0064388276,0.092375964,0.11124146,0.7815174191331036,5.931673091931215,0.2183908045977011,5.931673091931215
us20260055116_2026,I-113,Cc1c2c(n(C)c(=O)c1F)CN(C(=O)c1cnn(C(F)(F)F)c1)C2,EXT_50b975bcf4ca,human_pERK_PAM_bin,ordinal,4.0,primary_function,False,US20260055116A1,ACh,human M4 pERK,False,O=C(c1cn[nH]c1)N1Cc2ccc(=O)[nH]c2C1,0.2025316455696202,True,0.005304191,0.1221652,0.14792462,0.8706519383895855,5.979812808796296,0.2025316455696202,5.979812808796296
us20260055116_2026,I-85,COc1c2c(n(C)c(=O)c1C)CN(C(=O)c1cnn(CC(F)(F)F)c1)C2,EXT_57853985ff60,human_pERK_PAM_bin,ordinal,2.0,primary_function,False,US20260055116A1,ACh,human M4 pERK,False,O=C(c1cn[nH]c1)N1Cc2ccc(=O)[nH]c2C1,0.2087912087912088,True,-0.040234532,0.16105014,0.13598736,0.8211009950966274,6.013549487764551,0.2087912087912088,6.013549487764551
us20260055116_2026,I-88,CCOc1c2c(n(C)c(=O)c1C)CN(C(=O)c1cnn(C(F)(F)F)c1)C2,EXT_5e6f9357604b,human_pERK_PAM_bin,ordinal,4.0,primary_function,False,US20260055116A1,ACh,human M4 pERK,False,O=C(c1cn[nH]c1)N1Cc2ccc(=O)[nH]c2C1,0.2134831460674157,True,-0.031990614,0.14052777,0.11530677,0.8679195307195371,6.0191314597222245,0.2134831460674157,6.0191314597222245
us20260055116_2026,I-110,Cc1c2c(n(C)c(=O)c1C(F)(F)F)CN(C(=O)c1cnn(C)c1)C2,EXT_67e8310dd345,human_pERK_PAM_bin,ordinal,3.0,primary_function,False,US20260055116A1,ACh,human M4 pERK,False,O=C(c1cn[nH]c1)N1Cc2ccc(=O)[nH]c2C1,0.2345679012345679,True,-0.018580562,0.09139879,0.12890175,0.8583598325718363,6.014312444510579,0.2345679012345679,6.014312444510579
us20260055116_2026,I-90,CSc1c2c(n(C)c(=O)c1C)CN(C(=O)c1cnn(C(F)(F)F)c1)C2,EXT_72ae1eb10778,human_pERK_PAM_bin,ordinal,3.0,primary_function,False,US20260055116A1,ACh,human M4 pERK,False,O=C(c1cn[nH]c1)N1Cc2ccc(=O)[nH]c2C1,0.1931818181818181,True,0.0319147,0.19499819,0.15856202,0.8690150067556398,5.9675414802248685,0.1931818181818181,5.9675414802248685
us20260055116_2026,I-69,Cc1c2c(n(CC3CC3)c(=O)c1Cl)CN(C(=O)c1cnc(CC3CC3)s1)C2,EXT_7ac1d588c233,human_pERK_PAM_bin,ordinal,3.0,primary_function,False,US20260055116A1,ACh,human M4 pERK,False,O=C(c1cnc(CC2CC2)s1)N1Cc2ccc(=O)n(CC3CC3)c2C1,0.2676056338028169,True,-0.12858193,-0.09865194,-0.15664886,0.8606357712429515,6.108071330230879,0.2676056338028169,6.108071330230879
us20260055116_2026,I-64,Cc1c2c(n(C)c(=O)c1Cl)CN(C(=O)c1cnc(C(F)(F)C3CC3)s1)C2,EXT_7d363ea5fe93,human_pERK_PAM_bin,ordinal,4.0,primary_function,False,US20260055116A1,ACh,human M4 pERK,False,O=C(c1cnc(CC2CC2)s1)N1Cc2ccc(=O)[nH]c2C1,0.2435897435897435,True,-0.16562477,-0.07429551,-0.13095076,0.8349865169124239,5.9745092730880245,0.2435897435897435,5.9745092730880245
us20260055116_2026,I-73,COc1c2c(n(C)c(=O)c1Cl)CN(C(=O)c1cnn(C(F)(F)F)c1)C2C,EXT_8d6d6ab58b03,human_pERK_PAM_bin,ordinal,3.0,primary_function,False,US20260055116A1,ACh,human M4 pERK,False,O=C(c1cn[nH]c1)N1Cc2ccc(=O)[nH]c2C1,0.2365591397849462,True,-0.22573324,-0.13002229,-0.13836579,0.6829777501730876,5.962419771368448,0.2365591397849462,5.962419771368448
us20260055116_2026,I-114,Cc1c2c(n(C)c(=O)c1F)CN(C(=O)c1cnn(C(F)(F)F)c1)[C@@H]2C,EXT_94da39744187,human_pERK_PAM_bin,ordinal,4.0,primary_function,False,US20260055116A1,ACh,human M4 pERK,False,O=C(c1cn[nH]c1)N1Cc2ccc(=O)[nH]c2C1,0.2068965517241379,True,0.007941377,0.1026425,0.128817,0.8516138524919394,5.9571671756613735,0.2068965517241379,5.9571671756613735
us20260055116_2026,I-68,Cc1c2c(n(C)c(=O)c1Cl)CN(C(=O)c1cc(C(F)(F)F)n(C)c1)C2,EXT_a97701050282,human_pERK_PAM_bin,ordinal,4.0,primary_function,False,US20260055116A1,ACh,human M4 pERK,False,O=C(c1cc[nH]c1)N1Cc2ccc(=O)[nH]c2C1,0.2142857142857142,True,-0.008535206,0.13037178,0.12200866,0.8552329907211192,6.004380439814812,0.2142857142857142,6.004380439814812
us20260055116_2026,I-51,Cc1c2c(n(C)c(=O)c1Cl)CN(C(=O)c1ccc3nc(C4CCC4)sc3c1)C2,EXT_aa96bf685bde,human_pERK_PAM_bin,ordinal,4.0,primary_function,False,US20260055116A1,ACh,human M4 pERK,False,O=C(c1ccc2nc(C3CCC3)sc2c1)N1Cc2ccc(=O)[nH]c2C1,0.247191011235955,True,-0.19061618,-0.05283053,-0.07660923,0.8143237726767509,5.918076249074073,0.247191011235955,5.918076249074073
us20260055116_2026,I-111,Cc1c2c(n(C)c(=O)c1C)CN(C(=O)c1ccc3nc(C4CC4)sc3c1)C2,EXT_abe8e8398845,human_pERK_PAM_bin,ordinal,1.0,primary_function,False,US20260055116A1,ACh,human M4 pERK,False,O=C(c1ccc2nc(C3CC3)sc2c1)N1Cc2ccc(=O)[nH]c2C1,0.25,True,-0.091141865,0.096050076,0.04774457,0.8409267661278768,5.906957502645505,0.25,5.906957502645505
us20260055116_2026,I-104,Cc1cc(=O)n(C)c2c1CN(C(=O)c1cnn(C)c1)C2,EXT_c187aa304037,human_pERK_PAM_bin,ordinal,3.0,primary_function,False,US20260055116A1,ACh,human M4 pERK,False,O=C(c1cn[nH]c1)N1Cc2ccc(=O)[nH]c2C1,0.2833333333333333,True,-0.03115989,0.08256074,0.11263888,0.8469630212689846,5.983074406216927,0.2833333333333333,5.983074406216927
us20260055116_2026,I-76,Cc1c2c(n(C)c(=O)c1Cl)CN(C(=O)c1cnn(C(F)(F)F)c1)[C@@H]2C,EXT_c5091f7045cd,human_pERK_PAM_bin,ordinal,4.0,primary_function,False,US20260055116A1,ACh,human M4 pERK,False,O=C(c1cn[nH]c1)N1Cc2ccc(=O)[nH]c2C1,0.2159090909090909,True,-0.13440032,-0.0492543,-0.055094477,0.8239088960322655,5.985484594252043,0.2159090909090909,5.985484594252043
us20260055116_2026,I-79,COc1cc(=O)n(C)c2c1C(C)N(C(=O)c1cnn(C(F)(F)F)c1)C2,EXT_d4eeedf614a1,human_pERK_PAM_bin,ordinal,2.0,primary_function,False,US20260055116A1,ACh,human M4 pERK,False,O=C(c1cn[nH]c1)N1Cc2ccc(=O)[nH]c2C1,0.2282608695652173,True,-0.076691054,0.041830383,0.022544926,0.6376749386126674,5.961344314153443,0.2282608695652173,5.961344314153443
us20260055116_2026,I-53,Cc1c2c(n(C)c(=O)c1Cl)CN(C(=O)c1cnn(CC3(C)COC3)c1)C2,EXT_da1108c2ec09,human_pERK_PAM_bin,ordinal,1.0,primary_function,False,US20260055116A1,ACh,human M4 pERK,False,O=C(c1cnn(CC2COC2)c1)N1Cc2ccc(=O)[nH]c2C1,0.216867469879518,True,-0.13839391,0.0031401755,-0.019881332,0.8449190586269173,6.366828251725585,0.216867469879518,6.366828251725585
us20260055116_2026,I-108,Cc1c2c(n(C)c(=O)c1Cl)C(C)N(C(=O)c1cnn(C(F)(F)F)c1)C2,EXT_e93baa6eaeeb,human_pERK_PAM_bin,ordinal,2.0,primary_function,False,US20260055116A1,ACh,human M4 pERK,False,O=C(c1cn[nH]c1)N1Cc2ccc(=O)[nH]c2C1,0.2298850574712643,True,-0.14677227,-0.06733935,-0.05178939,0.8207625324603484,5.985750873418709,0.2298850574712643,5.985750873418709
us20260055116_2026,I-107,Cc1cc(=O)n(C)c2c1CN(C(=O)c1cnn(C)c1)C2C,EXT_f18872bf2c11,human_pERK_PAM_bin,ordinal,1.0,primary_function,False,US20260055116A1,ACh,human M4 pERK,False,O=C(c1cn[nH]c1)N1Cc2ccc(=O)[nH]c2C1,0.25,True,-0.10836734,-0.006491542,0.024750268,0.8456131797652764,5.956168668518516,0.25,5.956168668518516
us20260055116_2026,I-82,COc1c2c(n(C)c(=O)c1C)CN(C(=O)c1cnn(C(F)(F)F)c1)C2C,EXT_fe729f0ce598,human_pERK_PAM_bin,ordinal,3.0,primary_function,False,US20260055116A1,ACh,human M4 pERK,False,O=C(c1cn[nH]c1)N1Cc2ccc(=O)[nH]c2C1,0.2222222222222222,True,-0.15995912,0.030068768,0.014329463,0.774197128677149,5.957004632010583,0.2222222222222222,5.957004632010583
us20260055116_2026,I-78,Cc1c2c(n(C)c(=O)c1C)CN(C(=O)c1cnn(C(F)(F)F)c1)[C@@H]2C,EXT_07cc86e3e302,rat_pERK_PAM_bin,ordinal,3.0,primary_function,False,US20260055116A1,ACh,rat M4 pERK,False,O=C(c1cn[nH]c1)N1Cc2ccc(=O)[nH]c2C1,0.2051282051282051,True,0.010533494,0.1521004,0.15932718,0.8485795418815493,5.967612310582009,0.2051282051282051,5.967612310582009
us20260055116_2026,I-58,Cc1c2c(n(C)c(=O)c1Cl)CN(C(=O)c1cc(CC(F)(F)F)on1)C2,EXT_113f64864255,rat_pERK_PAM_bin,ordinal,1.0,primary_function,False,US20260055116A1,ACh,rat M4 pERK,False,O=C(c1ccon1)N1Cc2ccc(=O)[nH]c2C1,0.2394366197183098,True,-0.071880385,-0.03795767,-0.040922906,0.8264008239058885,6.127437360846556,0.2394366197183098,6.127437360846556
us20260055116_2026,I-89,Cc1c(OC(F)F)c2c(n(C)c1=O)CN(C(=O)c1cnn(C(F)(F)F)c1)C2,EXT_3addd6586200,rat_pERK_PAM_bin,ordinal,1.0,primary_function,False,US20260055116A1,ACh,rat M4 pERK,False,O=C(c1cn[nH]c1)N1Cc2ccc(=O)[nH]c2C1,0.2333333333333333,True,-0.0031760575,0.17633007,0.15638581,0.8648477009259176,5.949753595304233,0.2333333333333333,5.949753595304233
us20260055116_2026,I-59,Cc1c2c(n(C)c(=O)c1Cl)CN(C(=O)c1cnn(Cc3cccnc3)c1)C2,EXT_417259478d65,rat_pERK_PAM_bin,ordinal,1.0,primary_function,False,US20260055116A1,ACh,rat M4 pERK,False,O=C(c1cnn(Cc2cccnc2)c1)N1Cc2ccc(=O)[nH]c2C1,0.3048780487804878,True,-0.09016075,0.009321416,0.010830945,0.8543729350685806,6.17416826587301,0.3048780487804878,6.17416826587301
us20260055116_2026,I-1,Cc1c2c(n(C)c(=O)c1Cl)CN(C(=O)c1cnn(C(F)(F)F)c1)C2,EXT_47ce1a45d890,rat_pERK_PAM_bin,ordinal,2.0,primary_function,False,US20260055116A1,ACh,rat M4 pERK,False,O=C(c1cn[nH]c1)N1Cc2ccc(=O)[nH]c2C1,0.2093023255813953,True,-0.083047055,0.014841176,0.013634652,0.850558954888473,6.006660987506011,0.2093023255813953,6.006660987506011
us20260055116_2026,I-92,Cc1cc(=O)n(C)c2c1C(C)N(C(=O)c1cnn(C(F)(F)F)c1)C2,EXT_4c4100b4938c,rat_pERK_PAM_bin,ordinal,1.0,primary_function,False,US20260055116A1,ACh,rat M4 pERK,False,O=C(c1cn[nH]c1)N1Cc2ccc(=O)[nH]c2C1,0.2183908045977011,True,-0.0064388276,0.092375964,0.11124146,0.7815174191331036,5.931673091931215,0.2183908045977011,5.931673091931215
us20260055116_2026,I-113,Cc1c2c(n(C)c(=O)c1F)CN(C(=O)c1cnn(C(F)(F)F)c1)C2,EXT_50b975bcf4ca,rat_pERK_PAM_bin,ordinal,1.0,primary_function,False,US20260055116A1,ACh,rat M4 pERK,False,O=C(c1cn[nH]c1)N1Cc2ccc(=O)[nH]c2C1,0.2025316455696202,True,0.005304191,0.1221652,0.14792462,0.8706519383895855,5.979812808796296,0.2025316455696202,5.979812808796296
us20260055116_2026,I-85,COc1c2c(n(C)c(=O)c1C)CN(C(=O)c1cnn(CC(F)(F)F)c1)C2,EXT_57853985ff60,rat_pERK_PAM_bin,ordinal,1.0,primary_function,False,US20260055116A1,ACh,rat M4 pERK,False,O=C(c1cn[nH]c1)N1Cc2ccc(=O)[nH]c2C1,0.2087912087912088,True,-0.040234532,0.16105014,0.13598736,0.8211009950966274,6.013549487764551,0.2087912087912088,6.013549487764551
us20260055116_2026,I-88,CCOc1c2c(n(C)c(=O)c1C)CN(C(=O)c1cnn(C(F)(F)F)c1)C2,EXT_5e6f9357604b,rat_pERK_PAM_bin,ordinal,1.0,primary_function,False,US20260055116A1,ACh,rat M4 pERK,False,O=C(c1cn[nH]c1)N1Cc2ccc(=O)[nH]c2C1,0.2134831460674157,True,-0.031990614,0.14052777,0.11530677,0.8679195307195371,6.0191314597222245,0.2134831460674157,6.0191314597222245
us20260055116_2026,I-110,Cc1c2c(n(C)c(=O)c1C(F)(F)F)CN(C(=O)c1cnn(C)c1)C2,EXT_67e8310dd345,rat_pERK_PAM_bin,ordinal,1.0,primary_function,False,US20260055116A1,ACh,rat M4 pERK,False,O=C(c1cn[nH]c1)N1Cc2ccc(=O)[nH]c2C1,0.2345679012345679,True,-0.018580562,0.09139879,0.12890175,0.8583598325718363,6.014312444510579,0.2345679012345679,6.014312444510579
us20260055116_2026,I-90,CSc1c2c(n(C)c(=O)c1C)CN(C(=O)c1cnn(C(F)(F)F)c1)C2,EXT_72ae1eb10778,rat_pERK_PAM_bin,ordinal,1.0,primary_function,False,US20260055116A1,ACh,rat M4 pERK,False,O=C(c1cn[nH]c1)N1Cc2ccc(=O)[nH]c2C1,0.1931818181818181,True,0.0319147,0.19499819,0.15856202,0.8690150067556398,5.9675414802248685,0.1931818181818181,5.9675414802248685
us20260055116_2026,I-69,Cc1c2c(n(CC3CC3)c(=O)c1Cl)CN(C(=O)c1cnc(CC3CC3)s1)C2,EXT_7ac1d588c233,rat_pERK_PAM_bin,ordinal,1.0,primary_function,False,US20260055116A1,ACh,rat M4 pERK,False,O=C(c1cnc(CC2CC2)s1)N1Cc2ccc(=O)n(CC3CC3)c2C1,0.2676056338028169,True,-0.12858193,-0.09865194,-0.15664886,0.8606357712429515,6.108071330230879,0.2676056338028169,6.108071330230879
us20260055116_2026,I-64,Cc1c2c(n(C)c(=O)c1Cl)CN(C(=O)c1cnc(C(F)(F)C3CC3)s1)C2,EXT_7d363ea5fe93,rat_pERK_PAM_bin,ordinal,2.0,primary_function,False,US20260055116A1,ACh,rat M4 pERK,False,O=C(c1cnc(CC2CC2)s1)N1Cc2ccc(=O)[nH]c2C1,0.2435897435897435,True,-0.16562477,-0.07429551,-0.13095076,0.8349865169124239,5.9745092730880245,0.2435897435897435,5.9745092730880245
us20260055116_2026,I-73,COc1c2c(n(C)c(=O)c1Cl)CN(C(=O)c1cnn(C(F)(F)F)c1)C2C,EXT_8d6d6ab58b03,rat_pERK_PAM_bin,ordinal,2.0,primary_function,False,US20260055116A1,ACh,rat M4 pERK,False,O=C(c1cn[nH]c1)N1Cc2ccc(=O)[nH]c2C1,0.2365591397849462,True,-0.22573324,-0.13002229,-0.13836579,0.6829777501730876,5.962419771368448,0.2365591397849462,5.962419771368448
us20260055116_2026,I-114,Cc1c2c(n(C)c(=O)c1F)CN(C(=O)c1cnn(C(F)(F)F)c1)[C@@H]2C,EXT_94da39744187,rat_pERK_PAM_bin,ordinal,3.0,primary_function,False,US20260055116A1,ACh,rat M4 pERK,False,O=C(c1cn[nH]c1)N1Cc2ccc(=O)[nH]c2C1,0.2068965517241379,True,0.007941377,0.1026425,0.128817,0.8516138524919394,5.9571671756613735,0.2068965517241379,5.9571671756613735
us20260055116_2026,I-68,Cc1c2c(n(C)c(=O)c1Cl)CN(C(=O)c1cc(C(F)(F)F)n(C)c1)C2,EXT_a97701050282,rat_pERK_PAM_bin,ordinal,3.0,primary_function,False,US20260055116A1,ACh,rat M4 pERK,False,O=C(c1cc[nH]c1)N1Cc2ccc(=O)[nH]c2C1,0.2142857142857142,True,-0.008535206,0.13037178,0.12200866,0.8552329907211192,6.004380439814812,0.2142857142857142,6.004380439814812
us20260055116_2026,I-51,Cc1c2c(n(C)c(=O)c1Cl)CN(C(=O)c1ccc3nc(C4CCC4)sc3c1)C2,EXT_aa96bf685bde,rat_pERK_PAM_bin,ordinal,3.0,primary_function,False,US20260055116A1,ACh,rat M4 pERK,False,O=C(c1ccc2nc(C3CCC3)sc2c1)N1Cc2ccc(=O)[nH]c2C1,0.247191011235955,True,-0.19061618,-0.05283053,-0.07660923,0.8143237726767509,5.918076249074073,0.247191011235955,5.918076249074073
us20260055116_2026,I-111,Cc1c2c(n(C)c(=O)c1C)CN(C(=O)c1ccc3nc(C4CC4)sc3c1)C2,EXT_abe8e8398845,rat_pERK_PAM_bin,ordinal,3.0,primary_function,False,US20260055116A1,ACh,rat M4 pERK,False,O=C(c1ccc2nc(C3CC3)sc2c1)N1Cc2ccc(=O)[nH]c2C1,0.25,True,-0.091141865,0.096050076,0.04774457,0.8409267661278768,5.906957502645505,0.25,5.906957502645505
us20260055116_2026,I-104,Cc1cc(=O)n(C)c2c1CN(C(=O)c1cnn(C)c1)C2,EXT_c187aa304037,rat_pERK_PAM_bin,ordinal,1.0,primary_function,False,US20260055116A1,ACh,rat M4 pERK,False,O=C(c1cn[nH]c1)N1Cc2ccc(=O)[nH]c2C1,0.2833333333333333,True,-0.03115989,0.08256074,0.11263888,0.8469630212689846,5.983074406216927,0.2833333333333333,5.983074406216927
us20260055116_2026,I-76,Cc1c2c(n(C)c(=O)c1Cl)CN(C(=O)c1cnn(C(F)(F)F)c1)[C@@H]2C,EXT_c5091f7045cd,rat_pERK_PAM_bin,ordinal,3.0,primary_function,False,US20260055116A1,ACh,rat M4 pERK,False,O=C(c1cn[nH]c1)N1Cc2ccc(=O)[nH]c2C1,0.2159090909090909,True,-0.13440032,-0.0492543,-0.055094477,0.8239088960322655,5.985484594252043,0.2159090909090909,5.985484594252043
us20260055116_2026,I-79,COc1cc(=O)n(C)c2c1C(C)N(C(=O)c1cnn(C(F)(F)F)c1)C2,EXT_d4eeedf614a1,rat_pERK_PAM_bin,ordinal,1.0,primary_function,False,US20260055116A1,ACh,rat M4 pERK,False,O=C(c1cn[nH]c1)N1Cc2ccc(=O)[nH]c2C1,0.2282608695652173,True,-0.076691054,0.041830383,0.022544926,0.6376749386126674,5.961344314153443,0.2282608695652173,5.961344314153443
us20260055116_2026,I-53,Cc1c2c(n(C)c(=O)c1Cl)CN(C(=O)c1cnn(CC3(C)COC3)c1)C2,EXT_da1108c2ec09,rat_pERK_PAM_bin,ordinal,1.0,primary_function,False,US20260055116A1,ACh,rat M4 pERK,False,O=C(c1cnn(CC2COC2)c1)N1Cc2ccc(=O)[nH]c2C1,0.216867469879518,True,-0.13839391,0.0031401755,-0.019881332,0.8449190586269173,6.366828251725585,0.216867469879518,6.366828251725585
us20260055116_2026,I-108,Cc1c2c(n(C)c(=O)c1Cl)C(C)N(C(=O)c1cnn(C(F)(F)F)c1)C2,EXT_e93baa6eaeeb,rat_pERK_PAM_bin,ordinal,1.0,primary_function,False,US20260055116A1,ACh,rat M4 pERK,False,O=C(c1cn[nH]c1)N1Cc2ccc(=O)[nH]c2C1,0.2298850574712643,True,-0.14677227,-0.06733935,-0.05178939,0.8207625324603484,5.985750873418709,0.2298850574712643,5.985750873418709
us20260055116_2026,I-107,Cc1cc(=O)n(C)c2c1CN(C(=O)c1cnn(C)c1)C2C,EXT_f18872bf2c11,rat_pERK_PAM_bin,ordinal,1.0,primary_function,False,US20260055116A1,ACh,rat M4 pERK,False,O=C(c1cn[nH]c1)N1Cc2ccc(=O)[nH]c2C1,0.25,True,-0.10836734,-0.006491542,0.024750268,0.8456131797652764,5.956168668518516,0.25,5.956168668518516
us20260055116_2026,I-82,COc1c2c(n(C)c(=O)c1C)CN(C(=O)c1cnn(C(F)(F)F)c1)C2C,EXT_fe729f0ce598,rat_pERK_PAM_bin,ordinal,2.0,primary_function,False,US20260055116A1,ACh,rat M4 pERK,False,O=C(c1cn[nH]c1)N1Cc2ccc(=O)[nH]c2C1,0.2222222222222222,True,-0.15995912,0.030068768,0.014329463,0.774197128677149,5.957004632010583,0.2222222222222222,5.957004632010583
vu6025733_2026,6h,Cc1cccc(OC2CCN(c3nn4cnnc4c(C)c3C)CC2)c1,EXT_38f303038a6e,calcium_PAM_pEC50,continuous,6.798602875679549,primary_function,False,10.1021/acschemneuro.5c00963,ACh EC20,hM4/Gqi5-CHO calcium mobilization,False,c1ccc(OC2CCN(c3ccc4nncn4n3)CC2)cc1,0.3939393939393939,True,0.16226591,0.19190703,0.17429765,0.9178490487540092,5.861527575925923,0.3939393939393939,5.861527575925923
vu6025733_2026,6a,Cc1c(N2CCC(Oc3ccc(F)cc3)CC2)nn2cnnc2c1C,EXT_4b7197732328,calcium_PAM_pEC50,continuous,6.882728704344236,primary_function,False,10.1021/acschemneuro.5c00963,ACh EC20,hM4/Gqi5-CHO calcium mobilization,False,c1ccc(OC2CCN(c3ccc4nncn4n3)CC2)cc1,0.4375,True,0.12736975,0.17369823,0.14320432,0.9296659567831956,5.9255393650793655,0.4375,5.9255393650793655
vu6025733_2026,5a,Cc1cc2nncn2nc1N1CCC(Oc2ccc(F)cc2)CC1,EXT_51972aec74c0,calcium_PAM_pEC50,continuous,6.818156412055227,primary_function,False,10.1021/acschemneuro.5c00963,ACh EC20,hM4/Gqi5-CHO calcium mobilization,False,c1ccc(OC2CCN(c3ccc4nncn4n3)CC2)cc1,0.4307692307692308,True,0.19281499,0.24552076,0.22420283,0.8318535268258747,5.924135548478833,0.4307692307692308,5.924135548478833
vu6025733_2026,5c,Cc1cc2nncn2nc1N1CCC(Oc2ccccc2F)CC1,EXT_54de1d9f04dc,calcium_PAM_pEC50,continuous,5.39469495385889,primary_function,False,10.1021/acschemneuro.5c00963,ACh EC20,hM4/Gqi5-CHO calcium mobilization,False,c1ccc(OC2CCN(c3ccc4nncn4n3)CC2)cc1,0.3380281690140845,True,0.19938354,0.26615703,0.23797743,0.7879966739565751,5.88624108531746,0.3380281690140845,5.88624108531746
vu6025733_2026,5e,Cc1cc2nncn2nc1N1CCC(Oc2cccc(F)c2F)CC1,EXT_5e3f60cc6582,calcium_PAM_pEC50,continuous,5.785156151952302,primary_function,False,10.1021/acschemneuro.5c00963,ACh EC20,hM4/Gqi5-CHO calcium mobilization,False,c1ccc(OC2CCN(c3ccc4nncn4n3)CC2)cc1,0.3287671232876712,True,0.2117375,0.2733486,0.24870245,0.7865866453642595,5.889833519841272,0.3287671232876712,5.889833519841272
vu6025733_2026,5h,Cc1cccc(OC2CCN(c3nn4cnnc4cc3C)CC2)c1,EXT_6f2f6d03627f,calcium_PAM_pEC50,continuous,6.795880017344075,primary_function,False,10.1021/acschemneuro.5c00963,ACh EC20,hM4/Gqi5-CHO calcium mobilization,False,c1ccc(OC2CCN(c3ccc4nncn4n3)CC2)cc1,0.373134328358209,True,0.1631736,0.22392355,0.19864452,0.8157748387112432,5.85930561183862,0.373134328358209,5.85930561183862
vu6025733_2026,6d,Cc1c(N2CCC(Oc3ccc(F)c(F)c3)CC2)nn2cnnc2c1C,EXT_70a503b0a16c,calcium_PAM_pEC50,continuous,6.485452247339714,primary_function,False,10.1021/acschemneuro.5c00963,ACh EC20,hM4/Gqi5-CHO calcium mobilization,False,c1ccc(OC2CCN(c3ccc4nncn4n3)CC2)cc1,0.4029850746268656,True,0.16098885,0.2213205,0.21006255,0.9326783307425036,5.972582401455031,0.4029850746268656,5.972582401455031
vu6025733_2026,6e,Cc1c(N2CCC(Oc3cccc(F)c3F)CC2)nn2cnnc2c1C,EXT_8f62dcc7c022,calcium_PAM_pEC50,continuous,5.853871964321762,primary_function,False,10.1021/acschemneuro.5c00963,ACh EC20,hM4/Gqi5-CHO calcium mobilization,False,c1ccc(OC2CCN(c3ccc4nncn4n3)CC2)cc1,0.3333333333333333,True,0.16794448,0.20862365,0.18022878,0.8835109546450698,5.8786219281746055,0.3333333333333333,5.8786219281746055
vu6025733_2026,5b,Cc1cc2nncn2nc1N1CCC(Oc2cccc(F)c2)CC1,EXT_98000e79d5ed,calcium_PAM_pEC50,continuous,6.596879478824182,primary_function,False,10.1021/acschemneuro.5c00963,ACh EC20,hM4/Gqi5-CHO calcium mobilization,False,c1ccc(OC2CCN(c3ccc4nncn4n3)CC2)cc1,0.391304347826087,True,0.18284994,0.23591375,0.2191972,0.828026559985598,5.878891750529098,0.391304347826087,5.878891750529098
vu6025733_2026,6g,Cc1ccc(OC2CCN(c3nn4cnnc4c(C)c3C)CC2)cc1,EXT_b5395d0383ad,calcium_PAM_pEC50,continuous,6.552841968657781,primary_function,False,10.1021/acschemneuro.5c00963,ACh EC20,hM4/Gqi5-CHO calcium mobilization,False,c1ccc(OC2CCN(c3ccc4nncn4n3)CC2)cc1,0.4193548387096774,True,0.112027936,0.14737144,0.114144735,0.9209631860300252,5.903727793584656,0.4193548387096774,5.903727793584656
vu6025733_2026,5g,Cc1ccc(OC2CCN(c3nn4cnnc4cc3C)CC2)cc1,EXT_c264be419474,calcium_PAM_pEC50,continuous,6.489454989793388,primary_function,False,10.1021/acschemneuro.5c00963,ACh EC20,hM4/Gqi5-CHO calcium mobilization,False,c1ccc(OC2CCN(c3ccc4nncn4n3)CC2)cc1,0.4126984126984127,True,0.17027695,0.22729623,0.19304289,0.8275308121391551,5.89533939960317,0.4126984126984127,5.89533939960317
vu6025733_2026,6q,Cc1c(N2CCC(Oc3ccc4c(c3)OCCO4)CC2)nn2cnnc2c1C,EXT_c6070ec58c0a,calcium_PAM_pEC50,continuous,7.42021640338319,primary_function,False,10.1021/acschemneuro.5c00963,ACh EC20,hM4/Gqi5-CHO calcium mobilization,False,c1cc2c(cc1OC1CCN(c3ccc4nncn4n3)CC1)OCCO2,0.4383561643835616,True,0.07443863,0.12938054,0.08565489,0.921349909614574,5.9184743075396815,0.4383561643835616,5.9184743075396815
vu6025733_2026,5q,Cc1cc2nncn2nc1N1CCC(Oc2ccc3c(c2)OCCO3)CC1,EXT_cf3eaa65d605,calcium_PAM_pEC50,continuous,6.872895201635192,primary_function,False,10.1021/acschemneuro.5c00963,ACh EC20,hM4/Gqi5-CHO calcium mobilization,False,c1cc2c(cc1OC1CCN(c3ccc4nncn4n3)CC1)OCCO2,0.4189189189189189,True,0.118105724,0.17393847,0.14074099,0.8233056928962207,5.896987130753966,0.4189189189189189,5.896987130753966
vu6025733_2026,5f,Cc1cc2nncn2nc1N1CCC(Oc2ccc(C(F)(F)F)cc2)CC1,EXT_e03626cdfa09,calcium_PAM_pEC50,continuous,5.220403508742176,primary_function,False,10.1021/acschemneuro.5c00963,ACh EC20,hM4/Gqi5-CHO calcium mobilization,False,c1ccc(OC2CCN(c3ccc4nncn4n3)CC2)cc1,0.3768115942028985,True,0.2775785,0.30100802,0.27911708,0.7992974668757691,5.953720149140207,0.3768115942028985,5.953720149140207
vu6025733_2026,6f,Cc1c(N2CCC(Oc3ccc(C(F)(F)F)cc3)CC2)nn2cnnc2c1C,EXT_ee69a09a1cdc,calcium_PAM_pEC50,continuous,5.392544976785331,primary_function,False,10.1021/acschemneuro.5c00963,ACh EC20,hM4/Gqi5-CHO calcium mobilization,False,c1ccc(OC2CCN(c3ccc4nncn4n3)CC2)cc1,0.3823529411764705,True,0.21571484,0.2393833,0.21680771,0.8982854545230176,5.9634350494709,0.3823529411764705,5.9634350494709
vu6025733_2026,5d,Cc1cc2nncn2nc1N1CCC(Oc2ccc(F)c(F)c2)CC1,EXT_f14da72bbed9,calcium_PAM_pEC50,continuous,6.393618634889394,primary_function,False,10.1021/acschemneuro.5c00963,ACh EC20,hM4/Gqi5-CHO calcium mobilization,False,c1ccc(OC2CCN(c3ccc4nncn4n3)CC2)cc1,0.3880597014925373,True,0.25891212,0.29323065,0.28278577,0.8311509931624298,5.946203474272488,0.3880597014925373,5.946203474272488
vu6025733_2026,6c,Cc1c(N2CCC(Oc3ccccc3F)CC2)nn2cnnc2c1C,EXT_f5062d82431d,calcium_PAM_pEC50,continuous,5.701146923590294,primary_function,False,10.1021/acschemneuro.5c00963,ACh EC20,hM4/Gqi5-CHO calcium mobilization,False,c1ccc(OC2CCN(c3ccc4nncn4n3)CC2)cc1,0.3428571428571428,True,0.15792952,0.1920222,0.15923768,0.8824015116506536,5.8786232138888925,0.3428571428571428,5.8786232138888925
vu6025733_2026,6b,Cc1c(N2CCC(Oc3cccc(F)c3)CC2)nn2cnnc2c1C,EXT_fdb588ec201c,calcium_PAM_pEC50,continuous,6.625251653989896,primary_function,False,10.1021/acschemneuro.5c00963,ACh EC20,hM4/Gqi5-CHO calcium mobilization,False,c1ccc(OC2CCN(c3ccc4nncn4n3)CC2)cc1,0.4117647058823529,True,0.17698424,0.21350239,0.1968934,0.9337562963572128,5.895865555489417,0.4117647058823529,5.895865555489417
