#"Step","Time (ps)","Potential Energy (kJ/mole)","Kinetic Energy (kJ/mole)","Temperature (K)","Box Volume (nm^3)","Density (g/mL)","Speed (ns/day)","Time Remaining"
5000,14.000000000001178,-800875.1356867296,208683.047646254,302.57747556248796,741.3303093696081,1.0131552490902276,0,--
10000,23.99999999999741,-803546.1222589482,207502.5513167386,300.86582910474095,734.379293563022,1.0227449232717853,366,39:16
15000,33.99999999999542,-808715.8763965163,206577.44394765006,299.52448079916337,731.531739948844,1.0267260506017468,368,39:00
20000,44.00000000000764,-807427.976223737,207201.74831286469,300.4296834063704,731.2663009627286,1.0270987371613918,366,39:10
25000,54.00000000001986,-806947.5541204377,206773.88167847716,299.80930332485144,731.6532493852784,1.026555536900228,368,38:59
30000,64.00000000003207,-807831.2670549727,206781.77958714124,299.82075480254815,729.5872435359064,1.0294624815634354,368,38:53
35000,74.00000000000877,-806335.5978550641,207008.7692506939,300.14987573571074,728.961151988888,1.0303466682665554,369,38:46
40000,83.99999999998546,-808928.0326307239,207472.10452771018,300.8216831491058,727.3115175392562,1.0326836247398783,370,38:35
45000,93.99999999996216,-807849.2981383041,206640.42278999137,299.6157962143081,726.9555728880392,1.0331892652856483,370,38:31
50000,103.99999999993885,-807125.2106248504,206407.62681445264,299.2782564889011,726.7172299381011,1.033528122501616,371,38:25
55000,113.99999999991554,-806803.8621084983,207373.3342041405,300.6784723061395,727.7853474931908,1.0320112885407164,364,39:04
60000,123.99999999989224,-806418.6828859849,206785.6036104852,299.82629939921264,728.5586910292396,1.0309158390334228,366,38:54
65000,133.99999999991155,-806575.8573834919,207739.17132248054,301.20891343675794,727.6050546920915,1.032267009971975,366,38:47
70000,143.9999999999593,-808430.2669075993,207024.6340021731,300.1728786413475,727.2574888223656,1.0327603438827628,367,38:40
75000,154.00000000000705,-807535.2224861695,205363.08303255297,297.7637327927672,727.450696754423,1.0324860469561905,368,38:33
80000,164.0000000000548,-807742.9980755807,207342.55361269938,300.6338423577099,728.6496112941272,1.0307872022514786,368,38:31
85000,174.00000000010255,-808417.2222971888,208036.7467957431,301.64037941592903,728.7005373408567,1.0307151645425157,368,38:28
90000,184.0000000001503,-805593.9426940205,207596.8389032732,301.0025402570473,729.1792764055565,1.0300384535747036,368,38:24
95000,194.00000000019804,-807756.2455790858,206550.43676027318,299.4853220525824,726.9237196431919,1.033234538853908,368,38:21
100000,204.0000000002458,-807250.1510337824,205568.89226447587,298.0621434137787,730.1950553483315,1.0286055605912108,369,38:16
105000,214.00000000029354,-807808.6585097779,207302.451796234,300.57569721114237,728.8855458005063,1.0304535445583796,365,38:34
110000,224.0000000003413,-807947.7880876386,208651.2470079987,302.531366609446,729.8076971318433,1.0291515110066234,366,38:29
115000,234.00000000038904,-807820.5589599838,207306.41316309897,300.5814409473935,727.7053112326621,1.0321247937234916,366,38:24
120000,244.00000000043678,-808105.8083842304,206443.30584965678,299.32998887696203,729.3526139176302,1.0297936552433125,367,38:18
125000,254.00000000048453,-809386.6499953629,205948.11943017074,298.6119992825466,727.6720505127565,1.0321719704889691,367,38:15
130000,264.0000000005323,-807045.5119795054,206707.5238687551,299.7130886165844,728.7480265188736,1.0306479975463079,367,38:13
135000,274.00000000058003,-808681.0341556501,205493.91073018397,297.95342483977015,726.9056526086707,1.0332602196063068,367,38:11
140000,284.0000000006278,-808952.0220397133,206793.0336177627,299.83707244892025,729.1194677930506,1.0301229461351922,367,38:07
145000,294.0000000006755,-809428.4318491099,205661.92254973736,298.19703155722283,727.903535597254,1.0318437231263455,367,38:03
150000,304.0000000007233,-809209.1703356984,207399.1382432133,300.71588656230466,727.9314412451807,1.0318041668357092,368,37:59
155000,314.000000000771,-809232.2909574606,206082.5334455695,298.8068912678722,724.471642317306,1.0367316681230976,366,38:10
160000,324.0000000008188,-807585.1577326325,206111.05863571342,298.8482510243116,727.5376297128212,1.0323626759264306,366,38:05
165000,334.0000000008665,-808046.3635890163,206970.48572565784,300.0943669989365,730.3081875763658,1.0284462190408656,366,38:03
170000,344.00000000091427,-808444.7535551218,207594.06971025112,300.99852509892395,728.4227619808817,1.0311082155162166,366,38:02
175000,354.000000000962,-808102.2913268255,208108.42660137004,301.7443106881624,725.3096969142081,1.0355337829384366,365,38:01
180000,364.00000000100977,-809160.8473729743,208524.85688663166,302.348108772786,727.7848399010509,1.0320120083150088,366,37:58
185000,374.0000000010575,-808894.8239819342,206836.49739333807,299.9000922276725,727.6794616933238,1.0321614581504297,366,37:54
190000,384.00000000110526,-809933.8152759792,207131.83713523473,300.3283165350338,728.8193522443329,1.0305471334352057,366,37:49
195000,394.000000001153,-809111.9428724218,206928.10169620113,300.0329127850853,726.4009960237663,1.0339780621982062,366,37:46
200000,404.00000000120076,-808565.9892050591,207417.3038453913,300.74222555874485,728.9852596623527,1.030312594517183,367,37:42
205000,414.0000000012485,-808758.2059061481,208355.90071543347,302.1031328040216,725.8815591207255,1.0347179712862549,365,37:50
210000,424.00000000129626,-808747.8064551596,206927.88213577447,300.0325944360848,726.0866848676324,1.0344256545407182,365,37:45
215000,434.000000001344,-808711.9126468883,206888.7557915335,299.9758636637391,727.8026135083303,1.031986805635322,366,37:41
220000,444.00000000139175,-807933.6245658887,207096.1271328861,300.2765392465341,728.0958207727338,1.0315712201868854,366,37:38
225000,454.0000000014395,-810282.2514662095,207220.82086933413,300.45733743027955,726.3387994504924,1.034066601998583,366,37:34
230000,464.00000000148725,-807705.3404526035,206714.71467639273,299.7235148416506,726.8489259325132,1.0333408600472191,366,37:30
235000,474.000000001535,-809873.8962418484,208182.08897313254,301.851116558324,727.1455861387351,1.0329192785668628,366,37:27
240000,484.00000000158275,-808541.8663790035,207659.24044069578,301.09301861586715,727.9676003377076,1.0317529157878318,366,37:24
245000,494.0000000016305,-809120.2457790445,207374.47861036105,300.6801316241777,726.0544730140073,1.0344715474716326,367,37:21
250000,504.00000000167825,-809383.7202004911,207447.72766156725,300.7863382051688,726.9184577908115,1.0332420179976267,367,37:18
255000,514.0000000016692,-808623.0406425814,208117.19747483887,301.7570279106805,726.7552475372156,1.0334740571777425,365,37:23
260000,524.0000000014327,-808057.7630462116,208655.8563916369,302.5380499298253,726.1489581563519,1.03433694397146,366,37:20
265000,534.0000000011962,-810405.0610672436,206581.282015145,299.5300457589757,727.5582180810168,1.0323334622327975,366,37:16
270000,544.0000000009597,-810013.9880741602,207625.35482642247,301.04388657691925,726.4678935244121,1.0338828473253945,366,37:13
275000,554.0000000007233,-810817.2876606998,208033.9910373892,301.6363837372412,727.6596539927543,1.0321895547268858,366,37:09
280000,564.0000000004868,-808721.4367929208,207405.21851276362,300.7247025760251,728.4507910646173,1.0310685408822295,366,37:05
285000,574.0000000002503,-809118.7006349079,206964.9108660465,300.0862837982796,727.8059564444294,1.0319820655450334,367,37:02
290000,584.0000000000139,-809096.2164640008,206594.23659844795,299.5488291012595,728.1038037323084,1.0315599099982737,367,36:59
295000,593.9999999997774,-809408.9026627061,207025.98324089684,300.17483495381066,728.6786411379544,1.0307461366982826,367,36:56
300000,603.9999999995409,-809657.8764375267,206780.23796146305,299.8185195409338,728.2260051434477,1.031386807038772,367,36:53
305000,613.9999999993045,-808989.0419167317,208345.0029657648,302.0873317429328,727.1045971573891,1.032977507203027,366,36:57
310000,623.999999999068,-808482.7751795724,206922.31266370468,300.024519047029,728.2583957775453,1.0313409342100155,366,36:53
315000,633.9999999988315,-808484.0433620019,206279.54768887116,299.0925497008903,727.4832635084075,1.0324398263477308,366,36:50
320000,643.9999999985951,-807304.2773919548,206967.86043610427,300.09056049191685,728.9425127167688,1.0303730145306185,366,36:47
325000,653.9999999983586,-808738.7977729328,205803.19090488885,298.40186191005085,728.9679601604929,1.0303370453787009,367,36:44
330000,663.9999999981221,-810294.149597141,206985.1428458412,300.11561891409735,726.6466930276466,1.033628448948194,367,36:40
335000,673.9999999978857,-809685.9709111969,208140.6746253184,301.79106832271026,726.367120832357,1.0340262832750768,367,36:37
340000,683.9999999976492,-809716.21426597,206939.01891191525,300.0487420707326,727.3516273072265,1.0326266774546589,367,36:34
345000,693.9999999974127,-810057.156360005,207213.9276395974,300.44734267471244,727.0415926737403,1.0330670236971558,367,36:31
350000,703.9999999971762,-807155.6907904181,207319.13896647908,300.59989257297923,730.6008456968625,1.0280342524529962,367,36:28
355000,713.9999999969398,-809985.5604927144,207974.5777200926,301.5502381122604,728.2198040551608,1.0313955897175904,366,36:30
360000,723.9999999967033,-807687.9297015434,206734.22400025828,299.7518021511937,727.6547403997874,1.032196524734851,366,36:27
365000,733.9999999964668,-809968.2477281629,206947.56592442893,300.06113470875067,727.6795059605274,1.0321613953605597,367,36:24
370000,743.9999999962304,-808051.8208651049,206172.24518618526,298.93696772741214,727.1928126733447,1.0328521970484428,367,36:21
375000,753.9999999959939,-810275.8292029202,206940.07076456008,300.05026719182666,725.8838158787589,1.034714754369108,367,36:18
380000,763.9999999957574,-808808.123821178,207434.45010242815,300.7670865679551,725.7899441037669,1.0348485816718862,367,36:15
385000,773.999999995521,-809544.4731878149,208217.97764583468,301.9031529077543,725.8946848936318,1.0346992613089043,367,36:12
390000,783.9999999952845,-809466.1625431064,207877.67035233608,301.4097284396737,726.0975108741634,1.0344102314071526,367,36:09
395000,793.999999995048,-809816.1570709022,206838.59363388387,299.903131646445,725.2310726181224,1.0356460480051588,367,36:06
400000,803.9999999948116,-809667.9171430562,206564.92869598605,299.5063344605066,729.0941699340851,1.03015868898719,367,36:03
405000,813.9999999945751,-807304.5839722557,207491.29306304845,300.8495053351812,730.7174678596139,1.0278701786718467,367,36:05
410000,823.9999999943386,-809833.6527983434,208166.95110606894,301.829167590005,728.0155148415507,1.0316850107390507,367,36:02
415000,833.9999999941022,-808972.7471464216,206798.99734567254,299.84571948449053,730.5375656967367,1.0281233019566483,367,36:00
420000,843.9999999938657,-809638.9126890036,206887.36889417353,299.9738527485892,727.4299334089856,1.0325155176494734,367,35:57
425000,853.9999999936292,-809150.9821028588,207603.57789545078,301.01231137772015,729.124208962921,1.0301162477046437,367,35:54
430000,863.9999999933927,-810621.736402839,207142.89575083766,300.34435084174964,727.8372234103688,1.0319377329016128,367,35:52
435000,873.9999999931563,-808873.7810539575,207917.6780698559,301.46773714860666,726.7418105140644,1.033493165497412,367,35:49
440000,883.9999999929198,-809434.8442130946,207082.79906312434,300.25721437205044,726.5295876026555,1.0337950539989205,367,35:46
445000,893.9999999926833,-811528.8647997947,205627.04635893385,298.14646324374655,727.2305232378194,1.0327986384612753,367,35:43
450000,903.9999999924469,-809397.8782668943,207762.01584928663,301.24203658369953,725.425980975904,1.0353677893326636,367,35:40
455000,913.9999999922104,-808077.7133035748,207557.19245998992,300.9450553733493,728.5239553827013,1.030964992569049,367,35:41
460000,923.9999999919739,-809877.1094388086,206744.50642709172,299.76671103233673,728.165053325737,1.031473140350656,367,35:38
465000,933.9999999917375,-810059.029346297,206912.6766621368,300.0105474424267,729.6398292036506,1.0293882874612992,367,35:36
470000,943.999999991501,-807200.7762922463,206333.85771526909,299.1712958705987,728.1535738883254,1.0314894016611555,367,35:34
475000,953.9999999912645,-808874.4636870855,208372.68944343063,302.1274754182999,727.3482631236873,1.0326314536338934,367,35:31
480000,963.9999999910281,-809577.029674551,206444.43793355854,299.3316303284023,727.1673181386791,1.0328884089153478,367,35:29
485000,973.9999999907916,-810160.2245315276,207592.65169391927,300.9964690631949,727.2152986423296,1.0328202605882058,367,35:26
490000,983.9999999905551,-809425.9365485962,207561.98722373706,300.9520074833884,726.7266854846577,1.0335146751169593,367,35:23
495000,993.9999999903187,-809543.9878834593,206634.28688394206,299.60689953111495,728.9373171342476,1.0303803586298967,367,35:20
500000,1003.9999999900822,-808389.6901119789,207024.20033216488,300.1722498467339,727.0815451165549,1.0330102576418692,367,35:18
505000,1013.9999999898457,-809311.0103658512,207147.28491731844,300.3507148609096,727.1570752905255,1.0329029583428257,366,35:19
510000,1023.9999999896093,-809145.6857865965,207948.2200098868,301.5120210672937,729.3927268101536,1.0297370218266415,367,35:16
515000,1033.9999999893728,-810246.5946869049,207899.5196719943,301.44140859797835,725.4652410769004,1.0353117581933673,367,35:13
520000,1043.9999999891363,-808473.6741070217,207420.3016305518,300.7465721612906,727.5689449359769,1.0323182421063795,367,35:10
525000,1053.9999999888998,-808922.8851675023,207358.89736077623,300.6575397787036,726.8665357865115,1.0333158252151284,367,35:08
530000,1063.9999999886634,-809324.9380662479,207989.39972069918,301.57172909380824,728.1023686366512,1.031561943211199,367,35:05
535000,1073.999999988427,-809855.3129336545,205485.62905747574,297.94141692801236,729.4071228693133,1.0297166982588832,367,35:02
540000,1083.9999999881904,-808879.387276873,207926.20107175852,301.480094972728,727.7170336955863,1.0321081676943247,367,35:00
545000,1093.999999987954,-809717.3874694719,207108.28801769472,300.29417177523015,725.9108849705749,1.0346761700342133,367,34:57
550000,1103.9999999877175,-809429.7668901924,205609.88518892863,298.1215806116572,725.885370238292,1.0347125387041993,367,34:54
555000,1113.999999987481,-809063.9040417606,206907.99746204118,300.00376289251443,726.8686431902591,1.0333128293318103,367,34:55
560000,1123.9999999872446,-809978.5822849604,207183.44287577277,300.4031416579782,727.6945877389461,1.0321400033786494,367,34:52
565000,1133.999999987008,-809176.7897775769,207304.342525292,300.5784386510044,726.9432655017739,1.0332067575164405,367,34:49
570000,1143.9999999867716,-809396.110254535,207580.71527782205,300.9791620002078,727.1993882991186,1.032842857588541,367,34:47
575000,1153.9999999865352,-810593.3978732149,206879.94669695955,299.96309102298926,724.3153071332462,1.036955434809457,367,34:44
580000,1163.9999999862987,-809920.9198883721,207384.89148991517,300.6952296536744,726.0229615038962,1.0345164465483232,367,34:42
585000,1173.9999999860622,-808896.2665779097,207130.66548558846,300.32661771571804,728.0709473849073,1.0316064621796093,367,34:40
590000,1183.9999999858258,-809825.9711488662,206596.8444278367,299.5526102921231,727.7188254020542,1.0321056265550617,367,34:37
595000,1193.9999999855893,-807996.542973666,206586.82875226505,299.5380881837645,728.7372614151205,1.0306632225570407,367,34:35
600000,1203.9999999853528,-810175.0489185876,208337.53733404822,302.07650703999803,725.9979554916899,1.0345520790603628,367,34:32
605000,1213.9999999851163,-808842.085651563,206569.49980587792,299.51296228632765,728.1944079419239,1.0314315601108026,366,34:32
610000,1223.9999999848799,-807529.5106824129,207147.12919277698,300.35048906998327,728.0236351482176,1.0316735034221636,366,34:30
615000,1233.9999999846434,-808478.318114758,207207.74419640683,300.438377065613,727.4112973667503,1.032541970363179,366,34:27
620000,1243.999999984407,-808879.9281249773,206090.62343473773,298.8186212503862,726.2059713187083,1.0342557399846481,366,34:25
625000,1253.9999999841705,-809005.1078684833,207008.0373764963,300.14881456351856,730.112949220363,1.028721234227567,366,34:22
630000,1263.999999983934,-808978.1674070382,205570.47426319396,298.06443721379674,727.5762571422149,1.0323078672160286,366,34:20
635000,1273.9999999836975,-808607.273596176,207882.60362631077,301.4168813809516,728.4814702852775,1.0310251185296073,366,34:18
640000,1283.999999983461,-810068.1589098247,206528.17981154312,299.4530508574066,726.4336111393312,1.033931639079186,367,34:15
645000,1293.9999999832246,-808652.3203686909,206092.48292936536,298.8213174022614,729.0564866465954,1.0302119355692427,367,34:13
650000,1303.9999999829881,-809528.4464566978,208394.34657504043,302.1588769158549,729.249387356088,1.029939424386176,367,34:10
655000,1313.9999999827517,-809911.5161979795,207522.92776156194,300.89537368588987,726.5476434103888,1.0337693626283684,366,34:10
660000,1323.9999999825152,-808648.0314461645,207683.8170761288,301.128653212884,727.7642505842957,1.0320412051629129,366,34:07
665000,1333.9999999822787,-808604.1260335827,208078.50224803918,301.7009222318847,728.2835311648031,1.0313053393452865,366,34:05
670000,1343.9999999820423,-809652.2007095837,206763.0277365276,299.7935657822382,727.9952986991134,1.0317136602250636,366,34:02
675000,1353.9999999818058,-810278.4346187445,207773.23239808943,301.2582998837594,727.7548023528806,1.0320546038572325,366,33:59
680000,1363.9999999815693,-808800.9256518707,207769.93270488357,301.2535155332737,727.2427573426622,1.0327812641159184,366,33:57
685000,1373.9999999813328,-808806.6193166366,207311.4194017964,300.5886996829938,729.1798568854073,1.0300376335896722,366,33:54
690000,1383.9999999810964,-811644.7934232145,207189.46440268366,300.411872498515,726.6979883379582,1.0335554883883926,367,33:51
695000,1393.99999998086,-810252.2790474277,206266.1897385978,299.07318150151815,728.2156570751221,1.031401463220695,367,33:49
700000,1403.9999999806234,-809321.262060856,206019.88315605855,298.71605223395306,727.7804749842524,1.0320181978827512,367,33:46
705000,1413.999999980387,-809664.0668619829,207284.4173254617,300.54954834710696,728.1929840782387,1.0314335769085117,366,33:46
710000,1423.9999999801505,-808002.7087977747,207278.13927554394,300.540445564121,729.0190982891338,1.0302647708546262,366,33:43
715000,1433.999999979914,-809599.4855584828,206838.34558436275,299.90277199002463,728.3654264468533,1.031189382383878,366,33:41
720000,1443.9999999796776,-809637.3990371278,208489.45053462713,302.29677175845137,726.0881652024731,1.0344235455732265,366,33:38
725000,1453.999999979441,-809429.4627411426,206050.5839236715,298.7605664427829,729.3441614565176,1.0298055896513532,367,33:35
730000,1463.9999999792046,-809100.8785524974,206974.30118047696,300.09989917177137,726.8209735264577,1.033380600732155,367,33:32
735000,1473.9999999789682,-810701.4466277198,207790.02591578057,301.2826494427969,727.6875228037665,1.0321500241664074,367,33:30
740000,1483.9999999787317,-809415.7609606255,207854.5163901376,301.3761566306058,727.1175206852378,1.0329591474287103,367,33:28
745000,1493.9999999784952,-808296.5744388644,206899.0500359289,299.990789679614,727.0005212204853,1.0331253861917271,367,33:25
750000,1503.9999999782588,-809505.9732595552,206674.29527312197,299.66490921391346,726.9956670838545,1.0331322843508337,367,33:23
755000,1513.9999999780223,-808511.7420788072,206703.3619895161,299.7070541498276,727.1839144530865,1.032864835593054,366,33:23
760000,1523.9999999777858,-808212.5403323271,207154.67937543697,300.3614363665417,727.9888684543328,1.0317227732371799,366,33:20
765000,1533.9999999775494,-809406.4546032259,206783.33766063472,299.8230139124745,725.6101627806875,1.0351049816739022,366,33:18
770000,1543.9999999773129,-808251.8239303343,208312.17437823262,302.0397323271977,727.8806081267502,1.0318762251139821,366,33:15
775000,1553.9999999770764,-808835.8014618126,207648.61508657836,301.07761251143233,725.1921452008223,1.0357016402039334,366,33:12
780000,1563.99999997684,-809472.2636880958,207853.73751288565,301.3750273069001,729.0626577636805,1.0302032153880496,366,33:09
785000,1573.9999999766035,-810247.1482021781,205517.58637046465,297.98775304970025,728.4867138157205,1.031017697376285,367,33:07
790000,1583.999999976367,-809422.2170620793,205753.9615703991,298.33048242848037,727.1790210392172,1.0328717860618732,367,33:04
795000,1593.9999999761305,-808568.6913534901,208623.2679275931,302.4907986782548,724.8553173932621,1.0361829129550406,367,33:01
800000,1603.999999975894,-809619.7379096248,207209.58711634798,300.4410491852209,726.9463477183764,1.03320237677083,367,32:59
805000,1613.9999999756576,-810257.6251119361,205961.8264927641,298.6318736731292,725.8076829024585,1.0348232898885406,366,32:58
810000,1623.9999999754211,-809906.6181276981,207223.2789776597,300.46090153488797,727.282029084358,1.0327254960405219,366,32:56
815000,1633.9999999751847,-810077.9820089703,206853.48559487695,299.9247240662141,727.2114951205896,1.0328256625302008,366,32:53
820000,1643.9999999749482,-810736.325965785,207069.5637259835,300.23802395411536,726.4054867744223,1.033971669986493,366,32:50
825000,1653.9999999747117,-808501.3572166995,208191.34418202442,301.8645360371648,730.1974319755932,1.0286022127130756,367,32:48
830000,1663.9999999744753,-807881.8658761396,208070.65087982418,301.6895382349525,730.4859934968567,1.028195887305172,367,32:45
835000,1673.9999999742388,-807951.3290453167,207296.2123716806,300.56665043253895,728.290805149048,1.0312950389285616,367,32:42
840000,1683.9999999740023,-808854.6558384262,206518.327017447,299.4387649170848,730.0333872864634,1.0288333483476388,367,32:40
845000,1693.9999999737659,-808194.7843522336,207843.20348212394,301.3597536156668,728.1724183091169,1.0314627076806666,367,32:37
850000,1703.9999999735294,-808554.7197674531,207032.96364702805,300.1849561097426,727.8443744520144,1.0319275941549761,367,32:34
855000,1713.999999973293,-809463.5685960054,207029.15341383044,300.179431507935,726.3685977653491,1.0340241807784418,366,32:34
860000,1723.9999999730564,-808688.2273263601,207284.76766279823,300.5500563145153,727.7925080093362,1.0320011349139442,366,32:32
865000,1733.99999997282,-809495.7791721248,207428.0033665882,300.7577392008447,728.7847086746687,1.0305961216082349,366,32:29
870000,1743.9999999725835,-809454.2393853124,206953.39714951217,300.06958962344083,727.6929894278769,1.0321422703797285,366,32:27
875000,1753.999999972347,-809884.3620263538,206194.64399920162,298.969444617004,728.8361887493585,1.0305233272462995,367,32:24
880000,1763.9999999721106,-810228.6578544723,207811.89643446077,301.3143603383686,726.5665741362974,1.0337424277195064,367,32:22
885000,1773.999999971874,-810326.9135157028,207076.42405598852,300.2479710071121,728.0846543322547,1.0315870411200168,367,32:19
890000,1783.9999999716376,-810197.1185130011,207421.96057832235,300.74897753266197,726.6944745069912,1.0335604860034957,367,32:16
895000,1793.9999999714012,-811145.2368899481,206257.45124213127,299.06051122364516,726.274520723046,1.0341581217798428,367,32:14
900000,1803.9999999711647,-810186.1578399544,207074.75724761427,300.24555423835284,727.6177992256722,1.0322489293785828,367,32:11
905000,1813.9999999709282,-808747.7448960934,208431.17246826913,302.21227217691774,727.5938059930827,1.0322829689600759,366,32:10
910000,1823.9999999706918,-808355.9211303629,208236.17745126318,301.9295414967864,726.4168503430647,1.0339554952404906,367,32:08
915000,1833.9999999704553,-809789.0769707747,206219.51991494675,299.00551315191063,726.9650453320417,1.0331758027023754,367,32:05
920000,1843.9999999702188,-809095.9634909341,206161.8245258729,298.9218584162986,726.0615667590328,1.0344614405086285,367,32:03
925000,1853.9999999699824,-808795.0015829643,206786.55408518377,299.8276775285725,724.5363560909501,1.0366390698456796,367,32:00
930000,1863.9999999697459,-808843.6786351241,206008.49731211676,298.69954346644215,727.9964560276508,1.031712020063698,367,31:58
935000,1873.9999999695094,-810635.8101403639,207543.97853977725,300.92589600863175,727.2688932800573,1.0327441489488718,367,31:55
940000,1883.999999969273,-809597.0730601279,207193.0070882471,300.4170091728476,727.0819691284507,1.0330096552219823,367,31:53
945000,1893.9999999690365,-809764.466734393,207339.68619231886,300.6296847760093,727.2139013410117,1.032822245095252,367,31:50
950000,1903.9999999688,-810670.5416429779,207267.89497205592,300.5255919594643,725.2458031981388,1.0356250128376177,367,31:47
955000,1913.9999999685635,-809026.321935893,207562.04874199384,300.95209668104513,726.5629679766315,1.03374755850708,367,31:47
960000,1923.999999968327,-809024.4271608754,206545.3471640104,299.47794245368254,726.6991861227128,1.0335537848265466,367,31:44
965000,1933.9999999680906,-808608.3621095242,207235.21544930612,300.47820867841796,727.0313205528616,1.033081619752433,367,31:42
970000,1943.9999999678541,-809553.370743311,207313.5154435644,300.5917388135509,728.8925073638469,1.030443702822393,367,31:39
975000,1953.9999999676177,-811061.9755155724,208361.31463648623,302.1109826537507,724.7154970336419,1.0363828251524678,367,31:36
980000,1963.9999999673812,-812123.7363785454,207097.59891912248,300.2786732452896,726.5938630892682,1.0337036030749187,367,31:34
985000,1973.9999999671447,-809465.6226563319,207302.54911205513,300.575838313047,728.9596075492927,1.03034885125197,367,31:31
990000,1983.9999999669083,-809953.3946033525,206806.27302202824,299.8562687639339,726.2156346591104,1.0342419777289196,367,31:29
995000,1993.9999999666718,-811031.3446289469,206388.85495134903,299.25103845172197,726.7805816871595,1.033438032292946,367,31:26
1000000,2003.9999999664353,-808826.6601164094,207670.33860575428,301.10911026684045,727.8161328104791,1.0319676363138273,367,31:24
1005000,2013.9999999661989,-809680.33418041,207313.42054340424,300.5916012142048,728.1637986620129,1.0314749176319955,367,31:23
1010000,2023.9999999659624,-809713.8787637586,206237.16673659068,299.0310999487537,728.7814134720649,1.030600781473265,367,31:20
1015000,2033.999999965726,-807801.2693984197,206509.47484206874,299.4259298118408,727.9996949606991,1.0317074298884807,367,31:18
1020000,2043.9999999654895,-809694.1769314236,207422.41966794626,300.7496431841417,728.9242110959113,1.0303988848419166,367,31:15
1025000,2053.999999965253,-807639.9726165952,206536.57001171313,299.46521612725263,729.2054052279426,1.0300015453296312,367,31:13
1030000,2063.9999999650167,-809737.822835221,205869.85907828418,298.49852662639387,730.1463494904733,1.0286741757616642,367,31:10
1035000,2073.9999999647803,-809369.417016047,207415.7718314646,300.740004233574,727.3647764364877,1.0326080098725872,367,31:08
1040000,2083.999999964544,-809154.6821856024,206139.61870817954,298.8896613579547,727.7330697681323,1.032085424518097,367,31:05
1045000,2093.9999999643073,-810222.7336182985,206932.8767328366,300.039836292036,726.5866231004682,1.033713903295527,367,31:02
1050000,2103.999999964071,-811166.1175164399,207487.63652754284,300.844203585494,725.8120812598369,1.0348170189504151,367,31:00
1055000,2113.9999999638344,-810370.634920931,207233.8794912188,300.47627162205384,726.4367983935582,1.0339271026859385,367,30:59
1060000,2123.999999963598,-806668.8158372836,208141.120562996,301.79171490468354,729.7663648177307,1.0292097998173622,367,30:56
1065000,2133.9999999633615,-809524.8199241599,207474.56245121034,300.8252469857288,726.5240896138788,1.0338028772682182,367,30:54
1070000,2143.999999963125,-809291.201417835,206770.94466522356,299.8050448378014,726.7421289586559,1.033492712640345,367,30:51
1075000,2153.9999999628885,-809530.7767165857,207493.4800415497,300.8526763183611,728.100347451469,1.0315648067968592,367,30:49
1080000,2163.999999962652,-809513.6253011925,207555.57149760477,300.9427050784307,728.3239180159156,1.0312481516377825,367,30:46
1085000,2173.9999999624156,-810224.8697723583,206517.05707917368,299.43692358535617,728.7049412979306,1.0307089353747376,367,30:44
1090000,2183.999999962179,-810652.2447261917,207799.60440594677,301.29653765943397,726.9378402992155,1.0332144684315057,367,30:41
1095000,2193.9999999619426,-809977.4821739979,207089.10926350945,300.26636377121997,727.8991943662694,1.031849877099281,367,30:39
1100000,2203.999999961706,-810201.2310266425,207367.87133694673,300.67055148754173,727.3522586156754,1.0326257811819957,367,30:36
1105000,2213.9999999614697,-811401.2517779279,207738.43532007263,301.2078462789169,727.4786820910813,1.0324463283083039,367,30:35
1110000,2223.9999999612332,-810107.7547525489,205856.99063959485,298.4798681884567,725.7192417349916,1.0349494006137585,367,30:32
1115000,2233.999999960997,-809588.2073081904,208261.44614589773,301.9661795367207,726.9134418451723,1.033249147712798,367,30:30
1120000,2243.9999999607603,-808223.928991212,206699.25355325005,299.7010971720668,728.2030141982245,1.031419370152522,367,30:27
1125000,2253.999999960524,-809633.9208558463,206557.021639431,299.49486971893543,725.3603328449443,1.0354614944294933,367,30:25
1130000,2263.9999999602874,-810051.2203175104,207589.30659972757,300.99161888409583,728.3922362204924,1.0311514276219436,367,30:22
1135000,2273.999999960051,-810307.8167475993,207667.69353341428,301.10527507600756,729.7917157261211,1.0291740479681875,367,30:19
1140000,2283.9999999598144,-809197.2723667519,206263.24308112395,299.0689090309469,729.9476058551253,1.028954254007883,367,30:17
1145000,2293.999999959578,-810893.9537925897,206969.76996163692,300.09332918550126,726.8558220684474,1.0333310560959803,367,30:14
1150000,2303.9999999593415,-808526.8784965146,206667.20372899002,299.65462691477376,728.8126324727624,1.030556635248183,367,30:12
1155000,2313.999999959105,-809446.6604831335,207786.71810011347,301.27785331524626,727.1752453803135,1.0328771489665927,367,30:11
1160000,2323.9999999588686,-809424.8441098295,207127.9315159625,300.32265362933435,726.6935377804666,1.0335618182893518,367,30:08
1165000,2333.999999958632,-810107.344945847,206832.96790362734,299.8949746865079,727.3726546437265,1.032596825646941,367,30:06
1170000,2343.9999999583956,-811381.1477693613,205613.74095397964,298.1271712318281,729.384016230428,1.0297493193355332,367,30:03
1175000,2353.999999958159,-810106.3543022643,207280.71129316773,300.54417483014663,728.1619016479427,1.0314776048399192,367,30:01
1180000,2363.9999999579227,-809328.5249415245,206586.38560864393,299.5374456529998,727.555221454307,1.0323377141685062,367,29:58
1185000,2373.999999957686,-809210.9893443598,206949.6126421564,300.06410232250823,727.587076054828,1.0322925172339126,367,29:55
1190000,2383.9999999574497,-810689.7941433308,206753.5525963839,299.77982741672355,725.6023257022168,1.0351161616256188,367,29:53
1195000,2393.9999999572133,-811220.7443360039,208869.67771978895,302.8480775934204,726.3021602355071,1.0341187667732648,367,29:50
1200000,2403.999999956977,-811114.1803868907,206575.77065582667,299.5220546298051,726.1234304977107,1.0343733072112578,367,29:48
1205000,2413.9999999567403,-811157.3049094635,207142.795285632,300.3442051734327,727.3477186649484,1.032632226613865,367,29:46
1210000,2423.999999956504,-810359.6107776426,207284.97402546834,300.5503555275873,726.2793625054005,1.0341512275063658,367,29:44
1215000,2433.9999999562674,-810775.7954397881,207155.77674703108,300.3630274872889,726.451336252387,1.0339064115735292,367,29:41
1220000,2443.999999956031,-810809.7922725794,207242.67593100262,300.489025914143,725.8061120595468,1.0348255295291315,367,29:39
1225000,2453.9999999557945,-809398.8067901093,206247.11238667782,299.0455205245031,726.8432947973811,1.0333488657371144,367,29:36
1230000,2463.999999955558,-810020.2930005547,206527.74371117295,299.4524185389189,726.4031858293243,1.0339749451814424,367,29:34
1235000,2473.9999999553215,-809510.0507921376,206212.35325570285,298.99512194051766,725.9300777254979,1.0346488143883108,367,29:31
1240000,2483.999999955085,-809623.8425534074,206803.96108414087,299.8529165973947,725.5073336211608,1.0352516913904757,367,29:29
1245000,2493.9999999548486,-808962.1248687026,207038.44325071987,300.1929011952244,726.3772794058623,1.0340118221509436,367,29:26
1250000,2503.999999954612,-809181.5298189223,207869.79515812141,301.3983098965197,726.1912199724793,1.0342767491404878,367,29:24
1255000,2513.9999999543757,-808956.7727603074,207828.60945665353,301.33859318392626,727.5567927436775,1.0323354846500783,367,29:23
1260000,2523.999999954139,-808681.337275778,207493.73351277248,300.8530438359127,726.3029672929855,1.0341176176752689,367,29:20
1265000,2533.9999999539027,-808856.9028247981,206366.11814655593,299.2180714950178,729.1074113587398,1.0301399801269453,367,29:18
1270000,2543.9999999536662,-809949.2723131934,205467.86928426567,297.91566635840417,726.5074462668064,1.0338265603566423,367,29:15
1275000,2553.99999995343,-811458.4122432172,207246.567056283,300.4946678044533,725.76156876775,1.0348890414833383,367,29:13
1280000,2563.9999999531933,-810572.6377991117,205976.19602486887,298.6527086034137,727.5191601672504,1.0323888845413134,367,29:10
1285000,2573.999999952957,-809794.0291871056,206868.36743869795,299.9463018167111,727.0912563478626,1.032996460472026,367,29:08
1290000,2583.9999999527204,-810723.4979710267,206283.17176973054,299.0978043933535,727.4437890275469,1.032495851331076,367,29:05
1295000,2593.999999952484,-809395.6120103449,206557.3157779312,299.4952962015168,727.6054917313468,1.0322663899365159,367,29:03
1300000,2603.9999999522474,-809890.0322469715,205868.1340602648,298.4960254572597,726.2035834485466,1.034259140778141,367,29:00
1305000,2613.999999952011,-808884.108578694,208289.3279703018,302.00660645274195,728.5113329619819,1.03098285539876,367,28:59
1310000,2623.9999999517745,-811142.3892434775,208069.3875099565,301.68770642700457,726.9227217109672,1.033235957296352,367,28:56
1315000,2633.999999951538,-809368.1765202242,207470.94101748406,300.81999613144444,726.9320826776573,1.0332226519441603,367,28:54
1320000,2643.9999999513016,-809281.9959649509,207802.17073738252,301.3002586808396,728.1903682994587,1.0314372819864435,367,28:51
1325000,2653.999999951065,-810742.8994146609,207132.49622402783,300.329272172904,726.8687352422879,1.0333126984711232,367,28:49
1330000,2663.9999999508286,-810554.5584313213,207214.37364499492,300.4479893548755,728.9072763506434,1.0304228241593103,367,28:46
1335000,2673.999999950592,-809025.6726825782,207252.7177534396,300.50358593383453,728.601225460924,1.0308556560172606,367,28:44
1340000,2683.9999999503557,-808786.5495813345,207626.08227227617,301.04494132828745,728.417990777966,1.0311149693671464,367,28:41
1345000,2693.999999950119,-809749.284278986,207150.8697814953,300.3559126916156,727.3371541339843,1.0326472255384636,367,28:38
1350000,2703.9999999498827,-810528.5622108672,207589.27579689558,300.99157422189995,727.6163472047854,1.03225098931994,367,28:36
1355000,2713.9999999496463,-809704.2928629536,207428.76604905352,300.75884504311415,727.4195288199537,1.0325302861554106,367,28:35
1360000,2723.99999994941,-810529.7293692832,208386.61222539458,302.14766258858987,726.9359139999334,1.033217206334876,367,28:32
1365000,2733.9999999491733,-809767.3687257026,206810.44827286247,299.8623226186744,727.3888478468481,1.032573837873359,367,28:30
1370000,2743.999999948937,-809261.7354919789,207018.98301188796,300.16468505593565,726.983481776583,1.0331496011601595,367,28:27
1375000,2753.9999999487004,-808592.1968134199,206743.62079467604,299.76542692026516,729.2115960406755,1.0299928008901347,367,28:25
1380000,2763.999999948464,-809648.2097429922,206961.95176547012,300.08199328598147,728.3214495927639,1.0312516467384885,367,28:22
1385000,2773.9999999482275,-809255.8285240987,208135.19459440344,301.7831226177813,726.6452651980655,1.0336304799877478,367,28:20
1390000,2783.999999947991,-809927.6955346228,207232.70306642348,300.47456587906817,728.5023387858531,1.0309955840351603,367,28:17
1395000,2793.9999999477545,-810407.4323725533,206451.0294199516,299.3411875748366,727.3779933607094,1.0325892467233828,367,28:15
1400000,2803.999999947518,-810422.0014222749,206073.280100104,298.79347449088414,726.713487558213,1.0335334448947264,368,28:12
1405000,2813.9999999472816,-810602.878089536,207080.37905646002,300.25370551248767,727.4018980125367,1.0325553126815679,367,28:11
1410000,2823.999999947045,-809434.3018461326,205677.49077427742,298.2196045171899,728.6230572901632,1.030824768352607,367,28:08
1415000,2833.9999999468087,-811836.482457397,206280.69502809702,299.0942132716043,725.6222444593824,1.0350877470784918,367,28:06
1420000,2843.999999946572,-807818.3679798329,208517.35200864886,302.3372271651995,727.7135227898187,1.0321131471737561,367,28:03
1425000,2853.9999999463357,-810029.3968411386,207456.49097455767,300.7990444654622,728.1383487016643,1.0315109698407565,367,28:01
1430000,2863.9999999460993,-808843.7642196477,207186.7455427275,300.4079303202153,728.7954417705968,1.0305809438417417,367,27:58
1435000,2873.999999945863,-809311.8712951299,206112.03073684356,298.84966051065595,725.5867600065143,1.0351383675203192,367,27:56
1440000,2883.9999999456263,-809014.5770193641,206745.905913306,299.7687402005446,727.4993059047003,1.0324170595784592,368,27:53
1445000,2893.99999994539,-809408.3012802685,207395.19668530696,300.7101715478148,726.3659063265961,1.0340280121982919,368,27:51
1450000,2903.9999999451534,-808900.0517067183,206845.1589702844,299.9126509770121,728.8757394694718,1.0304674083324448,368,27:48
1455000,2913.999999944917,-811000.9280430409,207442.63021029567,300.77894721699346,727.7811564334535,1.0320172315648268,367,27:47
1460000,2923.9999999446804,-808811.1685056477,206619.60655456292,299.58561396405975,727.2739247092217,1.0327370042144688,367,27:44
1465000,2933.999999944444,-810226.9885741165,208205.49733153195,301.8850572261044,726.97377733116,1.0331633927771762,367,27:42
1470000,2943.9999999442075,-809669.5362670263,207415.32384958953,300.7393546876412,729.0615033631942,1.0302048466181821,367,27:39
1475000,2953.999999943971,-810248.1423351485,206623.86635045256,299.5917904038867,726.6202715525721,1.0336660339005677,368,27:37
1480000,2963.9999999437346,-809279.4926058748,206705.59439979467,299.7102910062668,729.1309270844584,1.0301067563418547,368,27:34
1485000,2973.999999943498,-809082.536262508,207488.01446918573,300.8447515774344,729.2465505491933,1.0299434309039415,368,27:32
1490000,2983.9999999432616,-809674.2694728584,207167.8682660677,300.38055943991793,726.5536226490528,1.0337608551300228,368,27:29
1495000,2993.999999943025,-809707.2359881662,207286.54252616846,300.5526297563166,726.8397243474161,1.033353941849905,368,27:27
1500000,3003.9999999427887,-810660.1590503417,207653.44777013757,301.08461960284694,727.4179493855423,1.0325325280768067,368,27:25
1505000,3013.999999942552,-808966.1274562692,206943.55288730096,300.05531605382293,729.0060415965419,1.0302832231713888,367,27:23
1510000,3023.9999999423158,-810423.5656821085,207145.88557852857,300.348685906458,726.3757926022315,1.0340139386484193,367,27:21
1515000,3033.9999999420793,-809005.7337406697,207248.45960315067,300.49741188002656,729.9666600960355,1.0289273953260922,368,27:18
1520000,3043.999999941843,-809691.4664369011,207469.75144232204,300.81827132124266,728.004407469444,1.0317007514532464,368,27:16
1525000,3053.9999999416063,-810372.3289311742,206581.5300438195,299.53040538516984,726.7765479298298,1.0334437680837463,368,27:13
1530000,3063.99999994137,-808784.3328213142,206439.99881446775,299.3251938810562,728.2117497942172,1.0314069972913054,368,27:11
1535000,3073.9999999411334,-808891.716461204,206855.23543231073,299.9272612219597,729.813102608636,1.029143888432311,368,27:08
1540000,3083.999999940897,-808438.3975853701,208404.25645169604,302.1732456223474,727.1592695135745,1.0328998415298063,368,27:06
1545000,3093.9999999406605,-810447.9596869457,207376.47613979812,300.6830279179651,728.6657244692539,1.0307644081853515,368,27:03
1550000,3103.999999940424,-807848.4575362937,208023.9742732208,301.6218600504849,729.2894734080635,1.02988281283918,368,27:01
1555000,3113.9999999401875,-808637.8684411016,206543.563697894,299.4753565384329,728.329561421132,1.031240161091323,367,26:59
1560000,3123.999999939951,-811166.6970021632,207760.08150637022,301.23923190644797,727.5823141923224,1.0322992733561231,368,26:57
1565000,3133.9999999397146,-810400.8680491229,207675.7174362788,301.11690923748006,727.120545287407,1.0329548506301967,368,26:54
1570000,3143.999999939478,-810869.7948460742,206758.20103363716,299.7865673624224,729.8911414916258,1.0290338538875363,368,26:52
1575000,3153.9999999392417,-810888.6681881612,207981.3935613084,301.56012065927206,726.7226294861638,1.0335204433891936,368,26:49
1580000,3163.999999939005,-809627.7787330421,207317.22600467084,300.5971188970084,727.8152372087858,1.0319689061855137,368,26:47
1585000,3173.9999999387687,-809391.0038403743,207764.6154577182,301.24580585468516,728.993361355564,1.0303011441021377,368,26:45
1590000,3183.9999999385323,-807665.0101227956,207321.95313045263,300.603972936193,729.4357198290475,1.0296763290170743,368,26:42
1595000,3193.999999938296,-808706.4417835455,207419.9458627646,300.7460563200656,729.0525627735977,1.0302174803282933,368,26:40
1600000,3203.9999999380593,-809125.5142843807,207542.9976397655,300.92447376445483,727.3049859756409,1.0326928987568582,368,26:37
1605000,3213.999999937823,-809898.9726068242,206788.83835314162,299.8309895754301,728.3127653118113,1.0312639432125577,368,26:36
1610000,3223.9999999375864,-811550.5669350699,206668.20482495456,299.65607844182955,725.9810897509958,1.0345761134151779,368,26:33
1615000,3233.99999993735,-808490.9032603865,207159.31707481947,300.36816074299395,726.5781413944992,1.0337259703491364,368,26:31
1620000,3243.9999999371134,-808921.6165583464,206384.16991273782,299.24424543632426,728.0493636247415,1.0316370451971597,368,26:28
1625000,3253.999999936877,-808800.6444482938,206866.9476416789,299.94424319909615,729.3296685615812,1.0298260534619714,368,26:26
1630000,3263.9999999366405,-808859.8302184865,206760.88194504258,299.79045451767723,727.1519820302374,1.032910193203968,368,26:23
1635000,3273.999999936404,-809281.4242906659,206191.29549056315,298.9645894871688,727.5509535819856,1.032343769944442,368,26:21
1640000,3283.9999999361676,-809925.4487880585,207653.13332191936,301.0841636724341,726.6207978180954,1.0336652852531332,368,26:18
1645000,3293.999999935931,-809459.9608518342,207830.471017223,301.3412923312891,726.8215317312045,1.0333798070875928,368,26:16
1650000,3303.9999999356946,-809573.3977946523,205775.6159994663,298.36188000751616,726.1744761160807,1.0343005971025598,368,26:14
1655000,3313.999999935458,-811029.9360894263,205648.69184874307,298.1778478614127,726.6139967274642,1.033674960336904,367,26:12
1660000,3323.9999999352217,-809516.7931997161,207176.41300906183,300.3929487872734,728.0993058811168,1.0315662824847365,368,26:10
1665000,3333.999999934985,-809394.4397402345,207438.05437378254,300.77231253786476,726.2384189139244,1.0342095304882526,368,26:07
1670000,3343.9999999347488,-810151.7858287944,206737.5709977614,299.75665508997633,725.6463797624451,1.0350533196257146,368,26:05
1675000,3353.9999999345123,-808051.772640158,209390.39247169037,303.6030816864484,727.0556391427475,1.0330470651917132,368,26:03
1680000,3363.999999934276,-809445.6254838165,206230.6424701415,299.02164016706877,726.9926782334769,1.033136531818395,368,26:00
1685000,3373.9999999340394,-810597.8730140808,206555.5980351181,299.4928055809805,726.333502148655,1.0340741436621497,368,25:58
1690000,3383.999999933803,-811115.9277985129,207095.30065213103,300.27534090070156,724.5700047725022,1.0365909288272606,368,25:55
1695000,3393.9999999335664,-809707.928855082,206306.37967323826,299.1314544139741,726.5466537351907,1.03377077079107,368,25:53
1700000,3403.99999993333,-810355.9991030735,206980.83465182627,300.10937229999064,729.4916250926896,1.0295974188217278,368,25:50
1705000,3413.9999999330935,-811919.2754795365,208931.38875856056,302.93755477202427,726.0603830110709,1.0344631270648026,368,25:49
1710000,3423.999999932857,-808740.7219060333,207131.4898754536,300.3278130298899,727.7682956410438,1.0320354689069284,368,25:46
1715000,3433.9999999326205,-809766.9028196344,206518.5251792801,299.4390522394519,727.8226854396777,1.0319583454502683,368,25:44
1720000,3443.999999932384,-810439.2149074213,206593.81187106855,299.548213272903,728.2850792668592,1.0313031471186958,368,25:41
1725000,3453.9999999321476,-809970.085734331,206398.73234386428,299.2653600582257,727.4308163709733,1.032514264372965,368,25:39
1730000,3463.999999931911,-809603.5165652921,207308.28136156502,300.5841497192947,727.0427588021051,1.033065366726167,368,25:37
1735000,3473.9999999316747,-810052.6697499887,206492.4041951638,299.4011784326321,726.8852634143785,1.033289202644528,368,25:34
1740000,3483.999999931438,-810612.3804864273,207124.59948985267,300.3178223981434,729.5137844650413,1.0295661442480843,368,25:32
1745000,3493.9999999312017,-809792.2695461684,206779.97066416638,299.8181319764327,726.1741548574817,1.0343010546759375,368,25:29
1750000,3503.9999999309653,-810428.0381631888,207752.31220249058,301.227966897712,726.4076217335743,1.0339686310766387,368,25:27
1755000,3513.999999930729,-809683.7441194993,206484.29134200639,299.38941529875194,729.008526432049,1.0302797114369682,368,25:25
1760000,3523.9999999304923,-809936.5574359288,207158.09004151996,300.3663816208161,727.9485307963523,1.0317799438730106,368,25:23
1765000,3533.999999930256,-811263.891761865,206872.268645423,299.9519583244908,726.3945363621829,1.0339872571302056,368,25:20
1770000,3543.9999999300194,-811044.8986855224,207258.41851687524,300.51185168722753,728.2762392832625,1.031315665312222,368,25:18
1775000,3553.999999929783,-809736.1706719594,206911.74085929233,300.0091905863452,726.9118882308884,1.033251356055598,368,25:15
1780000,3563.9999999295464,-810357.1384637575,207129.50011344286,300.32492799838894,727.8862406045381,1.0318682403224122,368,25:13
1785000,3573.99999992931,-809347.3854826847,208019.8581884681,301.6158919828928,727.5255118138142,1.0323798712913248,368,25:10
1790000,3583.9999999290735,-809332.4483137671,208099.35198293923,301.7311530542891,728.8278680937087,1.0305350922049685,368,25:08
1795000,3593.999999928837,-810879.7020161422,206655.12902359583,299.6371193408834,725.9986695236564,1.0345510615609013,368,25:05
1800000,3603.9999999286006,-809710.1156881712,206414.85358065495,299.28873485165576,729.4092773456771,1.029713656756181,368,25:03
1805000,3613.999999928364,-810954.8808689332,207706.89936716438,301.1621211032111,728.6622166274926,1.0307693703727057,368,25:01
1810000,3623.9999999281276,-810800.892655943,206043.49736132126,298.7502913669176,726.7704664008313,1.0334524158185325,368,24:59
1815000,3633.999999927891,-811885.6341372002,206541.7081394224,299.47266609373975,728.3252316959495,1.0312462915757554,368,24:56
1820000,3643.9999999276547,-809908.602902303,206030.9391095583,298.7320826807844,727.0891633911815,1.0329994339957045,368,24:54
1825000,3653.9999999274182,-808649.281371111,207717.34434491623,301.17726567310365,728.3486819439499,1.031213089097483,368,24:52
1830000,3663.9999999271818,-809219.1469660345,206841.9044976161,299.9079321935011,728.6356904885741,1.0308068957531782,368,24:49
1835000,3673.9999999269453,-810830.6996575948,207426.03250336394,300.75488157141194,726.914697024205,1.033247363579569,368,24:47
1840000,3683.999999926709,-809863.1762109599,208650.06253825524,302.52964920178454,726.5118388603673,1.0338203096947134,368,24:44
1845000,3693.9999999264724,-808972.0614799471,208054.52000622213,301.66614946874375,727.8637053920189,1.0319001877459688,368,24:42
1850000,3703.999999926236,-811059.1169819604,208120.59386680985,301.7619524683779,727.245252687449,1.0327777204071986,368,24:39
1855000,3713.9999999259994,-810925.3810306466,206736.4114252621,299.7549737817747,727.5248753417782,1.0323807744644546,368,24:38
1860000,3723.999999925763,-809957.4679605635,206952.5954507857,300.06842721001266,727.6103689102218,1.0322594706455799,368,24:36
1865000,3733.9999999255265,-811916.5891204397,207583.82473518426,300.9836705205196,727.701811400291,1.0321297576574926,368,24:33
1870000,3743.99999992529,-810802.2687810883,206070.42817789284,298.78933938056787,726.3031908536211,1.0341172993674395,368,24:31
1875000,3753.9999999250535,-810370.2728538853,206026.61502458193,298.7258130257692,727.0130142100107,1.0331076329680902,368,24:28
1880000,3763.999999924817,-810681.0198726635,205993.96715567392,298.6784756408302,727.6785606760586,1.0321627361807915,368,24:26
1885000,3773.9999999245806,-810584.2321702838,207496.77425635804,300.8574527255102,729.6824972216428,1.0293280942154182,368,24:24
1890000,3783.999999924344,-809839.9298172211,208578.6132032576,302.4260520976688,727.3592903857775,1.0326157982379531,368,24:21
1895000,3793.9999999241077,-811686.8969748002,207113.03768795865,300.30105850251556,727.2629101530015,1.0327526452428162,368,24:19
1900000,3803.999999923871,-811823.4820697461,207632.73985556953,301.0545944111276,729.2881051082478,1.0298847451186908,368,24:16
1905000,3813.9999999236347,-811775.1458682418,207955.4260853359,301.5224694297395,726.7050142638311,1.0335454957722632,368,24:15
1910000,3823.9999999233983,-809837.5999903372,207760.63843623223,301.2400394202044,728.5167755683204,1.0309751531274989,368,24:12
1915000,3833.999999923162,-809900.7368037701,207205.25726149796,300.4347711642468,725.8706619191618,1.0347335050870905,368,24:10
1920000,3843.9999999229253,-807072.5568663524,206610.52116444847,299.5724407119133,729.7340173503728,1.0292554223724473,368,24:07
1925000,3853.999999922689,-810049.7341124276,207462.34260290832,300.8075289636246,726.9954249138626,1.0331326284983047,368,24:05
1930000,3863.9999999224524,-809266.8745875242,207388.40918207745,300.70033008912554,728.946365454747,1.0303675686467606,368,24:02
1935000,3873.999999922216,-809654.8723995183,205135.14942218695,297.43324319527335,728.095281941852,1.0315719836067891,368,24:00
1940000,3883.9999999219795,-809356.8284790013,207131.37010894925,300.32763937588714,729.5375513425589,1.0295326030377636,368,23:57
1945000,3893.999999921743,-809491.3302249005,207914.12801929252,301.46258979548094,728.6869793517217,1.030734342084311,368,23:55
1950000,3903.9999999215065,-810948.9314033389,206407.46535717024,299.278022385856,727.0953954261089,1.0329905800150672,368,23:53
1955000,3913.99999992127,-811122.1191968499,207308.5662231128,300.5845627508705,723.3871349880158,1.0382859438880452,368,23:51
1960000,3923.9999999210336,-812705.021628276,206054.98346930233,298.7669455110666,725.6617923633603,1.0350313357429897,368,23:48
1965000,3933.999999920797,-809890.8102917252,207831.08111130894,301.3421769298728,729.1398672652251,1.0300941259248055,368,23:46
1970000,3943.9999999205606,-809852.2026348398,206560.81170373483,299.5003650770979,729.6371955227663,1.0293920031165205,368,23:44
1975000,3953.999999920324,-810211.674577225,207215.47433318704,300.4495852844841,726.7962043918451,1.0334158182292348,368,23:41
1980000,3963.9999999200877,-811101.2221298423,207001.12459519148,300.1387914593904,725.6932166186124,1.034986516405915,368,23:39
1985000,3973.9999999198512,-809639.8631785018,206772.63680825935,299.8074983402485,728.2566334752183,1.0313434299435862,368,23:36
1990000,3983.9999999196148,-810711.236828906,206942.86169503437,300.05431386790747,726.5611403874597,1.033750158791818,368,23:34
1995000,3993.9999999193783,-810722.2515615039,207659.6379907564,301.093595038797,728.0688627344222,1.0316094159371756,368,23:31
2000000,4003.999999919142,-810036.9044258939,205434.35524504847,297.86707308024086,727.4183758347999,1.032531922754279,368,23:29
2005000,4013.9999999189054,-808827.0652972269,208271.07854966848,301.9801459247403,728.69038270702,1.0307295280298543,368,23:27
2010000,4023.999999918669,-810983.6881674072,205888.12340406718,298.525008765938,726.7385509535425,1.0334978009106806,368,23:25
2015000,4033.9999999184324,-809949.3708395967,207387.62960342877,300.69919974843816,727.7769236809016,1.03202323377983,368,23:22
2020000,4043.999999918196,-809991.7987797433,207480.17835238134,300.83338969410164,727.3883464143842,1.0325745496885075,368,23:20
2025000,4053.9999999179595,-811210.4899031348,207267.6158682346,300.5251872762347,727.1525757798012,1.0329093497909112,368,23:17
2030000,4063.999999917723,-809224.4435591977,207490.6098811501,300.8485147638028,729.0541116427796,1.0302152916401282,368,23:15
2035000,4073.9999999174865,-810182.3906335449,206716.54393764728,299.72616715701014,728.2834528204367,1.0313054502869303,368,23:13
2040000,4083.99999991725,-809848.6421890478,206779.9673382381,299.818127154043,726.5059291309126,1.033828719259027,368,23:10
2045000,4093.9999999170136,-811556.3431859934,206741.8147635986,299.7628082872216,724.5637390328762,1.0365998928541762,368,23:08
2050000,4103.999999918596,-810224.6580477268,206436.67374139,299.3203727313304,726.5313750084332,1.033792510665878,368,23:05
2055000,4113.999999920633,-811246.1388304629,207447.87891195444,300.786557508849,725.7604618802345,1.0348906198357288,368,23:03
2060000,4123.99999992267,-810561.8311194596,205726.51357577514,298.2906845387321,727.7497099631452,1.032061825604214,368,23:01
2065000,4133.9999999247075,-810027.6008217251,206259.89187486464,299.0640499897288,728.0749857394351,1.0316007402516363,368,22:59
2070000,4143.999999926745,-809894.8514712802,207651.3412479257,301.0815652762964,725.7757515369047,1.0348688181673278,368,22:56
2075000,4153.999999928782,-809978.2808603398,207739.73036206147,301.20972400947596,725.7355975773809,1.0349260760457837,368,22:54
2080000,4163.999999930819,-809806.7924958952,206840.61489846106,299.9060623547134,727.9413851217008,1.0317900721112745,368,22:51
2085000,4173.999999932857,-810552.1661528093,206194.13427520113,298.9687055488188,727.502998670112,1.0324118190859595,368,22:49
2090000,4183.999999934894,-809801.5737531278,207267.43214489883,300.52492088879325,727.7008070402036,1.0321311821851604,368,22:46
2095000,4193.999999936931,-810236.8437575563,206482.50249219587,299.38682157747974,727.6565854769299,1.0321939074532205,368,22:44
2100000,4203.999999938968,-811026.6854675054,208175.30623559575,301.84128200959367,726.1105261701283,1.0343916899388421,368,22:42
2105000,4213.999999941006,-808184.2674629046,207322.99645962266,300.6054856987772,726.7679875280044,1.033455940735914,368,22:40
2110000,4223.999999943043,-810148.4072571602,208010.07934598444,301.6017132678223,726.9764102086931,1.033159650987695,368,22:37
2115000,4233.99999994508,-811447.4121055966,206443.26697599696,299.3299325125665,725.82952490558,1.034792149499851,368,22:35
2120000,4243.999999947117,-809802.91587565,206748.43110145302,299.77240156673344,728.3769541263913,1.031173062234434,368,22:33
2125000,4253.999999949155,-812006.4475184898,207134.19084660377,300.3317292705305,729.0208771800543,1.0302622568955562,368,22:30
2130000,4263.999999951192,-810428.446552733,206177.59244705382,298.9447209240088,727.8564114954285,1.0319105284850791,368,22:28
2135000,4273.999999953229,-810228.4989908137,208035.04788639935,301.63791610275507,726.8695757500606,1.0333115036111598,368,22:25
2140000,4283.9999999552665,-808891.5834972644,207640.14165334136,301.0653265588017,727.674801851185,1.0321680678467453,368,22:23
2145000,4293.999999957304,-810753.9015227887,206939.98404577788,300.05014145497114,727.0242437372912,1.033091675714329,368,22:20
2150000,4303.999999959341,-810337.3522670944,206736.74496570177,299.7554573947244,729.7341273289081,1.0292552672529325,368,22:18
2155000,4313.999999961378,-808251.8495609821,207527.96295598708,300.9026744054994,726.7825588256612,1.0334352209292197,368,22:16
2160000,4323.999999963416,-809477.9792233645,206115.88979487395,298.85525590544273,726.7198693040865,1.0335243688420743,368,22:14
2165000,4333.999999965453,-809849.6301008938,207481.71897203272,300.83562349703953,725.9520941294526,1.0346174359455278,368,22:11
2170000,4343.99999996749,-810736.5977962767,208462.97094869163,302.25837800123594,727.1273365355377,1.0329452030040578,368,22:09
2175000,4353.999999969527,-809578.1752194315,206291.3244103366,299.10962521656637,727.6799814784935,1.0321607208727357,368,22:07
2180000,4363.999999971565,-810178.9045620379,205801.93415395485,298.40003969914625,727.4855811958379,1.0324365371102944,368,22:04
2185000,4373.999999973602,-810722.3308060453,208075.32484730362,301.6963151978958,725.9661712311944,1.0345973738331502,368,22:02
2190000,4383.999999975639,-809730.4917282397,207397.44373610898,300.71342963210486,728.6303916349319,1.0308143921394624,368,21:59
2195000,4393.999999977676,-809807.1264542928,207639.88027459398,301.06494757583,727.481293651197,1.0324426219646823,368,21:57
2200000,4403.999999979714,-809042.3623942607,206823.84162961066,299.881742155239,725.7028747739912,1.0349727420900925,368,21:55
2205000,4413.999999981751,-809991.3437527553,207225.2589439195,300.46377236315766,725.872238067487,1.0347312582819426,368,21:53
2210000,4423.999999983788,-811878.2520537283,207546.23982690542,300.9291747347117,725.6587587989931,1.035035662617214,368,21:50
2215000,4433.9999999858255,-809801.587384725,207472.71450671987,300.82256758083605,728.1410987482465,1.0315070740254784,368,21:48
2220000,4443.999999987863,-810034.5298023089,207174.80039858696,300.3906106021067,729.13562853082,1.0301001142419872,368,21:45
2225000,4453.9999999899,-811363.2288308567,207163.5397627896,300.3742833786392,728.6108375153665,1.0308420566577974,368,21:43
2230000,4463.999999991937,-810435.2618145947,206954.4704397542,300.0711458277211,726.8412437809347,1.0333517816634414,368,21:41
2235000,4473.999999993975,-809775.620711307,206832.3256189819,299.89404341360955,729.512743256816,1.0295676137121177,368,21:38
2240000,4483.999999996012,-810130.1556264255,208040.04253258335,301.64515802993,727.6985939149824,1.0321343211709575,368,21:36
2245000,4493.999999998049,-810649.1389221251,207108.44248807358,300.2943957476985,726.108535969462,1.0343945251169573,368,21:33
2250000,4504.000000000086,-810458.8328461922,206931.03498532082,300.0371658723721,728.921208681898,1.0304031290373308,368,21:31
2255000,4514.000000002124,-810019.946276675,206548.20364993677,299.4820841811028,728.7706907485856,1.0306159451555283,368,21:29
2260000,4524.000000004161,-809882.0823556725,206331.63740212232,299.1680765542504,726.6677656103792,1.0335984748361773,368,21:27
2265000,4534.000000006198,-809398.9527189643,206319.15842048117,299.149982804877,727.1694129862973,1.0328854333448898,368,21:25
2270000,4544.0000000082355,-810110.5396201815,207447.79353359417,300.78643371552215,728.0838445973882,1.0315881883944704,368,21:22
2275000,4554.000000010273,-809880.7037347308,206961.31717238546,300.0810731653693,728.0709689054385,1.031606431687089,368,21:20
2280000,4564.00000001231,-809811.9650008753,207073.10753772457,300.2431622613357,729.0671615587526,1.0301968513321582,368,21:17
2285000,4574.000000014347,-811438.1124493303,206508.54764221417,299.42458542956103,727.7768767137429,1.03202330038156,368,21:15
2290000,4584.000000016385,-808120.0007039974,205932.83437016016,298.58983689358405,730.446373243259,1.028251657835762,368,21:13
2295000,4594.000000018422,-807857.0312353629,206717.37889409869,299.72737779207665,727.6747039441752,1.0321682067226585,368,21:10
2300000,4604.000000020459,-809824.5765864281,206963.97308064057,300.08492406760695,727.7767830539639,1.0320234331957368,368,21:08
2305000,4614.000000022496,-810247.4735986963,205614.3543098087,298.1280605597369,728.1213387689354,1.0315350673795485,368,21:06
2310000,4624.000000024534,-810985.0836386303,205592.00301302387,298.09565256573364,727.2472697436897,1.032774855947155,368,21:03
2315000,4634.000000026571,-809511.1742907539,207522.69180128418,300.8950315581225,727.2858695122887,1.0327200427407863,368,21:01
2320000,4644.000000028608,-808024.7885957793,207636.96570506977,301.06072163079546,728.86834488691,1.0304778627257265,368,20:58
2325000,4654.000000030645,-811693.7812459026,205074.42485483398,297.3451963390408,724.1212381962577,1.0372333452315283,368,20:56
2330000,4664.000000032683,-811334.2828326393,207272.3154993937,300.5320014499217,726.4693783725794,1.0338807341474732,368,20:54
2335000,4674.00000003472,-811771.0271947654,206713.8989766499,299.7223321276171,729.049446787039,1.0302218835190995,368,20:51
2340000,4684.000000036757,-809718.1034084312,207396.65741208318,300.712289511039,729.8524562026911,1.0290883970648907,368,20:49
2345000,4694.0000000387945,-809744.5297657326,206120.07731585024,298.86132755112817,729.1433106673327,1.0300892612730528,368,20:46
2350000,4704.000000040832,-811006.9758913298,207660.5239673989,301.0948796499762,727.9430257241276,1.0317877467132195,368,20:44
2355000,4714.000000042869,-810841.475639944,206968.7075183101,300.0917887085752,728.0601172148549,1.0316218077165347,368,20:42
2360000,4724.000000044906,-809681.6889197505,207167.8305369158,300.38050473498777,729.871440205885,1.0290616304093667,368,20:40
2365000,4734.000000046944,-809724.2756257509,207150.66082193877,300.3556097132193,729.1283814241065,1.0301103528304767,368,20:37
2370000,4744.000000048981,-810934.8844135418,206941.63870235762,300.0525406043821,727.2459173503203,1.032776776505021,368,20:35
2375000,4754.000000051018,-810170.259589653,207089.16433156672,300.26644361648744,729.6049491249646,1.0294374992224147,368,20:33
2380000,4764.000000053055,-809309.1243388024,207068.89797637681,300.2370586584787,729.0300623670413,1.030249276427447,368,20:30
2385000,4774.000000055093,-810243.4319806402,207456.32360877906,300.79880179546404,729.2585304224993,1.0299265115381748,368,20:28
2390000,4784.00000005713,-810770.924121195,206851.41057950788,299.92171542263134,728.4775896144015,1.0310306109005558,368,20:25
2395000,4794.000000059167,-809562.673754368,206488.8573693327,299.39603575516816,727.0540939765679,1.0330492606671262,368,20:23
2400000,4804.000000061204,-808703.9279279523,205896.2324367885,298.5367663604228,728.5125076990745,1.0309811929238,368,20:21
2405000,4814.000000063242,-810869.6683452553,206826.07898877014,299.8849861872485,729.7010574662156,1.0293019128347298,368,20:19
2410000,4824.000000065279,-809549.0933697717,208006.54708206365,301.5965917042251,731.3216232451481,1.027021040229421,368,20:17
2415000,4834.000000067316,-808042.9181731795,206975.10874274425,300.1010700869701,729.7721176831875,1.0292016864551747,368,20:14
2420000,4844.0000000693535,-808226.9095300864,207801.57179348808,301.299390249342,730.0729073498381,1.0287776558836133,368,20:12
2425000,4854.000000071391,-808933.5547055346,207330.5953157329,300.61650356881955,729.1140398555791,1.0301306149532838,368,20:09
2430000,4864.000000073428,-809521.8825923521,207632.86178321746,301.0547711986545,729.3536248251226,1.0297922279163119,368,20:07
2435000,4874.000000075465,-807947.4054207345,207890.0994451867,301.427749853395,729.5625921705573,1.0294972663180522,368,20:05
2440000,4884.000000077503,-809672.9150188142,205779.73316144844,298.3678496370241,729.8133519862536,1.0291435367732868,368,20:02
2445000,4894.00000007954,-810262.5411621965,206935.2600358455,300.04329193357506,727.289584743046,1.0327147672723251,368,20:00
2450000,4904.000000081577,-810241.1421737233,206630.73147000506,299.60174440143015,728.1764131651465,1.0314570489626107,368,19:58
2455000,4914.000000083614,-811085.7519893232,206806.52036379994,299.85662739416153,726.3531947192248,1.034046108295614,368,19:56
2460000,4924.000000085652,-811143.6384406453,206686.25565071712,299.6822510195864,728.8126508065868,1.0305566093237644,368,19:53
2465000,4934.000000087689,-810400.148541667,208084.7693116144,301.7100090853554,730.2390438010568,1.0285435990082756,368,19:51
2470000,4944.000000089726,-810525.7191766943,206273.0942919657,299.08319267564804,728.0432827759299,1.031645661757533,368,19:48
2475000,4954.0000000917635,-810327.4708120353,207571.93912409915,300.9664371216488,729.269965930926,1.0299103615061542,368,19:46
2480000,4964.000000093801,-809111.2060103873,207292.93007588375,300.56189130721725,730.4520623826397,1.028243649278731,368,19:44
2485000,4974.000000095838,-810817.5832561278,207063.40475109156,300.22909382253124,727.4410061470759,1.032499801221881,368,19:41
2490000,4984.000000097875,-810812.2691076789,207609.40437236766,301.0207594078635,727.3432236438128,1.032638608337834,368,19:39
2495000,4994.0000000999125,-809133.2295375336,206999.52659793064,300.13647446247774,726.0727027533849,1.034445574663906,368,19:36
2500000,5004.00000010195,-808296.7869758117,206332.6645322136,299.16956582917516,728.2838720332218,1.031304856649687,368,19:34
2505000,5014.000000103987,-809252.5245660665,208755.84208872993,302.6830229890172,727.0802410939209,1.0330121103517642,368,19:32
2510000,5024.000000106024,-808936.2985044951,207504.99891954017,300.8693779769912,727.3777872900567,1.032589539262341,368,19:30
2515000,5034.000000108062,-812470.3741278313,206396.84116080496,299.26261796009004,724.8446959574698,1.036198096552769,368,19:27
2520000,5044.000000110099,-810492.3151048846,205622.0078040349,298.1391576516584,725.6487372031797,1.0350499570113627,368,19:25
2525000,5054.000000112136,-810101.8624559413,207473.84051099067,300.82420021718855,730.5940132484855,1.0280438665352802,368,19:22
2530000,5064.000000114173,-808875.6166654965,207133.93481131204,300.331358035238,729.1659628886435,1.0300572605885667,368,19:20
2535000,5074.000000116211,-810689.3610659903,207092.18048213472,300.27081684773486,728.6846298066135,1.0307376655478946,368,19:18
2540000,5084.000000118248,-810078.3224668847,207450.4589353071,300.79029838268497,729.158388707472,1.0300679603767466,368,19:15
2545000,5094.000000120285,-811024.5341749024,207535.06025408974,300.9129650475397,726.5654847420071,1.0337439776872959,368,19:13
2550000,5104.0000001223225,-810020.319934126,208178.85369970664,301.84642561252366,728.4686974954396,1.0310431962688453,368,19:10
2555000,5114.00000012436,-810856.117994939,207998.13166119778,301.5843898659344,728.6102937484953,1.0308428259823113,368,19:08
2560000,5124.000000126397,-810474.4071966792,206941.67898193456,300.05259900727026,727.8501954239889,1.0319193413281678,368,19:06
2565000,5134.000000128434,-810004.4350109408,207442.4295572875,300.7786562825771,727.113913635061,1.0329642717089715,368,19:04
2570000,5144.000000130472,-810997.5472182799,206925.06787375215,300.0285139307065,726.1838279006791,1.0342872773947633,368,19:01
2575000,5154.000000132509,-811184.9861075748,207180.5803255132,300.39899113765097,726.5359225905377,1.0337860398828447,368,18:59
2580000,5164.000000134546,-809934.1848066626,206739.6859600159,299.7597216540653,726.9826607471632,1.0331507679640783,368,18:56
2585000,5174.000000136583,-808881.2304549082,206271.83107850802,299.081361094485,726.3257127374053,1.034085233492272,368,18:54
2590000,5184.000000138621,-810441.4319079039,206181.00608343922,298.9496704850375,724.788005031851,1.0362791451198121,368,18:52
2595000,5194.000000140658,-810770.8716229154,207212.58236922155,300.44539211610766,726.7527444917371,1.033477616617436,368,18:49
2600000,5204.000000142695,-810003.5267601958,208101.3713596802,301.7340810253121,726.6129389645037,1.0336764651037855,368,18:47
2605000,5214.000000144732,-809575.7158849896,207015.24671553535,300.15926765796735,727.6889936623475,1.0321479379087712,368,18:45
2610000,5224.00000014677,-809824.2613329655,206420.7142666386,299.29723248282414,728.6475332148665,1.0307901420233292,368,18:42
2615000,5234.000000148807,-810137.942916139,207598.8789168341,301.00549815017916,725.9749524762316,1.0345848595542162,368,18:40
2620000,5244.000000150844,-808862.4518878721,208542.41941349918,302.37357334743166,727.6068249235615,1.0322644985173217,368,18:38
2625000,5254.0000001528815,-811204.9644403183,206662.59698750463,299.6479474253522,726.9144955955627,1.0332476498933165,368,18:35
2630000,5264.000000154919,-810908.8326361557,207631.67466986013,301.05304995791687,727.3382551476717,1.032645662361054,368,18:33
2635000,5274.000000156956,-810421.0886862562,207779.53683879008,301.26744093174364,729.3010463133237,1.029866470155617,368,18:30
2640000,5284.000000158993,-811744.9650452118,207892.10402846616,301.43065637481635,727.9808609510872,1.0317341217820364,368,18:28
2645000,5294.000000161031,-810461.4382121805,207987.07228532137,301.56835445686914,727.1594879762101,1.0328995312127087,368,18:26
2650000,5304.000000163068,-809478.6486446043,207234.42592793948,300.4770639214062,728.516149774384,1.0309760387331228,368,18:23
2655000,5314.000000165105,-811002.7276570359,206830.5439493971,299.89146010321934,728.4054151181514,1.0311327711994989,368,18:21
2660000,5324.000000167142,-810675.0050482163,208000.68974239178,301.5880989250012,724.4630628502439,1.0367439456368248,368,18:19
2665000,5334.00000016918,-810479.080034107,207807.44892705604,301.3079117284875,728.2134754050477,1.031404553218042,368,18:16
2670000,5344.000000171217,-810316.4197274814,207852.48991877187,301.37321837281695,726.7489172540046,1.0334830591635975,368,18:14
2675000,5354.000000173254,-810641.0763432244,207959.2488227924,301.5280121619469,726.5724787841458,1.0337340267888628,368,18:12
2680000,5364.0000001752915,-810220.968801144,206782.08887373767,299.8212032489295,727.9035109917456,1.0318437580060225,368,18:09
2685000,5374.000000177329,-811664.5865696245,208582.56443722814,302.43178114185156,728.1301350609147,1.031522605755997,368,18:07
2690000,5384.000000179366,-809898.4749270333,207991.69481871685,301.57505684358085,726.6984624401091,1.0335548140909976,368,18:04
2695000,5394.000000181403,-809865.7490655445,208211.12302192632,301.89321412824387,725.5883715457937,1.0351360684672963,368,18:02
2700000,5404.0000001834405,-810482.6384056802,206823.43517261965,299.88115281781245,726.3797201299745,1.0340083477455924,368,18:00
2705000,5414.000000185478,-809414.9993095561,208010.13377589075,301.60179218781036,728.5760001363733,1.0308913471029992,368,17:58
2710000,5424.000000187515,-811286.2850793996,206294.21916296304,299.11382242832826,727.6972050832951,1.0321362910299057,368,17:55
2715000,5434.000000189552,-810308.5185019723,207101.47585614462,300.28429456350545,727.4779478839779,1.0324473703047388,368,17:53
2720000,5444.00000019159,-810049.5553416982,209069.90859115266,303.13839993761775,727.3272529371466,1.0326612830942647,368,17:51
2725000,5454.000000193627,-809180.7464393829,208351.19473150745,302.09630941921654,729.1826683493364,1.030033662138103,368,17:48
2730000,5464.000000195664,-811989.3373861196,206416.96228258015,299.29179233865545,728.1976818578122,1.0314269228807529,368,17:46
2735000,5474.000000197701,-811079.1416084473,206550.38283037854,299.48524385758014,726.123735750187,1.0343728723748822,368,17:43
2740000,5484.000000199739,-808169.3168039722,207416.7237833326,300.741384504738,726.9193886910276,1.0332406948175978,368,17:41
2745000,5494.000000201776,-808440.0030232393,207296.36472147165,300.5668713302865,728.3376545890341,1.0312287021207225,368,17:39
2750000,5504.000000203813,-809811.1571563846,208907.73129473446,302.903252916826,728.3055956760535,1.0312740952516015,368,17:36
2755000,5514.0000002058505,-810076.1340355589,206739.96162415147,299.76012134996387,728.5695920719013,1.0309004142096803,368,17:34
2760000,5524.000000207888,-810195.133030897,207032.00673409968,300.1835686453488,726.3532357467576,1.0340460498882738,368,17:32
2765000,5534.000000209925,-811043.3533670115,207762.0678934238,301.24211204447045,727.3642648762842,1.0326087361127794,368,17:30
2770000,5544.000000211962,-810246.1800286942,206885.08358181524,299.97053918741574,726.2229060401723,1.0342316222754246,368,17:27
2775000,5554.000000214,-809725.8256573319,206282.99441049254,299.09754723345907,727.2928582519359,1.032710119074652,368,17:25
2780000,5564.000000216037,-810574.6689709006,207442.6898502823,300.7790336912749,727.0166313626594,1.0331024929095967,368,17:22
2785000,5574.000000218074,-811138.3258212144,205730.4207773509,298.29634973867354,727.2501654928697,1.0327707436662863,368,17:20
2790000,5584.000000220111,-810786.639763542,206401.87061848116,299.26991036176935,726.1986614590826,1.034266150723028,368,17:18
2795000,5594.000000222149,-809577.4096830878,207049.55626418183,300.20901437546183,726.7599010741025,1.033467439710764,368,17:15
2800000,5604.000000224186,-812188.3525350001,208009.193438911,301.60042875751395,728.6822030365073,1.0307410982697915,368,17:13
2805000,5614.000000226223,-809392.4064039667,207898.74395141174,301.44028385124756,729.2049390452399,1.030002203812423,368,17:11
2810000,5624.00000022826,-810761.9564369284,205483.66350913935,297.93856700483735,728.989805849547,1.0303061691956135,368,17:08
2815000,5634.000000230298,-811216.8623258309,206769.2318040271,299.8025612953064,725.3852206590384,1.0354259679637743,368,17:06
2820000,5644.000000232335,-810923.1507945452,206418.63336984534,299.2942153115411,726.6637437634106,1.0336041954668385,368,17:04
2825000,5654.000000234372,-810693.5051301271,207459.59882516423,300.8035506560779,726.2722029200968,1.0341614221605195,368,17:01
2830000,5664.0000002364095,-810697.3207509401,206538.9704257684,299.4686965787476,729.4893563720185,1.0296006208820823,368,16:59
2835000,5674.000000238447,-809511.1435190104,206450.1206107598,299.3398698578772,728.4242129987749,1.0311061615530948,368,16:57
2840000,5684.000000240484,-809871.1716805897,206247.72861869473,299.04641402270596,728.0601478388683,1.031621764323966,368,16:54
2845000,5694.000000242521,-811553.5474138986,207490.820674253,300.8488204007276,726.7464267495955,1.0334866008309809,368,16:52
2850000,5704.000000244559,-810827.8792803073,207113.65077321505,300.3019474381108,726.8075404685999,1.0333996999580517,368,16:49
2855000,5714.000000246596,-809752.5090767993,206593.72786557183,299.5480914701432,728.6380851714936,1.0308035079867182,368,16:47
2860000,5724.000000248633,-810749.204089799,207261.8082649708,300.5167666117177,726.1507533104465,1.0343343869346582,368,16:45
2865000,5734.00000025067,-810457.0499852812,208855.04410747235,302.82685976320823,726.0576835973129,1.034466973100814,368,16:42
2870000,5744.000000252708,-811888.2866228069,206975.28525961394,300.10132602548265,726.3656841209768,1.034028328522204,368,16:40
2875000,5754.000000254745,-809999.1993884267,207042.50141640747,300.19878528376455,727.5550641812678,1.0323379373253476,368,16:38
2880000,5764.000000256782,-810607.0605260986,207759.12757233542,301.23784876126507,726.2449703244546,1.0342002009486548,368,16:35
2885000,5774.0000002588195,-809347.5607747729,207119.09070983736,300.30983500880217,727.1507449682949,1.0329119504378,368,16:33
2890000,5784.000000260857,-811523.3972499822,207565.9848920027,300.95780385441907,726.1235102293315,1.0343731936324254,368,16:31
2895000,5794.000000262894,-809786.9264858798,207966.04949304502,301.537872712003,728.7815377689194,1.0306006056998285,368,16:28
2900000,5804.000000264931,-811038.5603341353,207648.3371270615,301.07720948737324,727.3884146428832,1.032574452833773,368,16:26
2905000,5814.0000002669685,-810872.0530462996,208790.60960056251,302.73343372472647,728.2851783612128,1.0313030067941062,368,16:24
2910000,5824.000000269006,-810770.8969451613,206449.88819306582,299.3395328666366,727.5878023810526,1.0322914867313064,368,16:21
2915000,5834.000000271043,-811929.5365358759,207143.8101392439,300.3456766482239,727.8113498436121,1.0319744181083312,368,16:19
2920000,5844.00000027308,-810538.2189116483,207041.86927013908,300.1978687108841,728.3147214285661,1.031261173431008,368,16:17
2925000,5854.000000275118,-810303.3436586643,207109.1540261016,300.29542743370615,725.7688241190824,1.034878695925171,368,16:14
2930000,5864.000000277155,-810678.0222010994,207276.04273201126,300.53740570603634,726.3262970285887,1.0340844016252624,368,16:12
2935000,5874.000000279192,-811338.9427403519,207241.17976444645,300.486856565436,726.9477109875894,1.0332004391720595,368,16:09
2940000,5884.000000281229,-808891.1294976883,207793.28917833237,301.2873809710938,729.9199679480951,1.0289932146381706,368,16:07
2945000,5894.000000283267,-808871.4382828772,206828.6187071713,299.88866862140463,729.0075270358725,1.030281123847082,368,16:05
2950000,5904.000000285304,-810663.2404524311,208428.06302993512,302.20776368419575,726.9755908706542,1.033160815410563,368,16:02
2955000,5914.000000287341,-810474.7575154267,207133.05924460266,300.33008851781625,727.6550416616808,1.0321960973874658,368,16:00
2960000,5924.0000002893785,-810156.139154091,206922.71506789798,300.0251025081502,727.4226211761938,1.0325258967518085,368,15:58
2965000,5934.000000291416,-809628.7737886258,206335.9745471131,299.17436514547643,727.0887076850768,1.0330000814327271,368,15:55
2970000,5944.000000293453,-811085.0090395124,207053.42275394048,300.2146205457936,727.107064745835,1.0329740015798727,368,15:53
2975000,5954.00000029549,-811266.4716468416,207112.86403878627,300.30080672198613,726.2547202710347,1.0341863168437657,368,15:51
2980000,5964.000000297528,-810116.1570794345,207257.80694453773,300.5109649452708,727.8246988838339,1.0319554906550086,368,15:48
2985000,5974.000000299565,-810401.6701302184,206045.0195920788,298.75249850710003,728.8322686940802,1.0305288699597357,368,15:46
2990000,5984.000000301602,-811712.5424386607,207898.88357439486,301.440486295913,724.0155176575918,1.0373848017477296,368,15:44
2995000,5994.000000303639,-810685.1770864129,207010.97943103153,300.1530803601143,726.1579761212915,1.034324098812964,368,15:41
3000000,6004.000000305677,-811551.9431445724,206506.65080262464,299.4218351298073,726.0295648262857,1.0345070375022667,368,15:39
3005000,6014.000000307714,-811274.5430070315,206436.3867743026,299.3199566468528,724.7882341513374,1.036278817532064,368,15:37
3010000,6024.000000309751,-811123.8329866286,207692.43663752518,301.1411510422822,728.3150434068408,1.031260717524328,368,15:34
3015000,6034.000000311788,-811217.5964670675,207285.59979026663,300.551262847732,727.2743714753062,1.0327363698020848,368,15:32
3020000,6044.000000313826,-810764.9264192339,207441.83352715828,300.7777920758584,726.2634849454004,1.0341738361029762,368,15:30
3025000,6054.000000315863,-810386.1468658489,208223.12128795058,301.91061086978897,725.3137269609629,1.0355280292219324,368,15:27
3030000,6064.0000003179,-810220.5331247486,206783.5101198792,299.8232639676823,725.1489776581894,1.0357632946998867,368,15:25
3035000,6074.0000003199375,-810462.6144595593,206548.1237152389,299.48196828074884,726.7877268574323,1.0334278723928345,368,15:23
3040000,6084.000000321975,-809960.0163781014,206443.7436094738,299.3306236015448,725.9533017161186,1.0346157149116582,368,15:20
3045000,6094.000000324012,-810792.5587138869,207880.72157823842,301.4141525279804,726.6408737968422,1.033636726658308,368,15:18
3050000,6104.000000326049,-810009.158152374,208108.45523791667,301.74435220937886,726.9043900818363,1.0332620142285045,368,15:15
3055000,6114.000000328087,-809374.1877434468,207948.7079292102,301.51272852004956,728.0147321936338,1.0316861198458982,368,15:13
3060000,6124.000000330124,-809015.7094103722,207726.61728553876,301.19071086185403,729.8180287745896,1.0291369418601728,368,15:11
3065000,6134.000000332161,-809656.8631686,207090.20548504742,300.2679532244571,725.6189991909579,1.0350923764192146,368,15:09
3070000,6144.000000334198,-810780.8438144885,207210.19000388432,300.4419233347546,724.8205512200853,1.0362326136906694,368,15:06
3075000,6154.000000336236,-810937.427035551,208125.71491454792,301.76937766996616,726.9506897750485,1.0331962054811719,368,15:04
3080000,6164.000000338273,-811041.7959088665,207232.4112311405,300.47414273600884,726.8401350820885,1.0333533579054137,368,15:01
3085000,6174.00000034031,-810057.3657406662,208467.54712972508,302.2650131798977,727.6175601854638,1.032249268497665,368,14:59
3090000,6184.000000342347,-811287.2818857147,208011.27290634194,301.60344385631026,725.8796607695288,1.0347206773244666,368,14:57
3095000,6194.000000344385,-810950.9147159094,206970.73993557357,300.09473558754695,725.3697126355374,1.0354481048271764,368,14:54
3100000,6204.000000346422,-811721.950350083,207212.16808763947,300.44479143350935,724.4447454870533,1.0367701593895038,368,14:52
3105000,6214.000000348459,-809673.616424968,206489.0948862827,299.3963801400137,727.6002409623748,1.0322738393462687,368,14:50
3110000,6224.0000003504965,-810669.514298954,207421.8288801744,300.748786578516,727.9474075990024,1.0317815358733204,368,14:47
3115000,6234.000000352534,-811089.147741863,207967.44128147565,301.539890718902,727.1956953514369,1.0328481027167244,368,14:45
3120000,6244.000000354571,-810391.6013282039,208111.56137222372,301.74885591146665,727.2918086944159,1.0327116093824742,368,14:43
3125000,6254.000000356608,-811885.5227045058,205313.5921771151,297.6919741220427,729.129230925831,1.0301091526584303,368,14:40
3130000,6264.000000358646,-811022.4444460105,205130.25103229497,297.4261408337516,725.8215698836683,1.0348034908467671,368,14:38
3135000,6274.000000360683,-810971.4189276318,206619.0532627495,299.5848117252481,727.5072810341829,1.032405741946396,368,14:36
3140000,6284.00000036272,-812347.9052369283,207600.1771884344,301.0073805634746,725.7275091080415,1.0349376106338068,368,14:33
3145000,6294.000000364757,-811860.4934644243,206675.7065156162,299.6669554279981,726.8244021954001,1.0333757259371419,368,14:31
3150000,6304.000000366795,-811201.1236679312,207090.23359901647,300.26799398796845,727.1614881986203,1.032896689988547,368,14:28
3155000,6314.000000368832,-809645.022409563,207345.89273986217,300.63868388498724,726.324817479377,1.0340865080915767,368,14:26
3160000,6324.000000370869,-812857.558040503,207456.31852093962,300.79879441841246,725.35688278056,1.0354664194655798,368,14:24
3165000,6334.0000003729065,-810648.6624872563,208256.6980059888,301.95929502835514,727.0460428500479,1.033060700396949,368,14:22
3170000,6344.000000374944,-810887.070901711,207182.80247261986,300.40221311312735,726.5116456683415,1.033820584605434,368,14:19
3175000,6354.000000376981,-810026.4725272967,207377.40611431352,300.6843763233309,726.5301648946779,1.0337942325579585,368,14:17
3180000,6364.000000379018,-812026.4105669754,207271.56746311302,300.5309168437115,724.5518010507096,1.0366169722555618,368,14:15
3185000,6374.0000003810555,-809333.6279932689,207908.01412718667,301.45372503114044,727.3418189922911,1.0326406025822934,368,14:12
3190000,6384.000000383093,-810322.4003544948,206318.98915010906,299.14973737333645,725.4695183222742,1.0353056541706394,368,14:10
3195000,6394.00000038513,-810837.3495809147,205493.48716133914,297.95281069121694,727.3770947596889,1.0325905223832266,368,14:07
3200000,6404.000000387167,-811004.6529812613,207592.86971997248,300.9967851874491,727.3052571474987,1.032692513722859,368,14:05
3205000,6414.000000389205,-810916.1850693477,207238.74747741967,300.4833299001093,726.9134268999466,1.033249168956238,368,14:03
3210000,6424.000000391242,-810049.1744494913,207466.46788485633,300.8135103665794,726.79998540856,1.0334104421112373,368,14:01
3215000,6434.000000393279,-812645.7760878527,206886.4204330444,299.9724775387801,726.4525138385208,1.0339047356018303,368,13:58
3220000,6444.000000395316,-811432.3279149197,206806.06698211172,299.8559700188345,727.5447526485127,1.032352568709075,368,13:56
3225000,6454.000000397354,-809823.8404161604,206563.2502270281,299.50390078462425,727.8322316345059,1.0319448103593611,368,13:53
3230000,6464.000000399391,-810122.2893326278,207745.63065140208,301.2182790630556,729.3697273076543,1.0297694929291845,368,13:51
3235000,6474.000000401428,-809007.3015823094,206763.1863113513,299.793795705897,728.5497942302544,1.0309284282223334,368,13:49
3240000,6484.0000004034655,-811919.9984618905,206359.55826359772,299.2085600716038,726.5153055872207,1.0338153765947475,368,13:46
3245000,6494.000000405503,-809660.664100768,205934.82586553518,298.59272443835573,727.0453902694413,1.0330616276504432,368,13:44
3250000,6504.00000040754,-810042.2293146448,207362.47434198292,300.6627261795918,726.9228761109765,1.0332357378347738,368,13:42
3255000,6514.000000409577,-809517.0991072943,207198.66260611708,300.4252093229767,727.3101481839883,1.032685569042134,368,13:40
3260000,6524.000000411615,-810234.4943260658,206743.9269458166,299.76587082043,727.831396314132,1.0319459947058034,368,13:37
3265000,6534.000000413652,-811065.0725166635,207973.06680204748,301.54804737480936,727.8189291175806,1.0319636714562035,368,13:35
3270000,6544.000000415689,-810025.9101061793,205980.05445816653,298.65830309237674,729.0547389172783,1.0302144052488242,368,13:32
3275000,6554.000000417726,-813275.6325757382,207062.97060016985,300.22846433062296,727.8009289951592,1.0319891941941948,368,13:30
3280000,6564.000000419764,-810999.4347184617,206064.86792892023,298.7812773644309,728.479512457495,1.0310278894649416,368,13:28
3285000,6574.000000421801,-811439.4467202863,207217.21093821648,300.4521032540642,726.9220569951636,1.0332369021132866,368,13:25
3290000,6584.000000423838,-809877.9697429882,206253.097969267,299.0541992480029,727.1037917037297,1.03297865149016,368,13:23
3295000,6594.000000425875,-811255.5402833209,207960.65184945468,301.5300464635847,728.2762229525896,1.0313156884381707,368,13:21
3300000,6604.000000427913,-809318.3921222906,207335.1049147605,300.6230422077026,725.5718153811412,1.0351596882976482,368,13:18
3305000,6614.00000042995,-810050.5275911507,206537.9803239716,299.46726099255307,727.4719456542114,1.0324558888275153,368,13:16
3310000,6624.000000431987,-809095.9080269858,207552.5129891648,300.9382704308962,728.5860289891107,1.0308771570731372,368,13:14
3315000,6634.0000004340245,-810983.4328174116,207392.44884043964,300.7061873431917,728.0102243537132,1.031692508047219,368,13:11
3320000,6644.000000436062,-808642.1598917744,207194.4918162546,300.41916193636854,729.492465573533,1.0295962325765673,368,13:09
3325000,6654.000000438099,-810729.0558140376,205983.7931746202,298.66372399934136,725.3040788223182,1.035541804021066,368,13:07
3330000,6664.000000440136,-809992.0526318494,207450.02875392605,300.7896746463643,725.8906938357155,1.0347049502434957,368,13:04
3335000,6674.000000442174,-809509.7106006267,206061.4862849459,298.7763741904139,726.5356944248726,1.0337863645392669,368,13:02
3340000,6684.000000444211,-810271.5709555582,207727.19635375566,301.1915504748519,725.0580444869363,1.0358931949772103,368,12:59
3345000,6694.000000446248,-809685.5183006567,206830.7068732753,299.89169633273735,725.5010712490081,1.035260627464618,368,12:57
3350000,6704.000000448285,-809452.3022198686,209665.42969332216,304.00186859868546,727.0374619991394,1.0330728930834514,368,12:55
3355000,6714.000000450323,-809350.7672846466,207694.80971660884,301.14459185976375,726.4714407253357,1.033877799101906,368,12:53
3360000,6724.00000045236,-811078.6173566584,207312.91631933942,300.59087012058524,726.0013065501631,1.0345473038010362,368,12:50
3365000,6734.000000454397,-810639.5907118446,207779.04990654546,301.26673491019085,727.6031236114217,1.0322697496398028,368,12:48
3370000,6744.0000004564345,-811652.9034532439,206814.00330414047,299.8674771935274,725.9247905023072,1.0346563501816564,368,12:46
3375000,6754.000000458472,-808764.3313968102,207621.5072625177,301.03830784790176,726.8441063783256,1.0333477119185153,368,12:43
3380000,6764.000000460509,-809280.4163544532,207381.89943851903,300.6908913647314,727.6072848619033,1.0322638459977116,368,12:41
3385000,6774.000000462546,-812174.9093031236,205945.93744886553,298.608835544991,725.2829180312473,1.0355720168982967,368,12:38
3390000,6784.0000004645835,-809438.5459485101,208014.15778716715,301.60762675457266,727.4163800500156,1.0325347556730273,368,12:36
3395000,6794.000000466621,-809747.6474744403,208108.52898402954,301.7444591366684,725.9727735573972,1.0345879647346283,368,12:34
3400000,6804.000000468658,-812343.8144833832,207248.40047428015,300.4973261468317,725.0756557121526,1.0358680343636757,368,12:31
3405000,6814.000000470695,-811288.9707725025,206531.2066963283,299.45743965260317,727.6275395735904,1.0322351112323973,368,12:29
3410000,6824.000000472733,-810432.9620324876,207538.0846279873,300.917350202105,726.5751500555663,1.033730226240273,368,12:27
3415000,6834.00000047477,-810350.9993929267,207256.04874867864,300.5084156703269,725.7958119038044,1.0348402152905338,368,12:24
3420000,6844.000000476807,-811490.828595276,208618.75897661567,302.4842609790043,727.6060919551219,1.0322655383894543,368,12:22
3425000,6854.000000478844,-810446.3050819845,207571.08855742845,300.9652038527325,728.6254061325739,1.0308214453214397,368,12:20
3430000,6864.000000480882,-810540.8360668104,207321.09393104957,300.6027271503502,727.8499572539014,1.0319196789971026,368,12:17
3435000,6874.000000482919,-808641.2484308095,206849.13887811935,299.91842159651975,726.5243435608446,1.033802515916109,368,12:15
3440000,6884.000000484956,-812315.010330996,206535.4372964733,299.46357376041135,726.6114611886029,1.033678567385749,368,12:13
3445000,6894.0000004869935,-811525.4609319544,207957.49786818243,301.52547338636504,726.4581682311705,1.033896688196497,368,12:10
3450000,6904.000000489031,-811404.317206616,206654.76985410368,299.6365985673972,726.2370808370706,1.0342114359979977,368,12:08
3455000,6914.000000491068,-809744.8249176061,206600.2296481569,299.5575186516198,726.4648848759546,1.0338871291428624,368,12:06
3460000,6924.000000493105,-811485.6137645715,208359.33736782748,302.1081157368352,725.5673737951843,1.0351660250637442,368,12:03
3465000,6934.000000495143,-809748.165453421,207193.10842030792,300.4171560980507,727.5681614328631,1.0323193537885555,368,12:01
3470000,6944.00000049718,-809419.541625076,207075.43012962613,300.2465298755347,727.9382247052039,1.0317945517309108,368,11:59
3475000,6954.000000499217,-810804.6809310643,206761.00564453212,299.79063387426464,727.3039510168327,1.0326943682863585,368,11:56
3480000,6964.000000501254,-809076.9315997954,207906.73090905184,301.45186444443624,728.1808380204183,1.0314507812226177,368,11:54
3485000,6974.000000503292,-811840.2677640934,206708.51926793507,299.714531883656,726.3295484545189,1.034079772529772,368,11:52
3490000,6984.000000505329,-810064.8283500643,207964.17440914238,301.53515395664584,726.2085352029799,1.0342520885375828,368,11:49
3495000,6994.000000507366,-809368.6052354509,206910.57619879686,300.00750190086455,728.4002423133489,1.0311400938886481,368,11:47
3500000,7004.000000509403,-810300.6619666335,207220.87658015947,300.4574182075208,727.1334399878046,1.0329365326123603,368,11:44
3505000,7014.000000511441,-810177.5824290537,208579.0801383159,302.4267291245418,729.5629202133557,1.0294968034119,368,11:42
3510000,7024.000000513478,-811862.1223003129,205835.13204188395,298.4481745775511,726.0993277966833,1.034407642996487,368,11:40
3515000,7034.000000515515,-810114.2077842304,205765.25001421894,298.3468499718557,727.7547844412508,1.0320546292583435,368,11:37
3520000,7044.0000005175525,-809148.7966812579,206535.68072997022,299.46392672388293,727.8586923926284,1.0319072947779602,368,11:35
3525000,7054.00000051959,-809381.5955514349,206613.6289523337,299.576946811587,728.0782595056128,1.031596101712347,368,11:33
3530000,7064.000000521627,-809696.5964809707,207288.02557052916,300.5547800786541,727.0435560966713,1.0330642338402531,368,11:30
3535000,7074.000000523664,-810265.9774013748,207440.06735278518,300.77523123256395,727.3379224071699,1.0326461347728797,368,11:28
3540000,7084.000000525702,-809879.729989795,206872.01635296605,299.9515925160767,727.587425840439,1.032292020962185,368,11:26
3545000,7094.000000527739,-811881.9501272775,207516.8319100404,300.8865350792777,725.8562550319265,1.0347540426092554,368,11:23
3550000,7104.000000529776,-810897.7352387817,208058.28163528483,301.67160359757037,727.4457070967079,1.0324931289307209,368,11:21
3555000,7114.000000531813,-808393.0007906053,206112.55366281548,298.85041872088084,731.3973956330938,1.0269146413863937,368,11:19
3560000,7124.000000533851,-809997.8522664667,207377.3962961405,300.684362087589,728.4922442971205,1.0310098702178723,368,11:16
3565000,7134.000000535888,-810257.8954741838,206986.13672794314,300.11705998149984,727.8878764671847,1.0318659212911918,368,11:14
3570000,7144.000000537925,-809169.3876692969,206022.20858200674,298.71942395734385,725.9004762513365,1.0346910063018682,368,11:11
3575000,7154.0000005399625,-808172.7566189258,207269.40029088838,300.52777457840426,727.8894017618084,1.0318637590127766,368,11:09
3580000,7164.000000542,-809907.0062051984,206967.86635653288,300.09056907617116,727.4236469858643,1.0325244406882694,368,11:07
3585000,7174.000000544037,-809962.7031595409,206848.7888596766,299.9179140914876,726.1346345028543,1.0343573471904794,368,11:04
3590000,7184.000000546074,-809215.8584301141,207100.38871526773,300.2827182766637,726.6229879984579,1.0336621695886874,368,11:02
3595000,7194.0000005481115,-809414.9346226351,206664.00843492732,299.6499939365703,728.7357183647151,1.0306654049192652,368,11:00
3600000,7204.000000550149,-809489.5428996822,207026.61863127677,300.1757562304516,727.4042382057189,1.0325519907612708,368,10:57
3605000,7214.000000552186,-811591.920089344,207336.96051970898,300.6257327197843,727.8172482816267,1.031966054694092,368,10:55
3610000,7224.000000554223,-808949.1196806445,206783.65045207937,299.8234674406685,728.4507749111896,1.0310685637462194,368,10:53
3615000,7234.000000556261,-810142.3163303509,206326.73641965282,299.16097043365204,728.1192022581372,1.031538094199612,368,10:50
3620000,7244.000000558298,-809208.1203123494,205898.76706412417,298.5404414128498,726.3277974935343,1.0340822653895287,368,10:48
3625000,7254.000000560335,-810302.7866109102,206026.855071756,298.7261610792827,726.9219090470317,1.0332371124047464,368,10:46
3630000,7264.000000562372,-807905.2650503642,206781.74015502544,299.82069762842605,729.7405252094657,1.0292462434259204,368,10:43
3635000,7274.00000056441,-809916.6378702759,206277.3228293758,299.0893237926185,728.1002408528364,1.0315649578246873,368,10:41
3640000,7284.000000566447,-810753.5293364995,206697.26899547156,299.6982196863798,728.3340486216575,1.0312338077134993,368,10:38
3645000,7294.000000568484,-809855.5337651009,206039.04483334583,298.7438354775204,727.4453005302581,1.0324937059872576,368,10:36
3650000,7304.0000005705215,-810097.9210199756,206560.60444674382,299.50006456731603,728.0753387815147,1.0316002400307782,368,10:34
3655000,7314.000000572559,-810503.2522041788,206733.03555469066,299.75007897883376,725.004578508935,1.0359695876572237,368,10:32
3660000,7324.000000574596,-810976.7536845235,206467.14574705588,299.36455524952584,726.0980635405873,1.0344094440702456,368,10:29
3665000,7334.000000576633,-810843.6623234688,207136.7948949844,300.3355049791668,726.4483337179724,1.0339106848844284,368,10:27
3670000,7344.000000578671,-810675.4468970122,206472.75450497423,299.37268760062534,727.9391462552164,1.0317932455086982,368,10:24
3675000,7354.000000580708,-811102.2748558111,206134.50208451075,298.8822425709925,727.5278859095515,1.0323765023913842,368,10:22
3680000,7364.000000582745,-811147.0090988628,206751.3965802504,299.7767013270564,727.0025292691264,1.0331225326032674,368,10:20
3685000,7374.000000584782,-811872.7078361297,207686.61709482624,301.1327130663247,725.7221542254864,1.0349452471229572,368,10:17
3690000,7384.00000058682,-809173.3744422593,206467.5898054256,299.3651991066193,729.3202245653982,1.0298393887199149,368,10:15
3695000,7394.000000588857,-811012.2627359694,206140.47451574687,298.89090222584605,725.9144869589933,1.034671035970011,368,10:13
3700000,7404.000000590894,-810300.4016717677,207398.81945271214,300.71542433585086,728.4837623592731,1.0310218745508322,368,10:10
3705000,7414.000000592931,-811906.2460250398,207509.22359242232,300.8755034906358,725.3133315752046,1.0355285937131906,368,10:08
3710000,7424.000000594969,-809409.5108292741,207627.36253953876,301.0467976364099,727.5641741296855,1.0323250112554652,368,10:06
3715000,7434.000000597006,-811292.4125027489,206861.57867074726,299.9364585242546,726.408128617164,1.0339679095790253,368,10:03
3720000,7444.000000599043,-811240.0625608074,207853.9583407367,301.37534749358736,726.6759536723425,1.0335868284230625,368,10:01
3725000,7454.0000006010805,-810042.7564636869,208474.63129400375,302.2752847787079,726.7582918217267,1.0334697281056144,368,9:59
3730000,7464.000000603118,-809950.0997488317,206478.11233894847,299.3804561275694,726.9679978270296,1.0331716065804162,368,9:56
3735000,7474.000000605155,-810953.9256949811,206670.59132808365,299.6595387233443,726.8227140422274,1.033378126104991,368,9:54
3740000,7484.000000607192,-811224.3418354867,207695.6506694416,301.1458111892113,728.1213023223387,1.0315351190137232,368,9:51
3745000,7494.00000060923,-810133.6049361299,204911.24621222814,297.1085974283852,725.8597913621138,1.0347490013712632,368,9:49
3750000,7504.000000611267,-810460.1930563184,206970.96177651233,300.0950572431486,725.2329697901412,1.0356433388085482,368,9:47
3755000,7514.000000613304,-812030.8769964874,205968.38840053912,298.6413880324019,727.5557207087992,1.0323370057701986,368,9:45
3760000,7524.000000615341,-811695.0001144093,208384.70262521482,302.1448937867718,726.4417258424689,1.0339200895659664,368,9:42
3765000,7534.000000617379,-811075.8283252036,205788.32705243398,298.3803102459188,727.1461428290149,1.0329184877820556,368,9:40
3770000,7544.000000619416,-809131.4351845626,208809.47779698868,302.76079143924824,727.7915350088074,1.0320025146189857,368,9:38
3775000,7554.000000621453,-810836.6516588912,207677.42204419457,301.11938081322995,727.1660827458113,1.032890163704252,368,9:35
3780000,7564.00000062349,-809033.0481306291,206157.46018125513,298.91553038730046,727.1825797757629,1.0328667313222875,368,9:33
3785000,7574.000000625528,-812081.1086549573,209557.69252316697,303.84565638433696,724.7179222145763,1.0363793570226048,368,9:30
3790000,7584.000000627565,-810202.2180803912,206393.5660198334,299.2578692088212,728.915474137983,1.0304112354532367,368,9:28
3795000,7594.000000629602,-811608.858128339,207664.81346402035,301.10109915402205,727.0362703356391,1.0330745863624666,368,9:26
3800000,7604.0000006316395,-809340.3366266135,207804.3817988799,301.30346458287016,728.8889346175648,1.0304487536795721,368,9:23
3805000,7614.000000633677,-810361.8291097488,207109.1769056837,300.2954606076811,728.2200342403698,1.03139526370073,368,9:21
3810000,7624.000000635714,-811202.4347156701,207991.8114736366,301.57522598597905,725.9933926036069,1.0345585812481253,368,9:19
3815000,7634.000000637751,-811710.5575466929,206909.68969154905,300.0062165203407,727.445795157022,1.032493003943169,368,9:16
3820000,7644.000000639789,-809597.3257089467,206377.36676375888,299.23438129226884,725.2576306910426,1.0356081238770993,368,9:14
3825000,7654.000000641826,-810406.206988953,207157.2293596499,300.36513368548816,726.9367546721624,1.0332160114619984,368,9:12
3830000,7664.000000643863,-809511.5242712,207813.61000286334,301.31684490626867,727.1806269974837,1.0328695049931518,368,9:09
3835000,7674.0000006459,-810644.9106884999,206753.8482564197,299.78025610543716,728.584095971953,1.0308798921084517,368,9:07
3840000,7684.000000647938,-810371.6966734347,207470.5719262563,300.81946097205696,729.1695815595627,1.0300521486936822,368,9:05
3845000,7694.000000649975,-811013.8556284108,206927.4141432149,300.03191587590055,728.7813473550613,1.0306008749721394,368,9:02
3850000,7704.000000652012,-810725.2011338943,207282.5444786027,300.5468328353243,726.7816982545907,1.0334364446040267,368,9:00
3855000,7714.0000006540495,-810284.7217177562,206570.52307663337,299.51444596545485,725.250571411413,1.0356182040447286,368,8:58
3860000,7724.000000656087,-810337.1894944808,207623.03011892166,301.0405158952326,727.1679261059548,1.0328875453426716,368,8:55
3865000,7734.000000658124,-810076.4414921906,206964.41233911377,300.08556096514815,727.871979293063,1.0318884578809875,368,8:53
3870000,7744.000000660161,-810004.6666339962,207267.80899136688,300.5254672927981,728.0471169692045,1.0316402286904058,368,8:51
3875000,7754.0000006621985,-809967.4785085516,207374.42827746455,300.6800586445997,726.5291442223992,1.0337956848949001,368,8:48
3880000,7764.000000664236,-811043.0218990231,206503.5478507426,299.4173360420383,726.5335366029049,1.033789434909477,368,8:46
3885000,7774.000000666273,-810297.0276573934,207546.67819534216,300.9298103417552,726.8479557803108,1.0333422392874072,368,8:43
3890000,7784.00000066831,-809883.3995326404,207801.9541070913,301.2999445803538,727.2431646527936,1.0327806856817812,368,8:41
3895000,7794.000000670348,-811022.3239228134,207389.66937316218,300.70215728803527,725.0641121959038,1.0358845260908003,368,8:39
3900000,7804.000000672385,-809872.208598135,207491.6621043981,300.8500404222485,726.832966323255,1.033363549877099,368,8:36
3905000,7814.000000674422,-809147.9313060567,207000.65400629537,300.1381091346793,728.8501551562206,1.0305035801035327,368,8:34
3910000,7824.000000676459,-809181.2722243839,207401.11634449335,300.71875468646937,727.716215447769,1.0321093282020029,368,8:32
3915000,7834.000000678497,-810700.1181344874,206747.57874998573,299.7711657099728,724.3540512694115,1.0368999702993973,368,8:29
3920000,7844.000000680534,-811278.6687722723,206889.76009417447,299.9773198402769,725.9204697622731,1.0346625085437635,368,8:27
3925000,7854.000000682571,-812020.8672353742,205972.17286600638,298.6468752725987,727.7920597333374,1.0320017705643794,368,8:25
3930000,7864.0000006846085,-810503.6745078457,206867.42799261736,299.9449396781632,726.5056680528662,1.033829090777095,368,8:22
3935000,7874.000000686646,-810293.6699833232,207788.6186210923,301.28060895278605,726.1484290375336,1.034337697656409,368,8:20
3940000,7884.000000688683,-812504.4053373234,205413.91818364785,297.83744060881463,726.1419631928007,1.0343469077933978,368,8:18
3945000,7894.00000069072,-810204.3303916785,205453.51831633237,297.89485834501676,725.834672227792,1.0347848111777513,368,8:15
3950000,7904.000000692758,-810811.4422022123,207666.21035375798,301.1031245574998,726.0838624413009,1.0344296755503513,368,8:13
3955000,7914.000000694795,-810544.2750453535,205804.4815781758,298.4037333062632,726.4912392670045,1.033849623576064,368,8:11
3960000,7924.000000696832,-811839.9441803186,207261.2405343598,300.51594343754505,724.5529513784063,1.036615326483211,368,8:08
3965000,7934.000000698869,-811087.9519520025,207282.9025064577,300.54735195350753,725.5979789406612,1.0351223625843695,368,8:06
3970000,7944.000000700907,-808686.9699218208,206252.0437369304,299.0526706765034,725.6358969337742,1.0350682724231999,368,8:04
3975000,7954.000000702944,-811234.3461702294,206977.15061877438,300.1040306805668,727.610227937437,1.0322596706434453,368,8:01
3980000,7964.000000704981,-810020.5056631244,207049.32983414538,300.20868606595326,726.8477011761266,1.033342601252173,368,7:59
3985000,7974.000000707018,-811266.9557435513,207075.08259386924,300.246025970243,726.7063283052312,1.0335436268996285,368,7:57
3990000,7984.000000709056,-811564.8287212797,206237.92688756538,299.03220212051883,728.7004826159648,1.030715241948497,368,7:54
3995000,7994.000000711093,-809489.4218050656,207722.58713542245,301.1848673941546,726.1156807268851,1.03438434698948,368,7:52
4000000,8004.00000071313,-810404.677861928,206166.47693625235,298.928604122784,727.6380616040838,1.0322201845677685,368,7:50
4005000,8014.0000007151675,-810424.7060690215,208197.7068555249,301.8737615190969,727.8826748624624,1.0318732952249785,368,7:47
4010000,8024.000000717205,-811947.0537167955,205608.14201591007,298.1190531189002,727.4706481092192,1.032457730356066,368,7:45
4015000,8034.000000719242,-811430.3085276387,207890.655838462,301.428556589134,726.7963549020044,1.033415604222136,368,7:43
4020000,8044.000000721279,-810235.4856085489,208926.67504561675,302.93072018062287,725.6639616566081,1.0350282416297272,368,7:40
4025000,8054.000000723317,-811001.0677863504,206987.18074074353,300.11857373530574,727.5194583834701,1.0323884613566041,368,7:38
4030000,8064.000000725354,-811256.6503535728,207401.1536113861,300.7188087211524,723.6050876024403,1.0379732081985542,368,7:35
4035000,8074.000000727391,-811482.6405097973,207263.56678214797,300.51931635255283,726.2021005489772,1.0342612527280144,368,7:33
4040000,8084.000000729428,-811415.4895487204,207654.1214765882,301.08559643541383,726.3579362018605,1.034039358301675,368,7:31
4045000,8094.000000731466,-810547.7567839012,205997.6665619653,298.68383955049774,724.809185128973,1.0362488633665046,368,7:28
4050000,8104.000000733503,-812323.5399157228,207030.56617302733,300.1814799211444,726.7740180240875,1.0334473655091612,368,7:26
4055000,8114.00000073554,-811662.9521045941,206399.58877392532,299.2666018286944,726.5869011275415,1.0337135077468997,368,7:24
4060000,8124.0000007375775,-809528.8078790661,207438.6040677661,300.7731095600463,728.9610891335711,1.030346757109111,368,7:21
4065000,8134.000000739615,-808910.634814735,206400.22299019346,299.26752140294604,728.1011536223316,1.031563664623844,368,7:19
4070000,8144.000000741652,-808980.131931412,208204.51184424813,301.88362833066753,727.5018869997241,1.0324133966786337,368,7:17
4075000,8154.000000743689,-809343.3172480478,205868.09584785803,298.49597005164,725.4529978577168,1.0353292307916144,368,7:14
4080000,8164.0000007457265,-810292.514993913,207316.1250791789,300.59552262332977,727.8549739489386,1.0319125665550397,368,7:12
4085000,8174.000000747764,-810140.89196439,207148.089740202,300.3518818041718,726.3184260130887,1.034095607859418,368,7:10
4090000,8184.000000749801,-810848.116498041,206423.31119520075,299.30099786816527,725.3636241299241,1.035456796097856,368,7:07
4095000,8194.000000751837,-811205.2751949709,207497.81119479364,300.85895622192595,727.5315302668849,1.032371331001938,368,7:05
4100000,8204.000000753875,-809000.6400813307,207399.56070651807,300.71649910789336,727.8526300219628,1.0319158896559004,368,7:03
4105000,8214.000000755912,-813333.6588776736,205359.81240472448,297.75899058527597,727.5160756996347,1.032393261585598,367,7:00
4110000,8224.00000075795,-811655.0050132712,206681.9209993708,299.6759660439901,729.3364003662072,1.029816548125631,368,6:58
4115000,8234.000000759987,-809355.3694605534,207872.63555591242,301.40242829714157,728.601868251693,1.0308547465706495,368,6:56
4120000,8244.000000762024,-810314.284004306,206847.97240451147,299.91673028213864,728.4484544067473,1.0310718482602683,368,6:53
4125000,8254.000000764061,-812707.7434537099,207609.84007913692,301.0213911556543,725.8009496190725,1.0348328899840886,368,6:51
4130000,8264.000000766098,-811744.6531508849,206883.7340072568,299.9685823880131,727.1208986678693,1.0329543486145578,368,6:49
4135000,8274.000000768136,-809869.7765982738,206674.60707347517,299.66536130508626,728.3495880682428,1.0312118061871245,368,6:46
4140000,8284.000000770173,-809792.2533859075,208371.77880388458,302.1261550474404,727.7558470336609,1.032053122360913,368,6:44
4145000,8294.00000077221,-811155.6126551046,207400.43931443233,300.7177730348736,724.2583843881084,1.0370369338313632,368,6:41
4150000,8304.000000774247,-809606.0695366561,207724.0009801865,301.186917381369,727.8050147380856,1.031983400825827,368,6:39
4155000,8314.000000776285,-810775.0005900897,205092.84525166536,297.37190477192485,725.5646705597069,1.03516988178064,367,6:37
4160000,8324.000000778322,-811944.115243136,207343.9396147115,300.635851974661,727.8500525820372,1.0319195438442934,368,6:34
4165000,8334.00000078036,-809392.460539538,206454.1876253219,299.3457667767365,727.0899823967527,1.0329982704089244,368,6:32
4170000,8344.000000782396,-811064.3901102412,208524.12937465054,302.3470539255372,728.3713378760552,1.0311810132969708,368,6:30
4175000,8354.000000784434,-809965.9979273188,206748.05116632464,299.7718506843627,727.928935434384,1.0318077187016887,368,6:27
4180000,8364.000000786471,-809132.1921250764,206669.12265607485,299.65740924002563,728.2057293529652,1.0314155244492,368,6:25
4185000,8374.000000788508,-810686.6991262767,206715.6847705457,299.7249214180025,727.8802363471415,1.0318767521657142,368,6:23
4190000,8384.000000790546,-810716.5291412184,206696.82369904738,299.6975740341842,728.0921211690087,1.0315764618377945,368,6:20
4195000,8394.000000792583,-810617.5147516299,208179.08526931738,301.84676137409616,726.0332537996018,1.0345017811743553,368,6:18
4200000,8404.00000079462,-812621.779421377,206385.92170221702,299.24678542241475,724.9829276640281,1.0360005257883367,368,6:16
4205000,8414.000000796657,-811456.2744101416,207146.05600882147,300.3489330198118,727.1140220366254,1.032964117709819,367,6:13
4210000,8424.000000798695,-811494.2264131419,207932.30373213935,301.4889434517639,725.0374663602465,1.035922595859775,367,6:11
4215000,8434.000000800732,-810180.9170084298,206853.03471894734,299.92407032408164,727.1937909981563,1.0328508075083456,367,6:09
4220000,8444.00000080277,-812946.2232176671,206386.72152266823,299.2479451124603,726.3026972079987,1.0341180022251875,367,6:06
4225000,8454.000000804806,-811779.2411416317,206166.2199883185,298.92823156421707,725.8348749884223,1.0347845221125276,367,6:04
4230000,8464.000000806844,-810828.8086276725,206332.3983550324,299.169179888772,726.6513762992414,1.033621787207898,367,6:02
4235000,8474.000000808881,-810040.0142608015,206758.06459981977,299.7863695418494,728.6439358376158,1.0307952311221673,367,5:59
4240000,8484.000000810918,-809651.7941704211,206807.26698023817,299.85770994168826,726.1673093143104,1.0343108049806276,367,5:57
4245000,8494.000000812955,-810931.5663361521,206204.83402073162,298.9842195161884,727.2023573272814,1.032838640688663,367,5:55
4250000,8504.000000814993,-810608.7007792136,206774.33504766907,299.8099606820596,727.0642307878838,1.033034857778094,367,5:52
4255000,8514.00000081703,-810597.3723428193,205867.97930172784,298.49580106697994,727.3883729583163,1.0325745120076895,367,5:50
4260000,8524.000000819067,-809092.4869922954,206547.79424802444,299.48149057372297,729.7663725132535,1.0292097889641525,367,5:48
4265000,8534.000000821105,-811108.3674709639,207838.8162883683,301.353392456836,728.227114475618,1.0313852358935311,367,5:45
4270000,8544.000000823142,-808762.0535568618,207618.73038533417,301.0342815482209,729.2710433494576,1.0299088399257768,367,5:43
4275000,8554.000000825179,-809462.0713978759,206086.82046318933,298.8131071775195,727.4399541756746,1.0325012943489167,367,5:40
4280000,8564.000000827216,-810042.5579512147,206520.20425561664,299.44148679599544,727.261771559353,1.032754262109876,367,5:38
4285000,8574.000000829254,-809186.0659674732,207283.9530172486,300.5488751289966,728.6646568226549,1.030765918471468,367,5:36
4290000,8584.00000083129,-810144.6606205013,206559.074522444,299.49784627197454,729.0824757000217,1.0301752123809529,367,5:33
4295000,8594.000000833328,-809532.3111438346,207210.284623758,300.44206052770267,726.1861356653714,1.0342839905079126,367,5:31
4300000,8604.000000835365,-811006.0394691988,206881.33911610543,299.96510994438626,727.3741564653596,1.0325946936269383,367,5:29
4305000,8614.000000837403,-811044.357187768,207631.54705624358,301.0528649260881,727.938037960912,1.0317948164261634,367,5:26
4310000,8624.00000083944,-811143.8077270002,207691.49948909585,301.1397922351861,725.5356765891753,1.0352112494018555,367,5:24
4315000,8634.000000841477,-809609.2681789282,206231.43538963393,299.0227898511521,727.7097258639942,1.0321185323663997,367,5:22
4320000,8644.000000843514,-811061.3155983104,208427.87935522752,302.2074973672621,725.6224684401499,1.0350874275738484,367,5:19
4325000,8654.000000845552,-811324.6989367022,207700.0310425893,301.15216245858375,728.3067482702517,1.0312724631912893,367,5:17
4330000,8664.000000847589,-811845.1946124905,206191.83279079339,298.96536853917667,725.3390526698379,1.035491873052892,367,5:15
4335000,8674.000000849626,-810653.2110100589,207632.83663105266,301.0547347295756,726.822460470737,1.0333784866266396,367,5:12
4340000,8684.000000851664,-809468.700441381,206795.2847455485,299.8403364445839,729.0362085743392,1.0302405908154746,367,5:10
4345000,8694.0000008537,-810957.0109048868,207518.82379848164,300.8894231939709,729.9179053889764,1.028996122306721,367,5:08
4350000,8704.000000855738,-811152.5309363739,207640.08395274298,301.06524289651287,725.9894895136487,1.0345641432779726,367,5:05
4355000,8714.000000857775,-809817.0938090123,207374.3687290568,300.6799723031019,727.412284934647,1.0325405685373878,367,5:03
4360000,8724.000000859813,-811335.8803622574,206934.0129395611,300.0414837213135,725.5104151736011,1.0352472942346123,367,5:00
4365000,8734.00000086185,-810873.0393311218,206827.31520855404,299.88677862925886,725.3439905536367,1.0354848237926648,367,4:58
4370000,8744.000000863887,-810297.6743461513,208606.69218651854,302.4667648818037,730.7721329019714,1.0277932893593986,367,4:56
4375000,8754.000000865924,-811255.5594025445,207093.5732404457,300.27283626090025,725.2431412743273,1.0356288139833638,367,4:53
4380000,8764.000000867962,-809735.891038606,207002.09647706515,300.14020062782646,727.3471703975205,1.0326330050022854,367,4:51
4385000,8774.000000869999,-810571.8109293003,207822.9659065365,301.33041038629665,726.9284857840104,1.033227764403041,367,4:49
4390000,8784.000000872036,-809891.9869251768,207131.91782956087,300.3284335368017,726.0447737092472,1.0344853670805159,367,4:46
4395000,8794.000000874074,-810126.6058600103,207465.0926803964,300.81151640540924,725.7147233755072,1.0349558442937463,367,4:44
4400000,8804.00000087611,-810116.6478970656,207052.51907192206,300.21331026291756,725.2597855635696,1.0356050469058686,367,4:42
4405000,8814.000000878148,-811134.8844618057,206989.54906663316,300.12200766095077,724.5418138895935,1.0366312610937203,367,4:39
4410000,8824.000000880185,-813000.268683535,207954.47881150225,301.5210959414352,725.0663352518591,1.0358813500651698,367,4:37
4415000,8834.000000882223,-809260.8286713348,209083.2932554694,303.1578068706959,727.2049902956913,1.032834901122035,367,4:35
4420000,8844.00000088426,-810706.3412454622,207609.48776184913,301.02088031743943,727.3711706558731,1.032598932358354,367,4:32
4425000,8854.000000886297,-809609.3170440295,207654.147644802,301.0856343777007,728.9030513496971,1.030428796884214,367,4:30
4430000,8864.000000888334,-809323.0211909194,207027.65566520576,300.17725986532685,726.6680783337126,1.0335980300246188,367,4:28
4435000,8874.000000890372,-809742.8059401633,207708.09018299103,301.1638477122996,728.5929560175066,1.0308673561063824,367,4:25
4440000,8884.000000892409,-810849.6450491794,207718.27697632008,301.17861793079294,728.6666316416082,1.030763124908563,367,4:23
4445000,8894.000000894446,-809101.0035093073,206925.6850374806,300.0294087798333,729.062136848539,1.0302039514685926,368,4:20
4450000,8904.000000896483,-810426.1435226118,208328.30171949233,302.0631159717292,727.5208768355577,1.0323864485022451,368,4:18
4455000,8914.00000089852,-809145.3856163085,207551.90242680456,300.9373851533438,727.6185914224433,1.0322478055146815,367,4:16
4460000,8924.000000900558,-809748.7878909134,208418.05008156196,302.1932455301058,727.1621887437797,1.0328956948999857,367,4:13
4465000,8934.000000902595,-809584.933916573,206281.78025978847,299.0957867902456,727.8239072092891,1.0319566131420352,367,4:11
4470000,8944.000000904633,-810010.3668273408,206898.2240643723,299.98959207208765,727.4261354460242,1.0325209085139226,367,4:09
4475000,8954.00000090667,-810500.4893970727,207348.3853774126,300.64229805483006,725.7107844384318,1.034961461718806,367,4:06
4480000,8964.000000908707,-810798.7207340105,207883.030298185,301.41750002870504,726.2679184633903,1.0341675229667484,367,4:04
4485000,8974.000000910744,-811025.4294208768,206848.13760590815,299.91696981391726,728.3849419667001,1.0311617538653597,368,4:02
4490000,8984.000000912782,-809414.9307380305,206028.81797030158,298.7290071604254,729.2862984491996,1.029887296449488,368,3:59
4495000,8994.000000914819,-810787.874745097,207441.23051035905,300.7769177389015,726.9813543153031,1.0331526246019023,368,3:57
4500000,9004.000000916856,-811092.6391406003,205931.81030681462,298.5883520652504,726.5718293660361,1.0337349507520148,368,3:55
4505000,9014.000000918893,-809817.0329293585,206991.50351756922,300.1248414935836,728.1768840218231,1.0314563819976894,367,3:52
4510000,9024.00000092093,-812274.1869045971,207355.6383488307,300.65281441352215,725.1256404020637,1.0357966294379612,367,3:50
4515000,9034.000000922968,-810493.6131907869,207057.67034909717,300.22077929531457,726.8381905579981,1.0333561224553847,367,3:48
4520000,9044.000000925005,-811375.7279869909,205897.11786476918,298.5380501760763,728.2934362105206,1.0312913132315982,367,3:45
4525000,9054.000000927042,-809097.564196277,205695.62208780457,298.24589379721317,728.1879464115274,1.0314407124545217,367,3:43
4530000,9064.00000092908,-811729.3003093111,206907.31676693735,300.00277592683386,726.4548077457572,1.0339014708680443,367,3:41
4535000,9074.000000931117,-810282.3379835938,207405.9437169139,300.7257540770624,727.5716237219483,1.0323144412989609,367,3:38
4540000,9084.000000933154,-810882.8595144106,207599.7740328903,301.00679601294127,726.332719420415,1.03407525802615,368,3:36
4545000,9094.000000935192,-810517.028496257,207210.90052801574,300.4429535506751,727.0885804366845,1.033000262218952,368,3:33
4550000,9104.000000937229,-810811.8871321594,208630.8604306939,302.5018073368275,726.635785670198,1.0336439644997042,368,3:31
4555000,9114.000000939266,-812001.4245007415,206975.10241863568,300.1010609174049,725.9928244490408,1.0345593908830997,367,3:29
4560000,9124.000000941303,-810218.5438202466,206853.33817471826,299.9245103161277,727.4437099059979,1.0324959636320967,367,3:26
4565000,9134.00000094334,-811258.8797426159,207578.22777990694,300.97555528251746,725.2496919212933,1.0356194599101063,367,3:24
4570000,9144.000000945378,-811186.1857965076,206193.40615466432,298.96764981920194,725.0356512422562,1.0359251892794736,368,3:22
4575000,9154.000000947415,-811790.023611065,205775.3789036084,298.36153623322804,726.2900428241675,1.0341360199940612,368,3:19
4580000,9164.000000949452,-811105.4830989931,207829.21938474636,301.3394775418302,727.1153991918856,1.0329621612776354,368,3:17
4585000,9174.00000095149,-810200.0054120421,207405.64577568293,300.7253220807572,728.9681272796984,1.0303368091693224,368,3:15
4590000,9184.000000953527,-811184.494952111,206823.11122740287,299.88068311734077,727.8775788182792,1.0318805196155314,368,3:12
4595000,9194.000000955564,-811002.4237118997,206219.92356591584,299.00609842077944,726.9126051666623,1.033250336985554,368,3:10
4600000,9204.000000957602,-807188.1068882891,207267.10163903673,300.5244416757928,728.5298634683342,1.0309566318555545,368,3:08
4605000,9214.000000959639,-808888.6423050826,207191.423259018,300.41471271870205,727.5616682784416,1.0323285667656388,367,3:05
4610000,9224.000000961676,-811724.3983856533,207925.23272131442,301.4786909246457,724.7501535972013,1.036333266739719,367,3:03
4615000,9234.000000963713,-809689.9120435719,205817.94851440497,298.4232595285114,726.0818681308053,1.0344325167918826,367,3:01
4620000,9244.00000096575,-810633.331646218,207146.51556894367,300.34959935348485,727.6719862643458,1.0321720616226255,368,2:58
4625000,9254.000000967788,-810623.2895868723,207047.45271732577,300.20596436299263,727.172835166621,1.0328805724369519,368,2:56
4630000,9264.000000969825,-809486.777005258,206673.4673919491,299.66370883756196,729.146381785073,1.030084922603228,368,2:53
4635000,9274.000000971862,-810933.1392281097,206798.3783909446,299.84482203852554,725.2278301270665,1.0356506783749657,368,2:51
4640000,9284.0000009739,-811464.343428988,206760.20512768434,299.7894731744872,726.4660770312971,1.0338854324992015,368,2:49
4645000,9294.000000975937,-811507.1431817226,208385.42031543053,302.14593439307,726.2091192143995,1.034251256800533,368,2:46
4650000,9304.000000977974,-810956.2787512806,207445.17955090263,300.7826436027512,725.5133464051321,1.0352431116106449,368,2:44
4655000,9314.000000980011,-809575.4372161934,206742.39087563776,299.76364361394513,725.4016569102032,1.0354025071388508,367,2:42
4660000,9324.000000982049,-809761.3625856382,207523.43700299534,300.89611205438274,726.3549517024147,1.034043607036931,367,2:39
4665000,9334.000000984086,-809275.2306096968,207579.02421632138,300.9767100659196,725.3651088023158,1.035454676731899,367,2:37
4670000,9344.000000986123,-810652.8692206135,207308.78665407823,300.58488236209814,729.5164418890304,1.029562393827103,368,2:35
4675000,9354.00000098816,-811808.3536461452,206620.505666024,299.58691761991105,726.0502693431433,1.0344775368336467,368,2:32
4680000,9364.000000990198,-811563.6273315665,207452.0986361915,300.79267584726523,728.2099212619339,1.0314095871502684,368,2:30
4685000,9374.000000992235,-810609.910939245,206795.51488981466,299.8406701394952,728.1847400802003,1.031445254077665,368,2:28
4690000,9384.000000994272,-810456.2276274166,206687.94262571412,299.6846970286977,727.5146012606863,1.0323953539158859,368,2:25
4695000,9394.00000099631,-811683.8287068466,206086.64638561808,298.81285477583833,725.9217482252083,1.034660686339551,368,2:23
4700000,9404.000000998347,-810945.9540707017,206428.8213343214,299.3089872281249,727.0979337320653,1.0329869738349082,368,2:21
4705000,9414.000001000384,-810262.8752089371,205063.222563562,297.32895371151636,727.3010989904624,1.0326984178767895,367,2:18
4710000,9424.000001002421,-810679.0391060258,205497.85660592827,297.9591461148572,729.9925365194111,1.0288909224040113,367,2:16
4715000,9434.000001004459,-809465.4900135472,206872.02277294436,299.951601824647,728.7479577441192,1.0306480948125332,367,2:14
4720000,9444.000001006496,-810548.130487931,207397.6108386193,300.7136719203803,728.3728823526571,1.0311788267315642,368,2:11
4725000,9454.000001008533,-809123.3912743554,206788.95497574052,299.83115867096507,730.2423648849352,1.0285389212742393,368,2:09
4730000,9464.00000101057,-810861.3927831091,207524.71294948744,300.8979620976559,725.741907069469,1.0349170785525632,368,2:06
4735000,9474.000001012608,-810535.1379276421,205933.49103697075,298.5907890197298,727.4358217878536,1.032507159740263,368,2:04
4740000,9484.000001014645,-809401.0246795528,207551.22436216084,300.93640200166726,726.5556671404033,1.0337579461786206,368,2:02
4745000,9494.000001016682,-809814.4892023201,207225.66219956212,300.46435705882755,727.8484336949352,1.0319218390491225,368,1:59
4750000,9504.00000101872,-811556.8624256928,207581.1906686045,300.9798512873564,727.5517880221635,1.0323425859337185,368,1:57
4755000,9514.000001020757,-810405.9168251627,207565.02738871527,300.9564155340412,728.4924904002913,1.0310095219166866,367,1:55
4760000,9524.000001022794,-810239.1098262104,206848.55674496052,299.9175775395462,726.4048145735233,1.033972626803783,367,1:52
4765000,9534.000001024831,-812058.0621023308,206964.73331432213,300.0860263592919,729.5473262636679,1.029518808730511,367,1:50
4770000,9544.000001026869,-811218.7498990232,205826.21126700335,298.4352400072835,727.7060492122141,1.0321237470275166,367,1:48
4775000,9554.000001028906,-811339.5832725582,206757.56007799905,299.7856380165023,725.4074202340407,1.0353942809203363,368,1:45
4780000,9564.000001030943,-810922.7491004621,207971.5117467462,301.54579264107446,728.0119833829568,1.031690015262301,368,1:43
4785000,9574.00000103298,-810892.5670679556,206445.08845079126,299.3325735380416,726.4382291004404,1.0339250663853112,368,1:41
4790000,9584.000001035018,-812998.5979336384,207452.24793199694,300.79289231692303,726.5974357583688,1.0336985203692275,368,1:38
4795000,9594.000001037055,-810380.3133618925,207858.80599015398,301.38237628456795,724.9924540339186,1.0359869127856627,368,1:36
4800000,9604.000001039092,-809739.2183720521,206873.5057059568,299.9537519855364,727.8663399702903,1.0318964526895944,368,1:34
4805000,9614.00000104113,-810258.3797755688,208608.75080484507,302.46974975069185,725.8012038988463,1.0348325274370556,367,1:31
4810000,9624.000001043167,-810094.0673957136,206509.664738798,299.42620515031984,726.1038419605702,1.0344012121179316,367,1:29
4815000,9634.000001045204,-808954.8045643843,206833.05597223598,299.89510238052793,726.8351243122404,1.0333604817986808,368,1:26
4820000,9644.000001047241,-810373.6467461018,206650.93800530687,299.6310426243115,728.9302162221851,1.0303903961343857,368,1:24
4825000,9654.000001049279,-810605.1942408537,206519.5689554691,299.4405656501859,727.609194900145,1.0322611362141696,368,1:22
4830000,9664.000001051316,-809199.0158241317,207258.47950576583,300.51194011733605,725.1810126531877,1.0357175396795728,368,1:19
4835000,9674.000001053353,-810713.6867276891,206210.697131537,298.9927206631979,726.0656006175705,1.034455693271588,368,1:17
4840000,9684.00000105539,-811339.2623312012,207083.78506447957,300.258644012859,725.4419461385457,1.03534500347745,368,1:15
4845000,9694.000001057428,-809159.2797396276,207209.3594535363,300.44071908826476,726.1579097858636,1.0343241932997564,368,1:12
4850000,9704.000001059465,-809518.2637037821,207554.60646990736,300.9413058481252,726.7234164746623,1.0335193241618736,368,1:10
4855000,9714.000001061502,-810580.1025249115,205967.89435632783,298.6406716989385,726.5862939692923,1.033714371550262,367,1:08
4860000,9724.00000106354,-810212.2444897089,206196.71568151843,298.9724484278676,725.7978153850132,1.0348373587334023,367,1:05
4865000,9734.000001065577,-811597.9957605568,207667.24874024326,301.10463015349774,726.6827473491488,1.033577165533873,368,1:03
4870000,9744.000001067614,-809673.0897776731,207808.54952230986,301.3095075233414,727.4244181419399,1.032523346090019,368,1:01
4875000,9754.000001069651,-808724.4577347669,207687.78453096288,301.13440577631286,730.8581198172367,1.027672367429292,368,0:58
4880000,9764.000001071689,-812337.6589910919,206679.92940863105,299.67307836094545,726.8137090602635,1.033390929318898,368,0:56
4885000,9774.000001073726,-811066.9207523493,207331.1067821465,300.6172451633956,726.5339349741506,1.033788868064674,368,0:54
4890000,9784.000001075763,-810218.7981364494,207438.66534683201,300.773198410891,728.0287378819622,1.0316662724504653,368,0:51
4895000,9794.0000010778,-810214.1946769143,206430.1219548218,299.31087304717977,727.9007311973039,1.0318476985344767,368,0:49
4900000,9804.000001079838,-810642.2545477645,207118.65174717578,300.30919854016946,727.7139946920372,1.0321124778771817,368,0:47
4905000,9814.000001081875,-808992.1973069869,207115.64675838372,300.30484149280477,727.1515693484541,1.0329107794135541,368,0:44
4910000,9824.000001083912,-811117.378005885,207248.14409831667,300.4969544175864,726.1345611468205,1.0343574516839944,368,0:42
4915000,9834.00000108595,-809644.5980022107,207217.86376453243,300.4530498117309,727.510112215122,1.03240172423254,368,0:39
4920000,9844.000001087987,-812180.7722862256,207032.87620983424,300.1848293312349,728.399148823805,1.0311416418598571,368,0:37
4925000,9854.000001090024,-812278.2663886971,206878.05676101372,299.9603507330907,725.683631082712,1.0350001875154518,368,0:35
4930000,9864.000001092061,-811650.3392623137,206965.96603953384,300.08781373438933,724.978238929443,1.0360072260328883,368,0:32
4935000,9874.000001094098,-810644.2829936668,205440.9382261052,297.876617994465,725.4188844173084,1.0353779180298108,368,0:30
4940000,9884.000001096136,-811965.1241397252,206173.70753966697,298.93908804925843,725.0148625152563,1.0359548928994486,368,0:28
4945000,9894.000001098173,-810000.7863906794,207610.05984724898,301.0217098057858,725.4404868288896,1.0353470861968301,368,0:25
4950000,9904.00000110021,-810182.4060719134,207173.58327658978,300.3888458507025,725.7104943768021,1.0349618753859784,368,0:23
4955000,9914.000001102248,-809681.474984867,206844.22811254527,299.91130129102663,727.7035867887178,1.0321272395563592,368,0:21
4960000,9924.000001104285,-812231.8457725896,205852.1592456721,298.472862966935,726.1596198612849,1.0343217575097015,368,0:18
4965000,9934.000001106322,-810862.702252957,208382.86441569746,302.14222849698626,726.2362724452283,1.0342125872047327,368,0:16
4970000,9944.00000110836,-810821.1519634696,206162.0672207041,298.9222103087508,728.3332479153448,1.031234941419014,368,0:14
4975000,9954.000001110397,-809634.1806851905,207888.54953691654,301.42550258253607,727.0629436563294,1.0330366865767884,368,0:11
4980000,9964.000001112434,-812266.7468914697,207371.32751471424,300.67556273093595,726.5180545623415,1.0338114648781263,368,0:09
4985000,9974.000001114471,-809617.1928725266,207308.26893072258,300.5841316953441,727.7503422172223,1.032060928970768,368,0:07
4990000,9984.000001116508,-811014.0438056705,208557.84737898552,302.3959429404703,726.7961096252757,1.0334159529757898,368,0:04
4995000,9994.000001118546,-810158.1341634099,208214.98627649064,301.89881560774455,728.2560549960314,1.0313442491756473,368,0:02
5000000,10004.000001120583,-809784.1846067053,207363.86439743373,300.66474167377754,728.3156610508427,1.0312598429694741,368,0:00
