dataset,record_id,canonical_smiles,external_molecule_id,endpoint,task_type,value,endpoint_role,exact_training_overlap_reported,source,orthosteric_probe,readout,exact_training_overlap_computed,murcko_scaffold,max_train_tanimoto_ecfp4,eligible_zero_shot
monash_2015,10a_N-acetyl,COc1nc2sc(C(=O)NC3CC3)c(NC(C)=O)c2c(C)c1Cl,EXT_987da772e788,reported_PAM_vs_inactive,binary,0.0,primary_function,False,Monash LY2033298 series,ACh,pERK functional allostery,False,O=C(NC1CC1)c1cc2cccnc2s1,0.5263157894736842,True
monash_2015,10b_N-butanoyl,CCCC(=O)Nc1c(C(=O)NC2CC2)sc2nc(OC)c(Cl)c(C)c12,EXT_61acee77dffa,reported_PAM_vs_inactive,binary,0.0,primary_function,False,Monash LY2033298 series,ACh,pERK functional allostery,False,O=C(NC1CC1)c1cc2cccnc2s1,0.4838709677419355,True
monash_2015,10c_N-hexanoyl,CCCCCC(=O)Nc1c(C(=O)NC2CC2)sc2nc(OC)c(Cl)c(C)c12,EXT_07571f340e58,reported_PAM_vs_inactive,binary,0.0,primary_function,False,Monash LY2033298 series,ACh,pERK functional allostery,False,O=C(NC1CC1)c1cc2cccnc2s1,0.46153846153846156,True
monash_2015,12_core-variant,COc1cc(C)c2c(N)c(C(=O)NC3CC3)sc2n1,EXT_6039da297d98,reported_PAM_vs_inactive,binary,1.0,primary_function,False,Monash LY2033298 series,ACh,pERK functional allostery,False,O=C(NC1CC1)c1cc2cccnc2s1,0.75,True
monash_2015,18_core-variant,Cc1nc2sc(C(=O)NC3CC3)c(N)c2c(C)c1Cl,EXT_0a719bcf4f7f,reported_PAM_vs_inactive,binary,1.0,primary_function,False,Monash LY2033298 series,ACh,pERK functional allostery,True,O=C(NC1CC1)c1cc2cccnc2s1,1.0,False
monash_2015,21_core-variant,Cc1nc(C)c2c(N)c(C(=O)NC3CC3)sc2n1,EXT_51f4969b6997,reported_PAM_vs_inactive,binary,1.0,primary_function,False,Monash LY2033298 series,ACh,pERK functional allostery,False,O=C(NC1CC1)c1cc2cncnc2s1,0.6956521739130435,True
monash_2015,8a_LY2033298,COc1nc2sc(C(=O)NC3CC3)c(N)c2c(C)c1Cl,EXT_d38a6f7b0493,reported_PAM_vs_inactive,binary,1.0,primary_function,False,Monash LY2033298 series,ACh,pERK functional allostery,False,O=C(NC1CC1)c1cc2cccnc2s1,0.75,True
monash_2015,8b_O-ethyl,CCOc1nc2sc(C(=O)NC3CC3)c(N)c2c(C)c1Cl,EXT_0668d6aeb45a,reported_PAM_vs_inactive,binary,1.0,primary_function,False,Monash LY2033298 series,ACh,pERK functional allostery,False,O=C(NC1CC1)c1cc2cccnc2s1,0.7058823529411765,True
monash_2015,8c_O-butyl,CCCCOc1nc2sc(C(=O)NC3CC3)c(N)c2c(C)c1Cl,EXT_f48b9077080e,reported_PAM_vs_inactive,binary,1.0,primary_function,False,Monash LY2033298 series,ACh,pERK functional allostery,False,O=C(NC1CC1)c1cc2cccnc2s1,0.6615384615384615,True
monash_2015,8d_O-hexyl,CCCCCCOc1nc2sc(C(=O)NC3CC3)c(N)c2c(C)c1Cl,EXT_224e0e6b022a,reported_PAM_vs_inactive,binary,1.0,primary_function,False,Monash LY2033298 series,ACh,pERK functional allostery,False,O=C(NC1CC1)c1cc2cccnc2s1,0.6417910447761194,True
monash_2015,8e_5-bromo,COc1nc2sc(C(=O)NC3CC3)c(N)c2c(C)c1Br,EXT_b305d4ca2da6,reported_PAM_vs_inactive,binary,1.0,primary_function,False,Monash LY2033298 series,ACh,pERK functional allostery,False,O=C(NC1CC1)c1cc2cccnc2s1,0.6153846153846154,True
monash_2015,8f_5-iodo,COc1nc2sc(C(=O)NC3CC3)c(N)c2c(C)c1I,EXT_df0612cc56d4,reported_PAM_vs_inactive,binary,1.0,primary_function,False,Monash LY2033298 series,ACh,pERK functional allostery,False,O=C(NC1CC1)c1cc2cccnc2s1,0.6153846153846154,True
monash_2015,9a_N-ethyl,CCNC(=O)c1sc2nc(OC)c(Cl)c(C)c2c1N,EXT_a6f398ef7a31,reported_PAM_vs_inactive,binary,1.0,primary_function,False,Monash LY2033298 series,ACh,pERK functional allostery,False,c1cnc2sccc2c1,0.6,True
monash_2015,9b_N-butyl,CCCCNC(=O)c1sc2nc(OC)c(Cl)c(C)c2c1N,EXT_1891587837a3,reported_PAM_vs_inactive,binary,1.0,primary_function,False,Monash LY2033298 series,ACh,pERK functional allostery,False,c1cnc2sccc2c1,0.6727272727272727,True
monash_2015,9c_N-hexyl,CCCCCCNC(=O)c1sc2nc(OC)c(Cl)c(C)c2c1N,EXT_d89fb8a31025,reported_PAM_vs_inactive,binary,1.0,primary_function,False,Monash LY2033298 series,ACh,pERK functional allostery,False,c1cnc2sccc2c1,0.6491228070175439,True
monash_2015,VU10004,Cc1cc(C)c2c(N)c(C(=O)NC3CC3)sc2n1,EXT_31ecc7087ab6,reported_PAM_vs_inactive,binary,1.0,primary_function,False,Monash LY2033298 series,ACh,pERK functional allostery,True,O=C(NC1CC1)c1cc2cccnc2s1,1.0,False
acadia_2025,ACADIA-01,Cc1nc2c(c(N3CCC3)n1)CN(C(=O)[C@H]1CCN(c3ccncn3)C1)C2,EXT_b8878f3db5ab,PAM_RE_ge_50pct,binary,0.0,primary_function,False,WO2025122811A1,ACh EC20,CHO-K1/M4/Galpha15 calcium flux,False,O=C(C1CCN(c2ccncn2)C1)N1Cc2ncnc(N3CCC3)c2C1,0.4520547945205479,True
acadia_2025,ACADIA-01,Cc1nc2c(c(N3CCC3)n1)CN(C(=O)[C@H]1CCN(c3ccncn3)C1)C2,EXT_b8878f3db5ab,PAM_relative_efficacy_pct,continuous,34.0,primary_function,False,WO2025122811A1,ACh EC20,CHO-K1/M4/Galpha15 calcium flux,False,O=C(C1CCN(c2ccncn2)C1)N1Cc2ncnc(N3CCC3)c2C1,0.4520547945205479,True
acadia_2025,ACADIA-01,Cc1nc2c(c(N3CCC3)n1)CN(C(=O)[C@H]1CCN(c3ccncn3)C1)C2,EXT_b8878f3db5ab,intrinsic_agonist_RE_pct,continuous,0.0,liability,False,WO2025122811A1,ACh EC20,CHO-K1/M4/Galpha15 calcium flux,False,O=C(C1CCN(c2ccncn2)C1)N1Cc2ncnc(N3CCC3)c2C1,0.4520547945205479,True
acadia_2025,ACADIA-01,Cc1nc2c(c(N3CCC3)n1)CN(C(=O)[C@H]1CCN(c3ccncn3)C1)C2,EXT_b8878f3db5ab,intrinsic_agonist_RE_ge_50pct,binary,0.0,liability,False,WO2025122811A1,ACh EC20,CHO-K1/M4/Galpha15 calcium flux,False,O=C(C1CCN(c2ccncn2)C1)N1Cc2ncnc(N3CCC3)c2C1,0.4520547945205479,True
acadia_2025,ACADIA-02,Cc1nc2c(c(N3CCC3)n1)CN(C(=O)[C@@H]1CCN(c3ccncn3)C1)C2,EXT_315fb0da682b,PAM_RE_ge_50pct,binary,1.0,primary_function,False,WO2025122811A1,ACh EC20,CHO-K1/M4/Galpha15 calcium flux,False,O=C(C1CCN(c2ccncn2)C1)N1Cc2ncnc(N3CCC3)c2C1,0.4520547945205479,True
acadia_2025,ACADIA-02,Cc1nc2c(c(N3CCC3)n1)CN(C(=O)[C@@H]1CCN(c3ccncn3)C1)C2,EXT_315fb0da682b,PAM_relative_efficacy_pct,continuous,95.0,primary_function,False,WO2025122811A1,ACh EC20,CHO-K1/M4/Galpha15 calcium flux,False,O=C(C1CCN(c2ccncn2)C1)N1Cc2ncnc(N3CCC3)c2C1,0.4520547945205479,True
acadia_2025,ACADIA-02,Cc1nc2c(c(N3CCC3)n1)CN(C(=O)[C@@H]1CCN(c3ccncn3)C1)C2,EXT_315fb0da682b,PAM_pEC50,continuous,7.251811972993799,primary_function,False,WO2025122811A1,ACh EC20,CHO-K1/M4/Galpha15 calcium flux,False,O=C(C1CCN(c2ccncn2)C1)N1Cc2ncnc(N3CCC3)c2C1,0.4520547945205479,True
acadia_2025,ACADIA-02,Cc1nc2c(c(N3CCC3)n1)CN(C(=O)[C@@H]1CCN(c3ccncn3)C1)C2,EXT_315fb0da682b,intrinsic_agonist_RE_pct,continuous,31.0,liability,False,WO2025122811A1,ACh EC20,CHO-K1/M4/Galpha15 calcium flux,False,O=C(C1CCN(c2ccncn2)C1)N1Cc2ncnc(N3CCC3)c2C1,0.4520547945205479,True
acadia_2025,ACADIA-02,Cc1nc2c(c(N3CCC3)n1)CN(C(=O)[C@@H]1CCN(c3ccncn3)C1)C2,EXT_315fb0da682b,intrinsic_agonist_RE_ge_50pct,binary,0.0,liability,False,WO2025122811A1,ACh EC20,CHO-K1/M4/Galpha15 calcium flux,False,O=C(C1CCN(c2ccncn2)C1)N1Cc2ncnc(N3CCC3)c2C1,0.4520547945205479,True
acadia_2025,ACADIA-03,Cc1nc2c(c(N3CCC3)n1)CN(C(=O)[C@@H]1CCN(c3cc(C(F)(F)F)ncc3Cl)C1)C2,EXT_4547374d64a8,PAM_RE_ge_50pct,binary,1.0,primary_function,False,WO2025122811A1,ACh EC20,CHO-K1/M4/Galpha15 calcium flux,False,O=C(C1CCN(c2ccncc2)C1)N1Cc2ncnc(N3CCC3)c2C1,0.3695652173913043,True
acadia_2025,ACADIA-03,Cc1nc2c(c(N3CCC3)n1)CN(C(=O)[C@@H]1CCN(c3cc(C(F)(F)F)ncc3Cl)C1)C2,EXT_4547374d64a8,PAM_relative_efficacy_pct,continuous,78.0,primary_function,False,WO2025122811A1,ACh EC20,CHO-K1/M4/Galpha15 calcium flux,False,O=C(C1CCN(c2ccncc2)C1)N1Cc2ncnc(N3CCC3)c2C1,0.3695652173913043,True
acadia_2025,ACADIA-03,Cc1nc2c(c(N3CCC3)n1)CN(C(=O)[C@@H]1CCN(c3cc(C(F)(F)F)ncc3Cl)C1)C2,EXT_4547374d64a8,PAM_pEC50,continuous,6.585026652029182,primary_function,False,WO2025122811A1,ACh EC20,CHO-K1/M4/Galpha15 calcium flux,False,O=C(C1CCN(c2ccncc2)C1)N1Cc2ncnc(N3CCC3)c2C1,0.3695652173913043,True
acadia_2025,ACADIA-03,Cc1nc2c(c(N3CCC3)n1)CN(C(=O)[C@@H]1CCN(c3cc(C(F)(F)F)ncc3Cl)C1)C2,EXT_4547374d64a8,intrinsic_agonist_RE_pct,continuous,7.0,liability,False,WO2025122811A1,ACh EC20,CHO-K1/M4/Galpha15 calcium flux,False,O=C(C1CCN(c2ccncc2)C1)N1Cc2ncnc(N3CCC3)c2C1,0.3695652173913043,True
acadia_2025,ACADIA-03,Cc1nc2c(c(N3CCC3)n1)CN(C(=O)[C@@H]1CCN(c3cc(C(F)(F)F)ncc3Cl)C1)C2,EXT_4547374d64a8,intrinsic_agonist_RE_ge_50pct,binary,0.0,liability,False,WO2025122811A1,ACh EC20,CHO-K1/M4/Galpha15 calcium flux,False,O=C(C1CCN(c2ccncc2)C1)N1Cc2ncnc(N3CCC3)c2C1,0.3695652173913043,True
acadia_2025,ACADIA-04,COc1cc(N2CC[C@@H](C(=O)N3Cc4nc(C)nc(N5CCC5)c4C3)C2)c(Cl)cn1,EXT_8617ca090f02,PAM_RE_ge_50pct,binary,1.0,primary_function,False,WO2025122811A1,ACh EC20,CHO-K1/M4/Galpha15 calcium flux,False,O=C(C1CCN(c2ccncc2)C1)N1Cc2ncnc(N3CCC3)c2C1,0.38095238095238093,True
acadia_2025,ACADIA-04,COc1cc(N2CC[C@@H](C(=O)N3Cc4nc(C)nc(N5CCC5)c4C3)C2)c(Cl)cn1,EXT_8617ca090f02,PAM_relative_efficacy_pct,continuous,85.0,primary_function,False,WO2025122811A1,ACh EC20,CHO-K1/M4/Galpha15 calcium flux,False,O=C(C1CCN(c2ccncc2)C1)N1Cc2ncnc(N3CCC3)c2C1,0.38095238095238093,True
acadia_2025,ACADIA-04,COc1cc(N2CC[C@@H](C(=O)N3Cc4nc(C)nc(N5CCC5)c4C3)C2)c(Cl)cn1,EXT_8617ca090f02,PAM_pEC50,continuous,6.6777807052660805,primary_function,False,WO2025122811A1,ACh EC20,CHO-K1/M4/Galpha15 calcium flux,False,O=C(C1CCN(c2ccncc2)C1)N1Cc2ncnc(N3CCC3)c2C1,0.38095238095238093,True
acadia_2025,ACADIA-04,COc1cc(N2CC[C@@H](C(=O)N3Cc4nc(C)nc(N5CCC5)c4C3)C2)c(Cl)cn1,EXT_8617ca090f02,intrinsic_agonist_RE_pct,continuous,13.0,liability,False,WO2025122811A1,ACh EC20,CHO-K1/M4/Galpha15 calcium flux,False,O=C(C1CCN(c2ccncc2)C1)N1Cc2ncnc(N3CCC3)c2C1,0.38095238095238093,True
acadia_2025,ACADIA-04,COc1cc(N2CC[C@@H](C(=O)N3Cc4nc(C)nc(N5CCC5)c4C3)C2)c(Cl)cn1,EXT_8617ca090f02,intrinsic_agonist_RE_ge_50pct,binary,0.0,liability,False,WO2025122811A1,ACh EC20,CHO-K1/M4/Galpha15 calcium flux,False,O=C(C1CCN(c2ccncc2)C1)N1Cc2ncnc(N3CCC3)c2C1,0.38095238095238093,True
acadia_2025,ACADIA-05,Cc1nc2c(c(N3CCC3)n1)CN(C(=O)[C@@H]1CCN(c3ccnc(OC(F)F)c3)C1)C2,EXT_73a35499ea23,PAM_RE_ge_50pct,binary,1.0,primary_function,False,WO2025122811A1,ACh EC20,CHO-K1/M4/Galpha15 calcium flux,False,O=C(C1CCN(c2ccncc2)C1)N1Cc2ncnc(N3CCC3)c2C1,0.5125,True
acadia_2025,ACADIA-05,Cc1nc2c(c(N3CCC3)n1)CN(C(=O)[C@@H]1CCN(c3ccnc(OC(F)F)c3)C1)C2,EXT_73a35499ea23,PAM_relative_efficacy_pct,continuous,95.0,primary_function,False,WO2025122811A1,ACh EC20,CHO-K1/M4/Galpha15 calcium flux,False,O=C(C1CCN(c2ccncc2)C1)N1Cc2ncnc(N3CCC3)c2C1,0.5125,True
acadia_2025,ACADIA-05,Cc1nc2c(c(N3CCC3)n1)CN(C(=O)[C@@H]1CCN(c3ccnc(OC(F)F)c3)C1)C2,EXT_73a35499ea23,PAM_pEC50,continuous,7.107905397309519,primary_function,False,WO2025122811A1,ACh EC20,CHO-K1/M4/Galpha15 calcium flux,False,O=C(C1CCN(c2ccncc2)C1)N1Cc2ncnc(N3CCC3)c2C1,0.5125,True
acadia_2025,ACADIA-05,Cc1nc2c(c(N3CCC3)n1)CN(C(=O)[C@@H]1CCN(c3ccnc(OC(F)F)c3)C1)C2,EXT_73a35499ea23,intrinsic_agonist_RE_pct,continuous,36.0,liability,False,WO2025122811A1,ACh EC20,CHO-K1/M4/Galpha15 calcium flux,False,O=C(C1CCN(c2ccncc2)C1)N1Cc2ncnc(N3CCC3)c2C1,0.5125,True
acadia_2025,ACADIA-05,Cc1nc2c(c(N3CCC3)n1)CN(C(=O)[C@@H]1CCN(c3ccnc(OC(F)F)c3)C1)C2,EXT_73a35499ea23,intrinsic_agonist_RE_ge_50pct,binary,0.0,liability,False,WO2025122811A1,ACh EC20,CHO-K1/M4/Galpha15 calcium flux,False,O=C(C1CCN(c2ccncc2)C1)N1Cc2ncnc(N3CCC3)c2C1,0.5125,True
acadia_2025,ACADIA-06,Cc1nc2c(c(N3CCC3)n1)CN(C(=O)[C@@H]1CCN(c3ccnc(C(F)(F)F)c3)C1)C2,EXT_60d575e49b5e,PAM_RE_ge_50pct,binary,1.0,primary_function,False,WO2025122811A1,ACh EC20,CHO-K1/M4/Galpha15 calcium flux,False,O=C(C1CCN(c2ccncc2)C1)N1Cc2ncnc(N3CCC3)c2C1,0.4935064935064935,True
acadia_2025,ACADIA-06,Cc1nc2c(c(N3CCC3)n1)CN(C(=O)[C@@H]1CCN(c3ccnc(C(F)(F)F)c3)C1)C2,EXT_60d575e49b5e,PAM_relative_efficacy_pct,continuous,92.0,primary_function,False,WO2025122811A1,ACh EC20,CHO-K1/M4/Galpha15 calcium flux,False,O=C(C1CCN(c2ccncc2)C1)N1Cc2ncnc(N3CCC3)c2C1,0.4935064935064935,True
acadia_2025,ACADIA-06,Cc1nc2c(c(N3CCC3)n1)CN(C(=O)[C@@H]1CCN(c3ccnc(C(F)(F)F)c3)C1)C2,EXT_60d575e49b5e,PAM_pEC50,continuous,7.221848749616356,primary_function,False,WO2025122811A1,ACh EC20,CHO-K1/M4/Galpha15 calcium flux,False,O=C(C1CCN(c2ccncc2)C1)N1Cc2ncnc(N3CCC3)c2C1,0.4935064935064935,True
acadia_2025,ACADIA-06,Cc1nc2c(c(N3CCC3)n1)CN(C(=O)[C@@H]1CCN(c3ccnc(C(F)(F)F)c3)C1)C2,EXT_60d575e49b5e,intrinsic_agonist_RE_pct,continuous,44.0,liability,False,WO2025122811A1,ACh EC20,CHO-K1/M4/Galpha15 calcium flux,False,O=C(C1CCN(c2ccncc2)C1)N1Cc2ncnc(N3CCC3)c2C1,0.4935064935064935,True
acadia_2025,ACADIA-06,Cc1nc2c(c(N3CCC3)n1)CN(C(=O)[C@@H]1CCN(c3ccnc(C(F)(F)F)c3)C1)C2,EXT_60d575e49b5e,intrinsic_agonist_RE_ge_50pct,binary,0.0,liability,False,WO2025122811A1,ACh EC20,CHO-K1/M4/Galpha15 calcium flux,False,O=C(C1CCN(c2ccncc2)C1)N1Cc2ncnc(N3CCC3)c2C1,0.4935064935064935,True
acadia_2025,ACADIA-07,Cc1nc2c(c(N3CCC3)n1)CN(C(=O)[C@@H]1CCN(c3cncc(OC(F)F)c3)C1)C2,EXT_98eb5d5d711c,PAM_RE_ge_50pct,binary,1.0,primary_function,False,WO2025122811A1,ACh EC20,CHO-K1/M4/Galpha15 calcium flux,False,O=C(C1CCN(c2cccnc2)C1)N1Cc2ncnc(N3CCC3)c2C1,0.36585365853658536,True
acadia_2025,ACADIA-07,Cc1nc2c(c(N3CCC3)n1)CN(C(=O)[C@@H]1CCN(c3cncc(OC(F)F)c3)C1)C2,EXT_98eb5d5d711c,PAM_relative_efficacy_pct,continuous,99.0,primary_function,False,WO2025122811A1,ACh EC20,CHO-K1/M4/Galpha15 calcium flux,False,O=C(C1CCN(c2cccnc2)C1)N1Cc2ncnc(N3CCC3)c2C1,0.36585365853658536,True
acadia_2025,ACADIA-07,Cc1nc2c(c(N3CCC3)n1)CN(C(=O)[C@@H]1CCN(c3cncc(OC(F)F)c3)C1)C2,EXT_98eb5d5d711c,PAM_pEC50,continuous,7.494850021680094,primary_function,False,WO2025122811A1,ACh EC20,CHO-K1/M4/Galpha15 calcium flux,False,O=C(C1CCN(c2cccnc2)C1)N1Cc2ncnc(N3CCC3)c2C1,0.36585365853658536,True
acadia_2025,ACADIA-07,Cc1nc2c(c(N3CCC3)n1)CN(C(=O)[C@@H]1CCN(c3cncc(OC(F)F)c3)C1)C2,EXT_98eb5d5d711c,intrinsic_agonist_RE_pct,continuous,54.0,liability,False,WO2025122811A1,ACh EC20,CHO-K1/M4/Galpha15 calcium flux,False,O=C(C1CCN(c2cccnc2)C1)N1Cc2ncnc(N3CCC3)c2C1,0.36585365853658536,True
acadia_2025,ACADIA-07,Cc1nc2c(c(N3CCC3)n1)CN(C(=O)[C@@H]1CCN(c3cncc(OC(F)F)c3)C1)C2,EXT_98eb5d5d711c,intrinsic_agonist_RE_ge_50pct,binary,1.0,liability,False,WO2025122811A1,ACh EC20,CHO-K1/M4/Galpha15 calcium flux,False,O=C(C1CCN(c2cccnc2)C1)N1Cc2ncnc(N3CCC3)c2C1,0.36585365853658536,True
acadia_2025,ACADIA-08,Cc1nc2c(c(N3CCC3)n1)CN(C(=O)[C@@H]1CCN(c3ccnc(C(F)F)c3)C1)C2,EXT_546976d4dfaa,PAM_RE_ge_50pct,binary,1.0,primary_function,False,WO2025122811A1,ACh EC20,CHO-K1/M4/Galpha15 calcium flux,False,O=C(C1CCN(c2ccncc2)C1)N1Cc2ncnc(N3CCC3)c2C1,0.4935064935064935,True
acadia_2025,ACADIA-08,Cc1nc2c(c(N3CCC3)n1)CN(C(=O)[C@@H]1CCN(c3ccnc(C(F)F)c3)C1)C2,EXT_546976d4dfaa,PAM_relative_efficacy_pct,continuous,97.0,primary_function,False,WO2025122811A1,ACh EC20,CHO-K1/M4/Galpha15 calcium flux,False,O=C(C1CCN(c2ccncc2)C1)N1Cc2ncnc(N3CCC3)c2C1,0.4935064935064935,True
acadia_2025,ACADIA-08,Cc1nc2c(c(N3CCC3)n1)CN(C(=O)[C@@H]1CCN(c3ccnc(C(F)F)c3)C1)C2,EXT_546976d4dfaa,PAM_pEC50,continuous,7.1487416512809245,primary_function,False,WO2025122811A1,ACh EC20,CHO-K1/M4/Galpha15 calcium flux,False,O=C(C1CCN(c2ccncc2)C1)N1Cc2ncnc(N3CCC3)c2C1,0.4935064935064935,True
acadia_2025,ACADIA-08,Cc1nc2c(c(N3CCC3)n1)CN(C(=O)[C@@H]1CCN(c3ccnc(C(F)F)c3)C1)C2,EXT_546976d4dfaa,intrinsic_agonist_RE_pct,continuous,37.0,liability,False,WO2025122811A1,ACh EC20,CHO-K1/M4/Galpha15 calcium flux,False,O=C(C1CCN(c2ccncc2)C1)N1Cc2ncnc(N3CCC3)c2C1,0.4935064935064935,True
acadia_2025,ACADIA-08,Cc1nc2c(c(N3CCC3)n1)CN(C(=O)[C@@H]1CCN(c3ccnc(C(F)F)c3)C1)C2,EXT_546976d4dfaa,intrinsic_agonist_RE_ge_50pct,binary,0.0,liability,False,WO2025122811A1,ACh EC20,CHO-K1/M4/Galpha15 calcium flux,False,O=C(C1CCN(c2ccncc2)C1)N1Cc2ncnc(N3CCC3)c2C1,0.4935064935064935,True
acadia_2025,ACADIA-09,Cc1nc2c(c(N3CCC3)n1)CN(C(=O)[C@@H]1CCN(c3cncc(C(F)(F)F)c3)C1)C2,EXT_ee4875dfa4fa,PAM_RE_ge_50pct,binary,1.0,primary_function,False,WO2025122811A1,ACh EC20,CHO-K1/M4/Galpha15 calcium flux,False,O=C(C1CCN(c2cccnc2)C1)N1Cc2ncnc(N3CCC3)c2C1,0.345679012345679,True
acadia_2025,ACADIA-09,Cc1nc2c(c(N3CCC3)n1)CN(C(=O)[C@@H]1CCN(c3cncc(C(F)(F)F)c3)C1)C2,EXT_ee4875dfa4fa,PAM_relative_efficacy_pct,continuous,79.0,primary_function,False,WO2025122811A1,ACh EC20,CHO-K1/M4/Galpha15 calcium flux,False,O=C(C1CCN(c2cccnc2)C1)N1Cc2ncnc(N3CCC3)c2C1,0.345679012345679,True
acadia_2025,ACADIA-09,Cc1nc2c(c(N3CCC3)n1)CN(C(=O)[C@@H]1CCN(c3cncc(C(F)(F)F)c3)C1)C2,EXT_ee4875dfa4fa,PAM_pEC50,continuous,6.853871964321762,primary_function,False,WO2025122811A1,ACh EC20,CHO-K1/M4/Galpha15 calcium flux,False,O=C(C1CCN(c2cccnc2)C1)N1Cc2ncnc(N3CCC3)c2C1,0.345679012345679,True
acadia_2025,ACADIA-09,Cc1nc2c(c(N3CCC3)n1)CN(C(=O)[C@@H]1CCN(c3cncc(C(F)(F)F)c3)C1)C2,EXT_ee4875dfa4fa,intrinsic_agonist_RE_pct,continuous,23.0,liability,False,WO2025122811A1,ACh EC20,CHO-K1/M4/Galpha15 calcium flux,False,O=C(C1CCN(c2cccnc2)C1)N1Cc2ncnc(N3CCC3)c2C1,0.345679012345679,True
acadia_2025,ACADIA-09,Cc1nc2c(c(N3CCC3)n1)CN(C(=O)[C@@H]1CCN(c3cncc(C(F)(F)F)c3)C1)C2,EXT_ee4875dfa4fa,intrinsic_agonist_RE_ge_50pct,binary,0.0,liability,False,WO2025122811A1,ACh EC20,CHO-K1/M4/Galpha15 calcium flux,False,O=C(C1CCN(c2cccnc2)C1)N1Cc2ncnc(N3CCC3)c2C1,0.345679012345679,True
acadia_2025,ACADIA-10,Cc1nc2c(c(N3CCC3)n1)CN(C(=O)[C@@H]1CCN(c3ccc(C(F)(F)F)nc3)C1)C2,EXT_13710e7ea1e7,PAM_RE_ge_50pct,binary,1.0,primary_function,False,WO2025122811A1,ACh EC20,CHO-K1/M4/Galpha15 calcium flux,False,O=C(C1CCN(c2cccnc2)C1)N1Cc2ncnc(N3CCC3)c2C1,0.36585365853658536,True
acadia_2025,ACADIA-10,Cc1nc2c(c(N3CCC3)n1)CN(C(=O)[C@@H]1CCN(c3ccc(C(F)(F)F)nc3)C1)C2,EXT_13710e7ea1e7,PAM_relative_efficacy_pct,continuous,67.0,primary_function,False,WO2025122811A1,ACh EC20,CHO-K1/M4/Galpha15 calcium flux,False,O=C(C1CCN(c2cccnc2)C1)N1Cc2ncnc(N3CCC3)c2C1,0.36585365853658536,True
acadia_2025,ACADIA-10,Cc1nc2c(c(N3CCC3)n1)CN(C(=O)[C@@H]1CCN(c3ccc(C(F)(F)F)nc3)C1)C2,EXT_13710e7ea1e7,PAM_pEC50,continuous,6.537602002101044,primary_function,False,WO2025122811A1,ACh EC20,CHO-K1/M4/Galpha15 calcium flux,False,O=C(C1CCN(c2cccnc2)C1)N1Cc2ncnc(N3CCC3)c2C1,0.36585365853658536,True
acadia_2025,ACADIA-10,Cc1nc2c(c(N3CCC3)n1)CN(C(=O)[C@@H]1CCN(c3ccc(C(F)(F)F)nc3)C1)C2,EXT_13710e7ea1e7,intrinsic_agonist_RE_pct,continuous,2.0,liability,False,WO2025122811A1,ACh EC20,CHO-K1/M4/Galpha15 calcium flux,False,O=C(C1CCN(c2cccnc2)C1)N1Cc2ncnc(N3CCC3)c2C1,0.36585365853658536,True
acadia_2025,ACADIA-10,Cc1nc2c(c(N3CCC3)n1)CN(C(=O)[C@@H]1CCN(c3ccc(C(F)(F)F)nc3)C1)C2,EXT_13710e7ea1e7,intrinsic_agonist_RE_ge_50pct,binary,0.0,liability,False,WO2025122811A1,ACh EC20,CHO-K1/M4/Galpha15 calcium flux,False,O=C(C1CCN(c2cccnc2)C1)N1Cc2ncnc(N3CCC3)c2C1,0.36585365853658536,True
acadia_2025,ACADIA-11,COc1cc(N2CC[C@@H](C(=O)N3Cc4nc(C)nc(N5CCC5)c4C3)C2)ccn1,EXT_4ecdf206fc31,PAM_RE_ge_50pct,binary,1.0,primary_function,False,WO2025122811A1,ACh EC20,CHO-K1/M4/Galpha15 calcium flux,False,O=C(C1CCN(c2ccncc2)C1)N1Cc2ncnc(N3CCC3)c2C1,0.4868421052631579,True
acadia_2025,ACADIA-11,COc1cc(N2CC[C@@H](C(=O)N3Cc4nc(C)nc(N5CCC5)c4C3)C2)ccn1,EXT_4ecdf206fc31,PAM_relative_efficacy_pct,continuous,86.0,primary_function,False,WO2025122811A1,ACh EC20,CHO-K1/M4/Galpha15 calcium flux,False,O=C(C1CCN(c2ccncc2)C1)N1Cc2ncnc(N3CCC3)c2C1,0.4868421052631579,True
acadia_2025,ACADIA-11,COc1cc(N2CC[C@@H](C(=O)N3Cc4nc(C)nc(N5CCC5)c4C3)C2)ccn1,EXT_4ecdf206fc31,PAM_pEC50,continuous,6.657577319177793,primary_function,False,WO2025122811A1,ACh EC20,CHO-K1/M4/Galpha15 calcium flux,False,O=C(C1CCN(c2ccncc2)C1)N1Cc2ncnc(N3CCC3)c2C1,0.4868421052631579,True
acadia_2025,ACADIA-11,COc1cc(N2CC[C@@H](C(=O)N3Cc4nc(C)nc(N5CCC5)c4C3)C2)ccn1,EXT_4ecdf206fc31,intrinsic_agonist_RE_pct,continuous,3.0,liability,False,WO2025122811A1,ACh EC20,CHO-K1/M4/Galpha15 calcium flux,False,O=C(C1CCN(c2ccncc2)C1)N1Cc2ncnc(N3CCC3)c2C1,0.4868421052631579,True
acadia_2025,ACADIA-11,COc1cc(N2CC[C@@H](C(=O)N3Cc4nc(C)nc(N5CCC5)c4C3)C2)ccn1,EXT_4ecdf206fc31,intrinsic_agonist_RE_ge_50pct,binary,0.0,liability,False,WO2025122811A1,ACh EC20,CHO-K1/M4/Galpha15 calcium flux,False,O=C(C1CCN(c2ccncc2)C1)N1Cc2ncnc(N3CCC3)c2C1,0.4868421052631579,True
acadia_2025,ACADIA-12,Cc1nc2c(c(N3CCC3)n1)CN(C(=O)[C@@H]1CCN(c3ccnc(Cl)c3)C1)C2,EXT_f426944f9aae,PAM_RE_ge_50pct,binary,1.0,primary_function,False,WO2025122811A1,ACh EC20,CHO-K1/M4/Galpha15 calcium flux,False,O=C(C1CCN(c2ccncc2)C1)N1Cc2ncnc(N3CCC3)c2C1,0.37662337662337664,True
acadia_2025,ACADIA-12,Cc1nc2c(c(N3CCC3)n1)CN(C(=O)[C@@H]1CCN(c3ccnc(Cl)c3)C1)C2,EXT_f426944f9aae,PAM_relative_efficacy_pct,continuous,93.0,primary_function,False,WO2025122811A1,ACh EC20,CHO-K1/M4/Galpha15 calcium flux,False,O=C(C1CCN(c2ccncc2)C1)N1Cc2ncnc(N3CCC3)c2C1,0.37662337662337664,True
acadia_2025,ACADIA-12,Cc1nc2c(c(N3CCC3)n1)CN(C(=O)[C@@H]1CCN(c3ccnc(Cl)c3)C1)C2,EXT_f426944f9aae,PAM_pEC50,continuous,7.638272163982407,primary_function,False,WO2025122811A1,ACh EC20,CHO-K1/M4/Galpha15 calcium flux,False,O=C(C1CCN(c2ccncc2)C1)N1Cc2ncnc(N3CCC3)c2C1,0.37662337662337664,True
acadia_2025,ACADIA-12,Cc1nc2c(c(N3CCC3)n1)CN(C(=O)[C@@H]1CCN(c3ccnc(Cl)c3)C1)C2,EXT_f426944f9aae,intrinsic_agonist_RE_pct,continuous,37.0,liability,False,WO2025122811A1,ACh EC20,CHO-K1/M4/Galpha15 calcium flux,False,O=C(C1CCN(c2ccncc2)C1)N1Cc2ncnc(N3CCC3)c2C1,0.37662337662337664,True
acadia_2025,ACADIA-12,Cc1nc2c(c(N3CCC3)n1)CN(C(=O)[C@@H]1CCN(c3ccnc(Cl)c3)C1)C2,EXT_f426944f9aae,intrinsic_agonist_RE_ge_50pct,binary,0.0,liability,False,WO2025122811A1,ACh EC20,CHO-K1/M4/Galpha15 calcium flux,False,O=C(C1CCN(c2ccncc2)C1)N1Cc2ncnc(N3CCC3)c2C1,0.37662337662337664,True
acadia_2025,ACADIA-13,Cc1nc2c(c(N3CCC3)n1)CN(C(=O)[C@@H]1CCN(c3ccnc(Cl)c3)C1)C2,EXT_f426944f9aae,PAM_RE_ge_50pct,binary,1.0,primary_function,False,WO2025122811A1,ACh EC20,CHO-K1/M4/Galpha15 calcium flux,False,O=C(C1CCN(c2ccncc2)C1)N1Cc2ncnc(N3CCC3)c2C1,0.37662337662337664,True
acadia_2025,ACADIA-13,Cc1nc2c(c(N3CCC3)n1)CN(C(=O)[C@@H]1CCN(c3ccnc(Cl)c3)C1)C2,EXT_f426944f9aae,PAM_relative_efficacy_pct,continuous,95.0,primary_function,False,WO2025122811A1,ACh EC20,CHO-K1/M4/Galpha15 calcium flux,False,O=C(C1CCN(c2ccncc2)C1)N1Cc2ncnc(N3CCC3)c2C1,0.37662337662337664,True
acadia_2025,ACADIA-13,Cc1nc2c(c(N3CCC3)n1)CN(C(=O)[C@@H]1CCN(c3ccnc(Cl)c3)C1)C2,EXT_f426944f9aae,PAM_pEC50,continuous,7.585026652029182,primary_function,False,WO2025122811A1,ACh EC20,CHO-K1/M4/Galpha15 calcium flux,False,O=C(C1CCN(c2ccncc2)C1)N1Cc2ncnc(N3CCC3)c2C1,0.37662337662337664,True
acadia_2025,ACADIA-13,Cc1nc2c(c(N3CCC3)n1)CN(C(=O)[C@@H]1CCN(c3ccnc(Cl)c3)C1)C2,EXT_f426944f9aae,intrinsic_agonist_RE_pct,continuous,52.0,liability,False,WO2025122811A1,ACh EC20,CHO-K1/M4/Galpha15 calcium flux,False,O=C(C1CCN(c2ccncc2)C1)N1Cc2ncnc(N3CCC3)c2C1,0.37662337662337664,True
acadia_2025,ACADIA-13,Cc1nc2c(c(N3CCC3)n1)CN(C(=O)[C@@H]1CCN(c3ccnc(Cl)c3)C1)C2,EXT_f426944f9aae,intrinsic_agonist_RE_ge_50pct,binary,1.0,liability,False,WO2025122811A1,ACh EC20,CHO-K1/M4/Galpha15 calcium flux,False,O=C(C1CCN(c2ccncc2)C1)N1Cc2ncnc(N3CCC3)c2C1,0.37662337662337664,True
acadia_2025,ACADIA-14,Cc1nc2c(c(N3CCC3)n1)CN(C(=O)[C@@H]1CCN(c3cnn4ccccc34)C1)C2,EXT_7bd76ea64d79,PAM_RE_ge_50pct,binary,1.0,primary_function,False,WO2025122811A1,ACh EC20,CHO-K1/M4/Galpha15 calcium flux,False,O=C(C1CCN(c2cnn3ccccc23)C1)N1Cc2ncnc(N3CCC3)c2C1,0.2962962962962963,True
acadia_2025,ACADIA-14,Cc1nc2c(c(N3CCC3)n1)CN(C(=O)[C@@H]1CCN(c3cnn4ccccc34)C1)C2,EXT_7bd76ea64d79,PAM_relative_efficacy_pct,continuous,73.0,primary_function,False,WO2025122811A1,ACh EC20,CHO-K1/M4/Galpha15 calcium flux,False,O=C(C1CCN(c2cnn3ccccc23)C1)N1Cc2ncnc(N3CCC3)c2C1,0.2962962962962963,True
acadia_2025,ACADIA-14,Cc1nc2c(c(N3CCC3)n1)CN(C(=O)[C@@H]1CCN(c3cnn4ccccc34)C1)C2,EXT_7bd76ea64d79,PAM_pEC50,continuous,6.721246399047171,primary_function,False,WO2025122811A1,ACh EC20,CHO-K1/M4/Galpha15 calcium flux,False,O=C(C1CCN(c2cnn3ccccc23)C1)N1Cc2ncnc(N3CCC3)c2C1,0.2962962962962963,True
acadia_2025,ACADIA-14,Cc1nc2c(c(N3CCC3)n1)CN(C(=O)[C@@H]1CCN(c3cnn4ccccc34)C1)C2,EXT_7bd76ea64d79,intrinsic_agonist_RE_pct,continuous,8.0,liability,False,WO2025122811A1,ACh EC20,CHO-K1/M4/Galpha15 calcium flux,False,O=C(C1CCN(c2cnn3ccccc23)C1)N1Cc2ncnc(N3CCC3)c2C1,0.2962962962962963,True
acadia_2025,ACADIA-14,Cc1nc2c(c(N3CCC3)n1)CN(C(=O)[C@@H]1CCN(c3cnn4ccccc34)C1)C2,EXT_7bd76ea64d79,intrinsic_agonist_RE_ge_50pct,binary,0.0,liability,False,WO2025122811A1,ACh EC20,CHO-K1/M4/Galpha15 calcium flux,False,O=C(C1CCN(c2cnn3ccccc23)C1)N1Cc2ncnc(N3CCC3)c2C1,0.2962962962962963,True
acadia_2025,ACADIA-15,Cc1nc2c(c(N3CCC3)n1)CN(C(=O)C1CCN(c3cccc(C(F)(F)F)c3C#N)C1)C2,EXT_ec0eeaa02bec,PAM_RE_ge_50pct,binary,1.0,primary_function,False,WO2025122811A1,ACh EC20,CHO-K1/M4/Galpha15 calcium flux,False,O=C(C1CCN(c2ccccc2)C1)N1Cc2ncnc(N3CCC3)c2C1,0.28735632183908044,True
acadia_2025,ACADIA-15,Cc1nc2c(c(N3CCC3)n1)CN(C(=O)C1CCN(c3cccc(C(F)(F)F)c3C#N)C1)C2,EXT_ec0eeaa02bec,PAM_relative_efficacy_pct,continuous,72.0,primary_function,False,WO2025122811A1,ACh EC20,CHO-K1/M4/Galpha15 calcium flux,False,O=C(C1CCN(c2ccccc2)C1)N1Cc2ncnc(N3CCC3)c2C1,0.28735632183908044,True
acadia_2025,ACADIA-15,Cc1nc2c(c(N3CCC3)n1)CN(C(=O)C1CCN(c3cccc(C(F)(F)F)c3C#N)C1)C2,EXT_ec0eeaa02bec,PAM_pEC50,continuous,6.522878745280337,primary_function,False,WO2025122811A1,ACh EC20,CHO-K1/M4/Galpha15 calcium flux,False,O=C(C1CCN(c2ccccc2)C1)N1Cc2ncnc(N3CCC3)c2C1,0.28735632183908044,True
acadia_2025,ACADIA-15,Cc1nc2c(c(N3CCC3)n1)CN(C(=O)C1CCN(c3cccc(C(F)(F)F)c3C#N)C1)C2,EXT_ec0eeaa02bec,intrinsic_agonist_RE_pct,continuous,2.0,liability,False,WO2025122811A1,ACh EC20,CHO-K1/M4/Galpha15 calcium flux,False,O=C(C1CCN(c2ccccc2)C1)N1Cc2ncnc(N3CCC3)c2C1,0.28735632183908044,True
acadia_2025,ACADIA-15,Cc1nc2c(c(N3CCC3)n1)CN(C(=O)C1CCN(c3cccc(C(F)(F)F)c3C#N)C1)C2,EXT_ec0eeaa02bec,intrinsic_agonist_RE_ge_50pct,binary,0.0,liability,False,WO2025122811A1,ACh EC20,CHO-K1/M4/Galpha15 calcium flux,False,O=C(C1CCN(c2ccccc2)C1)N1Cc2ncnc(N3CCC3)c2C1,0.28735632183908044,True
acadia_2025,ACADIA-16,Cc1nc2c(c(N3CCC3)n1)CN(C(=O)[C@@H]1CCN(c3cc(Cl)ncc3Cl)C1)C2,EXT_4d7fb338045c,PAM_RE_ge_50pct,binary,1.0,primary_function,False,WO2025122811A1,ACh EC20,CHO-K1/M4/Galpha15 calcium flux,False,O=C(C1CCN(c2ccncc2)C1)N1Cc2ncnc(N3CCC3)c2C1,0.35,True
acadia_2025,ACADIA-16,Cc1nc2c(c(N3CCC3)n1)CN(C(=O)[C@@H]1CCN(c3cc(Cl)ncc3Cl)C1)C2,EXT_4d7fb338045c,PAM_relative_efficacy_pct,continuous,81.0,primary_function,False,WO2025122811A1,ACh EC20,CHO-K1/M4/Galpha15 calcium flux,False,O=C(C1CCN(c2ccncc2)C1)N1Cc2ncnc(N3CCC3)c2C1,0.35,True
acadia_2025,ACADIA-16,Cc1nc2c(c(N3CCC3)n1)CN(C(=O)[C@@H]1CCN(c3cc(Cl)ncc3Cl)C1)C2,EXT_4d7fb338045c,PAM_pEC50,continuous,7.552841968657781,primary_function,False,WO2025122811A1,ACh EC20,CHO-K1/M4/Galpha15 calcium flux,False,O=C(C1CCN(c2ccncc2)C1)N1Cc2ncnc(N3CCC3)c2C1,0.35,True
acadia_2025,ACADIA-16,Cc1nc2c(c(N3CCC3)n1)CN(C(=O)[C@@H]1CCN(c3cc(Cl)ncc3Cl)C1)C2,EXT_4d7fb338045c,intrinsic_agonist_RE_pct,continuous,28.0,liability,False,WO2025122811A1,ACh EC20,CHO-K1/M4/Galpha15 calcium flux,False,O=C(C1CCN(c2ccncc2)C1)N1Cc2ncnc(N3CCC3)c2C1,0.35,True
acadia_2025,ACADIA-16,Cc1nc2c(c(N3CCC3)n1)CN(C(=O)[C@@H]1CCN(c3cc(Cl)ncc3Cl)C1)C2,EXT_4d7fb338045c,intrinsic_agonist_RE_ge_50pct,binary,0.0,liability,False,WO2025122811A1,ACh EC20,CHO-K1/M4/Galpha15 calcium flux,False,O=C(C1CCN(c2ccncc2)C1)N1Cc2ncnc(N3CCC3)c2C1,0.35,True
acadia_2025,ACADIA-17,Cc1nc2c(c(N3CCC3)n1)CN(C(=O)[C@@H]1CCN(c3ncc(Cl)cc3F)C1)C2,EXT_b6d7718bb0bd,PAM_RE_ge_50pct,binary,1.0,primary_function,False,WO2025122811A1,ACh EC20,CHO-K1/M4/Galpha15 calcium flux,False,O=C(C1CCN(c2ccccn2)C1)N1Cc2ncnc(N3CCC3)c2C1,0.35294117647058826,True
acadia_2025,ACADIA-17,Cc1nc2c(c(N3CCC3)n1)CN(C(=O)[C@@H]1CCN(c3ncc(Cl)cc3F)C1)C2,EXT_b6d7718bb0bd,PAM_relative_efficacy_pct,continuous,71.0,primary_function,False,WO2025122811A1,ACh EC20,CHO-K1/M4/Galpha15 calcium flux,False,O=C(C1CCN(c2ccccn2)C1)N1Cc2ncnc(N3CCC3)c2C1,0.35294117647058826,True
acadia_2025,ACADIA-17,Cc1nc2c(c(N3CCC3)n1)CN(C(=O)[C@@H]1CCN(c3ncc(Cl)cc3F)C1)C2,EXT_b6d7718bb0bd,PAM_pEC50,continuous,6.3979400086720375,primary_function,False,WO2025122811A1,ACh EC20,CHO-K1/M4/Galpha15 calcium flux,False,O=C(C1CCN(c2ccccn2)C1)N1Cc2ncnc(N3CCC3)c2C1,0.35294117647058826,True
acadia_2025,ACADIA-17,Cc1nc2c(c(N3CCC3)n1)CN(C(=O)[C@@H]1CCN(c3ncc(Cl)cc3F)C1)C2,EXT_b6d7718bb0bd,intrinsic_agonist_RE_pct,continuous,4.0,liability,False,WO2025122811A1,ACh EC20,CHO-K1/M4/Galpha15 calcium flux,False,O=C(C1CCN(c2ccccn2)C1)N1Cc2ncnc(N3CCC3)c2C1,0.35294117647058826,True
acadia_2025,ACADIA-17,Cc1nc2c(c(N3CCC3)n1)CN(C(=O)[C@@H]1CCN(c3ncc(Cl)cc3F)C1)C2,EXT_b6d7718bb0bd,intrinsic_agonist_RE_ge_50pct,binary,0.0,liability,False,WO2025122811A1,ACh EC20,CHO-K1/M4/Galpha15 calcium flux,False,O=C(C1CCN(c2ccccn2)C1)N1Cc2ncnc(N3CCC3)c2C1,0.35294117647058826,True
acadia_2025,ACADIA-18,Cc1nc2c(c(N3CCC3)n1)CN(C(=O)C1CCN(c3ncc(C#N)cc3Cl)C1)C2,EXT_e08cd008beed,PAM_RE_ge_50pct,binary,1.0,primary_function,False,WO2025122811A1,ACh EC20,CHO-K1/M4/Galpha15 calcium flux,False,O=C(C1CCN(c2ccccn2)C1)N1Cc2ncnc(N3CCC3)c2C1,0.3793103448275862,True
acadia_2025,ACADIA-18,Cc1nc2c(c(N3CCC3)n1)CN(C(=O)C1CCN(c3ncc(C#N)cc3Cl)C1)C2,EXT_e08cd008beed,PAM_relative_efficacy_pct,continuous,74.0,primary_function,False,WO2025122811A1,ACh EC20,CHO-K1/M4/Galpha15 calcium flux,False,O=C(C1CCN(c2ccccn2)C1)N1Cc2ncnc(N3CCC3)c2C1,0.3793103448275862,True
acadia_2025,ACADIA-18,Cc1nc2c(c(N3CCC3)n1)CN(C(=O)C1CCN(c3ncc(C#N)cc3Cl)C1)C2,EXT_e08cd008beed,PAM_pEC50,continuous,6.180456064458131,primary_function,False,WO2025122811A1,ACh EC20,CHO-K1/M4/Galpha15 calcium flux,False,O=C(C1CCN(c2ccccn2)C1)N1Cc2ncnc(N3CCC3)c2C1,0.3793103448275862,True
acadia_2025,ACADIA-18,Cc1nc2c(c(N3CCC3)n1)CN(C(=O)C1CCN(c3ncc(C#N)cc3Cl)C1)C2,EXT_e08cd008beed,intrinsic_agonist_RE_pct,continuous,2.0,liability,False,WO2025122811A1,ACh EC20,CHO-K1/M4/Galpha15 calcium flux,False,O=C(C1CCN(c2ccccn2)C1)N1Cc2ncnc(N3CCC3)c2C1,0.3793103448275862,True
acadia_2025,ACADIA-18,Cc1nc2c(c(N3CCC3)n1)CN(C(=O)C1CCN(c3ncc(C#N)cc3Cl)C1)C2,EXT_e08cd008beed,intrinsic_agonist_RE_ge_50pct,binary,0.0,liability,False,WO2025122811A1,ACh EC20,CHO-K1/M4/Galpha15 calcium flux,False,O=C(C1CCN(c2ccccn2)C1)N1Cc2ncnc(N3CCC3)c2C1,0.3793103448275862,True
acadia_2025,ACADIA-19,Cc1nc2c(c(N3CCC3)n1)CN(C(=O)[C@@H]1CCN(c3ccnc(C(F)(F)F)n3)C1)C2,EXT_5da32b9f2c57,PAM_RE_ge_50pct,binary,1.0,primary_function,False,WO2025122811A1,ACh EC20,CHO-K1/M4/Galpha15 calcium flux,False,O=C(C1CCN(c2ccncn2)C1)N1Cc2ncnc(N3CCC3)c2C1,0.3411764705882353,True
acadia_2025,ACADIA-19,Cc1nc2c(c(N3CCC3)n1)CN(C(=O)[C@@H]1CCN(c3ccnc(C(F)(F)F)n3)C1)C2,EXT_5da32b9f2c57,PAM_relative_efficacy_pct,continuous,74.0,primary_function,False,WO2025122811A1,ACh EC20,CHO-K1/M4/Galpha15 calcium flux,False,O=C(C1CCN(c2ccncn2)C1)N1Cc2ncnc(N3CCC3)c2C1,0.3411764705882353,True
acadia_2025,ACADIA-19,Cc1nc2c(c(N3CCC3)n1)CN(C(=O)[C@@H]1CCN(c3ccnc(C(F)(F)F)n3)C1)C2,EXT_5da32b9f2c57,PAM_pEC50,continuous,6.4089353929735005,primary_function,False,WO2025122811A1,ACh EC20,CHO-K1/M4/Galpha15 calcium flux,False,O=C(C1CCN(c2ccncn2)C1)N1Cc2ncnc(N3CCC3)c2C1,0.3411764705882353,True
acadia_2025,ACADIA-19,Cc1nc2c(c(N3CCC3)n1)CN(C(=O)[C@@H]1CCN(c3ccnc(C(F)(F)F)n3)C1)C2,EXT_5da32b9f2c57,intrinsic_agonist_RE_pct,continuous,1.0,liability,False,WO2025122811A1,ACh EC20,CHO-K1/M4/Galpha15 calcium flux,False,O=C(C1CCN(c2ccncn2)C1)N1Cc2ncnc(N3CCC3)c2C1,0.3411764705882353,True
acadia_2025,ACADIA-19,Cc1nc2c(c(N3CCC3)n1)CN(C(=O)[C@@H]1CCN(c3ccnc(C(F)(F)F)n3)C1)C2,EXT_5da32b9f2c57,intrinsic_agonist_RE_ge_50pct,binary,0.0,liability,False,WO2025122811A1,ACh EC20,CHO-K1/M4/Galpha15 calcium flux,False,O=C(C1CCN(c2ccncn2)C1)N1Cc2ncnc(N3CCC3)c2C1,0.3411764705882353,True
acadia_2025,ACADIA-20,Cc1nc2c(c(N3CCC3)n1)CN(C(=O)[C@@H]1CCN(c3cc(C(F)(F)F)ncn3)C1)C2,EXT_c4a8a074e303,PAM_RE_ge_50pct,binary,1.0,primary_function,False,WO2025122811A1,ACh EC20,CHO-K1/M4/Galpha15 calcium flux,False,O=C(C1CCN(c2ccncn2)C1)N1Cc2ncnc(N3CCC3)c2C1,0.35714285714285715,True
acadia_2025,ACADIA-20,Cc1nc2c(c(N3CCC3)n1)CN(C(=O)[C@@H]1CCN(c3cc(C(F)(F)F)ncn3)C1)C2,EXT_c4a8a074e303,PAM_relative_efficacy_pct,continuous,110.0,primary_function,False,WO2025122811A1,ACh EC20,CHO-K1/M4/Galpha15 calcium flux,False,O=C(C1CCN(c2ccncn2)C1)N1Cc2ncnc(N3CCC3)c2C1,0.35714285714285715,True
acadia_2025,ACADIA-20,Cc1nc2c(c(N3CCC3)n1)CN(C(=O)[C@@H]1CCN(c3cc(C(F)(F)F)ncn3)C1)C2,EXT_c4a8a074e303,PAM_pEC50,continuous,7.00436480540245,primary_function,False,WO2025122811A1,ACh EC20,CHO-K1/M4/Galpha15 calcium flux,False,O=C(C1CCN(c2ccncn2)C1)N1Cc2ncnc(N3CCC3)c2C1,0.35714285714285715,True
acadia_2025,ACADIA-20,Cc1nc2c(c(N3CCC3)n1)CN(C(=O)[C@@H]1CCN(c3cc(C(F)(F)F)ncn3)C1)C2,EXT_c4a8a074e303,intrinsic_agonist_RE_pct,continuous,48.0,liability,False,WO2025122811A1,ACh EC20,CHO-K1/M4/Galpha15 calcium flux,False,O=C(C1CCN(c2ccncn2)C1)N1Cc2ncnc(N3CCC3)c2C1,0.35714285714285715,True
acadia_2025,ACADIA-20,Cc1nc2c(c(N3CCC3)n1)CN(C(=O)[C@@H]1CCN(c3cc(C(F)(F)F)ncn3)C1)C2,EXT_c4a8a074e303,intrinsic_agonist_RE_ge_50pct,binary,0.0,liability,False,WO2025122811A1,ACh EC20,CHO-K1/M4/Galpha15 calcium flux,False,O=C(C1CCN(c2ccncn2)C1)N1Cc2ncnc(N3CCC3)c2C1,0.35714285714285715,True
acadia_2025,ACADIA-22,Cc1nc2c(c(N3CCC3)n1)CN(C(=O)[C@@H]1CCN(c3cccc(C(F)(F)F)n3)C1)C2,EXT_d60b0f606c99,PAM_RE_ge_50pct,binary,1.0,primary_function,False,WO2025122811A1,ACh EC20,CHO-K1/M4/Galpha15 calcium flux,False,O=C(C1CCN(c2ccccn2)C1)N1Cc2ncnc(N3CCC3)c2C1,0.32941176470588235,True
acadia_2025,ACADIA-22,Cc1nc2c(c(N3CCC3)n1)CN(C(=O)[C@@H]1CCN(c3cccc(C(F)(F)F)n3)C1)C2,EXT_d60b0f606c99,PAM_relative_efficacy_pct,continuous,72.0,primary_function,False,WO2025122811A1,ACh EC20,CHO-K1/M4/Galpha15 calcium flux,False,O=C(C1CCN(c2ccccn2)C1)N1Cc2ncnc(N3CCC3)c2C1,0.32941176470588235,True
acadia_2025,ACADIA-22,Cc1nc2c(c(N3CCC3)n1)CN(C(=O)[C@@H]1CCN(c3cccc(C(F)(F)F)n3)C1)C2,EXT_d60b0f606c99,PAM_pEC50,continuous,5.568636235841012,primary_function,False,WO2025122811A1,ACh EC20,CHO-K1/M4/Galpha15 calcium flux,False,O=C(C1CCN(c2ccccn2)C1)N1Cc2ncnc(N3CCC3)c2C1,0.32941176470588235,True
acadia_2025,ACADIA-22,Cc1nc2c(c(N3CCC3)n1)CN(C(=O)[C@@H]1CCN(c3cccc(C(F)(F)F)n3)C1)C2,EXT_d60b0f606c99,intrinsic_agonist_RE_pct,continuous,3.0,liability,False,WO2025122811A1,ACh EC20,CHO-K1/M4/Galpha15 calcium flux,False,O=C(C1CCN(c2ccccn2)C1)N1Cc2ncnc(N3CCC3)c2C1,0.32941176470588235,True
acadia_2025,ACADIA-22,Cc1nc2c(c(N3CCC3)n1)CN(C(=O)[C@@H]1CCN(c3cccc(C(F)(F)F)n3)C1)C2,EXT_d60b0f606c99,intrinsic_agonist_RE_ge_50pct,binary,0.0,liability,False,WO2025122811A1,ACh EC20,CHO-K1/M4/Galpha15 calcium flux,False,O=C(C1CCN(c2ccccn2)C1)N1Cc2ncnc(N3CCC3)c2C1,0.32941176470588235,True
acadia_2025,ACADIA-23,Cc1nc2c(c(N3CCC3)n1)CN(C(=O)[C@@H]1CCN(c3cc(C(F)(F)F)ccn3)C1)C2,EXT_a546e975b504,PAM_RE_ge_50pct,binary,1.0,primary_function,False,WO2025122811A1,ACh EC20,CHO-K1/M4/Galpha15 calcium flux,False,O=C(C1CCN(c2ccccn2)C1)N1Cc2ncnc(N3CCC3)c2C1,0.35294117647058826,True
acadia_2025,ACADIA-23,Cc1nc2c(c(N3CCC3)n1)CN(C(=O)[C@@H]1CCN(c3cc(C(F)(F)F)ccn3)C1)C2,EXT_a546e975b504,PAM_relative_efficacy_pct,continuous,79.0,primary_function,False,WO2025122811A1,ACh EC20,CHO-K1/M4/Galpha15 calcium flux,False,O=C(C1CCN(c2ccccn2)C1)N1Cc2ncnc(N3CCC3)c2C1,0.35294117647058826,True
acadia_2025,ACADIA-23,Cc1nc2c(c(N3CCC3)n1)CN(C(=O)[C@@H]1CCN(c3cc(C(F)(F)F)ccn3)C1)C2,EXT_a546e975b504,PAM_pEC50,continuous,6.229147988357855,primary_function,False,WO2025122811A1,ACh EC20,CHO-K1/M4/Galpha15 calcium flux,False,O=C(C1CCN(c2ccccn2)C1)N1Cc2ncnc(N3CCC3)c2C1,0.35294117647058826,True
acadia_2025,ACADIA-23,Cc1nc2c(c(N3CCC3)n1)CN(C(=O)[C@@H]1CCN(c3cc(C(F)(F)F)ccn3)C1)C2,EXT_a546e975b504,intrinsic_agonist_RE_pct,continuous,4.0,liability,False,WO2025122811A1,ACh EC20,CHO-K1/M4/Galpha15 calcium flux,False,O=C(C1CCN(c2ccccn2)C1)N1Cc2ncnc(N3CCC3)c2C1,0.35294117647058826,True
acadia_2025,ACADIA-23,Cc1nc2c(c(N3CCC3)n1)CN(C(=O)[C@@H]1CCN(c3cc(C(F)(F)F)ccn3)C1)C2,EXT_a546e975b504,intrinsic_agonist_RE_ge_50pct,binary,0.0,liability,False,WO2025122811A1,ACh EC20,CHO-K1/M4/Galpha15 calcium flux,False,O=C(C1CCN(c2ccccn2)C1)N1Cc2ncnc(N3CCC3)c2C1,0.35294117647058826,True
acadia_2025,ACADIA-24,COc1cnc(C(F)(F)F)nc1N1CC[C@@H](C(=O)N2Cc3nc(C)nc(N4CCC4)c3C2)C1,EXT_0917a8d0a313,PAM_RE_ge_50pct,binary,0.0,primary_function,False,WO2025122811A1,ACh EC20,CHO-K1/M4/Galpha15 calcium flux,False,O=C(C1CCN(c2ccncn2)C1)N1Cc2ncnc(N3CCC3)c2C1,0.2976190476190476,True
acadia_2025,ACADIA-24,COc1cnc(C(F)(F)F)nc1N1CC[C@@H](C(=O)N2Cc3nc(C)nc(N4CCC4)c3C2)C1,EXT_0917a8d0a313,PAM_relative_efficacy_pct,continuous,41.0,primary_function,False,WO2025122811A1,ACh EC20,CHO-K1/M4/Galpha15 calcium flux,False,O=C(C1CCN(c2ccncn2)C1)N1Cc2ncnc(N3CCC3)c2C1,0.2976190476190476,True
acadia_2025,ACADIA-24,COc1cnc(C(F)(F)F)nc1N1CC[C@@H](C(=O)N2Cc3nc(C)nc(N4CCC4)c3C2)C1,EXT_0917a8d0a313,intrinsic_agonist_RE_pct,continuous,3.0,liability,False,WO2025122811A1,ACh EC20,CHO-K1/M4/Galpha15 calcium flux,False,O=C(C1CCN(c2ccncn2)C1)N1Cc2ncnc(N3CCC3)c2C1,0.2976190476190476,True
acadia_2025,ACADIA-24,COc1cnc(C(F)(F)F)nc1N1CC[C@@H](C(=O)N2Cc3nc(C)nc(N4CCC4)c3C2)C1,EXT_0917a8d0a313,intrinsic_agonist_RE_ge_50pct,binary,0.0,liability,False,WO2025122811A1,ACh EC20,CHO-K1/M4/Galpha15 calcium flux,False,O=C(C1CCN(c2ccncn2)C1)N1Cc2ncnc(N3CCC3)c2C1,0.2976190476190476,True
acadia_2025,ACADIA-25,Cc1nc2c(c(N3CCC3)n1)CN(C(=O)[C@@H]1CCN(c3nccc(C(F)F)c3F)C1)C2,EXT_58068a2e5f5e,PAM_RE_ge_50pct,binary,1.0,primary_function,False,WO2025122811A1,ACh EC20,CHO-K1/M4/Galpha15 calcium flux,False,O=C(C1CCN(c2ccccn2)C1)N1Cc2ncnc(N3CCC3)c2C1,0.3372093023255814,True
acadia_2025,ACADIA-25,Cc1nc2c(c(N3CCC3)n1)CN(C(=O)[C@@H]1CCN(c3nccc(C(F)F)c3F)C1)C2,EXT_58068a2e5f5e,PAM_relative_efficacy_pct,continuous,85.0,primary_function,False,WO2025122811A1,ACh EC20,CHO-K1/M4/Galpha15 calcium flux,False,O=C(C1CCN(c2ccccn2)C1)N1Cc2ncnc(N3CCC3)c2C1,0.3372093023255814,True
acadia_2025,ACADIA-25,Cc1nc2c(c(N3CCC3)n1)CN(C(=O)[C@@H]1CCN(c3nccc(C(F)F)c3F)C1)C2,EXT_58068a2e5f5e,PAM_pEC50,continuous,6.522878745280337,primary_function,False,WO2025122811A1,ACh EC20,CHO-K1/M4/Galpha15 calcium flux,False,O=C(C1CCN(c2ccccn2)C1)N1Cc2ncnc(N3CCC3)c2C1,0.3372093023255814,True
acadia_2025,ACADIA-25,Cc1nc2c(c(N3CCC3)n1)CN(C(=O)[C@@H]1CCN(c3nccc(C(F)F)c3F)C1)C2,EXT_58068a2e5f5e,intrinsic_agonist_RE_pct,continuous,6.0,liability,False,WO2025122811A1,ACh EC20,CHO-K1/M4/Galpha15 calcium flux,False,O=C(C1CCN(c2ccccn2)C1)N1Cc2ncnc(N3CCC3)c2C1,0.3372093023255814,True
acadia_2025,ACADIA-25,Cc1nc2c(c(N3CCC3)n1)CN(C(=O)[C@@H]1CCN(c3nccc(C(F)F)c3F)C1)C2,EXT_58068a2e5f5e,intrinsic_agonist_RE_ge_50pct,binary,0.0,liability,False,WO2025122811A1,ACh EC20,CHO-K1/M4/Galpha15 calcium flux,False,O=C(C1CCN(c2ccccn2)C1)N1Cc2ncnc(N3CCC3)c2C1,0.3372093023255814,True
acadia_2025,ACADIA-26,Cc1nc2c(c(N3CCC3)n1)CN(C(=O)C1CCN(c3ccc(C#N)cn3)C1)C2,EXT_000029f4faa2,PAM_RE_ge_50pct,binary,1.0,primary_function,False,WO2025122811A1,ACh EC20,CHO-K1/M4/Galpha15 calcium flux,False,O=C(C1CCN(c2ccccn2)C1)N1Cc2ncnc(N3CCC3)c2C1,0.34210526315789475,True
acadia_2025,ACADIA-26,Cc1nc2c(c(N3CCC3)n1)CN(C(=O)C1CCN(c3ccc(C#N)cn3)C1)C2,EXT_000029f4faa2,PAM_relative_efficacy_pct,continuous,78.0,primary_function,False,WO2025122811A1,ACh EC20,CHO-K1/M4/Galpha15 calcium flux,False,O=C(C1CCN(c2ccccn2)C1)N1Cc2ncnc(N3CCC3)c2C1,0.34210526315789475,True
acadia_2025,ACADIA-26,Cc1nc2c(c(N3CCC3)n1)CN(C(=O)C1CCN(c3ccc(C#N)cn3)C1)C2,EXT_000029f4faa2,PAM_pEC50,continuous,6.130768280269024,primary_function,False,WO2025122811A1,ACh EC20,CHO-K1/M4/Galpha15 calcium flux,False,O=C(C1CCN(c2ccccn2)C1)N1Cc2ncnc(N3CCC3)c2C1,0.34210526315789475,True
acadia_2025,ACADIA-26,Cc1nc2c(c(N3CCC3)n1)CN(C(=O)C1CCN(c3ccc(C#N)cn3)C1)C2,EXT_000029f4faa2,intrinsic_agonist_RE_pct,continuous,1.0,liability,False,WO2025122811A1,ACh EC20,CHO-K1/M4/Galpha15 calcium flux,False,O=C(C1CCN(c2ccccn2)C1)N1Cc2ncnc(N3CCC3)c2C1,0.34210526315789475,True
acadia_2025,ACADIA-26,Cc1nc2c(c(N3CCC3)n1)CN(C(=O)C1CCN(c3ccc(C#N)cn3)C1)C2,EXT_000029f4faa2,intrinsic_agonist_RE_ge_50pct,binary,0.0,liability,False,WO2025122811A1,ACh EC20,CHO-K1/M4/Galpha15 calcium flux,False,O=C(C1CCN(c2ccccn2)C1)N1Cc2ncnc(N3CCC3)c2C1,0.34210526315789475,True
acadia_2025,ACADIA-27,Cc1cc(N2CC[C@@H](C(=O)N3Cc4nc(C)nc(N5CCC5)c4C3)C2)cc(C(F)(F)F)n1,EXT_01286faea3a1,PAM_RE_ge_50pct,binary,1.0,primary_function,False,WO2025122811A1,ACh EC20,CHO-K1/M4/Galpha15 calcium flux,False,O=C(C1CCN(c2ccncc2)C1)N1Cc2ncnc(N3CCC3)c2C1,0.3950617283950617,True
acadia_2025,ACADIA-27,Cc1cc(N2CC[C@@H](C(=O)N3Cc4nc(C)nc(N5CCC5)c4C3)C2)cc(C(F)(F)F)n1,EXT_01286faea3a1,PAM_relative_efficacy_pct,continuous,81.0,primary_function,False,WO2025122811A1,ACh EC20,CHO-K1/M4/Galpha15 calcium flux,False,O=C(C1CCN(c2ccncc2)C1)N1Cc2ncnc(N3CCC3)c2C1,0.3950617283950617,True
acadia_2025,ACADIA-27,Cc1cc(N2CC[C@@H](C(=O)N3Cc4nc(C)nc(N5CCC5)c4C3)C2)cc(C(F)(F)F)n1,EXT_01286faea3a1,PAM_pEC50,continuous,6.958607314841775,primary_function,False,WO2025122811A1,ACh EC20,CHO-K1/M4/Galpha15 calcium flux,False,O=C(C1CCN(c2ccncc2)C1)N1Cc2ncnc(N3CCC3)c2C1,0.3950617283950617,True
acadia_2025,ACADIA-27,Cc1cc(N2CC[C@@H](C(=O)N3Cc4nc(C)nc(N5CCC5)c4C3)C2)cc(C(F)(F)F)n1,EXT_01286faea3a1,intrinsic_agonist_RE_pct,continuous,37.0,liability,False,WO2025122811A1,ACh EC20,CHO-K1/M4/Galpha15 calcium flux,False,O=C(C1CCN(c2ccncc2)C1)N1Cc2ncnc(N3CCC3)c2C1,0.3950617283950617,True
acadia_2025,ACADIA-27,Cc1cc(N2CC[C@@H](C(=O)N3Cc4nc(C)nc(N5CCC5)c4C3)C2)cc(C(F)(F)F)n1,EXT_01286faea3a1,intrinsic_agonist_RE_ge_50pct,binary,0.0,liability,False,WO2025122811A1,ACh EC20,CHO-K1/M4/Galpha15 calcium flux,False,O=C(C1CCN(c2ccncc2)C1)N1Cc2ncnc(N3CCC3)c2C1,0.3950617283950617,True
acadia_2025,ACADIA-28,Cc1nc2c(c(N3CCC3)n1)[C@@H](C)N(C(=O)[C@@H]1CCN(c3ccncn3)C1)C2,EXT_1a835110dcc9,PAM_RE_ge_50pct,binary,1.0,primary_function,False,WO2025122811A1,ACh EC20,CHO-K1/M4/Galpha15 calcium flux,False,O=C(C1CCN(c2ccncn2)C1)N1Cc2ncnc(N3CCC3)c2C1,0.35,True
acadia_2025,ACADIA-28,Cc1nc2c(c(N3CCC3)n1)[C@@H](C)N(C(=O)[C@@H]1CCN(c3ccncn3)C1)C2,EXT_1a835110dcc9,PAM_relative_efficacy_pct,continuous,91.0,primary_function,False,WO2025122811A1,ACh EC20,CHO-K1/M4/Galpha15 calcium flux,False,O=C(C1CCN(c2ccncn2)C1)N1Cc2ncnc(N3CCC3)c2C1,0.35,True
acadia_2025,ACADIA-28,Cc1nc2c(c(N3CCC3)n1)[C@@H](C)N(C(=O)[C@@H]1CCN(c3ccncn3)C1)C2,EXT_1a835110dcc9,PAM_pEC50,continuous,8.221848749616356,primary_function,False,WO2025122811A1,ACh EC20,CHO-K1/M4/Galpha15 calcium flux,False,O=C(C1CCN(c2ccncn2)C1)N1Cc2ncnc(N3CCC3)c2C1,0.35,True
acadia_2025,ACADIA-28,Cc1nc2c(c(N3CCC3)n1)[C@@H](C)N(C(=O)[C@@H]1CCN(c3ccncn3)C1)C2,EXT_1a835110dcc9,intrinsic_agonist_RE_pct,continuous,88.0,liability,False,WO2025122811A1,ACh EC20,CHO-K1/M4/Galpha15 calcium flux,False,O=C(C1CCN(c2ccncn2)C1)N1Cc2ncnc(N3CCC3)c2C1,0.35,True
acadia_2025,ACADIA-28,Cc1nc2c(c(N3CCC3)n1)[C@@H](C)N(C(=O)[C@@H]1CCN(c3ccncn3)C1)C2,EXT_1a835110dcc9,intrinsic_agonist_RE_ge_50pct,binary,1.0,liability,False,WO2025122811A1,ACh EC20,CHO-K1/M4/Galpha15 calcium flux,False,O=C(C1CCN(c2ccncn2)C1)N1Cc2ncnc(N3CCC3)c2C1,0.35,True
acadia_2025,ACADIA-29,Cc1cc(N2CC[C@@H](C(=O)N3Cc4nc(C)nc(N5CCC5)c4C3)C2)cc(C(F)F)n1,EXT_6e7e9d50122d,PAM_RE_ge_50pct,binary,1.0,primary_function,False,WO2025122811A1,ACh EC20,CHO-K1/M4/Galpha15 calcium flux,False,O=C(C1CCN(c2ccncc2)C1)N1Cc2ncnc(N3CCC3)c2C1,0.3950617283950617,True
acadia_2025,ACADIA-29,Cc1cc(N2CC[C@@H](C(=O)N3Cc4nc(C)nc(N5CCC5)c4C3)C2)cc(C(F)F)n1,EXT_6e7e9d50122d,PAM_relative_efficacy_pct,continuous,100.0,primary_function,False,WO2025122811A1,ACh EC20,CHO-K1/M4/Galpha15 calcium flux,False,O=C(C1CCN(c2ccncc2)C1)N1Cc2ncnc(N3CCC3)c2C1,0.3950617283950617,True
acadia_2025,ACADIA-29,Cc1cc(N2CC[C@@H](C(=O)N3Cc4nc(C)nc(N5CCC5)c4C3)C2)cc(C(F)F)n1,EXT_6e7e9d50122d,PAM_pEC50,continuous,6.318758762624412,primary_function,False,WO2025122811A1,ACh EC20,CHO-K1/M4/Galpha15 calcium flux,False,O=C(C1CCN(c2ccncc2)C1)N1Cc2ncnc(N3CCC3)c2C1,0.3950617283950617,True
acadia_2025,ACADIA-29,Cc1cc(N2CC[C@@H](C(=O)N3Cc4nc(C)nc(N5CCC5)c4C3)C2)cc(C(F)F)n1,EXT_6e7e9d50122d,intrinsic_agonist_RE_pct,continuous,98.0,liability,False,WO2025122811A1,ACh EC20,CHO-K1/M4/Galpha15 calcium flux,False,O=C(C1CCN(c2ccncc2)C1)N1Cc2ncnc(N3CCC3)c2C1,0.3950617283950617,True
acadia_2025,ACADIA-29,Cc1cc(N2CC[C@@H](C(=O)N3Cc4nc(C)nc(N5CCC5)c4C3)C2)cc(C(F)F)n1,EXT_6e7e9d50122d,intrinsic_agonist_RE_ge_50pct,binary,1.0,liability,False,WO2025122811A1,ACh EC20,CHO-K1/M4/Galpha15 calcium flux,False,O=C(C1CCN(c2ccncc2)C1)N1Cc2ncnc(N3CCC3)c2C1,0.3950617283950617,True
acadia_2025,ACADIA-30,Cc1nc2c(c(N3CCC3)n1)[C@@H](C)N(C(=O)[C@@H]1CCN(c3ccnc(Cl)c3)C1)C2,EXT_9a39855d6495,PAM_RE_ge_50pct,binary,1.0,primary_function,False,WO2025122811A1,ACh EC20,CHO-K1/M4/Galpha15 calcium flux,False,O=C(C1CCN(c2ccncc2)C1)N1Cc2ncnc(N3CCC3)c2C1,0.3103448275862069,True
acadia_2025,ACADIA-30,Cc1nc2c(c(N3CCC3)n1)[C@@H](C)N(C(=O)[C@@H]1CCN(c3ccnc(Cl)c3)C1)C2,EXT_9a39855d6495,PAM_relative_efficacy_pct,continuous,100.0,primary_function,False,WO2025122811A1,ACh EC20,CHO-K1/M4/Galpha15 calcium flux,False,O=C(C1CCN(c2ccncc2)C1)N1Cc2ncnc(N3CCC3)c2C1,0.3103448275862069,True
acadia_2025,ACADIA-30,Cc1nc2c(c(N3CCC3)n1)[C@@H](C)N(C(=O)[C@@H]1CCN(c3ccnc(Cl)c3)C1)C2,EXT_9a39855d6495,PAM_pEC50,continuous,8.397940008672037,primary_function,False,WO2025122811A1,ACh EC20,CHO-K1/M4/Galpha15 calcium flux,False,O=C(C1CCN(c2ccncc2)C1)N1Cc2ncnc(N3CCC3)c2C1,0.3103448275862069,True
acadia_2025,ACADIA-30,Cc1nc2c(c(N3CCC3)n1)[C@@H](C)N(C(=O)[C@@H]1CCN(c3ccnc(Cl)c3)C1)C2,EXT_9a39855d6495,intrinsic_agonist_RE_pct,continuous,71.0,liability,False,WO2025122811A1,ACh EC20,CHO-K1/M4/Galpha15 calcium flux,False,O=C(C1CCN(c2ccncc2)C1)N1Cc2ncnc(N3CCC3)c2C1,0.3103448275862069,True
acadia_2025,ACADIA-30,Cc1nc2c(c(N3CCC3)n1)[C@@H](C)N(C(=O)[C@@H]1CCN(c3ccnc(Cl)c3)C1)C2,EXT_9a39855d6495,intrinsic_agonist_RE_ge_50pct,binary,1.0,liability,False,WO2025122811A1,ACh EC20,CHO-K1/M4/Galpha15 calcium flux,False,O=C(C1CCN(c2ccncc2)C1)N1Cc2ncnc(N3CCC3)c2C1,0.3103448275862069,True
acadia_2025,ACADIA-31,Cc1nc2c(c(N3CCC3)n1)[C@@H](C)N(C(=O)[C@@H]1CCN(c3ccnc(C(F)(F)F)c3)C1)C2,EXT_2905de14432a,PAM_RE_ge_50pct,binary,1.0,primary_function,False,WO2025122811A1,ACh EC20,CHO-K1/M4/Galpha15 calcium flux,False,O=C(C1CCN(c2ccncc2)C1)N1Cc2ncnc(N3CCC3)c2C1,0.39285714285714285,True
acadia_2025,ACADIA-31,Cc1nc2c(c(N3CCC3)n1)[C@@H](C)N(C(=O)[C@@H]1CCN(c3ccnc(C(F)(F)F)c3)C1)C2,EXT_2905de14432a,PAM_relative_efficacy_pct,continuous,105.0,primary_function,False,WO2025122811A1,ACh EC20,CHO-K1/M4/Galpha15 calcium flux,False,O=C(C1CCN(c2ccncc2)C1)N1Cc2ncnc(N3CCC3)c2C1,0.39285714285714285,True
acadia_2025,ACADIA-31,Cc1nc2c(c(N3CCC3)n1)[C@@H](C)N(C(=O)[C@@H]1CCN(c3ccnc(C(F)(F)F)c3)C1)C2,EXT_2905de14432a,PAM_pEC50,continuous,8.045757490560675,primary_function,False,WO2025122811A1,ACh EC20,CHO-K1/M4/Galpha15 calcium flux,False,O=C(C1CCN(c2ccncc2)C1)N1Cc2ncnc(N3CCC3)c2C1,0.39285714285714285,True
acadia_2025,ACADIA-31,Cc1nc2c(c(N3CCC3)n1)[C@@H](C)N(C(=O)[C@@H]1CCN(c3ccnc(C(F)(F)F)c3)C1)C2,EXT_2905de14432a,intrinsic_agonist_RE_pct,continuous,78.0,liability,False,WO2025122811A1,ACh EC20,CHO-K1/M4/Galpha15 calcium flux,False,O=C(C1CCN(c2ccncc2)C1)N1Cc2ncnc(N3CCC3)c2C1,0.39285714285714285,True
acadia_2025,ACADIA-31,Cc1nc2c(c(N3CCC3)n1)[C@@H](C)N(C(=O)[C@@H]1CCN(c3ccnc(C(F)(F)F)c3)C1)C2,EXT_2905de14432a,intrinsic_agonist_RE_ge_50pct,binary,1.0,liability,False,WO2025122811A1,ACh EC20,CHO-K1/M4/Galpha15 calcium flux,False,O=C(C1CCN(c2ccncc2)C1)N1Cc2ncnc(N3CCC3)c2C1,0.39285714285714285,True
acadia_2025,ACADIA-32,Cc1nc2c(c(N3CCC3)n1)[C@@H](C)N(C(=O)[C@@H]1CCN(c3ccnc(OC(F)F)c3)C1)C2,EXT_c01a630fa772,PAM_RE_ge_50pct,binary,1.0,primary_function,False,WO2025122811A1,ACh EC20,CHO-K1/M4/Galpha15 calcium flux,False,O=C(C1CCN(c2ccncc2)C1)N1Cc2ncnc(N3CCC3)c2C1,0.41379310344827586,True
acadia_2025,ACADIA-32,Cc1nc2c(c(N3CCC3)n1)[C@@H](C)N(C(=O)[C@@H]1CCN(c3ccnc(OC(F)F)c3)C1)C2,EXT_c01a630fa772,PAM_relative_efficacy_pct,continuous,93.0,primary_function,False,WO2025122811A1,ACh EC20,CHO-K1/M4/Galpha15 calcium flux,False,O=C(C1CCN(c2ccncc2)C1)N1Cc2ncnc(N3CCC3)c2C1,0.41379310344827586,True
acadia_2025,ACADIA-32,Cc1nc2c(c(N3CCC3)n1)[C@@H](C)N(C(=O)[C@@H]1CCN(c3ccnc(OC(F)F)c3)C1)C2,EXT_c01a630fa772,PAM_pEC50,continuous,7.744727494896693,primary_function,False,WO2025122811A1,ACh EC20,CHO-K1/M4/Galpha15 calcium flux,False,O=C(C1CCN(c2ccncc2)C1)N1Cc2ncnc(N3CCC3)c2C1,0.41379310344827586,True
acadia_2025,ACADIA-32,Cc1nc2c(c(N3CCC3)n1)[C@@H](C)N(C(=O)[C@@H]1CCN(c3ccnc(OC(F)F)c3)C1)C2,EXT_c01a630fa772,intrinsic_agonist_RE_pct,continuous,48.0,liability,False,WO2025122811A1,ACh EC20,CHO-K1/M4/Galpha15 calcium flux,False,O=C(C1CCN(c2ccncc2)C1)N1Cc2ncnc(N3CCC3)c2C1,0.41379310344827586,True
acadia_2025,ACADIA-32,Cc1nc2c(c(N3CCC3)n1)[C@@H](C)N(C(=O)[C@@H]1CCN(c3ccnc(OC(F)F)c3)C1)C2,EXT_c01a630fa772,intrinsic_agonist_RE_ge_50pct,binary,0.0,liability,False,WO2025122811A1,ACh EC20,CHO-K1/M4/Galpha15 calcium flux,False,O=C(C1CCN(c2ccncc2)C1)N1Cc2ncnc(N3CCC3)c2C1,0.41379310344827586,True
acadia_2025,ACADIA-33,Cc1nc2c(c(N3CCC3)n1)[C@@H](C)N(C(=O)[C@@H]1CCN(c3ccnc(OC(F)F)c3)C1)C2,EXT_c01a630fa772,PAM_RE_ge_50pct,binary,1.0,primary_function,False,WO2025122811A1,ACh EC20,CHO-K1/M4/Galpha15 calcium flux,False,O=C(C1CCN(c2ccncc2)C1)N1Cc2ncnc(N3CCC3)c2C1,0.41379310344827586,True
acadia_2025,ACADIA-33,Cc1nc2c(c(N3CCC3)n1)[C@@H](C)N(C(=O)[C@@H]1CCN(c3ccnc(OC(F)F)c3)C1)C2,EXT_c01a630fa772,PAM_relative_efficacy_pct,continuous,87.0,primary_function,False,WO2025122811A1,ACh EC20,CHO-K1/M4/Galpha15 calcium flux,False,O=C(C1CCN(c2ccncc2)C1)N1Cc2ncnc(N3CCC3)c2C1,0.41379310344827586,True
acadia_2025,ACADIA-33,Cc1nc2c(c(N3CCC3)n1)[C@@H](C)N(C(=O)[C@@H]1CCN(c3ccnc(OC(F)F)c3)C1)C2,EXT_c01a630fa772,PAM_pEC50,continuous,8.045757490560675,primary_function,False,WO2025122811A1,ACh EC20,CHO-K1/M4/Galpha15 calcium flux,False,O=C(C1CCN(c2ccncc2)C1)N1Cc2ncnc(N3CCC3)c2C1,0.41379310344827586,True
acadia_2025,ACADIA-33,Cc1nc2c(c(N3CCC3)n1)[C@@H](C)N(C(=O)[C@@H]1CCN(c3ccnc(OC(F)F)c3)C1)C2,EXT_c01a630fa772,intrinsic_agonist_RE_pct,continuous,50.0,liability,False,WO2025122811A1,ACh EC20,CHO-K1/M4/Galpha15 calcium flux,False,O=C(C1CCN(c2ccncc2)C1)N1Cc2ncnc(N3CCC3)c2C1,0.41379310344827586,True
acadia_2025,ACADIA-33,Cc1nc2c(c(N3CCC3)n1)[C@@H](C)N(C(=O)[C@@H]1CCN(c3ccnc(OC(F)F)c3)C1)C2,EXT_c01a630fa772,intrinsic_agonist_RE_ge_50pct,binary,1.0,liability,False,WO2025122811A1,ACh EC20,CHO-K1/M4/Galpha15 calcium flux,False,O=C(C1CCN(c2ccncc2)C1)N1Cc2ncnc(N3CCC3)c2C1,0.41379310344827586,True
acadia_2025,ACADIA-34,Cc1nc2c(c(N3CCC3)n1)[C@@H](C)N(C(=O)[C@@H]1CCN(c3ccnc(C#N)n3)C1)C2,EXT_a47e8ef49e2d,PAM_RE_ge_50pct,binary,1.0,primary_function,False,WO2025122811A1,ACh EC20,CHO-K1/M4/Galpha15 calcium flux,False,O=C(C1CCN(c2ccncn2)C1)N1Cc2ncnc(N3CCC3)c2C1,0.2804878048780488,True
acadia_2025,ACADIA-34,Cc1nc2c(c(N3CCC3)n1)[C@@H](C)N(C(=O)[C@@H]1CCN(c3ccnc(C#N)n3)C1)C2,EXT_a47e8ef49e2d,PAM_relative_efficacy_pct,continuous,100.0,primary_function,False,WO2025122811A1,ACh EC20,CHO-K1/M4/Galpha15 calcium flux,False,O=C(C1CCN(c2ccncn2)C1)N1Cc2ncnc(N3CCC3)c2C1,0.2804878048780488,True
acadia_2025,ACADIA-34,Cc1nc2c(c(N3CCC3)n1)[C@@H](C)N(C(=O)[C@@H]1CCN(c3ccnc(C#N)n3)C1)C2,EXT_a47e8ef49e2d,PAM_pEC50,continuous,7.744727494896693,primary_function,False,WO2025122811A1,ACh EC20,CHO-K1/M4/Galpha15 calcium flux,False,O=C(C1CCN(c2ccncn2)C1)N1Cc2ncnc(N3CCC3)c2C1,0.2804878048780488,True
acadia_2025,ACADIA-34,Cc1nc2c(c(N3CCC3)n1)[C@@H](C)N(C(=O)[C@@H]1CCN(c3ccnc(C#N)n3)C1)C2,EXT_a47e8ef49e2d,intrinsic_agonist_RE_pct,continuous,69.0,liability,False,WO2025122811A1,ACh EC20,CHO-K1/M4/Galpha15 calcium flux,False,O=C(C1CCN(c2ccncn2)C1)N1Cc2ncnc(N3CCC3)c2C1,0.2804878048780488,True
acadia_2025,ACADIA-34,Cc1nc2c(c(N3CCC3)n1)[C@@H](C)N(C(=O)[C@@H]1CCN(c3ccnc(C#N)n3)C1)C2,EXT_a47e8ef49e2d,intrinsic_agonist_RE_ge_50pct,binary,1.0,liability,False,WO2025122811A1,ACh EC20,CHO-K1/M4/Galpha15 calcium flux,False,O=C(C1CCN(c2ccncn2)C1)N1Cc2ncnc(N3CCC3)c2C1,0.2804878048780488,True
acadia_2025,ACADIA-35,Cc1nc2c(c(N3CCC3)n1)[C@@H](C)N(C(=O)[C@@H]1CCN(c3cc(C(F)(F)F)ncn3)C1)C2,EXT_85ee3d37b2fc,PAM_RE_ge_50pct,binary,1.0,primary_function,False,WO2025122811A1,ACh EC20,CHO-K1/M4/Galpha15 calcium flux,False,O=C(C1CCN(c2ccncn2)C1)N1Cc2ncnc(N3CCC3)c2C1,0.2976190476190476,True
acadia_2025,ACADIA-35,Cc1nc2c(c(N3CCC3)n1)[C@@H](C)N(C(=O)[C@@H]1CCN(c3cc(C(F)(F)F)ncn3)C1)C2,EXT_85ee3d37b2fc,PAM_relative_efficacy_pct,continuous,100.0,primary_function,False,WO2025122811A1,ACh EC20,CHO-K1/M4/Galpha15 calcium flux,False,O=C(C1CCN(c2ccncn2)C1)N1Cc2ncnc(N3CCC3)c2C1,0.2976190476190476,True
acadia_2025,ACADIA-35,Cc1nc2c(c(N3CCC3)n1)[C@@H](C)N(C(=O)[C@@H]1CCN(c3cc(C(F)(F)F)ncn3)C1)C2,EXT_85ee3d37b2fc,PAM_pEC50,continuous,8.096910013008056,primary_function,False,WO2025122811A1,ACh EC20,CHO-K1/M4/Galpha15 calcium flux,False,O=C(C1CCN(c2ccncn2)C1)N1Cc2ncnc(N3CCC3)c2C1,0.2976190476190476,True
acadia_2025,ACADIA-35,Cc1nc2c(c(N3CCC3)n1)[C@@H](C)N(C(=O)[C@@H]1CCN(c3cc(C(F)(F)F)ncn3)C1)C2,EXT_85ee3d37b2fc,intrinsic_agonist_RE_pct,continuous,80.0,liability,False,WO2025122811A1,ACh EC20,CHO-K1/M4/Galpha15 calcium flux,False,O=C(C1CCN(c2ccncn2)C1)N1Cc2ncnc(N3CCC3)c2C1,0.2976190476190476,True
acadia_2025,ACADIA-35,Cc1nc2c(c(N3CCC3)n1)[C@@H](C)N(C(=O)[C@@H]1CCN(c3cc(C(F)(F)F)ncn3)C1)C2,EXT_85ee3d37b2fc,intrinsic_agonist_RE_ge_50pct,binary,1.0,liability,False,WO2025122811A1,ACh EC20,CHO-K1/M4/Galpha15 calcium flux,False,O=C(C1CCN(c2ccncn2)C1)N1Cc2ncnc(N3CCC3)c2C1,0.2976190476190476,True
acadia_2025,ACADIA-37,Cc1nc2c(c(N3CCC3)n1)CN(C(=O)[C@@H]1CCN(c3cncc(Cl)c3)C1)C2,EXT_7b08aa8c2446,PAM_RE_ge_50pct,binary,1.0,primary_function,False,WO2025122811A1,ACh EC20,CHO-K1/M4/Galpha15 calcium flux,False,O=C(C1CCN(c2cccnc2)C1)N1Cc2ncnc(N3CCC3)c2C1,0.3815789473684211,True
acadia_2025,ACADIA-37,Cc1nc2c(c(N3CCC3)n1)CN(C(=O)[C@@H]1CCN(c3cncc(Cl)c3)C1)C2,EXT_7b08aa8c2446,PAM_relative_efficacy_pct,continuous,93.0,primary_function,False,WO2025122811A1,ACh EC20,CHO-K1/M4/Galpha15 calcium flux,False,O=C(C1CCN(c2cccnc2)C1)N1Cc2ncnc(N3CCC3)c2C1,0.3815789473684211,True
acadia_2025,ACADIA-37,Cc1nc2c(c(N3CCC3)n1)CN(C(=O)[C@@H]1CCN(c3cncc(Cl)c3)C1)C2,EXT_7b08aa8c2446,PAM_pEC50,continuous,7.455931955649724,primary_function,False,WO2025122811A1,ACh EC20,CHO-K1/M4/Galpha15 calcium flux,False,O=C(C1CCN(c2cccnc2)C1)N1Cc2ncnc(N3CCC3)c2C1,0.3815789473684211,True
acadia_2025,ACADIA-37,Cc1nc2c(c(N3CCC3)n1)CN(C(=O)[C@@H]1CCN(c3cncc(Cl)c3)C1)C2,EXT_7b08aa8c2446,intrinsic_agonist_RE_pct,continuous,43.0,liability,False,WO2025122811A1,ACh EC20,CHO-K1/M4/Galpha15 calcium flux,False,O=C(C1CCN(c2cccnc2)C1)N1Cc2ncnc(N3CCC3)c2C1,0.3815789473684211,True
acadia_2025,ACADIA-37,Cc1nc2c(c(N3CCC3)n1)CN(C(=O)[C@@H]1CCN(c3cncc(Cl)c3)C1)C2,EXT_7b08aa8c2446,intrinsic_agonist_RE_ge_50pct,binary,0.0,liability,False,WO2025122811A1,ACh EC20,CHO-K1/M4/Galpha15 calcium flux,False,O=C(C1CCN(c2cccnc2)C1)N1Cc2ncnc(N3CCC3)c2C1,0.3815789473684211,True
acadia_2025,ACADIA-38,Cc1nc2c(c(N3CCC3)n1)[C@@H](C)N(C(=O)[C@@H]1CCN(c3cncc(Cl)c3)C1)C2,EXT_816ccd62c572,PAM_RE_ge_50pct,binary,1.0,primary_function,False,WO2025122811A1,ACh EC20,CHO-K1/M4/Galpha15 calcium flux,False,O=C(C1CCN(c2cccnc2)C1)N1Cc2ncnc(N3CCC3)c2C1,0.2891566265060241,True
acadia_2025,ACADIA-38,Cc1nc2c(c(N3CCC3)n1)[C@@H](C)N(C(=O)[C@@H]1CCN(c3cncc(Cl)c3)C1)C2,EXT_816ccd62c572,PAM_relative_efficacy_pct,continuous,89.0,primary_function,False,WO2025122811A1,ACh EC20,CHO-K1/M4/Galpha15 calcium flux,False,O=C(C1CCN(c2cccnc2)C1)N1Cc2ncnc(N3CCC3)c2C1,0.2891566265060241,True
acadia_2025,ACADIA-38,Cc1nc2c(c(N3CCC3)n1)[C@@H](C)N(C(=O)[C@@H]1CCN(c3cncc(Cl)c3)C1)C2,EXT_816ccd62c572,PAM_pEC50,continuous,8.522878745280337,primary_function,False,WO2025122811A1,ACh EC20,CHO-K1/M4/Galpha15 calcium flux,False,O=C(C1CCN(c2cccnc2)C1)N1Cc2ncnc(N3CCC3)c2C1,0.2891566265060241,True
acadia_2025,ACADIA-38,Cc1nc2c(c(N3CCC3)n1)[C@@H](C)N(C(=O)[C@@H]1CCN(c3cncc(Cl)c3)C1)C2,EXT_816ccd62c572,intrinsic_agonist_RE_pct,continuous,67.0,liability,False,WO2025122811A1,ACh EC20,CHO-K1/M4/Galpha15 calcium flux,False,O=C(C1CCN(c2cccnc2)C1)N1Cc2ncnc(N3CCC3)c2C1,0.2891566265060241,True
acadia_2025,ACADIA-38,Cc1nc2c(c(N3CCC3)n1)[C@@H](C)N(C(=O)[C@@H]1CCN(c3cncc(Cl)c3)C1)C2,EXT_816ccd62c572,intrinsic_agonist_RE_ge_50pct,binary,1.0,liability,False,WO2025122811A1,ACh EC20,CHO-K1/M4/Galpha15 calcium flux,False,O=C(C1CCN(c2cccnc2)C1)N1Cc2ncnc(N3CCC3)c2C1,0.2891566265060241,True
acadia_2025,ACADIA-39,COc1cc(N2CC[C@@H](C(=O)N3Cc4nc(C)nc(N5CCC5)c4[C@H]3C)C2)ccn1,EXT_e425d9e17115,PAM_RE_ge_50pct,binary,1.0,primary_function,False,WO2025122811A1,ACh EC20,CHO-K1/M4/Galpha15 calcium flux,False,O=C(C1CCN(c2ccncc2)C1)N1Cc2ncnc(N3CCC3)c2C1,0.3855421686746988,True
acadia_2025,ACADIA-39,COc1cc(N2CC[C@@H](C(=O)N3Cc4nc(C)nc(N5CCC5)c4[C@H]3C)C2)ccn1,EXT_e425d9e17115,PAM_relative_efficacy_pct,continuous,92.0,primary_function,False,WO2025122811A1,ACh EC20,CHO-K1/M4/Galpha15 calcium flux,False,O=C(C1CCN(c2ccncc2)C1)N1Cc2ncnc(N3CCC3)c2C1,0.3855421686746988,True
acadia_2025,ACADIA-39,COc1cc(N2CC[C@@H](C(=O)N3Cc4nc(C)nc(N5CCC5)c4[C@H]3C)C2)ccn1,EXT_e425d9e17115,PAM_pEC50,continuous,7.301029995663981,primary_function,False,WO2025122811A1,ACh EC20,CHO-K1/M4/Galpha15 calcium flux,False,O=C(C1CCN(c2ccncc2)C1)N1Cc2ncnc(N3CCC3)c2C1,0.3855421686746988,True
acadia_2025,ACADIA-39,COc1cc(N2CC[C@@H](C(=O)N3Cc4nc(C)nc(N5CCC5)c4[C@H]3C)C2)ccn1,EXT_e425d9e17115,intrinsic_agonist_RE_pct,continuous,28.0,liability,False,WO2025122811A1,ACh EC20,CHO-K1/M4/Galpha15 calcium flux,False,O=C(C1CCN(c2ccncc2)C1)N1Cc2ncnc(N3CCC3)c2C1,0.3855421686746988,True
acadia_2025,ACADIA-39,COc1cc(N2CC[C@@H](C(=O)N3Cc4nc(C)nc(N5CCC5)c4[C@H]3C)C2)ccn1,EXT_e425d9e17115,intrinsic_agonist_RE_ge_50pct,binary,0.0,liability,False,WO2025122811A1,ACh EC20,CHO-K1/M4/Galpha15 calcium flux,False,O=C(C1CCN(c2ccncc2)C1)N1Cc2ncnc(N3CCC3)c2C1,0.3855421686746988,True
acadia_2025,ACADIA-40,Cc1nc2c(c(N3CCC3)n1)[C@@H](C)N(C(=O)[C@@H]1CCN(c3ccnc(C(F)F)c3)C1)C2,EXT_d814319665f9,PAM_RE_ge_50pct,binary,1.0,primary_function,False,WO2025122811A1,ACh EC20,CHO-K1/M4/Galpha15 calcium flux,False,O=C(C1CCN(c2ccncc2)C1)N1Cc2ncnc(N3CCC3)c2C1,0.39285714285714285,True
acadia_2025,ACADIA-40,Cc1nc2c(c(N3CCC3)n1)[C@@H](C)N(C(=O)[C@@H]1CCN(c3ccnc(C(F)F)c3)C1)C2,EXT_d814319665f9,PAM_relative_efficacy_pct,continuous,91.0,primary_function,False,WO2025122811A1,ACh EC20,CHO-K1/M4/Galpha15 calcium flux,False,O=C(C1CCN(c2ccncc2)C1)N1Cc2ncnc(N3CCC3)c2C1,0.39285714285714285,True
acadia_2025,ACADIA-40,Cc1nc2c(c(N3CCC3)n1)[C@@H](C)N(C(=O)[C@@H]1CCN(c3ccnc(C(F)F)c3)C1)C2,EXT_d814319665f9,PAM_pEC50,continuous,7.823908740944319,primary_function,False,WO2025122811A1,ACh EC20,CHO-K1/M4/Galpha15 calcium flux,False,O=C(C1CCN(c2ccncc2)C1)N1Cc2ncnc(N3CCC3)c2C1,0.39285714285714285,True
acadia_2025,ACADIA-40,Cc1nc2c(c(N3CCC3)n1)[C@@H](C)N(C(=O)[C@@H]1CCN(c3ccnc(C(F)F)c3)C1)C2,EXT_d814319665f9,intrinsic_agonist_RE_pct,continuous,47.0,liability,False,WO2025122811A1,ACh EC20,CHO-K1/M4/Galpha15 calcium flux,False,O=C(C1CCN(c2ccncc2)C1)N1Cc2ncnc(N3CCC3)c2C1,0.39285714285714285,True
acadia_2025,ACADIA-40,Cc1nc2c(c(N3CCC3)n1)[C@@H](C)N(C(=O)[C@@H]1CCN(c3ccnc(C(F)F)c3)C1)C2,EXT_d814319665f9,intrinsic_agonist_RE_ge_50pct,binary,0.0,liability,False,WO2025122811A1,ACh EC20,CHO-K1/M4/Galpha15 calcium flux,False,O=C(C1CCN(c2ccncc2)C1)N1Cc2ncnc(N3CCC3)c2C1,0.39285714285714285,True
acadia_2025,ACADIA-41,CCc1nc2c(c(N3CCC3)n1)CN(C(=O)[C@@H]1CCN(c3ccnc(Cl)c3)C1)C2,EXT_70e50e97c056,PAM_RE_ge_50pct,binary,1.0,primary_function,False,WO2025122811A1,ACh EC20,CHO-K1/M4/Galpha15 calcium flux,False,O=C(C1CCN(c2ccncc2)C1)N1Cc2ncnc(N3CCC3)c2C1,0.3625,True
acadia_2025,ACADIA-41,CCc1nc2c(c(N3CCC3)n1)CN(C(=O)[C@@H]1CCN(c3ccnc(Cl)c3)C1)C2,EXT_70e50e97c056,PAM_relative_efficacy_pct,continuous,91.0,primary_function,False,WO2025122811A1,ACh EC20,CHO-K1/M4/Galpha15 calcium flux,False,O=C(C1CCN(c2ccncc2)C1)N1Cc2ncnc(N3CCC3)c2C1,0.3625,True
acadia_2025,ACADIA-41,CCc1nc2c(c(N3CCC3)n1)CN(C(=O)[C@@H]1CCN(c3ccnc(Cl)c3)C1)C2,EXT_70e50e97c056,PAM_pEC50,continuous,7.275724130399211,primary_function,False,WO2025122811A1,ACh EC20,CHO-K1/M4/Galpha15 calcium flux,False,O=C(C1CCN(c2ccncc2)C1)N1Cc2ncnc(N3CCC3)c2C1,0.3625,True
acadia_2025,ACADIA-41,CCc1nc2c(c(N3CCC3)n1)CN(C(=O)[C@@H]1CCN(c3ccnc(Cl)c3)C1)C2,EXT_70e50e97c056,intrinsic_agonist_RE_pct,continuous,28.0,liability,False,WO2025122811A1,ACh EC20,CHO-K1/M4/Galpha15 calcium flux,False,O=C(C1CCN(c2ccncc2)C1)N1Cc2ncnc(N3CCC3)c2C1,0.3625,True
acadia_2025,ACADIA-41,CCc1nc2c(c(N3CCC3)n1)CN(C(=O)[C@@H]1CCN(c3ccnc(Cl)c3)C1)C2,EXT_70e50e97c056,intrinsic_agonist_RE_ge_50pct,binary,0.0,liability,False,WO2025122811A1,ACh EC20,CHO-K1/M4/Galpha15 calcium flux,False,O=C(C1CCN(c2ccncc2)C1)N1Cc2ncnc(N3CCC3)c2C1,0.3625,True
acadia_2025,ACADIA-42,CCc1nc2c(c(N3CCC3)n1)CN(C(=O)[C@@H]1CCN(c3cncc(Cl)c3)C1)C2,EXT_ef9fe8b41b15,PAM_RE_ge_50pct,binary,1.0,primary_function,False,WO2025122811A1,ACh EC20,CHO-K1/M4/Galpha15 calcium flux,False,O=C(C1CCN(c2cccnc2)C1)N1Cc2ncnc(N3CCC3)c2C1,0.3333333333333333,True
acadia_2025,ACADIA-42,CCc1nc2c(c(N3CCC3)n1)CN(C(=O)[C@@H]1CCN(c3cncc(Cl)c3)C1)C2,EXT_ef9fe8b41b15,PAM_relative_efficacy_pct,continuous,78.0,primary_function,False,WO2025122811A1,ACh EC20,CHO-K1/M4/Galpha15 calcium flux,False,O=C(C1CCN(c2cccnc2)C1)N1Cc2ncnc(N3CCC3)c2C1,0.3333333333333333,True
acadia_2025,ACADIA-42,CCc1nc2c(c(N3CCC3)n1)CN(C(=O)[C@@H]1CCN(c3cncc(Cl)c3)C1)C2,EXT_ef9fe8b41b15,PAM_pEC50,continuous,7.008773924307505,primary_function,False,WO2025122811A1,ACh EC20,CHO-K1/M4/Galpha15 calcium flux,False,O=C(C1CCN(c2cccnc2)C1)N1Cc2ncnc(N3CCC3)c2C1,0.3333333333333333,True
acadia_2025,ACADIA-42,CCc1nc2c(c(N3CCC3)n1)CN(C(=O)[C@@H]1CCN(c3cncc(Cl)c3)C1)C2,EXT_ef9fe8b41b15,intrinsic_agonist_RE_pct,continuous,4.0,liability,False,WO2025122811A1,ACh EC20,CHO-K1/M4/Galpha15 calcium flux,False,O=C(C1CCN(c2cccnc2)C1)N1Cc2ncnc(N3CCC3)c2C1,0.3333333333333333,True
acadia_2025,ACADIA-42,CCc1nc2c(c(N3CCC3)n1)CN(C(=O)[C@@H]1CCN(c3cncc(Cl)c3)C1)C2,EXT_ef9fe8b41b15,intrinsic_agonist_RE_ge_50pct,binary,0.0,liability,False,WO2025122811A1,ACh EC20,CHO-K1/M4/Galpha15 calcium flux,False,O=C(C1CCN(c2cccnc2)C1)N1Cc2ncnc(N3CCC3)c2C1,0.3333333333333333,True
acadia_2025,ACADIA-43,Cc1nc2c(c(N3CCC3)n1)[C@@H](C)N(C(=O)[C@@H]1CCN(c3cc(Cl)ncc3Cl)C1)C2,EXT_53cffbec9d82,PAM_RE_ge_50pct,binary,1.0,primary_function,False,WO2025122811A1,ACh EC20,CHO-K1/M4/Galpha15 calcium flux,False,O=C(C1CCN(c2ccncc2)C1)N1Cc2ncnc(N3CCC3)c2C1,0.34146341463414637,True
acadia_2025,ACADIA-43,Cc1nc2c(c(N3CCC3)n1)[C@@H](C)N(C(=O)[C@@H]1CCN(c3cc(Cl)ncc3Cl)C1)C2,EXT_53cffbec9d82,PAM_relative_efficacy_pct,continuous,86.0,primary_function,False,WO2025122811A1,ACh EC20,CHO-K1/M4/Galpha15 calcium flux,False,O=C(C1CCN(c2ccncc2)C1)N1Cc2ncnc(N3CCC3)c2C1,0.34146341463414637,True
acadia_2025,ACADIA-43,Cc1nc2c(c(N3CCC3)n1)[C@@H](C)N(C(=O)[C@@H]1CCN(c3cc(Cl)ncc3Cl)C1)C2,EXT_53cffbec9d82,PAM_pEC50,continuous,7.568636235841012,primary_function,False,WO2025122811A1,ACh EC20,CHO-K1/M4/Galpha15 calcium flux,False,O=C(C1CCN(c2ccncc2)C1)N1Cc2ncnc(N3CCC3)c2C1,0.34146341463414637,True
acadia_2025,ACADIA-43,Cc1nc2c(c(N3CCC3)n1)[C@@H](C)N(C(=O)[C@@H]1CCN(c3cc(Cl)ncc3Cl)C1)C2,EXT_53cffbec9d82,intrinsic_agonist_RE_pct,continuous,19.0,liability,False,WO2025122811A1,ACh EC20,CHO-K1/M4/Galpha15 calcium flux,False,O=C(C1CCN(c2ccncc2)C1)N1Cc2ncnc(N3CCC3)c2C1,0.34146341463414637,True
acadia_2025,ACADIA-43,Cc1nc2c(c(N3CCC3)n1)[C@@H](C)N(C(=O)[C@@H]1CCN(c3cc(Cl)ncc3Cl)C1)C2,EXT_53cffbec9d82,intrinsic_agonist_RE_ge_50pct,binary,0.0,liability,False,WO2025122811A1,ACh EC20,CHO-K1/M4/Galpha15 calcium flux,False,O=C(C1CCN(c2ccncc2)C1)N1Cc2ncnc(N3CCC3)c2C1,0.34146341463414637,True
acadia_2025,ACADIA-44,Cc1nc2c(c(N3CCC3)n1)[C@@H](C)N(C(=O)[C@@H]1CCN(c3ncc(C#N)cc3Cl)C1)C2,EXT_4d03d1c64df2,PAM_RE_ge_50pct,binary,1.0,primary_function,False,WO2025122811A1,ACh EC20,CHO-K1/M4/Galpha15 calcium flux,False,O=C(C1CCN(c2ccccn2)C1)N1Cc2ncnc(N3CCC3)c2C1,0.35555555555555557,True
acadia_2025,ACADIA-44,Cc1nc2c(c(N3CCC3)n1)[C@@H](C)N(C(=O)[C@@H]1CCN(c3ncc(C#N)cc3Cl)C1)C2,EXT_4d03d1c64df2,PAM_relative_efficacy_pct,continuous,85.0,primary_function,False,WO2025122811A1,ACh EC20,CHO-K1/M4/Galpha15 calcium flux,False,O=C(C1CCN(c2ccccn2)C1)N1Cc2ncnc(N3CCC3)c2C1,0.35555555555555557,True
acadia_2025,ACADIA-44,Cc1nc2c(c(N3CCC3)n1)[C@@H](C)N(C(=O)[C@@H]1CCN(c3ncc(C#N)cc3Cl)C1)C2,EXT_4d03d1c64df2,PAM_pEC50,continuous,6.920818753952375,primary_function,False,WO2025122811A1,ACh EC20,CHO-K1/M4/Galpha15 calcium flux,False,O=C(C1CCN(c2ccccn2)C1)N1Cc2ncnc(N3CCC3)c2C1,0.35555555555555557,True
acadia_2025,ACADIA-44,Cc1nc2c(c(N3CCC3)n1)[C@@H](C)N(C(=O)[C@@H]1CCN(c3ncc(C#N)cc3Cl)C1)C2,EXT_4d03d1c64df2,intrinsic_agonist_RE_pct,continuous,14.0,liability,False,WO2025122811A1,ACh EC20,CHO-K1/M4/Galpha15 calcium flux,False,O=C(C1CCN(c2ccccn2)C1)N1Cc2ncnc(N3CCC3)c2C1,0.35555555555555557,True
acadia_2025,ACADIA-44,Cc1nc2c(c(N3CCC3)n1)[C@@H](C)N(C(=O)[C@@H]1CCN(c3ncc(C#N)cc3Cl)C1)C2,EXT_4d03d1c64df2,intrinsic_agonist_RE_ge_50pct,binary,0.0,liability,False,WO2025122811A1,ACh EC20,CHO-K1/M4/Galpha15 calcium flux,False,O=C(C1CCN(c2ccccn2)C1)N1Cc2ncnc(N3CCC3)c2C1,0.35555555555555557,True
acadia_2025,ACADIA-45,Cc1nc2c(c(N3CCC3)n1)[C@@H](C)N(C(=O)[C@@H]1CCN(c3ncc(Cl)cc3F)C1)C2,EXT_a0eb955ab882,PAM_RE_ge_50pct,binary,1.0,primary_function,False,WO2025122811A1,ACh EC20,CHO-K1/M4/Galpha15 calcium flux,False,O=C(C1CCN(c2ccccn2)C1)N1Cc2ncnc(N3CCC3)c2C1,0.32954545454545453,True
acadia_2025,ACADIA-45,Cc1nc2c(c(N3CCC3)n1)[C@@H](C)N(C(=O)[C@@H]1CCN(c3ncc(Cl)cc3F)C1)C2,EXT_a0eb955ab882,PAM_relative_efficacy_pct,continuous,89.0,primary_function,False,WO2025122811A1,ACh EC20,CHO-K1/M4/Galpha15 calcium flux,False,O=C(C1CCN(c2ccccn2)C1)N1Cc2ncnc(N3CCC3)c2C1,0.32954545454545453,True
acadia_2025,ACADIA-45,Cc1nc2c(c(N3CCC3)n1)[C@@H](C)N(C(=O)[C@@H]1CCN(c3ncc(Cl)cc3F)C1)C2,EXT_a0eb955ab882,PAM_pEC50,continuous,7.161150909262744,primary_function,False,WO2025122811A1,ACh EC20,CHO-K1/M4/Galpha15 calcium flux,False,O=C(C1CCN(c2ccccn2)C1)N1Cc2ncnc(N3CCC3)c2C1,0.32954545454545453,True
acadia_2025,ACADIA-45,Cc1nc2c(c(N3CCC3)n1)[C@@H](C)N(C(=O)[C@@H]1CCN(c3ncc(Cl)cc3F)C1)C2,EXT_a0eb955ab882,intrinsic_agonist_RE_pct,continuous,28.0,liability,False,WO2025122811A1,ACh EC20,CHO-K1/M4/Galpha15 calcium flux,False,O=C(C1CCN(c2ccccn2)C1)N1Cc2ncnc(N3CCC3)c2C1,0.32954545454545453,True
acadia_2025,ACADIA-45,Cc1nc2c(c(N3CCC3)n1)[C@@H](C)N(C(=O)[C@@H]1CCN(c3ncc(Cl)cc3F)C1)C2,EXT_a0eb955ab882,intrinsic_agonist_RE_ge_50pct,binary,0.0,liability,False,WO2025122811A1,ACh EC20,CHO-K1/M4/Galpha15 calcium flux,False,O=C(C1CCN(c2ccccn2)C1)N1Cc2ncnc(N3CCC3)c2C1,0.32954545454545453,True
acadia_2025,ACADIA-46,Cc1nc2c(c(N3CCC3)n1)[C@@H](C)N(C(=O)[C@@H]1CCN(c3cncc(C(F)(F)F)c3)C1)C2,EXT_34803f8ab265,PAM_RE_ge_50pct,binary,1.0,primary_function,False,WO2025122811A1,ACh EC20,CHO-K1/M4/Galpha15 calcium flux,False,O=C(C1CCN(c2cccnc2)C1)N1Cc2ncnc(N3CCC3)c2C1,0.26136363636363635,True
acadia_2025,ACADIA-46,Cc1nc2c(c(N3CCC3)n1)[C@@H](C)N(C(=O)[C@@H]1CCN(c3cncc(C(F)(F)F)c3)C1)C2,EXT_34803f8ab265,PAM_relative_efficacy_pct,continuous,91.0,primary_function,False,WO2025122811A1,ACh EC20,CHO-K1/M4/Galpha15 calcium flux,False,O=C(C1CCN(c2cccnc2)C1)N1Cc2ncnc(N3CCC3)c2C1,0.26136363636363635,True
acadia_2025,ACADIA-46,Cc1nc2c(c(N3CCC3)n1)[C@@H](C)N(C(=O)[C@@H]1CCN(c3cncc(C(F)(F)F)c3)C1)C2,EXT_34803f8ab265,PAM_pEC50,continuous,7.468521082957745,primary_function,False,WO2025122811A1,ACh EC20,CHO-K1/M4/Galpha15 calcium flux,False,O=C(C1CCN(c2cccnc2)C1)N1Cc2ncnc(N3CCC3)c2C1,0.26136363636363635,True
acadia_2025,ACADIA-46,Cc1nc2c(c(N3CCC3)n1)[C@@H](C)N(C(=O)[C@@H]1CCN(c3cncc(C(F)(F)F)c3)C1)C2,EXT_34803f8ab265,intrinsic_agonist_RE_pct,continuous,30.0,liability,False,WO2025122811A1,ACh EC20,CHO-K1/M4/Galpha15 calcium flux,False,O=C(C1CCN(c2cccnc2)C1)N1Cc2ncnc(N3CCC3)c2C1,0.26136363636363635,True
acadia_2025,ACADIA-46,Cc1nc2c(c(N3CCC3)n1)[C@@H](C)N(C(=O)[C@@H]1CCN(c3cncc(C(F)(F)F)c3)C1)C2,EXT_34803f8ab265,intrinsic_agonist_RE_ge_50pct,binary,0.0,liability,False,WO2025122811A1,ACh EC20,CHO-K1/M4/Galpha15 calcium flux,False,O=C(C1CCN(c2cccnc2)C1)N1Cc2ncnc(N3CCC3)c2C1,0.26136363636363635,True
acadia_2025,ACADIA-47,Cc1nc2c(c(N3CCC3)n1)[C@@H](C)N(C(=O)[C@@H]1CCN(c3ccc(C(F)(F)F)nc3)C1)C2,EXT_4eb7b3cd94a5,PAM_RE_ge_50pct,binary,1.0,primary_function,False,WO2025122811A1,ACh EC20,CHO-K1/M4/Galpha15 calcium flux,False,O=C(C1CCN(c2cccnc2)C1)N1Cc2ncnc(N3CCC3)c2C1,0.3333333333333333,True
acadia_2025,ACADIA-47,Cc1nc2c(c(N3CCC3)n1)[C@@H](C)N(C(=O)[C@@H]1CCN(c3ccc(C(F)(F)F)nc3)C1)C2,EXT_4eb7b3cd94a5,PAM_relative_efficacy_pct,continuous,92.0,primary_function,False,WO2025122811A1,ACh EC20,CHO-K1/M4/Galpha15 calcium flux,False,O=C(C1CCN(c2cccnc2)C1)N1Cc2ncnc(N3CCC3)c2C1,0.3333333333333333,True
acadia_2025,ACADIA-47,Cc1nc2c(c(N3CCC3)n1)[C@@H](C)N(C(=O)[C@@H]1CCN(c3ccc(C(F)(F)F)nc3)C1)C2,EXT_4eb7b3cd94a5,PAM_pEC50,continuous,6.769551078621726,primary_function,False,WO2025122811A1,ACh EC20,CHO-K1/M4/Galpha15 calcium flux,False,O=C(C1CCN(c2cccnc2)C1)N1Cc2ncnc(N3CCC3)c2C1,0.3333333333333333,True
acadia_2025,ACADIA-47,Cc1nc2c(c(N3CCC3)n1)[C@@H](C)N(C(=O)[C@@H]1CCN(c3ccc(C(F)(F)F)nc3)C1)C2,EXT_4eb7b3cd94a5,intrinsic_agonist_RE_pct,continuous,16.0,liability,False,WO2025122811A1,ACh EC20,CHO-K1/M4/Galpha15 calcium flux,False,O=C(C1CCN(c2cccnc2)C1)N1Cc2ncnc(N3CCC3)c2C1,0.3333333333333333,True
acadia_2025,ACADIA-47,Cc1nc2c(c(N3CCC3)n1)[C@@H](C)N(C(=O)[C@@H]1CCN(c3ccc(C(F)(F)F)nc3)C1)C2,EXT_4eb7b3cd94a5,intrinsic_agonist_RE_ge_50pct,binary,0.0,liability,False,WO2025122811A1,ACh EC20,CHO-K1/M4/Galpha15 calcium flux,False,O=C(C1CCN(c2cccnc2)C1)N1Cc2ncnc(N3CCC3)c2C1,0.3333333333333333,True
acadia_2025,ACADIA-48,Cc1nc2c(c(N3CCC3)n1)[C@@H](C)N(C(=O)[C@@H]1CCN(c3cnc(C)c(Cl)c3)C1)C2,EXT_d94bd7b88962,PAM_RE_ge_50pct,binary,1.0,primary_function,False,WO2025122811A1,ACh EC20,CHO-K1/M4/Galpha15 calcium flux,False,O=C(C1CCN(c2cccnc2)C1)N1Cc2ncnc(N3CCC3)c2C1,0.275,True
acadia_2025,ACADIA-48,Cc1nc2c(c(N3CCC3)n1)[C@@H](C)N(C(=O)[C@@H]1CCN(c3cnc(C)c(Cl)c3)C1)C2,EXT_d94bd7b88962,PAM_relative_efficacy_pct,continuous,92.0,primary_function,False,WO2025122811A1,ACh EC20,CHO-K1/M4/Galpha15 calcium flux,False,O=C(C1CCN(c2cccnc2)C1)N1Cc2ncnc(N3CCC3)c2C1,0.275,True
acadia_2025,ACADIA-48,Cc1nc2c(c(N3CCC3)n1)[C@@H](C)N(C(=O)[C@@H]1CCN(c3cnc(C)c(Cl)c3)C1)C2,EXT_d94bd7b88962,PAM_pEC50,continuous,7.221848749616356,primary_function,False,WO2025122811A1,ACh EC20,CHO-K1/M4/Galpha15 calcium flux,False,O=C(C1CCN(c2cccnc2)C1)N1Cc2ncnc(N3CCC3)c2C1,0.275,True
acadia_2025,ACADIA-48,Cc1nc2c(c(N3CCC3)n1)[C@@H](C)N(C(=O)[C@@H]1CCN(c3cnc(C)c(Cl)c3)C1)C2,EXT_d94bd7b88962,intrinsic_agonist_RE_pct,continuous,19.0,liability,False,WO2025122811A1,ACh EC20,CHO-K1/M4/Galpha15 calcium flux,False,O=C(C1CCN(c2cccnc2)C1)N1Cc2ncnc(N3CCC3)c2C1,0.275,True
acadia_2025,ACADIA-48,Cc1nc2c(c(N3CCC3)n1)[C@@H](C)N(C(=O)[C@@H]1CCN(c3cnc(C)c(Cl)c3)C1)C2,EXT_d94bd7b88962,intrinsic_agonist_RE_ge_50pct,binary,0.0,liability,False,WO2025122811A1,ACh EC20,CHO-K1/M4/Galpha15 calcium flux,False,O=C(C1CCN(c2cccnc2)C1)N1Cc2ncnc(N3CCC3)c2C1,0.275,True
acadia_2025,ACADIA-49,Cc1cc(N2CC[C@@H](C(=O)N3Cc4nc(C)nc(N5CCC5)c4[C@H]3C)C2)cc(C(F)(F)F)n1,EXT_9210f5354d5e,PAM_RE_ge_50pct,binary,1.0,primary_function,False,WO2025122811A1,ACh EC20,CHO-K1/M4/Galpha15 calcium flux,False,O=C(C1CCN(c2ccncc2)C1)N1Cc2ncnc(N3CCC3)c2C1,0.3068181818181818,True
acadia_2025,ACADIA-49,Cc1cc(N2CC[C@@H](C(=O)N3Cc4nc(C)nc(N5CCC5)c4[C@H]3C)C2)cc(C(F)(F)F)n1,EXT_9210f5354d5e,PAM_relative_efficacy_pct,continuous,92.0,primary_function,False,WO2025122811A1,ACh EC20,CHO-K1/M4/Galpha15 calcium flux,False,O=C(C1CCN(c2ccncc2)C1)N1Cc2ncnc(N3CCC3)c2C1,0.3068181818181818,True
acadia_2025,ACADIA-49,Cc1cc(N2CC[C@@H](C(=O)N3Cc4nc(C)nc(N5CCC5)c4[C@H]3C)C2)cc(C(F)(F)F)n1,EXT_9210f5354d5e,PAM_pEC50,continuous,7.468521082957745,primary_function,False,WO2025122811A1,ACh EC20,CHO-K1/M4/Galpha15 calcium flux,False,O=C(C1CCN(c2ccncc2)C1)N1Cc2ncnc(N3CCC3)c2C1,0.3068181818181818,True
acadia_2025,ACADIA-49,Cc1cc(N2CC[C@@H](C(=O)N3Cc4nc(C)nc(N5CCC5)c4[C@H]3C)C2)cc(C(F)(F)F)n1,EXT_9210f5354d5e,intrinsic_agonist_RE_pct,continuous,33.0,liability,False,WO2025122811A1,ACh EC20,CHO-K1/M4/Galpha15 calcium flux,False,O=C(C1CCN(c2ccncc2)C1)N1Cc2ncnc(N3CCC3)c2C1,0.3068181818181818,True
acadia_2025,ACADIA-49,Cc1cc(N2CC[C@@H](C(=O)N3Cc4nc(C)nc(N5CCC5)c4[C@H]3C)C2)cc(C(F)(F)F)n1,EXT_9210f5354d5e,intrinsic_agonist_RE_ge_50pct,binary,0.0,liability,False,WO2025122811A1,ACh EC20,CHO-K1/M4/Galpha15 calcium flux,False,O=C(C1CCN(c2ccncc2)C1)N1Cc2ncnc(N3CCC3)c2C1,0.3068181818181818,True
suven_2025,1,Cc1cc2nncn2nc1N1CCC(Oc2ccc3c(c2)OCCO3)CC1,EXT_cf3eaa65d605,CRE_luc_PAM_pEC50,continuous,7.619788758288394,primary_function,False,WO2025099660A1,ACh EC20,human M4 CRE-luciferase,False,c1cc2c(cc1OC1CCN(c3ccc4nncn4n3)CC1)OCCO2,0.4189189189189189,True
suven_2025,1,Cc1cc2nncn2nc1N1CCC(Oc2ccc3c(c2)OCCO3)CC1,EXT_cf3eaa65d605,GloSensor_PAM_pEC50,continuous,7.236572006437063,primary_function,False,WO2025099660A1,ACh EC20,human M4 GloSensor cAMP,False,c1cc2c(cc1OC1CCN(c3ccc4nncn4n3)CC1)OCCO2,0.4189189189189189,True
suven_2025,1,Cc1cc2nncn2nc1N1CCC(Oc2ccc3c(c2)OCCO3)CC1,EXT_cf3eaa65d605,log10_M4_over_M2_selectivity,continuous,2.0970547537132465,selectivity,False,WO2025099660A1,ACh EC20,M4/M2 CRE-luciferase,False,c1cc2c(cc1OC1CCN(c3ccc4nncn4n3)CC1)OCCO2,0.4189189189189189,True
suven_2025,3,COc1ccc(OC2CCN(c3nn4cnnc4c(C)c3C)CC2)cn1,EXT_f417b57bbee2,CRE_luc_PAM_pEC50,continuous,6.991399828238082,primary_function,False,WO2025099660A1,ACh EC20,human M4 CRE-luciferase,False,c1cncc(OC2CCN(c3ccc4nncn4n3)CC2)c1,0.45454545454545453,True
suven_2025,4,Cc1c(N2CCC(Oc3ccc4c(c3)OCCO4)CC2)nn2cnnc2c1C,EXT_c6070ec58c0a,CRE_luc_PAM_pEC50,continuous,7.94692155651658,primary_function,False,WO2025099660A1,ACh EC20,human M4 CRE-luciferase,False,c1cc2c(cc1OC1CCN(c3ccc4nncn4n3)CC1)OCCO2,0.4383561643835616,True
suven_2025,4,Cc1c(N2CCC(Oc3ccc4c(c3)OCCO4)CC2)nn2cnnc2c1C,EXT_c6070ec58c0a,GloSensor_PAM_pEC50,continuous,8.468521082957745,primary_function,False,WO2025099660A1,ACh EC20,human M4 GloSensor cAMP,False,c1cc2c(cc1OC1CCN(c3ccc4nncn4n3)CC1)OCCO2,0.4383561643835616,True
suven_2025,5,COc1ccc(OC2CCN(c3nn4cnnc4c(C)c3C)CC2)cc1,EXT_33d497d4868f,CRE_luc_PAM_pEC50,continuous,7.0,primary_function,False,WO2025099660A1,ACh EC20,human M4 CRE-luciferase,False,c1ccc(OC2CCN(c3ccc4nncn4n3)CC2)cc1,0.40625,True
suven_2025,6,Cc1c(N2CCC(Oc3ccc4c(c3)CCO4)CC2)nn2cnnc2c1C,EXT_e139a626483f,CRE_luc_PAM_pEC50,continuous,8.0,primary_function,False,WO2025099660A1,ACh EC20,human M4 CRE-luciferase,False,c1cc2c(cc1OC1CCN(c3ccc4nncn4n3)CC1)CCO2,0.5652173913043478,True
suven_2025,7,Cc1c(N2CCC(Oc3ccc4c(c3)COC4)CC2)nn2cnnc2c1C,EXT_03396fcf0880,CRE_luc_PAM_pEC50,continuous,7.714442690992226,primary_function,False,WO2025099660A1,ACh EC20,human M4 CRE-luciferase,False,c1cc2c(cc1OC1CCN(c3ccc4nncn4n3)CC1)COC2,0.3815789473684211,True
suven_2025,7,Cc1c(N2CCC(Oc3ccc4c(c3)COC4)CC2)nn2cnnc2c1C,EXT_03396fcf0880,GloSensor_PAM_pEC50,continuous,8.397940008672037,primary_function,False,WO2025099660A1,ACh EC20,human M4 GloSensor cAMP,False,c1cc2c(cc1OC1CCN(c3ccc4nncn4n3)CC1)COC2,0.3815789473684211,True
suven_2025,7,Cc1c(N2CCC(Oc3ccc4c(c3)COC4)CC2)nn2cnnc2c1C,EXT_03396fcf0880,log10_M4_over_M2_selectivity,continuous,2.714442690992226,selectivity,False,WO2025099660A1,ACh EC20,M4/M2 CRE-luciferase,False,c1cc2c(cc1OC1CCN(c3ccc4nncn4n3)CC1)COC2,0.3815789473684211,True
suven_2025,9,Cc1c(N2CCC(Oc3cccc(C#N)c3)CC2)nn2cnnc2c1C,EXT_adf2449a977f,CRE_luc_PAM_pEC50,continuous,7.1938200260161125,primary_function,False,WO2025099660A1,ACh EC20,human M4 CRE-luciferase,False,c1ccc(OC2CCN(c3ccc4nncn4n3)CC2)cc1,0.3424657534246575,True
suven_2025,11,Cc1c(N2CCC(Oc3ccc(F)nc3)CC2)nn2cnnc2c1C,EXT_f6821a0d53a1,CRE_luc_PAM_pEC50,continuous,6.328827157284916,primary_function,False,WO2025099660A1,ACh EC20,human M4 CRE-luciferase,False,c1cncc(OC2CCN(c3ccc4nncn4n3)CC2)c1,0.53125,True
suven_2025,15,Cc1cc2nncn2nc1N1CCC(Oc2ccc(F)nc2)CC1,EXT_94089a9a24c8,CRE_luc_PAM_pEC50,continuous,6.323306390375134,primary_function,False,WO2025099660A1,ACh EC20,human M4 CRE-luciferase,False,c1cncc(OC2CCN(c3ccc4nncn4n3)CC2)c1,0.5076923076923077,True
suven_2025,16,Cc1ccc(OC2CCN(c3nn4cnnc4cc3C)CC2)cn1,EXT_cab86d06fddc,CRE_luc_PAM_pEC50,continuous,6.623423042943488,primary_function,False,WO2025099660A1,ACh EC20,human M4 CRE-luciferase,False,c1cncc(OC2CCN(c3ccc4nncn4n3)CC2)c1,0.55,True
suven_2025,17,COc1ccc(OC2CCN(c3nn4cnnc4cc3C)CC2)cc1,EXT_dbc218def956,CRE_luc_PAM_pEC50,continuous,6.811634073936851,primary_function,False,WO2025099660A1,ACh EC20,human M4 CRE-luciferase,False,c1ccc(OC2CCN(c3ccc4nncn4n3)CC2)cc1,0.4,True
suven_2025,17,COc1ccc(OC2CCN(c3nn4cnnc4cc3C)CC2)cc1,EXT_dbc218def956,GloSensor_PAM_pEC50,continuous,7.657577319177793,primary_function,False,WO2025099660A1,ACh EC20,human M4 GloSensor cAMP,False,c1ccc(OC2CCN(c3ccc4nncn4n3)CC2)cc1,0.4,True
suven_2025,17,COc1ccc(OC2CCN(c3nn4cnnc4cc3C)CC2)cc1,EXT_dbc218def956,log10_M4_over_M2_selectivity,continuous,1.8116340739368517,selectivity,False,WO2025099660A1,ACh EC20,M4/M2 CRE-luciferase,False,c1ccc(OC2CCN(c3ccc4nncn4n3)CC2)cc1,0.4,True
suven_2025,18,Cc1cc2nncn2nc1N1CCC(Oc2cccc(C#N)c2)CC1,EXT_4d6ee96ec4b6,CRE_luc_PAM_pEC50,continuous,6.866461091629782,primary_function,False,WO2025099660A1,ACh EC20,human M4 CRE-luciferase,False,c1ccc(OC2CCN(c3ccc4nncn4n3)CC2)cc1,0.3424657534246575,True
suven_2025,18,Cc1cc2nncn2nc1N1CCC(Oc2cccc(C#N)c2)CC1,EXT_4d6ee96ec4b6,log10_M4_over_M2_selectivity,continuous,1.8664610916297826,selectivity,False,WO2025099660A1,ACh EC20,M4/M2 CRE-luciferase,False,c1ccc(OC2CCN(c3ccc4nncn4n3)CC2)cc1,0.3424657534246575,True
suven_2025,19,Cc1cc2nncn2nc1N1CCC(Oc2ccc3c(c2)CCO3)CC1,EXT_6bcdd6cd859d,CRE_luc_PAM_pEC50,continuous,7.318758762624412,primary_function,False,WO2025099660A1,ACh EC20,human M4 CRE-luciferase,False,c1cc2c(cc1OC1CCN(c3ccc4nncn4n3)CC1)CCO2,0.5428571428571428,True
suven_2025,19,Cc1cc2nncn2nc1N1CCC(Oc2ccc3c(c2)CCO3)CC1,EXT_6bcdd6cd859d,GloSensor_PAM_pEC50,continuous,7.769551078621726,primary_function,False,WO2025099660A1,ACh EC20,human M4 GloSensor cAMP,False,c1cc2c(cc1OC1CCN(c3ccc4nncn4n3)CC1)CCO2,0.5428571428571428,True
suven_2025,20,Cc1cc2nncn2nc1N1CCC(Oc2ccc3c(c2)OCC3)CC1,EXT_7ff193927039,CRE_luc_PAM_pEC50,continuous,7.522878745280337,primary_function,False,WO2025099660A1,ACh EC20,human M4 CRE-luciferase,False,c1cc2c(cc1OC1CCN(c3ccc4nncn4n3)CC1)OCC2,0.4594594594594595,True
suven_2025,20,Cc1cc2nncn2nc1N1CCC(Oc2ccc3c(c2)OCC3)CC1,EXT_7ff193927039,GloSensor_PAM_pEC50,continuous,7.698970004336019,primary_function,False,WO2025099660A1,ACh EC20,human M4 GloSensor cAMP,False,c1cc2c(cc1OC1CCN(c3ccc4nncn4n3)CC1)OCC2,0.4594594594594595,True
suven_2025,21,Cc1cc2nncn2nc1N1CCC(Oc2ccc3c(c2)COC3)CC1,EXT_bc44c0d8721c,CRE_luc_PAM_pEC50,continuous,7.309803919971486,primary_function,False,WO2025099660A1,ACh EC20,human M4 CRE-luciferase,False,c1cc2c(cc1OC1CCN(c3ccc4nncn4n3)CC1)COC2,0.36619718309859156,True
suven_2025,21,Cc1cc2nncn2nc1N1CCC(Oc2ccc3c(c2)COC3)CC1,EXT_bc44c0d8721c,GloSensor_PAM_pEC50,continuous,7.022276394711152,primary_function,False,WO2025099660A1,ACh EC20,human M4 GloSensor cAMP,False,c1cc2c(cc1OC1CCN(c3ccc4nncn4n3)CC1)COC2,0.36619718309859156,True
suven_2025,21,Cc1cc2nncn2nc1N1CCC(Oc2ccc3c(c2)COC3)CC1,EXT_bc44c0d8721c,log10_M4_over_M2_selectivity,continuous,1.8369180316112914,selectivity,False,WO2025099660A1,ACh EC20,M4/M2 CRE-luciferase,False,c1cc2c(cc1OC1CCN(c3ccc4nncn4n3)CC1)COC2,0.36619718309859156,True
suven_2025,22,COc1ccc(OC2CCN(c3nn4cnnc4cc3C)CC2)cn1,EXT_12486d5f5174,CRE_luc_PAM_pEC50,continuous,6.449771646944906,primary_function,False,WO2025099660A1,ACh EC20,human M4 CRE-luciferase,False,c1cncc(OC2CCN(c3ccc4nncn4n3)CC2)c1,0.44776119402985076,True
suven_2025,22,COc1ccc(OC2CCN(c3nn4cnnc4cc3C)CC2)cn1,EXT_12486d5f5174,GloSensor_PAM_pEC50,continuous,7.036212172654444,primary_function,False,WO2025099660A1,ACh EC20,human M4 GloSensor cAMP,False,c1cncc(OC2CCN(c3ccc4nncn4n3)CC2)c1,0.44776119402985076,True
suven_2025,23,COc1ccc(OC2CCN(c3nn4c(C)nnc4c(C)c3C)CC2)cc1,EXT_eaaa521ce959,CRE_luc_PAM_pEC50,continuous,7.070581074285707,primary_function,False,WO2025099660A1,ACh EC20,human M4 CRE-luciferase,False,c1ccc(OC2CCN(c3ccc4nncn4n3)CC2)cc1,0.36923076923076925,True
suven_2025,23,COc1ccc(OC2CCN(c3nn4c(C)nnc4c(C)c3C)CC2)cc1,EXT_eaaa521ce959,GloSensor_PAM_pEC50,continuous,7.508638306165727,primary_function,False,WO2025099660A1,ACh EC20,human M4 GloSensor cAMP,False,c1ccc(OC2CCN(c3ccc4nncn4n3)CC2)cc1,0.36923076923076925,True
suven_2025,23,COc1ccc(OC2CCN(c3nn4c(C)nnc4c(C)c3C)CC2)cc1,EXT_eaaa521ce959,log10_M4_over_M2_selectivity,continuous,2.070581074285707,selectivity,False,WO2025099660A1,ACh EC20,M4/M2 CRE-luciferase,False,c1ccc(OC2CCN(c3ccc4nncn4n3)CC2)cc1,0.36923076923076925,True
suven_2025,24,Cc1c(N2CCC(Oc3ccc4c(c3)OCCO4)CC2)nn2c(C)nnc2c1C,EXT_107daca9a72d,CRE_luc_PAM_pEC50,continuous,7.896196279044043,primary_function,False,WO2025099660A1,ACh EC20,human M4 CRE-luciferase,False,c1cc2c(cc1OC1CCN(c3ccc4nncn4n3)CC1)OCCO2,0.4444444444444444,True
suven_2025,26,Cc1c(N2CCC(Oc3ccc4c(c3)COC4)CC2)nn2c(C)nnc2c1C,EXT_01dad850837d,CRE_luc_PAM_pEC50,continuous,7.67778070526608,primary_function,False,WO2025099660A1,ACh EC20,human M4 CRE-luciferase,False,c1cc2c(cc1OC1CCN(c3ccc4nncn4n3)CC1)COC2,0.38666666666666666,True
suven_2025,26,Cc1c(N2CCC(Oc3ccc4c(c3)COC4)CC2)nn2c(C)nnc2c1C,EXT_01dad850837d,GloSensor_PAM_pEC50,continuous,7.244125144327507,primary_function,False,WO2025099660A1,ACh EC20,human M4 GloSensor cAMP,False,c1cc2c(cc1OC1CCN(c3ccc4nncn4n3)CC1)COC2,0.38666666666666666,True
suven_2025,26,Cc1c(N2CCC(Oc3ccc4c(c3)COC4)CC2)nn2c(C)nnc2c1C,EXT_01dad850837d,log10_M4_over_M2_selectivity,continuous,2.0360963453482768,selectivity,False,WO2025099660A1,ACh EC20,M4/M2 CRE-luciferase,False,c1cc2c(cc1OC1CCN(c3ccc4nncn4n3)CC1)COC2,0.38666666666666666,True
suven_2025,28,Cc1c(N2CCC(Oc3ccc4c(c3)OCC4)CC2)nn2c(C)nnc2c1C,EXT_1de73f7c210d,CRE_luc_PAM_pEC50,continuous,7.309803919971486,primary_function,False,WO2025099660A1,ACh EC20,human M4 CRE-luciferase,False,c1cc2c(cc1OC1CCN(c3ccc4nncn4n3)CC1)OCC2,0.4861111111111111,True
suven_2025,31,Cc1c(N2CCC(Oc3ccc4c(c3)CCO4)CC2)nn2c(C)nnc2c1C,EXT_6f294b265ecf,CRE_luc_PAM_pEC50,continuous,7.795880017344075,primary_function,False,WO2025099660A1,ACh EC20,human M4 CRE-luciferase,False,c1cc2c(cc1OC1CCN(c3ccc4nncn4n3)CC1)CCO2,0.5735294117647058,True
suven_2025,33,COc1ccc(OC2CCN(c3nn4c(C)nnc4c(C)c3C)CC2)cn1,EXT_dafcb0f61380,CRE_luc_PAM_pEC50,continuous,7.251811972993799,primary_function,False,WO2025099660A1,ACh EC20,human M4 CRE-luciferase,False,c1cncc(OC2CCN(c3ccc4nncn4n3)CC2)c1,0.417910447761194,True
suven_2025,41,Cc1cc2nnc(C)n2nc1N1CCC(Oc2ccc3c(c2)OCCO3)CC1,EXT_2f22c6fa4daf,CRE_luc_PAM_pEC50,continuous,6.782516055786093,primary_function,False,WO2025099660A1,ACh EC20,human M4 CRE-luciferase,False,c1cc2c(cc1OC1CCN(c3ccc4nncn4n3)CC1)OCCO2,0.4246575342465753,True
suven_2025,42,COc1ccc(OC2CCN(c3nn4c(C)nnc4cc3C)CC2)cn1,EXT_07a29b59b60b,CRE_luc_PAM_pEC50,continuous,6.688246138944246,primary_function,False,WO2025099660A1,ACh EC20,human M4 CRE-luciferase,False,c1cncc(OC2CCN(c3ccc4nncn4n3)CC2)c1,0.43283582089552236,True
suven_2025,42,COc1ccc(OC2CCN(c3nn4c(C)nnc4cc3C)CC2)cn1,EXT_07a29b59b60b,GloSensor_PAM_pEC50,continuous,7.443697499232712,primary_function,False,WO2025099660A1,ACh EC20,human M4 GloSensor cAMP,False,c1cncc(OC2CCN(c3ccc4nncn4n3)CC2)c1,0.43283582089552236,True
suven_2025,44,Cc1cc2nnc(C)n2nc1N1CCC(Oc2ccc3c(c2)CCO3)CC1,EXT_c2cd95c904d5,CRE_luc_PAM_pEC50,continuous,7.795880017344075,primary_function,False,WO2025099660A1,ACh EC20,human M4 CRE-luciferase,False,c1cc2c(cc1OC1CCN(c3ccc4nncn4n3)CC1)CCO2,0.5507246376811594,True
suven_2025,46,Cc1cc2nnc(C)n2nc1N1CCC(Oc2ccc3c(c2)COC3)CC1,EXT_77dac9bebfbd,CRE_luc_PAM_pEC50,continuous,7.173925197299173,primary_function,False,WO2025099660A1,ACh EC20,human M4 CRE-luciferase,False,c1cc2c(cc1OC1CCN(c3ccc4nncn4n3)CC1)COC2,0.3684210526315789,True
suven_2025,62,COCc1nnc2c(C)c(C)c(N3CCC(Oc4ccc5c(c4)OCCO5)CC3)nn12,EXT_0b87461073d9,CRE_luc_PAM_pEC50,continuous,7.494850021680094,primary_function,False,WO2025099660A1,ACh EC20,human M4 CRE-luciferase,False,c1cc2c(cc1OC1CCN(c3ccc4nncn4n3)CC1)OCCO2,0.4155844155844156,True
suven_2025,65,COCc1nnc2c(C)c(C)c(N3CCC(Oc4ccc5c(c4)COC5)CC3)nn12,EXT_4b039bfb1062,CRE_luc_PAM_pEC50,continuous,7.200659450546418,primary_function,False,WO2025099660A1,ACh EC20,human M4 CRE-luciferase,False,c1cc2c(cc1OC1CCN(c3ccc4nncn4n3)CC1)COC2,0.3625,True
suven_2025,73,Cc1c(N2CCC(Oc3ccc4c(c3)OCCO4)CC2)nn2c(C(F)F)nnc2c1C,EXT_bac0242fe21c,CRE_luc_PAM_pEC50,continuous,7.769551078621726,primary_function,False,WO2025099660A1,ACh EC20,human M4 CRE-luciferase,False,c1cc2c(cc1OC1CCN(c3ccc4nncn4n3)CC1)OCCO2,0.4155844155844156,True
suven_2025,79,Cc1c(N2CCC(Oc3ccc4c(c3)OCCO4)CC2)nn2ncnc2c1C,EXT_126c0078ebb8,CRE_luc_PAM_pEC50,continuous,8.0,primary_function,False,WO2025099660A1,ACh EC20,human M4 CRE-luciferase,False,c1nc2ccc(N3CCC(Oc4ccc5c(c4)OCCO5)CC3)nn2n1,0.4788732394366197,True
suven_2025,80,Cc1c(N2CCC(Oc3ccc4c(c3)COC4)CC2)nn2ncnc2c1C,EXT_9ebaa3fb48e7,CRE_luc_PAM_pEC50,continuous,7.619788758288394,primary_function,False,WO2025099660A1,ACh EC20,human M4 CRE-luciferase,False,c1nc2ccc(N3CCC(Oc4ccc5c(c4)COC5)CC3)nn2n1,0.4189189189189189,True
suven_2025,86,Cc1cc2ncnn2nc1N1CCC(Oc2ccc3c(c2)OCCO3)CC1,EXT_6c15abd16fe2,CRE_luc_PAM_pEC50,continuous,7.316052869248487,primary_function,False,WO2025099660A1,ACh EC20,human M4 CRE-luciferase,False,c1nc2ccc(N3CCC(Oc4ccc5c(c4)OCCO5)CC3)nn2n1,0.4583333333333333,True
suven_2025,86,Cc1cc2ncnn2nc1N1CCC(Oc2ccc3c(c2)OCCO3)CC1,EXT_6c15abd16fe2,GloSensor_PAM_pEC50,continuous,7.552841968657781,primary_function,False,WO2025099660A1,ACh EC20,human M4 GloSensor cAMP,False,c1nc2ccc(N3CCC(Oc4ccc5c(c4)OCCO5)CC3)nn2n1,0.4583333333333333,True
suven_2025,86,Cc1cc2ncnn2nc1N1CCC(Oc2ccc3c(c2)OCCO3)CC1,EXT_6c15abd16fe2,log10_M4_over_M2_selectivity,continuous,2.316052869248488,selectivity,False,WO2025099660A1,ACh EC20,M4/M2 CRE-luciferase,False,c1nc2ccc(N3CCC(Oc4ccc5c(c4)OCCO5)CC3)nn2n1,0.4583333333333333,True
suven_2025,87,Cc1cc2ncnn2nc1N1CCC(Oc2ccc3c(c2)CCO3)CC1,EXT_777a642d0f32,CRE_luc_PAM_pEC50,continuous,7.356547323513812,primary_function,False,WO2025099660A1,ACh EC20,human M4 CRE-luciferase,False,c1nc2ccc(N3CCC(Oc4ccc5c(c4)CCO5)CC3)nn2n1,0.5882352941176471,True
suven_2025,88,Cc1cc2ncnn2nc1N1CCC(Oc2ccc3c(c2)COC3)CC1,EXT_bef6c607e71a,CRE_luc_PAM_pEC50,continuous,7.318758762624412,primary_function,False,WO2025099660A1,ACh EC20,human M4 CRE-luciferase,False,c1nc2ccc(N3CCC(Oc4ccc5c(c4)COC5)CC3)nn2n1,0.4,True
suven_2025,88,Cc1cc2ncnn2nc1N1CCC(Oc2ccc3c(c2)COC3)CC1,EXT_bef6c607e71a,GloSensor_PAM_pEC50,continuous,7.721246399047171,primary_function,False,WO2025099660A1,ACh EC20,human M4 GloSensor cAMP,False,c1nc2ccc(N3CCC(Oc4ccc5c(c4)COC5)CC3)nn2n1,0.4,True
suven_2025,91,Cc1nc2c(C)c(C)c(N3CCC(Oc4ccc5c(c4)OCC5)CC3)nn2n1,EXT_a51019eaf041,CRE_luc_PAM_pEC50,continuous,7.920818753952375,primary_function,False,WO2025099660A1,ACh EC20,human M4 CRE-luciferase,False,c1nc2ccc(N3CCC(Oc4ccc5c(c4)OCC5)CC3)nn2n1,0.5070422535211268,True
suven_2025,95,COc1ccc(OC2CCN(c3nn4nc(C)nc4c(C)c3C)CC2)cn1,EXT_9cc2c7c9ea70,CRE_luc_PAM_pEC50,continuous,7.187086643357144,primary_function,False,WO2025099660A1,ACh EC20,human M4 CRE-luciferase,False,c1cncc(OC2CCN(c3ccc4ncnn4n3)CC2)c1,0.484375,True
suven_2025,99,Cc1nc2c(C)c(C)c(N3CCC(Oc4ccc5c(c4)COC5)CC3)nn2n1,EXT_d4ccc70cf117,CRE_luc_PAM_pEC50,continuous,7.769551078621726,primary_function,False,WO2025099660A1,ACh EC20,human M4 CRE-luciferase,False,c1nc2ccc(N3CCC(Oc4ccc5c(c4)COC5)CC3)nn2n1,0.40540540540540543,True
suven_2025,99,Cc1nc2c(C)c(C)c(N3CCC(Oc4ccc5c(c4)COC5)CC3)nn2n1,EXT_d4ccc70cf117,GloSensor_PAM_pEC50,continuous,8.397940008672037,primary_function,False,WO2025099660A1,ACh EC20,human M4 GloSensor cAMP,False,c1nc2ccc(N3CCC(Oc4ccc5c(c4)COC5)CC3)nn2n1,0.40540540540540543,True
suven_2025,100,Cc1nc2cc(C)c(N3CCC(Oc4ccc5c(c4)OCCO5)CC3)nn2n1,EXT_e6fc1b85771a,CRE_luc_PAM_pEC50,continuous,7.366531544420414,primary_function,False,WO2025099660A1,ACh EC20,human M4 CRE-luciferase,False,c1nc2ccc(N3CCC(Oc4ccc5c(c4)OCCO5)CC3)nn2n1,0.4246575342465753,True
suven_2025,101,Cc1nc2cc(C)c(N3CCC(Oc4ccc5c(c4)COC5)CC3)nn2n1,EXT_5c85ec91746c,CRE_luc_PAM_pEC50,continuous,6.950781977329818,primary_function,False,WO2025099660A1,ACh EC20,human M4 CRE-luciferase,False,c1nc2ccc(N3CCC(Oc4ccc5c(c4)COC5)CC3)nn2n1,0.4117647058823529,True
suven_2025,106,Cc1cn2nc(N3CCC(Oc4ccc5c(c4)OCCO5)CC3)c(C)cc2n1,EXT_50967dbe7c52,CRE_luc_PAM_pEC50,continuous,7.070581074285707,primary_function,False,WO2025099660A1,ACh EC20,human M4 CRE-luciferase,False,c1cn2nc(N3CCC(Oc4ccc5c(c4)OCCO5)CC3)ccc2n1,0.4583333333333333,True
suven_2025,108,Cc1cn2nc(N3CCC(Oc4ccc5c(c4)OCCO5)CC3)c(C)c(C)c2n1,EXT_ecac642ebc71,CRE_luc_PAM_pEC50,continuous,7.494850021680094,primary_function,False,WO2025099660A1,ACh EC20,human M4 CRE-luciferase,False,c1cn2nc(N3CCC(Oc4ccc5c(c4)OCCO5)CC3)ccc2n1,0.4788732394366197,True
suven_2025,117,Cc1cc2nccn2nc1N1CCC(Oc2ccc3c(c2)COC3)CC1,EXT_6d445b30013a,CRE_luc_PAM_pEC50,continuous,6.906578314837764,primary_function,False,WO2025099660A1,ACh EC20,human M4 CRE-luciferase,False,c1cn2nc(N3CCC(Oc4ccc5c(c4)COC5)CC3)ccc2n1,0.4057971014492754,True
suven_2025,118,Cc1cc2nccn2nc1N1CCC(Oc2ccc3c(c2)OCCO3)CC1,EXT_f20c1afb3d85,CRE_luc_PAM_pEC50,continuous,7.180456064458131,primary_function,False,WO2025099660A1,ACh EC20,human M4 CRE-luciferase,False,c1cn2nc(N3CCC(Oc4ccc5c(c4)OCCO5)CC3)ccc2n1,0.4383561643835616,True
suven_2025,119,Cc1cc2nccn2nc1N1CCC(Oc2ccc3c(c2)CCO3)CC1,EXT_962c62336479,CRE_luc_PAM_pEC50,continuous,7.008773924307505,primary_function,False,WO2025099660A1,ACh EC20,human M4 CRE-luciferase,False,c1cn2nc(N3CCC(Oc4ccc5c(c4)CCO5)CC3)ccc2n1,0.5652173913043478,True
suven_2025,123,Cc1c(N2CCC(Oc3ccc4c(c3)OCCO4)CC2)nn2ccnc2c1C,EXT_dbd7d0f84127,CRE_luc_PAM_pEC50,continuous,7.275724130399211,primary_function,False,WO2025099660A1,ACh EC20,human M4 CRE-luciferase,False,c1cn2nc(N3CCC(Oc4ccc5c(c4)OCCO5)CC3)ccc2n1,0.4583333333333333,True
vu6025733_2026,5a,Cc1cc2nncn2nc1N1CCC(Oc2ccc(F)cc2)CC1,EXT_51972aec74c0,calcium_PAM_pEC50,continuous,6.818156412055227,primary_function,False,10.1021/acschemneuro.5c00963,ACh EC20,hM4/Gqi5-CHO calcium mobilization,False,c1ccc(OC2CCN(c3ccc4nncn4n3)CC2)cc1,0.4307692307692308,True
vu6025733_2026,5b,Cc1cc2nncn2nc1N1CCC(Oc2cccc(F)c2)CC1,EXT_98000e79d5ed,calcium_PAM_pEC50,continuous,6.596879478824182,primary_function,False,10.1021/acschemneuro.5c00963,ACh EC20,hM4/Gqi5-CHO calcium mobilization,False,c1ccc(OC2CCN(c3ccc4nncn4n3)CC2)cc1,0.391304347826087,True
vu6025733_2026,5c,Cc1cc2nncn2nc1N1CCC(Oc2ccccc2F)CC1,EXT_54de1d9f04dc,calcium_PAM_pEC50,continuous,5.39469495385889,primary_function,False,10.1021/acschemneuro.5c00963,ACh EC20,hM4/Gqi5-CHO calcium mobilization,False,c1ccc(OC2CCN(c3ccc4nncn4n3)CC2)cc1,0.3380281690140845,True
vu6025733_2026,5d,Cc1cc2nncn2nc1N1CCC(Oc2ccc(F)c(F)c2)CC1,EXT_f14da72bbed9,calcium_PAM_pEC50,continuous,6.393618634889394,primary_function,False,10.1021/acschemneuro.5c00963,ACh EC20,hM4/Gqi5-CHO calcium mobilization,False,c1ccc(OC2CCN(c3ccc4nncn4n3)CC2)cc1,0.3880597014925373,True
vu6025733_2026,5e,Cc1cc2nncn2nc1N1CCC(Oc2cccc(F)c2F)CC1,EXT_5e3f60cc6582,calcium_PAM_pEC50,continuous,5.785156151952302,primary_function,False,10.1021/acschemneuro.5c00963,ACh EC20,hM4/Gqi5-CHO calcium mobilization,False,c1ccc(OC2CCN(c3ccc4nncn4n3)CC2)cc1,0.3287671232876712,True
vu6025733_2026,5f,Cc1cc2nncn2nc1N1CCC(Oc2ccc(C(F)(F)F)cc2)CC1,EXT_e03626cdfa09,calcium_PAM_pEC50,continuous,5.220403508742176,primary_function,False,10.1021/acschemneuro.5c00963,ACh EC20,hM4/Gqi5-CHO calcium mobilization,False,c1ccc(OC2CCN(c3ccc4nncn4n3)CC2)cc1,0.37681159420289856,True
vu6025733_2026,5g,Cc1ccc(OC2CCN(c3nn4cnnc4cc3C)CC2)cc1,EXT_c264be419474,calcium_PAM_pEC50,continuous,6.489454989793388,primary_function,False,10.1021/acschemneuro.5c00963,ACh EC20,hM4/Gqi5-CHO calcium mobilization,False,c1ccc(OC2CCN(c3ccc4nncn4n3)CC2)cc1,0.4126984126984127,True
vu6025733_2026,5h,Cc1cccc(OC2CCN(c3nn4cnnc4cc3C)CC2)c1,EXT_6f2f6d03627f,calcium_PAM_pEC50,continuous,6.795880017344075,primary_function,False,10.1021/acschemneuro.5c00963,ACh EC20,hM4/Gqi5-CHO calcium mobilization,False,c1ccc(OC2CCN(c3ccc4nncn4n3)CC2)cc1,0.373134328358209,True
vu6025733_2026,5q,Cc1cc2nncn2nc1N1CCC(Oc2ccc3c(c2)OCCO3)CC1,EXT_cf3eaa65d605,calcium_PAM_pEC50,continuous,6.872895201635192,primary_function,False,10.1021/acschemneuro.5c00963,ACh EC20,hM4/Gqi5-CHO calcium mobilization,False,c1cc2c(cc1OC1CCN(c3ccc4nncn4n3)CC1)OCCO2,0.4189189189189189,True
vu6025733_2026,6a,Cc1c(N2CCC(Oc3ccc(F)cc3)CC2)nn2cnnc2c1C,EXT_4b7197732328,calcium_PAM_pEC50,continuous,6.882728704344236,primary_function,False,10.1021/acschemneuro.5c00963,ACh EC20,hM4/Gqi5-CHO calcium mobilization,False,c1ccc(OC2CCN(c3ccc4nncn4n3)CC2)cc1,0.4375,True
vu6025733_2026,6b,Cc1c(N2CCC(Oc3cccc(F)c3)CC2)nn2cnnc2c1C,EXT_fdb588ec201c,calcium_PAM_pEC50,continuous,6.625251653989896,primary_function,False,10.1021/acschemneuro.5c00963,ACh EC20,hM4/Gqi5-CHO calcium mobilization,False,c1ccc(OC2CCN(c3ccc4nncn4n3)CC2)cc1,0.4117647058823529,True
vu6025733_2026,6c,Cc1c(N2CCC(Oc3ccccc3F)CC2)nn2cnnc2c1C,EXT_f5062d82431d,calcium_PAM_pEC50,continuous,5.701146923590294,primary_function,False,10.1021/acschemneuro.5c00963,ACh EC20,hM4/Gqi5-CHO calcium mobilization,False,c1ccc(OC2CCN(c3ccc4nncn4n3)CC2)cc1,0.34285714285714286,True
vu6025733_2026,6d,Cc1c(N2CCC(Oc3ccc(F)c(F)c3)CC2)nn2cnnc2c1C,EXT_70a503b0a16c,calcium_PAM_pEC50,continuous,6.485452247339714,primary_function,False,10.1021/acschemneuro.5c00963,ACh EC20,hM4/Gqi5-CHO calcium mobilization,False,c1ccc(OC2CCN(c3ccc4nncn4n3)CC2)cc1,0.40298507462686567,True
vu6025733_2026,6e,Cc1c(N2CCC(Oc3cccc(F)c3F)CC2)nn2cnnc2c1C,EXT_8f62dcc7c022,calcium_PAM_pEC50,continuous,5.853871964321762,primary_function,False,10.1021/acschemneuro.5c00963,ACh EC20,hM4/Gqi5-CHO calcium mobilization,False,c1ccc(OC2CCN(c3ccc4nncn4n3)CC2)cc1,0.3333333333333333,True
vu6025733_2026,6f,Cc1c(N2CCC(Oc3ccc(C(F)(F)F)cc3)CC2)nn2cnnc2c1C,EXT_ee69a09a1cdc,calcium_PAM_pEC50,continuous,5.392544976785331,primary_function,False,10.1021/acschemneuro.5c00963,ACh EC20,hM4/Gqi5-CHO calcium mobilization,False,c1ccc(OC2CCN(c3ccc4nncn4n3)CC2)cc1,0.38235294117647056,True
vu6025733_2026,6g,Cc1ccc(OC2CCN(c3nn4cnnc4c(C)c3C)CC2)cc1,EXT_b5395d0383ad,calcium_PAM_pEC50,continuous,6.552841968657781,primary_function,False,10.1021/acschemneuro.5c00963,ACh EC20,hM4/Gqi5-CHO calcium mobilization,False,c1ccc(OC2CCN(c3ccc4nncn4n3)CC2)cc1,0.41935483870967744,True
vu6025733_2026,6h,Cc1cccc(OC2CCN(c3nn4cnnc4c(C)c3C)CC2)c1,EXT_38f303038a6e,calcium_PAM_pEC50,continuous,6.798602875679549,primary_function,False,10.1021/acschemneuro.5c00963,ACh EC20,hM4/Gqi5-CHO calcium mobilization,False,c1ccc(OC2CCN(c3ccc4nncn4n3)CC2)cc1,0.3939393939393939,True
vu6025733_2026,6q,Cc1c(N2CCC(Oc3ccc4c(c3)OCCO4)CC2)nn2cnnc2c1C,EXT_c6070ec58c0a,calcium_PAM_pEC50,continuous,7.42021640338319,primary_function,False,10.1021/acschemneuro.5c00963,ACh EC20,hM4/Gqi5-CHO calcium mobilization,False,c1cc2c(cc1OC1CCN(c3ccc4nncn4n3)CC1)OCCO2,0.4383561643835616,True
us20260055116_2026,I-1,Cc1c2c(n(C)c(=O)c1Cl)CN(C(=O)c1cnn(C(F)(F)F)c1)C2,EXT_47ce1a45d890,human_pERK_PAM_bin,ordinal,4.0,primary_function,False,US20260055116A1,ACh,human M4 pERK,False,O=C(c1cn[nH]c1)N1Cc2ccc(=O)[nH]c2C1,0.20930232558139536,True
us20260055116_2026,I-1,Cc1c2c(n(C)c(=O)c1Cl)CN(C(=O)c1cnn(C(F)(F)F)c1)C2,EXT_47ce1a45d890,rat_pERK_PAM_bin,ordinal,2.0,primary_function,False,US20260055116A1,ACh,rat M4 pERK,False,O=C(c1cn[nH]c1)N1Cc2ccc(=O)[nH]c2C1,0.20930232558139536,True
us20260055116_2026,I-1,Cc1c2c(n(C)c(=O)c1Cl)CN(C(=O)c1cnn(C(F)(F)F)c1)C2,EXT_47ce1a45d890,human_GTPgammaS_PAM_bin,ordinal,3.0,primary_function,False,US20260055116A1,ACh,human M4 GTPgammaS,False,O=C(c1cn[nH]c1)N1Cc2ccc(=O)[nH]c2C1,0.20930232558139536,True
us20260055116_2026,I-51,Cc1c2c(n(C)c(=O)c1Cl)CN(C(=O)c1ccc3nc(C4CCC4)sc3c1)C2,EXT_aa96bf685bde,human_pERK_PAM_bin,ordinal,4.0,primary_function,False,US20260055116A1,ACh,human M4 pERK,False,O=C(c1ccc2nc(C3CCC3)sc2c1)N1Cc2ccc(=O)[nH]c2C1,0.24719101123595505,True
us20260055116_2026,I-51,Cc1c2c(n(C)c(=O)c1Cl)CN(C(=O)c1ccc3nc(C4CCC4)sc3c1)C2,EXT_aa96bf685bde,rat_pERK_PAM_bin,ordinal,3.0,primary_function,False,US20260055116A1,ACh,rat M4 pERK,False,O=C(c1ccc2nc(C3CCC3)sc2c1)N1Cc2ccc(=O)[nH]c2C1,0.24719101123595505,True
us20260055116_2026,I-53,Cc1c2c(n(C)c(=O)c1Cl)CN(C(=O)c1cnn(CC3(C)COC3)c1)C2,EXT_da1108c2ec09,human_pERK_PAM_bin,ordinal,1.0,primary_function,False,US20260055116A1,ACh,human M4 pERK,False,O=C(c1cnn(CC2COC2)c1)N1Cc2ccc(=O)[nH]c2C1,0.21686746987951808,True
us20260055116_2026,I-53,Cc1c2c(n(C)c(=O)c1Cl)CN(C(=O)c1cnn(CC3(C)COC3)c1)C2,EXT_da1108c2ec09,rat_pERK_PAM_bin,ordinal,1.0,primary_function,False,US20260055116A1,ACh,rat M4 pERK,False,O=C(c1cnn(CC2COC2)c1)N1Cc2ccc(=O)[nH]c2C1,0.21686746987951808,True
us20260055116_2026,I-58,Cc1c2c(n(C)c(=O)c1Cl)CN(C(=O)c1cc(CC(F)(F)F)on1)C2,EXT_113f64864255,human_pERK_PAM_bin,ordinal,2.0,primary_function,False,US20260055116A1,ACh,human M4 pERK,False,O=C(c1ccon1)N1Cc2ccc(=O)[nH]c2C1,0.23943661971830985,True
us20260055116_2026,I-58,Cc1c2c(n(C)c(=O)c1Cl)CN(C(=O)c1cc(CC(F)(F)F)on1)C2,EXT_113f64864255,rat_pERK_PAM_bin,ordinal,1.0,primary_function,False,US20260055116A1,ACh,rat M4 pERK,False,O=C(c1ccon1)N1Cc2ccc(=O)[nH]c2C1,0.23943661971830985,True
us20260055116_2026,I-59,Cc1c2c(n(C)c(=O)c1Cl)CN(C(=O)c1cnn(Cc3cccnc3)c1)C2,EXT_417259478d65,human_pERK_PAM_bin,ordinal,2.0,primary_function,False,US20260055116A1,ACh,human M4 pERK,False,O=C(c1cnn(Cc2cccnc2)c1)N1Cc2ccc(=O)[nH]c2C1,0.3048780487804878,True
us20260055116_2026,I-59,Cc1c2c(n(C)c(=O)c1Cl)CN(C(=O)c1cnn(Cc3cccnc3)c1)C2,EXT_417259478d65,rat_pERK_PAM_bin,ordinal,1.0,primary_function,False,US20260055116A1,ACh,rat M4 pERK,False,O=C(c1cnn(Cc2cccnc2)c1)N1Cc2ccc(=O)[nH]c2C1,0.3048780487804878,True
us20260055116_2026,I-64,Cc1c2c(n(C)c(=O)c1Cl)CN(C(=O)c1cnc(C(F)(F)C3CC3)s1)C2,EXT_7d363ea5fe93,human_pERK_PAM_bin,ordinal,4.0,primary_function,False,US20260055116A1,ACh,human M4 pERK,False,O=C(c1cnc(CC2CC2)s1)N1Cc2ccc(=O)[nH]c2C1,0.24358974358974358,True
us20260055116_2026,I-64,Cc1c2c(n(C)c(=O)c1Cl)CN(C(=O)c1cnc(C(F)(F)C3CC3)s1)C2,EXT_7d363ea5fe93,rat_pERK_PAM_bin,ordinal,2.0,primary_function,False,US20260055116A1,ACh,rat M4 pERK,False,O=C(c1cnc(CC2CC2)s1)N1Cc2ccc(=O)[nH]c2C1,0.24358974358974358,True
us20260055116_2026,I-67,Cc1c2c(n(C)c(=O)c1Cl)CN(C(=O)c1cnc(C(F)(F)C3CC3)s1)C2,EXT_7d363ea5fe93,human_pERK_PAM_bin,ordinal,4.0,primary_function,False,US20260055116A1,ACh,human M4 pERK,False,O=C(c1cnc(CC2CC2)s1)N1Cc2ccc(=O)[nH]c2C1,0.24358974358974358,True
us20260055116_2026,I-67,Cc1c2c(n(C)c(=O)c1Cl)CN(C(=O)c1cnc(C(F)(F)C3CC3)s1)C2,EXT_7d363ea5fe93,rat_pERK_PAM_bin,ordinal,2.0,primary_function,False,US20260055116A1,ACh,rat M4 pERK,False,O=C(c1cnc(CC2CC2)s1)N1Cc2ccc(=O)[nH]c2C1,0.24358974358974358,True
us20260055116_2026,I-67,Cc1c2c(n(C)c(=O)c1Cl)CN(C(=O)c1cnc(C(F)(F)C3CC3)s1)C2,EXT_7d363ea5fe93,human_GTPgammaS_PAM_bin,ordinal,3.0,primary_function,False,US20260055116A1,ACh,human M4 GTPgammaS,False,O=C(c1cnc(CC2CC2)s1)N1Cc2ccc(=O)[nH]c2C1,0.24358974358974358,True
us20260055116_2026,I-68,Cc1c2c(n(C)c(=O)c1Cl)CN(C(=O)c1cc(C(F)(F)F)n(C)c1)C2,EXT_a97701050282,human_pERK_PAM_bin,ordinal,4.0,primary_function,False,US20260055116A1,ACh,human M4 pERK,False,O=C(c1cc[nH]c1)N1Cc2ccc(=O)[nH]c2C1,0.21428571428571427,True
us20260055116_2026,I-68,Cc1c2c(n(C)c(=O)c1Cl)CN(C(=O)c1cc(C(F)(F)F)n(C)c1)C2,EXT_a97701050282,rat_pERK_PAM_bin,ordinal,3.0,primary_function,False,US20260055116A1,ACh,rat M4 pERK,False,O=C(c1cc[nH]c1)N1Cc2ccc(=O)[nH]c2C1,0.21428571428571427,True
us20260055116_2026,I-69,Cc1c2c(n(CC3CC3)c(=O)c1Cl)CN(C(=O)c1cnc(CC3CC3)s1)C2,EXT_7ac1d588c233,human_pERK_PAM_bin,ordinal,3.0,primary_function,False,US20260055116A1,ACh,human M4 pERK,False,O=C(c1cnc(CC2CC2)s1)N1Cc2ccc(=O)n(CC3CC3)c2C1,0.2676056338028169,True
us20260055116_2026,I-69,Cc1c2c(n(CC3CC3)c(=O)c1Cl)CN(C(=O)c1cnc(CC3CC3)s1)C2,EXT_7ac1d588c233,rat_pERK_PAM_bin,ordinal,1.0,primary_function,False,US20260055116A1,ACh,rat M4 pERK,False,O=C(c1cnc(CC2CC2)s1)N1Cc2ccc(=O)n(CC3CC3)c2C1,0.2676056338028169,True
us20260055116_2026,I-73,COc1c2c(n(C)c(=O)c1Cl)CN(C(=O)c1cnn(C(F)(F)F)c1)C2C,EXT_8d6d6ab58b03,human_pERK_PAM_bin,ordinal,3.0,primary_function,False,US20260055116A1,ACh,human M4 pERK,False,O=C(c1cn[nH]c1)N1Cc2ccc(=O)[nH]c2C1,0.23655913978494625,True
us20260055116_2026,I-73,COc1c2c(n(C)c(=O)c1Cl)CN(C(=O)c1cnn(C(F)(F)F)c1)C2C,EXT_8d6d6ab58b03,rat_pERK_PAM_bin,ordinal,2.0,primary_function,False,US20260055116A1,ACh,rat M4 pERK,False,O=C(c1cn[nH]c1)N1Cc2ccc(=O)[nH]c2C1,0.23655913978494625,True
us20260055116_2026,I-73,COc1c2c(n(C)c(=O)c1Cl)CN(C(=O)c1cnn(C(F)(F)F)c1)C2C,EXT_8d6d6ab58b03,human_GTPgammaS_PAM_bin,ordinal,3.0,primary_function,False,US20260055116A1,ACh,human M4 GTPgammaS,False,O=C(c1cn[nH]c1)N1Cc2ccc(=O)[nH]c2C1,0.23655913978494625,True
us20260055116_2026,I-76,Cc1c2c(n(C)c(=O)c1Cl)CN(C(=O)c1cnn(C(F)(F)F)c1)[C@@H]2C,EXT_c5091f7045cd,human_pERK_PAM_bin,ordinal,4.0,primary_function,False,US20260055116A1,ACh,human M4 pERK,False,O=C(c1cn[nH]c1)N1Cc2ccc(=O)[nH]c2C1,0.2159090909090909,True
us20260055116_2026,I-76,Cc1c2c(n(C)c(=O)c1Cl)CN(C(=O)c1cnn(C(F)(F)F)c1)[C@@H]2C,EXT_c5091f7045cd,rat_pERK_PAM_bin,ordinal,3.0,primary_function,False,US20260055116A1,ACh,rat M4 pERK,False,O=C(c1cn[nH]c1)N1Cc2ccc(=O)[nH]c2C1,0.2159090909090909,True
us20260055116_2026,I-76,Cc1c2c(n(C)c(=O)c1Cl)CN(C(=O)c1cnn(C(F)(F)F)c1)[C@@H]2C,EXT_c5091f7045cd,human_GTPgammaS_PAM_bin,ordinal,4.0,primary_function,False,US20260055116A1,ACh,human M4 GTPgammaS,False,O=C(c1cn[nH]c1)N1Cc2ccc(=O)[nH]c2C1,0.2159090909090909,True
us20260055116_2026,I-78,Cc1c2c(n(C)c(=O)c1C)CN(C(=O)c1cnn(C(F)(F)F)c1)[C@@H]2C,EXT_07cc86e3e302,human_pERK_PAM_bin,ordinal,4.0,primary_function,False,US20260055116A1,ACh,human M4 pERK,False,O=C(c1cn[nH]c1)N1Cc2ccc(=O)[nH]c2C1,0.20512820512820512,True
us20260055116_2026,I-78,Cc1c2c(n(C)c(=O)c1C)CN(C(=O)c1cnn(C(F)(F)F)c1)[C@@H]2C,EXT_07cc86e3e302,rat_pERK_PAM_bin,ordinal,3.0,primary_function,False,US20260055116A1,ACh,rat M4 pERK,False,O=C(c1cn[nH]c1)N1Cc2ccc(=O)[nH]c2C1,0.20512820512820512,True
us20260055116_2026,I-79,COc1cc(=O)n(C)c2c1C(C)N(C(=O)c1cnn(C(F)(F)F)c1)C2,EXT_d4eeedf614a1,human_pERK_PAM_bin,ordinal,2.0,primary_function,False,US20260055116A1,ACh,human M4 pERK,False,O=C(c1cn[nH]c1)N1Cc2ccc(=O)[nH]c2C1,0.22826086956521738,True
us20260055116_2026,I-79,COc1cc(=O)n(C)c2c1C(C)N(C(=O)c1cnn(C(F)(F)F)c1)C2,EXT_d4eeedf614a1,rat_pERK_PAM_bin,ordinal,1.0,primary_function,False,US20260055116A1,ACh,rat M4 pERK,False,O=C(c1cn[nH]c1)N1Cc2ccc(=O)[nH]c2C1,0.22826086956521738,True
us20260055116_2026,I-79,COc1cc(=O)n(C)c2c1C(C)N(C(=O)c1cnn(C(F)(F)F)c1)C2,EXT_d4eeedf614a1,human_GTPgammaS_PAM_bin,ordinal,2.0,primary_function,False,US20260055116A1,ACh,human M4 GTPgammaS,False,O=C(c1cn[nH]c1)N1Cc2ccc(=O)[nH]c2C1,0.22826086956521738,True
us20260055116_2026,I-82,COc1c2c(n(C)c(=O)c1C)CN(C(=O)c1cnn(C(F)(F)F)c1)C2C,EXT_fe729f0ce598,human_pERK_PAM_bin,ordinal,3.0,primary_function,False,US20260055116A1,ACh,human M4 pERK,False,O=C(c1cn[nH]c1)N1Cc2ccc(=O)[nH]c2C1,0.2222222222222222,True
us20260055116_2026,I-82,COc1c2c(n(C)c(=O)c1C)CN(C(=O)c1cnn(C(F)(F)F)c1)C2C,EXT_fe729f0ce598,rat_pERK_PAM_bin,ordinal,2.0,primary_function,False,US20260055116A1,ACh,rat M4 pERK,False,O=C(c1cn[nH]c1)N1Cc2ccc(=O)[nH]c2C1,0.2222222222222222,True
us20260055116_2026,I-82,COc1c2c(n(C)c(=O)c1C)CN(C(=O)c1cnn(C(F)(F)F)c1)C2C,EXT_fe729f0ce598,human_GTPgammaS_PAM_bin,ordinal,3.0,primary_function,False,US20260055116A1,ACh,human M4 GTPgammaS,False,O=C(c1cn[nH]c1)N1Cc2ccc(=O)[nH]c2C1,0.2222222222222222,True
us20260055116_2026,I-85,COc1c2c(n(C)c(=O)c1C)CN(C(=O)c1cnn(CC(F)(F)F)c1)C2,EXT_57853985ff60,human_pERK_PAM_bin,ordinal,2.0,primary_function,False,US20260055116A1,ACh,human M4 pERK,False,O=C(c1cn[nH]c1)N1Cc2ccc(=O)[nH]c2C1,0.2087912087912088,True
us20260055116_2026,I-85,COc1c2c(n(C)c(=O)c1C)CN(C(=O)c1cnn(CC(F)(F)F)c1)C2,EXT_57853985ff60,rat_pERK_PAM_bin,ordinal,1.0,primary_function,False,US20260055116A1,ACh,rat M4 pERK,False,O=C(c1cn[nH]c1)N1Cc2ccc(=O)[nH]c2C1,0.2087912087912088,True
us20260055116_2026,I-88,CCOc1c2c(n(C)c(=O)c1C)CN(C(=O)c1cnn(C(F)(F)F)c1)C2,EXT_5e6f9357604b,human_pERK_PAM_bin,ordinal,4.0,primary_function,False,US20260055116A1,ACh,human M4 pERK,False,O=C(c1cn[nH]c1)N1Cc2ccc(=O)[nH]c2C1,0.21348314606741572,True
us20260055116_2026,I-88,CCOc1c2c(n(C)c(=O)c1C)CN(C(=O)c1cnn(C(F)(F)F)c1)C2,EXT_5e6f9357604b,rat_pERK_PAM_bin,ordinal,1.0,primary_function,False,US20260055116A1,ACh,rat M4 pERK,False,O=C(c1cn[nH]c1)N1Cc2ccc(=O)[nH]c2C1,0.21348314606741572,True
us20260055116_2026,I-89,Cc1c(OC(F)F)c2c(n(C)c1=O)CN(C(=O)c1cnn(C(F)(F)F)c1)C2,EXT_3addd6586200,human_pERK_PAM_bin,ordinal,3.0,primary_function,False,US20260055116A1,ACh,human M4 pERK,False,O=C(c1cn[nH]c1)N1Cc2ccc(=O)[nH]c2C1,0.23333333333333334,True
us20260055116_2026,I-89,Cc1c(OC(F)F)c2c(n(C)c1=O)CN(C(=O)c1cnn(C(F)(F)F)c1)C2,EXT_3addd6586200,rat_pERK_PAM_bin,ordinal,1.0,primary_function,False,US20260055116A1,ACh,rat M4 pERK,False,O=C(c1cn[nH]c1)N1Cc2ccc(=O)[nH]c2C1,0.23333333333333334,True
us20260055116_2026,I-89,Cc1c(OC(F)F)c2c(n(C)c1=O)CN(C(=O)c1cnn(C(F)(F)F)c1)C2,EXT_3addd6586200,human_GTPgammaS_PAM_bin,ordinal,2.0,primary_function,False,US20260055116A1,ACh,human M4 GTPgammaS,False,O=C(c1cn[nH]c1)N1Cc2ccc(=O)[nH]c2C1,0.23333333333333334,True
us20260055116_2026,I-90,CSc1c2c(n(C)c(=O)c1C)CN(C(=O)c1cnn(C(F)(F)F)c1)C2,EXT_72ae1eb10778,human_pERK_PAM_bin,ordinal,3.0,primary_function,False,US20260055116A1,ACh,human M4 pERK,False,O=C(c1cn[nH]c1)N1Cc2ccc(=O)[nH]c2C1,0.19318181818181818,True
us20260055116_2026,I-90,CSc1c2c(n(C)c(=O)c1C)CN(C(=O)c1cnn(C(F)(F)F)c1)C2,EXT_72ae1eb10778,rat_pERK_PAM_bin,ordinal,1.0,primary_function,False,US20260055116A1,ACh,rat M4 pERK,False,O=C(c1cn[nH]c1)N1Cc2ccc(=O)[nH]c2C1,0.19318181818181818,True
us20260055116_2026,I-90,CSc1c2c(n(C)c(=O)c1C)CN(C(=O)c1cnn(C(F)(F)F)c1)C2,EXT_72ae1eb10778,human_GTPgammaS_PAM_bin,ordinal,2.0,primary_function,False,US20260055116A1,ACh,human M4 GTPgammaS,False,O=C(c1cn[nH]c1)N1Cc2ccc(=O)[nH]c2C1,0.19318181818181818,True
us20260055116_2026,I-92,Cc1cc(=O)n(C)c2c1C(C)N(C(=O)c1cnn(C(F)(F)F)c1)C2,EXT_4c4100b4938c,human_pERK_PAM_bin,ordinal,1.0,primary_function,False,US20260055116A1,ACh,human M4 pERK,False,O=C(c1cn[nH]c1)N1Cc2ccc(=O)[nH]c2C1,0.21839080459770116,True
us20260055116_2026,I-92,Cc1cc(=O)n(C)c2c1C(C)N(C(=O)c1cnn(C(F)(F)F)c1)C2,EXT_4c4100b4938c,rat_pERK_PAM_bin,ordinal,1.0,primary_function,False,US20260055116A1,ACh,rat M4 pERK,False,O=C(c1cn[nH]c1)N1Cc2ccc(=O)[nH]c2C1,0.21839080459770116,True
us20260055116_2026,I-92,Cc1cc(=O)n(C)c2c1C(C)N(C(=O)c1cnn(C(F)(F)F)c1)C2,EXT_4c4100b4938c,human_GTPgammaS_PAM_bin,ordinal,1.0,primary_function,False,US20260055116A1,ACh,human M4 GTPgammaS,False,O=C(c1cn[nH]c1)N1Cc2ccc(=O)[nH]c2C1,0.21839080459770116,True
us20260055116_2026,I-104,Cc1cc(=O)n(C)c2c1CN(C(=O)c1cnn(C)c1)C2,EXT_c187aa304037,human_pERK_PAM_bin,ordinal,3.0,primary_function,False,US20260055116A1,ACh,human M4 pERK,False,O=C(c1cn[nH]c1)N1Cc2ccc(=O)[nH]c2C1,0.2833333333333333,True
us20260055116_2026,I-104,Cc1cc(=O)n(C)c2c1CN(C(=O)c1cnn(C)c1)C2,EXT_c187aa304037,rat_pERK_PAM_bin,ordinal,1.0,primary_function,False,US20260055116A1,ACh,rat M4 pERK,False,O=C(c1cn[nH]c1)N1Cc2ccc(=O)[nH]c2C1,0.2833333333333333,True
us20260055116_2026,I-107,Cc1cc(=O)n(C)c2c1CN(C(=O)c1cnn(C)c1)C2C,EXT_f18872bf2c11,human_pERK_PAM_bin,ordinal,1.0,primary_function,False,US20260055116A1,ACh,human M4 pERK,False,O=C(c1cn[nH]c1)N1Cc2ccc(=O)[nH]c2C1,0.25,True
us20260055116_2026,I-107,Cc1cc(=O)n(C)c2c1CN(C(=O)c1cnn(C)c1)C2C,EXT_f18872bf2c11,rat_pERK_PAM_bin,ordinal,1.0,primary_function,False,US20260055116A1,ACh,rat M4 pERK,False,O=C(c1cn[nH]c1)N1Cc2ccc(=O)[nH]c2C1,0.25,True
us20260055116_2026,I-107,Cc1cc(=O)n(C)c2c1CN(C(=O)c1cnn(C)c1)C2C,EXT_f18872bf2c11,human_GTPgammaS_PAM_bin,ordinal,1.0,primary_function,False,US20260055116A1,ACh,human M4 GTPgammaS,False,O=C(c1cn[nH]c1)N1Cc2ccc(=O)[nH]c2C1,0.25,True
us20260055116_2026,I-108,Cc1c2c(n(C)c(=O)c1Cl)C(C)N(C(=O)c1cnn(C(F)(F)F)c1)C2,EXT_e93baa6eaeeb,human_pERK_PAM_bin,ordinal,2.0,primary_function,False,US20260055116A1,ACh,human M4 pERK,False,O=C(c1cn[nH]c1)N1Cc2ccc(=O)[nH]c2C1,0.22988505747126436,True
us20260055116_2026,I-108,Cc1c2c(n(C)c(=O)c1Cl)C(C)N(C(=O)c1cnn(C(F)(F)F)c1)C2,EXT_e93baa6eaeeb,rat_pERK_PAM_bin,ordinal,1.0,primary_function,False,US20260055116A1,ACh,rat M4 pERK,False,O=C(c1cn[nH]c1)N1Cc2ccc(=O)[nH]c2C1,0.22988505747126436,True
us20260055116_2026,I-108,Cc1c2c(n(C)c(=O)c1Cl)C(C)N(C(=O)c1cnn(C(F)(F)F)c1)C2,EXT_e93baa6eaeeb,human_GTPgammaS_PAM_bin,ordinal,1.0,primary_function,False,US20260055116A1,ACh,human M4 GTPgammaS,False,O=C(c1cn[nH]c1)N1Cc2ccc(=O)[nH]c2C1,0.22988505747126436,True
us20260055116_2026,I-110,Cc1c2c(n(C)c(=O)c1C(F)(F)F)CN(C(=O)c1cnn(C)c1)C2,EXT_67e8310dd345,human_pERK_PAM_bin,ordinal,3.0,primary_function,False,US20260055116A1,ACh,human M4 pERK,False,O=C(c1cn[nH]c1)N1Cc2ccc(=O)[nH]c2C1,0.2345679012345679,True
us20260055116_2026,I-110,Cc1c2c(n(C)c(=O)c1C(F)(F)F)CN(C(=O)c1cnn(C)c1)C2,EXT_67e8310dd345,rat_pERK_PAM_bin,ordinal,1.0,primary_function,False,US20260055116A1,ACh,rat M4 pERK,False,O=C(c1cn[nH]c1)N1Cc2ccc(=O)[nH]c2C1,0.2345679012345679,True
us20260055116_2026,I-111,Cc1c2c(n(C)c(=O)c1C)CN(C(=O)c1ccc3nc(C4CC4)sc3c1)C2,EXT_abe8e8398845,human_pERK_PAM_bin,ordinal,1.0,primary_function,False,US20260055116A1,ACh,human M4 pERK,False,O=C(c1ccc2nc(C3CC3)sc2c1)N1Cc2ccc(=O)[nH]c2C1,0.25,True
us20260055116_2026,I-111,Cc1c2c(n(C)c(=O)c1C)CN(C(=O)c1ccc3nc(C4CC4)sc3c1)C2,EXT_abe8e8398845,rat_pERK_PAM_bin,ordinal,3.0,primary_function,False,US20260055116A1,ACh,rat M4 pERK,False,O=C(c1ccc2nc(C3CC3)sc2c1)N1Cc2ccc(=O)[nH]c2C1,0.25,True
us20260055116_2026,I-113,Cc1c2c(n(C)c(=O)c1F)CN(C(=O)c1cnn(C(F)(F)F)c1)C2,EXT_50b975bcf4ca,human_pERK_PAM_bin,ordinal,4.0,primary_function,False,US20260055116A1,ACh,human M4 pERK,False,O=C(c1cn[nH]c1)N1Cc2ccc(=O)[nH]c2C1,0.20253164556962025,True
us20260055116_2026,I-113,Cc1c2c(n(C)c(=O)c1F)CN(C(=O)c1cnn(C(F)(F)F)c1)C2,EXT_50b975bcf4ca,rat_pERK_PAM_bin,ordinal,1.0,primary_function,False,US20260055116A1,ACh,rat M4 pERK,False,O=C(c1cn[nH]c1)N1Cc2ccc(=O)[nH]c2C1,0.20253164556962025,True
us20260055116_2026,I-113,Cc1c2c(n(C)c(=O)c1F)CN(C(=O)c1cnn(C(F)(F)F)c1)C2,EXT_50b975bcf4ca,human_GTPgammaS_PAM_bin,ordinal,2.0,primary_function,False,US20260055116A1,ACh,human M4 GTPgammaS,False,O=C(c1cn[nH]c1)N1Cc2ccc(=O)[nH]c2C1,0.20253164556962025,True
us20260055116_2026,I-114,Cc1c2c(n(C)c(=O)c1F)CN(C(=O)c1cnn(C(F)(F)F)c1)[C@@H]2C,EXT_94da39744187,human_pERK_PAM_bin,ordinal,4.0,primary_function,False,US20260055116A1,ACh,human M4 pERK,False,O=C(c1cn[nH]c1)N1Cc2ccc(=O)[nH]c2C1,0.20689655172413793,True
us20260055116_2026,I-114,Cc1c2c(n(C)c(=O)c1F)CN(C(=O)c1cnn(C(F)(F)F)c1)[C@@H]2C,EXT_94da39744187,rat_pERK_PAM_bin,ordinal,3.0,primary_function,False,US20260055116A1,ACh,rat M4 pERK,False,O=C(c1cn[nH]c1)N1Cc2ccc(=O)[nH]c2C1,0.20689655172413793,True
