#"Step","Time (ps)","Potential Energy (kJ/mole)","Kinetic Energy (kJ/mole)","Temperature (K)","Box Volume (nm^3)","Density (g/mL)","Speed (ns/day)","Time Remaining"
5000,14.000000000001178,-1477745.6587552363,387428.6501950091,299.3220245381612,1370.499918062309,1.016280900100099,0,--
10000,23.99999999999741,-1480730.0162671125,389871.7161878609,301.209503584155,1362.1474348781464,1.02251258171629,234,1:01:22
15000,33.99999999999542,-1483389.7563167997,387401.6589885262,299.30117150479595,1361.9920898007417,1.022629206693295,234,1:01:20
20000,44.00000000000764,-1483292.6949446145,388960.42045093776,300.50544908330295,1357.7041468286895,1.0258589056892788,236,1:00:53
25000,54.00000000001986,-1484265.158568467,388346.96715156897,300.0315035363377,1357.2356171224335,1.0262130412319062,236,1:00:39
30000,64.00000000003207,-1480759.7665232318,390097.2684131034,301.38376211837726,1360.7557575670842,1.023558329678286,237,1:00:25
35000,74.00000000000877,-1483927.4884953126,388371.6778113055,300.0505946507824,1356.37832705707,1.0268616524841248,237,1:00:21
40000,83.99999999998546,-1485363.1931274906,388774.9832940283,300.3621828968637,1353.5953648108411,1.0289728574167472,237,1:00:17
45000,93.99999999996216,-1486145.135586624,388444.3903423665,300.1067713480801,1354.6847840383218,1.0281453713265263,237,1:00:14
50000,103.99999999993885,-1486470.8418626422,388605.27884105523,300.23107158020844,1357.6187888567981,1.0259234048228758,237,1:00:11
55000,113.99999999991554,-1486570.082198183,388092.13661565597,299.83462498364105,1353.7000857553137,1.0288932570602138,231,1:01:37
60000,123.99999999989224,-1487198.418900474,389921.0949420635,301.2476529277042,1354.0952248888989,1.028593015258401,231,1:01:30
65000,133.99999999991155,-1485787.8720119866,386018.33459025837,298.2324341791641,1355.0834861529768,1.0278428632243248,232,1:01:23
70000,143.9999999999593,-1487615.194665159,388552.5351056738,300.1903224986728,1353.9513996914982,1.0287022788505051,232,1:01:13
75000,154.00000000000705,-1488368.0032460988,389247.8529283583,300.72751544575766,1354.141973852312,1.0285575052024647,232,1:01:03
80000,164.0000000000548,-1487042.7864736374,388656.62233863,300.27073885735285,1354.058277027082,1.0286210822280717,233,1:00:52
85000,174.00000000010255,-1485538.4467560425,387564.5055603033,299.4269845171503,1357.0223959008072,1.0263742842585217,233,1:00:40
90000,184.0000000001503,-1487954.7288065637,387030.9456542112,299.014763502459,1351.216945227151,1.0307840611644579,233,1:00:39
95000,194.00000000019804,-1488822.2005783375,389024.7756641016,300.55516903221246,1351.9139972849557,1.0302525849371016,233,1:00:32
100000,204.0000000002458,-1487005.776881135,388075.9750161884,299.82213875509296,1356.3331500885915,1.0268958553615688,233,1:00:28
105000,214.00000000029354,-1488152.1668285616,389614.14508589334,301.01050770797326,1353.8620717888086,1.0287701526900759,231,1:01:03
110000,224.0000000003413,-1485633.8177806092,388961.18772877526,300.5060418715637,1355.5655486583757,1.0274773445621745,231,1:00:55
115000,234.00000000038904,-1488596.0051876428,389293.17798592633,300.76253295927074,1352.5607556276193,1.0297599457328466,231,1:00:46
120000,244.00000000043678,-1487146.9941380182,389705.60923888144,301.08117164940165,1353.554693212116,1.029003775983515,232,1:00:36
125000,254.00000000048453,-1486510.5757014127,389820.58447810676,301.16999993135596,1355.7581540597005,1.0273313762818375,232,1:00:30
130000,264.0000000005323,-1486764.178015043,389949.52727602446,301.26961935625627,1354.4943671282006,1.028289909590778,232,1:00:24
135000,274.00000000058003,-1488298.401063011,387312.11047499627,299.2319875599569,1354.532846742256,1.0282606978969064,232,1:00:16
140000,284.0000000006278,-1487685.8097894285,387988.2321623321,299.7543498379806,1354.1353033913692,1.0285625718694726,232,1:00:13
145000,294.0000000006755,-1485369.1084751394,387717.4467041787,299.54514473270723,1358.273159538445,1.0254291491622842,233,1:00:06
150000,304.0000000007233,-1487090.0077035492,387209.6049720915,299.15279322406997,1355.3026280324857,1.027676669038445,233,59:59
155000,314.000000000771,-1488045.061806323,391076.1599341506,302.1400401885086,1351.9358135518917,1.030235959691155,231,1:00:19
160000,324.0000000008188,-1489477.4640323129,389086.41088666604,300.6027875539495,1352.5700077165304,1.0297529017864924,232,1:00:10
165000,334.0000000008665,-1486520.5420289272,389031.4274425384,300.560308104368,1356.0018550281147,1.0271467440482207,232,1:00:04
170000,344.00000000091427,-1487927.2662586998,388195.78017793375,299.9146985684823,1355.7325995276585,1.0273507406997042,232,59:58
175000,354.000000000962,-1488002.8865044517,388409.12426898634,300.07952526683044,1355.2961655166648,1.0276815693524142,232,59:52
180000,364.00000000100977,-1487501.2736058477,387531.12155336887,299.4011924944443,1351.4047277085945,1.030640830062132,232,59:44
185000,374.0000000010575,-1486934.0613253089,390659.27328008873,301.81795931701413,1355.6866285471126,1.0273855778957937,233,59:38
190000,384.00000000110526,-1488237.4271961972,389844.1177818043,301.1881814367848,1352.0474852584464,1.030150867851536,233,59:30
195000,394.000000001153,-1488142.078379497,390240.25673898624,301.494232924207,1351.8140360110203,1.0303287680200717,233,59:25
200000,404.00000000120076,-1488419.6445526928,387442.84650351474,299.33299241005386,1353.365011137421,1.0291479969213189,233,59:20
205000,414.0000000012485,-1488217.5416999822,389446.05073005415,300.88064033012733,1353.0636085830536,1.029377245445281,232,59:35
210000,424.00000000129626,-1486059.9821709376,389101.7001517942,300.6145998290344,1354.1301627045161,1.0285664766034757,232,59:29
215000,434.000000001344,-1488047.8871603431,386616.6952658447,298.69471937343246,1352.4667079650687,1.0298315530525048,232,59:23
220000,444.00000000139175,-1487836.9822556823,390457.1297166032,301.6617859915789,1356.8224122476615,1.0265255627729448,232,59:17
225000,454.0000000014395,-1488217.1411296446,387769.9559910253,299.5857126825428,1355.0323988873804,1.0278816148301078,232,59:11
230000,464.00000000148725,-1490703.8557397202,389172.25634707254,300.6691105710866,1354.8140330323995,1.028047286458958,233,59:04
235000,474.000000001535,-1488023.4742256692,386984.05075547437,298.9785331513392,1355.1761289692301,1.0277725976289682,233,58:59
240000,484.00000000158275,-1488788.6413431875,388146.05542634067,299.87628191212764,1352.9371395602104,1.0294734689360565,233,58:56
245000,494.0000000016305,-1485476.486421642,388606.1242579308,300.2317247376108,1355.0155629577,1.0278943861539658,233,58:52
250000,504.00000000167825,-1485614.9850880709,388651.3831354548,300.2666911213359,1353.2070995433046,1.0292680926559854,233,58:47
255000,514.0000000016692,-1489057.2843626272,387547.8787234173,299.41413885259794,1352.146943291206,1.030075094445938,232,58:57
260000,524.0000000014327,-1487357.1237461362,389695.86551939964,301.0736437862962,1355.6628758621964,1.0274035788061628,232,58:51
265000,534.0000000011962,-1487769.3237419352,388852.2301929714,300.42186278416506,1353.9766761158778,1.0286830747417348,232,58:46
270000,544.0000000009597,-1487476.3927333849,388343.65067367477,300.028941271319,1353.587252737915,1.0289790240697216,232,58:40
275000,554.0000000007233,-1489171.9840901373,388711.2277649123,300.3129262555676,1353.4417841032662,1.0290896192763066,232,58:34
280000,564.0000000004868,-1488319.351571286,388679.73168006854,300.28859281539553,1351.9038983839198,1.030260281060258,232,58:29
285000,574.0000000002503,-1489377.7881242242,388868.1235491817,300.43414177167716,1352.460345386184,1.0298363978411278,232,58:24
290000,584.0000000000139,-1488303.8708783323,388278.290133388,299.97844462055843,1352.9460220142507,1.029466710166213,233,58:19
295000,593.9999999997774,-1490058.0352629106,390130.1014780761,301.40912849093246,1352.4318996774855,1.0298580583965962,233,58:14
300000,603.9999999995409,-1489284.248404853,388255.2604374902,299.96065219556056,1352.554305560184,1.0297648564569963,233,58:08
305000,613.9999999993045,-1485608.7827252718,389743.2667273658,301.1102653049341,1356.6897498563299,1.026625940428142,232,58:16
310000,623.999999999068,-1490019.3278516373,388557.444051343,300.19411508230155,1354.000974936816,1.0286646140564784,232,58:11
315000,633.9999999988315,-1490804.2497948203,388862.47645405773,300.4297789039739,1349.8386089358646,1.0318366070544458,232,58:05
320000,643.9999999985951,-1490248.5129894214,387931.3405588616,299.7103961708436,1350.6492395038933,1.0312173209582298,232,58:00
325000,653.9999999983586,-1487857.7007417688,388409.06337349105,300.0794782198118,1353.8454982675735,1.0287827467002446,232,57:54
330000,663.9999999981221,-1489097.959837187,389832.32905794017,301.1790736315362,1351.7599790719964,1.0303699709113021,233,57:49
335000,673.9999999978857,-1489969.24107109,389511.1355244614,300.9309239434296,1352.9718401200264,1.029447065352014,233,57:44
340000,683.9999999976492,-1487986.1004211456,390962.49364888173,302.0522231863037,1354.1502872009326,1.0285511907208318,233,57:38
345000,693.9999999974127,-1491514.8692812398,388653.6975328154,300.2684791927736,1352.678190875212,1.0296705452272394,233,57:33
350000,703.9999999971762,-1489392.4830957307,387591.38762854517,299.44775323181784,1350.8147610074072,1.031090961189043,233,57:30
355000,713.9999999969398,-1489402.0663221106,388837.0694524865,300.41014980544463,1348.7417236674949,1.0326757642880227,232,57:43
360000,723.9999999967033,-1491390.0057098018,388513.86998981825,300.16045036414926,1353.1541849766381,1.029308341783329,232,57:38
365000,733.9999999964668,-1489729.352036776,387293.5639913281,299.21765880281197,1354.8866916599025,1.0279921552769173,232,57:33
370000,743.9999999962304,-1491388.5223723045,388518.37449198344,300.16393048031244,1349.6220110176366,1.0320022042803467,232,57:29
375000,753.9999999959939,-1487864.4682058375,389376.8375737426,300.82716720143276,1353.4475654220992,1.0290852234686307,232,57:25
380000,763.9999999957574,-1489745.9345851978,387628.2914676692,299.47626462826275,1353.9484937149957,1.0287044867518134,232,57:19
385000,773.999999995521,-1487830.6473512724,387106.15443168604,299.0728687652615,1353.356328417248,1.0291545996200215,232,57:15
390000,783.9999999952845,-1491403.4933314156,389723.20960880135,301.09476945213106,1353.5673848576987,1.0289941275896675,232,57:10
395000,793.999999995048,-1490068.3267310252,387137.0573013034,299.09674389554226,1352.0551477361948,1.0301450296961059,232,57:05
400000,803.9999999948116,-1490266.2133615948,388172.31533053087,299.8965699514413,1352.6255011153642,1.0297106546985644,232,57:01
405000,813.9999999945751,-1489869.78291466,389595.3097747931,300.99595580674327,1351.3627680647303,1.0306728313301876,232,57:05
410000,823.9999999943386,-1491124.5352889402,389831.0158106162,301.17805903479035,1351.623289639776,1.030474172050318,232,57:00
415000,833.9999999941022,-1489376.2097146371,388980.8452595993,300.52122900839703,1352.2471996196784,1.029998724129143,232,56:55
420000,843.9999999938657,-1489988.2226131894,388278.7187142777,299.9787757362349,1350.2089705480726,1.031553574814504,232,56:51
425000,853.9999999936292,-1487749.9013585038,390533.750978808,301.72098252057657,1354.5016829163671,1.0282843557024017,232,56:46
430000,863.9999999933927,-1491301.9499680866,388054.6915519473,299.80569544455665,1350.9011482829774,1.0310250250995558,232,56:41
435000,873.9999999931563,-1490005.7461526403,388258.8728394464,299.96344308742266,1351.6558225517472,1.0304493696376265,232,56:36
440000,883.9999999929198,-1486859.0124192163,387683.4604914959,299.51888745415675,1355.850958777978,1.0272610579342814,232,56:32
445000,893.9999999926833,-1488817.0392616931,387815.5993008786,299.6209760733763,1353.9102548021629,1.0287335407759335,232,56:27
450000,903.9999999924469,-1487674.7613498932,387922.3478796417,299.70344855107214,1353.2228194145464,1.0292561360427375,232,56:22
455000,913.9999999922104,-1489615.6545560807,388349.4114727224,300.0333919851035,1352.5647850582416,1.0297568779712838,232,56:26
460000,923.9999999919739,-1490248.9014782133,387875.2924995611,299.6670942142825,1356.6274753229486,1.026673066593991,232,56:21
465000,933.9999999917375,-1491694.3977788622,388443.82613730524,300.1063354510418,1354.5489605835307,1.028248465611358,232,56:17
470000,943.999999991501,-1486412.6763065523,388052.6516709883,299.80411946069955,1354.177407197275,1.0285305920131718,232,56:12
475000,953.9999999912645,-1489081.1691886922,390086.86756370025,301.37572656576975,1351.3567529227337,1.03067741904799,232,56:07
480000,963.9999999910281,-1488278.1961926725,390189.8801808452,301.4553126911151,1352.6375993139839,1.0297014448081785,232,56:03
485000,973.9999999907916,-1489108.3143192558,388954.4947918762,300.50087100094856,1354.203443551228,1.028510817150929,232,55:58
490000,983.9999999905551,-1488026.1916163843,387519.1115421549,299.39191372564517,1355.4281974060207,1.0275814631723026,232,55:54
495000,993.9999999903187,-1488018.8346061856,388540.0042028052,300.1806412961751,1355.2728677915484,1.0276992356418229,232,55:48
500000,1003.9999999900822,-1488995.746819445,390295.676470372,301.53704944329866,1351.2441894548117,1.0307632781588023,233,55:44
505000,1013.9999999898457,-1488846.384810144,387532.78173426155,299.40247512727393,1352.3564481799554,1.0299155168668495,232,55:47
510000,1023.9999999896093,-1487800.4050179953,388381.13483485475,300.0579010165698,1355.6954554192553,1.0273788886344988,232,55:43
515000,1033.9999999893728,-1490108.516979672,389394.52380773757,300.84083134156066,1353.366873532916,1.0291465806899698,232,55:38
520000,1043.9999999891363,-1487571.8102113735,389178.50112002937,300.6739351964293,1353.9761028864202,1.0286835102527012,232,55:34
525000,1053.9999999888998,-1488082.3217942305,387997.7054813006,299.7616687933839,1355.4154471865568,1.027591129499479,232,55:29
530000,1063.9999999886634,-1490193.7614659695,388538.1519960478,300.1792103068143,1354.8286690702712,1.028036180597854,232,55:24
535000,1073.999999988427,-1489229.332470229,388409.83997443016,300.08007821097203,1354.3032679500454,1.0284350066021184,232,55:20
540000,1083.9999999881904,-1488095.2811801564,387456.2228807742,299.3433268143894,1353.6941686424477,1.0288977544405453,232,55:15
545000,1093.999999987954,-1489824.0030965554,387724.09067300695,299.5502777712671,1352.9691463409729,1.0294491149944238,232,55:11
550000,1103.9999999877175,-1486474.0875918297,389990.525643955,301.30129412910946,1356.7864953235453,1.0265527370121257,233,55:07
555000,1113.999999987481,-1488189.6359389909,389154.83363160305,300.65565002173213,1351.975851605096,1.0302054497954949,232,55:10
560000,1123.9999999872446,-1490451.9001759086,388391.86830477463,300.0661935471948,1353.1365483077416,1.0293217577023943,232,55:06
565000,1133.999999987008,-1488398.9245495247,388424.9527525118,300.0917541346021,1355.075015486079,1.027849288340586,232,55:01
570000,1143.9999999867716,-1489869.734722077,389717.628696542,301.0904577163949,1348.9402655099018,1.0325237713835977,232,54:57
575000,1153.9999999865352,-1488740.6251592878,389441.5834327127,300.87718895789715,1352.0024049835124,1.030185216521461,232,54:53
580000,1163.9999999862987,-1489963.3196371766,390032.11033588444,301.3334218877867,1349.7287027877912,1.0319206277814912,232,54:49
585000,1173.9999999860622,-1490782.255447112,387961.4763278951,299.73367864980736,1349.424306064197,1.0321534035338578,232,54:44
590000,1183.9999999858258,-1488753.0884407312,387655.680635728,299.49742512124556,1351.1827114499188,1.0308101772712028,232,54:41
595000,1193.9999999855893,-1490704.034320198,388615.4046266016,300.2388946222789,1354.5489737409857,1.0282484556234337,232,54:36
600000,1203.9999999853528,-1490244.7418612838,388389.4637897705,300.0643358521103,1353.288068130556,1.0292065105100048,232,54:32
605000,1213.9999999851163,-1488925.5680040456,390481.0365132736,301.6802560525204,1356.1232627074778,1.0270547881722398,232,54:35
610000,1223.9999999848799,-1490325.3570914576,388610.5670595936,300.23515718481804,1351.2232481553087,1.0307792529598234,232,54:30
615000,1233.9999999846434,-1491509.5582754454,388094.88659884373,299.8367495826731,1352.3319090734478,1.0299342054790108,232,54:25
620000,1243.999999984407,-1488938.5223856876,388786.33805460035,300.37095542806617,1354.1379430255577,1.028560566882504,232,54:21
625000,1253.9999999841705,-1489893.7166277682,388322.9906355429,300.01297961118485,1354.002434863396,1.0286635049190254,232,54:17
630000,1263.999999983934,-1489751.5575773688,387906.69736691634,299.6913571810827,1356.4867631983507,1.0267795662314272,232,54:12
635000,1273.9999999836975,-1488729.0331978034,388374.54662287585,300.05281105498176,1355.5169051725784,1.0275142161640163,232,54:08
640000,1283.999999983461,-1489583.265058835,387927.08293895243,299.70710679250186,1350.9065367386997,1.031020912577671,232,54:04
645000,1293.9999999832246,-1488374.8803803297,389693.75839872076,301.0720158539601,1354.0551871753134,1.0286234294637682,232,53:59
650000,1303.9999999829881,-1489226.3819482783,389593.9993067917,300.99494335726365,1352.5761911815582,1.0297481941470283,232,53:55
655000,1313.9999999827517,-1489760.7236313438,387901.76080971863,299.68754326516836,1349.45359774376,1.0321309992757148,232,53:56
660000,1323.9999999825152,-1488758.9068372678,387648.4329385089,299.4918256504688,1352.64757596643,1.0296938500927326,232,53:52
665000,1333.9999999822787,-1488409.4525478706,389279.54989527154,300.7520040846423,1352.4912490963595,1.0298128666237625,232,53:47
670000,1343.9999999820423,-1489467.7700391281,390687.2814690094,301.83959805696577,1353.1223869064502,1.0293325302966623,232,53:43
675000,1353.9999999818058,-1490591.7780570285,389065.4090938506,300.58656185886656,1351.504525540495,1.0305647254554775,232,53:38
680000,1363.9999999815693,-1490613.2542018462,388830.48668204865,300.40506404791597,1347.8708510832666,1.0333429862335026,232,53:34
685000,1373.9999999813328,-1488630.5294261891,387966.0328349647,299.73719894424147,1350.6270570149736,1.0312342575112756,232,53:29
690000,1383.9999999810964,-1491057.8750394285,386918.2082287289,298.92766412449714,1353.2218560432564,1.029256868779803,232,53:24
695000,1393.99999998086,-1490566.7871038616,387896.7934253011,299.6837055325696,1352.0390701141573,1.0301572795510086,232,53:20
700000,1403.9999999806234,-1490716.572129298,389603.36979435495,301.0021828665435,1352.7316408260008,1.0296298602618628,232,53:16
705000,1413.999999980387,-1490374.5738602914,390480.95110936614,301.680190070641,1352.391074349778,1.029889147253602,232,53:16
710000,1423.9999999801505,-1491062.2790961713,389763.5764680586,301.1259563301047,1351.6024974334066,1.0304900242196386,232,53:12
715000,1433.999999979914,-1489846.8296336643,389528.53370177245,300.94436553494177,1350.6877080023598,1.0311879511922248,232,53:07
720000,1443.9999999796776,-1488773.5848990818,387315.2071718825,299.2343800252041,1354.4416972934293,1.0283298964427356,232,53:02
725000,1453.999999979441,-1490611.3342869394,387614.62721919065,299.46570781859907,1350.16197713588,1.0315894788194757,232,52:58
730000,1463.9999999792046,-1490076.9886992294,388504.6584346944,300.1533336438772,1350.1861732847524,1.0315709921151244,232,52:54
735000,1473.9999999789682,-1491825.248722787,388773.5246775986,300.3610559899544,1352.4647749818232,1.029833024918667,232,52:50
740000,1483.9999999787317,-1491125.882060714,389307.98184322135,300.7739702149675,1350.564266402329,1.0312822017908778,232,52:46
745000,1493.9999999784952,-1490579.7212003795,386974.7915144125,298.97137958957006,1351.6178980786124,1.030478282579288,233,52:42
750000,1503.9999999782588,-1490032.2164613567,390020.3751323186,301.3243554315813,1351.8444201179595,1.0303056103112376,233,52:38
755000,1513.9999999780223,-1493862.3822925454,388169.0864339722,299.89407535055284,1348.3167278763274,1.0330012685589327,232,52:38
760000,1523.9999999777858,-1489311.774391802,388179.29309362394,299.9019608748402,1349.7465620203586,1.0319069738771205,232,52:34
765000,1533.9999999775494,-1488864.7275140723,388408.7952839936,300.0792710975685,1351.4982853561162,1.0305694838143822,232,52:29
770000,1543.9999999773129,-1488825.0160737382,385836.78331315477,298.0921701697967,1350.3543909169236,1.0314424862718605,232,52:25
775000,1553.9999999770764,-1490262.4442733368,389686.69869736326,301.0665616261897,1354.902064729196,1.027980491412017,232,52:20
780000,1563.99999997684,-1490212.018786435,388361.75208752544,300.0429261736696,1353.7545955745077,1.0288518279964856,232,52:16
785000,1573.9999999766035,-1489899.7989462102,388283.2674349476,299.98229001500414,1350.538681390872,1.03130173871145,233,52:12
790000,1583.999999976367,-1488696.4893227965,389593.6348094962,300.99466175168703,1352.8821351207748,1.029515324475133,233,52:08
795000,1593.9999999761305,-1490122.2034427673,388796.6450098887,300.37891843937723,1353.8461871061552,1.0287822232543353,233,52:03
800000,1603.999999975894,-1489333.6691725273,390516.0306736008,301.70729205750064,1352.0354813122976,1.0301600139691591,233,51:58
805000,1613.9999999756576,-1487645.616373958,388347.1582763265,300.03165119668586,1355.4155166006876,1.0275910768740337,232,51:59
810000,1623.9999999754211,-1489171.2259431677,389213.9972566905,300.70135902139253,1353.6940788127765,1.0288978227170846,232,51:55
815000,1633.9999999751847,-1490135.8238651594,390072.40148217796,301.3645502709702,1354.3666808063876,1.0283868542056844,232,51:50
820000,1643.9999999749482,-1490610.9538293416,387375.271632198,299.2807849977207,1352.0849563084569,1.030122318732261,233,51:46
825000,1653.9999999747117,-1491213.8584327335,388903.41398555617,300.4614066754397,1355.463054240466,1.0275550380795428,233,51:42
830000,1663.9999999744753,-1489412.5154660912,389471.3900119149,300.90021710934354,1353.063213495516,1.0293775460181713,233,51:37
835000,1673.9999999742388,-1491291.0968072768,388105.8000614409,299.8451811731548,1352.9441676283473,1.0294681211841994,233,51:33
840000,1683.9999999740023,-1490404.7719770158,388279.5594598259,299.97942528463426,1352.4667309405386,1.0298315355579055,233,51:29
845000,1693.9999999737659,-1488362.9061061172,389409.103518659,300.85209542486473,1355.7589277433701,1.0273307900201556,233,51:25
850000,1703.9999999735294,-1488265.6022556378,386835.6310062831,298.8638661028723,1356.3011477564671,1.0269200852770821,233,51:21
855000,1713.999999973293,-1489154.3782344256,387237.9634647171,299.1747026038261,1351.9372609889135,1.0302348566801556,232,51:21
860000,1723.9999999730564,-1489587.0811610343,391007.1469990788,302.0867217479787,1354.249620459999,1.0284757472129675,232,51:17
865000,1733.99999997282,-1489121.845949646,387785.63764036354,299.5978281082493,1352.88099409763,1.02951619277088,233,51:13
870000,1743.9999999725835,-1491019.5250096116,387075.1209460749,299.04889272286783,1352.111513420764,1.030102085878804,233,51:08
875000,1753.999999972347,-1488617.6208596174,388953.72829614894,300.50027881693546,1355.2969330176545,1.0276809873791195,233,51:04
880000,1763.9999999721106,-1489432.447739821,388910.25003593793,300.4666881135551,1351.2513658052278,1.0307578038860892,233,51:00
885000,1773.999999971874,-1488239.0429007923,388619.6261806212,300.2421561366125,1354.2985333461727,1.028438601992828,233,50:56
890000,1783.9999999716376,-1488846.0106090605,389257.50493731874,300.73497245458094,1352.4656577667517,1.0298323527233562,233,50:52
895000,1793.9999999714012,-1489657.258682834,389470.9674852911,300.89989067110935,1353.0462218963614,1.0293904729754013,233,50:47
900000,1803.9999999711647,-1488384.075783615,388960.95914735034,300.5058652727116,1352.6908734759188,1.029660891210464,233,50:43
905000,1813.9999999709282,-1485950.8201103248,388856.9594871383,300.42551657152427,1353.777958603848,1.0288340724293399,233,50:43
910000,1823.9999999706918,-1490137.0688735368,388132.6629039849,299.8659350343136,1353.6811337531544,1.0289076619202233,233,50:39
915000,1833.9999999704553,-1490711.595559121,388831.9886636236,300.40622445813756,1351.3819645749713,1.0306581905239016,233,50:35
920000,1843.9999999702188,-1490218.3938717097,387361.10427759634,299.26983949521434,1353.9796574363156,1.0286808096900717,233,50:31
925000,1853.9999999699824,-1491009.8395662904,388083.69380639587,299.82810218580653,1351.827083048842,1.0303188238943963,233,50:27
930000,1863.9999999697459,-1490023.405021687,388210.110208789,299.9257697524155,1351.2846534614384,1.030732412114397,233,50:23
935000,1873.9999999695094,-1490354.4045674,386365.9967925782,298.5010331952704,1354.802379373156,1.028056129455505,233,50:19
940000,1883.999999969273,-1491828.1781047871,388545.77210374863,300.1850974967861,1351.53659110763,1.0305402750317088,233,50:15
945000,1893.9999999690365,-1488563.1694499198,388206.2059764239,299.92275339640986,1354.4924803840881,1.0282913419501014,233,50:10
950000,1903.9999999688,-1490717.8605501652,387829.05750239536,299.63137369400295,1353.3481741383555,1.0291608005473138,233,50:06
955000,1913.9999999685635,-1492451.7835931089,388030.1745744706,299.78675396635106,1348.5093166416461,1.0328537394047552,233,50:06
960000,1923.999999968327,-1489286.7490535723,388602.0513205795,300.22857804246274,1353.6345403055655,1.0289430779455924,233,50:01
965000,1933.9999999680906,-1488294.468241333,386778.23561712366,298.8195232178696,1356.5578834165444,1.0267257352908683,233,49:57
970000,1943.9999999678541,-1490523.006527556,388337.0273733836,300.0238242009855,1354.0014204698955,1.0286642755752136,233,49:53
975000,1953.9999999676177,-1489696.3705017753,388592.7093220748,300.2213605434361,1356.8159112407063,1.026530481236657,233,49:49
980000,1963.9999999673812,-1490219.1828335896,387183.08560932305,299.13230473064203,1355.0023610806331,1.0279044009965326,233,49:45
985000,1973.9999999671447,-1488743.608530512,389798.05760603736,301.1525959811036,1351.5526099840304,1.030528060858787,233,49:41
990000,1983.9999999669083,-1488365.0064246962,389104.4944998044,300.61675870371556,1352.4015571694736,1.0298811643123076,233,49:37
995000,1993.9999999666718,-1490832.610803293,387467.5381612808,299.3520688438386,1353.693110154931,1.0288985589622062,233,49:33
1000000,2003.9999999664353,-1490747.4346237285,387586.82083249977,299.4442249882631,1352.9286200574043,1.02947995161517,233,49:29
1005000,2013.9999999661989,-1489526.0822331207,387352.812716109,299.2634335493202,1356.2283030470064,1.0269752424324687,233,49:28
1010000,2023.9999999659624,-1488765.6126778806,390066.8225467079,301.3602400624742,1353.4007250885743,1.0291208394500615,233,49:24
1015000,2033.999999965726,-1490191.3741090419,389041.12745698204,300.5678022015647,1354.6588519733148,1.028165052984803,233,49:20
1020000,2043.9999999654895,-1490588.480309452,388059.88598297944,299.8097085902341,1354.3459838665365,1.0284025698803487,233,49:16
1025000,2053.999999965253,-1489603.386529128,387898.4330407646,299.6849722768327,1353.4250846721163,1.029102316847409,233,49:12
1030000,2063.9999999650167,-1486398.6530186664,388105.45112316735,299.84491158826364,1353.7341209548786,1.0288673889175757,233,49:08
1035000,2073.9999999647803,-1488477.2757079722,389295.1627051055,300.7640663258985,1350.2486560322413,1.0315232561743928,233,49:04
1040000,2083.999999964544,-1490175.2844107747,389663.9586263149,301.0489929613506,1353.2200161843816,1.0292582681733693,233,49:00
1045000,2093.9999999643073,-1488840.2694749534,387586.3825311136,299.44388636266535,1354.2734358066944,1.0284576611264802,233,48:57
1050000,2103.999999964071,-1488790.691790807,389529.7208474581,300.94528270730336,1352.6881075143874,1.0296629966495519,233,48:53
1055000,2113.9999999638344,-1491782.980779063,388492.5598517552,300.1439864457864,1352.3409102478647,1.0299273502420279,232,48:52
1060000,2123.999999963598,-1488584.6059284667,389670.0480783946,301.0536975879287,1353.6134234661438,1.0289591298148886,233,48:48
1065000,2133.9999999633615,-1489614.5688885162,387293.6221607633,299.21770374371425,1354.39080792447,1.028368534522089,233,48:44
1070000,2143.999999963125,-1491757.7136597363,387478.5858834853,299.3606041614387,1349.3130350559252,1.0322385199945445,233,48:40
1075000,2153.9999999628885,-1491021.7604959663,387075.7018688179,299.0493415357562,1352.9042065669528,1.0294985288350846,233,48:36
1080000,2163.999999962652,-1488867.5265054032,387627.3462382711,299.475534357084,1353.7899569265812,1.028824954114363,233,48:32
1085000,2173.9999999624156,-1490795.9076614296,388529.94031702017,300.1728660770054,1351.4958195624488,1.0305713640804328,233,48:28
1090000,2183.999999962179,-1489740.3750943588,389053.5471393361,300.5773974766288,1354.282612368533,1.0284506923407635,233,48:24
1095000,2193.9999999619426,-1489779.2313666334,390816.71934039716,301.9395999687918,1353.1623715602045,1.0293021145049677,233,48:20
1100000,2203.999999961706,-1489752.4338166006,389152.7814700234,300.65406455003716,1351.417592506771,1.0306310188932197,233,48:16
1105000,2213.9999999614697,-1492337.2355373995,387681.50916950335,299.5173798897342,1351.1033060235222,1.030870758813188,232,48:15
1110000,2223.9999999612332,-1491436.9535474945,389500.1529153906,300.9224389313374,1350.972776027372,1.0309703607878298,232,48:11
1115000,2233.999999960997,-1489237.932098316,387825.22998851596,299.62841660963977,1349.5768761218285,1.0320367182919514,233,48:07
1120000,2243.9999999607603,-1488661.2738904906,388166.38852812775,299.89199098575705,1351.9611674653347,1.0302166392299046,233,48:03
1125000,2253.999999960524,-1491696.616876537,387470.45338410896,299.35432110473477,1349.1782937796122,1.0323416087681223,233,47:59
1130000,2263.9999999602874,-1489795.1554191262,390086.01905976766,301.37507102334973,1351.167617714775,1.030821692330915,233,47:55
1135000,2273.999999960051,-1489093.710522063,389793.42621473735,301.1490178321473,1350.2997031465072,1.0314842601756504,233,47:51
1140000,2283.9999999598144,-1491641.211151368,389788.7460626414,301.14540201127346,1352.3010121169323,1.0299577370981365,233,47:47
1145000,2293.999999959578,-1488870.005329866,388326.2690573848,300.0155124746231,1351.781192810338,1.030353801135399,233,47:43
1150000,2303.9999999593415,-1488811.2290715752,388723.5658460129,300.32245848663024,1351.093474564702,1.0308782601175797,233,47:39
1155000,2313.999999959105,-1488566.7635659808,387329.10401940893,299.2451165376799,1353.5258713808723,1.0290256874769024,232,47:38
1160000,2323.9999999588686,-1492038.8185270056,389568.302875628,300.9750906494284,1353.1476271348179,1.0293133301830826,232,47:34
1165000,2333.999999958632,-1488636.6339087486,389724.340136242,301.09564288201847,1356.0528221018642,1.0271081388678012,233,47:30
1170000,2343.9999999583956,-1486257.7807804048,387476.24948052166,299.3587990887759,1354.0281769207638,1.0286439485202687,233,47:26
1175000,2353.999999958159,-1488617.8071548836,387660.11898259586,299.5008541267397,1353.5527223591732,1.0290052742739668,233,47:21
1180000,2363.9999999579227,-1490908.3823045054,387387.5722647887,299.2902882965817,1354.7302145452509,1.028110892752922,233,47:18
1185000,2373.999999957686,-1489658.000870077,389787.32926363137,301.14430741192507,1354.151087906653,1.0285505825414123,233,47:14
1190000,2383.9999999574497,-1488493.9450693298,388656.69875211525,300.2707978933562,1351.5120509764354,1.0305589871057392,233,47:10
1195000,2393.9999999572133,-1490351.561235901,387775.86183927953,299.590275459341,1352.1162329352233,1.0300984903434716,233,47:06
1200000,2403.999999956977,-1491305.0139987292,388501.43630959984,300.1508442745284,1353.3294904919712,1.0291750088215035,233,47:02
1205000,2413.9999999567403,-1487228.836118131,388939.4503575696,300.48924787877525,1356.8031750461,1.0265401171899173,232,47:01
1210000,2423.999999956504,-1490359.3295776136,390217.9860131645,301.47702686900806,1352.2756909847542,1.0299770228814813,232,46:56
1215000,2433.9999999562674,-1488520.4144794038,389651.03993965394,301.03901216245055,1352.3533545126893,1.0299178729196596,233,46:52
1220000,2443.999999956031,-1490246.9935239265,390675.1293853443,301.83020952495303,1352.8441522891658,1.0295442294359465,233,46:48
1225000,2453.9999999557945,-1487781.362955477,389486.618473229,300.9119824082414,1352.3720474663785,1.02990363703898,233,46:45
1230000,2463.999999955558,-1488841.400003747,390524.8430895079,301.71410040832615,1352.518315103583,1.0297922584573698,233,46:41
1235000,2473.9999999553215,-1489565.2079564175,389159.1165098788,300.65895891433905,1353.388000969194,1.0291305149137189,233,46:37
1240000,2483.999999955085,-1490299.789323382,388521.2126320058,300.1661231880974,1352.7355996000192,1.0296268470551868,233,46:33
1245000,2493.9999999548486,-1488886.8342790399,388697.8749950228,300.30261008996,1353.3766313934898,1.02913916053167,233,46:28
1250000,2503.999999954612,-1487904.9360320633,389025.70686921553,300.55588846842306,1351.2764789555677,1.030738647498706,233,46:24
1255000,2513.9999999543757,-1488347.8160229828,388231.29173402034,299.9421343062807,1351.0150800250055,1.0309380782705224,232,46:23
1260000,2523.999999954139,-1489614.1764559885,387886.276005119,299.6755799189883,1349.4155259632355,1.0321601193385277,233,46:19
1265000,2533.9999999539027,-1491334.3568343613,389198.08071404684,300.6890621203622,1354.8764058428835,1.027999959486335,233,46:15
1270000,2543.9999999536662,-1489456.9706811197,390597.5778993688,301.77029431791703,1354.1064949039796,1.028584454440742,233,46:11
1275000,2553.99999995343,-1490771.52421954,388503.8886125387,300.15273888991135,1354.3339400698485,1.0284117152403653,233,46:07
1280000,2563.9999999531933,-1487968.3846690357,387459.4246407773,299.34580044994976,1355.1403745862194,1.0277997146537377,233,46:03
1285000,2573.999999952957,-1490697.3735491019,389193.04218932445,300.68516942574655,1352.1221090459244,1.0300940136969308,233,45:59
1290000,2583.9999999527204,-1490133.8415907593,389549.66025152756,300.96068761551334,1352.674185857585,1.029673593890936,233,45:55
1295000,2593.999999952484,-1491366.0306615625,390644.08175642305,301.8062225556333,1354.6078568686348,1.0282037589351922,233,45:51
1300000,2603.9999999522474,-1489921.1933162343,388055.2818315604,299.80615148643363,1353.6051561163863,1.0289654143395697,233,45:47
1305000,2613.999999952011,-1487809.2762623532,389349.1173429908,300.80575093398556,1353.7031781857693,1.02889090663296,232,45:46
1310000,2623.9999999517745,-1488596.209946434,389202.84849443496,300.6927456416444,1353.4491593362166,1.0290840115476259,233,45:42
1315000,2633.999999951538,-1489430.200842537,388970.68136269564,300.51337652201823,1353.2903909219397,1.0292047439770933,233,45:38
1320000,2643.9999999513016,-1488820.5924203768,388116.57243123313,299.85350375728393,1355.5569410855971,1.0274838688812598,233,45:34
1325000,2653.999999951065,-1489332.378793599,389206.61555163196,300.6956560180097,1352.6172605568108,1.0297169280111933,233,45:30
1330000,2663.9999999508286,-1492443.13897359,388424.592152078,300.09147553968705,1351.9284416101243,1.0302415774733302,233,45:26
1335000,2673.999999950592,-1489774.8266130658,387012.81106793886,299.00075297155354,1350.3044788842383,1.0314806120367475,233,45:22
1340000,2683.9999999503557,-1489864.5523916641,390219.9744999792,301.478563146459,1352.6650647317729,1.0296805370601212,233,45:18
1345000,2693.999999950119,-1488117.2548348177,390746.0505552906,301.88500224139324,1352.8718054225199,1.0295231852218854,233,45:14
1350000,2703.9999999498827,-1487933.1634149058,390510.3270140059,301.70288548886833,1354.8304831673,1.0280348040733336,233,45:10
1355000,2713.9999999496463,-1488306.6029042583,390222.5744661112,301.48057184438557,1353.7076276827945,1.028887524774917,232,45:09
1360000,2723.99999994941,-1488828.256161523,388808.3459558601,300.3879584286383,1355.6526914653948,1.0274112972179563,233,45:05
1365000,2733.9999999491733,-1489914.5434248075,388078.2290296181,299.82388017473954,1354.5852040420866,1.0282209536611777,233,45:01
1370000,2743.999999948937,-1489175.3977448912,390180.7394265216,301.4482506705636,1353.5368115889826,1.0290173701891303,233,44:57
1375000,2753.9999999487004,-1489227.6034205183,388132.5138103548,299.8658198466341,1353.1936860497444,1.0292782952464017,233,44:53
1380000,2763.999999948464,-1487133.9488865947,386499.30665321404,298.6040265525152,1354.9137959343773,1.0279715908826228,233,44:49
1385000,2773.9999999482275,-1489475.2565749278,387864.3648292136,299.6586516470892,1351.5306908438558,1.0305447739746436,233,44:45
1390000,2783.999999947991,-1488367.515908014,388734.8775884359,300.3311977826049,1354.1766004451306,1.0285312047613617,233,44:41
1395000,2793.9999999477545,-1488933.8615860492,389996.200571498,301.3056784997553,1352.6878656601891,1.02966318074843,233,44:37
1400000,2803.999999947518,-1489742.7336196192,389006.7175590133,300.5412175896136,1351.941162402003,1.0302318836426692,233,44:33
1405000,2813.9999999472816,-1487082.3103527064,388327.1780168242,300.0162147241327,1356.2156745606949,1.0269848051760904,233,44:31
1410000,2823.999999947045,-1488625.0148605863,388930.4191232232,300.48227047184554,1354.109158109077,1.0285824314639784,233,44:27
1415000,2833.9999999468087,-1491142.5711800512,387869.12781262683,299.66233146229484,1351.458474549131,1.0305998419819304,233,44:23
1420000,2843.999999946572,-1491189.0298636127,387368.2592290666,299.27536731190645,1353.1136335807919,1.0293391890743322,233,44:19
1425000,2853.9999999463357,-1489237.8775543645,389756.86230659543,301.1207690616845,1352.473271139055,1.0298265555684114,233,44:16
1430000,2863.9999999460993,-1489951.296868341,389235.27488879533,300.71779782610093,1353.6241059765205,1.0289510094906913,233,44:12
1435000,2873.999999945863,-1491456.9987699175,388129.7196836046,299.8636611428953,1350.9002517199294,1.0310257093683888,233,44:08
1440000,2883.9999999456263,-1488669.8847061498,388682.8058417815,300.2909678702791,1354.8242950177341,1.0280394996144087,233,44:04
1445000,2893.99999994539,-1490815.747760957,387425.2731565536,299.31941548488925,1353.5635473013904,1.0289970449428376,233,44:00
1450000,2903.9999999451534,-1490051.5459417338,388833.9677819625,300.4077534976335,1352.528592754352,1.0297844332289394,233,43:56
1455000,2913.999999944917,-1489209.233760492,389231.0141842959,300.7145060646473,1354.7409661875784,1.0281027333476427,233,43:54
1460000,2923.9999999446804,-1490677.281968669,388034.718713874,299.79026470569704,1351.761496776101,1.0303688140528342,233,43:50
1465000,2933.999999944444,-1490811.6558372192,390135.10988055647,301.41299791352,1352.065283299186,1.030137307362009,233,43:46
1470000,2943.9999999442075,-1490933.6494148094,389583.5024474715,300.98683362872026,1350.6488061849175,1.0312176517962917,233,43:42
1475000,2953.999999943971,-1488505.2132468577,389681.1904845216,301.0623060570197,1354.668495607685,1.028157733668029,233,43:38
1480000,2963.9999999437346,-1489272.8550384594,389430.97332507925,300.868991735271,1353.2313007505002,1.0292496852112594,233,43:34
1485000,2973.999999943498,-1487641.5099534793,388813.3857348551,300.3918520922877,1351.1247504390208,1.0308543973181667,233,43:31
1490000,2983.9999999432616,-1489398.5223332755,387668.737607933,299.50751275764713,1354.2516195966496,1.0284742289843527,233,43:27
1495000,2993.999999943025,-1489035.0759379994,390429.6905340904,301.64058685811966,1354.1206909724995,1.0285736711660378,233,43:23
1500000,3003.9999999427887,-1488104.679676135,389143.9635793425,300.64725196947705,1353.0959699230534,1.0293526263289963,233,43:19
1505000,3013.999999942552,-1489411.9041321035,388005.32189727586,299.7675531311795,1353.5235963531086,1.0290274170825144,233,43:17
1510000,3023.9999999423158,-1489745.4744105274,390236.0636036035,301.49099336571976,1353.1044553430047,1.0293461711811487,233,43:13
1515000,3033.9999999420793,-1490693.8226725766,387447.68570002774,299.33673110644787,1352.4149334112674,1.0298709781341369,233,43:09
1520000,3043.999999941843,-1488754.2965100305,388138.8448368454,299.8707111102658,1352.6141365327458,1.0297193062655503,233,43:05
1525000,3053.9999999416063,-1490543.546175654,388572.28833989747,300.2055835746309,1353.9933052715821,1.0286704409045115,233,43:01
1530000,3063.99999994137,-1487830.3328070072,388610.12354740006,300.2348145334224,1353.873724335374,1.0287612982512213,233,42:57
1535000,3073.9999999411334,-1489270.205534353,388289.4181254202,299.9870419535189,1352.2478405375741,1.0299982359459898,233,42:53
1540000,3083.999999940897,-1489678.7042997424,387739.430101025,299.56212880150787,1351.7252506426507,1.0303964431035746,233,42:49
1545000,3093.9999999406605,-1487369.6185366614,389393.7639922437,300.8402443186036,1351.786456741347,1.0303497888808768,233,42:45
1550000,3103.999999940424,-1487516.3948679417,387165.43940337707,299.118671515632,1352.9177535725573,1.029488220283583,233,42:41
1555000,3113.9999999401875,-1488637.5296044182,387653.313640582,299.49559641348526,1354.1819139498352,1.028527169036664,233,42:39
1560000,3123.999999939951,-1489535.3814664008,388057.4452283692,299.8078228969304,1354.4785033263986,1.02830195303575,233,42:35
1565000,3133.9999999397146,-1488540.779210898,386564.89197468956,298.6546968661179,1353.0893399498761,1.0293576700316558,233,42:31
1570000,3143.999999939478,-1488541.0879925461,388002.00430594425,299.76499000593446,1352.973836774414,1.0294455461430359,233,42:27
1575000,3153.9999999392417,-1488462.1237984896,389140.78582029615,300.6447968767244,1356.427282191509,1.026824591779944,233,42:23
1580000,3163.999999939005,-1488838.5712183928,390330.1888384862,301.5637132222689,1355.7794035735194,1.0273152746267897,233,42:19
1585000,3173.9999999387687,-1488592.9955415986,388961.13612090563,300.50600200003635,1354.8944009376294,1.0279863060557377,233,42:15
1590000,3183.9999999385323,-1491405.0772834197,388279.5586110676,299.97942462889534,1352.8476171654677,1.0295415925954352,233,42:11
1595000,3193.999999938296,-1489903.5042678453,388673.6326812287,300.2838808131224,1353.5823483357578,1.0289827523445114,233,42:08
1600000,3203.9999999380593,-1489880.8441314064,387658.255865121,299.49941470790924,1352.4849994985013,1.0298176252098377,233,42:04
1605000,3213.999999937823,-1489121.924940954,388286.1934502458,299.98455061401364,1352.798897945241,1.0295786701415943,233,42:02
1610000,3223.9999999375864,-1489663.1526341,389283.0818203515,300.75473280118126,1352.9012925528289,1.0295007462719887,233,41:58
1615000,3233.99999993735,-1490360.2060494358,388305.2325580098,299.9992599657316,1349.454084087189,1.032130627295567,233,41:54
1620000,3243.9999999371134,-1491124.792685302,388998.7172487925,300.53503666042576,1353.7614856732514,1.0288465915565643,233,41:50
1625000,3253.999999936877,-1489576.7150185704,387431.8902006422,299.32452772176714,1353.3828817787667,1.029134407614854,233,41:46
1630000,3263.9999999366405,-1489904.8737318162,389953.6935596465,301.272838169444,1354.0814440456968,1.0286034835202065,233,41:42
1635000,3273.999999936404,-1489540.196322498,388810.5419152566,300.3896549965406,1352.9735075840078,1.029445796616231,233,41:38
1640000,3283.9999999361676,-1491427.7702433206,389088.88471502194,300.60469879957236,1348.0436694583286,1.033210512293816,233,41:34
1645000,3293.999999935931,-1493124.5114485184,389640.770450701,301.03107809711275,1351.286910774372,1.030730690284942,233,41:30
1650000,3303.9999999356946,-1491421.8558546314,388452.2847602043,300.11287046627535,1350.5571534539836,1.0312876332211671,233,41:26
1655000,3313.999999935458,-1491857.4283649828,390025.59291946783,301.3283866218723,1351.313006172365,1.0307107856977267,233,41:24
1660000,3323.9999999352217,-1489664.7428242788,389924.4383166164,301.25023597270996,1353.4188874235092,1.029107029063973,233,41:20
1665000,3333.999999934985,-1490225.917652228,387898.3250671202,299.6848888578862,1353.8263346440817,1.0287973092809153,233,41:16
1670000,3343.9999999347488,-1489677.2282792348,388381.943973839,300.0585261461744,1348.9122401440986,1.032545223376939,233,41:12
1675000,3353.9999999345123,-1490722.4805637551,389938.14979521465,301.2608292717119,1352.7838224000632,1.0295901438593449,233,41:08
1680000,3363.999999934276,-1486816.8803637568,389900.33759934653,301.2316160913914,1354.5830187020583,1.028222612483396,233,41:04
1685000,3373.9999999340394,-1490527.3822998023,389153.76306336443,300.6548229154961,1350.6477386712183,1.0312184668415019,233,41:00
1690000,3383.999999933803,-1491085.9159942362,388575.30018429836,300.20791048401986,1349.5483155704098,1.0320585593312228,233,40:56
1695000,3393.9999999335664,-1489270.0189785296,389679.7681883521,301.06120721064184,1351.1119377199034,1.0308641730054915,233,40:52
1700000,3403.99999993333,-1490974.6518210508,388664.5610897861,300.2768722268575,1350.3370212793427,1.0314557539094127,233,40:49
1705000,3413.9999999330935,-1488655.897561361,388511.22722094523,300.15840859741604,1351.7950427076837,1.0303432445836107,233,40:46
1710000,3423.999999932857,-1488907.3126036683,389232.8184705492,300.71590003128847,1351.7589388772114,1.0303707637934052,233,40:43
1715000,3433.9999999326205,-1491828.3702449882,388840.9403869334,300.41314043593854,1350.088581771643,1.0316455594993388,233,40:39
1720000,3443.999999932384,-1492434.4838821217,389662.9134975979,301.0481855093377,1351.3976914421967,1.0306461962570623,233,40:35
1725000,3453.9999999321476,-1490665.3083096277,388551.59302964224,300.18959466374133,1349.5280887399012,1.032074027904073,233,40:31
1730000,3463.999999931911,-1490230.690889773,389324.39121749654,300.78664787091003,1353.1165109298954,1.0293370002249842,233,40:27
1735000,3473.9999999316747,-1488177.572195761,388399.5449282819,300.0721244004982,1352.7157607750485,1.0296419474830787,233,40:24
1740000,3483.999999931438,-1491706.3090897882,389199.43457772705,300.690108096744,1349.6070382125065,1.0320136535151692,233,40:20
1745000,3493.9999999312017,-1491306.8821774917,388354.5142331887,300.0373343073678,1352.4082817324281,1.0298760434469456,233,40:16
1750000,3503.9999999309653,-1488581.3434059154,390181.21203852317,301.44861580406894,1353.195419121301,1.029276977023688,233,40:12
1755000,3513.999999930729,-1490950.0964714708,390165.07333419693,301.43614726399085,1350.8327726310242,1.0310772129126586,233,40:10
1760000,3523.9999999304923,-1489958.89267918,386920.1014763605,298.92912682147056,1352.5963038318012,1.0297328821391452,233,40:06
1765000,3533.999999930256,-1491135.1716965092,387084.0214857212,299.0557691568772,1352.7585533989516,1.0296093762008622,233,40:03
1770000,3543.9999999300194,-1490738.8008956164,387875.0269428684,299.66688904884927,1353.17469715875,1.0292927389493416,233,39:59
1775000,3553.999999929783,-1488635.2403327823,389031.75427302526,300.5605606090885,1353.8999574786947,1.0287413649892172,233,39:55
1780000,3563.9999999295464,-1489146.1250879737,388452.41849625466,300.1129737889009,1353.0358609801588,1.0293983555664974,233,39:51
1785000,3573.99999992931,-1489559.9794516033,389304.8492381296,300.77155000753663,1352.8409666523019,1.0295466537815503,233,39:47
1790000,3583.9999999290735,-1489881.682274215,388880.67123716814,300.44383594212496,1355.2860178426865,1.0276892640953554,233,39:43
1795000,3593.999999928837,-1487829.2781251036,389722.3151244025,301.09407838583786,1352.116700791103,1.0300981339114896,233,39:39
1800000,3603.9999999286006,-1490396.9211360514,388232.1428134279,299.9427918384771,1353.1616480533512,1.0293026648509924,233,39:35
1805000,3613.999999928364,-1489489.5638605058,387202.3381140579,299.1471789499125,1354.0625507375498,1.0286178356803521,233,39:33
1810000,3623.9999999281276,-1489579.8456024574,389174.1165033735,300.6705477021549,1355.332931978572,1.027653691172536,233,39:29
1815000,3633.999999927891,-1489478.8799263667,387587.90323547344,299.44506123785203,1351.0391565789478,1.0309197061632953,233,39:26
1820000,3643.9999999276547,-1488272.0963119576,388474.26380284916,300.1298511710801,1351.1903703211235,1.0308043343917999,233,39:22
1825000,3653.9999999274182,-1490010.3522004979,387960.2912027179,299.7327630384627,1352.6549213461049,1.0296882585023288,233,39:18
1830000,3663.9999999271818,-1490006.7350783125,389652.82621406985,301.04039221339485,1353.6142869726527,1.0289584734145278,233,39:14
1835000,3673.9999999269453,-1490727.035417284,388135.7075326809,299.8682872723962,1352.3456992068932,1.0299237030385906,233,39:10
1840000,3683.999999926709,-1490781.2134475242,389745.5769537506,301.1120501539336,1351.1019968804253,1.0308717576699293,233,39:06
1845000,3693.9999999264724,-1489948.143358064,387970.52349655627,299.7406683673686,1354.782142684075,1.0280714857637954,233,39:02
1850000,3703.999999926236,-1487938.9844720736,389199.95044485724,300.69050664856434,1354.1783106083763,1.0285299058509823,233,38:58
1855000,3713.9999999259994,-1489584.1341436673,389339.3719456726,300.7982217746068,1354.5359093466477,1.0282583730004546,233,38:56
1860000,3723.999999925763,-1490480.7350674048,388880.3459357195,300.4435846187184,1352.0464699044353,1.0301516414697798,233,38:52
1865000,3733.9999999255265,-1490806.7936194735,388155.3922830187,299.88349543864996,1350.8159242346799,1.0310900732863284,233,38:48
1870000,3743.99999992529,-1490531.5581598394,387899.98410348705,299.6861706064711,1355.3024719012851,1.027676787427067,233,38:44
1875000,3753.9999999250535,-1488444.3430543356,388329.17003032845,300.0177537262553,1353.8026209811826,1.028815330041258,233,38:40
1880000,3763.999999924817,-1490860.6802252466,389544.94596423744,300.9570454222598,1350.7795105350522,1.031117868943521,233,38:36
1885000,3773.9999999245806,-1490591.0045162989,388923.43411671976,300.47687395228775,1355.7109426732493,1.0273671521519674,233,38:33
1890000,3783.999999924344,-1489648.3764128117,389765.7906742912,301.1276669952606,1352.5785546624513,1.0297463947763574,233,38:29
1895000,3793.9999999241077,-1491149.4735035598,387749.2613991917,299.5697243266958,1351.6534378843496,1.0304511876177003,233,38:25
1900000,3803.999999923871,-1491873.10831826,390338.37876498094,301.5700406463714,1349.9233785161778,1.031771812001983,233,38:21
1905000,3813.9999999236347,-1490257.3708339501,387661.1242176568,299.5016307574649,1350.0400875326,1.0316826168184747,233,38:19
1910000,3823.9999999233983,-1486888.8122610226,389299.8766518963,300.7677082560869,1354.0812046090675,1.0286036654039443,233,38:15
1915000,3833.999999923162,-1489040.5331194596,387517.99197040056,299.3910487599697,1356.6452125888422,1.0266596435022355,233,38:11
1920000,3843.9999999229253,-1488784.9263672326,389180.69177791325,300.6756276684562,1353.9910438448983,1.0286721589829246,233,38:07
1925000,3853.999999922689,-1489774.6484307898,390652.8436023141,301.8129918367629,1353.1631169514085,1.0293015475129084,233,38:03
1930000,3863.9999999224524,-1489866.8949442906,388822.4733133197,300.39887302990496,1352.2034230780882,1.0300320695424254,233,37:59
1935000,3873.999999922216,-1491060.4653431782,389617.33017156,301.01296846117157,1352.6448644655347,1.0296959142086508,233,37:56
1940000,3883.9999999219795,-1489537.7476753443,388651.4175252452,300.2667176904131,1355.4802667887666,1.0275419896854363,233,37:52
1945000,3893.999999921743,-1489850.093544797,388608.8166797878,300.2338048655538,1354.0235276125604,1.028647480573184,233,37:48
1950000,3903.9999999215065,-1488257.3367216848,387008.69345494115,298.99757176061803,1354.8867059613954,1.0279921444259565,233,37:44
1955000,3913.99999992127,-1489001.188074234,389147.5010781039,300.6499849921653,1348.3072524120803,1.0330085281554156,233,37:41
1960000,3923.9999999210336,-1490551.6815604372,388535.4782262782,300.1771445892166,1353.0417966691982,1.0293938396760414,233,37:37
1965000,3933.999999920797,-1489899.2682725247,390129.86269449757,301.40894401003743,1355.1086900533826,1.0278237461975153,233,37:34
1970000,3943.9999999205606,-1488150.796402596,389036.81104605563,300.564467402095,1354.9161568113693,1.0279697996909944,233,37:30
1975000,3953.999999920324,-1489963.8476621676,387897.4594490827,299.6842200933451,1354.9529894492157,1.0279418556666307,233,37:26
1980000,3963.9999999200877,-1489002.8356870534,387928.8903272361,299.7085031557288,1353.0396151330515,1.0293954993908385,233,37:22
1985000,3973.9999999198512,-1490656.2393798577,387778.07345793414,299.5919841253699,1352.5731503248242,1.0297505092282717,233,37:18
1990000,3983.9999999196148,-1492253.0104614664,390359.8955051798,301.58666418269104,1351.6751890348612,1.0304346056022438,233,37:14
1995000,3993.9999999193783,-1489822.6222807309,388341.860162382,300.02755794702216,1352.5502280199746,1.0297679608944668,233,37:10
2000000,4003.999999919142,-1489586.5549452808,390257.1763750211,301.507304801338,1352.3908808633544,1.0298892945997355,233,37:06
2005000,4013.9999999189054,-1490060.2785822554,387765.710821052,299.5824329228496,1353.8723782257114,1.0287623211138976,233,37:04
2010000,4023.999999918669,-1490107.2490264717,388443.4048598276,300.1060099778806,1354.7994826986287,1.028058327525434,233,37:00
2015000,4033.9999999184324,-1488382.478028736,388444.011867156,300.10647894335943,1357.5949388889926,1.025941428048711,233,36:56
2020000,4043.999999918196,-1489029.1630657092,389030.2696203714,300.55941358695196,1352.9246549324723,1.029482968794736,233,36:52
2025000,4053.9999999179595,-1486693.5806113994,387388.2600348022,299.2908196581957,1355.5350984858458,1.0275004253827655,233,36:49
2030000,4063.999999917723,-1491050.3919355245,389735.67691981955,301.1044015244433,1352.6591203147295,1.0296850621104028,233,36:45
2035000,4073.9999999174865,-1489479.5995047316,389553.8970632511,300.9639609177382,1350.873458728402,1.0310461585547408,233,36:41
2040000,4083.99999991725,-1490373.4418230886,389787.9106108187,301.14475655273327,1350.9859155609001,1.030960333688756,233,36:37
2045000,4093.9999999170136,-1489887.833696643,388145.0735038575,299.875523292378,1353.520953976542,1.0290294259748967,233,36:33
2050000,4103.999999918596,-1489279.3996800045,389106.92240137246,300.6186344669364,1352.0147343109518,1.0301758220300137,233,36:29
2055000,4113.999999920633,-1492241.0846120417,391255.6223685297,302.2786903868351,1350.9595935346563,1.0309804208661149,233,36:27
2060000,4123.99999992267,-1489614.3321809173,387729.9741652312,299.55482327610525,1352.1256470981746,1.030091318291773,233,36:23
2065000,4133.9999999247075,-1490266.9302658718,387287.2416292152,299.2127742331588,1353.841885195743,1.0287854922689865,233,36:19
2070000,4143.999999926745,-1490637.1362021025,388843.841558967,300.4153818413849,1351.7872185849394,1.030349208193788,233,36:15
2075000,4153.999999928782,-1491592.6583911767,387966.8996787526,299.7378686557804,1351.1720777625503,1.0308182897191593,233,36:12
2080000,4163.999999930819,-1493845.9987291489,386483.54391033115,298.59184847505605,1351.0187384626201,1.030935286582638,233,36:08
2085000,4173.999999932857,-1491932.4239070415,390615.37494139205,301.78404406679726,1350.3213412850828,1.031467731221632,233,36:04
2090000,4183.999999934894,-1490916.6011563428,388816.75227446127,300.3944530342937,1351.32361900935,1.0307026908450996,233,36:00
2095000,4193.999999936931,-1489348.758535076,390843.992086748,301.9606705159709,1352.7604875548946,1.0296079040813613,233,35:56
2100000,4203.999999938968,-1489937.381554124,388065.87830564525,299.81433817596843,1351.610219371948,1.0304841368857605,233,35:52
2105000,4213.999999941006,-1491464.225754397,388531.62650734605,300.17416880436394,1354.3860835262026,1.028372121699026,233,35:50
2110000,4223.999999943043,-1490677.7607351048,389999.8079309623,301.30846549585783,1354.4642133943241,1.0283128018753986,233,35:46
2115000,4233.99999994508,-1488754.0821580216,388300.30815205234,299.99545543769756,1351.783596667596,1.0303519688721068,233,35:42
2120000,4243.999999947117,-1488558.0747400606,389471.9544079152,300.90065315389876,1353.015905440194,1.029413538093134,233,35:39
2125000,4253.999999949155,-1489403.0978494463,389504.37015702913,300.9256971139849,1352.3909582851168,1.029889235640569,233,35:35
2130000,4263.999999951192,-1489989.992171987,388311.1304760488,300.00381661575506,1352.4389029782083,1.0298527255082353,233,35:31
2135000,4273.999999953229,-1491714.3105843076,389146.5966351378,300.64928623202053,1352.744270435586,1.029620247341345,233,35:27
2140000,4283.9999999552665,-1489546.1451434707,389209.9928302064,300.6982652567943,1353.254395576051,1.0292321198946377,233,35:23
2145000,4293.999999957304,-1488768.990607109,390667.4507702449,301.8242771329731,1355.8280672686121,1.0272784019889567,233,35:19
2150000,4303.999999959341,-1491733.8752162512,388686.2591916,300.2936358806562,1351.3586286598015,1.0306759884286125,233,35:16
2155000,4313.999999961378,-1490133.3337985761,388818.65757178556,300.3959250406932,1352.8276791539292,1.0295567660077396,233,35:13
2160000,4323.999999963416,-1491540.1182653503,388105.7626511769,299.84515227050144,1354.2209117784641,1.0284975502898779,233,35:09
2165000,4333.999999965453,-1491499.5217863843,387361.58879724354,299.2702138284023,1354.6857927918898,1.0281446057280996,233,35:05
2170000,4343.99999996749,-1490979.034287286,388132.73427101417,299.86599017149484,1355.4865627366203,1.0275372169706325,233,35:01
2175000,4353.999999969527,-1491215.172245467,389375.2073795046,300.82590773587833,1352.1091954761548,1.0301038518009535,233,34:57
2180000,4363.999999971565,-1488794.38044611,389511.5073033732,300.9312111746824,1352.7031019085523,1.0296515830786013,233,34:54
2185000,4373.999999973602,-1489915.3545212755,387514.69704846304,299.38850314878545,1356.0142448043928,1.0271373591037687,233,34:50
2190000,4383.999999975639,-1490953.251770963,387063.9638065543,299.04027287096045,1353.5139413487796,1.029034757431116,233,34:46
2195000,4393.999999977676,-1488247.4458124675,388560.8007435703,300.1967084163586,1352.5424867528518,1.0297738547639295,233,34:42
2200000,4403.999999979714,-1489071.9231988024,389600.83382212685,301.0002236094232,1354.0121102710773,1.0286561543652886,233,34:38
2205000,4413.999999981751,-1490454.423362853,387133.24691979063,299.093800047409,1354.6481389058013,1.0281731841011506,233,34:35
2210000,4423.999999983788,-1492068.5293503515,388992.40013341047,300.5301561443244,1352.7828683600665,1.0295908699700906,233,34:32
2215000,4433.9999999858255,-1487016.011379201,387190.4004287541,299.1379560591128,1352.4363656530415,1.0298546576296308,233,34:28
2220000,4443.999999987863,-1489039.9212476416,389334.3078501553,300.79430932434803,1352.0955479058118,1.0301142493019286,233,34:24
2225000,4453.9999999899,-1489365.7057888694,389091.2894422058,300.606556658584,1352.4684971411125,1.0298301906917935,233,34:20
2230000,4463.999999991937,-1491368.081152428,387671.258771737,299.50946057398346,1355.0996800363948,1.0278305801666692,233,34:16
2235000,4473.999999993975,-1489898.6214193199,389223.21564456023,300.7084810205497,1352.8810372809248,1.0295161599092313,233,34:13
2240000,4483.999999996012,-1489936.8824036997,388675.71871657,300.2854924552178,1356.0995522672793,1.027072745497788,233,34:09
2245000,4493.999999998049,-1490293.6934538689,386965.74037120317,298.96438680132775,1353.9009943046767,1.0287405771725449,233,34:05
2250000,4504.000000000086,-1490568.380312549,389372.36510838487,300.82371183646455,1355.1239799949492,1.0278121492032535,233,34:01
2255000,4514.000000002124,-1491985.8493616441,389734.8975828503,301.10379941946394,1353.891619767658,1.0287477003177672,233,33:58
2260000,4524.000000004161,-1491827.0464970618,388830.74267324875,300.4052618231818,1352.8596032892517,1.0295324710184885,233,33:55
2265000,4534.000000006198,-1489273.120988614,387933.0434663524,299.71171181365287,1352.4532115777192,1.0298418299370773,233,33:51
2270000,4544.0000000082355,-1489903.224950157,388866.95452445094,300.433238599315,1353.694617366779,1.0288974133802713,233,33:47
2275000,4554.000000010273,-1489978.8386032144,389680.59511988715,301.0618460865254,1356.242978818162,1.0269641296349277,233,33:43
2280000,4564.00000001231,-1490053.7547085416,388029.40103913925,299.786156343637,1354.1575913149118,1.0285456428767856,233,33:39
2285000,4574.000000014347,-1491320.7569495495,387794.32995699154,299.60454367203045,1352.8326626891305,1.0295529733491746,233,33:36
2290000,4584.000000016385,-1490939.4258052232,388937.10639781144,300.4874369678375,1353.7307581584614,1.0288699447223753,233,33:32
2295000,4594.000000018422,-1488407.514194143,386823.82570476504,298.85474548995717,1350.8737714218646,1.0310459198933646,233,33:28
2300000,4604.000000020459,-1488075.2669015499,389041.5166117863,300.56810285719206,1351.199857750328,1.030797096614879,233,33:24
2305000,4614.000000022496,-1489686.0831999462,388935.0484793468,300.4858470484527,1353.6441382489477,1.028935782278196,233,33:21
2310000,4624.000000024534,-1489342.2990308218,386207.1808617481,298.3783342004464,1354.0441891381693,1.0286317843156816,233,33:17
2315000,4634.000000026571,-1488092.0529531687,388238.64159118885,299.94781270442354,1354.8712757404858,1.0280038519188865,233,33:14
2320000,4644.000000028608,-1488981.6299081203,388735.8057788401,300.33191488969237,1355.0988140959098,1.0278312369749416,233,33:10
2325000,4654.000000030645,-1486396.1674038805,388621.4583815476,300.24357166974454,1356.7738787095925,1.026562282906094,233,33:06
2330000,4664.000000032683,-1489602.6083621364,388911.1391001715,300.46737499230346,1353.1578594088712,1.0293055467482024,233,33:02
2335000,4674.00000003472,-1491043.9806884127,387708.61649348063,299.5383226338719,1352.4835052238166,1.029818762991113,233,32:59
2340000,4684.000000036757,-1491626.7410110664,389143.52672793757,300.64691446411473,1353.20570783085,1.0292691512128738,233,32:55
2345000,4694.0000000387945,-1489417.8761929935,387901.37562099105,299.68724567367707,1351.7125863599774,1.030406096954514,233,32:51
2350000,4704.000000040832,-1489803.8582162987,388772.76479092194,300.36046891200255,1351.5848125885148,1.0305035076918345,233,32:47
2355000,4714.000000042869,-1488437.577097674,388578.3941603374,300.2103008471781,1354.8708797506201,1.028004152374903,233,32:44
2360000,4724.000000044906,-1489498.4835490398,389665.2966629123,301.05002670994674,1352.549534324957,1.0297684890414114,233,32:41
2365000,4734.000000046944,-1493094.85446403,388816.4492400198,300.39421891406926,1352.5954391289933,1.0297335404386547,233,32:37
2370000,4744.000000048981,-1492455.1551727643,388998.2432766828,300.5346704761196,1352.276527893255,1.0299763854404638,233,32:33
2375000,4754.000000051018,-1491619.9605081892,387983.7838060565,299.7509130993563,1353.4807394542822,1.0290600004230954,233,32:29
2380000,4764.000000053055,-1491211.2779165944,387784.14669831085,299.59667622701016,1352.5201051572096,1.029790895532442,233,32:26
2385000,4774.000000055093,-1489221.8182406984,387896.44942718896,299.683439764379,1353.579868917121,1.028984637182689,233,32:22
2390000,4784.00000005713,-1488834.4905072749,388813.2492837795,300.3917466720712,1353.6874367836729,1.0289028711271515,233,32:18
2395000,4794.000000059167,-1489562.8597164908,388370.5156947283,300.0496968155643,1354.8861369790493,1.027992576129674,233,32:14
2400000,4804.000000061204,-1488805.5935230246,389699.4339856418,301.0764007340324,1357.5923675248255,1.0259433712454236,233,32:10
2405000,4814.000000063242,-1489644.0159563366,389096.37531418947,300.6104859330399,1353.4956191818242,1.029048687396135,233,32:08
2410000,4824.000000065279,-1492456.25115126,388884.63091989304,300.44689513831287,1351.7398803155256,1.0303852912813094,233,32:04
2415000,4834.000000067316,-1490056.9116090406,389052.39113270945,300.57650436187413,1351.7838721966443,1.0303517588593205,233,32:00
2420000,4844.0000000693535,-1490854.058805937,388553.36315395974,300.19096223734266,1353.9329161663618,1.028716322415147,233,31:56
2425000,4854.000000071391,-1489658.0802565133,387847.0890613722,299.6453046274428,1352.7667932099337,1.029603104767613,233,31:52
2430000,4864.000000073428,-1491135.8613141198,387980.21480982867,299.74815574216046,1352.7919301441575,1.0295839731739478,233,31:48
2435000,4874.000000075465,-1485873.794615128,386805.0774657917,298.84026085944987,1355.031383908964,1.027882384758883,233,31:45
2440000,4884.000000077503,-1491751.2746535968,386236.5823312702,298.40104936974865,1348.9238412276427,1.032536343228903,233,31:41
2445000,4894.00000007954,-1489763.1104072891,389745.0084971951,301.1116109722494,1349.231077239231,1.032301222386176,233,31:37
2450000,4904.000000081577,-1489843.938653281,388661.8935770622,300.2748113433668,1351.2237946627868,1.0307788360573296,233,31:33
2455000,4914.000000083614,-1488593.368812819,389790.86424554244,301.14703849012955,1352.6555806222457,1.0296877566385056,233,31:30
2460000,4924.000000085652,-1489205.6254017726,388230.68465452694,299.94166528504826,1354.6152383251404,1.0281981561329274,233,31:26
2465000,4934.000000087689,-1491422.2624336313,388991.41085769434,300.5293918435686,1351.8397256412545,1.030309188210004,233,31:23
2470000,4944.000000089726,-1490203.0557130286,388586.82351294544,300.21681324858906,1353.7170088118653,1.0288803946830247,233,31:19
2475000,4954.0000000917635,-1488223.7659182874,388919.571926757,300.47389007766145,1355.806295808264,1.02729489796708,233,31:15
2480000,4964.000000093801,-1492849.8192363828,388037.5177330425,299.79242718925065,1353.5648342561449,1.0289960665836146,233,31:11
2485000,4974.000000095838,-1488880.4551985124,389210.2371226462,300.6984539937594,1353.0327947601947,1.029400688371586,233,31:07
2490000,4984.000000097875,-1488908.4267187072,389162.6737995177,300.66170722718596,1354.1776413653438,1.0285304141568736,233,31:04
2495000,4994.0000000999125,-1487596.8018838344,388291.22198909026,299.988435593678,1356.497011391345,1.0267718090192337,233,31:00
2500000,5004.00000010195,-1488812.2401985023,387997.30829466047,299.7613619324711,1353.904007524175,1.0287382876297495,233,30:56
2505000,5014.000000103987,-1489862.6601612633,388173.76067106647,299.89768660157813,1356.1579355843578,1.0270285294723605,233,30:53
2510000,5024.000000106024,-1488659.0930329915,390828.8912400318,301.9490038103489,1353.785177564783,1.028828586246524,233,30:49
2515000,5034.000000108062,-1489691.8282250809,387826.0425059991,299.629044349426,1352.7432117665653,1.0296210531314236,233,30:45
2520000,5044.000000110099,-1490897.9439251982,389968.8463959451,301.2845450414993,1352.3886318610134,1.0298910072904373,233,30:42
2525000,5054.000000112136,-1489162.5403336836,389013.37609382765,300.5463618816532,1354.5308077471245,1.0282622457528465,233,30:38
2530000,5064.000000114173,-1489243.2034897674,387632.2167174662,299.47929722204606,1358.0726895392363,1.0255805164508727,233,30:34
2535000,5074.000000116211,-1491624.328700916,387723.5156029495,299.54983348008267,1355.5491570287386,1.0274897690677747,233,30:30
2540000,5084.000000118248,-1490181.5852158032,388979.58676996676,300.52025671668736,1352.4940553149595,1.0298107299193464,233,30:26
2545000,5094.000000120285,-1491667.5387272732,389117.23590664205,300.6266025386725,1354.6578315571137,1.0281658274654526,233,30:23
2550000,5104.0000001223225,-1489587.2668555742,390383.82112557895,301.60514878658546,1354.489014874227,1.0282939728712432,233,30:19
2555000,5114.00000012436,-1489671.4207556099,388125.3878319371,299.86031441412223,1353.587975979285,1.0289784742715467,233,30:16
2560000,5124.000000126397,-1488668.2449018778,389486.86608113616,300.91217370669085,1351.6557590034718,1.0304494180843407,233,30:12
2565000,5134.000000128434,-1489030.6374333454,388623.9455607984,300.2454932300844,1354.0561679529933,1.0286226844053838,233,30:08
2570000,5144.000000130472,-1488020.2257453008,388087.739693295,299.83122798214885,1354.099291411447,1.0285899262702332,233,30:04
2575000,5154.000000132509,-1488912.7538198624,388803.72104947834,300.3843852898402,1351.832859561028,1.0303144212426931,233,30:01
2580000,5164.000000134546,-1489905.4358568601,388585.8729680161,300.21607887070417,1350.965444295633,1.0309759558962375,233,29:57
2585000,5174.000000136583,-1489883.6413535941,387511.6097965051,299.3861179805594,1351.0808492340925,1.030887893278215,233,29:53
2590000,5184.000000138621,-1490198.6645548819,387701.4331070527,299.5327728487243,1351.420724254884,1.0306286305350345,233,29:49
2595000,5194.000000140658,-1491461.1005995534,388994.9913792956,300.5321581051087,1351.8865383602115,1.0302735109744534,233,29:45
2600000,5204.000000142695,-1490343.6055498347,388966.7917685723,300.510371475316,1350.7668862872065,1.0311275057562588,233,29:42
2605000,5214.000000144732,-1492456.515422389,388328.8816797706,300.01753095059655,1351.3941043819184,1.0306489319431362,233,29:39
2610000,5224.00000014677,-1490695.446839678,389856.2457890791,301.1975513677109,1353.2468913087446,1.0292378273771359,233,29:35
2615000,5234.000000148807,-1490288.366882353,388554.1048256605,300.1915352426558,1352.8404010780375,1.029547084198243,233,29:31
2620000,5244.000000150844,-1490945.147888478,387175.9618121047,299.1268009832947,1352.785336178892,1.029588991738812,233,29:27
2625000,5254.0000001528815,-1489707.2244108943,387084.6552458735,299.0562587912183,1352.012049948721,1.0301778674001476,233,29:23
2630000,5264.000000154919,-1492174.9158746544,388127.2147871906,299.86172589451985,1351.9443233718935,1.030229474865985,233,29:20
2635000,5274.000000156956,-1489373.5884114495,390123.47877080867,301.40401187876085,1352.6025098822845,1.0297281574885517,233,29:16
2640000,5284.000000158993,-1489358.7861334635,388874.98026085674,300.43943917242234,1356.1543387962276,1.0270312533540888,233,29:12
2645000,5294.000000161031,-1488940.569847716,389631.67906753987,301.0240542200395,1352.4834945397265,1.029818771126278,233,29:08
2650000,5304.000000163068,-1492792.7132708514,389078.5471443372,300.59671213522887,1350.568908623042,1.0312786570331334,233,29:04
2655000,5314.000000165105,-1490221.2997325677,387780.7038884189,299.59401635963474,1352.7827751570126,1.0295909409061013,233,29:01
2660000,5324.000000167142,-1489306.7772198152,388853.76152592374,300.4230458708555,1352.9992742110023,1.029426191767686,233,28:58
2665000,5334.00000016918,-1489775.6350660073,385628.09027979674,297.9309368143898,1354.7670361146236,1.0280829494567307,233,28:54
2670000,5344.000000171217,-1492770.0934826164,388528.6353330709,300.17185786442866,1351.997518264114,1.0301889400682966,233,28:50
2675000,5354.000000173254,-1489310.859818968,388687.14970912674,300.29432388219885,1352.363897909952,1.0299098433994256,233,28:46
2680000,5364.0000001752915,-1490265.4294282254,388345.8602784198,300.03064838142916,1354.3836641872583,1.0283739586827325,233,28:42
2685000,5374.000000177329,-1490755.1929040514,388157.2092846576,299.8848992290224,1352.4461534480595,1.0298472044631877,233,28:39
2690000,5384.000000179366,-1491168.351601108,389836.3934700234,301.1822137401799,1350.6072566158398,1.0312493757847774,233,28:35
2695000,5394.000000181403,-1490806.7156894375,389713.11848219845,301.08697318708164,1351.3700151441428,1.0306673040743115,233,28:31
2700000,5404.0000001834405,-1489791.0095277252,388185.73811671673,299.9069402106724,1351.3808467979356,1.0306590430193767,233,28:27
2705000,5414.000000185478,-1490903.7341269413,389354.24867568666,300.80971533075984,1353.9981633432005,1.0286667500910314,233,28:24
2710000,5424.000000187515,-1491130.5503284968,387976.92501034494,299.7456140885133,1353.1348931907387,1.0293230167401672,233,28:20
2715000,5434.000000189552,-1492299.8483558157,388237.0039451815,299.946547481735,1352.4801502238593,1.0298213175882398,233,28:17
2720000,5444.00000019159,-1491303.1396852862,389419.1841785867,300.8598836035054,1352.478970080274,1.0298222161878108,233,28:13
2725000,5454.000000193627,-1490481.4635658432,386733.8981936226,298.78526873679687,1353.358077823221,1.0291532692927172,233,28:09
2730000,5464.000000195664,-1491185.800411827,388386.4895694728,300.0620380105839,1353.2402831694826,1.029242853348489,233,28:05
2735000,5474.000000197701,-1490380.3337433068,387852.9880556697,299.64986210896865,1350.9666332345348,1.0309750485700382,233,28:01
2740000,5484.000000199739,-1490408.7685115226,389373.40743884805,300.82451712658525,1351.8473722911065,1.0303033603230967,233,27:58
2745000,5494.000000201776,-1489820.0345402202,388397.85411574773,300.0708181020853,1353.758893925732,1.0288485612652127,233,27:54
2750000,5504.000000203813,-1491278.6143359402,388584.08144714375,300.2146947664201,1355.9143815906748,1.0272130078608013,233,27:50
2755000,5514.0000002058505,-1489385.208744457,388868.29778747325,300.43427638577487,1351.7851679064327,1.0303507712490911,233,27:47
2760000,5524.000000207888,-1488881.9883113047,388732.28294611984,300.3291931977849,1353.891622952906,1.0287476978974728,233,27:43
2765000,5534.000000209925,-1489033.7116334783,389827.08211447916,301.17501991548136,1353.637395201167,1.0289409078481362,233,27:39
2770000,5544.000000211962,-1489369.0790827917,388440.2030291768,300.10353628773885,1355.5348660970444,1.0275006015343335,233,27:36
2775000,5554.000000214,-1489325.6134332363,388347.41490306787,300.0318494629621,1353.4568961254809,1.0290781289767397,233,27:32
2780000,5564.000000216037,-1490238.9614997944,388112.87782232213,299.85064935346384,1352.7353773570194,1.0296270162141836,233,27:28
2785000,5574.000000218074,-1490193.8587219324,389767.19740440557,301.12875381551925,1351.5849160860178,1.030503428781114,233,27:24
2790000,5584.000000220111,-1492599.6136483103,389923.97837721556,301.2498806298809,1350.4272723584777,1.0313868201750491,233,27:20
2795000,5594.000000222149,-1491533.7839944856,388015.2960015087,299.77525898636196,1352.1044203919507,1.0301074897097993,233,27:17
2800000,5604.000000224186,-1489591.0063040517,390177.9335349272,301.44608287746865,1354.4278163626411,1.0283404353403776,233,27:13
2805000,5614.000000226223,-1488859.3855767036,388918.51486700226,300.47307340789354,1353.7121356101002,1.0288840985293768,233,27:10
2810000,5624.00000022826,-1489928.2343095504,388641.01353914733,300.2586797144386,1353.529299516537,1.0290230812240044,233,27:06
2815000,5634.000000230298,-1490940.119156478,387632.2613723476,299.47933172179074,1350.034614368734,1.0316867993542107,233,27:02
2820000,5644.000000232335,-1489188.8213293292,387803.8861594795,299.61192666209627,1352.9913765894432,1.0294322006888266,233,26:58
2825000,5654.000000234372,-1489410.9370959662,388270.2352960211,299.97222156445054,1355.0594144285214,1.027861122165537,233,26:55
2830000,5664.0000002364095,-1490565.5171799315,386305.92803241883,298.45462490075386,1351.457299482816,1.0306007380688131,233,26:51
2835000,5674.000000238447,-1491405.842454344,388343.700076225,300.0289794390471,1351.0863608702489,1.0308836878631134,233,26:47
2840000,5684.000000240484,-1490448.2775389906,390183.98069625226,301.45075483079376,1352.8856293405315,1.0295126654530335,233,26:43
2845000,5694.000000242521,-1491737.1010430772,388960.6139898955,300.50559860882885,1352.7102485885073,1.0296461431920203,233,26:40
2850000,5704.000000244559,-1490439.8915541312,388387.4637395356,300.06279064092064,1351.6187445419807,1.0304776372330156,233,26:36
2855000,5714.000000246596,-1490583.460619945,387555.98570800986,299.42040219693223,1351.2221190282166,1.0307801143139739,233,26:33
2860000,5724.000000248633,-1490743.1619029064,387433.00267803605,299.3253872064377,1352.679804496051,1.0296693169263187,233,26:29
2865000,5734.00000025067,-1489379.2953623096,387444.26052348374,299.3340848623535,1353.1723826952013,1.0292944994497444,233,26:25
2870000,5744.000000252708,-1488901.7397263795,388151.5168454369,299.88050132909615,1353.4828152620018,1.0290584221757262,233,26:21
2875000,5754.000000254745,-1489935.1850614725,388316.2807104492,300.00779561572523,1352.7248605171476,1.0296350211106506,233,26:17
2880000,5764.000000256782,-1491280.2680165488,389274.4556187026,300.74806831691984,1349.039311544706,1.0324479638185242,233,26:14
2885000,5774.0000002588195,-1490390.4922141833,388313.4369768662,300.0055985864325,1350.5356675036464,1.0313040401887164,233,26:10
2890000,5784.000000260857,-1490324.8012784105,388126.0729688511,299.8608437414399,1354.7971099798287,1.0280601280115018,233,26:06
2895000,5794.000000262894,-1488928.2874658275,389809.89018593426,301.1617376689175,1352.6973455372008,1.0296559647364012,233,26:02
2900000,5804.000000264931,-1491744.3944180338,387779.9583611775,299.5934403755842,1350.398369284071,1.0314088953275993,233,25:59
2905000,5814.0000002669685,-1489656.5649550995,388005.61874808546,299.7677824740153,1351.8397228978097,1.0303091903009298,233,25:55
2910000,5824.000000269006,-1491648.6121054003,388243.4847432284,299.95155445680274,1350.3508593568413,1.0314451837938314,233,25:52
2915000,5834.000000271043,-1489971.173464276,387690.34456514206,299.52420599438295,1352.8272707302303,1.0295570768348434,233,25:48
2920000,5844.00000027308,-1489913.605350851,388346.45676804404,300.031109221075,1352.829150989029,1.0295556458827155,233,25:44
2925000,5854.000000275118,-1489483.9066855116,387342.73486081726,299.25564753750257,1354.0748510830163,1.0286084917694733,233,25:40
2930000,5864.000000277155,-1490970.537932476,388275.3993576269,299.9762112471286,1354.666787995239,1.0281590297025651,233,25:36
2935000,5874.000000279192,-1492895.7315173699,389623.86204941233,301.01801489979147,1353.555947315767,1.0290028225856187,233,25:33
2940000,5884.000000281229,-1489735.7859332543,389397.5735764635,300.84318755075935,1353.781141290807,1.0288316536803372,233,25:29
2945000,5894.000000283267,-1490452.01520669,387664.5494337908,299.50427703214586,1357.6953288485481,1.0258655684532039,233,25:25
2950000,5904.000000285304,-1490791.9154348504,388864.895022604,300.4316474566309,1352.467835964293,1.0298306941417328,233,25:21
2955000,5914.000000287341,-1491190.5790909575,386518.22467203974,298.61864235259173,1351.174973970859,1.0308160801870465,233,25:18
2960000,5924.0000002893785,-1489323.6961383596,386731.30592360743,298.7832659847838,1351.344885524841,1.0306864703709808,233,25:14
2965000,5934.000000291416,-1488163.9984945133,387534.10980727465,299.4035011781424,1355.4141395274992,1.0275921208856604,233,25:11
2970000,5944.000000293453,-1490683.6062125936,388839.5642323105,300.41207723788233,1354.9102780289018,1.0279742599205266,233,25:07
2975000,5954.00000029549,-1489634.144140738,388506.941604471,300.1550975893147,1350.7228169113787,1.0311611478514457,233,25:03
2980000,5964.000000297528,-1490563.9425515542,388658.7166893764,300.2723569238154,1354.5883718325642,1.0282185491015243,233,24:59
2985000,5974.000000299565,-1491192.2421057215,386348.62002811837,298.4876081470314,1352.5005947153256,1.0298057507387897,233,24:56
2990000,5984.000000301602,-1492060.7696540272,388934.6761977903,300.4855594288635,1351.0921403761042,1.0308792780985,233,24:52
2995000,5994.000000303639,-1489272.2236034973,388138.45130195294,299.87040707064284,1355.172654258223,1.027775232874556,233,24:48
3000000,6004.000000305677,-1489895.4745267946,390162.7123153604,301.4343231734447,1354.0671119791632,1.0286143707306203,233,24:44
3005000,6014.000000307714,-1489815.3186248215,387596.3336226562,299.4515744385611,1354.9888972081626,1.0279146147878007,233,24:41
3010000,6024.000000309751,-1490906.7652543895,388397.06837016233,300.0702110458976,1351.7465067507994,1.0303802402000561,233,24:37
3015000,6034.000000311788,-1489749.0953620384,386858.23371003417,298.8813286396346,1353.8125507091595,1.028807784050965,233,24:34
3020000,6044.000000313826,-1491246.0286506787,389348.3326249912,300.8051446716964,1350.3373815103578,1.0314554787468067,233,24:30
3025000,6054.000000315863,-1489490.8008293249,389604.50150967145,301.00305721416737,1351.3311828828716,1.03069692164145,233,24:26
3030000,6064.0000003179,-1489429.2800603053,390112.65053641115,301.3956461344092,1355.4583079425452,1.0275586361852995,233,24:22
3035000,6074.0000003199375,-1488695.37671699,388223.8074488309,299.93635205090544,1354.4777775327775,1.0283025040488494,233,24:18
3040000,6084.000000321975,-1489148.3390173307,387557.3297722826,299.4214406024271,1352.9813447222755,1.02943983355615,233,24:15
3045000,6094.000000324012,-1489141.5386246033,388953.58374100615,300.50016713562854,1353.968634059694,1.0286891847260242,233,24:11
3050000,6104.000000326049,-1489270.0983201116,387508.2877177198,299.3835513883696,1353.840225709436,1.0287867533154564,233,24:07
3055000,6114.000000328087,-1490266.895628009,389158.930599672,300.65881528268085,1354.2028445037258,1.0285112721247451,233,24:04
3060000,6124.000000330124,-1488877.9810015587,389622.1477114827,301.01669042598303,1355.161235845587,1.0277838927752347,233,24:00
3065000,6134.000000332161,-1490405.9719825312,387625.91281014006,299.47442691030636,1356.2680929508817,1.0269451132519691,233,23:56
3070000,6144.000000334198,-1490029.4405005276,389916.6314160232,301.2442044691292,1355.039823743648,1.0278759826168573,233,23:52
3075000,6154.000000336236,-1491285.9692705618,389283.89149272506,300.755358342875,1353.137191136775,1.0293212687069584,233,23:49
3080000,6164.000000338273,-1489198.81742106,387718.0313297546,299.5455964063532,1356.6126419364534,1.026684292376451,233,23:45
3085000,6174.00000034031,-1490685.6675026855,388133.42319685186,299.8665224260826,1355.3721758371464,1.0276239361747292,233,23:41
3090000,6184.000000342347,-1490686.2092764014,387198.3863717106,299.1441258883507,1352.4582455368893,1.0298379967823452,233,23:37
3095000,6194.000000344385,-1491075.0645112498,389979.4185871033,301.2927129703804,1353.5003725549868,1.0290450734684904,233,23:34
3100000,6204.000000346422,-1489056.0125586865,388200.88459779666,299.9186421727735,1355.4012215036528,1.0276019146347815,233,23:30
3105000,6214.000000348459,-1488566.5370342508,389394.84442152816,300.8410790433474,1355.9532921154853,1.027183530888799,233,23:27
3110000,6224.0000003504965,-1489284.5517520467,389225.9813582621,300.71061777275975,1354.1228572462842,1.0285720256933484,233,23:23
3115000,6234.000000352534,-1491490.4105977798,387951.47996886383,299.725955600875,1352.9220047219467,1.0294849854273214,233,23:19
3120000,6244.000000354571,-1488397.8453165283,388557.8346499902,300.19441685342196,1354.1899440291045,1.028521070073417,233,23:15
3125000,6254.000000356608,-1490696.3832023656,387348.31386628817,299.2599578000803,1354.1830894317284,1.0285262762363674,233,23:12
3130000,6264.000000358646,-1488910.4423353523,387582.4541024977,299.4408513129705,1353.1852607691044,1.029284703798686,233,23:08
3135000,6274.000000360683,-1487501.939766909,388899.6629119964,300.45850864781187,1356.034498486664,1.0271220178172873,233,23:04
3140000,6284.00000036272,-1488018.1053110203,388519.7340044695,300.1649808208835,1355.6289080700337,1.02742932230501,233,23:00
3145000,6294.000000364757,-1488263.8786768243,389547.71010535955,300.95918095951646,1353.247519894695,1.0292373492942808,233,22:56
3150000,6304.000000366795,-1489044.0806240896,389239.4673924039,300.72103689648816,1353.2897631899366,1.0292052213802134,233,22:53
3155000,6314.000000368832,-1489030.1815019306,386899.268673909,298.913031686009,1354.470398476287,1.028308106166308,233,22:49
3160000,6324.000000370869,-1490845.457928028,387590.71892309573,299.4472365992228,1354.1990529088962,1.0285141518328744,233,22:46
3165000,6334.0000003729065,-1487273.4725455223,388836.3671938913,300.40960725015253,1352.6476926971336,1.029693761232279,233,22:42
3170000,6344.000000374944,-1491306.927380491,388975.4308938998,300.517045944233,1351.8826219387595,1.0302764956901487,233,22:38
3175000,6354.000000376981,-1490885.9982025856,388502.85229497275,300.15193824527205,1354.77425104777,1.028077474338095,233,22:34
3180000,6364.000000379018,-1488092.5628091106,387706.1009086385,299.5363791277645,1354.3918027728396,1.0283677791492658,233,22:31
3185000,6374.0000003810555,-1490798.3546051066,390120.5336403977,301.40173651167925,1353.6476308957751,1.0289331274445348,233,22:27
3190000,6384.000000383093,-1490310.8208344728,389174.96583766665,300.67120388610005,1353.973907678329,1.0286851780650217,233,22:23
3195000,6394.00000038513,-1490242.4168980783,386488.32307017397,298.5955407879478,1351.7378136394013,1.0303868666405684,233,22:19
3200000,6404.000000387167,-1491683.5776313348,389354.05987830285,300.8095694685085,1354.2924056945053,1.0284432552815033,233,22:15
3205000,6414.000000389205,-1492666.53944261,387270.9528417202,299.2001897408973,1351.3125012466674,1.0307111708287473,233,22:12
3210000,6424.000000391242,-1491188.4062393345,387701.99652917543,299.5332081408751,1350.1186599397147,1.0316225763279705,233,22:08
3215000,6434.000000393279,-1492287.424056625,389577.92474622274,300.9825243737666,1352.3522277481782,1.0299187310355296,233,22:05
3220000,6444.000000395316,-1488902.5138593437,389268.7402212719,300.74365267979766,1353.4741344881768,1.0290650222452715,233,22:01
3225000,6454.000000397354,-1491059.7098744437,387061.1704471606,299.0381147600707,1352.441698875002,1.0298505964982116,233,21:57
3230000,6464.000000399391,-1491213.0538315708,388346.09045828966,300.03082621521776,1353.289670440232,1.0292052919183121,233,21:53
3235000,6474.000000401428,-1490675.7005347759,390056.9586522175,301.35261935381675,1353.1887493805932,1.0292820502335833,233,21:50
3240000,6484.0000004034655,-1489995.9867269136,389475.2432110978,300.90319403781746,1350.5851084082337,1.0312662872145912,233,21:46
3245000,6494.000000405503,-1491566.1077545201,389258.8501861544,300.7360117752528,1353.2793313700079,1.0292131550590116,233,21:42
3250000,6504.00000040754,-1489873.969351735,390373.6209479952,301.5972682702543,1353.5639186868402,1.0289967626107472,233,21:38
3255000,6514.000000409577,-1490230.2779600527,389313.463515361,300.7782052791577,1355.9675399324701,1.0271727377668938,233,21:35
3260000,6524.000000411615,-1490124.9629996913,389627.7237070098,301.0209983631197,1353.607989344572,1.028963260618672,233,21:31
3265000,6534.000000413652,-1492170.7821060205,388831.9582160859,300.4062009347905,1350.6849331040414,1.0311900697038343,233,21:28
3270000,6544.000000415689,-1490087.9399910904,388083.1329783314,299.8276688977893,1353.687867774777,1.0289025435420447,233,21:24
3275000,6554.000000417726,-1490719.095507783,388961.78369282256,300.506502305156,1351.201990319932,1.0307954697326125,233,21:20
3280000,6564.000000419764,-1488923.217124791,390474.24267680454,301.67500722829107,1354.5225074140194,1.0282685468066217,233,21:16
3285000,6574.000000421801,-1491285.9015115537,388835.66019183607,300.4090610301287,1351.8328346202218,1.0303144402516058,233,21:12
3290000,6584.000000423838,-1490899.9087517625,389896.5822461356,301.2287147573641,1350.988609920903,1.030958277580905,233,21:09
3295000,6594.000000425875,-1491358.2947226968,389818.2253292819,301.16817728555503,1349.134137087065,1.0323753969510532,233,21:05
3300000,6604.000000427913,-1492286.3474000655,387875.5749415743,299.6673124250812,1351.135044010251,1.0308465437929297,233,21:01
3305000,6614.00000042995,-1489850.0592745077,388125.63106093346,299.86050232948577,1351.565275806145,1.0305184035486026,233,20:58
3310000,6624.000000431987,-1492102.5102805216,388077.02098386374,299.8229468552735,1352.8274418788285,1.0295569465837524,233,20:54
3315000,6634.0000004340245,-1491059.867403715,389622.6092728889,301.01704702195104,1348.4897234521754,1.0328687464890953,233,20:51
3320000,6644.000000436062,-1491812.2623390807,388456.13886971696,300.1158480980575,1352.3809044603026,1.0298968920086224,233,20:47
3325000,6654.000000438099,-1489147.2319824612,387131.905959339,299.09276403988343,1354.8866513954022,1.0279921858267722,233,20:43
3330000,6664.000000440136,-1490285.815492211,388188.5908585548,299.9091441996186,1352.9032614879227,1.0294992479977172,233,20:39
3335000,6674.000000442174,-1489926.2881064583,388685.8250313642,300.2933004544541,1351.2196008408525,1.0307820353173827,233,20:36
3340000,6684.000000444211,-1490703.5584955988,388860.74890036636,300.42844421985035,1351.8198836335453,1.0303243110848062,233,20:32
3345000,6694.000000446248,-1490877.3166611074,388885.3326265777,300.44743726720645,1352.4943529851357,1.0298105032685358,233,20:28
3350000,6704.000000448285,-1488858.7674600594,387663.7040231114,299.50362387953055,1353.1130508219119,1.029339632390249,233,20:24
3355000,6714.000000450323,-1489799.833889261,388003.77070657635,299.76635470266785,1353.8917231377445,1.0287476217725358,233,20:21
3360000,6724.00000045236,-1489825.4800997926,387535.83374869754,299.4048330714771,1350.738620660025,1.0311490831844958,233,20:17
3365000,6734.000000454397,-1487906.7444825713,387416.07565517945,299.31230962235014,1351.407936722171,1.0306383827327015,233,20:14
3370000,6744.0000004564345,-1491477.1146252546,388409.29834220675,300.07965975339647,1353.838814969432,1.0287878253416183,233,20:10
3375000,6754.000000458472,-1492086.6170607246,387988.8126596493,299.7547983221909,1350.4327550543856,1.031382632791207,233,20:06
3380000,6764.000000460509,-1490881.7491311142,388317.95277622517,300.00908743065156,1355.3852060177692,1.0276140569717975,233,20:02
3385000,6774.000000462546,-1488674.6233755844,386727.3855153398,298.7802371314992,1355.6224958482965,1.0274341821422095,233,19:58
3390000,6784.0000004645835,-1490459.1686171405,387203.3503015558,299.14796095199455,1352.5205988493208,1.029790519641944,233,19:55
3395000,6794.000000466621,-1488885.318434611,388601.02240111213,300.2277831134922,1352.5761776675026,1.0297482044355981,233,19:51
3400000,6804.000000468658,-1492254.5813825643,388235.84350945184,299.94565094511654,1353.765379438373,1.0288436323384942,233,19:47
3405000,6814.000000470695,-1491085.004887472,389036.0147706573,300.5638522107192,1353.426948559055,1.029100899607735,233,19:44
3410000,6824.000000472733,-1489319.1781184366,388463.876768167,300.12182629153534,1352.4704052255586,1.029828737792742,233,19:40
3415000,6834.00000047477,-1489270.7608515657,386936.7625088265,298.94199890505575,1352.9320701772851,1.0294773263324035,233,19:36
3420000,6844.000000476807,-1490438.759356522,389153.8397391656,300.6548821541612,1354.742826631803,1.0281013214724475,233,19:33
3425000,6854.000000478844,-1490116.8806907237,388002.53978182713,299.7654037072064,1352.466897253685,1.0298314089192993,233,19:29
3430000,6864.000000480882,-1491457.1603205595,387401.2744327409,299.3008744023071,1352.9088479940538,1.0294949969324148,233,19:25
3435000,6874.000000482919,-1490887.9014029922,387374.4943376457,299.28018447068445,1354.1468880533594,1.0285537725657665,233,19:21
3440000,6884.000000484956,-1491889.3995741662,389725.61207311787,301.09662556288265,1349.6788669380753,1.031958730653652,233,19:18
3445000,6894.0000004869935,-1489784.124845378,388840.1115963977,300.4125001238167,1351.9281248390264,1.0302418188698583,233,19:14
3450000,6904.000000489031,-1492314.5114417067,388407.82290384214,300.0785198500926,1351.347717401391,1.0306843104703065,233,19:10
3455000,6914.000000491068,-1492777.280379651,389856.36294164916,301.1976418781686,1351.0346415282518,1.0309231514152482,233,19:07
3460000,6924.000000493105,-1491338.2445176793,388732.5978146091,300.32943646083123,1350.371360913094,1.0314295242263456,233,19:03
3465000,6934.000000495143,-1492220.472684092,389341.9328716186,300.80020031062486,1351.7388802274265,1.0303860536149838,233,18:59
3470000,6944.00000049718,-1491168.8081448516,388061.6936918629,299.81110520115203,1353.2378104352185,1.0292447340556712,233,18:55
3475000,6954.000000499217,-1491503.0751543595,387640.66436894797,299.48582376091423,1353.1527700189943,1.029309418105041,233,18:51
3480000,6964.000000501254,-1491337.4203964602,389070.12174194003,300.5902027856962,1352.7481931178463,1.029617261661453,233,18:48
3485000,6974.000000503292,-1491706.051189349,388207.75830927026,299.9239527073283,1350.7954596415614,1.0311056943329255,233,18:44
3490000,6984.000000505329,-1492374.8439813042,387841.3727138144,299.64088825626544,1356.124609063308,1.0270537685157917,233,18:40
3495000,6994.000000507366,-1490410.2872034078,389090.0404866081,300.605591732738,1352.102630763867,1.0301088531486764,233,18:36
3500000,7004.000000509403,-1490268.307963091,387695.2141717217,299.5279681851745,1354.083039296412,1.0286022717182748,233,18:33
3505000,7014.000000511441,-1490189.067133436,388872.5776074025,300.4375829155456,1355.7387832397717,1.0273460548108748,233,18:29
3510000,7024.000000513478,-1490222.6231658142,389199.281743746,300.68999001932093,1352.9735265234117,1.0294457822056833,233,18:25
3515000,7034.000000515515,-1488819.9522867408,387778.98527955834,299.592688586164,1354.6198998744312,1.0281946178736816,233,18:22
3520000,7044.0000005175525,-1489275.7615039553,387702.8665821179,299.53388033176253,1354.795707337758,1.0280611923789036,233,18:18
3525000,7054.00000051959,-1491407.0962247457,389046.8807308745,300.57224710151814,1351.2104616103454,1.0307890072546873,233,18:14
3530000,7064.000000521627,-1490345.2482908294,390737.1038396782,301.87809013247016,1352.9080092767952,1.0294956351540943,233,18:10
3535000,7074.000000523664,-1489254.686844361,389788.3359133355,301.14508513558405,1352.5177116207558,1.0297927179426234,233,18:07
3540000,7084.000000525702,-1490288.2354716398,388679.0061107086,300.28803225052854,1349.2797131227474,1.0322640122498956,233,18:03
3545000,7094.000000527739,-1492078.285317053,388489.9650714846,300.14198175438474,1352.3118562588068,1.0299494779027638,233,17:59
3550000,7104.000000529776,-1487716.882827011,389070.84290449263,300.59075994592473,1353.4947658271692,1.0290493361932413,233,17:55
3555000,7114.000000531813,-1490282.6248026714,389856.56199910736,301.1977956672117,1352.8934858416635,1.0295066868837623,233,17:52
3560000,7124.000000533851,-1489790.2583334409,388876.43147939513,300.440560363823,1351.6793704532329,1.0304314179541336,233,17:48
3565000,7134.000000535888,-1492466.1937766047,389777.68788837176,301.13685861855214,1351.3815099496999,1.0306585372529757,233,17:45
3570000,7144.000000537925,-1491499.566996934,387890.08587319683,299.6785233704489,1351.1680859770786,1.0308213350882114,233,17:41
3575000,7154.0000005399625,-1491904.8317534104,389156.7737582232,300.65714893676466,1353.1781328867667,1.0292901255684312,233,17:37
3580000,7164.000000542,-1490815.8589554923,388667.02300677914,300.27877426992586,1351.4272931600588,1.0306236209412674,233,17:33
3585000,7174.000000544037,-1490693.4520740798,387055.26151079737,299.0335495974421,1353.681440348786,1.028907428882682,233,17:30
3590000,7184.000000546074,-1492932.722912564,389140.1260434561,300.64428714224965,1348.1293664295658,1.0331448338702471,233,17:26
3595000,7194.0000005481115,-1491950.7797597945,389356.3954242269,300.81137387903425,1353.8074998549216,1.0288116223796469,233,17:22
3600000,7204.000000550149,-1492747.9892331418,389476.58723715635,300.9042324137886,1350.6850492548012,1.031189981027714,233,17:18
3605000,7214.000000552186,-1491633.4420981659,388670.5576275238,300.28150506909816,1352.4068942635793,1.0298771000231393,233,17:15
3610000,7224.000000554223,-1492789.2693095533,389338.9995147864,300.79793403964754,1349.7984994272565,1.031867268267427,233,17:11
3615000,7234.000000556261,-1489569.4499166654,389178.8128693346,300.6741760496371,1352.244019491113,1.0300011464200298,233,17:07
3620000,7244.000000558298,-1490517.1365098348,388462.8825748953,300.12105819154397,1349.9376515212477,1.0317609029912687,233,17:04
3625000,7254.000000560335,-1489755.358630566,388520.4166109483,300.16550819322185,1351.9057141737262,1.0302588972831965,233,17:00
3630000,7264.000000562372,-1490263.2767132511,387639.52929721854,299.484946820172,1356.9315773538058,1.0264429788211156,233,16:56
3635000,7274.00000056441,-1491999.5616244162,388931.3759588798,300.4830097098594,1353.8745530402036,1.0287606685477864,233,16:52
3640000,7284.000000566447,-1492312.4486253401,390566.8619013579,301.7465635620586,1352.3450962326356,1.0299241622538324,233,16:49
3645000,7294.000000568484,-1491907.1901341006,388070.2001298683,299.81767715767637,1350.742830015523,1.0311458697874183,233,16:45
3650000,7304.0000005705215,-1490845.615974673,389426.66422318586,300.86566258265924,1352.9205764216522,1.0294860722713925,233,16:41
3655000,7314.000000572559,-1491203.3374139033,386433.43444543786,298.5531345945188,1353.1561740788381,1.0293068287284972,233,16:38
3660000,7324.000000574596,-1490461.2166773472,388024.4013245953,299.7822936332292,1352.2892736201172,1.0299666776080205,233,16:34
3665000,7334.000000576633,-1490515.8609357355,387105.5492883636,299.07240123988794,1353.6481831371282,1.0289327076756247,233,16:30
3670000,7344.000000578671,-1489726.3148308536,388325.4337307067,300.0148671127679,1351.835931675723,1.0303120798016943,233,16:26
3675000,7354.000000580708,-1490455.9555870946,388827.2406975898,300.4025562451519,1351.0664363399449,1.0308988905746355,233,16:23
3680000,7364.000000582745,-1492765.5223130966,389452.283943173,300.8854560244989,1352.7973937895883,1.0295798149150714,233,16:19
3685000,7374.000000584782,-1491754.9620177178,388549.73949615634,300.18816264936845,1352.7830277216044,1.0295907486814722,233,16:15
3690000,7384.00000058682,-1492019.130776248,387652.3824674725,299.4948770020009,1352.7004845172398,1.02965357539038,233,16:11
3695000,7394.000000588857,-1490657.6967240153,389042.67885522766,300.5690007904236,1352.1969607612298,1.0300369921933419,233,16:08
3700000,7404.000000590894,-1491425.8979375223,388480.22002729226,300.13445286782616,1350.5692221137174,1.0312784176553675,233,16:04
3705000,7414.000000592931,-1492872.79460721,387414.1724542575,299.3108392356021,1352.8869964944531,1.0295116250836003,233,16:00
3710000,7424.000000594969,-1493147.2247038418,388185.54306230217,299.9067895143255,1351.7921629919065,1.0303454395184377,233,15:57
3715000,7434.000000597006,-1492061.8965305984,387451.4684465281,299.3396536041522,1350.6111213320291,1.0312464249086184,233,15:53
3720000,7444.000000599043,-1490702.1178043447,388235.45782385964,299.94535296975454,1354.628510574971,1.028188082151244,233,15:49
3725000,7454.0000006010805,-1491937.5312511325,388059.75057197496,299.80960397356216,1351.9454286715322,1.0302286325891874,233,15:45
3730000,7464.000000603118,-1490373.6135339784,387856.09148649406,299.65225977676346,1353.5788630250668,1.028985401857359,233,15:42
3735000,7474.000000605155,-1491373.8656736128,387890.0671966552,299.67850894121074,1355.622549388318,1.027434141563917,233,15:38
3740000,7484.000000607192,-1492629.048823594,387918.64960361074,299.70059131408584,1351.1219037121953,1.0308565692619847,233,15:34
3745000,7494.00000060923,-1491446.8002799004,387675.7678950011,299.5129442603439,1355.548480888854,1.0274902815738367,233,15:30
3750000,7504.000000611267,-1490028.25440141,388373.7691096548,300.0522103590051,1353.982042288957,1.0286789978106898,233,15:27
3755000,7514.000000613304,-1490233.1310929498,389612.9185967385,301.0095601393907,1354.6958116969909,1.0281370018932416,233,15:23
3760000,7524.000000615341,-1492060.759434362,388841.7229414444,300.4137450267462,1352.6897439989,1.029661750962908,233,15:19
3765000,7534.000000617379,-1492673.0861957865,388931.2825983614,300.4829375808122,1351.5183345667358,1.0305541957460589,233,15:16
3770000,7544.000000619416,-1491487.5816827659,389030.82539559563,300.55984297121466,1352.4027349362134,1.0298802674198733,233,15:12
3775000,7554.000000621453,-1491228.4860625733,388782.5267585912,300.36801087340564,1353.5713373156875,1.0289911229042492,233,15:08
3780000,7564.00000062349,-1493250.9871063633,388700.79502385925,300.3048660639119,1353.453530684429,1.029080687839458,233,15:04
3785000,7574.000000625528,-1490102.212930955,388071.08898502233,299.8183638748928,1355.0704882756395,1.0278527223243301,233,15:01
3790000,7584.000000627565,-1490576.324451725,388850.33214558446,300.420396378967,1355.6721570267173,1.0273965450247322,233,14:57
3795000,7594.000000629602,-1489671.4295953074,390906.71483815555,302.0091292474727,1352.9075024939968,1.029496020790716,233,14:53
3800000,7604.0000006316395,-1489349.5992456414,389385.89650404453,300.8341660058752,1353.9962345534664,1.0286682154436053,233,14:49
3805000,7614.000000633677,-1488585.4764770884,389726.0781344403,301.0969856354238,1353.0198271569143,1.0294105543465522,233,14:46
3810000,7624.000000635714,-1490956.3230409902,388308.72362437716,300.00195711539345,1351.5700948234473,1.030514729239711,233,14:42
3815000,7634.000000637751,-1490673.671454844,389903.79416981933,301.23428659000155,1352.6435399958282,1.0296969224573174,233,14:38
3820000,7644.000000639789,-1490986.597535815,389721.0520393937,301.09310254380387,1353.4999160941768,1.0290454205085915,233,14:35
3825000,7654.000000641826,-1490679.3118037954,389704.41860650067,301.08025178326756,1356.3185106481121,1.0269069391745782,233,14:31
3830000,7664.000000643863,-1490128.939727392,388444.38193803723,300.10676485501136,1350.8074228985,1.0310965624743473,233,14:27
3835000,7674.0000006459,-1489917.7023147643,389612.94171084755,301.0095779970322,1351.3997325491268,1.0306446396050644,233,14:23
3840000,7684.000000647938,-1492111.6209173957,388506.7830745545,300.15497511129064,1352.0388156116164,1.030157473463818,233,14:20
3845000,7694.000000649975,-1491806.6374292355,387657.48342582176,299.4988179319745,1351.4481632329775,1.0306077052807885,233,14:16
3850000,7704.000000652012,-1491406.5507746711,387552.39146738907,299.417625336267,1351.2584729165212,1.0307523824877591,233,14:12
3855000,7714.0000006540495,-1489947.2073621983,388194.8739531565,299.9139984317349,1351.276911804984,1.030738317326098,233,14:09
3860000,7724.000000656087,-1489385.452941372,388772.68686054036,300.36040870406595,1354.7128440320441,1.0281240754830623,233,14:05
3865000,7734.000000658124,-1491426.9085492222,388694.9625669461,300.3003599882502,1353.0574404464242,1.029381938032087,233,14:01
3870000,7744.000000660161,-1488503.725949198,389260.716727859,300.7374538395958,1353.82709887628,1.0287967285272652,233,13:57
3875000,7754.0000006621985,-1489971.0792364748,386012.2007845058,298.2276952855509,1352.1034030511414,1.030108264776547,233,13:54
3880000,7764.000000664236,-1491472.134551783,388565.00392648915,300.1999557374334,1354.2134889541942,1.0285031877736575,233,13:50
3885000,7774.000000666273,-1491629.0529918568,388969.17446529935,300.512212313901,1348.5559247726917,1.0328180424184064,233,13:46
3890000,7784.00000066831,-1491279.3108024178,388372.1071992839,300.0509263900044,1352.4883079537426,1.0298151060712253,233,13:42
3895000,7794.000000670348,-1491540.6219741777,388287.4421484088,299.9855153409692,1350.6213706828871,1.0312385991725095,233,13:39
3900000,7804.000000672385,-1491343.508772051,387172.93011539755,299.12445873628815,1353.7212830609203,1.0288771460888644,233,13:35
3905000,7814.000000674422,-1491149.5073818183,390156.0490321214,301.42917521283783,1354.4896135497504,1.028293518372053,233,13:31
3910000,7824.000000676459,-1489076.726200088,389847.3335585814,301.1906659015112,1350.9894640716277,1.030957625766969,233,13:28
3915000,7834.000000678497,-1491311.608580173,389638.2094020047,301.02909946625954,1349.753540144849,1.0319016389955202,233,13:24
3920000,7844.000000680534,-1492296.8179179467,388373.8518752294,300.05227430254496,1350.0484296698085,1.0316762419079486,233,13:20
3925000,7854.000000682571,-1491356.811514277,388028.4098113667,299.78539053474935,1351.6470301426484,1.0304560726689735,233,13:17
3930000,7864.0000006846085,-1491564.333785668,389192.28726697946,300.6845861831687,1352.7671036961124,1.029602868453814,233,13:13
3935000,7874.000000686646,-1490062.1315284614,387767.46952547424,299.5837916735975,1354.5793518319977,1.0282253959000398,233,13:09
3940000,7884.000000688683,-1488111.3307536133,388938.3537841348,300.4884006812838,1351.7037316796989,1.030412846892634,233,13:05
3945000,7894.00000069072,-1489031.711267423,388833.9336216811,300.40772710587186,1352.2552120928794,1.0299926211116799,233,13:02
3950000,7904.000000692758,-1487958.9383945297,388984.8572413587,300.5243286100967,1354.2125889197218,1.0285038713357004,233,12:58
3955000,7914.000000694795,-1488818.6209697574,388417.89563137095,300.08630190027145,1353.9160322594607,1.0287291509438015,233,12:54
3960000,7924.000000696832,-1492817.1752128145,388423.40532277984,300.0905586117621,1352.5620638622865,1.0297589497211324,233,12:51
3965000,7934.000000698869,-1490485.563632818,390024.6356797723,301.32764707170355,1351.295735725472,1.0307239588584316,233,12:47
3970000,7944.000000700907,-1490644.6985122757,388197.4005721762,299.9159504626955,1353.338236271457,1.029168357906427,233,12:43
3975000,7954.000000702944,-1490603.1394266263,386506.9118373161,298.6099022127207,1352.8143234423499,1.0295669303466168,233,12:39
3980000,7964.000000704981,-1489046.701505865,387178.21176468127,299.1285392655823,1354.4727688197477,1.0283063066148879,233,12:36
3985000,7974.000000707018,-1492382.5690074572,388365.82971562736,300.0460764928269,1354.6542991824788,1.0281685084940304,233,12:32
3990000,7984.000000709056,-1489205.80153054,390493.33875978546,301.6897605982747,1355.330403226331,1.0276556085511828,233,12:28
3995000,7994.000000711093,-1490205.4766845983,389595.5985012326,300.99617887280294,1354.013172374198,1.0286553474758624,233,12:24
4000000,8004.00000071313,-1490252.349074319,388377.47198255605,300.0550711474699,1352.8604289194466,1.029531842710441,233,12:21
4005000,8014.0000007151675,-1489539.5003677467,390038.8735049986,301.33864701884124,1354.5105542960018,1.0282776209443276,233,12:17
4010000,8024.000000717205,-1492471.9507969003,386941.6038303806,298.9457392432271,1355.425270386797,1.0275836822180608,233,12:13
4015000,8034.000000719242,-1492336.9123265035,388128.62406033947,299.8628146794918,1352.0539591335341,1.0301459353057638,233,12:10
4020000,8044.000000721279,-1489939.4981322307,390337.442458532,301.5693172689398,1352.8037730768938,1.0295749598240567,233,12:06
4025000,8054.000000723317,-1491803.8854005756,389669.7985379242,301.0535047964076,1353.3902954733232,1.0291287701515288,233,12:02
4030000,8064.000000725354,-1490740.252455851,388477.1142761899,300.13205340741655,1352.2569805435048,1.029991274110983,233,11:58
4035000,8074.000000727391,-1492010.3725581672,388240.79720467865,299.9494781016355,1351.6338663125186,1.0304661084849107,233,11:55
4040000,8084.000000729428,-1491096.7550877938,388811.51770750247,300.3904088801536,1353.0523542532214,1.029385807531593,233,11:51
4045000,8094.000000731466,-1488984.9154156074,389377.15004325635,300.82740861106373,1356.867884820669,1.0264911609279905,233,11:47
4050000,8104.000000733503,-1492106.6190096447,390143.555657718,301.41952300431416,1348.853067233552,1.0325905201610157,233,11:44
4055000,8114.00000073554,-1490501.2156550167,389524.7180636153,300.94141762559764,1351.855894981249,1.0302968648406081,233,11:40
4060000,8124.0000007375775,-1490635.6928655496,387822.84033288003,299.626570394698,1352.4075950871697,1.0298765663362761,233,11:36
4065000,8134.000000739615,-1491016.5358705716,388589.026010253,300.2185148675912,1353.8700788337308,1.0287640683478958,233,11:33
4070000,8144.000000741652,-1490194.7536420105,387793.2175230974,299.6036842209672,1352.0470571630847,1.0301511940256924,233,11:29
4075000,8154.000000743689,-1488972.2091168715,387209.3706707729,299.15261220610705,1353.0473800998643,1.0293895918210019,233,11:25
4080000,8164.0000007457265,-1491101.2005805466,388677.59752921574,300.2869439999204,1353.987534909363,1.0286748248452016,233,11:21
4085000,8174.000000747764,-1491278.9387367526,389121.5854681134,300.6299629497954,1353.3752116746364,1.0291402401201362,233,11:18
4090000,8184.000000749801,-1491437.2868497232,388267.47238277685,299.97008697583533,1354.2071660058805,1.028507989972804,233,11:14
4095000,8194.000000751837,-1491710.2740744157,389106.0138731026,300.6179325505424,1351.99272764832,1.0301925904129372,233,11:10
4100000,8204.000000753875,-1490722.9672838096,389812.36304967117,301.1636481692891,1351.9921157002466,1.0301930567058715,233,11:06
4105000,8214.000000755912,-1490381.2966010813,389299.1464714189,300.7671441287343,1355.6274157540179,1.027430453330552,233,11:03
4110000,8224.00000075795,-1491749.0796173057,389709.8810671009,301.08447200488774,1354.475116758769,1.028304524079001,233,10:59
4115000,8234.000000759987,-1490169.4286245722,387115.20041111583,299.079857564039,1351.6575137098855,1.030448080366624,233,10:55
4120000,8244.000000762024,-1489474.2556363624,389089.410805276,300.605105249637,1355.5545545348878,1.0274856778400716,233,10:52
4125000,8254.000000764061,-1491962.6468582805,390947.5297804063,302.0406623081788,1350.6007512520475,1.0312543429464966,233,10:48
4130000,8264.000000766098,-1489759.6034319326,388536.96810145385,300.1782956462013,1351.893871221708,1.0302679226267877,233,10:44
4135000,8274.000000768136,-1487610.897930839,389140.91622330924,300.64489762429145,1351.7295073398855,1.0303931983081729,233,10:40
4140000,8284.000000770173,-1491701.782627251,389822.7357091551,301.17166194275427,1350.091361229476,1.031643435631715,233,10:37
4145000,8294.00000077221,-1491418.5591781298,387463.4447776299,299.34890635216175,1352.3634305249539,1.0299101993425097,233,10:33
4150000,8304.000000774247,-1488214.9591562143,390325.8584770212,301.56036764480575,1352.970465502027,1.0294481112702372,233,10:29
4155000,8314.000000776285,-1487275.9329853607,388066.990141151,299.8151971647251,1354.631269353679,1.0281859881914681,233,10:26
4160000,8324.000000778322,-1490645.3141823057,388169.874668392,299.89468432957966,1351.0527986354361,1.0309092966035205,233,10:22
4165000,8334.00000078036,-1491658.633845158,388113.90908946656,299.8514460962173,1355.4805791072768,1.0275417529277961,233,10:18
4170000,8344.000000782396,-1491322.4096787134,388897.93543075526,300.45717401966243,1353.076851877339,1.0293671703739549,233,10:14
4175000,8354.000000784434,-1489269.5445273994,389172.9955340831,300.6696816567624,1353.1057466574428,1.0293451888413898,233,10:11
4180000,8364.000000786471,-1489030.4065673845,388527.4301799665,300.17092677978405,1353.2589271422007,1.0292286733750238,233,10:07
4185000,8374.000000788508,-1491345.6486896556,389048.76487163967,300.57370276265226,1352.419966937472,1.0298671450921213,233,10:03
4190000,8384.000000790546,-1489608.0671404088,387371.49136231723,299.27786441341834,1354.0615822295913,1.0286185714109668,233,10:00
4195000,8394.000000792583,-1491777.3568707863,388505.37449317554,300.15388686077057,1353.592401688214,1.0289751099210849,233,9:56
4200000,8404.00000079462,-1493300.1354251048,387601.1876945872,299.45532462749765,1352.4176338817065,1.0298689217160133,233,9:52
4205000,8414.000000796657,-1491174.1921942271,387591.1020036102,299.44753256193775,1354.956582437028,1.0279391298357021,233,9:49
4210000,8424.000000798695,-1488494.3238617247,389004.2722665919,300.53932839045973,1353.065596740416,1.0293757329066766,233,9:45
4215000,8434.000000800732,-1490428.285583469,389281.9301066038,300.7538430030455,1351.8542735695999,1.0302981005768643,233,9:41
4220000,8444.00000080277,-1489808.1206920203,389566.0888399191,300.97338011601676,1352.7584110867463,1.0296094845173065,233,9:37
4225000,8454.000000804806,-1489976.992617635,389139.8885827424,300.64410368338173,1352.5348856074781,1.0297796420163363,233,9:34
4230000,8464.000000806844,-1491761.847542855,386747.79491361394,298.79600515074077,1350.9596280843725,1.0309803944996119,233,9:30
4235000,8474.000000808881,-1489389.0862302156,388004.1179697382,299.7666229933908,1353.1233245874232,1.0293318169946952,233,9:26
4240000,8484.000000810918,-1489304.8191605806,389598.2814555854,300.9982516862828,1353.554732372368,1.0290037462129809,233,9:23
4245000,8494.000000812955,-1490550.4709631326,388043.0483055558,299.7967000331942,1354.213678396136,1.0285030438955944,233,9:19
4250000,8504.000000814993,-1491103.696605403,387765.8430294959,299.58253506526745,1353.3801403035247,1.0291364922815456,233,9:15
4255000,8514.00000081703,-1491935.5002259938,388262.2511199456,299.9660531002805,1348.2011118480682,1.0330898543810387,233,9:12
4260000,8524.000000819067,-1490784.0933962883,388875.34923318546,300.4397242353478,1351.8989890129633,1.030264022412195,233,9:08
4265000,8534.000000821105,-1489877.2096260572,387221.74110277864,299.1621694310322,1351.6963247780066,1.0304184932545566,233,9:04
4270000,8544.000000823142,-1490534.3564010644,389208.74300030473,300.69729965547305,1352.1435736654105,1.030077661457073,233,9:00
4275000,8554.000000825179,-1493125.310167349,388515.97383992036,300.1620757696828,1350.5994106785365,1.0312553665455333,233,8:57
4280000,8564.000000827216,-1490898.1007044343,389670.54915068415,301.0540847094596,1351.9832188832022,1.030199835960982,233,8:53
4285000,8574.000000829254,-1491917.1991229597,388139.76019896206,299.87141830639547,1349.0917925357712,1.0324078005822905,233,8:49
4290000,8584.00000083129,-1490097.948074961,388267.86738691933,299.9703921505806,1351.8642281109226,1.0302905139089107,233,8:45
4295000,8594.000000833328,-1490499.3657565303,389553.88259341026,300.96394973853904,1355.5197671411488,1.0275120467280086,233,8:42
4300000,8604.000000835365,-1493244.807374172,387971.8972795826,299.74172973316206,1350.4722598781768,1.0313524621683958,233,8:38
4305000,8614.000000837403,-1491493.5276341988,387391.50987410406,299.29333043915824,1351.354305327038,1.030679285828304,233,8:34
4310000,8624.00000083944,-1491951.3354285033,389123.12332250224,300.63115107485766,1350.7333920584817,1.0311530746958626,233,8:31
4315000,8634.000000841477,-1491893.378643632,389017.2804610341,300.54937834183545,1350.5318018011114,1.0313069921478164,233,8:27
4320000,8644.000000843514,-1491040.4965130324,387977.625139121,299.7461549983365,1352.9636924910512,1.029453264744344,233,8:23
4325000,8654.000000845552,-1490111.2277453914,386994.76129881106,298.98680796920263,1352.0966361229314,1.0301134202280806,233,8:20
4330000,8664.000000847589,-1489059.1851941207,389367.8892098494,300.8202538190707,1352.7951641114298,1.029581511869412,233,8:16
4335000,8674.000000849626,-1489999.8805070547,388618.36794974556,300.2411840448148,1348.3792638453378,1.0329533593860087,233,8:12
4340000,8684.000000851664,-1489792.951585859,389261.5466417214,300.73809501958425,1351.8411000766991,1.0303081406804777,233,8:08
4345000,8694.0000008537,-1490024.4262774512,386838.6059768447,298.8661645240422,1354.7584819034298,1.028089440974438,233,8:05
4350000,8704.000000855738,-1488548.177996911,389302.9433389428,300.77007753614635,1352.9838506006852,1.0294379269176843,233,8:01
4355000,8714.000000857775,-1491346.1907851128,389738.81078380335,301.1068227044768,1353.9109520179186,1.0287330110149238,233,7:57
4360000,8724.000000859813,-1490577.766914107,388450.7980263684,300.1117218362463,1353.8539807332174,1.0287763009428528,233,7:54
4365000,8734.00000086185,-1491344.1393842464,387820.5355450215,299.62478974742885,1353.0183533012798,1.0294116756931637,233,7:50
4370000,8744.000000863887,-1490437.7465788228,388959.5676570139,300.50479022649495,1352.1366751033854,1.0300829168833687,233,7:46
4375000,8754.000000865924,-1490811.4389020223,388538.7561157034,300.179677041317,1352.933930541309,1.0294759107403055,233,7:42
4380000,8764.000000867962,-1490795.4002125757,390063.8590263281,301.3579504875566,1355.2836101089215,1.027691089840257,233,7:39
4385000,8774.000000869999,-1491065.8605201598,389875.87197341985,301.21271428668416,1352.216898641639,1.0300218047227607,233,7:35
4390000,8784.000000872036,-1493130.990940933,387778.20751743624,299.5920876978898,1353.190766381842,1.0292805160351302,233,7:31
4395000,8794.000000874074,-1488504.8039181503,389286.8189949775,300.75762009068484,1352.2830980829274,1.0299713812070899,233,7:28
4400000,8804.00000087611,-1490888.0750787444,388779.0035734705,300.36528890923853,1350.4947601737767,1.0313352790322958,233,7:24
4405000,8814.000000878148,-1491488.4941630634,388460.4710975871,300.1191951174795,1349.2078271939604,1.0323190113803322,233,7:20
4410000,8824.000000880185,-1491435.4423783813,387378.780172935,299.2834956478392,1348.9160124050704,1.0325423358509462,233,7:17
4415000,8834.000000882223,-1490886.806481691,390704.0176044738,301.85252816409036,1351.7751557450633,1.0303584027240043,233,7:13
4420000,8844.00000088426,-1491711.4428774854,388839.8666301592,300.412310866284,1351.8960690429644,1.0302662476868334,233,7:09
4425000,8854.000000886297,-1490402.1695882967,387727.5519883579,299.5529519357045,1350.5733487610726,1.0312752666066975,233,7:05
4430000,8864.000000888334,-1492541.5212273682,390088.0681954665,301.376654157291,1352.0500426667022,1.0301489193169027,233,7:02
4435000,8874.000000890372,-1490134.0094563598,388746.4856030289,300.34016597436636,1351.6807956523776,1.0304303314772225,233,6:58
4440000,8884.000000892409,-1488787.5399734695,387651.69895714417,299.49434893136083,1355.047669801975,1.0278700309628364,233,6:54
4445000,8894.000000894446,-1491719.4848079337,389276.2777622994,300.749476079898,1352.0429203554704,1.0301543459502647,233,6:51
4450000,8904.000000896483,-1490618.863699792,387879.6474893639,299.67045881925935,1354.4806856610878,1.028300296239129,233,6:47
4455000,8914.00000089852,-1492459.145617826,389836.249959368,301.1821028658295,1352.3171563452902,1.0299454412599682,233,6:43
4460000,8924.000000900558,-1492075.2652509985,388605.6198780698,300.231335060696,1351.7648273296754,1.0303662753726828,233,6:40
4465000,8934.000000902595,-1491917.6149794962,388839.48833210394,300.41201859843096,1352.134983908297,1.030084205268915,233,6:36
4470000,8944.000000904633,-1491605.9836569708,388137.01454200415,299.8692970497488,1350.740834218172,1.0311473933648085,233,6:32
4475000,8954.00000090667,-1491330.4294954771,389552.99912663363,300.96326718430856,1354.8340325936854,1.0280321108033308,233,6:28
4480000,8964.000000908707,-1491223.309746137,388846.69476231746,300.4175861868892,1350.4738442313146,1.0313512522030814,233,6:25
4485000,8974.000000910744,-1492631.8973045452,387887.0723216144,299.6761951421151,1352.778947083747,1.0295938544268681,233,6:21
4490000,8984.000000912782,-1490072.699355675,386307.1417840369,298.45556262849135,1350.3576873140912,1.0314399683878046,233,6:17
4495000,8994.000000914819,-1491693.7703061784,386188.29342108755,298.3637420246379,1351.2376502396228,1.030768266461847,233,6:14
4500000,9004.000000916856,-1488909.8610893004,388037.84726291616,299.79268177948006,1354.441617591096,1.0283299569549726,233,6:10
4505000,9014.000000918893,-1491047.6005054526,388680.90787941753,300.28950153076863,1352.8377315174293,1.0295491158080041,233,6:06
4510000,9024.00000092093,-1491534.4717161693,386938.27678913047,298.9431688171055,1352.4203661844008,1.0298668410658696,233,6:03
4515000,9034.000000922968,-1492045.2219801499,389635.91907332395,301.02732998995145,1353.2248006547313,1.0292546291211853,233,5:59
4520000,9044.000000925005,-1491652.0344646247,388504.93432978576,300.1535467966145,1352.338384018753,1.029929274192783,233,5:55
4525000,9054.000000927042,-1492504.3843937973,388721.13968836237,300.320584070736,1353.1293038019398,1.0293272685781285,233,5:51
4530000,9064.00000092908,-1488816.8099726131,388947.4095143067,300.49539701335,1352.623096692109,1.029712485112558,233,5:48
4535000,9074.000000931117,-1490925.4445967562,387014.36694320076,299.0019550192934,1351.8132348542842,1.0303293786479393,233,5:44
4540000,9084.000000933154,-1489909.5429730546,388216.0889042614,299.9303888099684,1351.6672384982503,1.0304406666413988,233,5:40
4545000,9094.000000935192,-1491270.4017616324,387620.4894986569,299.47023693475336,1349.8620201774534,1.0318187114653212,233,5:37
4550000,9104.000000937229,-1491108.592928473,390960.60606975463,302.0507648687386,1352.5950820122016,1.0297338123124353,233,5:33
4555000,9114.000000939266,-1491093.7963951565,387977.8271410186,299.74631106221284,1352.5211626872506,1.029790090343704,233,5:29
4560000,9124.000000941303,-1490167.6419720575,389705.0946796489,301.080774108045,1352.719998390905,1.0296387219618708,233,5:25
4565000,9134.00000094334,-1491726.0577342305,387938.8673086368,299.71621123377133,1350.6828433863163,1.0311916651162416,233,5:22
4570000,9144.000000945378,-1491016.7504780646,388223.1287348053,299.9358276858227,1354.5568657433023,1.028242464779196,233,5:18
4575000,9154.000000947415,-1492395.6042771256,389063.76982160273,300.58529537976716,1352.1402067744177,1.0300802263975892,233,5:14
4580000,9164.000000949452,-1491267.8386811623,387255.3825134412,299.1881603203038,1352.4871483827296,1.029815988995508,233,5:11
4585000,9174.00000095149,-1489836.6329791825,389397.1137647305,300.8428323065647,1352.8658869429282,1.0295276891509293,233,5:07
4590000,9184.000000953527,-1489050.4178742385,389980.5027719551,301.29355059662373,1351.9642499115491,1.0302142903605613,233,5:03
4595000,9194.000000955564,-1490576.669630601,389580.6405106608,300.9846225358653,1353.4721363354224,1.0290665414705689,233,4:59
4600000,9204.000000957602,-1490879.2633739458,389088.0783545637,300.6040758166186,1350.6352947538285,1.0312279678499994,233,4:56
4605000,9214.000000959639,-1490116.131056239,388820.96422222984,300.3977071269703,1350.6209308418609,1.0312389350040025,233,4:52
4610000,9224.000000961676,-1491498.8035005936,389186.3815929238,300.68002354095387,1352.676378497168,1.0296719248272077,233,4:48
4615000,9234.000000963713,-1491389.9328149706,389520.7562151045,300.93835675615344,1352.8679577849327,1.0295261132475522,233,4:45
4620000,9244.00000096575,-1488156.3279680759,389543.6976703196,300.9560810076185,1355.5482286409388,1.027490472774914,233,4:41
4625000,9254.000000967788,-1490139.7052473072,389805.8716494213,301.1586330031058,1354.5021043949923,1.028284035732521,233,4:37
4630000,9264.000000969825,-1489794.367511686,386774.3144610023,298.8164937868035,1351.9566099887932,1.0302201121136727,233,4:34
4635000,9274.000000971862,-1490894.2255027061,388979.0650945469,300.5198536774626,1352.7571336035057,1.0296104568343825,233,4:30
4640000,9284.0000009739,-1490633.0411355542,388169.33401101007,299.8942666251532,1353.6146109644621,1.0289582271301607,233,4:26
4645000,9294.000000975937,-1491033.5814251425,388596.6829840973,300.22443053983625,1351.1553195016259,1.0308310748679987,233,4:22
4650000,9304.000000977974,-1491058.756917826,388281.2913860301,299.98076334690074,1354.130111794426,1.0285665152736239,233,4:19
4655000,9314.000000980011,-1489727.2578318566,389370.51939195034,300.8222858614376,1352.4151571091077,1.0298708077871006,233,4:15
4660000,9324.000000982049,-1492126.4727160307,386485.8026148898,298.5935935190041,1352.7337845796021,1.029628228549292,233,4:11
4665000,9334.000000984086,-1488455.4894304285,390955.4966723152,302.0468174188405,1354.3915311553956,1.028367985384037,233,4:08
4670000,9344.000000986123,-1488619.306995144,388305.02071354864,299.9990962976266,1352.6333956752078,1.029704644857013,233,4:04
4675000,9354.00000098816,-1492514.0413712403,389494.05992631783,300.9177315721273,1348.8845541247845,1.0325664164930655,233,4:00
4680000,9364.000000990198,-1492609.4602192836,388223.15848160104,299.93585066778627,1352.2230518636138,1.0300171176611146,233,3:57
4685000,9374.000000992235,-1490726.4015414277,388957.33221201366,300.50306315256046,1350.682109680846,1.0311922252709667,233,3:53
4690000,9384.000000994272,-1488344.8664273499,387731.59703207755,299.556077080618,1351.1148028137868,1.0308619870160918,233,3:49
4695000,9394.00000099631,-1489087.5417135777,388465.0190401642,300.1227087951049,1354.1635337376306,1.028541129350285,233,3:45
4700000,9404.000000998347,-1489526.5893016262,388210.88321270014,299.9263669645616,1353.7143153642187,1.028882441817672,233,3:42
4705000,9414.000001000384,-1489325.8743813382,390843.79410144984,301.96051755526383,1352.7569760391877,1.029610576759744,233,3:38
4710000,9424.000001002421,-1489038.369594655,387916.7066321634,299.6990902011791,1353.1431739010798,1.0293167176833393,233,3:34
4715000,9434.000001004459,-1490114.64072859,387603.7420654374,299.45729809913917,1354.782613739973,1.0280711283048702,233,3:31
4720000,9444.000001006496,-1489500.5866692252,388671.7055055774,300.28239190382953,1353.0160511471706,1.0294134272350741,233,3:27
4725000,9454.000001008533,-1492922.831711594,388297.5190718004,299.99330063281366,1351.8692452278488,1.0302866902491932,233,3:23
4730000,9464.00000101057,-1489325.6527012018,389574.3444697271,300.97975830159163,1352.844749731301,1.029543774769509,233,3:19
4735000,9474.000001012608,-1490848.8463494368,389558.40711620904,300.9674453223672,1350.7210716163447,1.031162480236398,233,3:16
4740000,9484.000001014645,-1492545.9006518824,389330.6325443317,300.79146983382674,1353.067637966175,1.0293741799996357,233,3:12
4745000,9494.000001016682,-1492057.6447327547,390701.3083335309,301.8504350187764,1353.6919451481092,1.0288994444471529,233,3:08
4750000,9504.00000101872,-1491314.2593425587,387802.51674887596,299.61086867437626,1350.4825032529072,1.031344639386743,233,3:05
4755000,9514.000001020757,-1488901.8611368546,388423.26156810304,300.09044754888413,1352.380849952348,1.0298969335188028,233,3:01
4760000,9524.000001022794,-1490623.3377538174,388213.42449966073,299.92833032777077,1350.4116604522023,1.031398743883087,233,2:57
4765000,9534.000001024831,-1491097.048140983,387503.7917638396,299.3800778764933,1354.2069321328615,1.0285081675972592,233,2:54
4770000,9544.000001026869,-1491406.2133015376,387439.4982460783,299.3304055925998,1350.7228988757959,1.031161085278639,233,2:50
4775000,9554.000001028906,-1491021.7682176828,386515.3116850263,298.6163918190551,1352.3178763742958,1.029944892875151,233,2:46
4780000,9564.000001030943,-1491136.3699042732,389744.3270970068,301.11108453187444,1352.2376968685155,1.0300059623695768,233,2:42
4785000,9574.00000103298,-1490931.1272868393,388152.36790500535,299.88115884596516,1352.0660416244552,1.0301367295950012,233,2:39
4790000,9584.000001035018,-1491513.3355659135,386399.7617543341,298.5271195384103,1352.5943052548098,1.0297344036600014,233,2:35
4795000,9594.000001037055,-1492409.8798221266,388111.50664739864,299.8495900026547,1352.4789514844192,1.0298222303473097,233,2:31
4800000,9604.000001039092,-1491530.9956970261,389926.0015440815,301.25144370066045,1353.65886790028,1.0289245860561078,233,2:28
4805000,9614.00000104113,-1490122.2038360303,389531.1193220499,300.9463631494593,1351.9121652365038,1.0302539810874594,233,2:24
4810000,9624.000001043167,-1494104.0778646553,387684.5192989715,299.5197054741897,1350.0659156555664,1.0316628796892127,233,2:20
4815000,9634.000001045204,-1492282.6372466842,387886.3228727669,299.6756161282858,1352.9138300798252,1.0294912058318568,233,2:17
4820000,9644.000001047241,-1490611.1401980855,388660.49569077103,300.2737313557239,1353.0226963035211,1.0294083714343165,233,2:13
4825000,9654.000001049279,-1490768.6747322148,388423.41781010677,300.09056825929844,1351.497043494385,1.0305704307826418,233,2:09
4830000,9664.000001051316,-1489668.842603297,388597.3546901605,300.2249494906641,1353.991028485278,1.0286721706521407,233,2:05
4835000,9674.000001053353,-1491864.170693623,390493.4129877533,301.6898179457775,1349.844400579913,1.031832179855028,233,2:02
4840000,9684.00000105539,-1491944.1884541512,387952.3806990492,299.72665149257665,1351.6225128392075,1.030474764281444,233,1:58
4845000,9694.000001057428,-1491021.7688713623,388074.73712439224,299.82118237698717,1352.9508794427397,1.0294630141259482,233,1:54
4850000,9704.000001059465,-1489821.9281279938,387813.24135699077,299.619154358493,1356.3844305620978,1.0268570317769583,233,1:51
4855000,9714.000001061502,-1489657.0355740068,389032.9105264614,300.56145391452475,1352.9683065209676,1.029449753998277,233,1:47
4860000,9724.00000106354,-1490469.125482765,388483.4681873595,300.1369623514352,1350.4695636219337,1.0313545212970057,233,1:43
4865000,9734.000001065577,-1489129.2850734554,388423.78208690987,300.0908496945257,1353.6243913341127,1.028950792577503,233,1:39
4870000,9744.000001067614,-1489909.565576085,388961.584999365,300.5063487973348,1352.128389835884,1.0300892287932282,233,1:36
4875000,9754.000001069651,-1492687.9386768183,388696.9524122843,300.3018973152777,1353.3926025154933,1.029127015861261,233,1:32
4880000,9764.000001071689,-1492054.1377694458,390804.8891868784,301.9304601555641,1353.3155204133081,1.029185632844959,233,1:28
4885000,9774.000001073726,-1492104.3901417116,389320.2175859193,300.78342338079364,1354.202715874121,1.0285113698183894,233,1:25
4890000,9784.000001075763,-1491317.0248650443,388874.93607259763,300.4394050331836,1352.636561523733,1.0297022348312723,233,1:21
4895000,9794.0000010778,-1489391.2932637492,387695.29916133906,299.52803384697904,1354.2284403840242,1.0284918325304921,233,1:17
4900000,9804.000001079838,-1490624.0261137197,388899.1516489285,300.45811365302643,1354.3956279214635,1.0283648747840166,233,1:14
4905000,9814.000001081875,-1490407.8099573469,387022.9749836895,299.00860547249323,1354.0572017387283,1.028621899080025,233,1:10
4910000,9824.000001083912,-1489877.6457743766,388006.1322765967,299.768179219051,1354.9449802719128,1.0279479319049274,233,1:06
4915000,9834.00000108595,-1489211.1677401,388131.75108507846,299.86523057561925,1355.522293887276,1.0275101314057034,233,1:02
4920000,9844.000001087987,-1492769.5390429012,387819.234789829,299.62378480193127,1352.0542798336178,1.0301456909606272,233,0:59
4925000,9854.000001090024,-1489906.9515046189,388797.8026653748,300.37981282801803,1353.855042985541,1.0287754937515494,233,0:55
4930000,9864.000001092061,-1489705.6889053443,387875.02135437855,299.66688473125913,1351.9797422345644,1.0302024851448006,233,0:51
4935000,9874.000001094098,-1489298.1411625398,387525.1761054337,299.39659912347946,1354.310449565853,1.0284295530334016,233,0:48
4940000,9884.000001096136,-1492212.1079916786,390011.88951839966,301.31779956345855,1354.5156277399908,1.0282737694502524,233,0:44
4945000,9894.000001098173,-1490686.4261626834,388201.30395031907,299.9189661587409,1352.0572281700393,1.0301434445941295,233,0:40
4950000,9904.00000110021,-1492186.7851883443,387066.46997168957,299.04220909953244,1353.9855511655387,1.0286763319715733,233,0:37
4955000,9914.000001102248,-1491781.9318654789,388869.4065975292,300.43513303711086,1353.6753062970238,1.0289120912794902,233,0:33
4960000,9924.000001104285,-1491029.534543221,389371.3287125729,300.8229111313734,1354.8683200304833,1.028006094558428,233,0:29
4965000,9934.000001106322,-1493322.8443769095,389147.5466436945,300.6500201955113,1350.2099465913432,1.0315528291223783,233,0:25
4970000,9944.00000110836,-1489351.7870390648,388807.7731919392,300.3875159191432,1351.0247147294215,1.0309307262335488,233,0:22
4975000,9954.000001110397,-1490012.0151790613,387278.52561879705,299.20604036388266,1350.5009051828742,1.0313305862811486,233,0:18
4980000,9964.000001112434,-1492793.640385678,388731.4033350204,300.32851362239745,1350.2067798719634,1.0315552484839043,233,0:14
4985000,9974.000001114471,-1489921.0518949162,387130.72877330816,299.0918545622136,1352.771401447104,1.0295995974083556,233,0:11
4990000,9984.000001116508,-1491670.3043921785,387350.8886454805,299.26194703892514,1352.419910266437,1.0298671882470887,233,0:07
4995000,9994.000001118546,-1492025.2461970933,388862.747907059,300.4299886248137,1351.2466546625142,1.0307613976393841,233,0:03
5000000,10004.000001120583,-1491359.7446727222,388942.73974918143,300.49178921730623,1353.368908288378,1.0291450333944665,233,0:00
