#"Step","Time (ps)","Potential Energy (kJ/mole)","Kinetic Energy (kJ/mole)","Temperature (K)","Box Volume (nm^3)","Density (g/mL)","Speed (ns/day)","Time Remaining"
5000,14.000000000001178,-801611.6826986871,207331.82008299744,300.5059745806494,739.7606663312615,1.0156331809155923,0,--
10000,23.99999999999741,-805303.366129614,208158.17656391332,301.7036926132662,731.4232894985671,1.0272102207428127,368,39:01
15000,33.99999999999542,-805845.7776628528,207464.63378832795,300.69847427482097,731.6348813971551,1.0269131472073887,371,38:44
20000,44.00000000000764,-807980.2349116639,208398.80410093616,302.0524572770551,729.0668207779298,1.0305303399496042,367,39:02
25000,54.00000000001986,-808382.9073397643,207243.28737765277,300.37765560437646,730.0415703697495,1.0291543785400163,369,38:52
30000,64.00000000003207,-805896.2158515006,205925.05604594457,298.4670159789724,731.457208753933,1.0271625867795748,369,38:45
35000,74.00000000000877,-805008.858986713,206298.6616797598,299.0085186053108,730.309296991789,1.0287770972614423,371,38:34
40000,83.99999999998546,-807085.3982962379,206348.06210158052,299.0801193943165,728.99294560178,1.030634772524502,371,38:32
45000,93.99999999996216,-808320.0689385124,206732.76051985897,299.63769986150254,729.8457835951465,1.0294304571594617,371,38:28
50000,103.99999999993885,-807486.7656705352,206973.2860858498,299.98631672885404,728.135154989721,1.0318489273778624,371,38:23
55000,113.99999999991554,-808505.5376940104,206166.49404348293,298.81695532124036,728.4784761127473,1.0313626322515723,364,39:06
60000,123.99999999989224,-808257.2152892672,206039.67882288544,298.63314980869507,728.0209503000455,1.032010793580332,365,38:58
65000,133.99999999991155,-807263.5251408606,208487.28154852946,302.18069616294724,729.3985228746794,1.0300616948073327,365,38:54
70000,143.9999999999593,-809894.4747493044,206842.87269566045,299.7972960425864,726.6984107453953,1.0338889800124942,366,38:48
75000,154.00000000000705,-809475.2512991508,208186.36018117797,301.7445418440786,728.2129384392223,1.0317387113068495,366,38:42
80000,164.0000000000548,-808430.4060555152,208250.07917111926,301.83689591285554,726.2264762333184,1.034560847408261,367,38:36
85000,174.00000000010255,-807815.7729714261,207578.1218630154,300.8629634712868,729.1046360747515,1.0304768910908797,368,38:30
90000,184.0000000001503,-811300.2574951001,206344.52758868743,299.0749964843783,726.8836660660633,1.0336254805785836,368,38:24
95000,194.00000000019804,-808619.0494898753,207817.59340741637,301.2100526436373,726.8786506761592,1.033632612490898,368,38:21
100000,204.0000000002458,-810269.7049364289,207784.03136558895,301.16140794412024,726.1992344582243,1.0345996566944582,369,38:17
105000,214.00000000029354,-809302.5935566365,208212.35744981156,301.78222218925686,726.5521620392502,1.034097092978809,365,38:34
110000,224.0000000003413,-808043.3259475175,207214.70492319972,300.33622830041566,727.8307307244863,1.0322805110391313,366,38:28
115000,234.00000000038904,-809797.3257173956,207287.16071636113,300.4412454595245,727.262335719805,1.0330872943098803,367,38:22
120000,244.00000000043678,-808806.0418088809,206642.66940961336,299.50712213891956,728.1718000338183,1.031796999866465,367,38:18
125000,254.00000000048453,-809083.6472906345,206637.18091935734,299.49916714140545,727.7264691151678,1.0324284062056766,367,38:14
130000,264.0000000005323,-807429.6259108884,205876.12883067445,298.3961010537941,728.6029308830582,1.0311864622225162,367,38:10
135000,274.00000000058003,-810176.4696857478,207317.0699970827,300.4845958605804,726.4834467688187,1.0341949042389451,368,38:05
140000,284.0000000006278,-808748.8276505335,206498.34093832408,299.29793298547867,729.5952663059089,1.02978392728118,368,38:01
145000,294.0000000006755,-807428.3288500328,206542.60152611372,299.3620841180155,727.3982748580764,1.0328942267684773,368,37:58
150000,304.0000000007233,-808952.0749248662,206691.15755872297,299.5774006832258,727.1705283698885,1.0332177245226333,368,37:55
155000,314.000000000771,-808866.9303882257,206872.42306693943,299.84012624162125,727.5407327834353,1.032691978341647,366,38:06
160000,324.0000000008188,-809627.5829109186,207833.56996861188,301.2332090124503,728.5717137129548,1.0312306455507922,366,38:04
165000,334.0000000008665,-808298.2859510854,207545.89890560173,300.81625963577517,729.0098212134282,1.030610914694791,366,38:00
170000,344.00000000091427,-808744.8359055016,206563.16217252205,299.3918846430119,728.6981567747031,1.0310517073183019,366,37:58
175000,354.000000000962,-808736.0774464994,207925.54768819257,301.3665211796383,728.0064836029322,1.032031301347645,366,37:54
180000,364.00000000100977,-808521.1880882434,208045.57360256353,301.5404862968043,728.0488276094899,1.0319712774336784,367,37:51
185000,374.0000000010575,-808042.9162668651,206713.08215145097,299.6091781069824,728.3291160151208,1.0315741361171382,367,37:48
190000,384.00000000110526,-809104.8177034822,206609.2185748961,299.45863862257744,729.3040688689352,1.0301951006902712,367,37:43
195000,394.000000001153,-808939.0215337034,207601.02823520786,300.89616388257457,726.9509561910794,1.0335298031642879,367,37:40
200000,404.00000000120076,-809248.8032219163,206546.75753858354,299.3681078271457,727.420332751095,1.032862905853557,368,37:36
205000,414.0000000012485,-808725.6095784307,207944.98106552963,301.3946878450046,728.7039403557118,1.0310435240620532,366,37:43
210000,424.00000000129626,-810763.7512170849,208102.68977532035,301.623270266731,728.1963412098512,1.0317622269482685,366,37:39
215000,434.000000001344,-808218.917077675,206933.05427267647,299.92800488737237,725.8072271484037,1.0351584422961881,367,37:35
220000,444.00000000139175,-810908.0206815191,208070.33991747873,301.5763825022077,725.3249248721813,1.0358467672879954,367,37:32
225000,454.0000000014395,-809134.4274979243,206957.3939838648,299.96328277490903,726.9854455954368,1.033480770783361,367,37:28
230000,464.00000000148725,-810442.9054109012,207778.37965703697,301.1532163786105,726.9781765083613,1.03349110460349,367,37:25
235000,474.000000001535,-809294.9541269941,207415.66832745489,300.627503916607,728.5166167609497,1.0313086364491146,367,37:22
240000,484.00000000158275,-808438.9994637142,207173.67313564726,300.27675697902225,727.0787040145369,1.0333482118426007,367,37:19
245000,494.0000000016305,-809118.2195646674,207278.82450767964,300.429162989438,728.5069548796672,1.0313223142617205,367,37:16
250000,504.00000000167825,-810047.2678293232,207269.0075153858,300.41493427705063,726.5867994099989,1.0340477961784422,368,37:12
255000,514.0000000016692,-808871.7111672359,206637.21217013375,299.4992124361654,728.2379686196741,1.031703249538532,366,37:17
260000,524.0000000014327,-808797.3940478433,206085.12573820972,298.6990203999807,728.9064155584651,1.0307571213879565,367,37:14
265000,534.0000000011962,-808821.7335835774,207306.99541222394,300.46999379448044,729.9322686164971,1.0293084865069857,367,37:11
270000,544.0000000009597,-809216.8228634051,205803.30683756928,298.29055312583876,727.9744029789827,1.0320767812545584,367,37:07
275000,554.0000000007233,-808856.263906904,206179.7136138528,298.8361157177292,726.3192410681111,1.0344287142350415,367,37:03
280000,564.0000000004868,-807903.7675887616,206290.41566492114,298.99656686184704,725.8938012097155,1.0350349836438324,367,37:00
285000,574.0000000002503,-809982.9765021256,207807.04317716748,301.19476117886495,727.832721031164,1.032277688199851,367,36:57
290000,584.0000000000139,-809703.2678473713,207079.25125130833,300.13990224845725,728.2766829129848,1.0316484054618928,368,36:53
295000,593.9999999997774,-809149.1164290332,208037.24386557023,301.5284132067587,728.0874375782709,1.0319165527169094,368,36:49
300000,603.9999999995409,-808980.5223560599,207410.07476764073,300.6193966316632,727.4674831904946,1.0327959613632862,368,36:46
305000,613.9999999993045,-808971.1715418608,207984.0410252563,301.4513012064271,727.8647431079914,1.0322322736145841,367,36:51
310000,623.999999999068,-808639.7860283004,207821.77055679073,301.2161069885189,728.2305911099454,1.0317137014487558,367,36:48
315000,633.9999999988315,-809458.5690968577,207462.52269449134,300.6954144632081,728.1416591673757,1.0318397103132266,367,36:45
320000,643.9999999985951,-808966.8719758112,207185.54627083056,300.2939658573225,726.7011453413019,1.033885089460524,367,36:43
325000,653.9999999983586,-811322.8938941341,207042.81421128236,300.08709053716535,726.567283466448,1.0340755711951246,367,36:40
330000,663.9999999981221,-809515.1699501649,206949.0089039257,299.95112947100216,727.2483285928539,1.0331071920316268,367,36:37
335000,673.9999999978857,-809562.1824728451,207475.87372802437,300.71476540192026,728.022329722656,1.0320088381746184,367,36:34
340000,683.9999999976492,-809512.9619811582,206644.40729234304,299.5096410197319,728.1007639786,1.0318976655878636,367,36:31
345000,693.9999999974127,-808886.2128974274,207632.77858411754,300.9421827210652,725.1950942086827,1.0360322134860653,368,36:28
350000,703.9999999971762,-809178.2671745378,206910.5563205239,299.89539643858257,729.3785451023202,1.0300899083299169,368,36:25
355000,713.9999999969398,-808301.5576384417,208419.69646110488,302.08273858675125,728.2330889584262,1.0317101626580298,367,36:28
360000,723.9999999967033,-809138.1016399846,207232.29319249597,300.3617206729996,728.0524806882981,1.0319660994107964,367,36:26
365000,733.9999999964668,-811507.2283519516,206909.9063943809,299.8944544380303,726.0441275856981,1.034820681162489,367,36:23
370000,743.9999999962304,-811763.8724022601,207775.90112970397,301.1496240102445,726.4622195607637,1.0342251233884214,367,36:21
375000,753.9999999959939,-808127.0180228064,206731.86103064258,299.63639614515307,726.8861531806787,1.033621943924283,367,36:18
380000,763.9999999957574,-810174.006256625,208216.70279793284,301.7885203207813,727.6280390834888,1.0325680681693044,367,36:16
385000,773.999999995521,-808782.8057157272,208557.1421292958,302.2819518307919,729.0832263826225,1.030507151275432,367,36:14
390000,783.9999999952845,-809181.0025684298,206872.6671607517,299.8404800302916,727.4587226997855,1.0328083989066705,367,36:11
395000,793.999999995048,-808382.6253964463,205475.91058824753,297.8160262107849,728.4706962075403,1.0313736469753696,367,36:10
400000,803.9999999948116,-808719.3117898684,206350.3938337005,299.0834989982427,729.9932174515153,1.0292225471425818,367,36:08
405000,813.9999999945751,-808305.7710812218,207150.7709270804,300.24356260247805,729.4594259552589,1.0299756942318812,366,36:10
410000,823.9999999943386,-809850.1962632658,207549.65633006382,300.82170563291857,729.5631505432996,1.0298292589239895,366,36:07
415000,833.9999999941022,-810508.7521916265,206545.70319537394,299.3665796659902,728.3738327477281,1.0315108051423896,366,36:04
420000,843.9999999938657,-810390.721411481,206521.8861516825,299.33205933079387,730.0456626881712,1.0291486095482434,366,36:01
425000,853.9999999936292,-808115.6230389727,208322.86027707628,301.94238457912934,729.7198646246898,1.0296080935780467,366,35:58
430000,863.9999999933927,-808681.3701882064,206704.16138922545,299.59624838714734,729.6098873663462,1.0297632908653378,366,35:55
435000,873.9999999931563,-807825.0272511141,207667.41202145576,300.99238029728014,731.9574783927433,1.0264605538453446,366,35:52
440000,883.9999999929198,-808744.9641479766,207150.68161323544,300.2434331513209,729.1761433781519,1.0303758364631779,366,35:50
445000,893.9999999926833,-809437.8397915298,206924.81718009347,299.916066075793,728.6286461200563,1.031150068917907,367,35:46
450000,903.9999999924469,-808715.4516656087,207915.78584108595,301.3523723944817,728.6165555190656,1.031167179734221,367,35:43
455000,913.9999999922104,-809042.9729270954,206231.54426766816,298.9112388760157,728.697641272817,1.03105243671424,366,35:45
460000,923.9999999919739,-809588.8896728428,207017.83793787373,300.05089001869675,727.2696724481355,1.0330768724799773,366,35:42
465000,933.9999999917375,-809735.8128137817,206129.61114292685,298.76349738134223,727.8156251324712,1.0323019357072842,366,35:40
470000,943.999999991501,-809075.9735458358,208384.9674692367,302.0324025141533,729.7670688971846,1.0295414943807364,366,35:37
475000,953.9999999912645,-809294.088355579,207355.3071708235,300.54001667903265,730.1146864179829,1.0290513156889594,366,35:34
480000,963.9999999910281,-808643.4072749489,206852.67903135854,299.81150930934325,728.3064095272742,1.0316062976157578,366,35:31
485000,973.9999999907916,-811369.054026667,207151.95564055425,300.2452797218132,728.0919222755014,1.0319101966055937,367,35:28
490000,983.9999999905551,-808537.9779579025,207811.63156454003,301.2014115705829,729.7577565511884,1.0295546322289155,367,35:25
495000,993.9999999903187,-809571.5549841551,207761.44776095467,301.12867535093966,729.0306579201215,1.0305814584063469,367,35:22
500000,1003.9999999900822,-808007.2668437334,205412.61979717977,297.72429277187433,727.3148467940787,1.0330127069095518,367,35:19
505000,1013.9999999898457,-809367.2566746795,207748.89559354924,301.11048228584355,727.7727311689267,1.032362778219927,366,35:20
510000,1023.9999999896093,-811787.4788587368,206384.7969462385,299.13336274254254,725.399874813814,1.0357397412773162,366,35:18
515000,1033.9999999893728,-806439.0632973402,207361.46138437366,300.5489365734315,730.9955107843203,1.0278113443625991,366,35:15
520000,1043.9999999891363,-810004.4951924323,206078.59277256852,298.6895515436994,728.7630985083731,1.0309598279606427,366,35:12
525000,1053.9999999888998,-810438.633186949,208533.058249107,302.24704474376153,727.4892927704578,1.0327649989198129,367,35:09
530000,1063.9999999886634,-809868.7497736607,207727.6163932648,301.07964029151185,728.3695614832366,1.0315168540709934,367,35:06
535000,1073.999999988427,-809944.1794726723,206747.45813208644,299.6590025264029,727.5294515725359,1.0327079914610835,367,35:04
540000,1083.9999999881904,-808241.8964808267,207831.58179378722,301.2303273591996,729.645579690911,1.0297129175791488,367,35:01
545000,1093.999999987954,-808155.1238660286,207651.87322799914,300.96985842741174,727.9436554837572,1.0321203749800685,367,34:58
550000,1103.9999999877175,-811214.6806252874,206009.0568636652,298.58876645405434,726.1060890599556,1.0347323758639067,367,34:56
555000,1113.999999987481,-807832.0355034345,207170.13034727558,300.2716220746359,728.8521360321541,1.030833884568751,366,34:57
560000,1123.9999999872446,-808890.2145162849,208304.60943051716,301.9159318695068,728.9248787659055,1.0307310129601788,366,34:54
565000,1133.999999987008,-809490.3589989776,206563.28075106506,299.39205651031443,726.1947301844702,1.0346060738714025,366,34:51
570000,1143.9999999867716,-810872.4768644078,207899.67769929735,301.3290253132429,726.0361295650123,1.0348320807566374,366,34:48
575000,1153.9999999865352,-810346.1825492876,206953.0592978348,299.9570000969804,726.9315987061018,1.0335573250627366,366,34:46
580000,1163.9999999862987,-810051.8586283457,206412.01675032964,299.17281502609956,727.8362417272875,1.0322726948567793,367,34:43
585000,1173.9999999860622,-810700.3260748829,205992.64238481154,298.5649753690044,725.8309466011108,1.0351246143203607,367,34:40
590000,1183.9999999858258,-811374.5189321493,207516.76773590394,300.7740370259645,726.4725535117408,1.0342104117084374,367,34:38
595000,1193.9999999855893,-811431.625074558,206019.6705410362,298.6041498788513,727.465608423272,1.0327986230039103,367,34:35
600000,1203.9999999853528,-810337.7345220442,207474.93081526482,300.7133987476477,728.9778439221672,1.0306561234012979,367,34:32
605000,1213.9999999851163,-809249.1109389132,207539.49034599593,300.8069710931423,726.3986384886576,1.0343156482581826,366,34:33
610000,1223.9999999848799,-810536.3922057422,207735.8297823384,301.0915447473121,726.1929471675994,1.034608614133039,366,34:30
615000,1233.9999999846434,-811185.6192937857,207414.46556596705,300.62576063854704,728.2584227705845,1.0316742727175285,366,34:27
620000,1243.999999984407,-809597.363082129,206795.7898456854,299.72905433365753,727.0996648052329,1.0333184225349816,366,34:25
625000,1253.9999999841705,-808476.2283497988,205794.61397414666,298.27795372168714,727.5578392417882,1.0326676975197437,367,34:22
630000,1263.999999983934,-809275.6515979688,207626.0699845868,300.93245930167285,727.2074019875952,1.033165334413185,367,34:20
635000,1273.9999999836975,-810604.8685023794,207188.23771064103,300.29786682024735,727.0967130774187,1.0333226174029737,367,34:17
640000,1283.999999983461,-808678.6810402358,206483.56122790492,299.27651132776236,728.1817820192775,1.0317828558945834,367,34:15
645000,1293.9999999832246,-809999.6671339488,208167.08107620513,301.7165987805074,729.5156558770559,1.0298963053218928,367,34:12
650000,1303.9999999829881,-810125.7189906724,207871.1490030103,301.28767592616947,727.3184819176525,1.0330075439322093,367,34:09
655000,1313.9999999827517,-809097.7394307381,206911.83380810538,299.8972480243668,728.9441869835376,1.0307037110362816,366,34:09
660000,1323.9999999825152,-811074.1579729356,207232.1978436532,300.3615824747389,725.8169549812822,1.0351445684837064,366,34:07
665000,1333.9999999822787,-810872.0683498112,207544.63386327174,300.8144260880925,726.6555220356444,1.0339500022754975,366,34:04
670000,1343.9999999820423,-810663.9978396343,207148.96536815085,300.24094563203147,724.7881701072082,1.0366138820272464,366,34:01
675000,1353.9999999818058,-809235.4795874748,207240.7886054859,300.374033893223,728.5861680807216,1.0312101870413444,366,33:59
680000,1363.9999999815693,-809822.8986191456,207366.11060526836,300.55567513703187,726.5658300644526,1.034077639731018,367,33:56
685000,1373.9999999813328,-808447.4850951028,206878.38125599938,299.8487620188477,728.1916860688947,1.0317688227371136,367,33:54
690000,1383.9999999810964,-809559.8601042065,208329.49403806683,301.95199952781786,726.5012048381684,1.034169625127626,367,33:51
695000,1393.99999998086,-810145.6211962337,207988.80764742743,301.4582099310041,728.4324844134278,1.0314277503250888,367,33:48
700000,1403.9999999806234,-808654.1517790421,207315.6980022528,300.4826072963392,727.6519276391174,1.0325341693245411,367,33:45
705000,1413.999999980387,-810521.8768619392,206089.53880433124,298.70541668172467,727.686347594019,1.0324853299040133,366,33:45
710000,1423.9999999801505,-811272.7424469288,207214.0388301729,300.3352628676418,725.519442715082,1.0355690480886388,366,33:42
715000,1433.999999979914,-809623.2843159651,207572.52320615345,300.8548487987007,727.0464404056629,1.0333940679814724,367,33:40
720000,1443.9999999796776,-808796.3554841252,206408.0219209839,299.1670249351943,727.8854978057547,1.0322028408687403,367,33:37
725000,1453.999999979441,-810441.0864650104,209032.01216469012,302.9702267069214,726.6794900677663,1.0339158995559274,367,33:34
730000,1463.9999999792046,-811130.0128476252,206474.80303779274,299.2638172393481,727.5934580738224,1.032617143990356,367,33:32
735000,1473.9999999789682,-809166.61218879,207665.31700246275,300.98934378448627,727.8478981997754,1.0322561630260254,367,33:29
740000,1483.9999999787317,-808542.0656006713,206689.09387734334,299.5744095910531,728.1394802134007,1.031842798088714,367,33:26
745000,1493.9999999784952,-808705.1979354601,206790.66075723796,299.72162025179796,728.0807003999502,1.0319261013916976,367,33:24
750000,1503.9999999782588,-810628.7933494644,206693.3139966054,299.58052621633124,726.0353333521709,1.0348332156140656,367,33:21
755000,1513.9999999780223,-810861.9141991353,206016.2628492802,298.59921078300096,723.4445709042661,1.0385391070433239,366,33:21
760000,1523.9999999777858,-809817.9129275237,207682.87030054844,301.0147854699267,728.3343849527377,1.0315666734737665,367,33:18
765000,1533.9999999775494,-809627.5863468647,207605.71316843253,300.9029542074941,727.9312878703566,1.0321379107914743,367,33:16
770000,1543.9999999773129,-809281.6652288334,207265.11533579495,300.4092929663212,728.7817896591018,1.030933386814866,367,33:13
775000,1553.9999999770764,-811288.5035797902,206209.7695514317,298.8796786826926,727.9980619164436,1.0320432401762234,367,33:11
780000,1563.99999997684,-808894.7586439853,206539.11012276442,299.3570236908909,726.5650965357559,1.0340786837195433,367,33:08
785000,1573.9999999766035,-809656.5594983967,205510.2126306214,297.865743464362,729.3583449892288,1.030118437423723,367,33:06
790000,1583.999999976367,-812334.5725170155,208229.36146282,301.80686774293423,725.2273859212656,1.0359860827757337,367,33:03
795000,1593.9999999761305,-809063.3985764147,207911.60625338345,301.3463145154963,726.0159890175044,1.0348607882300271,367,33:00
800000,1603.999999975894,-809851.350307683,208008.1752103301,301.4862812051722,727.9091171377655,1.03216934775672,367,32:58
805000,1613.9999999756576,-807770.6553235529,205774.71750510193,298.2491158529094,726.9569383854891,1.0335212981540398,366,32:57
810000,1623.9999999754211,-810944.6506632757,206431.94873245448,299.20170436740443,729.3902165942012,1.0300734251282944,367,32:55
815000,1633.9999999751847,-810467.3348201583,208062.1549795161,301.56451928334263,728.3816919750125,1.0314996751566237,367,32:52
820000,1643.9999999749482,-810450.5930928173,206780.08588848636,299.70629307607066,725.853049606432,1.0350930936635683,367,32:49
825000,1653.9999999747117,-808697.2256498607,208464.36143740793,302.14747583850635,726.5579496506541,1.0340888555737526,367,32:47
830000,1663.9999999744753,-809118.88470509,207403.8490122395,300.6103730447695,726.9969641639221,1.033464396273393,367,32:44
835000,1673.9999999742388,-808895.8364741281,206692.56317999738,299.5794379855115,727.5535871857765,1.0326737327602658,367,32:42
840000,1683.9999999740023,-808560.9008146264,207130.0825240183,300.21357690745924,727.9667163800343,1.0320876789510092,367,32:39
845000,1693.9999999737659,-808828.1176065877,206623.81500360093,299.47979463245366,726.8425324725678,1.0336839756837064,367,32:36
850000,1703.9999999735294,-810385.8451309232,207018.07343873428,300.05123135277455,726.4534088278946,1.0342376669062545,367,32:34
855000,1713.999999973293,-809145.5807436905,207816.25323439832,301.20811020181276,728.4219820283239,1.0314426214460986,367,32:34
860000,1723.9999999730564,-809406.5563941491,206452.1633610509,299.2310033754618,727.5886235111168,1.0326240053570295,367,32:31
865000,1733.99999997282,-807773.8072997448,207358.7004479915,300.5449348824323,729.07935114815,1.0305126286721387,367,32:28
870000,1743.9999999725835,-810825.2383193821,207478.29382951674,300.71827308808855,727.8484578973394,1.0322553692464225,367,32:26
875000,1753.999999972347,-810430.9432509602,206613.48476639902,299.46482202479143,727.0439418918912,1.0333976192789411,367,32:23
880000,1763.9999999721106,-809630.2178763868,207306.8549241374,300.4697901715665,727.3284116383385,1.0329934409819963,367,32:21
885000,1773.999999971874,-808995.4173848825,208172.7323136517,301.7247896631987,727.5141690879793,1.0327296849821193,367,32:18
890000,1783.9999999716376,-809569.7853260213,207152.68394275918,300.24633532034017,727.3270511515094,1.0329953732268768,367,32:15
895000,1793.9999999714012,-811125.4652118906,207422.14465795257,300.63689068612035,726.6541435513439,1.0339519637090877,367,32:13
900000,1803.9999999711647,-810127.5009853658,208066.15710382134,301.5703199475352,727.929765716718,1.0321400690662839,367,32:10
905000,1813.9999999709282,-810318.4917888287,208644.55215386045,302.40864359768716,726.7496859201032,1.0338160348993337,367,32:09
910000,1823.9999999706918,-810416.8607386006,207330.74462148457,300.50441581070316,728.0442387539874,1.0319777819382439,367,32:07
915000,1833.9999999704553,-810268.6203457615,208212.05848683312,301.78178887341966,725.7427803432281,1.0352503655729517,367,32:04
920000,1843.9999999702188,-809247.8175397455,208969.93397182337,302.88025080336655,726.7007724491558,1.0338856199782345,367,32:02
925000,1853.9999999699824,-808777.318052344,207914.0630376194,301.3498753694977,727.6056463315383,1.0325998464282269,367,31:59
930000,1863.9999999697459,-809431.7069198317,207793.93466814497,301.175761754283,727.2930381840225,1.0330436828300202,367,31:57
935000,1873.9999999695094,-809112.6714731948,207847.60275371105,301.25354807936543,728.6110967242088,1.0311749052960777,367,31:54
940000,1883.999999969273,-810601.0176362381,207292.07741346926,300.4483717021611,727.8521443352155,1.0322501410619338,367,31:52
945000,1893.9999999690365,-811337.5161668286,207583.31796808267,300.87049468678777,725.7510670899642,1.0352385449116024,367,31:49
950000,1903.9999999688,-808317.8779361486,207525.48175615293,300.7866670947421,728.4431979392842,1.0314125806757553,367,31:46
955000,1913.9999999685635,-811252.6403104761,206390.9089132003,299.1422214048922,726.7094067980421,1.0338733359358538,367,31:46
960000,1923.999999968327,-809736.3605562071,207328.98889387317,300.5018710655852,727.0103856819597,1.0334453172322828,367,31:43
965000,1933.9999999680906,-810075.4991929382,206718.58572247732,299.6171549625094,727.3214731359144,1.0330032955342943,367,31:41
970000,1943.9999999678541,-809614.8686356912,207129.2885604062,300.2124261395311,727.3132499923718,1.0330149748683077,367,31:38
975000,1953.9999999676177,-810426.5740010487,207227.5676055547,300.3548714247333,726.1263126697619,1.0347035571536378,367,31:36
980000,1963.9999999673812,-808997.0534966025,208225.2114994967,301.80085280141475,729.9943114820823,1.029221004663539,367,31:33
985000,1973.9999999671447,-810321.139167787,207083.84460209144,300.1465598341241,727.0239427412565,1.0334260462308453,367,31:30
990000,1983.9999999669083,-810962.2975092405,206954.32598698797,299.9588360315625,727.2506932928687,1.0331038328205393,367,31:28
995000,1993.9999999666718,-810524.433285939,207344.5573755387,300.52443596543395,726.7610334611416,1.033799893046177,367,31:25
1000000,2003.9999999664353,-810187.6567097069,206925.5878028762,299.91718301360925,728.5816622288138,1.0312165644738676,367,31:23
1005000,2013.9999999661989,-807857.7889908976,205968.39942966076,298.52983771931133,728.213430927112,1.031738013546002,367,31:22
1010000,2023.9999999659624,-808335.3302939292,207212.32848536834,300.33278390019643,726.4773203892602,1.0342036255993277,367,31:20
1015000,2033.999999965726,-810570.1668333448,207137.96296427445,300.22499878847276,728.8501053645181,1.0308367566010004,367,31:17
1020000,2043.9999999654895,-809374.3056791932,206352.94406715818,299.08719529720105,729.0045551764462,1.030618359415338,367,31:15
1025000,2053.999999965253,-811434.444121168,207550.4486229277,300.8228539792704,727.6498053558313,1.0325371808418862,367,31:12
1030000,2063.9999999650167,-810711.6367630945,206955.54431442835,299.9606018708566,727.0287185528055,1.033419257712152,367,31:09
1035000,2073.9999999647803,-809798.4137065103,207948.68470540497,301.4000558869665,728.6101941994821,1.0311761826057515,367,31:07
1040000,2083.999999964544,-808979.2657366581,206693.04367805194,299.5801344176179,727.5686857230482,1.0326523026696783,367,31:05
1045000,2093.9999999643073,-810841.0377614284,207899.99352580414,301.32948307101583,727.3162707728076,1.033010684421976,367,31:02
1050000,2103.999999964071,-808861.8866917854,207026.27127382866,300.06311326469483,729.5842473730625,1.029799480138827,367,31:00
1055000,2113.9999999638344,-808482.1332342187,207515.47320685114,300.77216074033464,728.0115093346147,1.032024176855323,367,30:59
1060000,2123.999999963598,-809018.8089946974,207049.5874116238,300.0969075887343,727.500856862923,1.032748582458128,367,30:56
1065000,2133.9999999633615,-808358.0954611949,205420.9917154461,297.73642699930133,727.4134518563958,1.0328726761167761,367,30:54
1070000,2143.999999963125,-808416.6351530883,208029.40820855417,301.51705623440813,726.3677776365071,1.034359592749225,367,30:51
1075000,2153.9999999628885,-810988.4729222376,207170.46923008986,300.2721132501359,728.8143767708559,1.030887291207318,367,30:49
1080000,2163.999999962652,-810698.349425396,207634.31724236187,300.94441284664396,726.4666884182268,1.03421876135595,367,30:47
1085000,2173.9999999624156,-808984.7254589959,206657.60061003634,299.52876336568823,727.0507384364535,1.033387958972447,367,30:44
1090000,2183.999999962179,-811033.9688693783,208047.5910633054,301.5434103969553,725.8028242287876,1.0351647218520938,367,30:42
1095000,2193.9999999619426,-809861.0779635082,207869.11034639797,301.28472110480203,728.102648998219,1.0318949940588598,367,30:39
1100000,2203.999999961706,-809773.8216614695,208070.88881528896,301.5771780726674,726.8123573521887,1.0337268912149087,367,30:37
1105000,2213.9999999614697,-810988.1652930677,206490.93979085618,299.287205789663,725.9373906970541,1.0349728341459656,367,30:36
1110000,2223.9999999612332,-810398.7876344821,207875.88736647743,301.2945436926852,726.1127171570296,1.0347229306270023,367,30:33
1115000,2233.999999960997,-807982.3587808846,207937.58199868584,301.38396366483784,727.008404861374,1.0334481329765643,367,30:30
1120000,2243.9999999607603,-810250.796081272,206140.95439141482,298.7799382438226,726.5551502019715,1.0340928399632152,367,30:28
1125000,2253.999999960524,-809323.8758115154,207379.64343427605,300.5752895694337,726.7956415792636,1.0337506661840905,367,30:25
1130000,2263.9999999602874,-811481.6340816263,207280.81824683677,300.43205270761166,724.6814278341692,1.036766570529782,367,30:23
1135000,2273.999999960051,-810217.4487216016,206592.7940879784,299.4348330318764,727.5396177611585,1.0326935610383587,367,30:20
1140000,2283.9999999598144,-809811.9232129892,208192.71874185425,301.7537579184476,726.2436190068865,1.0345364268944204,367,30:18
1145000,2293.999999959578,-808646.2787047704,206572.1398504292,299.4048968562259,727.3817558572721,1.0329176840251728,367,30:15
1150000,2303.9999999593415,-809634.5629809061,207414.01160466255,300.6251026687082,726.6489840532727,1.033959305181077,367,30:13
1155000,2313.999999959105,-811468.0489575337,205816.47173637577,298.3096342815654,725.7938170411154,1.0351775683695243,367,30:12
1160000,2323.9999999588686,-810746.1048756046,207153.4228592274,300.24740630314125,724.1578696772783,1.0375161413312903,367,30:10
1165000,2333.999999958632,-810192.3032203717,207484.15207805252,300.72676401188824,727.236785672982,1.0331235898181135,367,30:07
1170000,2343.9999999583956,-809193.0632637138,206985.83654293563,300.00450731501934,727.2985937476868,1.0330357917932476,367,30:05
1175000,2353.999999958159,-809180.9057214577,208356.0975921137,301.9905586208358,725.7809191034653,1.0351959646312365,367,30:02
1180000,2363.9999999579227,-809047.048279542,207020.55461336835,300.054827558129,725.934871225526,1.0349764261825123,367,30:00
1185000,2373.999999957686,-809855.6846590079,207285.69270631566,300.43911773118435,724.6516130119167,1.0368092269048768,367,29:58
1190000,2383.9999999574497,-809998.978645185,206991.45723379403,300.01265392359846,725.6782061195397,1.035342486967967,367,29:55
1195000,2393.9999999572133,-810091.7628471763,207615.4391474605,300.9170510055899,727.313736391324,1.0330142840283356,367,29:52
1200000,2403.999999956977,-810406.7268951242,207148.15192646254,300.23976663265154,725.1285388968014,1.0361273048297222,367,29:50
1205000,2413.9999999567403,-810400.7944683786,205913.5466125147,298.4503342486508,724.0385741806078,1.0376870866480143,366,29:49
1210000,2423.999999956504,-810141.3010653462,206327.89915214365,299.05089528984223,725.7657162812319,1.035217649177467,367,29:46
1215000,2433.9999999562674,-809159.6566461409,206703.06118028687,299.59465374837356,725.4811510603124,1.0356237065072917,367,29:44
1220000,2443.999999956031,-810962.9430994829,207016.0573391284,300.0483092254491,724.6580149162002,1.0368000673381648,367,29:41
1225000,2453.9999999557945,-810987.1414658576,207053.90986688586,300.1031725394331,725.098655264749,1.0361700069460649,367,29:39
1230000,2463.999999955558,-810003.0924080736,206726.35401178626,299.6284142923541,726.0110977310943,1.0348677603004617,367,29:36
1235000,2473.9999999553215,-810536.7507556253,206629.58235892217,299.4881538159638,726.8097214104376,1.0337306402619995,367,29:34
1240000,2483.999999955085,-810110.0738545284,205249.93046636783,297.4884914564277,724.1455921123302,1.0375337319538789,367,29:32
1245000,2493.9999999548486,-811344.5746813063,207578.45674812747,300.8634488525318,724.4546528234492,1.037091108096391,367,29:29
1250000,2503.999999954612,-811579.2359047201,207216.20857458422,300.3384076871811,726.3800743810529,1.0343420822803548,367,29:27
1255000,2513.9999999543757,-811066.2781246942,208503.52080379758,302.2042332795792,726.7192456320242,1.033859338634734,366,29:26
1260000,2523.999999954139,-811410.6156634763,207341.2304229515,300.51961389263687,727.3208550497305,1.0330041733931656,366,29:23
1265000,2533.9999999539027,-812025.56918729,205677.93083872963,298.10883361599576,727.0282669622843,1.033419899616136,367,29:20
1270000,2543.9999999536662,-810445.1593709299,206436.60055507664,299.20844670193895,728.1852163642178,1.0317779896900094,367,29:18
1275000,2553.99999995343,-809933.4633385111,208384.9635975159,302.03239690249546,728.6435860372499,1.031128926487041,367,29:16
1280000,2563.9999999531933,-811738.9348282069,206772.77740438678,299.6957001861989,726.85418255284,1.033667407709576,367,29:13
1285000,2573.999999952957,-809334.7478885376,208245.1343737409,301.8297289417911,729.6533097936757,1.0297020085809105,367,29:11
1290000,2583.9999999527204,-811122.2842740114,205913.8724573339,298.4508065269287,726.977284685861,1.0334923724431326,367,29:08
1295000,2593.999999952484,-811006.927534705,206680.9688964941,299.5626332738068,727.8354005605114,1.032273887864833,367,29:06
1300000,2603.9999999522474,-811947.223699104,207513.68329631025,300.7695664506048,726.1368351631447,1.0346885632009746,367,29:03
1305000,2613.999999952011,-810542.1604554034,207386.22461637296,300.584828310468,727.5456990241406,1.032684929166666,366,29:02
1310000,2623.9999999517745,-808941.5558952582,208122.06845973403,301.6513576603761,730.0507429408153,1.0291414479433887,366,28:59
1315000,2633.999999951538,-811041.8563858536,206595.73435400936,299.43909464260656,727.819123891389,1.032296973244105,367,28:57
1320000,2643.9999999513016,-809778.9559552218,206654.5500978912,299.5243419646472,728.9461247992824,1.030700971034227,367,28:54
1325000,2653.999999951065,-810814.8762927968,207707.41199200164,301.0503561069136,727.8127229552854,1.032306052045227,367,28:52
1330000,2663.9999999508286,-811235.2249970012,207547.35166824923,300.81836526459307,727.9557626108899,1.0321032090845044,366,28:50
1335000,2673.999999950592,-811055.0117984,207164.7018353268,300.26375400945886,726.4282257861042,1.0342735207586549,366,28:48
1340000,2683.9999999503557,-809262.6003500791,207147.97107059805,300.2395045008293,727.0081893025863,1.033448439395158,366,28:45
1345000,2693.999999950119,-811395.2950604577,206562.9309630567,299.39154952886645,726.5659228236038,1.0340775077124895,367,28:43
1350000,2703.9999999498827,-811329.5016258666,206546.23623613518,299.36735225330165,725.6476368463756,1.0353861027198767,367,28:40
1355000,2713.9999999496463,-810254.7844603839,206998.67143199337,300.0231101558345,728.247571521014,1.0316896451752566,366,28:39
1360000,2723.99999994941,-810999.4458376076,207526.7983154363,300.7885753109068,726.4212789362504,1.0342834116347417,366,28:36
1365000,2733.9999999491733,-811295.176535387,207550.02368658048,300.82223807809754,726.8817487612499,1.0336282069850622,366,28:34
1370000,2743.999999948937,-809151.8136972617,208389.93403302028,302.0396010333652,725.6701281935195,1.0353540120668934,366,28:32
1375000,2753.9999999487004,-811111.2332261191,207601.41208185715,300.8967202284909,725.4360378709114,1.035688109550401,366,28:29
1380000,2763.999999948464,-809871.7808053857,206230.47368049357,298.9096871709174,727.658394409128,1.032524993094249,366,28:27
1385000,2773.9999999482275,-811804.943533259,206868.405782702,299.8343036046789,728.1376257422875,1.031845426057102,366,28:24
1390000,2783.999999947991,-810220.3849450131,207789.8791251047,301.1698836651731,727.016730407467,1.0334362982832128,367,28:22
1395000,2793.9999999477545,-809821.222604698,208276.8620503559,301.87571491914156,729.5213437786937,1.0298882754692618,367,28:19
1400000,2803.999999947518,-809741.4122068966,206741.56798288116,299.6504653658906,727.7818419112181,1.0323498545789649,367,28:17
1405000,2813.9999999472816,-809987.8509849911,208238.07255925715,301.8194935739498,728.6446391298537,1.0311274362211587,366,28:15
1410000,2823.999999947045,-810427.9740381758,206893.0521446458,299.8700259506884,725.2272506741401,1.0359862759760576,366,28:13
1415000,2833.9999999468087,-811605.9432431776,207526.8797635347,300.78869336147994,727.7409103234295,1.03240791881323,366,28:10
1420000,2843.999999946572,-811864.6469539357,206939.03063777369,299.9366670088802,726.8729851847478,1.033640668969551,366,28:08
1425000,2853.9999999463357,-808508.9615799128,206757.04693667585,299.67290050437396,727.2977911496602,1.0330369317836314,366,28:05
1430000,2863.9999999460993,-810463.8815630362,206276.72645172194,298.97672576677536,729.2978870609302,1.0302038330182173,366,28:03
1435000,2873.999999945863,-811091.205002849,207176.5559696252,300.28093534794675,726.6024485345815,1.0340255254816955,366,28:00
1440000,2883.9999999456263,-812293.9335694117,206709.16638053634,299.6035026030754,724.0803215858831,1.0376272580046115,366,27:58
1445000,2893.99999994539,-810713.6586498595,205853.55605396937,298.36338415457413,724.7797457117418,1.0366259309915555,366,27:56
1450000,2903.9999999451534,-814188.7013227739,207305.24168341103,300.46745194641363,723.9217572894556,1.0378545348262607,367,27:53
1455000,2913.999999944917,-810868.6768083847,206346.16614737234,299.07737140528684,726.7901401360131,1.033758491167275,366,27:52
1460000,2923.9999999446804,-809987.6452822294,206287.03892959526,298.9916726341323,728.0137004781602,1.0320210707144464,366,27:49
1465000,2933.999999944444,-809730.2289114385,207053.31712398154,300.1023134200559,728.1120510759519,1.0318816692458286,366,27:47
1470000,2943.9999999442075,-811057.8570251446,206266.1080726731,298.9613355273839,727.9064807952229,1.0321730860830494,366,27:44
1475000,2953.999999943971,-810135.926895164,206397.3309711826,299.1515295120222,727.5287300844896,1.0327090155944827,366,27:42
1480000,2963.9999999437346,-810005.366669374,206990.42687048065,300.01116051881604,726.4864560844483,1.0341906203065148,366,27:39
1485000,2973.999999943498,-811164.481707281,207723.30161961907,301.07338647451945,726.7735101676568,1.033782145539312,366,27:37
1490000,2983.9999999432616,-809999.8123979797,206025.08180401364,298.61199294343294,728.113059734299,1.0318802397754394,366,27:35
1495000,2993.999999943025,-809152.8612534613,206683.1402607265,299.56578044110876,728.0158212992792,1.0320180642796715,366,27:32
1500000,3003.9999999427887,-811387.6592233945,206020.20294610603,298.6049215447939,726.7559595392266,1.0338071106270776,367,27:30
1505000,3013.999999942552,-811429.2635793714,206707.50684404717,299.60109727701484,725.6136904100966,1.0354345412606933,366,27:28
1510000,3023.9999999423158,-808856.9889742285,206734.06173019274,299.6395858309563,727.725699996939,1.0324294973578882,366,27:26
1515000,3033.9999999420793,-811205.4151162645,206120.5437167766,298.750355087356,726.339870187414,1.0343993349399867,366,27:23
1520000,3043.999999941843,-810446.8342240383,207176.75558428944,300.28122466870417,728.0211967177694,1.032010444269416,366,27:21
1525000,3053.9999999416063,-812980.4819771531,206864.2260134592,299.8282454625697,726.7208977875432,1.0338569882187523,366,27:18
1530000,3063.99999994137,-809543.0769433831,207280.234005692,300.4312059106534,727.2142149399567,1.0331556551384125,366,27:16
1535000,3073.9999999411334,-809462.9322866262,205665.94011464703,298.09145430477895,728.1255258656178,1.0318625731038045,366,27:13
1540000,3083.999999940897,-809673.6469396679,206762.37827472913,299.6806277260656,727.8817426103415,1.0322081660790685,366,27:11
1545000,3093.9999999406605,-809604.571539945,207893.55905290815,301.32015696975577,728.6527870090125,1.0311159060357293,366,27:09
1550000,3103.999999940424,-808863.6497844765,207906.92927387427,301.3395357186626,728.7930550000603,1.030917451130479,367,27:06
1555000,3113.9999999401875,-810466.1228008298,206754.49039974753,299.66919506918856,725.9697449406027,1.034926708583054,366,27:05
1560000,3123.999999939951,-809422.9051022413,207071.76567579666,300.1290526829466,727.7350262618739,1.032416266290712,366,27:02
1565000,3133.9999999397146,-810393.0672399877,207621.1171426259,300.9252806708201,725.2107891874741,1.036009791724199,366,27:00
1570000,3143.999999939478,-808814.8254602766,207805.7864684381,301.19293970987223,727.1519675863632,1.0332440977312256,366,26:57
1575000,3153.9999999392417,-810110.3899651701,206762.58102878532,299.6809215970461,725.4904756997809,1.0356103957637166,366,26:55
1580000,3163.999999939005,-809451.2521638935,208429.36911016077,302.09675808858236,728.4021003082166,1.031470774650898,366,26:52
1585000,3173.9999999387687,-809040.4576409906,205852.1167697236,298.36129806130197,726.9411982704526,1.0335436765034365,366,26:50
1590000,3183.9999999385323,-809600.9420448686,207803.04201048898,301.188961902653,728.3986797716735,1.0314756184041554,366,26:48
1595000,3193.999999938296,-809344.8075475078,206744.7949326023,299.65514249490286,728.5289611502216,1.031291161680167,366,26:45
1600000,3203.9999999380593,-810354.9540606015,207492.5530511471,300.738940351276,728.9296450304751,1.0307242733019122,366,26:43
1605000,3213.999999937823,-811404.9444925669,208796.63848621593,302.6290769663162,727.0606458261003,1.0333738773724808,366,26:41
1610000,3223.9999999375864,-810200.7443972537,206679.21791101585,299.56009540191906,727.4434658984669,1.032830060181094,366,26:39
1615000,3233.99999993735,-809432.2765534609,206904.73073173215,299.88695285169524,728.9298209691882,1.0307240245203464,366,26:36
1620000,3243.9999999371134,-811837.8410214097,207175.88293988965,300.2799598611328,726.3717748761508,1.0343539006459346,366,26:34
1625000,3253.999999936877,-811401.3419944919,206996.24972290796,300.0196001396268,726.6945751702373,1.0338944369940422,366,26:31
1630000,3263.9999999366405,-811502.7417173879,207103.40317333105,300.1749079550706,726.5578219710643,1.0340890372964415,366,26:29
1635000,3273.999999936404,-810182.3235949562,206632.84947614468,299.4928891636043,729.8357358533689,1.0294446294600266,366,26:26
1640000,3283.9999999361676,-809259.2819004455,208126.9768003089,301.6584717910843,729.188597227809,1.030358238621129,366,26:24
1645000,3293.999999935931,-808619.2301138798,207212.7061452024,300.3333312789656,728.8499721097785,1.0308369450676105,366,26:21
1650000,3303.9999999356946,-810471.0824749768,206945.48498025333,299.94602190904135,727.5124919952295,1.0327320656745285,367,26:19
1655000,3313.999999935458,-809746.1804223512,205846.10908462165,298.352590544695,726.1379993715608,1.0346869042971103,366,26:17
1660000,3323.9999999352217,-812444.3711640276,207048.67147448592,300.0955800328282,727.7842786820543,1.0323463980601968,366,26:15
1665000,3333.999999934985,-811095.1531317225,207114.17668137618,300.1905230378565,726.9509537373042,1.0335298066529,366,26:12
1670000,3343.9999999347488,-810007.9022720363,206954.88638226088,299.9596482664021,727.6956540824447,1.032472125465154,366,26:10
1675000,3353.9999999345123,-810061.9720020695,206890.07492887956,299.8657107851484,726.0110552678133,1.034867820828301,366,26:08
1680000,3363.999999934276,-810483.3017541966,206721.17509986006,299.6209079965282,727.0142144074903,1.0334398747273192,366,26:05
1685000,3373.9999999340394,-809963.8282112936,208071.18864482976,301.57761264449687,727.553201682605,1.0326742799353699,366,26:03
1690000,3383.999999933803,-810945.7968848287,207545.9097892816,300.81627541054064,727.8415543257053,1.032265160180787,367,26:00
1695000,3393.9999999335664,-811447.8941858979,207089.83134620896,300.1552369989456,726.6126752166765,1.0340109721292865,367,25:58
1700000,3403.99999993333,-811107.7809711536,207005.20622742522,300.03258166420767,726.149965622873,1.0346698536545262,367,25:55
1705000,3413.9999999330935,-810508.2197534014,208045.2861590767,301.5400696772757,724.8896242475399,1.0364687995667734,366,25:54
1710000,3423.999999932857,-809989.1221753173,206646.57667539475,299.5127853155179,728.8709385675058,1.0308072923567,366,25:51
1715000,3433.9999999326205,-809720.2693159087,208329.42104454947,301.9518937312833,726.7596980889292,1.033801792584159,366,25:49
1720000,3443.999999932384,-809792.7322104066,207421.2455668475,300.635587546792,728.7229399609695,1.0310166422131548,366,25:46
1725000,3453.9999999321476,-810288.3519947114,207538.3830254953,300.8053661468968,729.9397261422782,1.0292979704406586,366,25:44
1730000,3463.999999931911,-809956.1552823596,207248.5911262147,300.3853428379613,727.8737384159048,1.0322195169417587,366,25:41
1735000,3473.9999999316747,-810316.5077182674,206559.0140342133,299.38587234666176,727.5670636655232,1.0326546048924177,367,25:39
1740000,3483.999999931438,-811898.4592486699,207032.84838704456,300.07264610830794,724.5951419879564,1.0368900302049568,367,25:36
1745000,3493.9999999312017,-812142.0726302564,207937.43075030402,301.38374444599157,725.1852438290632,1.0360462861808528,367,25:34
1750000,3503.9999999309653,-809330.7030271674,207266.25632685324,300.41094671454863,729.5561022812004,1.0298392081335315,367,25:31
1755000,3513.999999930729,-809700.0097007803,207175.75337015023,300.2797720632309,727.1321577369097,1.0332722472358333,366,25:30
1760000,3523.9999999304923,-809603.5398419504,207743.10253172726,301.10208584342615,728.2304170698966,1.031713948018384,366,25:27
1765000,3533.999999930256,-810851.2235038863,207232.55710583396,300.36210318801733,726.0836352702393,1.0347643744685462,366,25:25
1770000,3543.9999999300194,-810339.7513218806,208182.13459674953,301.7384172976084,727.132535557396,1.0332717103441338,367,25:22
1775000,3553.999999929783,-809721.577822369,205873.3025743105,298.3920046882544,724.8691829895233,1.0364980279112186,367,25:20
1780000,3563.9999999295464,-810057.9560102867,207023.63626440443,300.0592940917635,728.5026524362859,1.0313284051192488,367,25:17
1785000,3573.99999992931,-810038.3658852922,207616.71325759398,300.91889769611345,727.5745994496795,1.0326439092713549,367,25:15
1790000,3583.9999999290735,-810484.7278634934,207261.84748835384,300.40455656030457,726.7998989521533,1.0337446107869073,367,25:13
1795000,3593.999999928837,-811580.9756945106,207317.72344330535,300.485542963123,727.0651731142872,1.0333674427617736,367,25:10
1800000,3603.9999999286006,-811155.7115914379,206483.60128585048,299.2765693876007,727.5242258498092,1.0327154092836512,367,25:08
1805000,3613.999999928364,-811980.776750348,207169.0452240373,300.2700493010206,727.8131674004594,1.0323054216589362,366,25:06
1810000,3623.9999999281276,-811368.9030974354,206511.92810115585,299.31762616912465,726.0808217595724,1.0347683841056527,366,25:04
1815000,3633.999999927891,-810732.4722381285,208242.13918718125,301.8253877294494,727.0161883001546,1.0334370688759222,367,25:01
1820000,3643.9999999276547,-810533.4173278823,207043.8338052164,300.08856833284915,729.3386346410617,1.030146276334334,367,24:59
1825000,3653.9999999274182,-810340.6250978671,207496.38498960575,300.7444943487309,727.8547235705894,1.0322464831670377,367,24:56
1830000,3663.9999999271818,-810889.0222545583,207163.1829601155,300.26155255733516,726.4156982462112,1.0342913575190982,367,24:54
1835000,3673.9999999269453,-811170.1915158145,206629.03982699226,299.48736747218754,727.9452818686127,1.0321180690032474,367,24:51
1840000,3683.999999926709,-810664.1131618591,207814.5213019512,301.205599945318,726.4277036064775,1.0342742642277687,367,24:49
1845000,3693.9999999264724,-810125.4552678829,207629.08743245172,300.93683277946815,726.143372318561,1.0346792483463565,367,24:46
1850000,3703.999999926236,-811652.1604115604,206945.38152475792,299.9458719610283,727.0055261982084,1.0334522250349694,367,24:44
1855000,3713.9999999259994,-811138.6202669316,205591.97921934465,297.9842556561837,725.4653234909869,1.0356463008415475,367,24:42
1860000,3723.999999925763,-810124.5907795574,206547.70779328747,299.3694851228053,729.0174399221627,1.0306001441371229,367,24:40
1865000,3733.9999999255265,-810373.2501154463,207629.3160612199,300.9371641531606,728.6067364232676,1.0311810762970925,367,24:37
1870000,3743.99999992529,-810797.0257641915,206279.00001832627,298.9800210658179,725.7815771250517,1.035195026082626,367,24:35
1875000,3753.9999999250535,-810226.3629555455,207313.1452534616,300.4789073516657,727.6495409968267,1.0325375559682157,367,24:32
1880000,3763.999999924817,-809355.1988228713,206398.27141296555,299.15289258487036,727.0337698678262,1.0334120776794826,367,24:30
1885000,3773.9999999245806,-810653.6327747852,206892.08401782715,299.8686227512517,726.6313034880285,1.033984463724161,367,24:27
1890000,3783.999999924344,-809784.3304162915,207543.7159493004,300.81309566697126,726.7945690953254,1.0337521916233723,367,24:25
1895000,3793.9999999241077,-809349.6656393013,207746.30260174454,301.10672401309483,727.1875479081995,1.0331935424685035,367,24:22
1900000,3803.999999923871,-809315.39427811,207989.93568008253,301.4598448973698,728.871622315961,1.0308063253648838,367,24:20
1905000,3813.9999999236347,-810063.8696807628,207178.0307045887,300.2830728233583,724.8985714095915,1.0364560068055833,367,24:18
1910000,3823.9999999233983,-809194.5199943525,207122.5753627658,300.20269605565557,726.6081981335539,1.0340173433112851,367,24:15
1915000,3833.999999923162,-810084.729797387,207161.79389559024,300.2595392523405,726.6922494253586,1.0338977459252905,367,24:13
1920000,3843.9999999229253,-810395.5359359686,205160.10236246017,297.35829493426,726.4620872157437,1.0342253118009304,367,24:10
1925000,3853.999999922689,-810521.7980336044,206641.6233537884,299.5056059894688,728.8431287460872,1.030846623957132,367,24:08
1930000,3863.9999999224524,-810423.6142883957,206653.49988052505,299.522819783474,726.4060853911026,1.0343050447570767,367,24:06
1935000,3873.999999922216,-809505.4439440975,206853.45531617722,299.8126344536934,728.0142639998971,1.032020271875282,367,24:03
1940000,3883.9999999219795,-810144.4808108746,206657.35261553293,299.52840392337055,728.3247207814228,1.0315803613752899,367,24:01
1945000,3893.999999921743,-809473.4628814622,206354.38288841446,299.0892807194179,726.6294972552713,1.03398703397023,367,23:58
1950000,3903.9999999215065,-810555.7187829674,207321.6979407092,300.4913035849867,728.8911570799806,1.0307786990751144,367,23:56
1955000,3913.99999992127,-811040.164124351,205804.76357002842,298.2926645084869,727.8716998647199,1.0322224078802575,367,23:55
1960000,3923.9999999210336,-810571.1960473959,206189.16268701415,298.8498111694842,724.6618186436964,1.0367946252066453,367,23:52
1965000,3933.999999920797,-810046.9966566721,206970.02803366218,299.98159452004177,728.7853067925462,1.0309284115083392,367,23:50
1970000,3943.9999999205606,-811108.0091768061,207433.2006522782,300.65291520347836,726.863063151371,1.0336547786660495,367,23:47
1975000,3953.999999920324,-808670.5193737764,208258.94842799578,301.849750981028,727.8976633777897,1.0321855893529748,367,23:45
1980000,3963.9999999200877,-810625.595599358,206559.11690299085,299.38602144428813,729.1204082220012,1.03045460007683,367,23:43
1985000,3973.9999999198512,-811735.7765798466,207013.574850443,300.0447111155135,726.2942205862656,1.0344643497999837,367,23:40
1990000,3983.9999999196148,-811198.6496723532,207664.520822132,300.98818980365434,726.5761249833521,1.0340629877970078,367,23:38
1995000,3993.9999999193783,-810805.1232075528,207065.12235021975,300.1194238713819,727.522492656158,1.0327178695454424,367,23:35
2000000,4003.999999919142,-810208.3982577785,208127.23623538605,301.65884781532725,726.1200537738742,1.0347124759292659,367,23:33
2005000,4013.9999999189054,-810704.5881508179,207377.0118338843,300.57147533754153,727.5540478214493,1.0326730789444274,367,23:31
2010000,4023.999999918669,-812122.148174888,207327.15851541952,300.499218121812,726.2150987056052,1.0345770557530523,367,23:29
2015000,4033.9999999184324,-810351.2347066514,207568.08347939255,300.84841387512444,727.8162001014948,1.0323011201969454,367,23:26
2020000,4043.999999918196,-810858.1727210362,207855.5705774658,301.2650966136992,727.1443729479855,1.0332548894193276,367,23:24
2025000,4053.9999999179595,-811193.6281562592,207137.47737940075,300.2242949835495,726.5136814626336,1.0341518650408235,367,23:21
2030000,4063.999999917723,-810330.6309374021,208285.36700562877,301.8880419699146,727.3653648329573,1.032940960606232,367,23:19
2035000,4073.9999999174865,-809968.9195554364,207225.00090033663,300.35115125166624,728.3032966902016,1.0316107067985008,367,23:17
2040000,4083.99999991725,-810461.0439215847,207857.85280268715,301.26840446250924,727.2627214325132,1.0330867463993572,367,23:14
2045000,4093.9999999170136,-811945.1956091225,206568.4187777487,299.3995035472206,726.2930253233294,1.0344660522215312,367,23:12
2050000,4103.999999918596,-808504.563358204,208343.55896691547,301.97238518376486,729.0409635080483,1.0305668902978768,367,23:09
2055000,4113.999999920633,-811615.6560718869,207974.5216732896,301.43750389283105,727.3579901209372,1.032951433636324,367,23:08
2060000,4123.99999992267,-811921.8778925193,207390.2778466142,300.59070304741556,727.1169991604827,1.0332937883858102,367,23:05
2065000,4133.9999999247075,-811502.5078094928,206951.48709384148,299.95472135031685,726.2962038497428,1.0344615250359928,367,23:03
2070000,4143.999999926745,-810901.073764706,207690.3085847949,301.02556649165217,725.2557016664281,1.035945635361333,367,23:00
2075000,4153.999999928782,-811070.9967510398,207313.81113411323,300.4798724766238,729.5419777577464,1.0298591466545388,367,22:58
2080000,4163.999999930819,-809636.6303798212,206862.86962250696,299.8262795145311,727.79358536398,1.0323331969002014,367,22:55
2085000,4173.999999932857,-810215.5935958638,206886.64499547987,299.8607394523419,727.9585579997081,1.0320992457685463,367,22:53
2090000,4183.999999934894,-810343.5391917625,207722.68729321175,301.0724960720927,728.223088480013,1.031724330837223,367,22:51
2095000,4193.999999936931,-812157.3136642957,206865.76364256663,299.8304740965212,726.5174825146424,1.0341464544827588,367,22:48
2100000,4203.999999938968,-808907.7484357879,208019.58019973082,301.50281155470356,727.4088677665704,1.0328791852223635,367,22:46
2105000,4213.999999941006,-810605.8797639864,206145.73883248254,298.78687279504254,726.9486702887381,1.0335330531161668,367,22:44
2110000,4223.999999943043,-809291.6626359313,207711.70705669577,301.05658135782437,729.2610318697162,1.0302558971730207,367,22:41
2115000,4233.99999994508,-809877.3518647323,207890.34019831824,301.31549157379686,728.1789311218578,1.031786895433433,367,22:39
2120000,4243.999999947117,-810676.1792060146,207590.38628445772,300.8807394784463,726.7469342548053,1.0338199492133455,367,22:37
2125000,4253.999999949155,-810331.5551602743,206986.61659162605,300.0056379147114,726.532250076123,1.0341254343266064,367,22:34
2130000,4263.999999951192,-810474.003946119,207827.89325250077,301.22498120107673,727.1536410275553,1.0332417198661679,367,22:32
2135000,4273.999999953229,-809182.3149929815,207130.16874673165,300.2137018783417,727.7737082400442,1.0323613922233708,367,22:29
2140000,4283.9999999552665,-811240.7454695259,206155.10756448138,298.8004518006132,726.6588832292655,1.0339452196928682,367,22:27
2145000,4293.999999957304,-811989.8708308558,207067.06398434786,300.12223806871884,726.6405387642154,1.0339713222441773,367,22:25
2150000,4303.999999959341,-809410.2764476123,208145.1622176063,301.68482966777646,727.6649015207435,1.0325157597845733,367,22:22
2155000,4313.999999961378,-810483.388695687,207013.08537853142,300.04400167673197,727.5350549892079,1.0327000376269184,367,22:20
2160000,4323.999999963416,-810345.9619741426,208026.69907797826,301.51312963055324,728.5189073133434,1.031305393888843,367,22:18
2165000,4333.999999965453,-813330.6976049882,206905.1959498477,299.88762713711435,726.4491567763272,1.0342437205052595,367,22:16
2170000,4343.99999996749,-810626.4055433348,206918.15399847517,299.90640848495525,727.342989004673,1.0329727377868905,367,22:13
2175000,4353.999999969527,-811355.6702577686,207520.3318708702,300.7792028700262,727.1803316779558,1.033203795444504,367,22:11
2180000,4363.999999971565,-810779.473656314,208110.2051814957,301.63416306869544,726.7553335195803,1.033808001137999,367,22:08
2185000,4373.999999973602,-810703.9131816267,206956.575863573,299.96209699437856,727.8508952365997,1.032251912554187,367,22:06
2190000,4383.999999975639,-809272.7417004858,206739.20199526736,299.6470361121781,728.1358451841196,1.031847949296156,367,22:04
2195000,4393.999999977676,-810464.3047403744,207348.38460802328,300.52998314206735,729.2782187897697,1.0302316171036545,367,22:01
2200000,4403.999999979714,-812169.1443221131,208223.61344367746,301.7985365852102,725.46872937407,1.035641438757114,367,21:59
2205000,4413.999999981751,-809486.7143685841,206057.09216411418,298.6583886411837,727.2974810117955,1.0330373722964563,367,21:57
2210000,4423.999999983788,-809454.2377527277,207080.70648767028,300.14201146266765,730.7329121087508,1.0281807021584402,367,21:54
2215000,4433.9999999858255,-810773.415057159,207234.75127471786,300.365283408297,727.9201478692934,1.032153706504036,367,21:52
2220000,4443.999999987863,-809158.4087176933,206549.06664917455,299.3714546435113,726.9042295117424,1.0335962402735206,367,21:50
2225000,4453.9999999899,-811089.0168900955,206267.6624646146,298.9635884573253,725.0998492459539,1.0361683007430988,367,21:47
2230000,4463.999999991937,-810978.1484484351,207510.37276922265,300.76476818486617,727.8921266005899,1.032193440765881,367,21:45
2235000,4473.999999993975,-811676.6151326066,208485.81359196862,302.17856851212747,726.2033170150178,1.034593840400649,367,21:42
2240000,4483.999999996012,-809480.3164352528,206820.3346178764,299.76462943585443,727.9923054606578,1.032051400854896,367,21:40
2245000,4493.999999998049,-811284.9215581594,207265.0143058985,300.40914653396226,727.891820383993,1.0321938749990376,367,21:38
2250000,4504.000000000086,-809927.9856669698,207316.7751553938,300.48416851812505,727.3955722321563,1.0328980644694705,367,21:35
2255000,4514.000000002124,-809996.952944302,207137.8566413674,300.22484468444384,728.7250594610227,1.0310136434966983,367,21:33
2260000,4524.000000004161,-812353.8011659058,207027.17756828447,300.0644268445331,726.8627624002648,1.0336552063572648,367,21:31
2265000,4534.000000006198,-812777.4102048655,207436.85914112904,300.658217803712,726.4154270092772,1.0342917437141128,367,21:29
2270000,4544.0000000082355,-810724.2811812647,205532.82727346238,297.89852104420476,726.8147846370264,1.0337234389604109,367,21:26
2275000,4554.000000010273,-810829.5509118992,208082.6117375861,301.59416923296504,726.290207198021,1.034470066119741,367,21:24
2280000,4564.00000001231,-809658.5458472068,206752.82092834357,299.6667753434991,728.0148860868297,1.0320193900164938,367,21:21
2285000,4574.000000014347,-810610.618853393,206782.6170516425,299.7099617346044,727.7037621312732,1.0324606216983154,367,21:19
2290000,4584.000000016385,-808588.553838348,207985.2875582726,301.4531079267789,727.1037745862061,1.033312581948616,367,21:17
2295000,4594.000000018422,-810014.5811051647,207321.71735299332,300.4913317210797,727.1800131209469,1.0332042480618817,367,21:14
2300000,4604.000000020459,-809937.3827509973,206915.03920756213,299.90189391850544,725.5839420039695,1.0354769933127144,367,21:12
2305000,4614.000000022496,-810724.8616121458,206317.5368916375,299.035876267721,726.576743980243,1.034062106841514,367,21:10
2310000,4624.000000024534,-808684.7929451214,206697.73640237853,299.5869360349318,728.3471011036988,1.0315486634377182,367,21:07
2315000,4634.000000026571,-809700.4981695423,207586.87843780458,300.87565521845784,728.9177248007853,1.030741129072689,367,21:05
2320000,4644.000000028608,-811726.0673210248,206394.03790066304,299.14675654776886,729.4739274310206,1.0299552189729262,367,21:03
2325000,4654.000000030645,-810529.9661517777,206992.89653274982,300.01474003819123,727.1294988787416,1.0332760255509184,367,21:00
2330000,4664.000000032683,-809246.8693698528,207606.7320949479,300.9044310358237,726.2882326148826,1.0344728785667254,367,20:58
2335000,4674.00000003472,-809429.0533665824,206445.90008677263,299.22192540884623,730.2365874144242,1.0288795324848117,367,20:55
2340000,4684.000000036757,-811659.8198448536,206958.79483953762,299.9653131699494,724.8988369152395,1.0364556271872012,367,20:53
2345000,4694.0000000387945,-810415.0605848855,206678.10500424512,299.55848235895434,728.1517780510477,1.031825371179118,367,20:51
2350000,4704.000000040832,-811348.7214943287,207725.97651783796,301.07726346212246,725.4814778185797,1.035623240060362,367,20:48
2355000,4714.000000042869,-810843.7320418586,206639.15103487088,299.50202261955735,727.8637062867024,1.0322337440002995,367,20:46
2360000,4724.000000044906,-810809.465507166,206708.80814310993,299.60298337507214,728.5469929469995,1.0312656368577104,367,20:44
2365000,4734.000000046944,-808011.567276773,207436.37709279323,300.6575191246338,727.3208258886699,1.0330042148102352,367,20:42
2370000,4744.000000048981,-810162.2711255061,206702.89860399353,299.5944181108942,726.3840490486983,1.0343364225112366,367,20:39
2375000,4754.000000051018,-811408.2192023671,208244.26320188568,301.8284662685204,725.7168145947489,1.03528740626164,367,20:37
2380000,4764.000000053055,-809245.6827076538,207272.7362812733,300.42033873656175,729.5671032639166,1.0298236794134477,367,20:34
2385000,4774.000000055093,-810353.6934169596,205933.6614983016,298.47948868984827,728.4731482896582,1.0313701753129167,367,20:32
2390000,4784.00000005713,-809268.5652308767,207415.1254335394,300.6267170481702,726.3889883887417,1.0343293891731882,367,20:30
2395000,4794.000000059167,-811208.9861885728,207477.07034464605,300.716499773634,727.6784727219047,1.0324965033689952,367,20:27
2400000,4804.000000061204,-811280.4736664211,207245.0747323198,300.3802461896321,727.459545990633,1.0328072300420834,367,20:25
2405000,4814.000000063242,-810951.2744956808,206494.62881466583,299.29255264715323,723.9821604786939,1.0377679446762667,367,20:23
2410000,4824.000000065279,-809042.920306792,208531.95332785713,302.2454432749812,727.3775149070367,1.0329237064171295,367,20:21
2415000,4834.000000067316,-811668.5582761164,207413.6901867751,300.6246368068088,726.788338105163,1.0337610543133728,367,20:18
2420000,4844.0000000693535,-811103.4538607164,208048.81021234268,301.545177427069,726.4813351735748,1.034197910236395,367,20:16
2425000,4854.000000071391,-808321.4986229939,208388.9787536516,302.03821645497504,726.2740288590264,1.0344931097737122,367,20:13
2430000,4864.000000073428,-809389.7419084301,207502.09353998274,300.7527683005719,729.1575157795659,1.0304021592083445,367,20:11
2435000,4874.000000075465,-809196.3816376138,207314.0928343974,300.4802807719757,730.0253774287776,1.0291772065630114,367,20:08
2440000,4884.000000077503,-809266.6929888581,207411.0844977817,300.6208601308017,727.0925748325279,1.033328498555099,367,20:06
2445000,4894.00000007954,-811305.4586155806,206818.9309664096,299.7625949886006,726.1333380400173,1.0346935463536748,367,20:04
2450000,4904.000000081577,-809411.9343970432,206631.2612484069,299.4905871921847,726.0935200838326,1.0347502875049917,367,20:01
2455000,4914.000000083614,-809071.8917321232,206970.31774083726,299.9820144205517,729.0507643634267,1.0305530360677693,367,19:59
2460000,4924.000000085652,-812273.3346262178,208826.17310662358,302.67188433609624,728.0491537440495,1.0319708151551408,367,19:57
2465000,4934.000000087689,-810843.931387078,207285.9274769908,300.43945800693416,726.1286171865264,1.0347002733115782,367,19:54
2470000,4944.000000089726,-810670.4976013219,206418.523856376,299.18224640157956,726.9315663315717,1.0335573710931119,367,19:52
2475000,4954.0000000917635,-809042.0892364951,206718.88782910293,299.6175928347372,727.5894153030705,1.0326228816142133,367,19:50
2480000,4964.000000093801,-810317.1891088691,207547.4594542427,300.818521489214,726.5631994630172,1.0340813837220781,367,19:47
2485000,4974.000000095838,-811317.0816646656,207758.70664760348,301.1247023913684,726.4360771009918,1.0342623423393178,367,19:45
2490000,4984.000000097875,-808283.4773903913,206629.9013050677,299.48861609532963,727.5447752430023,1.032686240391613,367,19:43
2495000,4994.0000000999125,-812570.0846380605,207045.8338503025,300.091467190813,725.2925204935973,1.0358930465061782,367,19:40
2500000,5004.00000010195,-808494.5737537579,206288.00938943343,298.9930792150389,726.7704600688622,1.0337864840999018,367,19:38
2505000,5014.000000103987,-811766.5225660438,208020.89589389134,301.5047185169624,725.7326658954054,1.035264793731278,367,19:36
2510000,5024.000000106024,-810795.367894086,207949.44099720934,301.4011520535156,727.3255891147525,1.0329974497071055,367,19:33
2515000,5034.000000108062,-809854.1165177217,206908.8810424144,299.89296829667563,728.0859800381953,1.0319186184890454,367,19:31
2520000,5044.000000110099,-812026.3900615484,207657.74306039023,300.9783661408086,728.9744997992593,1.030660851468951,367,19:29
2525000,5054.000000112136,-809115.0929986509,206668.8573945398,299.5450789075886,727.2487932666803,1.0331065319303294,367,19:26
2530000,5064.000000114173,-809138.2047148352,206855.94919205553,299.8162490681844,729.5164708912243,1.0298951547240456,367,19:24
2535000,5074.000000116211,-810609.3751946487,207802.983065387,301.1888764678398,726.869568774294,1.03364552725629,367,19:21
2540000,5084.000000118248,-810552.338651421,206900.2664240306,299.8804823005944,727.3619324407381,1.0329458350138108,367,19:19
2545000,5094.000000120285,-811550.7713072123,206132.2235466729,298.76728378968704,724.7967688268473,1.0366015840252008,367,19:17
2550000,5104.0000001223225,-810739.8291991479,209236.3887829025,303.26644942282104,728.3538762930683,1.0315390679131167,367,19:14
2555000,5114.00000012436,-810987.3772944403,207120.7679779737,300.2000764388106,728.1739184841041,1.0317939980964295,367,19:12
2560000,5124.000000126397,-810013.705850584,207621.43498114668,300.92574134479867,724.902970939216,1.0364497164204018,367,19:10
2565000,5134.000000128434,-810591.3564869254,205916.85426906112,298.45512835383767,727.6720233121996,1.0325056544600857,367,19:07
2570000,5144.000000130472,-811529.8702248372,207394.53000047873,300.59686610352827,723.8380224692569,1.0379745956135755,367,19:05
2575000,5154.000000132509,-810030.3809670322,206411.3367519578,299.17182943896984,726.8283447081844,1.03370415330171,367,19:03
2580000,5164.000000134546,-810141.6371125318,207719.82781572946,301.0683515559868,727.7775902662102,1.0323558855218853,367,19:00
2585000,5174.000000136583,-812121.0690948465,206732.00907217685,299.63661071600626,724.2596624106749,1.037370321248452,367,18:58
2590000,5184.000000138621,-811077.4291793364,205404.48217571148,297.71249813336146,726.0929293466795,1.034751129360647,367,18:56
2595000,5194.000000140658,-810008.4642583216,207390.59137185095,300.5911574697362,728.5255017447851,1.0312960587692088,367,18:53
2600000,5204.000000142695,-810227.2516791355,207225.78232115696,300.35228384011833,728.7957202090014,1.0309136810611277,367,18:51
2605000,5214.000000144732,-811566.5486123748,206922.3783832415,299.91253129263964,726.1556540600776,1.034661748430175,366,18:49
2610000,5224.00000014677,-811085.9502532417,207558.41102212435,300.83439465126963,728.4209110176844,1.0314441379951225,366,18:46
2615000,5234.000000148807,-811764.4388167411,206422.34872649447,299.18779015420824,725.5147256868246,1.0355757809753596,366,18:44
2620000,5244.000000150844,-811003.6869003694,207940.27695670113,301.3878697270357,726.2110002703553,1.0345828944790871,366,18:42
2625000,5254.0000001528815,-810252.1988405609,205911.92690932308,298.44798665682464,727.252117686955,1.0331018093860875,367,18:39
2630000,5264.000000154919,-811917.0534539302,206131.3674713354,298.7660429972534,726.216480112691,1.0345750877832873,367,18:37
2635000,5274.000000156956,-811103.3984589833,206549.42430444743,299.37197302774337,725.4255003842896,1.0357031538927806,367,18:34
2640000,5284.000000158993,-808926.0699448846,205638.826169607,298.0521554529398,726.935874026069,1.0335512464133991,367,18:32
2645000,5294.000000161031,-811110.1943317247,207331.79284596432,300.50593510339417,726.6827002799059,1.0339113321025246,367,18:30
2650000,5304.000000163068,-810557.762221403,205895.37240413873,298.42399261812795,728.3447975738899,1.0315519259077786,367,18:27
2655000,5314.000000165105,-812455.5813006344,206722.59703129384,299.62296893869876,726.0901655491542,1.0347550680486315,366,18:25
2660000,5324.000000167142,-808381.2698773993,206701.17716324067,299.59192306102244,727.1145317883851,1.0332972947388683,366,18:23
2665000,5334.00000016918,-811997.5336316819,206805.9436569433,299.743771230208,725.1436753632547,1.0361056769693082,366,18:20
2670000,5344.000000171217,-810761.455040629,207648.39774111492,300.9648210695529,725.3103720834637,1.035867550748054,367,18:18
2675000,5354.000000173254,-810054.6664473228,206711.359342153,299.60668107354644,724.8921123355165,1.0364652420366052,367,18:16
2680000,5364.0000001752915,-811451.8039635173,207707.13057814335,301.0499482267063,725.8631932628023,1.0350786286393725,367,18:13
2685000,5374.000000177329,-811644.6925367452,207525.75658703642,300.78706543361,727.0154917043968,1.0334380590719858,367,18:11
2690000,5384.000000179366,-810871.6101177903,207676.1002568976,301.0049729936535,725.6408820791333,1.0353957408098775,367,18:09
2695000,5394.000000181403,-809193.5816550832,207362.180060521,300.5499782199862,726.7709273109948,1.0337858194770018,367,18:06
2700000,5404.0000001834405,-811652.2616813588,207228.2187879379,300.3558152460754,728.9453920756656,1.0307020070774637,367,18:04
2705000,5414.000000185478,-810412.2498816121,206734.0955149479,299.63963479845575,726.9373290650058,1.033549177655548,366,18:02
2710000,5424.000000187515,-809587.3214720767,207154.33774201508,300.24873233087607,729.8387773911103,1.029440339341729,366,17:59
2715000,5434.000000189552,-811436.3260882241,207521.47016767826,300.7808527132173,729.7539628969784,1.0295599844085042,366,17:57
2720000,5444.00000019159,-811047.8387496527,206711.10688802594,299.6063151674667,727.7537477498624,1.0323897073498778,366,17:54
2725000,5454.000000193627,-810420.0508518592,207313.29125415545,300.4791189645324,727.0605160804738,1.0333740617804332,367,17:52
2730000,5464.000000195664,-810352.833369507,207641.92181896517,300.95543489189754,727.0154354463677,1.0334381390416612,367,17:50
2735000,5474.000000197701,-810797.0190496515,208374.78316965167,302.0176414279341,725.8698448618728,1.0350691435669552,367,17:47
2740000,5484.000000199739,-809816.3094618521,207206.34117827791,300.3241059194041,729.1285629542663,1.0304430752486968,367,17:45
2745000,5494.000000201776,-810740.559260915,206847.04674071007,299.8033458880712,728.2833500873855,1.0316389610885748,367,17:42
2750000,5504.000000203813,-810447.8033113014,207553.63371283805,300.8274704368274,729.7957195251664,1.029501076206776,367,17:40
2755000,5514.0000002058505,-809943.1341415285,208203.08314664848,301.76878004849203,726.9113819460855,1.033586070217817,366,17:38
2760000,5524.000000207888,-810181.2747782031,207084.85254893574,300.148020748559,726.6467051266329,1.0339625479087853,367,17:36
2765000,5534.000000209925,-809651.4882895146,207087.96331823902,300.15252948610254,729.1033269568636,1.0304787413303194,367,17:33
2770000,5544.000000211962,-812350.7169432947,208619.85396012178,302.3728461268655,724.942877973767,1.0363926613945502,367,17:31
2775000,5554.000000214,-810688.8063926091,207621.88061407828,300.9263872435245,728.1620797415958,1.031810773404846,367,17:28
2780000,5564.000000216037,-809106.5825526603,207947.6982012223,301.3986260514462,728.4241162747805,1.0314395993704824,367,17:26
2785000,5574.000000218074,-810739.1457850547,207702.4332850151,301.0431399873882,728.0937026366589,1.031907673341314,367,17:24
2790000,5584.000000220111,-810192.8467509346,206249.00396082076,298.9365448908117,730.0193456951519,1.0291857100674735,367,17:21
2795000,5594.000000222149,-811787.9388640295,207635.88879110245,300.9466906435866,726.8732212395872,1.0336403332908177,367,17:19
2800000,5604.000000224186,-813434.453835147,207681.37091204722,301.0126122617686,725.9334237307012,1.0349784899020928,367,17:16
2805000,5614.000000226223,-810665.4036400281,207407.46371075953,300.6156121754593,728.3054447573763,1.031607664161497,366,17:14
2810000,5624.00000022826,-809958.1703545363,207503.9770838961,300.7554983021661,727.616253684321,1.0325847929562917,367,17:12
2815000,5634.000000230298,-809602.6762192422,208757.01828811574,302.5716515974635,727.4917004020956,1.0327615809870936,367,17:10
2820000,5644.000000232335,-811451.7843219605,208432.84892069089,302.10180171311765,727.2873818643634,1.0330517171029057,367,17:07
2825000,5654.000000234372,-811516.2028567903,206944.33478184097,299.9443548157089,726.7581873956058,1.0338039415210307,367,17:05
2830000,5664.0000002364095,-811772.1285530445,206978.763055849,299.99425502895053,728.6953941763106,1.0310556161968427,367,17:02
2835000,5674.000000238447,-810114.8471553763,207152.1265612465,300.24552745363354,728.98032115307,1.0306526210115559,367,17:00
2840000,5684.000000240484,-810276.4398619062,208032.94160265973,301.52217752277977,729.1153208356436,1.030461790051481,367,16:58
2845000,5694.000000242521,-810658.6641022647,207088.9377539464,300.15394182961927,727.3697431674454,1.0329347429142333,367,16:55
2850000,5704.000000244559,-810872.9324472314,207046.80170300615,300.0928699929484,726.4255164632197,1.0342773782510686,367,16:53
2855000,5714.000000246596,-809779.238382706,205984.8118025171,298.5536257519366,726.3589551658819,1.0343721562442547,367,16:51
2860000,5724.000000248633,-810799.8073352035,207295.59971530555,300.45347691343864,726.5895633391257,1.0340438626856334,367,16:48
2865000,5734.00000025067,-810537.4250052036,208029.17070031483,301.51671199084285,727.9025190452379,1.0321787038843364,367,16:46
2870000,5744.000000252708,-810786.8297727518,205602.47284637304,297.9994650804573,728.3701912117745,1.031515962250312,367,16:44
2875000,5754.000000254745,-810122.2404974457,207397.48492262,300.60114895677054,728.3911045552622,1.0314863456782577,367,16:41
2880000,5764.000000256782,-809464.89960601,207303.76956601627,300.46531826489655,728.7485691081528,1.0309803826877275,367,16:39
2885000,5774.0000002588195,-809551.4851655997,206848.38619035267,299.8052872814381,729.0855347305522,1.0305038886005662,367,16:36
2890000,5784.000000260857,-811781.4053801722,207872.08842176612,301.2890375162459,726.8819855069146,1.0336278703320678,367,16:34
2895000,5794.000000262894,-809250.2938025086,207171.15921138984,300.27311330648473,727.9874689024596,1.0320582575342716,367,16:32
2900000,5804.000000264931,-811642.1138282525,206272.3172093998,298.97033502723207,727.5747136041663,1.032643747252344,367,16:29
2905000,5814.0000002669685,-810692.3137286077,206049.25609988568,298.6470310786209,726.2286400814146,1.034557764863183,367,16:27
2910000,5824.000000269006,-812072.3118922715,206171.0811835881,298.8236039051735,727.3567735119685,1.032953161396378,367,16:25
2915000,5834.000000271043,-809828.2823865223,206840.25021442428,299.7934950279646,728.7145801333133,1.031028470055872,367,16:22
2920000,5844.00000027308,-811077.0751238172,206412.49037724518,299.17350149920236,727.7866268397099,1.0323430672596456,367,16:20
2925000,5854.000000275118,-809687.4183973451,207351.50741477148,300.5345093266391,728.9859640856615,1.030644642938517,367,16:18
2930000,5864.000000277155,-809960.0796801909,206836.90895311855,299.7886522161637,728.2593853640432,1.0316729090785197,367,16:15
2935000,5874.000000279192,-808740.2442876357,207537.17337944984,300.8036128903844,729.3197539256688,1.0301729448820485,367,16:13
2940000,5884.000000281229,-808440.4981671576,207422.80866752792,300.63785309914743,725.5870794797491,1.035472515857039,367,16:10
2945000,5894.000000283267,-808576.9152392522,208478.23047167837,302.16757756557496,730.0501766053086,1.029142246298573,367,16:08
2950000,5904.000000285304,-810271.7965713069,207451.00349208832,300.6787185737729,727.5151821475372,1.0327282469136037,367,16:06
2955000,5914.000000287341,-810318.2081619259,206532.73126544515,299.34777819864246,727.8055514387765,1.032316223992775,367,16:04
2960000,5924.0000002893785,-810969.2362384121,207195.59537812177,300.30853099633015,728.6550308158227,1.0311127308365002,367,16:01
2965000,5934.000000291416,-809360.8779327441,206763.31821091523,299.68199006610365,728.0276458477011,1.0320013023508585,367,15:59
2970000,5944.000000293453,-809412.6985601773,206879.5186537006,299.85041055887666,726.7370347022796,1.0338340318242494,367,15:56
2975000,5954.00000029549,-809678.4409018331,206338.56156095833,299.0663493458137,728.5323231356195,1.0312864025422173,367,15:54
2980000,5964.000000297528,-811447.1471592337,207140.4551151376,300.22861090273307,726.6329317603258,1.0339821467244976,367,15:52
2985000,5974.000000299565,-810814.548381106,206759.41483775168,299.6763325314512,726.9582152088859,1.0335194828857799,367,15:49
2990000,5984.000000301602,-810914.4315140299,205581.7052244476,297.9693645659104,727.5199945841122,1.032721415569827,367,15:47
2995000,5994.000000303639,-811106.6190759796,207399.00865307677,300.60335744606914,727.6972187544197,1.0324699054756334,367,15:44
3000000,6004.000000305677,-809393.7785035204,207301.60022611832,300.4621740316574,728.9892613901362,1.030639981211146,367,15:42
3005000,6014.000000307714,-810410.6455596182,206676.0424576628,299.55549291155256,727.3707593415241,1.0329332998516725,367,15:40
3010000,6024.000000309751,-808413.1792255789,207233.95108233576,300.3641236124126,728.795374120978,1.0309141706181293,367,15:38
3015000,6034.000000311788,-810570.1720685703,206890.2563927893,299.86597379826924,728.0899383966096,1.0319130083253405,367,15:35
3020000,6044.000000313826,-811590.4179189475,206489.41305027512,299.2849929375014,728.1239959019974,1.031864741295221,367,15:33
3025000,6054.000000315863,-809738.5837810128,205992.08199766,298.5641631459358,727.6654064334452,1.0325150433422123,367,15:30
3030000,6064.0000003179,-810615.9657468568,207780.28276260098,301.15597473278893,728.6687000597217,1.0310933879837005,367,15:28
3035000,6074.0000003199375,-810156.0259410781,206746.7980068959,299.65804574338887,726.7910665129785,1.0337571735257984,367,15:26
3040000,6084.000000321975,-810590.8525433163,206640.5477981695,299.5040470831256,726.7195126045194,1.033858958829317,367,15:23
3045000,6094.000000324012,-810972.1370124551,208136.7715931654,301.6726683276891,728.303296153309,1.0316107075589864,367,15:21
3050000,6104.000000326049,-809379.4875046108,207800.84310349132,301.1857748149688,729.1121463428603,1.0304662765951935,367,15:19
3055000,6114.000000328087,-810222.7383166812,207681.56486013017,301.012893369404,727.5924747328604,1.0326185395720462,367,15:16
3060000,6124.000000330124,-810789.6025918149,206233.18899029982,298.9136227309259,725.4801929300742,1.0356250742391724,367,15:14
3065000,6134.000000332161,-810730.6192813972,207313.97403584467,300.4801085857919,726.6547199104184,1.0339511436117559,367,15:12
3070000,6144.000000334198,-809063.4736444289,208536.99738442252,302.2527541119449,727.0060231787477,1.0334515185681346,367,15:09
3075000,6154.000000336236,-809986.5291808527,206995.23810260068,300.01813390088824,725.0144536314397,1.036290345522122,367,15:07
3080000,6164.000000338273,-810220.3015556443,206659.17281407252,299.53104211241384,727.6379509006531,1.0325540026221616,367,15:05
3085000,6174.00000034031,-810075.8802847574,207849.60019122704,301.25644315792675,725.6840875230574,1.0353340958966324,367,15:02
3090000,6184.000000342347,-811859.5427754833,207182.87174676178,300.2900894120113,726.0377851800409,1.0348297209847632,367,15:00
3095000,6194.000000344385,-811562.6913663051,206678.11281824045,299.5584936845303,725.8753502815371,1.0350612930592684,367,14:57
3100000,6204.000000346422,-812477.6204014826,207962.02086711637,301.41938527051525,724.9605088815491,1.0363674565134358,367,14:55
3105000,6214.000000348459,-809843.3846309124,206566.3094578281,299.39644630671506,725.782672801449,1.0351934633024724,367,14:53
3110000,6224.0000003504965,-810502.3951761657,207999.56992973763,301.47380874325125,725.9615580792824,1.0349383797264438,367,14:51
3115000,6234.000000352534,-811263.2802947797,205975.2134456552,298.53971392893703,726.8159614067673,1.0337217652843662,367,14:48
3120000,6244.000000354571,-811489.3694679444,207625.19790854596,300.9311953178788,725.1830508858448,1.0360494191700678,367,14:46
3125000,6254.000000356608,-810918.228437989,207658.6856547637,300.9797323336136,726.5874195056746,1.034046913685091,367,14:43
3130000,6264.000000358646,-810547.573274544,208440.05899859656,302.1122519734153,725.9191935909583,1.0349987785081418,367,14:41
3135000,6274.000000360683,-807742.8696850161,208765.2562140677,302.5835916169246,727.1960777380277,1.0331814233642251,367,14:39
3140000,6284.00000036272,-810612.1569592129,207503.45255646599,300.7547380540454,724.8920702768772,1.0364653021728925,367,14:36
3145000,6294.000000364757,-811202.410935435,206557.32422824943,299.38342314813633,726.7983885671875,1.0337467590474745,367,14:34
3150000,6304.000000366795,-809591.916632934,207045.96380571654,300.09165554771033,724.412452059554,1.0371515240056788,367,14:31
3155000,6314.000000368832,-811610.2702668649,207253.8309725924,300.39293745195613,724.1180238823985,1.0375732323772089,367,14:29
3160000,6324.000000370869,-809488.5612392854,207466.83280859605,300.70166152667906,725.4388404796713,1.0356841083467068,367,14:27
3165000,6334.0000003729065,-811327.6671995996,207568.12118570763,300.84846852651833,725.9784727379466,1.0349142665742102,367,14:25
3170000,6344.000000374944,-811108.8496427462,207534.5957508217,300.79987688496715,726.2028117442196,1.0345945602409568,367,14:22
3175000,6354.000000376981,-809802.0650229589,207878.82700951095,301.2988044004451,728.3340678276376,1.0315671226298597,367,14:20
3180000,6364.000000379018,-809344.4374770783,206186.59385851928,298.8460879189476,724.4730403789483,1.0370647861088982,367,14:17
3185000,6374.0000003810555,-810230.2946347278,207045.82133500843,300.09144905119194,725.4435928814008,1.0356773235504855,367,14:15
3190000,6384.000000383093,-809710.632082182,207157.2602384204,300.2529681863764,727.5885225728174,1.0326241486128778,367,14:13
3195000,6394.00000038513,-809674.8071353533,207011.37369145465,300.0415207638022,725.0073187101041,1.0363005438330983,367,14:10
3200000,6404.000000387167,-810791.3047661385,208529.27032021323,302.24155453360754,727.1984148720029,1.0331781028352502,367,14:08
3205000,6414.000000389205,-809742.18317988,206882.11139528337,299.85416846895464,725.4343652824272,1.0356904974714702,367,14:06
3210000,6424.000000391242,-811154.068195946,206557.88298147375,299.3842330029968,727.5849086087834,1.0326292777276924,367,14:03
3215000,6434.000000393279,-810544.7124546897,207883.2746893657,301.3052508512062,728.0293019975937,1.0319989547134196,367,14:01
3220000,6444.000000395316,-810766.1971488562,206092.04301515158,298.7090462756424,727.6162975962088,1.0325847306394527,367,13:59
3225000,6454.000000397354,-809908.1733755502,206085.67993557727,298.6998236515993,725.8599678845275,1.0350832280390767,367,13:56
3230000,6464.000000399391,-810893.8148967652,207598.91571324551,300.89310200104154,727.0990204285779,1.033319338292327,367,13:54
3235000,6474.000000401428,-810971.4726868314,209264.84491498087,303.30769363559835,727.6833550457675,1.032489575929633,367,13:51
3240000,6484.0000004034655,-810161.479005421,206775.84206557326,299.70014209480814,724.8308285511209,1.0365528742259722,367,13:49
3245000,6494.000000405503,-810374.9812637558,206918.55054140394,299.90698323281225,725.5859340003552,1.0354741505530471,367,13:47
3250000,6504.00000040754,-809454.148954175,207287.04950983854,300.44108427720124,726.1497652715111,1.0346701391294022,367,13:44
3255000,6514.000000409577,-812461.9611235582,206575.38770501263,299.4096042846684,726.5264025853979,1.0341337575463325,366,13:42
3260000,6524.000000411615,-810783.1291795974,206912.5699123512,299.89831493114303,725.2757452076174,1.0359170062238643,366,13:40
3265000,6534.000000413652,-810757.195717888,206973.3680605575,299.9864355426928,725.3009652587674,1.0358809854805653,367,13:38
3270000,6544.000000415689,-810003.8274544212,206721.2302189612,299.62098788594994,727.4365503980118,1.032839878957381,367,13:35
3275000,6554.000000417726,-812435.6284231637,205739.17186060155,298.1975961270014,724.3956630633992,1.0371755616053449,367,13:33
3280000,6564.000000419764,-810607.7232508264,206944.933863901,299.945223123035,727.047613756324,1.0333924002315344,367,13:30
3285000,6574.000000421801,-810176.2219071696,207636.89914113545,300.9481550411943,727.8910567195577,1.0321949579217433,367,13:28
3290000,6584.000000423838,-808526.5811690097,207119.06980734388,300.1976151165692,726.8484888425709,1.03367550486163,367,13:26
3295000,6594.000000425875,-810659.6877924632,207405.24070764656,300.6123901629545,727.2975384774684,1.033037290673483,367,13:23
3300000,6604.000000427913,-808916.280113453,207735.16269949023,301.09057787989485,726.1394762054157,1.0346847999346571,367,13:21
3305000,6614.00000042995,-810840.7428106214,206878.58706707353,299.8490603206588,726.6533281906737,1.033953123882355,366,13:19
3310000,6624.000000431987,-811503.3138556718,207335.952166743,300.51196360757496,727.7938733102604,1.032332788465183,366,13:16
3315000,6634.0000004340245,-810713.4503730983,207286.32530925793,300.4400346235534,726.1587353490447,1.0346573580790368,366,13:14
3320000,6644.000000436062,-811715.755461894,206712.99307427538,299.609048998853,726.0847819778164,1.034762740262489,366,13:12
3325000,6654.000000438099,-807841.6925352607,208955.56697030843,302.8594273244123,727.8884724687684,1.0321986225636983,366,13:09
3330000,6664.000000440136,-810383.4236568059,206732.98918219065,299.6380312838419,726.0638572300195,1.0347925615366842,367,13:07
3335000,6674.000000442174,-811427.1602144609,208625.61075772363,302.38119000805614,725.8826233598586,1.0350509221237898,367,13:04
3340000,6684.000000444211,-811643.4790151217,207403.69226194517,300.6101458514716,726.521719676133,1.0341404232170528,367,13:02
3345000,6694.000000446248,-810129.3859481141,206507.4149661581,299.31108484792094,728.3413640253366,1.0315567888522683,367,13:00
3350000,6704.000000448285,-810036.1347275423,207326.0001327406,300.49753916623376,727.5626923061712,1.0326608093122045,367,12:57
3355000,6714.000000450323,-809209.8163217781,207120.96410438663,300.20036070370935,727.3995024286722,1.032892483640283,366,12:55
3360000,6724.00000045236,-809654.1625315966,206303.1655962285,299.0150465652126,726.581510163035,1.0340553236672236,366,12:53
3365000,6734.000000454397,-809961.2501310101,207395.64152371715,300.5984771412064,726.7824950729606,1.0337693653268751,366,12:50
3370000,6744.0000004564345,-808859.6481477683,205939.168460914,298.4874704611275,728.3553650367566,1.0315369594680497,366,12:48
3375000,6754.000000458472,-809697.0009651287,206951.6014773022,299.9548871372825,728.2022743937943,1.031753820444618,366,12:46
3380000,6764.000000460509,-810347.5971366367,207352.608203955,300.53610480641765,726.0628086300409,1.034794056012706,366,12:43
3385000,6774.000000462546,-809233.7510331776,205275.70636670262,297.525850951211,725.965308138213,1.0349330336308797,366,12:41
3390000,6784.0000004645835,-811544.3064038763,206730.0979139835,299.6338406903767,726.8627953494747,1.0336551595009356,366,12:39
3395000,6794.000000466621,-811481.9742342117,206938.73786904407,299.9362426709643,726.6716455744001,1.0339270607818603,367,12:36
3400000,6804.000000468658,-810132.1040154966,207092.8232155558,300.15957340333125,725.3948690007481,1.035746888721765,367,12:34
3405000,6814.000000470695,-810904.9013775322,208359.70153894852,301.9957821680728,726.2308864920831,1.0345545647216805,366,12:32
3410000,6824.000000472733,-809803.3793095006,208155.3436736164,301.69958663252856,728.3951888566776,1.0314805618658356,366,12:29
3415000,6834.00000047477,-810213.1346658273,207570.21317656722,300.85150065034685,726.4223859209355,1.034281835505042,366,12:27
3420000,6844.000000476807,-811257.2276501753,207544.96551352413,300.8149067807439,725.5828022465275,1.0354786198570665,366,12:24
3425000,6854.000000478844,-810825.4915018501,207016.89997926808,300.0495305449566,726.7316011316785,1.033841761514541,367,12:22
3430000,6864.000000480882,-809575.5963460067,207148.14187874077,300.23975206952076,729.0038142542305,1.0306194068831613,367,12:20
3435000,6874.000000482919,-808752.180588997,207228.91875307332,300.35682977295846,726.3326164710999,1.0344096652475634,367,12:17
3440000,6884.000000484956,-811131.4783979775,206229.876897656,298.9088221960759,727.2258043826605,1.0331391902409939,367,12:15
3445000,6894.0000004869935,-809678.3835048154,208323.69933910074,301.94360071252987,729.1666474249449,1.0303892550702451,367,12:13
3450000,6904.000000489031,-809376.2916560341,207510.13231528708,300.7644196718197,728.8441746055319,1.0308451447374094,367,12:10
3455000,6914.000000491068,-810236.8435742203,207484.21360013512,300.7268531817677,728.2449549632054,1.0316933519988725,366,12:08
3460000,6924.000000493105,-810733.7317608208,206788.0925934768,299.7178979647239,726.0818886408239,1.0347668636504455,367,12:06
3465000,6934.000000495143,-810160.1657965477,205243.52994619057,297.4792145661129,726.2967680260987,1.0344607214819097,367,12:03
3470000,6944.00000049718,-809235.4314140594,207937.97991927163,301.3845404094658,727.3171215262686,1.0330094760942894,367,12:01
3475000,6954.000000499217,-811064.5970544536,207655.22583674703,300.9747176861535,727.3707265673527,1.0329333463940087,367,11:58
3480000,6964.000000501254,-808640.650432134,206313.11477616447,299.0294668698804,729.9107523632089,1.0293388283837643,367,11:56
3485000,6974.000000503292,-812209.6965744542,206080.06554765886,298.691686178478,726.38032286306,1.0343417284500147,367,11:54
3490000,6984.000000505329,-811577.3796863169,207334.4629111576,300.5098050860277,724.9608465766407,1.0363669737615677,367,11:51
3495000,6994.000000507366,-810150.1134220436,207603.5107584502,300.89976204259676,724.9233565587562,1.036420570346682,367,11:49
3500000,7004.000000509403,-809642.2490539658,207671.45478427963,300.9982398627916,725.753578015351,1.0352349632458377,367,11:47
3505000,7014.000000511441,-810385.2556527457,207896.81207150768,301.3248718829041,726.1370421099389,1.0346882683179586,366,11:44
3510000,7024.000000513478,-811897.2754860851,208134.3233616198,301.66911986992557,724.5156604312741,1.037003780173674,366,11:42
3515000,7034.000000515515,-811622.0732254055,207061.56209166345,300.1142636457745,724.1035529674018,1.0375939678562534,366,11:40
3520000,7044.0000005175525,-811063.4882236021,206277.60430421418,298.97799812293664,726.9001890121541,1.0336019855536105,367,11:37
3525000,7054.00000051959,-813071.2687102682,207504.769483601,300.7566468033729,726.9522419570982,1.0335279751521798,367,11:35
3530000,7064.000000521627,-810689.2620609547,207042.47209267624,300.0865946717207,728.0408958894243,1.031982520356067,367,11:33
3535000,7074.000000523664,-810413.0382738342,206816.99708797343,299.7597920323349,726.5559321501598,1.0340917270316612,367,11:30
3540000,7084.000000525702,-810404.0439122431,207386.55031240845,300.58530037309936,726.0775985114126,1.0347729777128605,367,11:28
3545000,7094.000000527739,-809078.168520919,206932.71306445549,299.9275103414366,727.1060589687328,1.0333093355429817,367,11:25
3550000,7104.000000529776,-811956.7216697633,207316.4178540876,300.4836506469309,725.602244739638,1.0354508742346151,367,11:23
3555000,7114.000000531813,-810084.142042879,207205.18923751562,300.32243630071605,728.4250603928801,1.031438262512585,366,11:21
3560000,7124.000000533851,-811643.5931700254,206240.45645311236,298.9241561646957,726.682409990732,1.0339117451210076,367,11:18
3565000,7134.000000535888,-809518.1772433659,207530.63266581463,300.79413280418913,727.8362060006422,1.0322727455270264,367,11:16
3570000,7144.000000537925,-810215.9691642816,206505.89446554135,299.30888103994056,727.4383944943031,1.0328372606515495,367,11:14
3575000,7154.0000005399625,-809979.8460933706,207341.67487856257,300.52025808495864,727.7209979792493,1.0324361681860952,367,11:11
3580000,7164.000000542,-809707.9010190447,206833.10661695522,299.7831411241664,726.5798068900808,1.0340577477346822,367,11:09
3585000,7174.000000544037,-810560.2815582082,207456.6017916909,300.6868327285485,728.1649256346508,1.0318067407701905,367,11:07
3590000,7184.000000546074,-811503.6766432519,206619.58836121007,299.47366855257667,727.4851534149691,1.0327708753029206,367,11:04
3595000,7194.0000005481115,-809789.151185716,207167.79071477585,300.2682310199285,728.5212063842604,1.031302139290052,367,11:02
3600000,7204.000000550149,-810388.5545540913,208369.25427979243,302.00962787538424,728.170725482991,1.0317985224741189,367,10:59
3605000,7214.000000552186,-810744.9392868504,207379.7448353176,300.575436539729,726.1851516996115,1.0346197204718461,366,10:57
3610000,7224.000000554223,-811630.5153986448,208502.12618421516,302.20221192310527,724.7378877257114,1.0366858023939935,366,10:55
3615000,7234.000000556261,-809463.805021849,208747.16309105692,302.5573675112307,726.9225165111789,1.033570238363504,366,10:53
3620000,7244.000000558298,-809851.4947453896,206530.40458220168,299.34440591253923,727.9968455186187,1.0320449646001137,366,10:50
3625000,7254.000000560335,-811924.8126413934,205665.91812636383,298.0914224350425,725.1143218866429,1.0361476197400386,366,10:48
3630000,7264.000000562372,-808800.4410168324,207154.66187089027,300.2492021220711,726.8002516514556,1.0337441091346278,367,10:45
3635000,7274.00000056441,-810292.0273687686,206378.10041598347,299.1236568163138,725.1285847541751,1.0361272393046856,367,10:43
3640000,7284.000000566447,-809485.2329562102,206222.07706711994,298.89751715049306,728.5338885964786,1.0312841865320592,367,10:41
3645000,7294.000000568484,-811360.7600658578,208021.86643866147,301.506125220969,726.3508835620268,1.034383650747081,367,10:38
3650000,7304.0000005705215,-810745.5463541513,206618.16904461035,299.471611400337,727.3910944295823,1.0329044229658109,367,10:36
3655000,7314.000000572559,-810685.9403968323,206428.5408700772,299.1967650242563,727.1174164298121,1.0332931954116957,366,10:34
3660000,7324.000000574596,-809330.1139625157,207631.327238036,300.9400791454129,728.4767151251456,1.031365125422281,366,10:31
3665000,7334.000000576633,-810604.4374555084,206610.621346707,299.46067179486124,727.430941941748,1.0328478421013092,367,10:29
3670000,7344.000000578671,-810889.3821661323,207430.32261087451,300.6487437808933,727.3040751052752,1.0330280062757862,367,10:27
3675000,7354.000000580708,-811168.9066251093,207198.2182141876,300.3123325252407,727.6916591523764,1.0324777935992968,367,10:24
3680000,7364.000000582745,-809547.6764066252,207079.43040893288,300.14016191885685,728.4310855872333,1.0314297310040899,367,10:22
3685000,7374.000000584782,-810697.1729980805,206567.17651186284,299.39770301163196,726.2913891716313,1.03446838261318,367,10:19
3690000,7384.00000058682,-809843.2475161362,207840.6640191184,301.24349110306395,728.0432208092211,1.0319792248421158,367,10:17
3695000,7394.000000588857,-811764.1193022132,205935.60268597747,298.482302240099,725.1376854934886,1.0361142355343822,367,10:15
3700000,7404.000000590894,-811032.5067064539,207380.26201684488,300.57618614072527,727.6061480802072,1.0325991343594798,367,10:12
3705000,7414.000000592931,-810884.3336079307,206695.90861674654,299.58428684918476,727.5278745430551,1.03271023001579,366,10:10
3710000,7424.000000594969,-810972.7857672572,206947.3914422196,299.94878512797686,726.503684915126,1.034166094766651,367,10:08
3715000,7434.000000597006,-813116.0594125693,206586.55102213303,299.4257843552889,726.7332154110333,1.033839465060524,367,10:05
3720000,7444.000000599043,-811629.1506175855,206638.2296746443,299.5006872034465,728.799330535452,1.0309085741204718,367,10:03
3725000,7454.0000006010805,-810796.7157578575,206549.29102573587,299.3717798540709,729.1090128080473,1.0304707052908957,367,10:01
3730000,7464.000000603118,-809154.5348736681,207115.67519932002,300.19269498423193,727.8249839296201,1.032288661768321,367,9:58
3735000,7474.000000605155,-809621.2152416031,206756.54401613295,299.6721715731958,727.7337017849204,1.0324181452906098,367,9:56
3740000,7484.000000607192,-810192.0333546004,207382.181315137,300.578967964584,726.4942400473077,1.034179539556064,367,9:53
3745000,7494.00000060923,-810646.1578455544,207356.91993265966,300.5423542100838,729.2400925634925,1.0302854798083414,367,9:51
3750000,7504.000000611267,-809391.3218020112,208935.9170019747,302.8309467328551,726.9631415327065,1.0335124791584152,367,9:49
3755000,7514.000000613304,-808699.3160182321,206255.18439655687,298.94550279155015,726.3149984789524,1.0344347565941523,367,9:46
3760000,7524.000000615341,-810152.1043998874,207103.04697668916,300.1743916849728,726.1872958383266,1.034616665656359,367,9:44
3765000,7534.000000617379,-811656.8462848533,206474.82851301474,299.2638541630408,726.3352318267156,1.0344059405912223,367,9:42
3770000,7544.000000619416,-811182.1829747865,206999.31744753622,300.0240464883773,727.8442903656997,1.0322612797920823,367,9:39
3775000,7554.000000621453,-809929.9786038087,206195.20394959458,298.8585673531646,727.5156120675915,1.032727636630365,367,9:37
3780000,7564.00000062349,-810919.1266569216,206641.3129971802,299.5051561597467,725.5678376090483,1.0354999763193578,367,9:35
3785000,7574.000000625528,-810860.912433744,206604.49463124087,299.4517917560838,726.8569860484707,1.033663420842673,367,9:32
3790000,7584.000000627565,-807831.8718083506,207348.38850074782,300.5299887841679,728.5311925113365,1.0312880030192613,367,9:30
3795000,7594.000000629602,-809801.8700010111,206175.66436121965,298.83024674591206,727.8025237662112,1.032320518448219,367,9:27
3800000,7604.0000006316395,-810106.7427545129,208146.2397137654,301.68639138673143,726.8352484685977,1.033694334782551,367,9:25
3805000,7614.000000633677,-810313.5079564778,207244.10840146543,300.37884559325937,728.7676455069964,1.0309533954948942,367,9:23
3810000,7624.000000635714,-809152.740068832,207952.65979423243,301.4058173660374,728.1197912580784,1.0318706999628222,367,9:20
3815000,7634.000000637751,-808813.404295274,207231.22184845817,300.3601678709065,728.3302103443312,1.031572586158488,367,9:18
3820000,7644.000000639789,-810664.2650169986,206469.99596276064,299.25684988254375,729.5974995892901,1.0297807751331363,367,9:16
3825000,7654.000000641826,-809298.6280823862,208260.40813500638,301.8518666749801,729.3318365710173,1.0301558782825713,367,9:13
3830000,7664.000000643863,-810703.574372984,207576.7754860624,300.8610120375018,728.4705002225636,1.0313739244522748,367,9:11
3835000,7674.0000006459,-810994.8727682731,206681.9073347709,299.56399344278054,727.5311236889044,1.0327056179434702,367,9:09
3840000,7684.000000647938,-810771.9923590673,207451.75191155222,300.6798033301808,727.9971405451932,1.032044546355764,367,9:06
3845000,7694.000000649975,-809516.591897076,207080.82198400027,300.14217886262196,724.709857801654,1.0367258987497967,367,9:04
3850000,7704.000000652012,-808704.6809418532,206700.96970368954,299.59162236991494,727.0866229143874,1.0333369573637774,367,9:01
3855000,7714.0000006540495,-811773.1825944344,207413.15370630723,300.6238592339993,725.7716491431383,1.0352091867315127,367,8:59
3860000,7724.000000656087,-811078.0795487082,206668.7905513462,299.5449820253106,726.7038424485726,1.0338812522728984,367,8:57
3865000,7734.000000658124,-811296.5894400473,208427.90030946827,302.0946292142814,727.9484980852834,1.032113508906828,367,8:54
3870000,7744.000000660161,-811396.7586168735,207660.77431852312,300.98275963515533,726.3245140897418,1.034421204416937,367,8:52
3875000,7754.0000006621985,-810357.0718705389,207574.66365802626,300.8579511617428,729.463799762543,1.0299695185790312,367,8:50
3880000,7764.000000664236,-811524.4617870878,206323.48653946305,299.0444996653139,726.4351859398066,1.0342636111303576,367,8:47
3885000,7774.000000666273,-809091.6411864003,207297.43548038916,300.4561376645734,727.7829193211179,1.0323483262881465,367,8:45
3890000,7784.00000066831,-811423.6109178234,207400.57553323166,300.6056284763809,726.5748849750415,1.0340647525795856,367,8:43
3895000,7794.000000670348,-809546.1684333133,205997.84649659024,298.5725181894034,729.2242495833369,1.0303078635845535,367,8:40
3900000,7804.000000672385,-811118.7158900751,206102.9902081865,298.7249130968113,727.8023341551358,1.0323207873940499,367,8:38
3905000,7814.000000674422,-810844.9456170239,207330.12890787976,300.5035233976775,730.6835297238122,1.0282501905390524,367,8:36
3910000,7824.000000676459,-810574.2724034889,207295.38435395714,300.45316476949534,729.1493559027422,1.0304136903914005,367,8:33
3915000,7834.000000678497,-810339.6978273499,207528.77262066724,300.7914368616196,726.2922326831998,1.0344671811876263,367,8:31
3920000,7844.000000680534,-810377.1020197431,206983.70211473462,300.00141368266486,729.0461315886104,1.0305595847893734,367,8:29
3925000,7854.000000682571,-809256.5548121948,206812.04014538822,299.7526074580524,729.2266349749096,1.0303044933186074,367,8:26
3930000,7864.0000006846085,-810917.8567572366,207415.98501986684,300.62796292941965,728.4363323312466,1.0314223018746986,367,8:24
3935000,7874.000000686646,-808620.098315136,206199.52736301968,298.86483369262135,729.198446493307,1.0303443215977195,367,8:21
3940000,7884.000000688683,-811070.2042271877,207973.40943421045,301.435891817616,728.594311379749,1.0311986614875732,367,8:19
3945000,7894.00000069072,-809139.9171744739,207406.8802585737,300.61476652201526,727.0140432267262,1.0334401180582824,367,8:17
3950000,7904.000000692758,-810093.6536354986,207212.2989171718,300.33274104416154,727.4551770062816,1.0328134329240872,367,8:14
3955000,7914.000000694795,-811705.5421703164,206918.42880763375,299.90680679233515,726.7210062146241,1.0338568339668532,367,8:12
3960000,7924.000000696832,-812205.2648905944,206846.93773069006,299.8031878893506,727.8439467697272,1.0322617670954664,367,8:10
3965000,7934.000000698869,-811859.6960100732,207448.12543760013,300.6745471322232,725.2171010738103,1.0360007748711233,367,8:07
3970000,7944.000000700907,-812001.7124673729,206822.16319365334,299.76727976683463,724.38341589733,1.0371930971549823,367,8:05
3975000,7954.000000702944,-811932.8036945048,207144.45767843863,300.2344122032045,726.6360597067969,1.0339776957469227,367,8:03
3980000,7964.000000704981,-811344.0620652507,207373.14340572836,300.5658684520542,724.6549396973134,1.0368044672076395,367,8:00
3985000,7974.000000707018,-810790.3702328806,206938.5218858522,299.9359296257234,728.014743691461,1.0320195918733694,367,7:58
3990000,7984.000000709056,-812356.352688597,207085.16899958192,300.1484794109573,725.8776877824977,1.0350579599126415,367,7:55
3995000,7994.000000711093,-808866.9547280008,206161.80331777726,298.81015660072023,729.0354144543986,1.0305747344585998,367,7:53
4000000,8004.00000071313,-810639.1941569778,207672.52511151473,300.99979119113465,725.9509028411051,1.034953570168238,367,7:51
4005000,8014.0000007151675,-809742.2937991917,206421.78650593988,299.1869752738121,725.5055796904688,1.035588835833357,367,7:48
4010000,8024.000000717205,-811187.855854576,206043.91919902962,298.63929579422336,727.4961426597785,1.0327552747088897,367,7:46
4015000,8034.000000719242,-810558.048379398,206823.6549046498,299.7694418472456,727.7982464562706,1.0323265854521404,367,7:44
4020000,8044.000000721279,-808858.8650141372,206608.49223084823,299.457585862196,726.1524354097227,1.034666334539429,367,7:41
4025000,8054.000000723317,-809684.6291876119,206536.6898744966,299.3535157919868,726.7939286920733,1.0337531024981599,367,7:39
4030000,8064.000000725354,-811772.3357618698,206806.06097972757,299.74394127741834,726.0348616127216,1.0348338879945218,367,7:37
4035000,8074.000000727391,-809261.4084824426,207232.351381653,300.3618050121489,726.5425744420709,1.0341107391252573,367,7:34
4040000,8084.000000729428,-811091.3610786553,206797.94705402,299.73218098345353,726.4655945340621,1.0342203186430867,367,7:32
4045000,8094.000000731466,-809911.156098289,206230.75064579572,298.9100886034038,727.8911623239827,1.032194808168098,367,7:30
4050000,8104.000000733503,-809152.1582528362,206875.27912200027,299.84426579728216,727.572390753699,1.03264704407482,367,7:27
4055000,8114.00000073554,-810875.1711949683,207143.41010463214,300.2328938535969,727.3959154075435,1.0328975771623718,367,7:25
4060000,8124.0000007375775,-810606.601116186,206397.6022670487,299.1519227272489,728.9868745493537,1.0306433557212025,367,7:23
4065000,8134.000000739615,-810755.8501698892,206869.47664973274,299.8358557153997,726.991092474216,1.0334727432563477,367,7:20
4070000,8144.000000741652,-811238.0212405813,207921.12827545247,301.3601156991288,727.0465079272922,1.0333939720089997,367,7:18
4075000,8154.000000743689,-811138.5925612277,206551.67201145287,299.37523084597876,726.2885619661564,1.0344724094626008,367,7:15
4080000,8164.0000007457265,-810689.0932882116,207659.42515097267,300.9808041566887,727.6987835888892,1.0324676852651107,367,7:13
4085000,8174.000000747764,-811565.8013112103,206560.69274279196,299.388305460678,727.8434286494235,1.0322625019180385,367,7:11
4090000,8184.000000749801,-809241.3115745834,206801.36276683904,299.737131705003,728.120948916811,1.0318690593643356,367,7:08
4095000,8194.000000751837,-810389.9274427714,206524.39061873528,299.33568929609396,727.9734679675314,1.032078106857278,367,7:06
4100000,8204.000000753875,-812172.3529432775,206750.4813129916,299.66338431364557,726.0977941158707,1.0347441966506798,367,7:04
4105000,8214.000000755912,-811786.9939783341,207550.33279874414,300.8226861041263,727.5525839788104,1.0326751566923706,367,7:01
4110000,8224.00000075795,-810515.1469026529,207070.25540521508,300.12686370234144,726.7552657094685,1.0338080975977557,367,6:59
4115000,8234.000000759987,-811216.0661654063,206195.84343510674,298.85949422110497,725.4693603487897,1.035640538011194,367,6:57
4120000,8244.000000762024,-811350.4931579423,207516.60226288944,300.7737971899882,728.960084048795,1.0306812335858504,367,6:54
4125000,8254.000000764061,-811082.7702722801,207658.27691585463,300.97913990894773,728.4759955210628,1.0313661442266888,367,6:52
4130000,8264.000000766098,-809116.487479961,207773.44015921914,301.1460570887095,728.6859566554091,1.0310689698354571,367,6:50
4135000,8274.000000768136,-810771.2973181475,206800.398904978,299.7357346871801,727.2402145181113,1.0331187187717685,367,6:47
4140000,8284.000000770173,-809763.4756205003,208285.3350647933,301.8879956749856,727.8654650845909,1.0322312497336852,367,6:45
4145000,8294.00000077221,-810401.7173524699,206521.87503162713,299.3320432134267,725.0848669107979,1.0361897109551557,367,6:42
4150000,8304.000000774247,-809819.1573043242,207436.19148776628,300.6572501093929,725.6249556484337,1.0354184662665813,367,6:40
4155000,8314.000000776285,-811253.1422382006,206062.40256464726,298.6660855161109,726.3619715555442,1.0343678607695448,367,6:38
4160000,8324.000000778322,-814287.9984747977,208396.39135777048,302.04896025601835,724.3735794591486,1.037207181442526,367,6:35
4165000,8334.00000078036,-809267.814242397,207893.0173326686,301.31937180244057,726.5754054597119,1.0340640118239148,367,6:33
4170000,8344.000000782396,-810704.7403951413,206857.19273621758,299.8180514565018,726.7253965492029,1.0338505881724596,367,6:31
4175000,8354.000000784434,-809866.8000191208,207628.2783318953,300.93566007210876,727.883372222403,1.032205855133467,367,6:28
4180000,8364.000000786471,-810979.3438160997,206170.20056696213,298.822327542687,727.778054753474,1.032355226644969,367,6:26
4185000,8374.000000788508,-811727.2163830418,207956.9847591017,301.41208595415156,726.8850962214874,1.0336234469076564,367,6:24
4190000,8384.000000790546,-810514.9842528063,206503.74011360054,299.3057585301912,727.6343586119069,1.0325591002815553,367,6:21
4195000,8394.000000792583,-811330.9190168665,206242.26727098034,298.92678075742816,727.4198097957096,1.0328636483975617,367,6:19
4200000,8404.00000079462,-811978.9310588511,206601.66085717035,299.447684494408,725.8437711219624,1.0351063252921586,367,6:16
4205000,8414.000000796657,-811879.4055577242,207020.30819265114,300.0544703968512,728.0671346744004,1.0319453287755642,367,6:14
4210000,8424.000000798695,-812332.4602259574,207848.02817867245,301.25416468873385,725.8522475350206,1.0350942374481076,367,6:12
4215000,8434.000000800732,-810674.5030771839,206998.70133492554,300.023153497034,724.6469150705421,1.0368159486183943,367,6:09
4220000,8444.00000080277,-812130.2635721597,206519.04216072487,299.3279372607997,727.0047876706898,1.033453274866993,367,6:07
4225000,8454.000000804806,-811151.5179945021,207372.14685930155,300.5644240613423,728.2592214975505,1.0316731412164952,367,6:05
4230000,8464.000000806844,-810188.1238072957,207473.88485507137,300.7118827368049,728.4493190412541,1.0314039137974782,367,6:02
4235000,8474.000000808881,-811019.1084422176,206403.3547921644,299.16026041591385,726.9200247882479,1.0335737812163293,367,6:00
4240000,8484.000000810918,-811895.2004801533,205777.96467355703,298.25382228688,724.7114981704627,1.036723552143138,367,5:58
4245000,8494.000000812955,-811373.0221789544,208300.79227256973,301.91039929487033,726.5599233617808,1.0340860464555857,367,5:55
4250000,8504.000000814993,-810827.7781634247,207211.33735634695,300.33134736145195,728.0828767655039,1.031923016786232,367,5:53
4255000,8514.00000081703,-811796.4234919366,207429.00056560308,300.64682761335774,725.7963161191796,1.0351740040230317,367,5:51
4260000,8524.000000819067,-810923.5743745128,206228.75929699387,298.9072023498022,727.7470816059329,1.032399164012164,367,5:48
4265000,8534.000000821105,-811138.08032022,206454.32189650554,299.23413194878066,727.3639297627901,1.0329429985719547,367,5:46
4270000,8544.000000823142,-811960.8888287498,207189.53203405172,300.2997428078203,727.1170346548291,1.0332937379453917,367,5:43
4275000,8554.000000825179,-810623.5433435482,207411.6536529949,300.62168506226647,725.8116130381591,1.0351521871044473,367,5:41
4280000,8564.000000827216,-812038.9805619074,208217.36912834513,301.78948609762085,727.8415512075687,1.032265164603101,367,5:39
4285000,8574.000000829254,-809431.4541802034,207061.9934227027,300.1148888153904,728.1383704555103,1.0318443707234402,367,5:36
4290000,8584.00000083129,-810598.4898272008,206256.1976480303,298.9469713944949,726.3833919679349,1.0343373581639148,367,5:34
4295000,8594.000000833328,-811282.4926132802,207183.26872960443,300.29066479747786,727.5710286025151,1.032648977386261,367,5:32
4300000,8604.000000835365,-809742.402635294,207644.90000785585,300.95975146788044,729.1997019851322,1.0303425476133508,367,5:29
4305000,8614.000000837403,-810543.633988393,206290.62964671454,298.99687700626845,728.4995334413816,1.0313328206444379,367,5:27
4310000,8624.00000083944,-811931.2281628717,207015.4534032234,300.047433882978,725.2992627955445,1.035883416958676,367,5:25
4315000,8634.000000841477,-810912.67074518,207198.6765502792,300.31299683587974,725.9352323011782,1.0349759113916999,367,5:22
4320000,8644.000000843514,-811025.7111193426,207090.4669933135,300.15615830351214,729.4884274628071,1.0299347465667146,367,5:20
4325000,8654.000000845552,-811924.5052396501,207473.115342745,300.7107674084801,728.7213244562458,1.031018927877372,367,5:18
4330000,8664.000000847589,-810725.4157010363,207500.6677774949,300.7507018056858,727.4389622747033,1.0328364545017779,367,5:15
4335000,8674.000000849626,-811692.5060509006,206879.41390793404,299.8502587407493,727.1941971775454,1.0331840952229436,367,5:13
4340000,8684.000000851664,-811217.6100801323,206748.0173363742,299.6598130350331,726.3694863172688,1.0343571595656043,367,5:10
4345000,8694.0000008537,-811262.617874552,207475.7671751802,300.71461096462133,729.0391214772775,1.03056949418547,367,5:08
4350000,8704.000000855738,-810544.1233454533,206198.9364524442,298.86397722901484,728.1088805627635,1.0318861625222169,367,5:06
4355000,8714.000000857775,-809996.6955990251,206873.05070486962,299.84103593772005,729.2973838007098,1.0302045439224652,367,5:03
4360000,8724.000000859813,-811377.4942099978,207074.90093673964,300.13359691858227,728.2307907289701,1.031713418640496,367,5:01
4365000,8734.00000086185,-810837.036509362,207370.44590545775,300.56195870512084,728.3225272662332,1.0315834682230218,367,4:59
4370000,8744.000000863887,-810996.6783163995,207604.5626483385,300.9012866479174,724.6333715440823,1.0368353268926853,367,4:56
4375000,8754.000000865924,-812953.6046116576,207418.38426570763,300.63144038748356,726.528771442962,1.0341303857382638,367,4:54
4380000,8764.000000867962,-811315.9927037847,207070.483515797,300.1271943249767,726.3158164694811,1.03443359159428,367,4:52
4385000,8774.000000869999,-809750.2822980499,207264.90153217292,300.40898308014073,728.3241738732313,1.031581136002537,367,4:49
4390000,8784.000000872036,-809593.1632440714,208043.3570510015,301.5372736351536,727.1789244752639,1.0332057948522335,367,4:47
4395000,8794.000000874074,-809292.7137902752,206979.94002305774,299.9959609208777,726.4031038735635,1.0343092900564363,367,4:45
4400000,8804.00000087611,-811940.401240244,207811.5461446572,301.20128776332,725.8553931951533,1.0350897516308128,367,4:42
4405000,8814.000000878148,-810191.483057288,207846.57108770806,301.2520527864695,727.392363715382,1.032902620567295,367,4:40
4410000,8824.000000880185,-810649.0910967048,205549.55556133535,297.9227669628888,728.618495168285,1.0311644346726714,367,4:37
4415000,8834.000000882223,-809800.4119339539,207628.8168247356,300.9364405616435,726.5654221170753,1.0340782203384187,367,4:35
4420000,8844.00000088426,-811538.5187043385,208781.43333051482,302.60703866977883,728.9629455668542,1.0306771876834062,367,4:33
4425000,8854.000000886297,-810059.6475603059,207884.83897311543,301.3075181182979,727.0241271875907,1.0334257840502126,367,4:30
4430000,8864.000000888334,-811862.1974854576,207470.78206732412,300.7073855676992,726.6510481896352,1.0339563681000605,367,4:28
4435000,8874.000000890372,-811006.8732667449,207320.18653586425,300.48911296038443,726.1546766907618,1.0346631410351912,367,4:26
4440000,8884.000000892409,-811906.3880909956,208593.87918232067,302.33519837981675,726.7309237039999,1.0338427252178892,367,4:23
4445000,8894.000000894446,-809865.3098325524,207430.37693651754,300.64882252027974,726.7792155261418,1.033774030147994,367,4:21
4450000,8904.000000896483,-811071.2654482913,207944.6860548145,301.39426025756325,726.8337004536826,1.033696536351145,367,4:19
4455000,8914.00000089852,-811798.304804978,207539.33668839754,300.80674838238644,728.0691816493884,1.031942427449248,367,4:16
4460000,8924.000000900558,-810063.0171811171,207215.35313776493,300.3371678202134,727.3686080994232,1.0329363548221198,367,4:14
4465000,8934.000000902595,-812356.9407857573,206378.8591185085,299.12475647695254,728.2469979749619,1.031690457703869,367,4:12
4470000,8944.000000904633,-810407.0520854765,207057.7740922664,300.1087733334333,727.6181941064702,1.0325820392450467,367,4:09
4475000,8954.00000090667,-810906.6450510984,207832.7787749506,301.2320622592786,727.9729187213106,1.032078885546959,367,4:07
4480000,8964.000000908707,-811322.527161309,207405.3177976357,300.61250189690014,726.2480551026797,1.0345301076999538,367,4:04
4485000,8974.000000910744,-811595.1790123619,206721.76669869223,299.6217654576915,726.6919064909289,1.0338982338337572,367,4:02
4490000,8984.000000912782,-810945.4116948391,206082.37088654694,298.69502752815134,725.572641787565,1.0354931200427375,367,4:00
4495000,8994.000000914819,-811651.6126415879,206813.27897854,299.754403018249,726.3485808882743,1.0343869299550883,367,3:57
4500000,9004.000000916856,-810001.1171938656,208292.68903420877,301.8986544911063,727.1244953486345,1.0332831357882106,367,3:55
4505000,9014.000000918893,-810831.8842899445,207532.99500030125,300.7975567630726,725.7069689321847,1.035301452000341,367,3:53
4510000,9024.00000092093,-812374.929632619,206955.0078410436,299.9598243083134,725.9322582500688,1.0349801515549142,367,3:50
4515000,9034.000000922968,-812263.6218442032,207549.2323551709,300.821091125274,726.210107241733,1.0345841667171456,367,3:48
4520000,9044.000000925005,-809708.7220539711,206476.43434105074,299.2661816442676,726.9728359302135,1.033498696964217,367,3:46
4525000,9054.000000927042,-812702.4739533085,206779.09396679065,299.704855388427,724.8628628418168,1.0365070652353385,367,3:43
4530000,9064.00000092908,-810895.7518451014,206829.88971108553,299.7784785526754,728.9910764908848,1.0306374150406377,367,3:41
4535000,9074.000000931117,-810472.9542478169,207596.6420657237,300.88980658471746,727.4872895572166,1.032767842747534,367,3:39
4540000,9084.000000933154,-810621.4925558981,207683.226968494,301.01530242313027,726.3379017832623,1.0344021382026836,367,3:36
4545000,9094.000000935192,-811578.4168125773,205854.7207442748,298.3650722524029,724.4113597182978,1.037153087928419,367,3:34
4550000,9104.000000937229,-811956.0982871158,206772.25436588848,299.69494209613043,725.4059254529321,1.035731102131736,367,3:31
4555000,9114.000000939266,-811920.0769997546,207037.88988330122,300.07995323436967,727.6969853893996,1.0324702365782288,367,3:29
4560000,9124.000000941303,-811921.6959500345,207166.99394255166,300.2670761812084,726.2641435391736,1.034507190456845,367,3:27
4565000,9134.00000094334,-809702.9291818403,206134.41050002375,298.7704535517998,728.4515515879317,1.0314007527672406,367,3:24
4570000,9144.000000945378,-812603.7490428616,207051.73528661294,300.1000207108138,725.3390433114513,1.035826604937972,367,3:22
4575000,9154.000000947415,-811855.531629656,207391.1080200995,300.59190629780016,726.8157030714224,1.0337221327047008,367,3:20
4580000,9164.000000949452,-811363.3179042325,206624.6151993341,299.4809544331951,726.8976526891397,1.0336055920427687,367,3:17
4585000,9174.00000095149,-812213.4877742953,208041.41422050056,301.53445770379824,726.4410341217329,1.0342552848361735,367,3:15
4590000,9184.000000953527,-811508.1555905477,206219.20051053527,298.8933478799992,724.5541318828809,1.0369487186689643,367,3:13
4595000,9194.000000955564,-809891.6298318142,208305.79921282094,301.9176563355854,727.5078235556433,1.032738692747257,367,3:10
4600000,9204.000000957602,-810794.4712508726,206571.91033193533,299.4045641929682,728.866395921905,1.0308137168430502,367,3:08
4605000,9214.000000959639,-811556.8314607297,206716.5176086973,299.6141574460319,726.9346263804589,1.0335530203083665,367,3:06
4610000,9224.000000961676,-812406.2206883379,206996.73223137247,300.0202994856139,727.1372410306058,1.033265023803991,367,3:03
4615000,9234.000000963713,-811572.7345572631,208342.84124551408,301.97134492101543,726.0970254663589,1.0347452920354474,367,3:01
4620000,9244.00000096575,-810449.4774931376,207400.59520716063,300.60565699170087,726.2958128416301,1.0344620819479857,367,2:58
4625000,9254.000000967788,-811266.3320896677,206675.3620388254,299.5545067150017,728.7766686020702,1.030940631103682,367,2:56
4630000,9264.000000969825,-811058.1159060793,207208.4535730448,300.3271676165805,727.8126111251389,1.0323062106615182,367,2:54
4635000,9274.000000971862,-811517.0601427318,205822.25977986932,298.3180234504361,728.1637916236222,1.0318083476617126,367,2:51
4640000,9284.0000009739,-811940.7877734425,207768.1406434391,301.13837599010316,727.8527243155165,1.0322493185263748,367,2:49
4645000,9294.000000975937,-810797.735344748,207223.88131267502,300.3495285254429,726.6030006216309,1.0340247398090503,367,2:47
4650000,9304.000000977974,-810285.499504495,207915.6636009604,301.35219522009504,727.9599486070687,1.0320972741699566,367,2:44
4655000,9314.000000980011,-809322.0710030119,205660.25442333065,298.083213484776,722.9181375959546,1.039295377427893,367,2:42
4660000,9324.000000982049,-811174.4290340818,207677.36722845165,301.00680933754643,723.4741366037672,1.0384966658092765,367,2:40
4665000,9334.000000984086,-811978.4493322247,206926.11470638,299.9179467056024,725.8351461493024,1.0351186252803903,367,2:37
4670000,9344.000000986123,-810784.7799047735,206517.6940548009,299.3259833210505,726.4434249235647,1.0342518809930872,367,2:35
4675000,9354.00000098816,-810264.8968860707,208606.74277194397,302.35384281912576,725.3951436829874,1.0357464965199739,367,2:33
4680000,9364.000000990198,-809523.2967388676,207115.86893354205,300.1929757818981,726.6025407001755,1.0340253943211621,367,2:30
4685000,9374.000000992235,-811790.1762009724,207416.16289773802,300.62822074494943,726.5822762521811,1.0340542333866236,367,2:28
4690000,9384.000000994272,-810778.0181352729,208281.8514423135,301.88294652542453,725.2293013358224,1.0359833466165356,367,2:26
4695000,9394.00000099631,-811467.822884535,207449.87056769966,300.6770765173467,724.6270154389447,1.036844421549947,367,2:23
4700000,9404.000000998347,-811779.6135389898,206701.64764823965,299.592604980243,727.220608836698,1.033146571387902,367,2:21
4705000,9414.000001000384,-810800.2895273338,206968.6689206381,299.97962462664236,727.6458514711112,1.03254279144624,367,2:18
4710000,9424.000001002421,-809309.8514788728,207764.2800337804,301.1327804367168,729.1994614832595,1.0303428874371237,367,2:16
4715000,9434.000001004459,-810773.819227518,207160.09731564551,300.25708023563226,728.5401086776436,1.0312753817026914,367,2:14
4720000,9444.000001006496,-811139.4185007657,208290.92692733306,301.89610049990614,725.9505717142075,1.0349540422402745,367,2:11
4725000,9454.000001008533,-811717.8144037714,208584.37699937518,302.32142595093666,725.3506076671763,1.0358100906244767,367,2:09
4730000,9464.00000101057,-810565.4628233756,206567.08714839822,299.3975734885563,725.5373655809303,1.035543466545901,367,2:07
4735000,9474.000001012608,-811999.4055499695,206433.0694856121,299.2033287828934,724.6729734774268,1.036778665909031,367,2:04
4740000,9484.000001014645,-809846.8818239947,207006.5686111743,300.03455629818376,727.7342080916393,1.032417427006052,367,2:02
4745000,9494.000001016682,-810852.912133195,205764.3254211916,298.2340536048563,727.2909562164504,1.0330466400556395,367,2:00
4750000,9504.00000101872,-811368.1394657185,207462.40927760903,300.69525007719767,725.1627545364626,1.0360784168272932,367,1:57
4755000,9514.000001020757,-810948.5284504252,206803.50266461782,299.7402332649433,728.5500205952331,1.031261351208825,367,1:55
4760000,9524.000001022794,-811712.0959996106,206265.3830484818,298.96028467999776,724.1226311552956,1.0375666307563969,367,1:53
4765000,9534.000001024831,-812069.5012049442,207496.88165871176,300.7452142190995,726.4757613396314,1.0342058450467813,367,1:50
4770000,9544.000001026869,-811578.9059992363,207791.81174037364,301.1726847906088,725.4243318134147,1.0357048222853167,367,1:48
4775000,9554.000001028906,-812129.8524376065,208434.73821744416,302.10454005285675,725.9570166926651,1.0349448540151405,367,1:45
4780000,9564.000001030943,-811337.4040585719,206277.41382376256,298.9777220412733,725.459414323082,1.035654736610332,367,1:43
4785000,9574.00000103298,-813169.8544947896,207366.6021264241,300.55638754598033,727.257935492598,1.033093544937887,367,1:41
4790000,9584.000001035018,-812496.1118690232,206955.82244673785,299.96100499479917,725.6177992001133,1.0354286781422435,367,1:38
4795000,9594.000001037055,-809853.3853894467,208497.1954325545,302.19506530985205,725.8941086688931,1.035034545245172,367,1:36
4800000,9604.000001039092,-810936.2931248615,206617.6273797052,299.4708263132233,727.2503046107314,1.0331043849674457,367,1:34
4805000,9614.00000104113,-811163.720654442,206666.36743114766,299.5414699638407,727.4418909260147,1.0328322963444398,367,1:31
4810000,9624.000001043167,-811759.6205870286,208161.96952097805,301.7091901112326,726.6956784188646,1.033892867365032,367,1:29
4815000,9634.000001045204,-811435.6707895147,206580.20592441902,299.41658779408766,727.4321782122781,1.0328460867770501,367,1:27
4820000,9644.000001047241,-810764.6422454622,207216.43454497552,300.3387352078319,726.0020469746149,1.0348806615534623,367,1:24
4825000,9654.000001049279,-811391.4515817505,206937.2639691084,299.9341064058391,726.9704172837273,1.0335021354369975,367,1:22
4830000,9664.000001051316,-810466.5966009661,206390.07494649844,299.14101265663345,726.007337318919,1.0348731204795198,367,1:20
4835000,9674.000001053353,-812231.7287777457,206050.59328034456,298.64896918304123,726.6244009454497,1.033994286022693,367,1:17
4840000,9684.00000105539,-811312.6444938346,207823.8826692588,301.21916827653246,729.6550108837329,1.029699607972647,367,1:15
4845000,9694.000001057428,-811846.8757040156,207092.53300849564,300.15915277828964,725.8967238747538,1.03503081630093,367,1:13
4850000,9704.000001059465,-810742.9620088744,207118.7090229218,300.1970921969598,727.932765917551,1.0321358150642113,367,1:10
4855000,9714.000001061502,-810150.7479181578,205844.75994457467,298.3506351060918,727.6664336083924,1.0325135858425447,367,1:08
4860000,9724.00000106354,-810933.2822770332,206863.16650736978,299.82670981835525,724.3457726214555,1.0372469986856698,367,1:05
4865000,9734.000001065577,-811256.0041782148,207321.09144458832,300.4904245317483,727.171930410538,1.0332157324033162,367,1:03
4870000,9744.000001067614,-809686.2950685304,207194.12140076119,300.3063946189855,726.802364126138,1.0337411045237923,367,1:01
4875000,9754.000001069651,-810958.083496206,207222.68716407067,300.3477977308644,727.9615326949296,1.0320950282645207,367,0:58
4880000,9764.000001071689,-809134.551158464,207260.85365574708,300.40311610299347,727.5092958686731,1.0327366027194838,367,0:56
4885000,9774.000001073726,-810513.0812760694,208510.5077644122,302.21436015449893,726.8983297234195,1.033604629340849,367,0:54
4890000,9784.000001075763,-813094.6939840056,206320.32440375123,299.03991647748745,724.1087686354743,1.0375864941921233,367,0:51
4895000,9794.0000010778,-811971.5064543886,206622.97546757973,299.478577812044,725.8720422638244,1.035066010145603,367,0:49
4900000,9804.000001079838,-812229.4956873227,206867.18606798656,299.8325357546734,726.4016248681456,1.0343113959837793,367,0:47
4905000,9814.000001081875,-810897.7258020542,206425.40339521485,299.192217579774,728.6349864278689,1.0311410962375394,367,0:44
4910000,9824.000001083912,-810828.382109486,208358.5018924404,301.9940434048529,726.0904698668892,1.034754634363944,367,0:42
4915000,9834.00000108595,-809674.7042555786,207849.37507408124,301.25611687396673,728.1336648653769,1.0318510390549902,367,0:40
4920000,9844.000001087987,-810336.6838743957,207734.34405655297,301.0893913418439,727.9882691607364,1.0320571230198876,367,0:37
4925000,9854.000001090024,-810629.2944710455,207861.9132349379,301.2742896380228,725.8317421575425,1.035123479759833,367,0:35
4930000,9864.000001092061,-811460.5654908479,206253.2061834008,298.942635576705,726.1637206183324,1.0346502549349332,367,0:32
4935000,9874.000001094098,-810867.5410862439,206690.25106988137,299.5760868216455,726.8928736633267,1.0336123875803012,367,0:30
4940000,9884.000001096136,-810504.9330525021,208581.99535790514,302.3179740085827,728.1299657418557,1.0318562811747058,367,0:28
4945000,9894.000001098173,-810370.7343391934,206712.83080853755,299.6088138114917,728.1011372429507,1.0318971365808445,367,0:25
4950000,9904.00000110021,-811062.615540876,207150.12255443115,300.2426228535539,724.9602007553799,1.0363678969954566,367,0:23
4955000,9914.000001102248,-810297.3904374619,207880.1213981923,301.3006804826211,726.3677708171749,1.0343596024600659,367,0:21
4960000,9924.000001104285,-812084.1194832758,208617.99080176372,302.37014567201993,728.4153676102976,1.0314519875206922,367,0:18
4965000,9934.000001106322,-811324.7380025792,207441.1906385643,300.6644958601032,726.0515050835827,1.0348101662233522,367,0:16
4970000,9944.00000110836,-810546.4212033432,206737.15682073002,299.6440718437543,728.4877677129584,1.0313494775910874,367,0:14
4975000,9954.000001110397,-809444.1751454766,207385.8179156648,300.5842388399631,728.7155674955353,1.0310270730793196,367,0:11
4980000,9964.000001112434,-810386.8714544331,206991.5154009267,300.0127382308258,728.442003872898,1.0314142713732801,367,0:09
4985000,9974.000001114471,-811750.2076075347,207880.0842962145,301.3006267071515,728.2044303578922,1.0317507657746627,367,0:07
4990000,9984.000001116508,-810291.9916646755,205951.86707338988,298.50587578316805,727.3843022852662,1.0329140679854838,367,0:04
4995000,9994.000001118546,-810114.1947996975,207157.5693752084,300.2534162480956,728.5264144538353,1.031294766745711,367,0:02
5000000,10004.000001120583,-810960.5327750142,206444.4645014974,299.2198446768483,727.960895617635,1.0320959315057696,367,0:00
