activity_id,canonical_molecule_id,parent_id,source_id,assay_id,readout,assay_family,endpoint_type,endpoint_relation,endpoint_value,potency_nM,efficacy_pct,fold_shift,receptor_species,evidence_tier,final_modeling_role,extended_category,strict_view_membership,species_caveat,notes
ACTL00001,CM00111,PARENT0268,PMID_18678919,,PAM potentiation (literature narrative),literature narrative,EC50,=,629.0,629.0,,,human_M4,CORE,excluded_species_misassigned,ago_pam_auxiliary_qualitative_human_M4,,629 nM is rat-annotated narrative value (human assignment invalid); LY2033298 retains human-M4 ago-PAM / auxiliary qualitative evidence; do NOT use 629 nM as human potency,Literature narrative extraction (see compound notes)
ACTL00003,CM00173,PARENT0098,PMID_18059262,,PAM potentiation (literature narrative),literature narrative,EC50,=,400.0,400.0,,,human_M4,CORE,excluded_nonhuman_misassigned,nonhuman_companion_rat_400nM + qualitative_human_M4_PAM,,400 nM is RAT M4 potency (not human); qualitative human-M4 PAM evidence is censored 'Active' in human M4 PAM calcium assay; do NOT use 400 nM as human potency,Literature narrative extraction (see compound notes)
ACT_10958293,CM00421,PARENT0104,PMID_22738637,ASSY_CHEMBL2060895,PAM_functional_calcium,calcium,EC50,>,10000.0,10000.0,,,Homo sapiens,CORE,threshold_only_bound,threshold_only_bound,threshold_negative,,cat=PAM_functional_calcium; standard_type=EC50; source_kind=primary_article; censored endpoint bound; relation preserved; assay-context negative result; same parent has PAM evidence in other assay contexts - not a parent-level inactivity declaration
ACT_10958296,CM00507,PARENT0107,PMID_22738637,ASSY_CHEMBL2060895,PAM_functional_calcium,calcium,EC50,>,10000.0,10000.0,,,Homo sapiens,CORE,threshold_only_bound,threshold_only_bound,threshold_negative,,cat=PAM_functional_calcium; standard_type=EC50; source_kind=primary_article; censored endpoint bound; relation preserved; assay-context negative result; same parent has PAM evidence in other assay contexts - not a parent-level inactivity declaration
ACT_10958300,CM00559,PARENT0111,PMID_22738637,ASSY_CHEMBL2060895,PAM_functional_calcium,calcium,EC50,>,10000.0,10000.0,,,Homo sapiens,CORE,threshold_only_bound,threshold_only_bound,threshold_negative,,cat=PAM_functional_calcium; standard_type=EC50; source_kind=primary_article; censored endpoint bound; relation preserved; assay-context negative result; same parent has PAM evidence in other assay contexts - not a parent-level inactivity declaration
ACT_10958301,CM00490,PARENT0112,PMID_22738637,ASSY_CHEMBL2060895,PAM_functional_calcium,calcium,EC50,>,10000.0,10000.0,,,Homo sapiens,CORE,threshold_only_bound,threshold_only_bound,threshold_negative,,cat=PAM_functional_calcium; standard_type=EC50; source_kind=primary_article; censored endpoint bound; relation preserved; assay-context negative result; same parent has PAM evidence in other assay contexts - not a parent-level inactivity declaration
ACT_10958303,CM00557,PARENT0114,PMID_22738637,ASSY_CHEMBL2060895,PAM_functional_calcium,calcium,EC50,>,10000.0,10000.0,,,Homo sapiens,CORE,threshold_only_bound,threshold_only_bound,threshold_negative,,cat=PAM_functional_calcium; standard_type=EC50; source_kind=primary_article; censored endpoint bound; relation preserved; assay-context negative result; same parent has PAM evidence in other assay contexts - not a parent-level inactivity declaration
ACT_10958305,CM00870,PARENT0116,PMID_22738637,ASSY_CHEMBL2060895,PAM_functional_calcium,calcium,EC50,>,10000.0,10000.0,,,Homo sapiens,CORE,threshold_only_bound,threshold_only_bound,threshold_negative,,cat=PAM_functional_calcium; standard_type=EC50; source_kind=primary_article; censored endpoint bound; relation preserved; assay-context negative result; same parent has PAM evidence in other assay contexts - not a parent-level inactivity declaration
ACT_10958306,CM00412,PARENT0117,PMID_22738637,ASSY_CHEMBL2060895,PAM_functional_calcium,calcium,EC50,>,10000.0,10000.0,,,Homo sapiens,CORE,threshold_only_bound,threshold_only_bound,threshold_negative,,cat=PAM_functional_calcium; standard_type=EC50; source_kind=primary_article; censored endpoint bound; relation preserved; assay-context negative result; same parent has PAM evidence in other assay contexts - not a parent-level inactivity declaration
ACT_10958307,CM00863,PARENT0118,PMID_22738637,ASSY_CHEMBL2060895,PAM_functional_calcium,calcium,EC50,>,10000.0,10000.0,,,Homo sapiens,CORE,threshold_only_bound,threshold_only_bound,threshold_negative,,cat=PAM_functional_calcium; standard_type=EC50; source_kind=primary_article; censored endpoint bound; relation preserved; assay-context negative result; same parent has PAM evidence in other assay contexts - not a parent-level inactivity declaration
ACT_10958308,CM00636,PARENT0119,PMID_22738637,ASSY_CHEMBL2060895,PAM_functional_calcium,calcium,EC50,>,10000.0,10000.0,,,Homo sapiens,CORE,threshold_only_bound,threshold_only_bound,threshold_negative,,cat=PAM_functional_calcium; standard_type=EC50; source_kind=primary_article; censored endpoint bound; relation preserved; assay-context negative result; same parent has PAM evidence in other assay contexts - not a parent-level inactivity declaration
ACT_10958322,CM00181,PARENT0133,PMID_22738637,ASSY_CHEMBL2060895,PAM_functional_calcium,calcium,EC50,>,10000.0,10000.0,,,Homo sapiens,CORE,threshold_only_bound,threshold_only_bound,threshold_negative,,cat=PAM_functional_calcium; standard_type=EC50; source_kind=primary_article; censored endpoint bound; relation preserved; assay-context negative result; same parent has PAM evidence in other assay contexts - not a parent-level inactivity declaration
ACT_10958324,CM00204,PARENT0135,PMID_22738637,ASSY_CHEMBL2060895,PAM_functional_calcium,calcium,EC50,>,10000.0,10000.0,,,Homo sapiens,CORE,threshold_only_bound,threshold_only_bound,threshold_negative,,cat=PAM_functional_calcium; standard_type=EC50; source_kind=primary_article; censored endpoint bound; relation preserved; assay-context negative result; same parent has PAM evidence in other assay contexts - not a parent-level inactivity declaration
ACT_10958348,CM00675,PARENT0103,PMID_22738637,ASSY_CHEMBL2060894,PAM_functional_calcium,calcium,%max,=,55.7,,55.7,,Homo sapiens,EXTENDED,auxiliary,auxiliary,,,cat=PAM_functional_calcium; standard_type=%max; source_kind=primary_article; legacy potency_nM treated as generic endpoint value (not potency)
ACT_10958349,CM00421,PARENT0104,PMID_22738637,ASSY_CHEMBL2060894,PAM_functional_calcium,calcium,%max,=,52.5,,52.5,,Homo sapiens,EXTENDED,auxiliary,auxiliary,,,cat=PAM_functional_calcium; standard_type=%max; source_kind=primary_article; legacy potency_nM treated as generic endpoint value (not potency)
ACT_10958350,CM00182,PARENT0106,PMID_22738637,ASSY_CHEMBL2060894,PAM_functional_calcium,calcium,%max,=,51.8,,51.8,,Homo sapiens,EXTENDED,auxiliary,auxiliary,,,cat=PAM_functional_calcium; standard_type=%max; source_kind=primary_article; legacy potency_nM treated as generic endpoint value (not potency)
ACT_10958351,CM00507,PARENT0107,PMID_22738637,ASSY_CHEMBL2060894,PAM_functional_calcium,calcium,%max,=,43.7,,43.7,,Homo sapiens,EXTENDED,auxiliary,auxiliary,,,cat=PAM_functional_calcium; standard_type=%max; source_kind=primary_article; legacy potency_nM treated as generic endpoint value (not potency)
ACT_10958352,CM00559,PARENT0111,PMID_22738637,ASSY_CHEMBL2060894,PAM_functional_calcium,calcium,%max,=,61.5,,61.5,,Homo sapiens,EXTENDED,auxiliary,auxiliary,,,cat=PAM_functional_calcium; standard_type=%max; source_kind=primary_article; legacy potency_nM treated as generic endpoint value (not potency)
ACT_10958353,CM00490,PARENT0112,PMID_22738637,ASSY_CHEMBL2060894,PAM_functional_calcium,calcium,%max,=,43.2,,43.2,,Homo sapiens,EXTENDED,auxiliary,auxiliary,,,cat=PAM_functional_calcium; standard_type=%max; source_kind=primary_article; legacy potency_nM treated as generic endpoint value (not potency)
ACT_10958354,CM00557,PARENT0114,PMID_22738637,ASSY_CHEMBL2060894,PAM_functional_calcium,calcium,%max,=,66.5,,66.5,,Homo sapiens,EXTENDED,auxiliary,auxiliary,,,cat=PAM_functional_calcium; standard_type=%max; source_kind=primary_article; legacy potency_nM treated as generic endpoint value (not potency)
ACT_10958355,CM00870,PARENT0116,PMID_22738637,ASSY_CHEMBL2060894,PAM_functional_calcium,calcium,%max,=,52.2,,52.2,,Homo sapiens,EXTENDED,auxiliary,auxiliary,,,cat=PAM_functional_calcium; standard_type=%max; source_kind=primary_article; legacy potency_nM treated as generic endpoint value (not potency)
ACT_10958356,CM00412,PARENT0117,PMID_22738637,ASSY_CHEMBL2060894,PAM_functional_calcium,calcium,%max,=,45.0,,45.0,,Homo sapiens,EXTENDED,auxiliary,auxiliary,,,cat=PAM_functional_calcium; standard_type=%max; source_kind=primary_article; legacy potency_nM treated as generic endpoint value (not potency)
ACT_10958357,CM00863,PARENT0118,PMID_22738637,ASSY_CHEMBL2060894,PAM_functional_calcium,calcium,%max,=,64.1,,64.1,,Homo sapiens,EXTENDED,auxiliary,auxiliary,,,cat=PAM_functional_calcium; standard_type=%max; source_kind=primary_article; legacy potency_nM treated as generic endpoint value (not potency)
ACT_10958358,CM00636,PARENT0119,PMID_22738637,ASSY_CHEMBL2060894,PAM_functional_calcium,calcium,%max,=,44.0,,44.0,,Homo sapiens,EXTENDED,auxiliary,auxiliary,,,cat=PAM_functional_calcium; standard_type=%max; source_kind=primary_article; legacy potency_nM treated as generic endpoint value (not potency)
ACT_10958359,CM00759,PARENT0122,PMID_22738637,ASSY_CHEMBL2060894,PAM_functional_calcium,calcium,%max,=,37.6,,37.6,,Homo sapiens,EXTENDED,auxiliary,auxiliary,,,cat=PAM_functional_calcium; standard_type=%max; source_kind=primary_article; legacy potency_nM treated as generic endpoint value (not potency)
ACT_10958360,CM00408,PARENT0123,PMID_22738637,ASSY_CHEMBL2060894,PAM_functional_calcium,calcium,%max,=,65.2,,65.2,,Homo sapiens,EXTENDED,auxiliary,auxiliary,,,cat=PAM_functional_calcium; standard_type=%max; source_kind=primary_article; legacy potency_nM treated as generic endpoint value (not potency)
ACT_10958361,CM00847,PARENT0125,PMID_22738637,ASSY_CHEMBL2060894,PAM_functional_calcium,calcium,%max,=,38.2,,38.2,,Homo sapiens,EXTENDED,auxiliary,auxiliary,,,cat=PAM_functional_calcium; standard_type=%max; source_kind=primary_article; legacy potency_nM treated as generic endpoint value (not potency)
ACT_10958362,CM00181,PARENT0133,PMID_22738637,ASSY_CHEMBL2060894,PAM_functional_calcium,calcium,%max,=,39.3,,39.3,,Homo sapiens,EXTENDED,auxiliary,auxiliary,,,cat=PAM_functional_calcium; standard_type=%max; source_kind=primary_article; legacy potency_nM treated as generic endpoint value (not potency)
ACT_10958363,CM00204,PARENT0135,PMID_22738637,ASSY_CHEMBL2060894,PAM_functional_calcium,calcium,%max,=,43.5,,43.5,,Homo sapiens,EXTENDED,auxiliary,auxiliary,,,cat=PAM_functional_calcium; standard_type=%max; source_kind=primary_article; legacy potency_nM treated as generic endpoint value (not potency)
ACT_10958364,CM00717,PARENT0137,PMID_22738637,ASSY_CHEMBL2060894,PAM_functional_calcium,calcium,%max,=,36.5,,36.5,,Homo sapiens,EXTENDED,auxiliary,auxiliary,,,cat=PAM_functional_calcium; standard_type=%max; source_kind=primary_article; legacy potency_nM treated as generic endpoint value (not potency)
ACT_10958365,CM00865,PARENT0149,PMID_22738637,ASSY_CHEMBL2060894,PAM_functional_calcium,calcium,%max,=,35.6,,35.6,,Homo sapiens,EXTENDED,auxiliary,auxiliary,,,cat=PAM_functional_calcium; standard_type=%max; source_kind=primary_article; legacy potency_nM treated as generic endpoint value (not potency)
ACT_10958366,CM00620,PARENT0158,PMID_22738637,ASSY_CHEMBL2060894,PAM_functional_calcium,calcium,%max,=,36.5,,36.5,,Homo sapiens,EXTENDED,auxiliary,auxiliary,,,cat=PAM_functional_calcium; standard_type=%max; source_kind=primary_article; legacy potency_nM treated as generic endpoint value (not potency)
ACT_10958371,CM00408,PARENT0123,PMID_22738637,ASSY_CHEMBL2060889,PAM_functional_calcium,calcium,FC,=,14.0,,,14.0,Homo sapiens,EXTENDED,fold_shift,fold_shift,,,cat=PAM_functional_calcium; standard_type=FC; source_kind=primary_article; legacy potency_nM treated as generic endpoint value (not potency)
ACT_12626157,CM00796,PARENT0194,PMID_23177787,ASSY_CHEMBL2320370,PAM_functional_calcium,calcium,FC,=,106.0,,,106.0,Homo sapiens,EXTENDED,fold_shift,fold_shift,,,cat=PAM_functional_calcium; standard_type=FC; source_kind=primary_article; legacy potency_nM treated as generic endpoint value (not potency)
ACT_12626158,CM00713,PARENT0195,PMID_23177787,ASSY_CHEMBL2320370,PAM_functional_calcium,calcium,FC,=,224.0,,,224.0,Homo sapiens,EXTENDED,fold_shift,fold_shift,,,cat=PAM_functional_calcium; standard_type=FC; source_kind=primary_article; legacy potency_nM treated as generic endpoint value (not potency)
ACT_12626165,CM00733,PARENT0196,PMID_23177787,ASSY_CHEMBL2320372,PAM_functional_calcium,calcium,%max,=,69.7,,69.7,,Homo sapiens,EXTENDED,auxiliary,auxiliary,,,cat=PAM_functional_calcium; standard_type=%max; source_kind=primary_article; legacy potency_nM treated as generic endpoint value (not potency)
ACT_12626166,CM00115,PARENT0197,PMID_23177787,ASSY_CHEMBL2320372,PAM_functional_calcium,calcium,%max,=,38.0,,38.0,,Homo sapiens,EXTENDED,auxiliary,auxiliary,,,cat=PAM_functional_calcium; standard_type=%max; source_kind=primary_article; legacy potency_nM treated as generic endpoint value (not potency)
ACT_12626167,CM00099,PARENT0198,PMID_23177787,ASSY_CHEMBL2320372,PAM_functional_calcium,calcium,%max,=,85.7,,85.7,,Homo sapiens,EXTENDED,auxiliary,auxiliary,,,cat=PAM_functional_calcium; standard_type=%max; source_kind=primary_article; legacy potency_nM treated as generic endpoint value (not potency)
ACT_12626168,CM00074,PARENT0199,PMID_23177787,ASSY_CHEMBL2320372,PAM_functional_calcium,calcium,%max,=,68.3,,68.3,,Homo sapiens,EXTENDED,auxiliary,auxiliary,,,cat=PAM_functional_calcium; standard_type=%max; source_kind=primary_article; legacy potency_nM treated as generic endpoint value (not potency)
ACT_12626169,CM00465,PARENT0200,PMID_23177787,ASSY_CHEMBL2320372,PAM_functional_calcium,calcium,%max,=,78.6,,78.6,,Homo sapiens,EXTENDED,auxiliary,auxiliary,,,cat=PAM_functional_calcium; standard_type=%max; source_kind=primary_article; legacy potency_nM treated as generic endpoint value (not potency)
ACT_12626170,CM00554,PARENT0201,PMID_23177787,ASSY_CHEMBL2320372,PAM_functional_calcium,calcium,%max,=,41.4,,41.4,,Homo sapiens,EXTENDED,auxiliary,auxiliary,,,cat=PAM_functional_calcium; standard_type=%max; source_kind=primary_article; legacy potency_nM treated as generic endpoint value (not potency)
ACT_12626171,CM00600,PARENT0202,PMID_23177787,ASSY_CHEMBL2320372,PAM_functional_calcium,calcium,%max,=,77.3,,77.3,,Homo sapiens,EXTENDED,auxiliary,auxiliary,,,cat=PAM_functional_calcium; standard_type=%max; source_kind=primary_article; legacy potency_nM treated as generic endpoint value (not potency)
ACT_12628003,CM00680,PARENT0203,PMID_23177787,ASSY_CHEMBL2320372,PAM_functional_calcium,calcium,%max,=,69.9,,69.9,,Homo sapiens,EXTENDED,auxiliary,auxiliary,,,cat=PAM_functional_calcium; standard_type=%max; source_kind=primary_article; legacy potency_nM treated as generic endpoint value (not potency)
ACT_12628004,CM00524,PARENT0204,PMID_23177787,ASSY_CHEMBL2320372,PAM_functional_calcium,calcium,%max,=,92.2,,92.2,,Homo sapiens,EXTENDED,auxiliary,auxiliary,,,cat=PAM_functional_calcium; standard_type=%max; source_kind=primary_article; legacy potency_nM treated as generic endpoint value (not potency)
ACT_12628005,CM00092,PARENT0205,PMID_23177787,ASSY_CHEMBL2320372,PAM_functional_calcium,calcium,%max,=,30.7,,30.7,,Homo sapiens,EXTENDED,auxiliary,auxiliary,,,cat=PAM_functional_calcium; standard_type=%max; source_kind=primary_article; legacy potency_nM treated as generic endpoint value (not potency)
ACT_12628006,CM00588,PARENT0206,PMID_23177787,ASSY_CHEMBL2320372,PAM_functional_calcium,calcium,%max,=,33.6,,33.6,,Homo sapiens,EXTENDED,auxiliary,auxiliary,,,cat=PAM_functional_calcium; standard_type=%max; source_kind=primary_article; legacy potency_nM treated as generic endpoint value (not potency)
ACT_12628007,CM00640,PARENT0207,PMID_23177787,ASSY_CHEMBL2320372,PAM_functional_calcium,calcium,%max,=,65.1,,65.1,,Homo sapiens,EXTENDED,auxiliary,auxiliary,,,cat=PAM_functional_calcium; standard_type=%max; source_kind=primary_article; legacy potency_nM treated as generic endpoint value (not potency)
ACT_12628008,CM00532,PARENT0208,PMID_23177787,ASSY_CHEMBL2320372,PAM_functional_calcium,calcium,%max,=,33.2,,33.2,,Homo sapiens,EXTENDED,auxiliary,auxiliary,,,cat=PAM_functional_calcium; standard_type=%max; source_kind=primary_article; legacy potency_nM treated as generic endpoint value (not potency)
ACT_12628009,CM00647,PARENT0209,PMID_23177787,ASSY_CHEMBL2320372,PAM_functional_calcium,calcium,%max,=,46.8,,46.8,,Homo sapiens,EXTENDED,auxiliary,auxiliary,,,cat=PAM_functional_calcium; standard_type=%max; source_kind=primary_article; legacy potency_nM treated as generic endpoint value (not potency)
ACT_12628010,CM00679,PARENT0210,PMID_23177787,ASSY_CHEMBL2320372,PAM_functional_calcium,calcium,%max,=,32.4,,32.4,,Homo sapiens,EXTENDED,auxiliary,auxiliary,,,cat=PAM_functional_calcium; standard_type=%max; source_kind=primary_article; legacy potency_nM treated as generic endpoint value (not potency)
ACT_12628011,CM00669,PARENT0211,PMID_23177787,ASSY_CHEMBL2320372,PAM_functional_calcium,calcium,%max,=,42.0,,42.0,,Homo sapiens,EXTENDED,auxiliary,auxiliary,,,cat=PAM_functional_calcium; standard_type=%max; source_kind=primary_article; legacy potency_nM treated as generic endpoint value (not potency)
ACT_12628012,CM00531,PARENT0212,PMID_23177787,ASSY_CHEMBL2320372,PAM_functional_calcium,calcium,%max,=,81.0,,81.0,,Homo sapiens,EXTENDED,auxiliary,auxiliary,,,cat=PAM_functional_calcium; standard_type=%max; source_kind=primary_article; legacy potency_nM treated as generic endpoint value (not potency)
ACT_12628013,CM00046,PARENT0213,PMID_23177787,ASSY_CHEMBL2320372,PAM_functional_calcium,calcium,%max,=,71.7,,71.7,,Homo sapiens,EXTENDED,auxiliary,auxiliary,,,cat=PAM_functional_calcium; standard_type=%max; source_kind=primary_article; legacy potency_nM treated as generic endpoint value (not potency)
ACT_12628014,CM00633,PARENT0214,PMID_23177787,ASSY_CHEMBL2320372,PAM_functional_calcium,calcium,%max,=,74.5,,74.5,,Homo sapiens,EXTENDED,auxiliary,auxiliary,,,cat=PAM_functional_calcium; standard_type=%max; source_kind=primary_article; legacy potency_nM treated as generic endpoint value (not potency)
ACT_12628015,CM00155,PARENT0215,PMID_23177787,ASSY_CHEMBL2320372,PAM_functional_calcium,calcium,%max,=,51.0,,51.0,,Homo sapiens,EXTENDED,auxiliary,auxiliary,,,cat=PAM_functional_calcium; standard_type=%max; source_kind=primary_article; legacy potency_nM treated as generic endpoint value (not potency)
ACT_12628016,CM00630,PARENT0216,PMID_23177787,ASSY_CHEMBL2320372,PAM_functional_calcium,calcium,%max,=,78.5,,78.5,,Homo sapiens,EXTENDED,auxiliary,auxiliary,,,cat=PAM_functional_calcium; standard_type=%max; source_kind=primary_article; legacy potency_nM treated as generic endpoint value (not potency)
ACT_12628017,CM00701,PARENT0217,PMID_23177787,ASSY_CHEMBL2320372,PAM_functional_calcium,calcium,%max,=,83.1,,83.1,,Homo sapiens,EXTENDED,auxiliary,auxiliary,,,cat=PAM_functional_calcium; standard_type=%max; source_kind=primary_article; legacy potency_nM treated as generic endpoint value (not potency)
ACT_12628018,CM00279,PARENT0218,PMID_23177787,ASSY_CHEMBL2320372,PAM_functional_calcium,calcium,%max,=,61.7,,61.7,,Homo sapiens,EXTENDED,auxiliary,auxiliary,,,cat=PAM_functional_calcium; standard_type=%max; source_kind=primary_article; legacy potency_nM treated as generic endpoint value (not potency)
ACT_12628019,CM00226,PARENT0219,PMID_23177787,ASSY_CHEMBL2320372,PAM_functional_calcium,calcium,%max,=,74.5,,74.5,,Homo sapiens,EXTENDED,auxiliary,auxiliary,,,cat=PAM_functional_calcium; standard_type=%max; source_kind=primary_article; legacy potency_nM treated as generic endpoint value (not potency)
ACT_12628020,CM00800,PARENT0220,PMID_23177787,ASSY_CHEMBL2320372,PAM_functional_calcium,calcium,%max,=,51.1,,51.1,,Homo sapiens,EXTENDED,auxiliary,auxiliary,,,cat=PAM_functional_calcium; standard_type=%max; source_kind=primary_article; legacy potency_nM treated as generic endpoint value (not potency)
ACT_12628021,CM00519,PARENT0221,PMID_23177787,ASSY_CHEMBL2320372,PAM_functional_calcium,calcium,%max,=,74.1,,74.1,,Homo sapiens,EXTENDED,auxiliary,auxiliary,,,cat=PAM_functional_calcium; standard_type=%max; source_kind=primary_article; legacy potency_nM treated as generic endpoint value (not potency)
ACT_12628022,CM00307,PARENT0222,PMID_23177787,ASSY_CHEMBL2320372,PAM_functional_calcium,calcium,%max,=,57.3,,57.3,,Homo sapiens,EXTENDED,auxiliary,auxiliary,,,cat=PAM_functional_calcium; standard_type=%max; source_kind=primary_article; legacy potency_nM treated as generic endpoint value (not potency)
ACT_12628023,CM00538,PARENT0223,PMID_23177787,ASSY_CHEMBL2320372,PAM_functional_calcium,calcium,%max,=,84.9,,84.9,,Homo sapiens,EXTENDED,auxiliary,auxiliary,,,cat=PAM_functional_calcium; standard_type=%max; source_kind=primary_article; legacy potency_nM treated as generic endpoint value (not potency)
ACT_12628024,CM00343,PARENT0224,PMID_23177787,ASSY_CHEMBL2320372,PAM_functional_calcium,calcium,%max,=,75.8,,75.8,,Homo sapiens,EXTENDED,auxiliary,auxiliary,,,cat=PAM_functional_calcium; standard_type=%max; source_kind=primary_article; legacy potency_nM treated as generic endpoint value (not potency)
ACT_12628025,CM00409,PARENT0225,PMID_23177787,ASSY_CHEMBL2320372,PAM_functional_calcium,calcium,%max,=,64.1,,64.1,,Homo sapiens,EXTENDED,auxiliary,auxiliary,,,cat=PAM_functional_calcium; standard_type=%max; source_kind=primary_article; legacy potency_nM treated as generic endpoint value (not potency)
ACT_12628026,CM00796,PARENT0194,PMID_23177787,ASSY_CHEMBL2320372,PAM_functional_calcium,calcium,%max,=,94.1,,94.1,,Homo sapiens,EXTENDED,auxiliary,auxiliary,,,cat=PAM_functional_calcium; standard_type=%max; source_kind=primary_article; legacy potency_nM treated as generic endpoint value (not potency)
ACT_12628027,CM00713,PARENT0195,PMID_23177787,ASSY_CHEMBL2320372,PAM_functional_calcium,calcium,%max,=,94.0,,94.0,,Homo sapiens,EXTENDED,auxiliary,auxiliary,,,cat=PAM_functional_calcium; standard_type=%max; source_kind=primary_article; legacy potency_nM treated as generic endpoint value (not potency)
ACT_12628028,CM00852,PARENT0226,PMID_23177787,ASSY_CHEMBL2320372,PAM_functional_calcium,calcium,%max,=,79.5,,79.5,,Homo sapiens,EXTENDED,auxiliary,auxiliary,,,cat=PAM_functional_calcium; standard_type=%max; source_kind=primary_article; legacy potency_nM treated as generic endpoint value (not potency)
ACT_12628029,CM00144,PARENT0227,PMID_23177787,ASSY_CHEMBL2320372,PAM_functional_calcium,calcium,%max,=,83.6,,83.6,,Homo sapiens,EXTENDED,auxiliary,auxiliary,,,cat=PAM_functional_calcium; standard_type=%max; source_kind=primary_article; legacy potency_nM treated as generic endpoint value (not potency)
ACT_12628039,CM00107,PARENT0228,PMID_23177787,ASSY_CHEMBL2320373,PAM_functional_calcium,calcium,EC50,>,30199.52,30199.52,,,Homo sapiens,CORE,threshold_only_bound,threshold_only_bound,threshold_negative,,cat=PAM_functional_calcium; standard_type=EC50; source_kind=primary_article; censored endpoint bound; relation preserved
ACT_12628040,CM00092,PARENT0205,PMID_23177787,ASSY_CHEMBL2320373,PAM_functional_calcium,calcium,EC50,>,10000.0,10000.0,,,Homo sapiens,CORE,threshold_only_bound,threshold_only_bound,threshold_negative,,cat=PAM_functional_calcium; standard_type=EC50; source_kind=primary_article; censored endpoint bound; relation preserved; assay-context negative result; same parent has PAM evidence in other assay contexts - not a parent-level inactivity declaration
ACT_12628041,CM00141,PARENT0229,PMID_23177787,ASSY_CHEMBL2320373,PAM_functional_calcium,calcium,EC50,>,30199.52,30199.52,,,Homo sapiens,CORE,threshold_only_bound,threshold_only_bound,threshold_negative,,cat=PAM_functional_calcium; standard_type=EC50; source_kind=primary_article; censored endpoint bound; relation preserved
ACT_12628078,CM00107,PARENT0228,PMID_23177787,ASSY_CHEMBL2320373,PAM_functional_calcium,calcium,EC50,>,30000.0,30000.0,,,Homo sapiens,CORE,threshold_only_bound,threshold_only_bound,threshold_negative,,cat=PAM_functional_calcium; standard_type=EC50; source_kind=primary_article; censored endpoint bound; relation preserved
ACT_12628079,CM00092,PARENT0205,PMID_23177787,ASSY_CHEMBL2320373,PAM_functional_calcium,calcium,EC50,>,10000.0,10000.0,,,Homo sapiens,CORE,threshold_only_bound,threshold_only_bound,threshold_negative,,cat=PAM_functional_calcium; standard_type=EC50; source_kind=primary_article; censored endpoint bound; relation preserved; assay-context negative result; same parent has PAM evidence in other assay contexts - not a parent-level inactivity declaration
ACT_12628080,CM00141,PARENT0229,PMID_23177787,ASSY_CHEMBL2320373,PAM_functional_calcium,calcium,EC50,>,30000.0,30000.0,,,Homo sapiens,CORE,threshold_only_bound,threshold_only_bound,threshold_negative,,cat=PAM_functional_calcium; standard_type=EC50; source_kind=primary_article; censored endpoint bound; relation preserved
ACT_12628094,CM00305,PARENT0230,PMID_23177787,ASSY_CHEMBL2320373,PAM_functional_calcium,calcium,EC50,=,30000.0,30000.0,,,Homo sapiens,CORE,censored_weak_pam,censored_weak_pam,threshold_negative,,cat=PAM_functional_calcium; standard_type=EC50; source_kind=primary_article; legacy pEC50=4.52 (generic negative-log potency)
ACT_13307312,CM00398,PARENT0234,PMID_23562060,ASSY_CHEMBL2384205,PAM_functional_unspecified,unspecified,EC50,>,30000.0,30000.0,,,Homo sapiens,EXTENDED,threshold_only_bound,threshold_only_bound,threshold_negative,,cat=PAM_functional_unspecified; standard_type=EC50; source_kind=primary_article; censored endpoint bound; relation preserved
ACT_13307313,CM00304,PARENT0061,PMID_23562060,ASSY_CHEMBL2384205,PAM_functional_unspecified,unspecified,EC50,>,30000.0,30000.0,,,Homo sapiens,EXTENDED,threshold_only_bound,threshold_only_bound,threshold_negative,,cat=PAM_functional_unspecified; standard_type=EC50; source_kind=primary_article; censored endpoint bound; relation preserved
ACT_13307314,CM00614,PARENT0101,PMID_23562060,ASSY_CHEMBL2384205,PAM_functional_unspecified,unspecified,EC50,>,30000.0,30000.0,,,Homo sapiens,EXTENDED,threshold_only_bound,threshold_only_bound,threshold_negative,,cat=PAM_functional_unspecified; standard_type=EC50; source_kind=primary_article; censored endpoint bound; relation preserved
ACT_13307315,CM00253,PARENT0235,PMID_23562060,ASSY_CHEMBL2384205,PAM_functional_unspecified,unspecified,EC50,>,30000.0,30000.0,,,Homo sapiens,EXTENDED,threshold_only_bound,threshold_only_bound,threshold_negative,,cat=PAM_functional_unspecified; standard_type=EC50; source_kind=primary_article; censored endpoint bound; relation preserved
ACT_13307316,CM00094,PARENT0236,PMID_23562060,ASSY_CHEMBL2384205,PAM_functional_unspecified,unspecified,EC50,>,30000.0,30000.0,,,Homo sapiens,EXTENDED,threshold_only_bound,threshold_only_bound,threshold_negative,,cat=PAM_functional_unspecified; standard_type=EC50; source_kind=primary_article; censored endpoint bound; relation preserved
ACT_13488829,CM00457,PARENT0251,PMID_24074052,ASSY_CHEMBL2439842,PAM_functional_ERK,ERK,Emax,=,89.0,,89.0,,Homo sapiens,EXTENDED,efficacy_only,efficacy_only,,,cat=PAM_functional_ERK; standard_type=Emax; source_kind=primary_article; legacy potency_nM treated as generic endpoint value (not potency)
ACT_13488830,CM00326,PARENT0252,PMID_24074052,ASSY_CHEMBL2439842,PAM_functional_ERK,ERK,Emax,=,56.0,,56.0,,Homo sapiens,EXTENDED,efficacy_only,efficacy_only,,,cat=PAM_functional_ERK; standard_type=Emax; source_kind=primary_article; legacy potency_nM treated as generic endpoint value (not potency)
ACT_13488831,CM00156,PARENT0253,PMID_24074052,ASSY_CHEMBL2439842,PAM_functional_ERK,ERK,Emax,=,95.0,,95.0,,Homo sapiens,EXTENDED,efficacy_only,efficacy_only,,,cat=PAM_functional_ERK; standard_type=Emax; source_kind=primary_article; legacy potency_nM treated as generic endpoint value (not potency)
ACT_13488832,CM00597,PARENT0254,PMID_24074052,ASSY_CHEMBL2439842,PAM_functional_ERK,ERK,Emax,=,85.0,,85.0,,Homo sapiens,EXTENDED,efficacy_only,efficacy_only,,,cat=PAM_functional_ERK; standard_type=Emax; source_kind=primary_article; legacy potency_nM treated as generic endpoint value (not potency)
ACT_13488833,CM00378,PARENT0255,PMID_24074052,ASSY_CHEMBL2439842,PAM_functional_ERK,ERK,Emax,=,83.0,,83.0,,Homo sapiens,EXTENDED,efficacy_only,efficacy_only,,,cat=PAM_functional_ERK; standard_type=Emax; source_kind=primary_article; legacy potency_nM treated as generic endpoint value (not potency)
ACT_13488834,CM00126,PARENT0256,PMID_24074052,ASSY_CHEMBL2439842,PAM_functional_ERK,ERK,Emax,=,85.0,,85.0,,Homo sapiens,EXTENDED,efficacy_only,efficacy_only,,,cat=PAM_functional_ERK; standard_type=Emax; source_kind=primary_article; legacy potency_nM treated as generic endpoint value (not potency)
ACT_13488835,CM00213,PARENT0257,PMID_24074052,ASSY_CHEMBL2439842,PAM_functional_ERK,ERK,Emax,=,91.0,,91.0,,Homo sapiens,EXTENDED,efficacy_only,efficacy_only,,,cat=PAM_functional_ERK; standard_type=Emax; source_kind=primary_article; legacy potency_nM treated as generic endpoint value (not potency)
ACT_13488836,CM00843,PARENT0258,PMID_24074052,ASSY_CHEMBL2439842,PAM_functional_ERK,ERK,Emax,=,98.0,,98.0,,Homo sapiens,EXTENDED,efficacy_only,efficacy_only,,,cat=PAM_functional_ERK; standard_type=Emax; source_kind=primary_article; legacy potency_nM treated as generic endpoint value (not potency)
ACT_13488837,CM00164,PARENT0259,PMID_24074052,ASSY_CHEMBL2439842,PAM_functional_ERK,ERK,Emax,=,98.0,,98.0,,Homo sapiens,EXTENDED,efficacy_only,efficacy_only,,,cat=PAM_functional_ERK; standard_type=Emax; source_kind=primary_article; legacy potency_nM treated as generic endpoint value (not potency)
ACT_13488838,CM00082,PARENT0260,PMID_24074052,ASSY_CHEMBL2439842,PAM_functional_ERK,ERK,Emax,=,92.0,,92.0,,Homo sapiens,EXTENDED,efficacy_only,efficacy_only,,,cat=PAM_functional_ERK; standard_type=Emax; source_kind=primary_article; legacy potency_nM treated as generic endpoint value (not potency)
ACT_13488843,CM00334,PARENT0261,PMID_24074052,ASSY_CHEMBL2439842,PAM_functional_ERK,ERK,Emax,=,92.0,,92.0,,Homo sapiens,EXTENDED,efficacy_only,efficacy_only,,,cat=PAM_functional_ERK; standard_type=Emax; source_kind=primary_article; legacy potency_nM treated as generic endpoint value (not potency)
ACT_13488844,CM00414,PARENT0262,PMID_24074052,ASSY_CHEMBL2439842,PAM_functional_ERK,ERK,Emax,=,85.0,,85.0,,Homo sapiens,EXTENDED,efficacy_only,efficacy_only,,,cat=PAM_functional_ERK; standard_type=Emax; source_kind=primary_article; legacy potency_nM treated as generic endpoint value (not potency)
ACT_13880571,CM00220,PARENT0263,PMID_24164599,ASSY_CHEMBL3107817,NAM,NAM,IC50,>,30000.0,30000.0,,,Homo sapiens,EXPLORATORY,NAM_potency,NAM_potency,,,cat=NAM; standard_type=IC50; source_kind=primary_article; censored endpoint bound; relation preserved
ACT_13880572,CM00221,PARENT0264,PMID_24164599,ASSY_CHEMBL3107817,NAM,NAM,IC50,>,30000.0,30000.0,,,Homo sapiens,EXPLORATORY,NAM_potency,NAM_potency,,,cat=NAM; standard_type=IC50; source_kind=primary_article; censored endpoint bound; relation preserved
ACT_13880573,CM00587,PARENT0265,PMID_24164599,ASSY_CHEMBL3107817,NAM,NAM,IC50,>,30000.0,30000.0,,,Homo sapiens,EXPLORATORY,NAM_potency,NAM_potency,,,cat=NAM; standard_type=IC50; source_kind=primary_article; censored endpoint bound; relation preserved
ACT_13880574,CM00075,PARENT0266,PMID_24164599,ASSY_CHEMBL3107817,NAM,NAM,IC50,>,30000.0,30000.0,,,Homo sapiens,EXPLORATORY,NAM_potency,NAM_potency,,,cat=NAM; standard_type=IC50; source_kind=primary_article; censored endpoint bound; relation preserved
ACT_16489965,CM00111,PARENT0268,SRC0105,ASSY_CHEMBL3772172,PAM_functional_ERK,ERK,pKb,=,6.41,,,,Homo sapiens,EXTENDED,auxiliary,auxiliary,,,cat=PAM_functional_ERK; standard_type=pKb; source_kind=primary_article; legacy potency_nM treated as generic endpoint value (not potency)
ACT_16489966,CM00535,PARENT0269,SRC0105,ASSY_CHEMBL3772172,PAM_functional_ERK,ERK,pKb,=,6.1,,,,Homo sapiens,EXTENDED,auxiliary,auxiliary,,,cat=PAM_functional_ERK; standard_type=pKb; source_kind=primary_article; legacy potency_nM treated as generic endpoint value (not potency)
ACT_16489967,CM00306,PARENT0270,SRC0105,ASSY_CHEMBL3772172,PAM_functional_ERK,ERK,pKb,=,6.81,,,,Homo sapiens,EXTENDED,auxiliary,auxiliary,,,cat=PAM_functional_ERK; standard_type=pKb; source_kind=primary_article; legacy potency_nM treated as generic endpoint value (not potency)
ACT_16489968,CM00446,PARENT0271,SRC0105,ASSY_CHEMBL3772172,PAM_functional_ERK,ERK,pKb,=,7.42,,,,Homo sapiens,EXTENDED,auxiliary,auxiliary,,,cat=PAM_functional_ERK; standard_type=pKb; source_kind=primary_article; legacy potency_nM treated as generic endpoint value (not potency)
ACT_16489969,CM00286,PARENT0272,SRC0105,ASSY_CHEMBL3772172,PAM_functional_ERK,ERK,pKb,=,6.52,,,,Homo sapiens,EXTENDED,auxiliary,auxiliary,,,cat=PAM_functional_ERK; standard_type=pKb; source_kind=primary_article; legacy potency_nM treated as generic endpoint value (not potency)
ACT_16489970,CM00337,PARENT0273,SRC0105,ASSY_CHEMBL3772172,PAM_functional_ERK,ERK,pKb,=,6.66,,,,Homo sapiens,EXTENDED,auxiliary,auxiliary,,,cat=PAM_functional_ERK; standard_type=pKb; source_kind=primary_article; legacy potency_nM treated as generic endpoint value (not potency)
ACT_16489971,CM00369,PARENT0274,SRC0105,ASSY_CHEMBL3772172,PAM_functional_ERK,ERK,pKb,=,6.73,,,,Homo sapiens,EXTENDED,auxiliary,auxiliary,,,cat=PAM_functional_ERK; standard_type=pKb; source_kind=primary_article; legacy potency_nM treated as generic endpoint value (not potency)
ACT_16489972,CM00628,PARENT0275,SRC0105,ASSY_CHEMBL3772172,PAM_functional_ERK,ERK,pKb,=,6.29,,,,Homo sapiens,EXTENDED,auxiliary,auxiliary,,,cat=PAM_functional_ERK; standard_type=pKb; source_kind=primary_article; legacy potency_nM treated as generic endpoint value (not potency)
ACT_16489973,CM00136,PARENT0276,SRC0105,ASSY_CHEMBL3772172,PAM_functional_ERK,ERK,pKb,=,6.7,,,,Homo sapiens,EXTENDED,auxiliary,auxiliary,,,cat=PAM_functional_ERK; standard_type=pKb; source_kind=primary_article; legacy potency_nM treated as generic endpoint value (not potency)
ACT_16489977,CM00652,PARENT0280,SRC0105,ASSY_CHEMBL3772172,PAM_functional_ERK,ERK,pKb,=,5.55,,,,Homo sapiens,EXTENDED,auxiliary,auxiliary,,,cat=PAM_functional_ERK; standard_type=pKb; source_kind=primary_article; legacy potency_nM treated as generic endpoint value (not potency)
ACT_16489978,CM00713,PARENT0195,SRC0105,ASSY_CHEMBL3772172,PAM_functional_ERK,ERK,pKb,=,6.45,,,,Homo sapiens,EXTENDED,auxiliary,auxiliary,,,cat=PAM_functional_ERK; standard_type=pKb; source_kind=primary_article; legacy potency_nM treated as generic endpoint value (not potency)
ACT_16489979,CM00325,PARENT0281,SRC0105,ASSY_CHEMBL3772172,PAM_functional_ERK,ERK,pKb,=,4.9,,,,Homo sapiens,EXTENDED,auxiliary,auxiliary,,,cat=PAM_functional_ERK; standard_type=pKb; source_kind=primary_article; legacy potency_nM treated as generic endpoint value (not potency)
ACT_16489980,CM00694,PARENT0282,SRC0105,ASSY_CHEMBL3772172,PAM_functional_ERK,ERK,pKb,=,5.37,,,,Homo sapiens,EXTENDED,auxiliary,auxiliary,,,cat=PAM_functional_ERK; standard_type=pKb; source_kind=primary_article; legacy potency_nM treated as generic endpoint value (not potency)
ACT_16489997,CM00111,PARENT0268,SRC0105,ASSY_CHEMBL3772174,PAM_functional_ERK,ERK,log(activity),=,2.38,,,,Homo sapiens,EXTENDED,auxiliary,auxiliary,,,cat=PAM_functional_ERK; standard_type=log(activity); source_kind=primary_article; legacy potency_nM treated as generic endpoint value (not potency)
ACT_16489998,CM00535,PARENT0269,SRC0105,ASSY_CHEMBL3772174,PAM_functional_ERK,ERK,log(activity),=,1.79,,,,Homo sapiens,EXTENDED,auxiliary,auxiliary,,,cat=PAM_functional_ERK; standard_type=log(activity); source_kind=primary_article; legacy potency_nM treated as generic endpoint value (not potency)
ACT_16489999,CM00306,PARENT0270,SRC0105,ASSY_CHEMBL3772174,PAM_functional_ERK,ERK,log(activity),=,0.4,,,,Homo sapiens,EXTENDED,auxiliary,auxiliary,,,cat=PAM_functional_ERK; standard_type=log(activity); source_kind=primary_article; legacy potency_nM treated as generic endpoint value (not potency)
ACT_16490000,CM00446,PARENT0271,SRC0105,ASSY_CHEMBL3772174,PAM_functional_ERK,ERK,log(activity),=,0.3,,,,Homo sapiens,EXTENDED,auxiliary,auxiliary,,,cat=PAM_functional_ERK; standard_type=log(activity); source_kind=primary_article; legacy potency_nM treated as generic endpoint value (not potency)
ACT_16490001,CM00286,PARENT0272,SRC0105,ASSY_CHEMBL3772174,PAM_functional_ERK,ERK,log(activity),=,1.91,,,,Homo sapiens,EXTENDED,auxiliary,auxiliary,,,cat=PAM_functional_ERK; standard_type=log(activity); source_kind=primary_article; legacy potency_nM treated as generic endpoint value (not potency)
ACT_16490002,CM00337,PARENT0273,SRC0105,ASSY_CHEMBL3772174,PAM_functional_ERK,ERK,log(activity),=,0.97,,,,Homo sapiens,EXTENDED,auxiliary,auxiliary,,,cat=PAM_functional_ERK; standard_type=log(activity); source_kind=primary_article; legacy potency_nM treated as generic endpoint value (not potency)
ACT_16490003,CM00369,PARENT0274,SRC0105,ASSY_CHEMBL3772174,PAM_functional_ERK,ERK,log(activity),=,1.84,,,,Homo sapiens,EXTENDED,auxiliary,auxiliary,,,cat=PAM_functional_ERK; standard_type=log(activity); source_kind=primary_article; legacy potency_nM treated as generic endpoint value (not potency)
ACT_16490004,CM00628,PARENT0275,SRC0105,ASSY_CHEMBL3772174,PAM_functional_ERK,ERK,log(activity),=,1.19,,,,Homo sapiens,EXTENDED,auxiliary,auxiliary,,,cat=PAM_functional_ERK; standard_type=log(activity); source_kind=primary_article; legacy potency_nM treated as generic endpoint value (not potency)
ACT_16490005,CM00136,PARENT0276,SRC0105,ASSY_CHEMBL3772174,PAM_functional_ERK,ERK,log(activity),=,0.13,,,,Homo sapiens,EXTENDED,auxiliary,auxiliary,,,cat=PAM_functional_ERK; standard_type=log(activity); source_kind=primary_article; legacy potency_nM treated as generic endpoint value (not potency)
ACT_16490009,CM00652,PARENT0280,SRC0105,ASSY_CHEMBL3772174,PAM_functional_ERK,ERK,log(activity),=,1.46,,,,Homo sapiens,EXTENDED,auxiliary,auxiliary,,,cat=PAM_functional_ERK; standard_type=log(activity); source_kind=primary_article; legacy potency_nM treated as generic endpoint value (not potency)
ACT_16490010,CM00713,PARENT0195,SRC0105,ASSY_CHEMBL3772174,PAM_functional_ERK,ERK,log(activity),=,1.89,,,,Homo sapiens,EXTENDED,auxiliary,auxiliary,,,cat=PAM_functional_ERK; standard_type=log(activity); source_kind=primary_article; legacy potency_nM treated as generic endpoint value (not potency)
ACT_16490011,CM00325,PARENT0281,SRC0105,ASSY_CHEMBL3772174,PAM_functional_ERK,ERK,log(activity),=,1.15,,,,Homo sapiens,EXTENDED,auxiliary,auxiliary,,,cat=PAM_functional_ERK; standard_type=log(activity); source_kind=primary_article; legacy potency_nM treated as generic endpoint value (not potency)
ACT_16490012,CM00694,PARENT0282,SRC0105,ASSY_CHEMBL3772174,PAM_functional_ERK,ERK,log(activity),=,1.72,,,,Homo sapiens,EXTENDED,auxiliary,auxiliary,,,cat=PAM_functional_ERK; standard_type=log(activity); source_kind=primary_article; legacy potency_nM treated as generic endpoint value (not potency)
ACT_16490037,CM00111,PARENT0268,SRC0105,ASSY_CHEMBL3772172,PAM_functional_ERK,ERK,Kb,=,400.0,,,,Homo sapiens,EXTENDED,auxiliary,auxiliary,,,cat=PAM_functional_ERK; standard_type=Kb; source_kind=primary_article; legacy potency_nM treated as generic endpoint value (not potency)
ACT_16490038,CM00535,PARENT0269,SRC0105,ASSY_CHEMBL3772172,PAM_functional_ERK,ERK,Kb,=,800.0,,,,Homo sapiens,EXTENDED,auxiliary,auxiliary,,,cat=PAM_functional_ERK; standard_type=Kb; source_kind=primary_article; legacy potency_nM treated as generic endpoint value (not potency)
ACT_16490039,CM00306,PARENT0270,SRC0105,ASSY_CHEMBL3772172,PAM_functional_ERK,ERK,Kb,=,200.0,,,,Homo sapiens,EXTENDED,auxiliary,auxiliary,,,cat=PAM_functional_ERK; standard_type=Kb; source_kind=primary_article; legacy potency_nM treated as generic endpoint value (not potency)
ACT_16490040,CM00446,PARENT0271,SRC0105,ASSY_CHEMBL3772172,PAM_functional_ERK,ERK,Kb,=,40.0,,,,Homo sapiens,EXTENDED,auxiliary,auxiliary,,,cat=PAM_functional_ERK; standard_type=Kb; source_kind=primary_article; legacy potency_nM treated as generic endpoint value (not potency)
ACT_16490041,CM00286,PARENT0272,SRC0105,ASSY_CHEMBL3772172,PAM_functional_ERK,ERK,Kb,=,300.0,,,,Homo sapiens,EXTENDED,auxiliary,auxiliary,,,cat=PAM_functional_ERK; standard_type=Kb; source_kind=primary_article; legacy potency_nM treated as generic endpoint value (not potency)
ACT_16490042,CM00337,PARENT0273,SRC0105,ASSY_CHEMBL3772172,PAM_functional_ERK,ERK,Kb,=,200.0,,,,Homo sapiens,EXTENDED,auxiliary,auxiliary,,,cat=PAM_functional_ERK; standard_type=Kb; source_kind=primary_article; legacy potency_nM treated as generic endpoint value (not potency)
ACT_16490043,CM00369,PARENT0274,SRC0105,ASSY_CHEMBL3772172,PAM_functional_ERK,ERK,Kb,=,200.0,,,,Homo sapiens,EXTENDED,auxiliary,auxiliary,,,cat=PAM_functional_ERK; standard_type=Kb; source_kind=primary_article; legacy potency_nM treated as generic endpoint value (not potency)
ACT_16490044,CM00628,PARENT0275,SRC0105,ASSY_CHEMBL3772172,PAM_functional_ERK,ERK,Kb,=,500.0,,,,Homo sapiens,EXTENDED,auxiliary,auxiliary,,,cat=PAM_functional_ERK; standard_type=Kb; source_kind=primary_article; legacy potency_nM treated as generic endpoint value (not potency)
ACT_16490045,CM00136,PARENT0276,SRC0105,ASSY_CHEMBL3772172,PAM_functional_ERK,ERK,Kb,=,200.0,,,,Homo sapiens,EXTENDED,auxiliary,auxiliary,,,cat=PAM_functional_ERK; standard_type=Kb; source_kind=primary_article; legacy potency_nM treated as generic endpoint value (not potency)
ACT_16490049,CM00652,PARENT0280,SRC0105,ASSY_CHEMBL3772172,PAM_functional_ERK,ERK,Kb,=,2800.0,,,,Homo sapiens,EXTENDED,auxiliary,auxiliary,,,cat=PAM_functional_ERK; standard_type=Kb; source_kind=primary_article; legacy potency_nM treated as generic endpoint value (not potency)
ACT_16490050,CM00713,PARENT0195,SRC0105,ASSY_CHEMBL3772172,PAM_functional_ERK,ERK,Kb,=,400.0,,,,Homo sapiens,EXTENDED,auxiliary,auxiliary,,,cat=PAM_functional_ERK; standard_type=Kb; source_kind=primary_article; legacy potency_nM treated as generic endpoint value (not potency)
ACT_16490051,CM00325,PARENT0281,SRC0105,ASSY_CHEMBL3772172,PAM_functional_ERK,ERK,Kb,=,12500.0,,,,Homo sapiens,EXTENDED,auxiliary,auxiliary,,,cat=PAM_functional_ERK; standard_type=Kb; source_kind=primary_article; legacy potency_nM treated as generic endpoint value (not potency)
ACT_16490052,CM00694,PARENT0282,SRC0105,ASSY_CHEMBL3772172,PAM_functional_ERK,ERK,Kb,=,4300.0,,,,Homo sapiens,EXTENDED,auxiliary,auxiliary,,,cat=PAM_functional_ERK; standard_type=Kb; source_kind=primary_article; legacy potency_nM treated as generic endpoint value (not potency)
ACT_16490069,CM00111,PARENT0268,SRC0105,ASSY_CHEMBL3772174,PAM_functional_ERK,ERK,Activity,=,240.0,,,,Homo sapiens,EXTENDED,auxiliary,auxiliary,,,cat=PAM_functional_ERK; standard_type=Activity; source_kind=primary_article; legacy potency_nM treated as generic endpoint value (not potency)
ACT_16490070,CM00535,PARENT0269,SRC0105,ASSY_CHEMBL3772174,PAM_functional_ERK,ERK,Activity,=,61.7,,,,Homo sapiens,EXTENDED,auxiliary,auxiliary,,,cat=PAM_functional_ERK; standard_type=Activity; source_kind=primary_article; legacy potency_nM treated as generic endpoint value (not potency)
ACT_16490071,CM00306,PARENT0270,SRC0105,ASSY_CHEMBL3772174,PAM_functional_ERK,ERK,Activity,=,2.5,,,,Homo sapiens,EXTENDED,auxiliary,auxiliary,,,cat=PAM_functional_ERK; standard_type=Activity; source_kind=primary_article; legacy potency_nM treated as generic endpoint value (not potency)
ACT_16490072,CM00446,PARENT0271,SRC0105,ASSY_CHEMBL3772174,PAM_functional_ERK,ERK,Activity,=,2.0,,,,Homo sapiens,EXTENDED,auxiliary,auxiliary,,,cat=PAM_functional_ERK; standard_type=Activity; source_kind=primary_article; legacy potency_nM treated as generic endpoint value (not potency)
ACT_16490073,CM00286,PARENT0272,SRC0105,ASSY_CHEMBL3772174,PAM_functional_ERK,ERK,Activity,=,81.3,,,,Homo sapiens,EXTENDED,auxiliary,auxiliary,,,cat=PAM_functional_ERK; standard_type=Activity; source_kind=primary_article; legacy potency_nM treated as generic endpoint value (not potency)
ACT_16490074,CM00337,PARENT0273,SRC0105,ASSY_CHEMBL3772174,PAM_functional_ERK,ERK,Activity,=,9.3,,,,Homo sapiens,EXTENDED,auxiliary,auxiliary,,,cat=PAM_functional_ERK; standard_type=Activity; source_kind=primary_article; legacy potency_nM treated as generic endpoint value (not potency)
ACT_16490075,CM00369,PARENT0274,SRC0105,ASSY_CHEMBL3772174,PAM_functional_ERK,ERK,Activity,=,69.2,,,,Homo sapiens,EXTENDED,auxiliary,auxiliary,,,cat=PAM_functional_ERK; standard_type=Activity; source_kind=primary_article; legacy potency_nM treated as generic endpoint value (not potency)
ACT_16490076,CM00628,PARENT0275,SRC0105,ASSY_CHEMBL3772174,PAM_functional_ERK,ERK,Activity,=,15.5,,,,Homo sapiens,EXTENDED,auxiliary,auxiliary,,,cat=PAM_functional_ERK; standard_type=Activity; source_kind=primary_article; legacy potency_nM treated as generic endpoint value (not potency)
ACT_16490077,CM00136,PARENT0276,SRC0105,ASSY_CHEMBL3772174,PAM_functional_ERK,ERK,Activity,=,1.3,,,,Homo sapiens,EXTENDED,auxiliary,auxiliary,,,cat=PAM_functional_ERK; standard_type=Activity; source_kind=primary_article; legacy potency_nM treated as generic endpoint value (not potency)
ACT_16490081,CM00652,PARENT0280,SRC0105,ASSY_CHEMBL3772174,PAM_functional_ERK,ERK,Activity,=,28.8,,,,Homo sapiens,EXTENDED,auxiliary,auxiliary,,,cat=PAM_functional_ERK; standard_type=Activity; source_kind=primary_article; legacy potency_nM treated as generic endpoint value (not potency)
ACT_16490082,CM00713,PARENT0195,SRC0105,ASSY_CHEMBL3772174,PAM_functional_ERK,ERK,Activity,=,77.6,,,,Homo sapiens,EXTENDED,auxiliary,auxiliary,,,cat=PAM_functional_ERK; standard_type=Activity; source_kind=primary_article; legacy potency_nM treated as generic endpoint value (not potency)
ACT_16490083,CM00325,PARENT0281,SRC0105,ASSY_CHEMBL3772174,PAM_functional_ERK,ERK,Activity,=,14.1,,,,Homo sapiens,EXTENDED,auxiliary,auxiliary,,,cat=PAM_functional_ERK; standard_type=Activity; source_kind=primary_article; legacy potency_nM treated as generic endpoint value (not potency)
ACT_16490084,CM00694,PARENT0282,SRC0105,ASSY_CHEMBL3772174,PAM_functional_ERK,ERK,Activity,=,52.5,,,,Homo sapiens,EXTENDED,auxiliary,auxiliary,,,cat=PAM_functional_ERK; standard_type=Activity; source_kind=primary_article; legacy potency_nM treated as generic endpoint value (not potency)
ACT_16608355,CM00361,PARENT0303,PMID_27185330,ASSY_CHEMBL3810553,PAM_functional_calcium,calcium,%max,=,25.0,,25.0,,Homo sapiens,EXTENDED,auxiliary,auxiliary,,,cat=PAM_functional_calcium; standard_type=%max; source_kind=primary_article; legacy potency_nM treated as generic endpoint value (not potency)
ACT_16608356,CM00096,PARENT0283,PMID_27185330,ASSY_CHEMBL3810553,PAM_functional_calcium,calcium,%max,=,67.0,,67.0,,Homo sapiens,EXTENDED,auxiliary,auxiliary,,,cat=PAM_functional_calcium; standard_type=%max; source_kind=primary_article; legacy potency_nM treated as generic endpoint value (not potency)
ACT_16608357,CM00691,PARENT0284,PMID_27185330,ASSY_CHEMBL3810553,PAM_functional_calcium,calcium,%max,=,56.0,,56.0,,Homo sapiens,EXTENDED,auxiliary,auxiliary,,,cat=PAM_functional_calcium; standard_type=%max; source_kind=primary_article; legacy potency_nM treated as generic endpoint value (not potency)
ACT_16608358,CM00425,PARENT0285,PMID_27185330,ASSY_CHEMBL3810553,PAM_functional_calcium,calcium,%max,=,70.0,,70.0,,Homo sapiens,EXTENDED,auxiliary,auxiliary,,,cat=PAM_functional_calcium; standard_type=%max; source_kind=primary_article; legacy potency_nM treated as generic endpoint value (not potency)
ACT_16608359,CM00018,PARENT0286,PMID_27185330,ASSY_CHEMBL3810553,PAM_functional_calcium,calcium,%max,=,62.0,,62.0,,Homo sapiens,EXTENDED,auxiliary,auxiliary,,,cat=PAM_functional_calcium; standard_type=%max; source_kind=primary_article; legacy potency_nM treated as generic endpoint value (not potency)
ACT_16608360,CM00566,PARENT0287,PMID_27185330,ASSY_CHEMBL3810553,PAM_functional_calcium,calcium,%max,=,40.0,,40.0,,Homo sapiens,EXTENDED,auxiliary,auxiliary,,,cat=PAM_functional_calcium; standard_type=%max; source_kind=primary_article; legacy potency_nM treated as generic endpoint value (not potency)
ACT_16608361,CM00315,PARENT0288,PMID_27185330,ASSY_CHEMBL3810553,PAM_functional_calcium,calcium,%max,=,55.0,,55.0,,Homo sapiens,EXTENDED,auxiliary,auxiliary,,,cat=PAM_functional_calcium; standard_type=%max; source_kind=primary_article; legacy potency_nM treated as generic endpoint value (not potency)
ACT_16608362,CM00048,PARENT0289,PMID_27185330,ASSY_CHEMBL3810553,PAM_functional_calcium,calcium,%max,=,69.0,,69.0,,Homo sapiens,EXTENDED,auxiliary,auxiliary,,,cat=PAM_functional_calcium; standard_type=%max; source_kind=primary_article; legacy potency_nM treated as generic endpoint value (not potency)
ACT_16608363,CM00201,PARENT0290,PMID_27185330,ASSY_CHEMBL3810553,PAM_functional_calcium,calcium,%max,=,68.0,,68.0,,Homo sapiens,EXTENDED,auxiliary,auxiliary,,,cat=PAM_functional_calcium; standard_type=%max; source_kind=primary_article; legacy potency_nM treated as generic endpoint value (not potency)
ACT_16608364,CM00625,PARENT0291,PMID_27185330,ASSY_CHEMBL3810553,PAM_functional_calcium,calcium,%max,=,79.0,,79.0,,Homo sapiens,EXTENDED,auxiliary,auxiliary,,,cat=PAM_functional_calcium; standard_type=%max; source_kind=primary_article; legacy potency_nM treated as generic endpoint value (not potency)
ACT_16608365,CM00142,PARENT0292,PMID_27185330,ASSY_CHEMBL3810553,PAM_functional_calcium,calcium,%max,=,60.0,,60.0,,Homo sapiens,EXTENDED,auxiliary,auxiliary,,,cat=PAM_functional_calcium; standard_type=%max; source_kind=primary_article; legacy potency_nM treated as generic endpoint value (not potency)
ACT_16608366,CM00522,PARENT0293,PMID_27185330,ASSY_CHEMBL3810553,PAM_functional_calcium,calcium,%max,=,65.0,,65.0,,Homo sapiens,EXTENDED,auxiliary,auxiliary,,,cat=PAM_functional_calcium; standard_type=%max; source_kind=primary_article; legacy potency_nM treated as generic endpoint value (not potency)
ACT_16608367,CM00459,PARENT0294,PMID_27185330,ASSY_CHEMBL3810553,PAM_functional_calcium,calcium,%max,=,75.0,,75.0,,Homo sapiens,EXTENDED,auxiliary,auxiliary,,,cat=PAM_functional_calcium; standard_type=%max; source_kind=primary_article; legacy potency_nM treated as generic endpoint value (not potency)
ACT_16608368,CM00437,PARENT0295,PMID_27185330,ASSY_CHEMBL3810553,PAM_functional_calcium,calcium,%max,=,69.0,,69.0,,Homo sapiens,EXTENDED,auxiliary,auxiliary,,,cat=PAM_functional_calcium; standard_type=%max; source_kind=primary_article; legacy potency_nM treated as generic endpoint value (not potency)
ACT_16608369,CM00488,PARENT0296,PMID_27185330,ASSY_CHEMBL3810553,PAM_functional_calcium,calcium,%max,=,60.0,,60.0,,Homo sapiens,EXTENDED,auxiliary,auxiliary,,,cat=PAM_functional_calcium; standard_type=%max; source_kind=primary_article; legacy potency_nM treated as generic endpoint value (not potency)
ACT_16608370,CM00330,PARENT0297,PMID_27185330,ASSY_CHEMBL3810553,PAM_functional_calcium,calcium,%max,=,65.0,,65.0,,Homo sapiens,EXTENDED,auxiliary,auxiliary,,,cat=PAM_functional_calcium; standard_type=%max; source_kind=primary_article; legacy potency_nM treated as generic endpoint value (not potency)
ACT_16608371,CM00682,PARENT0298,PMID_27185330,ASSY_CHEMBL3810553,PAM_functional_calcium,calcium,%max,=,68.0,,68.0,,Homo sapiens,EXTENDED,auxiliary,auxiliary,,,cat=PAM_functional_calcium; standard_type=%max; source_kind=primary_article; legacy potency_nM treated as generic endpoint value (not potency)
ACT_16608372,CM00302,PARENT0299,PMID_27185330,ASSY_CHEMBL3810553,PAM_functional_calcium,calcium,%max,=,64.0,,64.0,,Homo sapiens,EXTENDED,auxiliary,auxiliary,,,cat=PAM_functional_calcium; standard_type=%max; source_kind=primary_article; legacy potency_nM treated as generic endpoint value (not potency)
ACT_16608373,CM00591,PARENT0300,PMID_27185330,ASSY_CHEMBL3810553,PAM_functional_calcium,calcium,%max,=,74.0,,74.0,,Homo sapiens,EXTENDED,auxiliary,auxiliary,,,cat=PAM_functional_calcium; standard_type=%max; source_kind=primary_article; legacy potency_nM treated as generic endpoint value (not potency)
ACT_16608374,CM00190,PARENT0301,PMID_27185330,ASSY_CHEMBL3810553,PAM_functional_calcium,calcium,%max,=,49.0,,49.0,,Homo sapiens,EXTENDED,auxiliary,auxiliary,,,cat=PAM_functional_calcium; standard_type=%max; source_kind=primary_article; legacy potency_nM treated as generic endpoint value (not potency)
ACT_16608375,CM00637,PARENT0302,PMID_27185330,ASSY_CHEMBL3810553,PAM_functional_calcium,calcium,%max,=,62.0,,62.0,,Homo sapiens,EXTENDED,auxiliary,auxiliary,,,cat=PAM_functional_calcium; standard_type=%max; source_kind=primary_article; legacy potency_nM treated as generic endpoint value (not potency)
ACT_16608376,CM00273,PARENT0304,PMID_27185330,ASSY_CHEMBL3810553,PAM_functional_calcium,calcium,%max,=,64.0,,64.0,,Homo sapiens,EXTENDED,auxiliary,auxiliary,,,cat=PAM_functional_calcium; standard_type=%max; source_kind=primary_article; legacy potency_nM treated as generic endpoint value (not potency)
ACT_16608377,CM00643,PARENT0305,PMID_27185330,ASSY_CHEMBL3810553,PAM_functional_calcium,calcium,%max,=,58.0,,58.0,,Homo sapiens,EXTENDED,auxiliary,auxiliary,,,cat=PAM_functional_calcium; standard_type=%max; source_kind=primary_article; legacy potency_nM treated as generic endpoint value (not potency)
ACT_16608378,CM00071,PARENT0306,PMID_27185330,ASSY_CHEMBL3810553,PAM_functional_calcium,calcium,%max,=,76.0,,76.0,,Homo sapiens,EXTENDED,auxiliary,auxiliary,,,cat=PAM_functional_calcium; standard_type=%max; source_kind=primary_article; legacy potency_nM treated as generic endpoint value (not potency)
ACT_16608409,CM00361,PARENT0303,PMID_27185330,ASSY_CHEMBL3810554,PAM_functional_calcium,calcium,EC50,<,10000.0,10000.0,,,Homo sapiens,CORE,censored_weak_pam,censored_weak_pam,threshold_negative,,cat=PAM_functional_calcium; standard_type=EC50; source_kind=primary_article; censored endpoint bound; relation preserved; assay-context negative result; same parent has PAM evidence in other assay contexts - not a parent-level inactivity declaration
ACT_16827926,CM00077,PARENT0307,PMID_27939174,ASSY_CHEMBL3874688,PAM_functional_unspecified,unspecified,Emax,=,83.0,,83.0,,Homo sapiens,EXTENDED,efficacy_only,efficacy_only,,,cat=PAM_functional_unspecified; standard_type=Emax; source_kind=primary_article; legacy potency_nM treated as generic endpoint value (not potency)
ACT_16827927,CM00414,PARENT0232,PMID_27939174,ASSY_CHEMBL3874688,PAM_functional_unspecified,unspecified,Emax,=,80.0,,80.0,,Homo sapiens,EXTENDED,efficacy_only,efficacy_only,,,cat=PAM_functional_unspecified; standard_type=Emax; source_kind=primary_article; legacy potency_nM treated as generic endpoint value (not potency)
ACT_16827968,CM00589,PARENT0308,PMID_27939174,ASSY_CHEMBL3874696,PAM_functional_calcium,calcium,Emax,=,71.9,,71.9,,Homo sapiens,EXTENDED,efficacy_only,efficacy_only,,,cat=PAM_functional_calcium; standard_type=Emax; source_kind=primary_article; legacy potency_nM treated as generic endpoint value (not potency)
ACT_16827969,CM00038,PARENT0309,PMID_27939174,ASSY_CHEMBL3874696,PAM_functional_calcium,calcium,Emax,=,73.8,,73.8,,Homo sapiens,EXTENDED,efficacy_only,efficacy_only,,,cat=PAM_functional_calcium; standard_type=Emax; source_kind=primary_article; legacy potency_nM treated as generic endpoint value (not potency)
ACT_16827970,CM00736,PARENT0310,PMID_27939174,ASSY_CHEMBL3874696,PAM_functional_calcium,calcium,Emax,=,62.5,,62.5,,Homo sapiens,EXTENDED,efficacy_only,efficacy_only,,,cat=PAM_functional_calcium; standard_type=Emax; source_kind=primary_article; legacy potency_nM treated as generic endpoint value (not potency)
ACT_16827971,CM00360,PARENT0311,PMID_27939174,ASSY_CHEMBL3874696,PAM_functional_calcium,calcium,Emax,=,72.8,,72.8,,Homo sapiens,EXTENDED,efficacy_only,efficacy_only,,,cat=PAM_functional_calcium; standard_type=Emax; source_kind=primary_article; legacy potency_nM treated as generic endpoint value (not potency)
ACT_16827972,CM00666,PARENT0312,PMID_27939174,ASSY_CHEMBL3874696,PAM_functional_calcium,calcium,Emax,=,56.4,,56.4,,Homo sapiens,EXTENDED,efficacy_only,efficacy_only,,,cat=PAM_functional_calcium; standard_type=Emax; source_kind=primary_article; legacy potency_nM treated as generic endpoint value (not potency)
ACT_16827973,CM00542,PARENT0313,PMID_27939174,ASSY_CHEMBL3874696,PAM_functional_calcium,calcium,Emax,=,66.1,,66.1,,Homo sapiens,EXTENDED,efficacy_only,efficacy_only,,,cat=PAM_functional_calcium; standard_type=Emax; source_kind=primary_article; legacy potency_nM treated as generic endpoint value (not potency)
ACT_18137882,CM00469,PARENT0315,PMID_28442253,ASSY_CHEMBL4030176,PAM_functional_calcium,calcium,EC50,<,10000.0,10000.0,,,Homo sapiens,CORE,censored_weak_pam,censored_weak_pam,threshold_negative,,cat=PAM_functional_calcium; standard_type=EC50; source_kind=primary_article; censored endpoint bound; relation preserved; assay-context negative result; same parent has PAM evidence in other assay contexts - not a parent-level inactivity declaration
ACT_18137888,CM00188,PARENT0318,PMID_28442253,ASSY_CHEMBL4030176,PAM_functional_calcium,calcium,EC50,<,10000.0,10000.0,,,Homo sapiens,CORE,censored_weak_pam,censored_weak_pam,threshold_negative,,cat=PAM_functional_calcium; standard_type=EC50; source_kind=primary_article; censored endpoint bound; relation preserved; assay-context negative result; same parent has PAM evidence in other assay contexts - not a parent-level inactivity declaration
ACT_18137896,CM00848,PARENT0322,PMID_28442253,ASSY_CHEMBL4030176,PAM_functional_calcium,calcium,EC50,=,63.1,63.1,,,Homo sapiens,CORE,divergent_duplicate_rejected_representation,divergent_duplicate_rejected_representation: MG00461 pEC50 7.20 / 63.1 nM representation rejected; preferred ACT_18137897 = 103.0 nM,,,cat=PAM_functional_calcium; standard_type=EC50; source_kind=primary_article; legacy pEC50=7.2 (generic negative-log potency)
ACT_18137902,CM00117,PARENT0325,PMID_28442253,ASSY_CHEMBL4030176,PAM_functional_calcium,calcium,EC50,=,100.0,100.0,,,Homo sapiens,CORE,divergent_duplicate_excluded_exact,divergent_duplicate_excluded_exact: unresolved EC50/pEC50 conflict; PAM direction retained; exact value excluded from regression,binary_positive;threshold_positive,,cat=PAM_functional_calcium; standard_type=EC50; source_kind=primary_article; legacy pEC50=7 (generic negative-log potency)
ACT_18137903,CM00117,PARENT0325,PMID_28442253,ASSY_CHEMBL4030176,PAM_functional_calcium,calcium,EC50,=,159.0,159.0,,,Homo sapiens,CORE,divergent_duplicate_excluded_exact,divergent_duplicate_excluded_exact: unresolved EC50/pEC50 conflict; PAM direction retained; exact value excluded from regression,binary_positive;threshold_positive,,cat=PAM_functional_calcium; standard_type=EC50; source_kind=primary_article; legacy pEC50=6.8 (generic negative-log potency)
ACT_18137920,CM00469,PARENT0315,PMID_28442253,ASSY_CHEMBL4030177,PAM_functional_calcium,calcium,%max,=,31.0,,31.0,,Homo sapiens,EXTENDED,auxiliary,auxiliary,,,cat=PAM_functional_calcium; standard_type=%max; source_kind=primary_article; legacy potency_nM treated as generic endpoint value (not potency)
ACT_18137921,CM00541,PARENT0316,PMID_28442253,ASSY_CHEMBL4030177,PAM_functional_calcium,calcium,%max,=,84.0,,84.0,,Homo sapiens,EXTENDED,auxiliary,auxiliary,,,cat=PAM_functional_calcium; standard_type=%max; source_kind=primary_article; legacy potency_nM treated as generic endpoint value (not potency)
ACT_18137922,CM00791,PARENT0317,PMID_28442253,ASSY_CHEMBL4030177,PAM_functional_calcium,calcium,%max,=,82.0,,82.0,,Homo sapiens,EXTENDED,auxiliary,auxiliary,,,cat=PAM_functional_calcium; standard_type=%max; source_kind=primary_article; legacy potency_nM treated as generic endpoint value (not potency)
ACT_18137923,CM00188,PARENT0318,PMID_28442253,ASSY_CHEMBL4030177,PAM_functional_calcium,calcium,%max,=,30.0,,30.0,,Homo sapiens,EXTENDED,auxiliary,auxiliary,,,cat=PAM_functional_calcium; standard_type=%max; source_kind=primary_article; legacy potency_nM treated as generic endpoint value (not potency)
ACT_18137924,CM00456,PARENT0319,PMID_28442253,ASSY_CHEMBL4030177,PAM_functional_calcium,calcium,%max,=,41.0,,41.0,,Homo sapiens,EXTENDED,auxiliary,auxiliary,,,cat=PAM_functional_calcium; standard_type=%max; source_kind=primary_article; legacy potency_nM treated as generic endpoint value (not potency)
ACT_18137925,CM00250,PARENT0320,PMID_28442253,ASSY_CHEMBL4030177,PAM_functional_calcium,calcium,%max,=,49.0,,49.0,,Homo sapiens,EXTENDED,auxiliary,auxiliary,,,cat=PAM_functional_calcium; standard_type=%max; source_kind=primary_article; legacy potency_nM treated as generic endpoint value (not potency)
ACT_18137926,CM00242,PARENT0321,PMID_28442253,ASSY_CHEMBL4030177,PAM_functional_calcium,calcium,%max,=,75.0,,75.0,,Homo sapiens,EXTENDED,auxiliary,auxiliary,,,cat=PAM_functional_calcium; standard_type=%max; source_kind=primary_article; legacy potency_nM treated as generic endpoint value (not potency)
ACT_18137927,CM00848,PARENT0322,PMID_28442253,ASSY_CHEMBL4030177,PAM_functional_calcium,calcium,%max,=,63.0,,63.0,,Homo sapiens,EXTENDED,auxiliary,auxiliary,,,cat=PAM_functional_calcium; standard_type=%max; source_kind=primary_article; legacy potency_nM treated as generic endpoint value (not potency)
ACT_18137928,CM00467,PARENT0323,PMID_28442253,ASSY_CHEMBL4030177,PAM_functional_calcium,calcium,%max,=,83.0,,83.0,,Homo sapiens,EXTENDED,auxiliary,auxiliary,,,cat=PAM_functional_calcium; standard_type=%max; source_kind=primary_article; legacy potency_nM treated as generic endpoint value (not potency)
ACT_18137929,CM00391,PARENT0324,PMID_28442253,ASSY_CHEMBL4030177,PAM_functional_calcium,calcium,%max,=,96.0,,96.0,,Homo sapiens,EXTENDED,auxiliary,auxiliary,,,cat=PAM_functional_calcium; standard_type=%max; source_kind=primary_article; legacy potency_nM treated as generic endpoint value (not potency)
ACT_18137930,CM00117,PARENT0325,PMID_28442253,ASSY_CHEMBL4030177,PAM_functional_calcium,calcium,%max,=,63.0,,63.0,,Homo sapiens,EXTENDED,auxiliary,auxiliary,,,cat=PAM_functional_calcium; standard_type=%max; source_kind=primary_article; legacy potency_nM treated as generic endpoint value (not potency)
ACT_18137931,CM00165,PARENT0326,PMID_28442253,ASSY_CHEMBL4030177,PAM_functional_calcium,calcium,%max,=,91.0,,91.0,,Homo sapiens,EXTENDED,auxiliary,auxiliary,,,cat=PAM_functional_calcium; standard_type=%max; source_kind=primary_article; legacy potency_nM treated as generic endpoint value (not potency)
ACT_18137932,CM00671,PARENT0327,PMID_28442253,ASSY_CHEMBL4030177,PAM_functional_calcium,calcium,%max,=,65.0,,65.0,,Homo sapiens,EXTENDED,auxiliary,auxiliary,,,cat=PAM_functional_calcium; standard_type=%max; source_kind=primary_article; legacy potency_nM treated as generic endpoint value (not potency)
ACT_18137933,CM00415,PARENT0328,PMID_28442253,ASSY_CHEMBL4030177,PAM_functional_calcium,calcium,%max,=,92.0,,92.0,,Homo sapiens,EXTENDED,auxiliary,auxiliary,,,cat=PAM_functional_calcium; standard_type=%max; source_kind=primary_article; legacy potency_nM treated as generic endpoint value (not potency)
ACT_18137934,CM00689,PARENT0329,PMID_28442253,ASSY_CHEMBL4030177,PAM_functional_calcium,calcium,%max,=,86.0,,86.0,,Homo sapiens,EXTENDED,auxiliary,auxiliary,,,cat=PAM_functional_calcium; standard_type=%max; source_kind=primary_article; legacy potency_nM treated as generic endpoint value (not potency)
ACT_18137935,CM00227,PARENT0330,PMID_28442253,ASSY_CHEMBL4030177,PAM_functional_calcium,calcium,%max,=,79.0,,79.0,,Homo sapiens,EXTENDED,auxiliary,auxiliary,,,cat=PAM_functional_calcium; standard_type=%max; source_kind=primary_article; legacy potency_nM treated as generic endpoint value (not potency)
ACT_18137936,CM00454,PARENT0331,PMID_28442253,ASSY_CHEMBL4030177,PAM_functional_calcium,calcium,%max,=,78.0,,78.0,,Homo sapiens,EXTENDED,auxiliary,auxiliary,,,cat=PAM_functional_calcium; standard_type=%max; source_kind=primary_article; legacy potency_nM treated as generic endpoint value (not potency)
ACT_18137937,CM00154,PARENT0332,PMID_28442253,ASSY_CHEMBL4030177,PAM_functional_calcium,calcium,%max,=,68.0,,68.0,,Homo sapiens,EXTENDED,auxiliary,auxiliary,,,cat=PAM_functional_calcium; standard_type=%max; source_kind=primary_article; legacy potency_nM treated as generic endpoint value (not potency)
ACT_18137938,CM00055,PARENT0333,PMID_28442253,ASSY_CHEMBL4030177,PAM_functional_calcium,calcium,%max,=,74.0,,74.0,,Homo sapiens,EXTENDED,auxiliary,auxiliary,,,cat=PAM_functional_calcium; standard_type=%max; source_kind=primary_article; legacy potency_nM treated as generic endpoint value (not potency)
ACT_18160857,CM00471,PARENT0351,PMID_28522253,ASSY_CHEMBL4035868,PAM_functional_calcium,calcium,EC50,=,29.0,29.0,,,Homo sapiens,CORE,divergent_duplicate_excluded_exact,divergent_duplicate_excluded_exact: unresolved EC50/pEC50 conflict; PAM direction retained; exact value excluded from regression,binary_positive;threshold_positive,,cat=PAM_functional_calcium; standard_type=EC50; source_kind=primary_article; legacy pEC50=7.54 (generic negative-log potency)
ACT_18160858,CM00471,PARENT0351,PMID_28522253,ASSY_CHEMBL4035868,PAM_functional_calcium,calcium,EC50,=,18.2,18.2,,,Homo sapiens,CORE,divergent_duplicate_excluded_exact,divergent_duplicate_excluded_exact: unresolved EC50/pEC50 conflict; PAM direction retained; exact value excluded from regression,binary_positive;threshold_positive,,cat=PAM_functional_calcium; standard_type=EC50; source_kind=primary_article; legacy pEC50=7.74 (generic negative-log potency)
ACT_18160930,CM00376,PARENT0368,PMID_28522253,ASSY_CHEMBL4035869,PAM_functional_calcium,calcium,%max,=,88.0,,88.0,,Homo sapiens,EXTENDED,auxiliary,auxiliary,,,cat=PAM_functional_calcium; standard_type=%max; source_kind=primary_article; legacy potency_nM treated as generic endpoint value (not potency)
ACT_18160931,CM00656,PARENT0334,PMID_28522253,ASSY_CHEMBL4035869,PAM_functional_calcium,calcium,%max,=,84.0,,84.0,,Homo sapiens,EXTENDED,auxiliary,auxiliary,,,cat=PAM_functional_calcium; standard_type=%max; source_kind=primary_article; legacy potency_nM treated as generic endpoint value (not potency)
ACT_18160934,CM00152,PARENT0335,PMID_28522253,ASSY_CHEMBL4035869,PAM_functional_calcium,calcium,%max,=,94.0,,94.0,,Homo sapiens,EXTENDED,auxiliary,auxiliary,,,cat=PAM_functional_calcium; standard_type=%max; source_kind=primary_article; legacy potency_nM treated as generic endpoint value (not potency)
ACT_18160935,CM00451,PARENT0336,PMID_28522253,ASSY_CHEMBL4035869,PAM_functional_calcium,calcium,%max,=,75.0,,75.0,,Homo sapiens,EXTENDED,auxiliary,auxiliary,,,cat=PAM_functional_calcium; standard_type=%max; source_kind=primary_article; legacy potency_nM treated as generic endpoint value (not potency)
ACT_18160936,CM00064,PARENT0337,PMID_28522253,ASSY_CHEMBL4035869,PAM_functional_calcium,calcium,%max,=,86.0,,86.0,,Homo sapiens,EXTENDED,auxiliary,auxiliary,,,cat=PAM_functional_calcium; standard_type=%max; source_kind=primary_article; legacy potency_nM treated as generic endpoint value (not potency)
ACT_18160937,CM00138,PARENT0338,PMID_28522253,ASSY_CHEMBL4035869,PAM_functional_calcium,calcium,%max,=,81.0,,81.0,,Homo sapiens,EXTENDED,auxiliary,auxiliary,,,cat=PAM_functional_calcium; standard_type=%max; source_kind=primary_article; legacy potency_nM treated as generic endpoint value (not potency)
ACT_18160938,CM00835,PARENT0339,PMID_28522253,ASSY_CHEMBL4035869,PAM_functional_calcium,calcium,%max,=,77.0,,77.0,,Homo sapiens,EXTENDED,auxiliary,auxiliary,,,cat=PAM_functional_calcium; standard_type=%max; source_kind=primary_article; legacy potency_nM treated as generic endpoint value (not potency)
ACT_18160939,CM00601,PARENT0340,PMID_28522253,ASSY_CHEMBL4035869,PAM_functional_calcium,calcium,%max,=,77.0,,77.0,,Homo sapiens,EXTENDED,auxiliary,auxiliary,,,cat=PAM_functional_calcium; standard_type=%max; source_kind=primary_article; legacy potency_nM treated as generic endpoint value (not potency)
ACT_18160940,CM00374,PARENT0341,PMID_28522253,ASSY_CHEMBL4035869,PAM_functional_calcium,calcium,%max,=,82.0,,82.0,,Homo sapiens,EXTENDED,auxiliary,auxiliary,,,cat=PAM_functional_calcium; standard_type=%max; source_kind=primary_article; legacy potency_nM treated as generic endpoint value (not potency)
ACT_18160941,CM00590,PARENT0342,PMID_28522253,ASSY_CHEMBL4035869,PAM_functional_calcium,calcium,%max,=,85.0,,85.0,,Homo sapiens,EXTENDED,auxiliary,auxiliary,,,cat=PAM_functional_calcium; standard_type=%max; source_kind=primary_article; legacy potency_nM treated as generic endpoint value (not potency)
ACT_18160942,CM00353,PARENT0343,PMID_28522253,ASSY_CHEMBL4035869,PAM_functional_calcium,calcium,%max,=,84.0,,84.0,,Homo sapiens,EXTENDED,auxiliary,auxiliary,,,cat=PAM_functional_calcium; standard_type=%max; source_kind=primary_article; legacy potency_nM treated as generic endpoint value (not potency)
ACT_18160943,CM00681,PARENT0344,PMID_28522253,ASSY_CHEMBL4035869,PAM_functional_calcium,calcium,%max,=,86.0,,86.0,,Homo sapiens,EXTENDED,auxiliary,auxiliary,,,cat=PAM_functional_calcium; standard_type=%max; source_kind=primary_article; legacy potency_nM treated as generic endpoint value (not potency)
ACT_18160944,CM00696,PARENT0345,PMID_28522253,ASSY_CHEMBL4035869,PAM_functional_calcium,calcium,%max,=,86.0,,86.0,,Homo sapiens,EXTENDED,auxiliary,auxiliary,,,cat=PAM_functional_calcium; standard_type=%max; source_kind=primary_article; legacy potency_nM treated as generic endpoint value (not potency)
ACT_18160945,CM00012,PARENT0346,PMID_28522253,ASSY_CHEMBL4035869,PAM_functional_calcium,calcium,%max,=,87.0,,87.0,,Homo sapiens,EXTENDED,auxiliary,auxiliary,,,cat=PAM_functional_calcium; standard_type=%max; source_kind=primary_article; legacy potency_nM treated as generic endpoint value (not potency)
ACT_18160946,CM00478,PARENT0347,PMID_28522253,ASSY_CHEMBL4035869,PAM_functional_calcium,calcium,%max,=,90.0,,90.0,,Homo sapiens,EXTENDED,auxiliary,auxiliary,,,cat=PAM_functional_calcium; standard_type=%max; source_kind=primary_article; legacy potency_nM treated as generic endpoint value (not potency)
ACT_18160947,CM00651,PARENT0348,PMID_28522253,ASSY_CHEMBL4035869,PAM_functional_calcium,calcium,%max,=,88.0,,88.0,,Homo sapiens,EXTENDED,auxiliary,auxiliary,,,cat=PAM_functional_calcium; standard_type=%max; source_kind=primary_article; legacy potency_nM treated as generic endpoint value (not potency)
ACT_18160948,CM00054,PARENT0350,PMID_28522253,ASSY_CHEMBL4035869,PAM_functional_calcium,calcium,%max,=,75.0,,75.0,,Homo sapiens,EXTENDED,auxiliary,auxiliary,,,cat=PAM_functional_calcium; standard_type=%max; source_kind=primary_article; legacy potency_nM treated as generic endpoint value (not potency)
ACT_18160949,CM00471,PARENT0351,PMID_28522253,ASSY_CHEMBL4035869,PAM_functional_calcium,calcium,%max,=,82.0,,82.0,,Homo sapiens,EXTENDED,auxiliary,auxiliary,,,cat=PAM_functional_calcium; standard_type=%max; source_kind=primary_article; legacy potency_nM treated as generic endpoint value (not potency)
ACT_18160950,CM00342,PARENT0352,PMID_28522253,ASSY_CHEMBL4035869,PAM_functional_calcium,calcium,%max,=,83.0,,83.0,,Homo sapiens,EXTENDED,auxiliary,auxiliary,,,cat=PAM_functional_calcium; standard_type=%max; source_kind=primary_article; legacy potency_nM treated as generic endpoint value (not potency)
ACT_18160951,CM00463,PARENT0353,PMID_28522253,ASSY_CHEMBL4035869,PAM_functional_calcium,calcium,%max,=,89.0,,89.0,,Homo sapiens,EXTENDED,auxiliary,auxiliary,,,cat=PAM_functional_calcium; standard_type=%max; source_kind=primary_article; legacy potency_nM treated as generic endpoint value (not potency)
ACT_18160952,CM00402,PARENT0354,PMID_28522253,ASSY_CHEMBL4035869,PAM_functional_calcium,calcium,%max,=,80.0,,80.0,,Homo sapiens,EXTENDED,auxiliary,auxiliary,,,cat=PAM_functional_calcium; standard_type=%max; source_kind=primary_article; legacy potency_nM treated as generic endpoint value (not potency)
ACT_18160953,CM00097,PARENT0355,PMID_28522253,ASSY_CHEMBL4035869,PAM_functional_calcium,calcium,%max,=,96.0,,96.0,,Homo sapiens,EXTENDED,auxiliary,auxiliary,,,cat=PAM_functional_calcium; standard_type=%max; source_kind=primary_article; legacy potency_nM treated as generic endpoint value (not potency)
ACT_18160954,CM00214,PARENT0356,PMID_28522253,ASSY_CHEMBL4035869,PAM_functional_calcium,calcium,%max,=,81.0,,81.0,,Homo sapiens,EXTENDED,auxiliary,auxiliary,,,cat=PAM_functional_calcium; standard_type=%max; source_kind=primary_article; legacy potency_nM treated as generic endpoint value (not potency)
ACT_18160955,CM00076,PARENT0357,PMID_28522253,ASSY_CHEMBL4035869,PAM_functional_calcium,calcium,%max,=,81.0,,81.0,,Homo sapiens,EXTENDED,auxiliary,auxiliary,,,cat=PAM_functional_calcium; standard_type=%max; source_kind=primary_article; legacy potency_nM treated as generic endpoint value (not potency)
ACT_18160956,CM00168,PARENT0358,PMID_28522253,ASSY_CHEMBL4035869,PAM_functional_calcium,calcium,%max,=,89.0,,89.0,,Homo sapiens,EXTENDED,auxiliary,auxiliary,,,cat=PAM_functional_calcium; standard_type=%max; source_kind=primary_article; legacy potency_nM treated as generic endpoint value (not potency)
ACT_18160957,CM00039,PARENT0359,PMID_28522253,ASSY_CHEMBL4035869,PAM_functional_calcium,calcium,%max,=,87.0,,87.0,,Homo sapiens,EXTENDED,auxiliary,auxiliary,,,cat=PAM_functional_calcium; standard_type=%max; source_kind=primary_article; legacy potency_nM treated as generic endpoint value (not potency)
ACT_18160958,CM00090,PARENT0360,PMID_28522253,ASSY_CHEMBL4035869,PAM_functional_calcium,calcium,%max,=,85.0,,85.0,,Homo sapiens,EXTENDED,auxiliary,auxiliary,,,cat=PAM_functional_calcium; standard_type=%max; source_kind=primary_article; legacy potency_nM treated as generic endpoint value (not potency)
ACT_18160959,CM00162,PARENT0361,PMID_28522253,ASSY_CHEMBL4035869,PAM_functional_calcium,calcium,%max,=,91.0,,91.0,,Homo sapiens,EXTENDED,auxiliary,auxiliary,,,cat=PAM_functional_calcium; standard_type=%max; source_kind=primary_article; legacy potency_nM treated as generic endpoint value (not potency)
ACT_18160960,CM00333,PARENT0362,PMID_28522253,ASSY_CHEMBL4035869,PAM_functional_calcium,calcium,%max,=,85.0,,85.0,,Homo sapiens,EXTENDED,auxiliary,auxiliary,,,cat=PAM_functional_calcium; standard_type=%max; source_kind=primary_article; legacy potency_nM treated as generic endpoint value (not potency)
ACT_18160961,CM00223,PARENT0367,PMID_28522253,ASSY_CHEMBL4035869,PAM_functional_calcium,calcium,%max,=,70.0,,70.0,,Homo sapiens,EXTENDED,auxiliary,auxiliary,,,cat=PAM_functional_calcium; standard_type=%max; source_kind=primary_article; legacy potency_nM treated as generic endpoint value (not potency)
ACT_18160962,CM00543,PARENT0363,PMID_28522253,ASSY_CHEMBL4035869,PAM_functional_calcium,calcium,%max,=,89.0,,89.0,,Homo sapiens,EXTENDED,auxiliary,auxiliary,,,cat=PAM_functional_calcium; standard_type=%max; source_kind=primary_article; legacy potency_nM treated as generic endpoint value (not potency)
ACT_18160963,CM00284,PARENT0364,PMID_28522253,ASSY_CHEMBL4035869,PAM_functional_calcium,calcium,%max,=,85.0,,85.0,,Homo sapiens,EXTENDED,auxiliary,auxiliary,,,cat=PAM_functional_calcium; standard_type=%max; source_kind=primary_article; legacy potency_nM treated as generic endpoint value (not potency)
ACT_18160964,CM00248,PARENT0365,PMID_28522253,ASSY_CHEMBL4035869,PAM_functional_calcium,calcium,%max,=,96.0,,96.0,,Homo sapiens,EXTENDED,auxiliary,auxiliary,,,cat=PAM_functional_calcium; standard_type=%max; source_kind=primary_article; legacy potency_nM treated as generic endpoint value (not potency)
ACT_18160965,CM00295,PARENT0366,PMID_28522253,ASSY_CHEMBL4035869,PAM_functional_calcium,calcium,%max,=,81.0,,81.0,,Homo sapiens,EXTENDED,auxiliary,auxiliary,,,cat=PAM_functional_calcium; standard_type=%max; source_kind=primary_article; legacy potency_nM treated as generic endpoint value (not potency)
ACT_18216461,CM00118,PARENT0369,PMID_28866269,ASSY_CHEMBL4046912,PAM_functional_calcium,calcium,Emax,=,82.0,,82.0,,Homo sapiens,EXTENDED,efficacy_only,efficacy_only,,,cat=PAM_functional_calcium; standard_type=Emax; source_kind=primary_article; legacy potency_nM treated as generic endpoint value (not potency)
ACT_18216462,CM00650,PARENT0370,PMID_28866269,ASSY_CHEMBL4046912,PAM_functional_calcium,calcium,Emax,=,93.0,,93.0,,Homo sapiens,EXTENDED,efficacy_only,efficacy_only,,,cat=PAM_functional_calcium; standard_type=Emax; source_kind=primary_article; legacy potency_nM treated as generic endpoint value (not potency)
ACT_18216463,CM00787,PARENT0371,PMID_28866269,ASSY_CHEMBL4046912,PAM_functional_calcium,calcium,Emax,=,92.0,,92.0,,Homo sapiens,EXTENDED,efficacy_only,efficacy_only,,,cat=PAM_functional_calcium; standard_type=Emax; source_kind=primary_article; legacy potency_nM treated as generic endpoint value (not potency)
ACT_18216464,CM00762,PARENT0372,PMID_28866269,ASSY_CHEMBL4046912,PAM_functional_calcium,calcium,Emax,=,67.0,,67.0,,Homo sapiens,EXTENDED,efficacy_only,efficacy_only,,,cat=PAM_functional_calcium; standard_type=Emax; source_kind=primary_article; legacy potency_nM treated as generic endpoint value (not potency)
ACT_18216465,CM00327,PARENT0373,PMID_28866269,ASSY_CHEMBL4046912,PAM_functional_calcium,calcium,Emax,=,72.0,,72.0,,Homo sapiens,EXTENDED,efficacy_only,efficacy_only,,,cat=PAM_functional_calcium; standard_type=Emax; source_kind=primary_article; legacy potency_nM treated as generic endpoint value (not potency)
ACT_18216466,CM00203,PARENT0374,PMID_28866269,ASSY_CHEMBL4046912,PAM_functional_calcium,calcium,Emax,=,62.0,,62.0,,Homo sapiens,EXTENDED,efficacy_only,efficacy_only,,,cat=PAM_functional_calcium; standard_type=Emax; source_kind=primary_article; legacy potency_nM treated as generic endpoint value (not potency)
ACT_18216467,CM00815,PARENT0375,PMID_28866269,ASSY_CHEMBL4046912,PAM_functional_calcium,calcium,Emax,=,53.0,,53.0,,Homo sapiens,EXTENDED,efficacy_only,efficacy_only,,,cat=PAM_functional_calcium; standard_type=Emax; source_kind=primary_article; legacy potency_nM treated as generic endpoint value (not potency)
ACT_18216468,CM00178,PARENT0376,PMID_28866269,ASSY_CHEMBL4046912,PAM_functional_calcium,calcium,Emax,=,79.0,,79.0,,Homo sapiens,EXTENDED,efficacy_only,efficacy_only,,,cat=PAM_functional_calcium; standard_type=Emax; source_kind=primary_article; legacy potency_nM treated as generic endpoint value (not potency)
ACT_18216469,CM00520,PARENT0377,PMID_28866269,ASSY_CHEMBL4046912,PAM_functional_calcium,calcium,Emax,=,49.0,,49.0,,Homo sapiens,EXTENDED,efficacy_only,efficacy_only,,,cat=PAM_functional_calcium; standard_type=Emax; source_kind=primary_article; legacy potency_nM treated as generic endpoint value (not potency)
ACT_18216470,CM00275,PARENT0378,PMID_28866269,ASSY_CHEMBL4046912,PAM_functional_calcium,calcium,Emax,=,80.0,,80.0,,Homo sapiens,EXTENDED,efficacy_only,efficacy_only,,,cat=PAM_functional_calcium; standard_type=Emax; source_kind=primary_article; legacy potency_nM treated as generic endpoint value (not potency)
ACT_18216471,CM00187,PARENT0379,PMID_28866269,ASSY_CHEMBL4046912,PAM_functional_calcium,calcium,Emax,=,83.0,,83.0,,Homo sapiens,EXTENDED,efficacy_only,efficacy_only,,,cat=PAM_functional_calcium; standard_type=Emax; source_kind=primary_article; legacy potency_nM treated as generic endpoint value (not potency)
ACT_18216472,CM00004,PARENT0380,PMID_28866269,ASSY_CHEMBL4046912,PAM_functional_calcium,calcium,Emax,=,80.0,,80.0,,Homo sapiens,EXTENDED,efficacy_only,efficacy_only,,,cat=PAM_functional_calcium; standard_type=Emax; source_kind=primary_article; legacy potency_nM treated as generic endpoint value (not potency)
ACT_18216473,CM00827,PARENT0381,PMID_28866269,ASSY_CHEMBL4046912,PAM_functional_calcium,calcium,Emax,=,81.0,,81.0,,Homo sapiens,EXTENDED,efficacy_only,efficacy_only,,,cat=PAM_functional_calcium; standard_type=Emax; source_kind=primary_article; legacy potency_nM treated as generic endpoint value (not potency)
ACT_18216474,CM00389,PARENT0382,PMID_28866269,ASSY_CHEMBL4046912,PAM_functional_calcium,calcium,Emax,=,76.0,,76.0,,Homo sapiens,EXTENDED,efficacy_only,efficacy_only,,,cat=PAM_functional_calcium; standard_type=Emax; source_kind=primary_article; legacy potency_nM treated as generic endpoint value (not potency)
ACT_18216475,CM00730,PARENT0383,PMID_28866269,ASSY_CHEMBL4046912,PAM_functional_calcium,calcium,Emax,=,81.0,,81.0,,Homo sapiens,EXTENDED,efficacy_only,efficacy_only,,,cat=PAM_functional_calcium; standard_type=Emax; source_kind=primary_article; legacy potency_nM treated as generic endpoint value (not potency)
ACT_18216476,CM00050,PARENT0384,PMID_28866269,ASSY_CHEMBL4046912,PAM_functional_calcium,calcium,Emax,=,78.0,,78.0,,Homo sapiens,EXTENDED,efficacy_only,efficacy_only,,,cat=PAM_functional_calcium; standard_type=Emax; source_kind=primary_article; legacy potency_nM treated as generic endpoint value (not potency)
ACT_18216477,CM00257,PARENT0385,PMID_28866269,ASSY_CHEMBL4046912,PAM_functional_calcium,calcium,Emax,=,88.0,,88.0,,Homo sapiens,EXTENDED,efficacy_only,efficacy_only,,,cat=PAM_functional_calcium; standard_type=Emax; source_kind=primary_article; legacy potency_nM treated as generic endpoint value (not potency)
ACT_18216478,CM00063,PARENT0386,PMID_28866269,ASSY_CHEMBL4046912,PAM_functional_calcium,calcium,Emax,=,68.0,,68.0,,Homo sapiens,EXTENDED,efficacy_only,efficacy_only,,,cat=PAM_functional_calcium; standard_type=Emax; source_kind=primary_article; legacy potency_nM treated as generic endpoint value (not potency)
ACT_18216479,CM00592,PARENT0387,PMID_28866269,ASSY_CHEMBL4046912,PAM_functional_calcium,calcium,Emax,=,44.0,,44.0,,Homo sapiens,EXTENDED,efficacy_only,efficacy_only,,,cat=PAM_functional_calcium; standard_type=Emax; source_kind=primary_article; legacy potency_nM treated as generic endpoint value (not potency)
ACT_18216480,CM00434,PARENT0388,PMID_28866269,ASSY_CHEMBL4046912,PAM_functional_calcium,calcium,Emax,=,59.0,,59.0,,Homo sapiens,EXTENDED,efficacy_only,efficacy_only,,,cat=PAM_functional_calcium; standard_type=Emax; source_kind=primary_article; legacy potency_nM treated as generic endpoint value (not potency)
ACT_18216481,CM00558,PARENT0389,PMID_28866269,ASSY_CHEMBL4046912,PAM_functional_calcium,calcium,Emax,=,81.0,,81.0,,Homo sapiens,EXTENDED,efficacy_only,efficacy_only,,,cat=PAM_functional_calcium; standard_type=Emax; source_kind=primary_article; legacy potency_nM treated as generic endpoint value (not potency)
ACT_18216482,CM00403,PARENT0390,PMID_28866269,ASSY_CHEMBL4046912,PAM_functional_calcium,calcium,Emax,=,73.0,,73.0,,Homo sapiens,EXTENDED,efficacy_only,efficacy_only,,,cat=PAM_functional_calcium; standard_type=Emax; source_kind=primary_article; legacy potency_nM treated as generic endpoint value (not potency)
ACT_18216483,CM00450,PARENT0391,PMID_28866269,ASSY_CHEMBL4046912,PAM_functional_calcium,calcium,Emax,=,52.0,,52.0,,Homo sapiens,EXTENDED,efficacy_only,efficacy_only,,,cat=PAM_functional_calcium; standard_type=Emax; source_kind=primary_article; legacy potency_nM treated as generic endpoint value (not potency)
ACT_18216484,CM00338,PARENT0392,PMID_28866269,ASSY_CHEMBL4046912,PAM_functional_calcium,calcium,Emax,=,63.0,,63.0,,Homo sapiens,EXTENDED,efficacy_only,efficacy_only,,,cat=PAM_functional_calcium; standard_type=Emax; source_kind=primary_article; legacy potency_nM treated as generic endpoint value (not potency)
ACT_18216485,CM00355,PARENT0393,PMID_28866269,ASSY_CHEMBL4046912,PAM_functional_calcium,calcium,Emax,=,65.0,,65.0,,Homo sapiens,EXTENDED,efficacy_only,efficacy_only,,,cat=PAM_functional_calcium; standard_type=Emax; source_kind=primary_article; legacy potency_nM treated as generic endpoint value (not potency)
ACT_18216486,CM00356,PARENT0394,PMID_28866269,ASSY_CHEMBL4046912,PAM_functional_calcium,calcium,Emax,=,60.0,,60.0,,Homo sapiens,EXTENDED,efficacy_only,efficacy_only,,,cat=PAM_functional_calcium; standard_type=Emax; source_kind=primary_article; legacy potency_nM treated as generic endpoint value (not potency)
ACT_18216487,CM00593,PARENT0395,PMID_28866269,ASSY_CHEMBL4046912,PAM_functional_calcium,calcium,Emax,=,48.0,,48.0,,Homo sapiens,EXTENDED,efficacy_only,efficacy_only,,,cat=PAM_functional_calcium; standard_type=Emax; source_kind=primary_article; legacy potency_nM treated as generic endpoint value (not potency)
ACT_18216488,CM00674,PARENT0396,PMID_28866269,ASSY_CHEMBL4046912,PAM_functional_calcium,calcium,Emax,=,68.0,,68.0,,Homo sapiens,EXTENDED,efficacy_only,efficacy_only,,,cat=PAM_functional_calcium; standard_type=Emax; source_kind=primary_article; legacy potency_nM treated as generic endpoint value (not potency)
ACT_18216491,CM00179,PARENT0397,PMID_28866269,ASSY_CHEMBL4046910,PAM_functional_calcium,calcium,EC50,>,10000.0,10000.0,,,Homo sapiens,CORE,threshold_only_bound,threshold_only_bound,threshold_negative,,cat=PAM_functional_calcium; standard_type=EC50; source_kind=primary_article; censored endpoint bound; relation preserved
ACT_18216498,CM00035,PARENT0398,PMID_28866269,ASSY_CHEMBL4046910,PAM_functional_calcium,calcium,EC50,>,10000.0,10000.0,,,Homo sapiens,CORE,threshold_only_bound,threshold_only_bound,threshold_negative,,cat=PAM_functional_calcium; standard_type=EC50; source_kind=primary_article; censored endpoint bound; relation preserved
ACT_18216501,CM00520,PARENT0377,PMID_28866269,ASSY_CHEMBL4046910,PAM_functional_calcium,calcium,EC50,>,10000.0,10000.0,,,Homo sapiens,CORE,threshold_only_bound,threshold_only_bound,threshold_negative,,cat=PAM_functional_calcium; standard_type=EC50; source_kind=primary_article; censored endpoint bound; relation preserved; assay-context negative result; same parent has PAM evidence in other assay contexts - not a parent-level inactivity declaration
ACT_18216583,CM00035,PARENT0398,PMID_28866269,ASSY_CHEMBL4046910,PAM_functional_calcium,calcium,EC50,>,31622.78,31622.78,,,Homo sapiens,CORE,threshold_only_bound,threshold_only_bound,threshold_negative,,cat=PAM_functional_calcium; standard_type=EC50; source_kind=primary_article; censored endpoint bound; relation preserved
ACT_18216590,CM00179,PARENT0397,PMID_28866269,ASSY_CHEMBL4046910,PAM_functional_calcium,calcium,EC50,>,31622.78,31622.78,,,Homo sapiens,CORE,threshold_only_bound,threshold_only_bound,threshold_negative,,cat=PAM_functional_calcium; standard_type=EC50; source_kind=primary_article; censored endpoint bound; relation preserved
ACT_18461653,CM00667,PARENT0404,PMID_29089231,ASSY_CHEMBL4180723,PAM_functional_calcium,calcium,EC50,>,10000.0,10000.0,,,Homo sapiens,CORE,threshold_only_bound,threshold_only_bound,threshold_negative,,cat=PAM_functional_calcium; standard_type=EC50; source_kind=primary_article; censored endpoint bound; relation preserved; assay-context negative result; same parent has PAM evidence in other assay contexts - not a parent-level inactivity declaration
ACT_18461658,CM00799,PARENT0409,PMID_29089231,ASSY_CHEMBL4180723,PAM_functional_calcium,calcium,EC50,>,10000.0,10000.0,,,Homo sapiens,CORE,threshold_only_bound,threshold_only_bound,threshold_negative,,cat=PAM_functional_calcium; standard_type=EC50; source_kind=primary_article; censored endpoint bound; relation preserved; assay-context negative result; same parent has PAM evidence in other assay contexts - not a parent-level inactivity declaration
ACT_18461659,CM00486,PARENT0410,PMID_29089231,ASSY_CHEMBL4180723,PAM_functional_calcium,calcium,EC50,>,10000.0,10000.0,,,Homo sapiens,CORE,threshold_only_bound,threshold_only_bound,threshold_negative,,cat=PAM_functional_calcium; standard_type=EC50; source_kind=primary_article; censored endpoint bound; relation preserved; assay-context negative result; same parent has PAM evidence in other assay contexts - not a parent-level inactivity declaration
ACT_18461670,CM00563,PARENT0420,PMID_29089231,ASSY_CHEMBL4180724,PAM_functional_calcium,calcium,%max,=,65.0,,65.0,,Homo sapiens,EXTENDED,auxiliary,auxiliary,,,cat=PAM_functional_calcium; standard_type=%max; source_kind=primary_article; legacy potency_nM treated as generic endpoint value (not potency)
ACT_18461671,CM00503,PARENT0421,PMID_29089231,ASSY_CHEMBL4180724,PAM_functional_calcium,calcium,%max,=,54.0,,54.0,,Homo sapiens,EXTENDED,auxiliary,auxiliary,,,cat=PAM_functional_calcium; standard_type=%max; source_kind=primary_article; legacy potency_nM treated as generic endpoint value (not potency)
ACT_18461672,CM00765,PARENT0399,PMID_29089231,ASSY_CHEMBL4180724,PAM_functional_calcium,calcium,%max,=,78.0,,78.0,,Homo sapiens,EXTENDED,auxiliary,auxiliary,,,cat=PAM_functional_calcium; standard_type=%max; source_kind=primary_article; legacy potency_nM treated as generic endpoint value (not potency)
ACT_18461673,CM00130,PARENT0400,PMID_29089231,ASSY_CHEMBL4180724,PAM_functional_calcium,calcium,%max,=,72.0,,72.0,,Homo sapiens,EXTENDED,auxiliary,auxiliary,,,cat=PAM_functional_calcium; standard_type=%max; source_kind=primary_article; legacy potency_nM treated as generic endpoint value (not potency)
ACT_18461674,CM00646,PARENT0401,PMID_29089231,ASSY_CHEMBL4180724,PAM_functional_calcium,calcium,%max,=,83.0,,83.0,,Homo sapiens,EXTENDED,auxiliary,auxiliary,,,cat=PAM_functional_calcium; standard_type=%max; source_kind=primary_article; legacy potency_nM treated as generic endpoint value (not potency)
ACT_18461675,CM00718,PARENT0402,PMID_29089231,ASSY_CHEMBL4180724,PAM_functional_calcium,calcium,%max,=,82.0,,82.0,,Homo sapiens,EXTENDED,auxiliary,auxiliary,,,cat=PAM_functional_calcium; standard_type=%max; source_kind=primary_article; legacy potency_nM treated as generic endpoint value (not potency)
ACT_18461676,CM00470,PARENT0403,PMID_29089231,ASSY_CHEMBL4180724,PAM_functional_calcium,calcium,%max,=,54.0,,54.0,,Homo sapiens,EXTENDED,auxiliary,auxiliary,,,cat=PAM_functional_calcium; standard_type=%max; source_kind=primary_article; legacy potency_nM treated as generic endpoint value (not potency)
ACT_18461678,CM00711,PARENT0405,PMID_29089231,ASSY_CHEMBL4180724,PAM_functional_calcium,calcium,%max,=,94.0,,94.0,,Homo sapiens,EXTENDED,auxiliary,auxiliary,,,cat=PAM_functional_calcium; standard_type=%max; source_kind=primary_article; legacy potency_nM treated as generic endpoint value (not potency)
ACT_18461679,CM00011,PARENT0406,PMID_29089231,ASSY_CHEMBL4180724,PAM_functional_calcium,calcium,%max,=,75.0,,75.0,,Homo sapiens,EXTENDED,auxiliary,auxiliary,,,cat=PAM_functional_calcium; standard_type=%max; source_kind=primary_article; legacy potency_nM treated as generic endpoint value (not potency)
ACT_18461680,CM00088,PARENT0407,PMID_29089231,ASSY_CHEMBL4180724,PAM_functional_calcium,calcium,%max,=,83.0,,83.0,,Homo sapiens,EXTENDED,auxiliary,auxiliary,,,cat=PAM_functional_calcium; standard_type=%max; source_kind=primary_article; legacy potency_nM treated as generic endpoint value (not potency)
ACT_18461681,CM00036,PARENT0408,PMID_29089231,ASSY_CHEMBL4180724,PAM_functional_calcium,calcium,%max,=,80.0,,80.0,,Homo sapiens,EXTENDED,auxiliary,auxiliary,,,cat=PAM_functional_calcium; standard_type=%max; source_kind=primary_article; legacy potency_nM treated as generic endpoint value (not potency)
ACT_18461684,CM00328,PARENT0411,PMID_29089231,ASSY_CHEMBL4180724,PAM_functional_calcium,calcium,%max,=,30.0,,30.0,,Homo sapiens,EXTENDED,auxiliary,auxiliary,,,cat=PAM_functional_calcium; standard_type=%max; source_kind=primary_article; legacy potency_nM treated as generic endpoint value (not potency)
ACT_18461685,CM00544,PARENT0412,PMID_29089231,ASSY_CHEMBL4180724,PAM_functional_calcium,calcium,%max,=,36.0,,36.0,,Homo sapiens,EXTENDED,auxiliary,auxiliary,,,cat=PAM_functional_calcium; standard_type=%max; source_kind=primary_article; legacy potency_nM treated as generic endpoint value (not potency)
ACT_18461686,CM00660,PARENT0413,PMID_29089231,ASSY_CHEMBL4180724,PAM_functional_calcium,calcium,%max,=,67.0,,67.0,,Homo sapiens,EXTENDED,auxiliary,auxiliary,,,cat=PAM_functional_calcium; standard_type=%max; source_kind=primary_article; legacy potency_nM treated as generic endpoint value (not potency)
ACT_18461687,CM00629,PARENT0414,PMID_29089231,ASSY_CHEMBL4180724,PAM_functional_calcium,calcium,%max,=,78.0,,78.0,,Homo sapiens,EXTENDED,auxiliary,auxiliary,,,cat=PAM_functional_calcium; standard_type=%max; source_kind=primary_article; legacy potency_nM treated as generic endpoint value (not potency)
ACT_18461688,CM00251,PARENT0415,PMID_29089231,ASSY_CHEMBL4180724,PAM_functional_calcium,calcium,%max,=,85.0,,85.0,,Homo sapiens,EXTENDED,auxiliary,auxiliary,,,cat=PAM_functional_calcium; standard_type=%max; source_kind=primary_article; legacy potency_nM treated as generic endpoint value (not potency)
ACT_18461689,CM00580,PARENT0416,PMID_29089231,ASSY_CHEMBL4180724,PAM_functional_calcium,calcium,%max,=,98.0,,98.0,,Homo sapiens,EXTENDED,auxiliary,auxiliary,,,cat=PAM_functional_calcium; standard_type=%max; source_kind=primary_article; legacy potency_nM treated as generic endpoint value (not potency)
ACT_18461690,CM00051,PARENT0417,PMID_29089231,ASSY_CHEMBL4180724,PAM_functional_calcium,calcium,%max,=,45.0,,45.0,,Homo sapiens,EXTENDED,auxiliary,auxiliary,,,cat=PAM_functional_calcium; standard_type=%max; source_kind=primary_article; legacy potency_nM treated as generic endpoint value (not potency)
ACT_18461693,CM00732,PARENT0418,PMID_29089231,ASSY_CHEMBL4180724,PAM_functional_calcium,calcium,%max,=,45.0,,45.0,,Homo sapiens,EXTENDED,auxiliary,auxiliary,,,cat=PAM_functional_calcium; standard_type=%max; source_kind=primary_article; legacy potency_nM treated as generic endpoint value (not potency)
ACT_18461694,CM00194,PARENT0419,PMID_29089231,ASSY_CHEMBL4180724,PAM_functional_calcium,calcium,%max,=,53.0,,53.0,,Homo sapiens,EXTENDED,auxiliary,auxiliary,,,cat=PAM_functional_calcium; standard_type=%max; source_kind=primary_article; legacy potency_nM treated as generic endpoint value (not potency)
ACT_18461695,CM00666,PARENT0312,PMID_29089231,ASSY_CHEMBL4180724,PAM_functional_calcium,calcium,%max,=,74.0,,74.0,,Homo sapiens,EXTENDED,auxiliary,auxiliary,,,cat=PAM_functional_calcium; standard_type=%max; source_kind=primary_article; legacy potency_nM treated as generic endpoint value (not potency)
ACT_18524269,CM00658,PARENT0422,PMID_28947932,ASSY_CHEMBL4194319,PAM_functional_calcium,calcium,IP,=,30000.0,,,,Homo sapiens,EXTENDED,auxiliary,auxiliary,,,cat=PAM_functional_calcium; standard_type=IP; source_kind=secondary_patent_highlight; legacy potency_nM treated as generic endpoint value (not potency)
ACT_18524270,CM00324,PARENT0423,PMID_28947932,ASSY_CHEMBL4194319,PAM_functional_calcium,calcium,IP,=,11340.0,,,,Homo sapiens,EXTENDED,auxiliary,auxiliary,,,cat=PAM_functional_calcium; standard_type=IP; source_kind=secondary_patent_highlight; legacy potency_nM treated as generic endpoint value (not potency)
ACT_18524271,CM00247,PARENT0424,PMID_28947932,ASSY_CHEMBL4194319,PAM_functional_calcium,calcium,IP,=,11180.0,,,,Homo sapiens,EXTENDED,auxiliary,auxiliary,,,cat=PAM_functional_calcium; standard_type=IP; source_kind=secondary_patent_highlight; legacy potency_nM treated as generic endpoint value (not potency)
ACT_18524272,CM00692,PARENT0425,PMID_28947932,ASSY_CHEMBL4194319,PAM_functional_calcium,calcium,IP,=,30000.0,,,,Homo sapiens,EXTENDED,auxiliary,auxiliary,,,cat=PAM_functional_calcium; standard_type=IP; source_kind=secondary_patent_highlight; legacy potency_nM treated as generic endpoint value (not potency)
ACT_18524273,CM00528,PARENT0426,PMID_28947932,ASSY_CHEMBL4194319,PAM_functional_calcium,calcium,IP,=,6065.0,,,,Homo sapiens,EXTENDED,auxiliary,auxiliary,,,cat=PAM_functional_calcium; standard_type=IP; source_kind=secondary_patent_highlight; legacy potency_nM treated as generic endpoint value (not potency)
ACT_18524274,CM00263,PARENT0427,PMID_28947932,ASSY_CHEMBL4194319,PAM_functional_calcium,calcium,IP,=,30000.0,,,,Homo sapiens,EXTENDED,auxiliary,auxiliary,,,cat=PAM_functional_calcium; standard_type=IP; source_kind=secondary_patent_highlight; legacy potency_nM treated as generic endpoint value (not potency)
ACT_18524275,CM00291,PARENT0428,PMID_28947932,ASSY_CHEMBL4194319,PAM_functional_calcium,calcium,IP,=,8063.0,,,,Homo sapiens,EXTENDED,auxiliary,auxiliary,,,cat=PAM_functional_calcium; standard_type=IP; source_kind=secondary_patent_highlight; legacy potency_nM treated as generic endpoint value (not potency)
ACT_18524276,CM00585,PARENT0429,PMID_28947932,ASSY_CHEMBL4194319,PAM_functional_calcium,calcium,IP,=,8623.0,,,,Homo sapiens,EXTENDED,auxiliary,auxiliary,,,cat=PAM_functional_calcium; standard_type=IP; source_kind=secondary_patent_highlight; legacy potency_nM treated as generic endpoint value (not potency)
ACT_18524277,CM00645,PARENT0430,PMID_28947932,ASSY_CHEMBL4194319,PAM_functional_calcium,calcium,IP,=,239613.0,,,,Homo sapiens,EXTENDED,auxiliary,auxiliary,,,cat=PAM_functional_calcium; standard_type=IP; source_kind=secondary_patent_highlight; legacy potency_nM treated as generic endpoint value (not potency)
ACT_18556023,CM00810,PARENT0432,PMID_30128067,ASSY_CHEMBL4200443,PAM_functional_calcium,calcium,EC50,=,14.0,14.0,,,Homo sapiens,EXTENDED,extended_exact_secondary,extended_exact_secondary,,,cat=PAM_functional_calcium; standard_type=EC50; source_kind=secondary_patent_highlight; legacy pEC50=7.85 (generic negative-log potency)
ACT_18556024,CM00174,PARENT0433,PMID_30128067,ASSY_CHEMBL4200443,PAM_functional_calcium,calcium,EC50,=,18.0,18.0,,,Homo sapiens,EXTENDED,extended_exact_secondary,extended_exact_secondary,,,cat=PAM_functional_calcium; standard_type=EC50; source_kind=secondary_patent_highlight; legacy pEC50=7.75 (generic negative-log potency)
ACT_18556025,CM00775,PARENT0434,PMID_30128067,ASSY_CHEMBL4200443,PAM_functional_calcium,calcium,EC50,=,20.0,20.0,,,Homo sapiens,EXTENDED,extended_exact_secondary,extended_exact_secondary,,,cat=PAM_functional_calcium; standard_type=EC50; source_kind=secondary_patent_highlight; legacy pEC50=7.7 (generic negative-log potency)
ACT_18556026,CM00274,PARENT0435,PMID_30128067,ASSY_CHEMBL4200443,PAM_functional_calcium,calcium,EC50,=,20.0,20.0,,,Homo sapiens,EXTENDED,extended_exact_secondary,extended_exact_secondary,,,cat=PAM_functional_calcium; standard_type=EC50; source_kind=secondary_patent_highlight; legacy pEC50=7.7 (generic negative-log potency)
ACT_18556027,CM00207,PARENT0436,PMID_30128067,ASSY_CHEMBL4200443,PAM_functional_calcium,calcium,EC50,=,15.0,15.0,,,Homo sapiens,EXTENDED,extended_exact_secondary,extended_exact_secondary,,,cat=PAM_functional_calcium; standard_type=EC50; source_kind=secondary_patent_highlight; legacy pEC50=7.82 (generic negative-log potency)
ACT_18556028,CM00358,PARENT0437,PMID_30128067,ASSY_CHEMBL4200443,PAM_functional_calcium,calcium,EC50,=,25.0,25.0,,,Homo sapiens,EXTENDED,extended_exact_secondary,extended_exact_secondary,,,cat=PAM_functional_calcium; standard_type=EC50; source_kind=secondary_patent_highlight; legacy pEC50=7.6 (generic negative-log potency)
ACT_18556029,CM00078,PARENT0438,PMID_30128067,ASSY_CHEMBL4200443,PAM_functional_calcium,calcium,EC50,=,14.0,14.0,,,Homo sapiens,EXTENDED,extended_exact_secondary,extended_exact_secondary,,,cat=PAM_functional_calcium; standard_type=EC50; source_kind=secondary_patent_highlight; legacy pEC50=7.85 (generic negative-log potency)
ACT_18556030,CM00397,PARENT0439,PMID_30128067,ASSY_CHEMBL4200443,PAM_functional_calcium,calcium,EC50,=,18.0,18.0,,,Homo sapiens,EXTENDED,extended_exact_secondary,extended_exact_secondary,,,cat=PAM_functional_calcium; standard_type=EC50; source_kind=secondary_patent_highlight; legacy pEC50=7.75 (generic negative-log potency)
ACT_18556031,CM00575,PARENT0440,PMID_30128067,ASSY_CHEMBL4200443,PAM_functional_calcium,calcium,EC50,=,22.0,22.0,,,Homo sapiens,EXTENDED,extended_exact_secondary,extended_exact_secondary,,,cat=PAM_functional_calcium; standard_type=EC50; source_kind=secondary_patent_highlight; legacy pEC50=7.66 (generic negative-log potency)
ACT_18556032,CM00721,PARENT0441,PMID_30128067,ASSY_CHEMBL4200443,PAM_functional_calcium,calcium,EC50,=,18.0,18.0,,,Homo sapiens,EXTENDED,extended_exact_secondary,extended_exact_secondary,,,cat=PAM_functional_calcium; standard_type=EC50; source_kind=secondary_patent_highlight; legacy pEC50=7.75 (generic negative-log potency)
ACT_18556033,CM00458,PARENT0442,PMID_30128067,ASSY_CHEMBL4200443,PAM_functional_calcium,calcium,EC50,=,17.0,17.0,,,Homo sapiens,EXTENDED,extended_exact_secondary,extended_exact_secondary,,,cat=PAM_functional_calcium; standard_type=EC50; source_kind=secondary_patent_highlight; legacy pEC50=7.77 (generic negative-log potency)
ACT_18556034,CM00874,PARENT0443,PMID_30128067,ASSY_CHEMBL4200443,PAM_functional_calcium,calcium,EC50,=,20.0,20.0,,,Homo sapiens,EXTENDED,extended_exact_secondary,extended_exact_secondary,,,cat=PAM_functional_calcium; standard_type=EC50; source_kind=secondary_patent_highlight; legacy pEC50=7.7 (generic negative-log potency)
ACT_18683792,CM00517,PARENT0444,PMID_30258541,ASSY_CHEMBL4237199,PAM_functional_calcium,calcium,EC50,>,30000.0,30000.0,,,Homo sapiens,EXTENDED,threshold_only_bound,threshold_only_bound,threshold_negative,,cat=PAM_functional_calcium; standard_type=EC50; source_kind=primary_article; censored endpoint bound; relation preserved
ACT_18852467,CM00499,PARENT0445,PMID_31223452,ASSY_CHEMBL4306810,PAM_functional_cAMP,cAMP,EC50,=,57.0,57.0,,,Homo sapiens,EXTENDED,extended_exact_secondary,extended_exact_secondary,,,cat=PAM_functional_cAMP; standard_type=EC50; source_kind=primary_article; legacy pEC50=7.24 (generic negative-log potency)
ACT_18852468,CM00323,PARENT0446,PMID_31223452,ASSY_CHEMBL4306810,PAM_functional_cAMP,cAMP,EC50,=,6.0,6.0,,,Homo sapiens,EXTENDED,extended_exact_secondary,extended_exact_secondary,,,cat=PAM_functional_cAMP; standard_type=EC50; source_kind=primary_article; legacy pEC50=8.22 (generic negative-log potency)
ACT_18852469,CM00613,PARENT0447,PMID_31223452,ASSY_CHEMBL4306810,PAM_functional_cAMP,cAMP,EC50,=,9.0,9.0,,,Homo sapiens,EXTENDED,extended_exact_secondary,extended_exact_secondary,,,cat=PAM_functional_cAMP; standard_type=EC50; source_kind=primary_article; legacy pEC50=8.05 (generic negative-log potency)
ACT_18852470,CM00509,PARENT0448,PMID_31223452,ASSY_CHEMBL4306810,PAM_functional_cAMP,cAMP,EC50,=,25.0,25.0,,,Homo sapiens,EXTENDED,extended_exact_secondary,extended_exact_secondary,,,cat=PAM_functional_cAMP; standard_type=EC50; source_kind=primary_article; legacy pEC50=7.6 (generic negative-log potency)
ACT_18852471,CM00022,PARENT0449,PMID_31223452,ASSY_CHEMBL4306810,PAM_functional_cAMP,cAMP,EC50,=,3410.0,3410.0,,,Homo sapiens,EXTENDED,extended_exact_secondary,extended_exact_secondary,,,cat=PAM_functional_cAMP; standard_type=EC50; source_kind=primary_article; legacy pEC50=5.47 (generic negative-log potency)
ACT_18852472,CM00258,PARENT0450,PMID_31223452,ASSY_CHEMBL4306810,PAM_functional_cAMP,cAMP,EC50,>,10000.0,10000.0,,,Homo sapiens,EXTENDED,threshold_only_bound,threshold_only_bound,threshold_negative,,cat=PAM_functional_cAMP; standard_type=EC50; source_kind=primary_article; censored endpoint bound; relation preserved
ACT_18852473,CM00744,PARENT0451,PMID_31223452,ASSY_CHEMBL4306810,PAM_functional_cAMP,cAMP,EC50,=,10000.0,10000.0,,,Homo sapiens,EXTENDED,threshold_only_bound,threshold_only_bound,threshold_negative,,cat=PAM_functional_cAMP; standard_type=EC50; source_kind=primary_article; legacy pEC50=5 (generic negative-log potency); assay-context negative result; same parent has PAM evidence in other assay contexts - not a parent-level inactivity declaration
ACT_18852474,CM00236,PARENT0452,PMID_31223452,ASSY_CHEMBL4306810,PAM_functional_cAMP,cAMP,EC50,>,10000.0,10000.0,,,Homo sapiens,EXTENDED,threshold_only_bound,threshold_only_bound,threshold_negative,,cat=PAM_functional_cAMP; standard_type=EC50; source_kind=primary_article; censored endpoint bound; relation preserved
ACT_18852475,CM00700,PARENT0453,PMID_31223452,ASSY_CHEMBL4306810,PAM_functional_cAMP,cAMP,EC50,>,10000.0,10000.0,,,Homo sapiens,EXTENDED,threshold_only_bound,threshold_only_bound,threshold_negative,,cat=PAM_functional_cAMP; standard_type=EC50; source_kind=primary_article; censored endpoint bound; relation preserved
ACT_18852476,CM00059,PARENT0454,PMID_31223452,ASSY_CHEMBL4306810,PAM_functional_cAMP,cAMP,EC50,>,10000.0,10000.0,,,Homo sapiens,EXTENDED,threshold_only_bound,threshold_only_bound,threshold_negative,,cat=PAM_functional_cAMP; standard_type=EC50; source_kind=primary_article; censored endpoint bound; relation preserved
ACT_18852477,CM00102,PARENT0455,PMID_31223452,ASSY_CHEMBL4306810,PAM_functional_cAMP,cAMP,EC50,>,10000.0,10000.0,,,Homo sapiens,EXTENDED,threshold_only_bound,threshold_only_bound,threshold_negative,,cat=PAM_functional_cAMP; standard_type=EC50; source_kind=primary_article; censored endpoint bound; relation preserved
ACT_18852478,CM00661,PARENT0456,PMID_31223452,ASSY_CHEMBL4306810,PAM_functional_cAMP,cAMP,EC50,>,10000.0,10000.0,,,Homo sapiens,EXTENDED,threshold_only_bound,threshold_only_bound,threshold_negative,,cat=PAM_functional_cAMP; standard_type=EC50; source_kind=primary_article; censored endpoint bound; relation preserved
ACT_18852479,CM00605,PARENT0457,PMID_31223452,ASSY_CHEMBL4306810,PAM_functional_cAMP,cAMP,EC50,>,10000.0,10000.0,,,Homo sapiens,EXTENDED,threshold_only_bound,threshold_only_bound,threshold_negative,,cat=PAM_functional_cAMP; standard_type=EC50; source_kind=primary_article; censored endpoint bound; relation preserved
ACT_18852480,CM00426,PARENT0458,PMID_31223452,ASSY_CHEMBL4306810,PAM_functional_cAMP,cAMP,EC50,>,10000.0,10000.0,,,Homo sapiens,EXTENDED,threshold_only_bound,threshold_only_bound,threshold_negative,,cat=PAM_functional_cAMP; standard_type=EC50; source_kind=primary_article; censored endpoint bound; relation preserved
ACT_18852481,CM00439,PARENT0459,PMID_31223452,ASSY_CHEMBL4306810,PAM_functional_cAMP,cAMP,EC50,>,10000.0,10000.0,,,Homo sapiens,EXTENDED,threshold_only_bound,threshold_only_bound,threshold_negative,,cat=PAM_functional_cAMP; standard_type=EC50; source_kind=primary_article; censored endpoint bound; relation preserved
ACT_18852509,CM00499,PARENT0445,PMID_31223452,ASSY_CHEMBL4306814,PAM_functional_cAMP,cAMP,Emax,=,99.1,,99.1,,Homo sapiens,EXTENDED,efficacy_only,efficacy_only,,,cat=PAM_functional_cAMP; standard_type=Emax; source_kind=primary_article; legacy potency_nM treated as generic endpoint value (not potency)
ACT_18852510,CM00323,PARENT0446,PMID_31223452,ASSY_CHEMBL4306814,PAM_functional_cAMP,cAMP,Emax,=,100.0,,100.0,,Homo sapiens,EXTENDED,efficacy_only,efficacy_only,,,cat=PAM_functional_cAMP; standard_type=Emax; source_kind=primary_article; legacy potency_nM treated as generic endpoint value (not potency)
ACT_18852511,CM00613,PARENT0447,PMID_31223452,ASSY_CHEMBL4306814,PAM_functional_cAMP,cAMP,Emax,=,90.7,,90.7,,Homo sapiens,EXTENDED,efficacy_only,efficacy_only,,,cat=PAM_functional_cAMP; standard_type=Emax; source_kind=primary_article; legacy potency_nM treated as generic endpoint value (not potency)
ACT_18852512,CM00509,PARENT0448,PMID_31223452,ASSY_CHEMBL4306814,PAM_functional_cAMP,cAMP,Emax,=,95.9,,95.9,,Homo sapiens,EXTENDED,efficacy_only,efficacy_only,,,cat=PAM_functional_cAMP; standard_type=Emax; source_kind=primary_article; legacy potency_nM treated as generic endpoint value (not potency)
ACT_18852513,CM00744,PARENT0451,PMID_31223452,ASSY_CHEMBL4306814,PAM_functional_cAMP,cAMP,Emax,=,80.0,,80.0,,Homo sapiens,EXTENDED,efficacy_only,efficacy_only,,,cat=PAM_functional_cAMP; standard_type=Emax; source_kind=primary_article; legacy potency_nM treated as generic endpoint value (not potency)
ACT_18870722,CM00750,PARENT0231,PMID_30106578,ASSY_CHEMBL4309933,PAM_functional_unspecified,unspecified,EC50,=,95.0,95.0,,,Homo sapiens,EXTENDED,extended_exact_secondary,extended_exact_secondary,,,cat=PAM_functional_unspecified; standard_type=EC50; source_kind=review; legacy pEC50=7.02 (generic negative-log potency)
ACT_18870725,CM00111,PARENT0268,PMID_30106578,ASSY_CHEMBL4309931,PAM_functional_calcium,calcium,Kb,=,200.0,,,,Homo sapiens,EXTENDED,auxiliary,auxiliary,,,cat=PAM_functional_calcium; standard_type=Kb; source_kind=review; legacy potency_nM treated as generic endpoint value (not potency)
ACT_19124237,CM00235,PARENT0461,PMID_30580918,ASSY_CHEMBL4373345,PAM_functional_calcium,calcium,Emax,=,58.0,,58.0,,Homo sapiens,EXTENDED,efficacy_only,efficacy_only,,,cat=PAM_functional_calcium; standard_type=Emax; source_kind=primary_article; legacy potency_nM treated as generic endpoint value (not potency)
ACT_19124238,CM00132,PARENT0462,PMID_30580918,ASSY_CHEMBL4373345,PAM_functional_calcium,calcium,Emax,=,57.0,,57.0,,Homo sapiens,EXTENDED,efficacy_only,efficacy_only,,,cat=PAM_functional_calcium; standard_type=Emax; source_kind=primary_article; legacy potency_nM treated as generic endpoint value (not potency)
ACT_19124239,CM00707,PARENT0463,PMID_30580918,ASSY_CHEMBL4373345,PAM_functional_calcium,calcium,Emax,=,75.0,,75.0,,Homo sapiens,EXTENDED,efficacy_only,efficacy_only,,,cat=PAM_functional_calcium; standard_type=Emax; source_kind=primary_article; legacy potency_nM treated as generic endpoint value (not potency)
ACT_19124280,CM00116,PARENT0464,PMID_30580918,ASSY_CHEMBL4373345,PAM_functional_calcium,calcium,Emax,=,91.0,,91.0,,Homo sapiens,EXTENDED,efficacy_only,efficacy_only,,,cat=PAM_functional_calcium; standard_type=Emax; source_kind=primary_article; legacy potency_nM treated as generic endpoint value (not potency)
ACT_19124281,CM00175,PARENT0465,PMID_30580918,ASSY_CHEMBL4373345,PAM_functional_calcium,calcium,Emax,=,91.0,,91.0,,Homo sapiens,EXTENDED,efficacy_only,efficacy_only,,,cat=PAM_functional_calcium; standard_type=Emax; source_kind=primary_article; legacy potency_nM treated as generic endpoint value (not potency)
ACT_19124282,CM00430,PARENT0466,PMID_30580918,ASSY_CHEMBL4373345,PAM_functional_calcium,calcium,Emax,=,102.0,,102.0,,Homo sapiens,EXTENDED,efficacy_only,efficacy_only,,,cat=PAM_functional_calcium; standard_type=Emax; source_kind=primary_article; legacy potency_nM treated as generic endpoint value (not potency)
ACT_19124283,CM00009,PARENT0467,PMID_30580918,ASSY_CHEMBL4373345,PAM_functional_calcium,calcium,Emax,=,84.0,,84.0,,Homo sapiens,EXTENDED,efficacy_only,efficacy_only,,,cat=PAM_functional_calcium; standard_type=Emax; source_kind=primary_article; legacy potency_nM treated as generic endpoint value (not potency)
ACT_19124284,CM00773,PARENT0468,PMID_30580918,ASSY_CHEMBL4373345,PAM_functional_calcium,calcium,Emax,=,58.0,,58.0,,Homo sapiens,EXTENDED,efficacy_only,efficacy_only,,,cat=PAM_functional_calcium; standard_type=Emax; source_kind=primary_article; legacy potency_nM treated as generic endpoint value (not potency)
ACT_19124285,CM00618,PARENT0469,PMID_30580918,ASSY_CHEMBL4373345,PAM_functional_calcium,calcium,Emax,=,79.0,,79.0,,Homo sapiens,EXTENDED,efficacy_only,efficacy_only,,,cat=PAM_functional_calcium; standard_type=Emax; source_kind=primary_article; legacy potency_nM treated as generic endpoint value (not potency)
ACT_19124286,CM00570,PARENT0470,PMID_30580918,ASSY_CHEMBL4373345,PAM_functional_calcium,calcium,Emax,=,59.0,,59.0,,Homo sapiens,EXTENDED,efficacy_only,efficacy_only,,,cat=PAM_functional_calcium; standard_type=Emax; source_kind=primary_article; legacy potency_nM treated as generic endpoint value (not potency)
ACT_19124287,CM00418,PARENT0471,PMID_30580918,ASSY_CHEMBL4373345,PAM_functional_calcium,calcium,Emax,=,67.0,,67.0,,Homo sapiens,EXTENDED,efficacy_only,efficacy_only,,,cat=PAM_functional_calcium; standard_type=Emax; source_kind=primary_article; legacy potency_nM treated as generic endpoint value (not potency)
ACT_19124288,CM00468,PARENT0472,PMID_30580918,ASSY_CHEMBL4373345,PAM_functional_calcium,calcium,Emax,=,56.0,,56.0,,Homo sapiens,EXTENDED,efficacy_only,efficacy_only,,,cat=PAM_functional_calcium; standard_type=Emax; source_kind=primary_article; legacy potency_nM treated as generic endpoint value (not potency)
ACT_19124289,CM00609,PARENT0473,PMID_30580918,ASSY_CHEMBL4373345,PAM_functional_calcium,calcium,Emax,=,39.0,,39.0,,Homo sapiens,EXTENDED,efficacy_only,efficacy_only,,,cat=PAM_functional_calcium; standard_type=Emax; source_kind=primary_article; legacy potency_nM treated as generic endpoint value (not potency)
ACT_19124290,CM00794,PARENT0474,PMID_30580918,ASSY_CHEMBL4373345,PAM_functional_calcium,calcium,Emax,=,51.0,,51.0,,Homo sapiens,EXTENDED,efficacy_only,efficacy_only,,,cat=PAM_functional_calcium; standard_type=Emax; source_kind=primary_article; legacy potency_nM treated as generic endpoint value (not potency)
ACT_19124291,CM00392,PARENT0475,PMID_30580918,ASSY_CHEMBL4373345,PAM_functional_calcium,calcium,Emax,=,76.0,,76.0,,Homo sapiens,EXTENDED,efficacy_only,efficacy_only,,,cat=PAM_functional_calcium; standard_type=Emax; source_kind=primary_article; legacy potency_nM treated as generic endpoint value (not potency)
ACT_19124292,CM00606,PARENT0476,PMID_30580918,ASSY_CHEMBL4373345,PAM_functional_calcium,calcium,Emax,=,65.0,,65.0,,Homo sapiens,EXTENDED,efficacy_only,efficacy_only,,,cat=PAM_functional_calcium; standard_type=Emax; source_kind=primary_article; legacy potency_nM treated as generic endpoint value (not potency)
ACT_19124293,CM00322,PARENT0477,PMID_30580918,ASSY_CHEMBL4373345,PAM_functional_calcium,calcium,Emax,=,67.0,,67.0,,Homo sapiens,EXTENDED,efficacy_only,efficacy_only,,,cat=PAM_functional_calcium; standard_type=Emax; source_kind=primary_article; legacy potency_nM treated as generic endpoint value (not potency)
ACT_19124294,CM00764,PARENT0478,PMID_30580918,ASSY_CHEMBL4373345,PAM_functional_calcium,calcium,Emax,=,62.0,,62.0,,Homo sapiens,EXTENDED,efficacy_only,efficacy_only,,,cat=PAM_functional_calcium; standard_type=Emax; source_kind=primary_article; legacy potency_nM treated as generic endpoint value (not potency)
ACT_19124295,CM00502,PARENT0479,PMID_30580918,ASSY_CHEMBL4373345,PAM_functional_calcium,calcium,Emax,=,66.0,,66.0,,Homo sapiens,EXTENDED,efficacy_only,efficacy_only,,,cat=PAM_functional_calcium; standard_type=Emax; source_kind=primary_article; legacy potency_nM treated as generic endpoint value (not potency)
ACT_19124296,CM00443,PARENT0480,PMID_30580918,ASSY_CHEMBL4373345,PAM_functional_calcium,calcium,Emax,=,67.0,,67.0,,Homo sapiens,EXTENDED,efficacy_only,efficacy_only,,,cat=PAM_functional_calcium; standard_type=Emax; source_kind=primary_article; legacy potency_nM treated as generic endpoint value (not potency)
ACT_19124297,CM00779,PARENT0481,PMID_30580918,ASSY_CHEMBL4373345,PAM_functional_calcium,calcium,Emax,=,38.0,,38.0,,Homo sapiens,EXTENDED,efficacy_only,efficacy_only,,,cat=PAM_functional_calcium; standard_type=Emax; source_kind=primary_article; legacy potency_nM treated as generic endpoint value (not potency)
ACT_19124298,CM00858,PARENT0482,PMID_30580918,ASSY_CHEMBL4373345,PAM_functional_calcium,calcium,Emax,=,35.0,,35.0,,Homo sapiens,EXTENDED,efficacy_only,efficacy_only,,,cat=PAM_functional_calcium; standard_type=Emax; source_kind=primary_article; legacy potency_nM treated as generic endpoint value (not potency)
ACT_19124299,CM00056,PARENT0483,PMID_30580918,ASSY_CHEMBL4373345,PAM_functional_calcium,calcium,Emax,=,73.0,,73.0,,Homo sapiens,EXTENDED,efficacy_only,efficacy_only,,,cat=PAM_functional_calcium; standard_type=Emax; source_kind=primary_article; legacy potency_nM treated as generic endpoint value (not potency)
ACT_19124300,CM00244,PARENT0484,PMID_30580918,ASSY_CHEMBL4373345,PAM_functional_calcium,calcium,Emax,=,56.0,,56.0,,Homo sapiens,EXTENDED,efficacy_only,efficacy_only,,,cat=PAM_functional_calcium; standard_type=Emax; source_kind=primary_article; legacy potency_nM treated as generic endpoint value (not potency)
ACT_19124301,CM00183,PARENT0485,PMID_30580918,ASSY_CHEMBL4373345,PAM_functional_calcium,calcium,Emax,=,66.0,,66.0,,Homo sapiens,EXTENDED,efficacy_only,efficacy_only,,,cat=PAM_functional_calcium; standard_type=Emax; source_kind=primary_article; legacy potency_nM treated as generic endpoint value (not potency)
ACT_19124302,CM00381,PARENT0486,PMID_30580918,ASSY_CHEMBL4373345,PAM_functional_calcium,calcium,Emax,=,45.0,,45.0,,Homo sapiens,EXTENDED,efficacy_only,efficacy_only,,,cat=PAM_functional_calcium; standard_type=Emax; source_kind=primary_article; legacy potency_nM treated as generic endpoint value (not potency)
ACT_19124303,CM00431,PARENT0487,PMID_30580918,ASSY_CHEMBL4373345,PAM_functional_calcium,calcium,Emax,=,56.0,,56.0,,Homo sapiens,EXTENDED,efficacy_only,efficacy_only,,,cat=PAM_functional_calcium; standard_type=Emax; source_kind=primary_article; legacy potency_nM treated as generic endpoint value (not potency)
ACT_19124304,CM00837,PARENT0488,PMID_30580918,ASSY_CHEMBL4373345,PAM_functional_calcium,calcium,Emax,=,50.0,,50.0,,Homo sapiens,EXTENDED,efficacy_only,efficacy_only,,,cat=PAM_functional_calcium; standard_type=Emax; source_kind=primary_article; legacy potency_nM treated as generic endpoint value (not potency)
ACT_19124305,CM00438,PARENT0489,PMID_30580918,ASSY_CHEMBL4373345,PAM_functional_calcium,calcium,Emax,=,29.0,,29.0,,Homo sapiens,EXTENDED,efficacy_only,efficacy_only,,,cat=PAM_functional_calcium; standard_type=Emax; source_kind=primary_article; legacy potency_nM treated as generic endpoint value (not potency)
ACT_19124306,CM00385,PARENT0490,PMID_30580918,ASSY_CHEMBL4373345,PAM_functional_calcium,calcium,Emax,=,49.0,,49.0,,Homo sapiens,EXTENDED,efficacy_only,efficacy_only,,,cat=PAM_functional_calcium; standard_type=Emax; source_kind=primary_article; legacy potency_nM treated as generic endpoint value (not potency)
ACT_19124307,CM00464,PARENT0460,PMID_30580918,ASSY_CHEMBL4373345,PAM_functional_calcium,calcium,Emax,=,53.0,,53.0,,Homo sapiens,EXTENDED,efficacy_only,efficacy_only,,,cat=PAM_functional_calcium; standard_type=Emax; source_kind=primary_article; legacy potency_nM treated as generic endpoint value (not potency)
ACT_19124308,CM00414,PARENT0232,PMID_30580918,ASSY_CHEMBL4373345,PAM_functional_calcium,calcium,Emax,=,89.0,,89.0,,Homo sapiens,EXTENDED,efficacy_only,efficacy_only,,,cat=PAM_functional_calcium; standard_type=Emax; source_kind=primary_article; legacy potency_nM treated as generic endpoint value (not potency)
ACT_19124317,CM00468,PARENT0472,PMID_30580918,ASSY_CHEMBL4373344,PAM_functional_calcium,calcium,EC50,>,10000.0,10000.0,,,Homo sapiens,CORE,threshold_only_bound,threshold_only_bound,threshold_negative,,cat=PAM_functional_calcium; standard_type=EC50; source_kind=primary_article; censored endpoint bound; relation preserved; assay-context negative result; same parent has PAM evidence in other assay contexts - not a parent-level inactivity declaration
ACT_19124318,CM00609,PARENT0473,PMID_30580918,ASSY_CHEMBL4373344,PAM_functional_calcium,calcium,EC50,>,10000.0,10000.0,,,Homo sapiens,CORE,threshold_only_bound,threshold_only_bound,threshold_negative,,cat=PAM_functional_calcium; standard_type=EC50; source_kind=primary_article; censored endpoint bound; relation preserved; assay-context negative result; same parent has PAM evidence in other assay contexts - not a parent-level inactivity declaration
ACT_19124319,CM00794,PARENT0474,PMID_30580918,ASSY_CHEMBL4373344,PAM_functional_calcium,calcium,EC50,>,10000.0,10000.0,,,Homo sapiens,CORE,threshold_only_bound,threshold_only_bound,threshold_negative,,cat=PAM_functional_calcium; standard_type=EC50; source_kind=primary_article; censored endpoint bound; relation preserved; assay-context negative result; same parent has PAM evidence in other assay contexts - not a parent-level inactivity declaration
ACT_19124326,CM00779,PARENT0481,PMID_30580918,ASSY_CHEMBL4373344,PAM_functional_calcium,calcium,EC50,>,10000.0,10000.0,,,Homo sapiens,CORE,threshold_only_bound,threshold_only_bound,threshold_negative,,cat=PAM_functional_calcium; standard_type=EC50; source_kind=primary_article; censored endpoint bound; relation preserved; assay-context negative result; same parent has PAM evidence in other assay contexts - not a parent-level inactivity declaration
ACT_19124337,CM00438,PARENT0489,PMID_30580918,ASSY_CHEMBL4373344,PAM_functional_calcium,calcium,EC50,>,10000.0,10000.0,,,Homo sapiens,CORE,threshold_only_bound,threshold_only_bound,threshold_negative,,cat=PAM_functional_calcium; standard_type=EC50; source_kind=primary_article; censored endpoint bound; relation preserved; assay-context negative result; same parent has PAM evidence in other assay contexts - not a parent-level inactivity declaration
ACT_19178851,CM00222,PARENT0491,PMID_31248774,ASSY_CHEMBL4386805,PAM_functional_calcium,calcium,%max,=,84.0,,84.0,,Homo sapiens,EXTENDED,auxiliary,auxiliary,,,cat=PAM_functional_calcium; standard_type=%max; source_kind=primary_article; legacy potency_nM treated as generic endpoint value (not potency)
ACT_19178852,CM00202,PARENT0492,PMID_31248774,ASSY_CHEMBL4386805,PAM_functional_calcium,calcium,%max,=,90.0,,90.0,,Homo sapiens,EXTENDED,auxiliary,auxiliary,,,cat=PAM_functional_calcium; standard_type=%max; source_kind=primary_article; legacy potency_nM treated as generic endpoint value (not potency)
ACT_19178853,CM00123,PARENT0493,PMID_31248774,ASSY_CHEMBL4386805,PAM_functional_calcium,calcium,%max,=,82.0,,82.0,,Homo sapiens,EXTENDED,auxiliary,auxiliary,,,cat=PAM_functional_calcium; standard_type=%max; source_kind=primary_article; legacy potency_nM treated as generic endpoint value (not potency)
ACT_19178854,CM00841,PARENT0494,PMID_31248774,ASSY_CHEMBL4386805,PAM_functional_calcium,calcium,%max,=,73.0,,73.0,,Homo sapiens,EXTENDED,auxiliary,auxiliary,,,cat=PAM_functional_calcium; standard_type=%max; source_kind=primary_article; legacy potency_nM treated as generic endpoint value (not potency)
ACT_19178855,CM00594,PARENT0495,PMID_31248774,ASSY_CHEMBL4386805,PAM_functional_calcium,calcium,%max,=,88.0,,88.0,,Homo sapiens,EXTENDED,auxiliary,auxiliary,,,cat=PAM_functional_calcium; standard_type=%max; source_kind=primary_article; legacy potency_nM treated as generic endpoint value (not potency)
ACT_19178856,CM00482,PARENT0496,PMID_31248774,ASSY_CHEMBL4386805,PAM_functional_calcium,calcium,%max,=,94.0,,94.0,,Homo sapiens,EXTENDED,auxiliary,auxiliary,,,cat=PAM_functional_calcium; standard_type=%max; source_kind=primary_article; legacy potency_nM treated as generic endpoint value (not potency)
ACT_19178857,CM00134,PARENT0497,PMID_31248774,ASSY_CHEMBL4386805,PAM_functional_calcium,calcium,%max,=,79.0,,79.0,,Homo sapiens,EXTENDED,auxiliary,auxiliary,,,cat=PAM_functional_calcium; standard_type=%max; source_kind=primary_article; legacy potency_nM treated as generic endpoint value (not potency)
ACT_19178858,CM00758,PARENT0498,PMID_31248774,ASSY_CHEMBL4386805,PAM_functional_calcium,calcium,%max,=,87.0,,87.0,,Homo sapiens,EXTENDED,auxiliary,auxiliary,,,cat=PAM_functional_calcium; standard_type=%max; source_kind=primary_article; legacy potency_nM treated as generic endpoint value (not potency)
ACT_19178859,CM00493,PARENT0499,PMID_31248774,ASSY_CHEMBL4386805,PAM_functional_calcium,calcium,%max,=,84.0,,84.0,,Homo sapiens,EXTENDED,auxiliary,auxiliary,,,cat=PAM_functional_calcium; standard_type=%max; source_kind=primary_article; legacy potency_nM treated as generic endpoint value (not potency)
ACT_19178860,CM00441,PARENT0500,PMID_31248774,ASSY_CHEMBL4386805,PAM_functional_calcium,calcium,%max,=,71.0,,71.0,,Homo sapiens,EXTENDED,auxiliary,auxiliary,,,cat=PAM_functional_calcium; standard_type=%max; source_kind=primary_article; legacy potency_nM treated as generic endpoint value (not potency)
ACT_19178861,CM00518,PARENT0501,PMID_31248774,ASSY_CHEMBL4386805,PAM_functional_calcium,calcium,%max,=,78.0,,78.0,,Homo sapiens,EXTENDED,auxiliary,auxiliary,,,cat=PAM_functional_calcium; standard_type=%max; source_kind=primary_article; legacy potency_nM treated as generic endpoint value (not potency)
ACT_19178862,CM00372,PARENT0502,PMID_31248774,ASSY_CHEMBL4386805,PAM_functional_calcium,calcium,%max,=,60.0,,60.0,,Homo sapiens,EXTENDED,auxiliary,auxiliary,,,cat=PAM_functional_calcium; standard_type=%max; source_kind=primary_article; legacy potency_nM treated as generic endpoint value (not potency)
ACT_19178863,CM00240,PARENT0503,PMID_31248774,ASSY_CHEMBL4386805,PAM_functional_calcium,calcium,%max,=,84.0,,84.0,,Homo sapiens,EXTENDED,auxiliary,auxiliary,,,cat=PAM_functional_calcium; standard_type=%max; source_kind=primary_article; legacy potency_nM treated as generic endpoint value (not potency)
ACT_19178864,CM00497,PARENT0504,PMID_31248774,ASSY_CHEMBL4386805,PAM_functional_calcium,calcium,%max,=,87.0,,87.0,,Homo sapiens,EXTENDED,auxiliary,auxiliary,,,cat=PAM_functional_calcium; standard_type=%max; source_kind=primary_article; legacy potency_nM treated as generic endpoint value (not potency)
ACT_19178865,CM00033,PARENT0505,PMID_31248774,ASSY_CHEMBL4386805,PAM_functional_calcium,calcium,%max,=,77.0,,77.0,,Homo sapiens,EXTENDED,auxiliary,auxiliary,,,cat=PAM_functional_calcium; standard_type=%max; source_kind=primary_article; legacy potency_nM treated as generic endpoint value (not potency)
ACT_19178866,CM00081,PARENT0506,PMID_31248774,ASSY_CHEMBL4386805,PAM_functional_calcium,calcium,%max,=,80.0,,80.0,,Homo sapiens,EXTENDED,auxiliary,auxiliary,,,cat=PAM_functional_calcium; standard_type=%max; source_kind=primary_article; legacy potency_nM treated as generic endpoint value (not potency)
ACT_19178867,CM00091,PARENT0507,PMID_31248774,ASSY_CHEMBL4386805,PAM_functional_calcium,calcium,%max,=,66.0,,66.0,,Homo sapiens,EXTENDED,auxiliary,auxiliary,,,cat=PAM_functional_calcium; standard_type=%max; source_kind=primary_article; legacy potency_nM treated as generic endpoint value (not potency)
ACT_19178868,CM00384,PARENT0508,PMID_31248774,ASSY_CHEMBL4386805,PAM_functional_calcium,calcium,%max,=,63.0,,63.0,,Homo sapiens,EXTENDED,auxiliary,auxiliary,,,cat=PAM_functional_calcium; standard_type=%max; source_kind=primary_article; legacy potency_nM treated as generic endpoint value (not potency)
ACT_19178869,CM00785,PARENT0509,PMID_31248774,ASSY_CHEMBL4386805,PAM_functional_calcium,calcium,%max,=,65.0,,65.0,,Homo sapiens,EXTENDED,auxiliary,auxiliary,,,cat=PAM_functional_calcium; standard_type=%max; source_kind=primary_article; legacy potency_nM treated as generic endpoint value (not potency)
ACT_19178870,CM00579,PARENT0510,PMID_31248774,ASSY_CHEMBL4386805,PAM_functional_calcium,calcium,%max,=,76.0,,76.0,,Homo sapiens,EXTENDED,auxiliary,auxiliary,,,cat=PAM_functional_calcium; standard_type=%max; source_kind=primary_article; legacy potency_nM treated as generic endpoint value (not potency)
ACT_19178871,CM00037,PARENT0511,PMID_31248774,ASSY_CHEMBL4386805,PAM_functional_calcium,calcium,%max,=,71.0,,71.0,,Homo sapiens,EXTENDED,auxiliary,auxiliary,,,cat=PAM_functional_calcium; standard_type=%max; source_kind=primary_article; legacy potency_nM treated as generic endpoint value (not potency)
ACT_19178872,CM00139,PARENT0512,PMID_31248774,ASSY_CHEMBL4386805,PAM_functional_calcium,calcium,%max,=,47.0,,47.0,,Homo sapiens,EXTENDED,auxiliary,auxiliary,,,cat=PAM_functional_calcium; standard_type=%max; source_kind=primary_article; legacy potency_nM treated as generic endpoint value (not potency)
ACT_19178873,CM00163,PARENT0513,PMID_31248774,ASSY_CHEMBL4386805,PAM_functional_calcium,calcium,%max,=,85.0,,85.0,,Homo sapiens,EXTENDED,auxiliary,auxiliary,,,cat=PAM_functional_calcium; standard_type=%max; source_kind=primary_article; legacy potency_nM treated as generic endpoint value (not potency)
ACT_19178874,CM00632,PARENT0514,PMID_31248774,ASSY_CHEMBL4386805,PAM_functional_calcium,calcium,%max,=,76.0,,76.0,,Homo sapiens,EXTENDED,auxiliary,auxiliary,,,cat=PAM_functional_calcium; standard_type=%max; source_kind=primary_article; legacy potency_nM treated as generic endpoint value (not potency)
ACT_19178875,CM00387,PARENT0515,PMID_31248774,ASSY_CHEMBL4386805,PAM_functional_calcium,calcium,%max,=,80.0,,80.0,,Homo sapiens,EXTENDED,auxiliary,auxiliary,,,cat=PAM_functional_calcium; standard_type=%max; source_kind=primary_article; legacy potency_nM treated as generic endpoint value (not potency)
ACT_19178876,CM00487,PARENT0516,PMID_31248774,ASSY_CHEMBL4386805,PAM_functional_calcium,calcium,%max,=,80.0,,80.0,,Homo sapiens,EXTENDED,auxiliary,auxiliary,,,cat=PAM_functional_calcium; standard_type=%max; source_kind=primary_article; legacy potency_nM treated as generic endpoint value (not potency)
ACT_19178877,CM00109,PARENT0517,PMID_31248774,ASSY_CHEMBL4386805,PAM_functional_calcium,calcium,%max,=,75.0,,75.0,,Homo sapiens,EXTENDED,auxiliary,auxiliary,,,cat=PAM_functional_calcium; standard_type=%max; source_kind=primary_article; legacy potency_nM treated as generic endpoint value (not potency)
ACT_19178878,CM00510,PARENT0518,PMID_31248774,ASSY_CHEMBL4386805,PAM_functional_calcium,calcium,%max,=,63.0,,63.0,,Homo sapiens,EXTENDED,auxiliary,auxiliary,,,cat=PAM_functional_calcium; standard_type=%max; source_kind=primary_article; legacy potency_nM treated as generic endpoint value (not potency)
ACT_19178879,CM00840,PARENT0519,PMID_31248774,ASSY_CHEMBL4386805,PAM_functional_calcium,calcium,%max,=,84.0,,84.0,,Homo sapiens,EXTENDED,auxiliary,auxiliary,,,cat=PAM_functional_calcium; standard_type=%max; source_kind=primary_article; legacy potency_nM treated as generic endpoint value (not potency)
ACT_19178880,CM00595,PARENT0520,PMID_31248774,ASSY_CHEMBL4386805,PAM_functional_calcium,calcium,%max,=,90.0,,90.0,,Homo sapiens,EXTENDED,auxiliary,auxiliary,,,cat=PAM_functional_calcium; standard_type=%max; source_kind=primary_article; legacy potency_nM treated as generic endpoint value (not potency)
ACT_19178881,CM00067,PARENT0521,PMID_31248774,ASSY_CHEMBL4386805,PAM_functional_calcium,calcium,%max,=,56.0,,56.0,,Homo sapiens,EXTENDED,auxiliary,auxiliary,,,cat=PAM_functional_calcium; standard_type=%max; source_kind=primary_article; legacy potency_nM treated as generic endpoint value (not potency)
ACT_19178882,CM00748,PARENT0522,PMID_31248774,ASSY_CHEMBL4386805,PAM_functional_calcium,calcium,%max,=,89.0,,89.0,,Homo sapiens,EXTENDED,auxiliary,auxiliary,,,cat=PAM_functional_calcium; standard_type=%max; source_kind=primary_article; legacy potency_nM treated as generic endpoint value (not potency)
ACT_19178883,CM00573,PARENT0523,PMID_31248774,ASSY_CHEMBL4386805,PAM_functional_calcium,calcium,%max,=,90.0,,90.0,,Homo sapiens,EXTENDED,auxiliary,auxiliary,,,cat=PAM_functional_calcium; standard_type=%max; source_kind=primary_article; legacy potency_nM treated as generic endpoint value (not potency)
ACT_19178884,CM00377,PARENT0524,PMID_31248774,ASSY_CHEMBL4386805,PAM_functional_calcium,calcium,%max,=,91.0,,91.0,,Homo sapiens,EXTENDED,auxiliary,auxiliary,,,cat=PAM_functional_calcium; standard_type=%max; source_kind=primary_article; legacy potency_nM treated as generic endpoint value (not potency)
ACT_19178885,CM00103,PARENT0525,PMID_31248774,ASSY_CHEMBL4386805,PAM_functional_calcium,calcium,%max,=,94.0,,94.0,,Homo sapiens,EXTENDED,auxiliary,auxiliary,,,cat=PAM_functional_calcium; standard_type=%max; source_kind=primary_article; legacy potency_nM treated as generic endpoint value (not potency)
ACT_19178886,CM00061,PARENT0526,PMID_31248774,ASSY_CHEMBL4386805,PAM_functional_calcium,calcium,%max,=,86.0,,86.0,,Homo sapiens,EXTENDED,auxiliary,auxiliary,,,cat=PAM_functional_calcium; standard_type=%max; source_kind=primary_article; legacy potency_nM treated as generic endpoint value (not potency)
ACT_19178887,CM00449,PARENT0527,PMID_31248774,ASSY_CHEMBL4386805,PAM_functional_calcium,calcium,%max,=,87.0,,87.0,,Homo sapiens,EXTENDED,auxiliary,auxiliary,,,cat=PAM_functional_calcium; standard_type=%max; source_kind=primary_article; legacy potency_nM treated as generic endpoint value (not potency)
ACT_19178888,CM00013,PARENT0528,PMID_31248774,ASSY_CHEMBL4386805,PAM_functional_calcium,calcium,%max,=,91.0,,91.0,,Homo sapiens,EXTENDED,auxiliary,auxiliary,,,cat=PAM_functional_calcium; standard_type=%max; source_kind=primary_article; legacy potency_nM treated as generic endpoint value (not potency)
ACT_19178889,CM00350,PARENT0529,PMID_31248774,ASSY_CHEMBL4386805,PAM_functional_calcium,calcium,%max,=,97.0,,97.0,,Homo sapiens,EXTENDED,auxiliary,auxiliary,,,cat=PAM_functional_calcium; standard_type=%max; source_kind=primary_article; legacy potency_nM treated as generic endpoint value (not potency)
ACT_19178890,CM00752,PARENT0530,PMID_31248774,ASSY_CHEMBL4386805,PAM_functional_calcium,calcium,%max,=,86.0,,86.0,,Homo sapiens,EXTENDED,auxiliary,auxiliary,,,cat=PAM_functional_calcium; standard_type=%max; source_kind=primary_article; legacy potency_nM treated as generic endpoint value (not potency)
ACT_19475612,CM00854,PARENT0531,PMID_27476142,ASSY_CHEMBL4479483,PAM_functional_calcium,calcium,%max,=,63.0,,63.0,,Homo sapiens,EXTENDED,auxiliary,auxiliary,,,cat=PAM_functional_calcium; standard_type=%max; source_kind=primary_article; legacy potency_nM treated as generic endpoint value (not potency)
ACT_19475613,CM00300,PARENT0532,PMID_27476142,ASSY_CHEMBL4479483,PAM_functional_calcium,calcium,%max,=,76.0,,76.0,,Homo sapiens,EXTENDED,auxiliary,auxiliary,,,cat=PAM_functional_calcium; standard_type=%max; source_kind=primary_article; legacy potency_nM treated as generic endpoint value (not potency)
ACT_19475614,CM00872,PARENT0533,PMID_27476142,ASSY_CHEMBL4479483,PAM_functional_calcium,calcium,%max,=,74.0,,74.0,,Homo sapiens,EXTENDED,auxiliary,auxiliary,,,cat=PAM_functional_calcium; standard_type=%max; source_kind=primary_article; legacy potency_nM treated as generic endpoint value (not potency)
ACT_19475615,CM00738,PARENT0534,PMID_27476142,ASSY_CHEMBL4479483,PAM_functional_calcium,calcium,%max,=,45.0,,45.0,,Homo sapiens,EXTENDED,auxiliary,auxiliary,,,cat=PAM_functional_calcium; standard_type=%max; source_kind=primary_article; legacy potency_nM treated as generic endpoint value (not potency)
ACT_19475616,CM00483,PARENT0535,PMID_27476142,ASSY_CHEMBL4479483,PAM_functional_calcium,calcium,%max,=,71.0,,71.0,,Homo sapiens,EXTENDED,auxiliary,auxiliary,,,cat=PAM_functional_calcium; standard_type=%max; source_kind=primary_article; legacy potency_nM treated as generic endpoint value (not potency)
ACT_19475617,CM00266,PARENT0536,PMID_27476142,ASSY_CHEMBL4479483,PAM_functional_calcium,calcium,%max,=,39.0,,39.0,,Homo sapiens,EXTENDED,auxiliary,auxiliary,,,cat=PAM_functional_calcium; standard_type=%max; source_kind=primary_article; legacy potency_nM treated as generic endpoint value (not potency)
ACT_19475618,CM00727,PARENT0537,PMID_27476142,ASSY_CHEMBL4479483,PAM_functional_calcium,calcium,%max,=,45.0,,45.0,,Homo sapiens,EXTENDED,auxiliary,auxiliary,,,cat=PAM_functional_calcium; standard_type=%max; source_kind=primary_article; legacy potency_nM treated as generic endpoint value (not potency)
ACT_19475619,CM00239,PARENT0538,PMID_27476142,ASSY_CHEMBL4479483,PAM_functional_calcium,calcium,%max,=,48.0,,48.0,,Homo sapiens,EXTENDED,auxiliary,auxiliary,,,cat=PAM_functional_calcium; standard_type=%max; source_kind=primary_article; legacy potency_nM treated as generic endpoint value (not potency)
ACT_19475620,CM00501,PARENT0539,PMID_27476142,ASSY_CHEMBL4479483,PAM_functional_calcium,calcium,%max,=,70.0,,70.0,,Homo sapiens,EXTENDED,auxiliary,auxiliary,,,cat=PAM_functional_calcium; standard_type=%max; source_kind=primary_article; legacy potency_nM treated as generic endpoint value (not potency)
ACT_19475621,CM00317,PARENT0540,PMID_27476142,ASSY_CHEMBL4479483,PAM_functional_calcium,calcium,%max,=,47.0,,47.0,,Homo sapiens,EXTENDED,auxiliary,auxiliary,,,cat=PAM_functional_calcium; standard_type=%max; source_kind=primary_article; legacy potency_nM treated as generic endpoint value (not potency)
ACT_19475624,CM00533,PARENT0543,PMID_27476142,ASSY_CHEMBL4479482,PAM_functional_calcium,calcium,EC50,=,75.86,75.86,,,Homo sapiens,CORE,divergent_duplicate_excluded_exact,divergent_duplicate_excluded_exact: unresolved EC50/pEC50 conflict; PAM direction retained; exact value excluded from regression,binary_positive;threshold_positive,,cat=PAM_functional_calcium; standard_type=EC50; source_kind=primary_article; legacy pEC50=7.12 (generic negative-log potency)
ACT_19475640,CM00019,PARENT0548,PMID_27476142,ASSY_CHEMBL4479482,PAM_functional_calcium,calcium,EC50,>,10000.0,10000.0,,,Homo sapiens,CORE,threshold_only_bound,threshold_only_bound,threshold_negative,,cat=PAM_functional_calcium; standard_type=EC50; source_kind=primary_article; censored endpoint bound; relation preserved
ACT_19475641,CM00015,PARENT0549,PMID_27476142,ASSY_CHEMBL4479482,PAM_functional_calcium,calcium,EC50,>,10000.0,10000.0,,,Homo sapiens,CORE,threshold_only_bound,threshold_only_bound,threshold_negative,,cat=PAM_functional_calcium; standard_type=EC50; source_kind=primary_article; censored endpoint bound; relation preserved
ACT_19475642,CM00191,PARENT0550,PMID_27476142,ASSY_CHEMBL4479482,PAM_functional_calcium,calcium,EC50,>,10000.0,10000.0,,,Homo sapiens,CORE,threshold_only_bound,threshold_only_bound,threshold_negative,,cat=PAM_functional_calcium; standard_type=EC50; source_kind=primary_article; censored endpoint bound; relation preserved
ACT_19475643,CM00427,PARENT0551,PMID_27476142,ASSY_CHEMBL4479482,PAM_functional_calcium,calcium,EC50,>,10000.0,10000.0,,,Homo sapiens,CORE,threshold_only_bound,threshold_only_bound,threshold_negative,,cat=PAM_functional_calcium; standard_type=EC50; source_kind=primary_article; censored endpoint bound; relation preserved
ACT_19475644,CM00314,PARENT0552,PMID_27476142,ASSY_CHEMBL4479482,PAM_functional_calcium,calcium,EC50,>,10000.0,10000.0,,,Homo sapiens,CORE,threshold_only_bound,threshold_only_bound,threshold_negative,,cat=PAM_functional_calcium; standard_type=EC50; source_kind=primary_article; censored endpoint bound; relation preserved
ACT_19475645,CM00285,PARENT0553,PMID_27476142,ASSY_CHEMBL4479482,PAM_functional_calcium,calcium,EC50,>,10000.0,10000.0,,,Homo sapiens,CORE,threshold_only_bound,threshold_only_bound,threshold_negative,,cat=PAM_functional_calcium; standard_type=EC50; source_kind=primary_article; censored endpoint bound; relation preserved
ACT_19475646,CM00693,PARENT0554,PMID_27476142,ASSY_CHEMBL4479482,PAM_functional_calcium,calcium,EC50,>,10000.0,10000.0,,,Homo sapiens,CORE,threshold_only_bound,threshold_only_bound,threshold_negative,,cat=PAM_functional_calcium; standard_type=EC50; source_kind=primary_article; censored endpoint bound; relation preserved
ACT_19475647,CM00345,PARENT0555,PMID_27476142,ASSY_CHEMBL4479482,PAM_functional_calcium,calcium,EC50,>,10000.0,10000.0,,,Homo sapiens,CORE,threshold_only_bound,threshold_only_bound,threshold_negative,,cat=PAM_functional_calcium; standard_type=EC50; source_kind=primary_article; censored endpoint bound; relation preserved
ACT_19475648,CM00346,PARENT0556,PMID_27476142,ASSY_CHEMBL4479482,PAM_functional_calcium,calcium,EC50,>,10000.0,10000.0,,,Homo sapiens,CORE,threshold_only_bound,threshold_only_bound,threshold_negative,,cat=PAM_functional_calcium; standard_type=EC50; source_kind=primary_article; censored endpoint bound; relation preserved
ACT_19475649,CM00158,PARENT0557,PMID_27476142,ASSY_CHEMBL4479482,PAM_functional_calcium,calcium,EC50,>,10000.0,10000.0,,,Homo sapiens,CORE,threshold_only_bound,threshold_only_bound,threshold_negative,,cat=PAM_functional_calcium; standard_type=EC50; source_kind=primary_article; censored endpoint bound; relation preserved
ACT_19475650,CM00452,PARENT0558,PMID_27476142,ASSY_CHEMBL4479482,PAM_functional_calcium,calcium,EC50,>,10000.0,10000.0,,,Homo sapiens,CORE,threshold_only_bound,threshold_only_bound,threshold_negative,,cat=PAM_functional_calcium; standard_type=EC50; source_kind=primary_article; censored endpoint bound; relation preserved
ACT_19475651,CM00172,PARENT0559,PMID_27476142,ASSY_CHEMBL4479482,PAM_functional_calcium,calcium,EC50,>,10000.0,10000.0,,,Homo sapiens,CORE,threshold_only_bound,threshold_only_bound,threshold_negative,,cat=PAM_functional_calcium; standard_type=EC50; source_kind=primary_article; censored endpoint bound; relation preserved
ACT_19475652,CM00215,PARENT0560,PMID_27476142,ASSY_CHEMBL4479482,PAM_functional_calcium,calcium,EC50,>,10000.0,10000.0,,,Homo sapiens,CORE,threshold_only_bound,threshold_only_bound,threshold_negative,,cat=PAM_functional_calcium; standard_type=EC50; source_kind=primary_article; censored endpoint bound; relation preserved
ACT_19475653,CM00859,PARENT0561,PMID_27476142,ASSY_CHEMBL4479482,PAM_functional_calcium,calcium,EC50,>,10000.0,10000.0,,,Homo sapiens,CORE,threshold_only_bound,threshold_only_bound,threshold_negative,,cat=PAM_functional_calcium; standard_type=EC50; source_kind=primary_article; censored endpoint bound; relation preserved
ACT_19475654,CM00093,PARENT0562,PMID_27476142,ASSY_CHEMBL4479482,PAM_functional_calcium,calcium,EC50,>,10000.0,10000.0,,,Homo sapiens,CORE,threshold_only_bound,threshold_only_bound,threshold_negative,,cat=PAM_functional_calcium; standard_type=EC50; source_kind=primary_article; censored endpoint bound; relation preserved
ACT_19475655,CM00065,PARENT0563,PMID_27476142,ASSY_CHEMBL4479482,PAM_functional_calcium,calcium,EC50,>,10000.0,10000.0,,,Homo sapiens,CORE,threshold_only_bound,threshold_only_bound,threshold_negative,,cat=PAM_functional_calcium; standard_type=EC50; source_kind=primary_article; censored endpoint bound; relation preserved
ACT_19475660,CM00533,PARENT0543,PMID_27476142,ASSY_CHEMBL4479482,PAM_functional_calcium,calcium,EC50,=,37.0,37.0,,,Homo sapiens,CORE,divergent_duplicate_excluded_exact,divergent_duplicate_excluded_exact: unresolved EC50/pEC50 conflict; PAM direction retained; exact value excluded from regression,binary_positive;threshold_positive,,cat=PAM_functional_calcium; standard_type=EC50; source_kind=primary_article; legacy pEC50=7.43 (generic negative-log potency)
ACT_19475674,CM00186,PARENT0546,PMID_27476142,ASSY_CHEMBL4479483,PAM_functional_calcium,calcium,%max,=,55.0,,55.0,,Homo sapiens,EXTENDED,auxiliary,auxiliary,,,cat=PAM_functional_calcium; standard_type=%max; source_kind=primary_article; legacy potency_nM treated as generic endpoint value (not potency)
ACT_19475675,CM00233,PARENT0545,PMID_27476142,ASSY_CHEMBL4479483,PAM_functional_calcium,calcium,%max,=,74.0,,74.0,,Homo sapiens,EXTENDED,auxiliary,auxiliary,,,cat=PAM_functional_calcium; standard_type=%max; source_kind=primary_article; legacy potency_nM treated as generic endpoint value (not potency)
ACT_19475676,CM00788,PARENT0544,PMID_27476142,ASSY_CHEMBL4479483,PAM_functional_calcium,calcium,%max,=,76.0,,76.0,,Homo sapiens,EXTENDED,auxiliary,auxiliary,,,cat=PAM_functional_calcium; standard_type=%max; source_kind=primary_article; legacy potency_nM treated as generic endpoint value (not potency)
ACT_19475677,CM00533,PARENT0543,PMID_27476142,ASSY_CHEMBL4479483,PAM_functional_calcium,calcium,%max,=,63.8,,63.8,,Homo sapiens,EXTENDED,auxiliary,auxiliary,,,cat=PAM_functional_calcium; standard_type=%max; source_kind=primary_article; legacy potency_nM treated as generic endpoint value (not potency)
ACT_19475678,CM00475,PARENT0542,PMID_27476142,ASSY_CHEMBL4479483,PAM_functional_calcium,calcium,%max,=,59.1,,59.1,,Homo sapiens,EXTENDED,auxiliary,auxiliary,,,cat=PAM_functional_calcium; standard_type=%max; source_kind=primary_article; legacy potency_nM treated as generic endpoint value (not potency)
ACT_19475679,CM00104,PARENT0541,PMID_27476142,ASSY_CHEMBL4479483,PAM_functional_calcium,calcium,%max,=,69.1,,69.1,,Homo sapiens,EXTENDED,auxiliary,auxiliary,,,cat=PAM_functional_calcium; standard_type=%max; source_kind=primary_article; legacy potency_nM treated as generic endpoint value (not potency)
ACT_19475680,CM00686,PARENT0547,PMID_27476142,ASSY_CHEMBL4479483,PAM_functional_calcium,calcium,%max,=,76.0,,76.0,,Homo sapiens,EXTENDED,auxiliary,auxiliary,,,cat=PAM_functional_calcium; standard_type=%max; source_kind=primary_article; legacy potency_nM treated as generic endpoint value (not potency)
ACT_20630003,CM00010,PARENT0572,PMID_31784320,ASSY_CHEMBL4610613,PAM_functional_calcium,calcium,EC50,>,10000.0,10000.0,,,Homo sapiens,CORE,threshold_only_bound,threshold_only_bound,threshold_negative,,cat=PAM_functional_calcium; standard_type=EC50; source_kind=primary_article; censored endpoint bound; relation preserved; assay-context negative result; same parent has PAM evidence in other assay contexts - not a parent-level inactivity declaration
ACT_20630028,CM00807,PARENT0597,PMID_31784320,ASSY_CHEMBL4610613,PAM_functional_calcium,calcium,EC50,>,10000.0,10000.0,,,Homo sapiens,CORE,threshold_only_bound,threshold_only_bound,threshold_negative,,cat=PAM_functional_calcium; standard_type=EC50; source_kind=primary_article; censored endpoint bound; relation preserved; assay-context negative result; same parent has PAM evidence in other assay contexts - not a parent-level inactivity declaration
ACT_20630042,CM00767,PARENT0570,PMID_31784320,ASSY_CHEMBL4610614,PAM_functional_calcium,calcium,%max,=,37.0,,37.0,,Homo sapiens,EXTENDED,auxiliary,auxiliary,,,cat=PAM_functional_calcium; standard_type=%max; source_kind=primary_article; legacy potency_nM treated as generic endpoint value (not potency)
ACT_20630044,CM00010,PARENT0572,PMID_31784320,ASSY_CHEMBL4610614,PAM_functional_calcium,calcium,%max,=,52.0,,52.0,,Homo sapiens,EXTENDED,auxiliary,auxiliary,,,cat=PAM_functional_calcium; standard_type=%max; source_kind=primary_article; legacy potency_nM treated as generic endpoint value (not potency)
ACT_20630045,CM00673,PARENT0573,PMID_31784320,ASSY_CHEMBL4610614,PAM_functional_calcium,calcium,%max,=,99.0,,99.0,,Homo sapiens,EXTENDED,auxiliary,auxiliary,,,cat=PAM_functional_calcium; standard_type=%max; source_kind=primary_article; legacy potency_nM treated as generic endpoint value (not potency)
ACT_20630046,CM00365,PARENT0574,PMID_31784320,ASSY_CHEMBL4610614,PAM_functional_calcium,calcium,%max,=,62.0,,62.0,,Homo sapiens,EXTENDED,auxiliary,auxiliary,,,cat=PAM_functional_calcium; standard_type=%max; source_kind=primary_article; legacy potency_nM treated as generic endpoint value (not potency)
ACT_20630047,CM00504,PARENT0575,PMID_31784320,ASSY_CHEMBL4610614,PAM_functional_calcium,calcium,%max,=,73.0,,73.0,,Homo sapiens,EXTENDED,auxiliary,auxiliary,,,cat=PAM_functional_calcium; standard_type=%max; source_kind=primary_article; legacy potency_nM treated as generic endpoint value (not potency)
ACT_20630048,CM00690,PARENT0576,PMID_31784320,ASSY_CHEMBL4610614,PAM_functional_calcium,calcium,%max,=,53.0,,53.0,,Homo sapiens,EXTENDED,auxiliary,auxiliary,,,cat=PAM_functional_calcium; standard_type=%max; source_kind=primary_article; legacy potency_nM treated as generic endpoint value (not potency)
ACT_20630049,CM00466,PARENT0577,PMID_31784320,ASSY_CHEMBL4610614,PAM_functional_calcium,calcium,%max,=,35.0,,35.0,,Homo sapiens,EXTENDED,auxiliary,auxiliary,,,cat=PAM_functional_calcium; standard_type=%max; source_kind=primary_article; legacy potency_nM treated as generic endpoint value (not potency)
ACT_20630050,CM00621,PARENT0578,PMID_31784320,ASSY_CHEMBL4610614,PAM_functional_calcium,calcium,%max,=,68.0,,68.0,,Homo sapiens,EXTENDED,auxiliary,auxiliary,,,cat=PAM_functional_calcium; standard_type=%max; source_kind=primary_article; legacy potency_nM treated as generic endpoint value (not potency)
ACT_20630051,CM00688,PARENT0579,PMID_31784320,ASSY_CHEMBL4610614,PAM_functional_calcium,calcium,%max,=,86.0,,86.0,,Homo sapiens,EXTENDED,auxiliary,auxiliary,,,cat=PAM_functional_calcium; standard_type=%max; source_kind=primary_article; legacy potency_nM treated as generic endpoint value (not potency)
ACT_20630052,CM00297,PARENT0580,PMID_31784320,ASSY_CHEMBL4610614,PAM_functional_calcium,calcium,%max,=,94.0,,94.0,,Homo sapiens,EXTENDED,auxiliary,auxiliary,,,cat=PAM_functional_calcium; standard_type=%max; source_kind=primary_article; legacy potency_nM treated as generic endpoint value (not potency)
ACT_20630053,CM00095,PARENT0581,PMID_31784320,ASSY_CHEMBL4610614,PAM_functional_calcium,calcium,%max,=,89.0,,89.0,,Homo sapiens,EXTENDED,auxiliary,auxiliary,,,cat=PAM_functional_calcium; standard_type=%max; source_kind=primary_article; legacy potency_nM treated as generic endpoint value (not potency)
ACT_20630054,CM00212,PARENT0582,PMID_31784320,ASSY_CHEMBL4610614,PAM_functional_calcium,calcium,%max,=,64.0,,64.0,,Homo sapiens,EXTENDED,auxiliary,auxiliary,,,cat=PAM_functional_calcium; standard_type=%max; source_kind=primary_article; legacy potency_nM treated as generic endpoint value (not potency)
ACT_20630055,CM00747,PARENT0583,PMID_31784320,ASSY_CHEMBL4610614,PAM_functional_calcium,calcium,%max,=,68.0,,68.0,,Homo sapiens,EXTENDED,auxiliary,auxiliary,,,cat=PAM_functional_calcium; standard_type=%max; source_kind=primary_article; legacy potency_nM treated as generic endpoint value (not potency)
ACT_20630056,CM00098,PARENT0584,PMID_31784320,ASSY_CHEMBL4610614,PAM_functional_calcium,calcium,%max,=,54.0,,54.0,,Homo sapiens,EXTENDED,auxiliary,auxiliary,,,cat=PAM_functional_calcium; standard_type=%max; source_kind=primary_article; legacy potency_nM treated as generic endpoint value (not potency)
ACT_20630058,CM00394,PARENT0586,PMID_31784320,ASSY_CHEMBL4610614,PAM_functional_calcium,calcium,%max,=,34.0,,34.0,,Homo sapiens,EXTENDED,auxiliary,auxiliary,,,cat=PAM_functional_calcium; standard_type=%max; source_kind=primary_article; legacy potency_nM treated as generic endpoint value (not potency)
ACT_20630068,CM00807,PARENT0597,PMID_31784320,ASSY_CHEMBL4610614,PAM_functional_calcium,calcium,%max,=,31.0,,31.0,,Homo sapiens,EXTENDED,auxiliary,auxiliary,,,cat=PAM_functional_calcium; standard_type=%max; source_kind=primary_article; legacy potency_nM treated as generic endpoint value (not potency)
ACT_20630069,CM00729,PARENT0598,PMID_31784320,ASSY_CHEMBL4610614,PAM_functional_calcium,calcium,%max,=,95.0,,95.0,,Homo sapiens,EXTENDED,auxiliary,auxiliary,,,cat=PAM_functional_calcium; standard_type=%max; source_kind=primary_article; legacy potency_nM treated as generic endpoint value (not potency)
ACT_20630071,CM00428,PARENT0600,PMID_31784320,ASSY_CHEMBL4610614,PAM_functional_calcium,calcium,%max,=,51.0,,51.0,,Homo sapiens,EXTENDED,auxiliary,auxiliary,,,cat=PAM_functional_calcium; standard_type=%max; source_kind=primary_article; legacy potency_nM treated as generic endpoint value (not potency)
ACT_20630072,CM00276,PARENT0601,PMID_31784320,ASSY_CHEMBL4610614,PAM_functional_calcium,calcium,%max,=,38.0,,38.0,,Homo sapiens,EXTENDED,auxiliary,auxiliary,,,cat=PAM_functional_calcium; standard_type=%max; source_kind=primary_article; legacy potency_nM treated as generic endpoint value (not potency)
ACT_20630073,CM00642,PARENT0602,PMID_31784320,ASSY_CHEMBL4610614,PAM_functional_calcium,calcium,%max,=,35.0,,35.0,,Homo sapiens,EXTENDED,auxiliary,auxiliary,,,cat=PAM_functional_calcium; standard_type=%max; source_kind=primary_article; legacy potency_nM treated as generic endpoint value (not potency)
ACT_20630074,CM00100,PARENT0603,PMID_31784320,ASSY_CHEMBL4610614,PAM_functional_calcium,calcium,%max,=,55.0,,55.0,,Homo sapiens,EXTENDED,auxiliary,auxiliary,,,cat=PAM_functional_calcium; standard_type=%max; source_kind=primary_article; legacy potency_nM treated as generic endpoint value (not potency)
ACT_20630075,CM00556,PARENT0604,PMID_31784320,ASSY_CHEMBL4610614,PAM_functional_calcium,calcium,%max,=,57.0,,57.0,,Homo sapiens,EXTENDED,auxiliary,auxiliary,,,cat=PAM_functional_calcium; standard_type=%max; source_kind=primary_article; legacy potency_nM treated as generic endpoint value (not potency)
ACT_20630076,CM00742,PARENT0605,PMID_31784320,ASSY_CHEMBL4610614,PAM_functional_calcium,calcium,%max,=,89.0,,89.0,,Homo sapiens,EXTENDED,auxiliary,auxiliary,,,cat=PAM_functional_calcium; standard_type=%max; source_kind=primary_article; legacy potency_nM treated as generic endpoint value (not potency)
ACT_20630077,CM00357,PARENT0606,PMID_31784320,ASSY_CHEMBL4610614,PAM_functional_calcium,calcium,%max,=,83.0,,83.0,,Homo sapiens,EXTENDED,auxiliary,auxiliary,,,cat=PAM_functional_calcium; standard_type=%max; source_kind=primary_article; legacy potency_nM treated as generic endpoint value (not potency)
ACT_20630385,CM00177,PARENT0607,PMID_31787491,ASSY_CHEMBL4610690,PAM_functional_calcium,calcium,%max,=,81.0,,81.0,,Homo sapiens,EXTENDED,auxiliary,auxiliary,,,cat=PAM_functional_calcium; standard_type=%max; source_kind=primary_article; legacy potency_nM treated as generic endpoint value (not potency)
ACT_20630386,CM00665,PARENT0608,PMID_31787491,ASSY_CHEMBL4610690,PAM_functional_calcium,calcium,%max,=,74.0,,74.0,,Homo sapiens,EXTENDED,auxiliary,auxiliary,,,cat=PAM_functional_calcium; standard_type=%max; source_kind=primary_article; legacy potency_nM treated as generic endpoint value (not potency)
ACT_20630387,CM00801,PARENT0609,PMID_31787491,ASSY_CHEMBL4610690,PAM_functional_calcium,calcium,%max,=,97.0,,97.0,,Homo sapiens,EXTENDED,auxiliary,auxiliary,,,cat=PAM_functional_calcium; standard_type=%max; source_kind=primary_article; legacy potency_nM treated as generic endpoint value (not potency)
ACT_20630388,CM00806,PARENT0610,PMID_31787491,ASSY_CHEMBL4610690,PAM_functional_calcium,calcium,%max,=,69.0,,69.0,,Homo sapiens,EXTENDED,auxiliary,auxiliary,,,cat=PAM_functional_calcium; standard_type=%max; source_kind=primary_article; legacy potency_nM treated as generic endpoint value (not potency)
ACT_20630389,CM00436,PARENT0611,PMID_31787491,ASSY_CHEMBL4610690,PAM_functional_calcium,calcium,%max,=,93.0,,93.0,,Homo sapiens,EXTENDED,auxiliary,auxiliary,,,cat=PAM_functional_calcium; standard_type=%max; source_kind=primary_article; legacy potency_nM treated as generic endpoint value (not potency)
ACT_20630390,CM00797,PARENT0612,PMID_31787491,ASSY_CHEMBL4610690,PAM_functional_calcium,calcium,%max,=,63.0,,63.0,,Homo sapiens,EXTENDED,auxiliary,auxiliary,,,cat=PAM_functional_calcium; standard_type=%max; source_kind=primary_article; legacy potency_nM treated as generic endpoint value (not potency)
ACT_20630391,CM00259,PARENT0613,PMID_31787491,ASSY_CHEMBL4610690,PAM_functional_calcium,calcium,%max,=,65.0,,65.0,,Homo sapiens,EXTENDED,auxiliary,auxiliary,,,cat=PAM_functional_calcium; standard_type=%max; source_kind=primary_article; legacy potency_nM treated as generic endpoint value (not potency)
ACT_20630392,CM00808,PARENT0614,PMID_31787491,ASSY_CHEMBL4610690,PAM_functional_calcium,calcium,%max,=,71.0,,71.0,,Homo sapiens,EXTENDED,auxiliary,auxiliary,,,cat=PAM_functional_calcium; standard_type=%max; source_kind=primary_article; legacy potency_nM treated as generic endpoint value (not potency)
ACT_20630393,CM00828,PARENT0615,PMID_31787491,ASSY_CHEMBL4610690,PAM_functional_calcium,calcium,%max,=,83.0,,83.0,,Homo sapiens,EXTENDED,auxiliary,auxiliary,,,cat=PAM_functional_calcium; standard_type=%max; source_kind=primary_article; legacy potency_nM treated as generic endpoint value (not potency)
ACT_20630394,CM00383,PARENT0616,PMID_31787491,ASSY_CHEMBL4610690,PAM_functional_calcium,calcium,%max,=,79.0,,79.0,,Homo sapiens,EXTENDED,auxiliary,auxiliary,,,cat=PAM_functional_calcium; standard_type=%max; source_kind=primary_article; legacy potency_nM treated as generic endpoint value (not potency)
ACT_20630395,CM00855,PARENT0617,PMID_31787491,ASSY_CHEMBL4610690,PAM_functional_calcium,calcium,%max,=,60.0,,60.0,,Homo sapiens,EXTENDED,auxiliary,auxiliary,,,cat=PAM_functional_calcium; standard_type=%max; source_kind=primary_article; legacy potency_nM treated as generic endpoint value (not potency)
ACT_20630396,CM00241,PARENT0618,PMID_31787491,ASSY_CHEMBL4610690,PAM_functional_calcium,calcium,%max,=,94.0,,94.0,,Homo sapiens,EXTENDED,auxiliary,auxiliary,,,cat=PAM_functional_calcium; standard_type=%max; source_kind=primary_article; legacy potency_nM treated as generic endpoint value (not potency)
ACT_20630397,CM00823,PARENT0619,PMID_31787491,ASSY_CHEMBL4610690,PAM_functional_calcium,calcium,%max,=,80.0,,80.0,,Homo sapiens,EXTENDED,auxiliary,auxiliary,,,cat=PAM_functional_calcium; standard_type=%max; source_kind=primary_article; legacy potency_nM treated as generic endpoint value (not potency)
ACT_20630398,CM00862,PARENT0620,PMID_31787491,ASSY_CHEMBL4610690,PAM_functional_calcium,calcium,%max,=,84.0,,84.0,,Homo sapiens,EXTENDED,auxiliary,auxiliary,,,cat=PAM_functional_calcium; standard_type=%max; source_kind=primary_article; legacy potency_nM treated as generic endpoint value (not potency)
ACT_20630399,CM00442,PARENT0621,PMID_31787491,ASSY_CHEMBL4610690,PAM_functional_calcium,calcium,%max,=,101.0,,101.0,,Homo sapiens,EXTENDED,auxiliary,auxiliary,,,cat=PAM_functional_calcium; standard_type=%max; source_kind=primary_article; legacy potency_nM treated as generic endpoint value (not potency)
ACT_20630400,CM00318,PARENT0622,PMID_31787491,ASSY_CHEMBL4610690,PAM_functional_calcium,calcium,%max,=,86.0,,86.0,,Homo sapiens,EXTENDED,auxiliary,auxiliary,,,cat=PAM_functional_calcium; standard_type=%max; source_kind=primary_article; legacy potency_nM treated as generic endpoint value (not potency)
ACT_20630401,CM00044,PARENT0623,PMID_31787491,ASSY_CHEMBL4610690,PAM_functional_calcium,calcium,%max,=,100.0,,100.0,,Homo sapiens,EXTENDED,auxiliary,auxiliary,,,cat=PAM_functional_calcium; standard_type=%max; source_kind=primary_article; legacy potency_nM treated as generic endpoint value (not potency)
ACT_20630402,CM00814,PARENT0624,PMID_31787491,ASSY_CHEMBL4610690,PAM_functional_calcium,calcium,%max,=,100.0,,100.0,,Homo sapiens,EXTENDED,auxiliary,auxiliary,,,cat=PAM_functional_calcium; standard_type=%max; source_kind=primary_article; legacy potency_nM treated as generic endpoint value (not potency)
ACT_20630403,CM00016,PARENT0625,PMID_31787491,ASSY_CHEMBL4610690,PAM_functional_calcium,calcium,%max,=,90.0,,90.0,,Homo sapiens,EXTENDED,auxiliary,auxiliary,,,cat=PAM_functional_calcium; standard_type=%max; source_kind=primary_article; legacy potency_nM treated as generic endpoint value (not potency)
ACT_20630404,CM00028,PARENT0626,PMID_31787491,ASSY_CHEMBL4610690,PAM_functional_calcium,calcium,%max,=,86.0,,86.0,,Homo sapiens,EXTENDED,auxiliary,auxiliary,,,cat=PAM_functional_calcium; standard_type=%max; source_kind=primary_article; legacy potency_nM treated as generic endpoint value (not potency)
ACT_20630405,CM00027,PARENT0627,PMID_31787491,ASSY_CHEMBL4610690,PAM_functional_calcium,calcium,%max,=,86.0,,86.0,,Homo sapiens,EXTENDED,auxiliary,auxiliary,,,cat=PAM_functional_calcium; standard_type=%max; source_kind=primary_article; legacy potency_nM treated as generic endpoint value (not potency)
ACT_20630406,CM00805,PARENT0628,PMID_31787491,ASSY_CHEMBL4610690,PAM_functional_calcium,calcium,%max,=,95.0,,95.0,,Homo sapiens,EXTENDED,auxiliary,auxiliary,,,cat=PAM_functional_calcium; standard_type=%max; source_kind=primary_article; legacy potency_nM treated as generic endpoint value (not potency)
ACT_20630407,CM00822,PARENT0629,PMID_31787491,ASSY_CHEMBL4610690,PAM_functional_calcium,calcium,%max,=,90.0,,90.0,,Homo sapiens,EXTENDED,auxiliary,auxiliary,,,cat=PAM_functional_calcium; standard_type=%max; source_kind=primary_article; legacy potency_nM treated as generic endpoint value (not potency)
ACT_20630408,CM00476,PARENT0630,PMID_31787491,ASSY_CHEMBL4610690,PAM_functional_calcium,calcium,%max,=,98.0,,98.0,,Homo sapiens,EXTENDED,auxiliary,auxiliary,,,cat=PAM_functional_calcium; standard_type=%max; source_kind=primary_article; legacy potency_nM treated as generic endpoint value (not potency)
ACT_20630409,CM00137,PARENT0631,PMID_31787491,ASSY_CHEMBL4610690,PAM_functional_calcium,calcium,%max,=,76.0,,76.0,,Homo sapiens,EXTENDED,auxiliary,auxiliary,,,cat=PAM_functional_calcium; standard_type=%max; source_kind=primary_article; legacy potency_nM treated as generic endpoint value (not potency)
ACT_20630410,CM00014,PARENT0632,PMID_31787491,ASSY_CHEMBL4610690,PAM_functional_calcium,calcium,%max,=,74.0,,74.0,,Homo sapiens,EXTENDED,auxiliary,auxiliary,,,cat=PAM_functional_calcium; standard_type=%max; source_kind=primary_article; legacy potency_nM treated as generic endpoint value (not potency)
ACT_20630411,CM00583,PARENT0633,PMID_31787491,ASSY_CHEMBL4610690,PAM_functional_calcium,calcium,%max,=,86.0,,86.0,,Homo sapiens,EXTENDED,auxiliary,auxiliary,,,cat=PAM_functional_calcium; standard_type=%max; source_kind=primary_article; legacy potency_nM treated as generic endpoint value (not potency)
ACT_20630412,CM00844,PARENT0634,PMID_31787491,ASSY_CHEMBL4610690,PAM_functional_calcium,calcium,%max,=,86.0,,86.0,,Homo sapiens,EXTENDED,auxiliary,auxiliary,,,cat=PAM_functional_calcium; standard_type=%max; source_kind=primary_article; legacy potency_nM treated as generic endpoint value (not potency)
ACT_20630413,CM00114,PARENT0635,PMID_31787491,ASSY_CHEMBL4610690,PAM_functional_calcium,calcium,%max,=,80.0,,80.0,,Homo sapiens,EXTENDED,auxiliary,auxiliary,,,cat=PAM_functional_calcium; standard_type=%max; source_kind=primary_article; legacy potency_nM treated as generic endpoint value (not potency)
ACT_20630414,CM00500,PARENT0636,PMID_31787491,ASSY_CHEMBL4610690,PAM_functional_calcium,calcium,%max,=,80.0,,80.0,,Homo sapiens,EXTENDED,auxiliary,auxiliary,,,cat=PAM_functional_calcium; standard_type=%max; source_kind=primary_article; legacy potency_nM treated as generic endpoint value (not potency)
ACT_20630415,CM00195,PARENT0637,PMID_31787491,ASSY_CHEMBL4610690,PAM_functional_calcium,calcium,%max,=,93.0,,93.0,,Homo sapiens,EXTENDED,auxiliary,auxiliary,,,cat=PAM_functional_calcium; standard_type=%max; source_kind=primary_article; legacy potency_nM treated as generic endpoint value (not potency)
ACT_20630416,CM00368,PARENT0638,PMID_31787491,ASSY_CHEMBL4610690,PAM_functional_calcium,calcium,%max,=,96.0,,96.0,,Homo sapiens,EXTENDED,auxiliary,auxiliary,,,cat=PAM_functional_calcium; standard_type=%max; source_kind=primary_article; legacy potency_nM treated as generic endpoint value (not potency)
ACT_20630417,CM00003,PARENT0639,PMID_31787491,ASSY_CHEMBL4610690,PAM_functional_calcium,calcium,%max,=,85.0,,85.0,,Homo sapiens,EXTENDED,auxiliary,auxiliary,,,cat=PAM_functional_calcium; standard_type=%max; source_kind=primary_article; legacy potency_nM treated as generic endpoint value (not potency)
ACT_20630418,CM00826,PARENT0640,PMID_31787491,ASSY_CHEMBL4610690,PAM_functional_calcium,calcium,%max,=,78.0,,78.0,,Homo sapiens,EXTENDED,auxiliary,auxiliary,,,cat=PAM_functional_calcium; standard_type=%max; source_kind=primary_article; legacy potency_nM treated as generic endpoint value (not potency)
ACT_20630419,CM00145,PARENT0641,PMID_31787491,ASSY_CHEMBL4610690,PAM_functional_calcium,calcium,%max,=,103.0,,103.0,,Homo sapiens,EXTENDED,auxiliary,auxiliary,,,cat=PAM_functional_calcium; standard_type=%max; source_kind=primary_article; legacy potency_nM treated as generic endpoint value (not potency)
ACT_20630420,CM00572,PARENT0642,PMID_31787491,ASSY_CHEMBL4610690,PAM_functional_calcium,calcium,%max,=,90.0,,90.0,,Homo sapiens,EXTENDED,auxiliary,auxiliary,,,cat=PAM_functional_calcium; standard_type=%max; source_kind=primary_article; legacy potency_nM treated as generic endpoint value (not potency)
ACT_20684174,CM00149,PARENT0643,PMID_32386953,ASSY_CHEMBL4623759,PAM_functional_calcium,calcium,FC,=,1.0,,,1.0,Homo sapiens,EXTENDED,fold_shift,fold_shift,,,cat=PAM_functional_calcium; standard_type=FC; source_kind=primary_article; legacy potency_nM treated as generic endpoint value (not potency)
ACT_223310,CM00153,PARENT0001,PMID_11881995,ASSY_CHEMBL744009,binding_cooperativity,binding/cooperativity,Cooperativity,=,0.8,,,,Homo sapiens,EXPLORATORY,auxiliary,auxiliary,,,cat=binding_cooperativity; standard_type=Cooperativity; source_kind=primary_article; legacy potency_nM treated as generic endpoint value (not potency)
ACT_22392716,CM00169,PARENT0666,PMID_31113706,ASSY_CHEMBL4667426,PAM_functional_calcium,calcium,EC50,>,30000.0,30000.0,,,Homo sapiens,CORE,threshold_only_bound,threshold_only_bound,threshold_negative,,cat=PAM_functional_calcium; standard_type=EC50; source_kind=primary_article; censored endpoint bound; relation preserved
ACT_22392721,CM00386,PARENT0644,PMID_31113706,ASSY_CHEMBL4667427,PAM_functional_calcium,calcium,%max,=,79.0,,79.0,,Homo sapiens,EXTENDED,auxiliary,auxiliary,,,cat=PAM_functional_calcium; standard_type=%max; source_kind=primary_article; legacy potency_nM treated as generic endpoint value (not potency)
ACT_22392722,CM00825,PARENT0645,PMID_31113706,ASSY_CHEMBL4667427,PAM_functional_calcium,calcium,%max,=,73.0,,73.0,,Homo sapiens,EXTENDED,auxiliary,auxiliary,,,cat=PAM_functional_calcium; standard_type=%max; source_kind=primary_article; legacy potency_nM treated as generic endpoint value (not potency)
ACT_22392723,CM00756,PARENT0646,PMID_31113706,ASSY_CHEMBL4667427,PAM_functional_calcium,calcium,%max,=,81.0,,81.0,,Homo sapiens,EXTENDED,auxiliary,auxiliary,,,cat=PAM_functional_calcium; standard_type=%max; source_kind=primary_article; legacy potency_nM treated as generic endpoint value (not potency)
ACT_22392724,CM00108,PARENT0647,PMID_31113706,ASSY_CHEMBL4667427,PAM_functional_calcium,calcium,%max,=,83.0,,83.0,,Homo sapiens,EXTENDED,auxiliary,auxiliary,,,cat=PAM_functional_calcium; standard_type=%max; source_kind=primary_article; legacy potency_nM treated as generic endpoint value (not potency)
ACT_22392725,CM00124,PARENT0648,PMID_31113706,ASSY_CHEMBL4667427,PAM_functional_calcium,calcium,%max,=,71.0,,71.0,,Homo sapiens,EXTENDED,auxiliary,auxiliary,,,cat=PAM_functional_calcium; standard_type=%max; source_kind=primary_article; legacy potency_nM treated as generic endpoint value (not potency)
ACT_22392726,CM00582,PARENT0649,PMID_31113706,ASSY_CHEMBL4667427,PAM_functional_calcium,calcium,%max,=,86.0,,86.0,,Homo sapiens,EXTENDED,auxiliary,auxiliary,,,cat=PAM_functional_calcium; standard_type=%max; source_kind=primary_article; legacy potency_nM treated as generic endpoint value (not potency)
ACT_22392727,CM00311,PARENT0650,PMID_31113706,ASSY_CHEMBL4667427,PAM_functional_calcium,calcium,%max,=,90.0,,90.0,,Homo sapiens,EXTENDED,auxiliary,auxiliary,,,cat=PAM_functional_calcium; standard_type=%max; source_kind=primary_article; legacy potency_nM treated as generic endpoint value (not potency)
ACT_22392728,CM00704,PARENT0651,PMID_31113706,ASSY_CHEMBL4667427,PAM_functional_calcium,calcium,%max,=,59.0,,59.0,,Homo sapiens,EXTENDED,auxiliary,auxiliary,,,cat=PAM_functional_calcium; standard_type=%max; source_kind=primary_article; legacy potency_nM treated as generic endpoint value (not potency)
ACT_22392729,CM00836,PARENT0652,PMID_31113706,ASSY_CHEMBL4667427,PAM_functional_calcium,calcium,%max,=,65.0,,65.0,,Homo sapiens,EXTENDED,auxiliary,auxiliary,,,cat=PAM_functional_calcium; standard_type=%max; source_kind=primary_article; legacy potency_nM treated as generic endpoint value (not potency)
ACT_22392730,CM00366,PARENT0653,PMID_31113706,ASSY_CHEMBL4667427,PAM_functional_calcium,calcium,%max,=,52.0,,52.0,,Homo sapiens,EXTENDED,auxiliary,auxiliary,,,cat=PAM_functional_calcium; standard_type=%max; source_kind=primary_article; legacy potency_nM treated as generic endpoint value (not potency)
ACT_22392731,CM00208,PARENT0654,PMID_31113706,ASSY_CHEMBL4667427,PAM_functional_calcium,calcium,%max,=,90.0,,90.0,,Homo sapiens,EXTENDED,auxiliary,auxiliary,,,cat=PAM_functional_calcium; standard_type=%max; source_kind=primary_article; legacy potency_nM treated as generic endpoint value (not potency)
ACT_22392732,CM00774,PARENT0655,PMID_31113706,ASSY_CHEMBL4667427,PAM_functional_calcium,calcium,%max,=,84.0,,84.0,,Homo sapiens,EXTENDED,auxiliary,auxiliary,,,cat=PAM_functional_calcium; standard_type=%max; source_kind=primary_article; legacy potency_nM treated as generic endpoint value (not potency)
ACT_22392733,CM00045,PARENT0656,PMID_31113706,ASSY_CHEMBL4667427,PAM_functional_calcium,calcium,%max,=,72.0,,72.0,,Homo sapiens,EXTENDED,auxiliary,auxiliary,,,cat=PAM_functional_calcium; standard_type=%max; source_kind=primary_article; legacy potency_nM treated as generic endpoint value (not potency)
ACT_22392734,CM00737,PARENT0657,PMID_31113706,ASSY_CHEMBL4667427,PAM_functional_calcium,calcium,%max,=,99.0,,99.0,,Homo sapiens,EXTENDED,auxiliary,auxiliary,,,cat=PAM_functional_calcium; standard_type=%max; source_kind=primary_article; legacy potency_nM treated as generic endpoint value (not potency)
ACT_22392735,CM00839,PARENT0658,PMID_31113706,ASSY_CHEMBL4667427,PAM_functional_calcium,calcium,%max,=,94.0,,94.0,,Homo sapiens,EXTENDED,auxiliary,auxiliary,,,cat=PAM_functional_calcium; standard_type=%max; source_kind=primary_article; legacy potency_nM treated as generic endpoint value (not potency)
ACT_22392736,CM00699,PARENT0659,PMID_31113706,ASSY_CHEMBL4667427,PAM_functional_calcium,calcium,%max,=,47.0,,47.0,,Homo sapiens,EXTENDED,auxiliary,auxiliary,,,cat=PAM_functional_calcium; standard_type=%max; source_kind=primary_article; legacy potency_nM treated as generic endpoint value (not potency)
ACT_22392737,CM00604,PARENT0660,PMID_31113706,ASSY_CHEMBL4667427,PAM_functional_calcium,calcium,%max,=,78.0,,78.0,,Homo sapiens,EXTENDED,auxiliary,auxiliary,,,cat=PAM_functional_calcium; standard_type=%max; source_kind=primary_article; legacy potency_nM treated as generic endpoint value (not potency)
ACT_22392738,CM00200,PARENT0661,PMID_31113706,ASSY_CHEMBL4667427,PAM_functional_calcium,calcium,%max,=,76.0,,76.0,,Homo sapiens,EXTENDED,auxiliary,auxiliary,,,cat=PAM_functional_calcium; standard_type=%max; source_kind=primary_article; legacy potency_nM treated as generic endpoint value (not potency)
ACT_22392739,CM00786,PARENT0662,PMID_31113706,ASSY_CHEMBL4667427,PAM_functional_calcium,calcium,%max,=,45.0,,45.0,,Homo sapiens,EXTENDED,auxiliary,auxiliary,,,cat=PAM_functional_calcium; standard_type=%max; source_kind=primary_article; legacy potency_nM treated as generic endpoint value (not potency)
ACT_22392740,CM00228,PARENT0663,PMID_31113706,ASSY_CHEMBL4667427,PAM_functional_calcium,calcium,%max,=,75.0,,75.0,,Homo sapiens,EXTENDED,auxiliary,auxiliary,,,cat=PAM_functional_calcium; standard_type=%max; source_kind=primary_article; legacy potency_nM treated as generic endpoint value (not potency)
ACT_22392741,CM00867,PARENT0664,PMID_31113706,ASSY_CHEMBL4667427,PAM_functional_calcium,calcium,%max,=,73.0,,73.0,,Homo sapiens,EXTENDED,auxiliary,auxiliary,,,cat=PAM_functional_calcium; standard_type=%max; source_kind=primary_article; legacy potency_nM treated as generic endpoint value (not potency)
ACT_22392742,CM00512,PARENT0665,PMID_31113706,ASSY_CHEMBL4667427,PAM_functional_calcium,calcium,%max,=,49.0,,49.0,,Homo sapiens,EXTENDED,auxiliary,auxiliary,,,cat=PAM_functional_calcium; standard_type=%max; source_kind=primary_article; legacy potency_nM treated as generic endpoint value (not potency)
ACT_22392743,CM00712,PARENT0667,PMID_31113706,ASSY_CHEMBL4667427,PAM_functional_calcium,calcium,%max,=,71.0,,71.0,,Homo sapiens,EXTENDED,auxiliary,auxiliary,,,cat=PAM_functional_calcium; standard_type=%max; source_kind=primary_article; legacy potency_nM treated as generic endpoint value (not potency)
ACT_22392744,CM00320,PARENT0668,PMID_31113706,ASSY_CHEMBL4667427,PAM_functional_calcium,calcium,%max,=,48.0,,48.0,,Homo sapiens,EXTENDED,auxiliary,auxiliary,,,cat=PAM_functional_calcium; standard_type=%max; source_kind=primary_article; legacy potency_nM treated as generic endpoint value (not potency)
ACT_22392745,CM00331,PARENT0669,PMID_31113706,ASSY_CHEMBL4667427,PAM_functional_calcium,calcium,%max,=,77.0,,77.0,,Homo sapiens,EXTENDED,auxiliary,auxiliary,,,cat=PAM_functional_calcium; standard_type=%max; source_kind=primary_article; legacy potency_nM treated as generic endpoint value (not potency)
ACT_22392746,CM00817,PARENT0670,PMID_31113706,ASSY_CHEMBL4667427,PAM_functional_calcium,calcium,%max,=,56.0,,56.0,,Homo sapiens,EXTENDED,auxiliary,auxiliary,,,cat=PAM_functional_calcium; standard_type=%max; source_kind=primary_article; legacy potency_nM treated as generic endpoint value (not potency)
ACT_224697,CM00419,PARENT0002,PMID_11881995,ASSY_CHEMBL744010,binding_cooperativity,binding/cooperativity,Cooperativity,=,1.19,,,,Homo sapiens,EXPLORATORY,auxiliary,auxiliary,,,cat=binding_cooperativity; standard_type=Cooperativity; source_kind=primary_article; legacy potency_nM treated as generic endpoint value (not potency)
ACT_225947,CM00778,PARENT0003,PMID_11881995,ASSY_CHEMBL744008,binding_cooperativity,binding/cooperativity,Cooperativity,>,3.0,,,,Homo sapiens,EXPLORATORY,auxiliary,auxiliary,,,cat=binding_cooperativity; standard_type=Cooperativity; source_kind=primary_article; legacy potency_nM treated as generic endpoint value (not potency); censored endpoint bound; relation preserved
ACT_225959,CM00860,PARENT0004,PMID_11881995,ASSY_CHEMBL744008,binding_cooperativity,binding/cooperativity,Cooperativity,>,3.0,,,,Homo sapiens,EXPLORATORY,auxiliary,auxiliary,,,cat=binding_cooperativity; standard_type=Cooperativity; source_kind=primary_article; legacy potency_nM treated as generic endpoint value (not potency); censored endpoint bound; relation preserved
ACT_233674,CM00720,PARENT0005,PMID_11881995,ASSY_CHEMBL744010,binding_cooperativity,binding/cooperativity,Cooperativity,=,1.19,,,,Homo sapiens,EXPLORATORY,auxiliary,auxiliary,,,cat=binding_cooperativity; standard_type=Cooperativity; source_kind=primary_article; legacy potency_nM treated as generic endpoint value (not potency)
ACT_234916,CM00234,PARENT0006,PMID_11881995,ASSY_CHEMBL744009,binding_cooperativity,binding/cooperativity,Cooperativity,=,0.8,,,,Homo sapiens,EXPLORATORY,auxiliary,auxiliary,,,cat=binding_cooperativity; standard_type=Cooperativity; source_kind=primary_article; legacy potency_nM treated as generic endpoint value (not potency)
ACT_237487,CM00119,PARENT0007,PMID_11881995,ASSY_CHEMBL745913,binding_cooperativity,binding/cooperativity,Cooperativity,=,3.0,,,,Homo sapiens,EXPLORATORY,auxiliary,auxiliary,,,cat=binding_cooperativity; standard_type=Cooperativity; source_kind=primary_article; legacy potency_nM treated as generic endpoint value (not potency)
ACT_237499,CM00480,PARENT0008,PMID_11881995,ASSY_CHEMBL745912,binding_cooperativity,binding/cooperativity,Cooperativity,=,1.19,,,,Homo sapiens,EXPLORATORY,auxiliary,auxiliary,,,cat=binding_cooperativity; standard_type=Cooperativity; source_kind=primary_article; legacy potency_nM treated as generic endpoint value (not potency)
ACT_241566,CM00083,PARENT0009,PMID_11881995,ASSY_CHEMBL745913,binding_cooperativity,binding/cooperativity,Cooperativity,=,3.0,,,,Homo sapiens,EXPLORATORY,auxiliary,auxiliary,,,cat=binding_cooperativity; standard_type=Cooperativity; source_kind=primary_article; legacy potency_nM treated as generic endpoint value (not potency)
ACT_24343522,CM00020,PARENT0676,PMID_34710625,ASSY_CHEMBL5030005,PAM_functional_calcium,calcium,%max,=,45.0,,45.0,,Homo sapiens,EXTENDED,auxiliary,auxiliary,,,cat=PAM_functional_calcium; standard_type=%max; source_kind=primary_article; legacy potency_nM treated as generic endpoint value (not potency)
ACT_24343523,CM00624,PARENT0677,PMID_34710625,ASSY_CHEMBL5030005,PAM_functional_calcium,calcium,%max,=,34.0,,34.0,,Homo sapiens,EXTENDED,auxiliary,auxiliary,,,cat=PAM_functional_calcium; standard_type=%max; source_kind=primary_article; legacy potency_nM treated as generic endpoint value (not potency)
ACT_24343524,CM00782,PARENT0678,PMID_34710625,ASSY_CHEMBL5030005,PAM_functional_calcium,calcium,%max,=,47.0,,47.0,,Homo sapiens,EXTENDED,auxiliary,auxiliary,,,cat=PAM_functional_calcium; standard_type=%max; source_kind=primary_article; legacy potency_nM treated as generic endpoint value (not potency)
ACT_24343526,CM00802,PARENT0680,PMID_34710625,ASSY_CHEMBL5030005,PAM_functional_calcium,calcium,%max,=,30.0,,30.0,,Homo sapiens,EXTENDED,auxiliary,auxiliary,,,cat=PAM_functional_calcium; standard_type=%max; source_kind=primary_article; legacy potency_nM treated as generic endpoint value (not potency)
ACT_24343527,CM00641,PARENT0681,PMID_34710625,ASSY_CHEMBL5030005,PAM_functional_calcium,calcium,%max,=,41.0,,41.0,,Homo sapiens,EXTENDED,auxiliary,auxiliary,,,cat=PAM_functional_calcium; standard_type=%max; source_kind=primary_article; legacy potency_nM treated as generic endpoint value (not potency)
ACT_24343528,CM00289,PARENT0682,PMID_34710625,ASSY_CHEMBL5030005,PAM_functional_calcium,calcium,%max,=,30.0,,30.0,,Homo sapiens,EXTENDED,auxiliary,auxiliary,,,cat=PAM_functional_calcium; standard_type=%max; source_kind=primary_article; legacy potency_nM treated as generic endpoint value (not potency)
ACT_24343529,CM00422,PARENT0683,PMID_34710625,ASSY_CHEMBL5030005,PAM_functional_calcium,calcium,%max,=,54.0,,54.0,,Homo sapiens,EXTENDED,auxiliary,auxiliary,,,cat=PAM_functional_calcium; standard_type=%max; source_kind=primary_article; legacy potency_nM treated as generic endpoint value (not potency)
ACT_24343530,CM00553,PARENT0684,PMID_34710625,ASSY_CHEMBL5030005,PAM_functional_calcium,calcium,%max,=,76.0,,76.0,,Homo sapiens,EXTENDED,auxiliary,auxiliary,,,cat=PAM_functional_calcium; standard_type=%max; source_kind=primary_article; legacy potency_nM treated as generic endpoint value (not potency)
ACT_24343531,CM00367,PARENT0685,PMID_34710625,ASSY_CHEMBL5030005,PAM_functional_calcium,calcium,%max,=,74.0,,74.0,,Homo sapiens,EXTENDED,auxiliary,auxiliary,,,cat=PAM_functional_calcium; standard_type=%max; source_kind=primary_article; legacy potency_nM treated as generic endpoint value (not potency)
ACT_24343532,CM00287,PARENT0686,PMID_34710625,ASSY_CHEMBL5030005,PAM_functional_calcium,calcium,%max,=,42.0,,42.0,,Homo sapiens,EXTENDED,auxiliary,auxiliary,,,cat=PAM_functional_calcium; standard_type=%max; source_kind=primary_article; legacy potency_nM treated as generic endpoint value (not potency)
ACT_24343533,CM00278,PARENT0687,PMID_34710625,ASSY_CHEMBL5030005,PAM_functional_calcium,calcium,%max,=,52.0,,52.0,,Homo sapiens,EXTENDED,auxiliary,auxiliary,,,cat=PAM_functional_calcium; standard_type=%max; source_kind=primary_article; legacy potency_nM treated as generic endpoint value (not potency)
ACT_24343534,CM00830,PARENT0688,PMID_34710625,ASSY_CHEMBL5030005,PAM_functional_calcium,calcium,%max,=,67.0,,67.0,,Homo sapiens,EXTENDED,auxiliary,auxiliary,,,cat=PAM_functional_calcium; standard_type=%max; source_kind=primary_article; legacy potency_nM treated as generic endpoint value (not potency)
ACT_24343535,CM00388,PARENT0689,PMID_34710625,ASSY_CHEMBL5030005,PAM_functional_calcium,calcium,%max,=,61.0,,61.0,,Homo sapiens,EXTENDED,auxiliary,auxiliary,,,cat=PAM_functional_calcium; standard_type=%max; source_kind=primary_article; legacy potency_nM treated as generic endpoint value (not potency)
ACT_24343536,CM00491,PARENT0690,PMID_34710625,ASSY_CHEMBL5030005,PAM_functional_calcium,calcium,%max,=,40.0,,40.0,,Homo sapiens,EXTENDED,auxiliary,auxiliary,,,cat=PAM_functional_calcium; standard_type=%max; source_kind=primary_article; legacy potency_nM treated as generic endpoint value (not potency)
ACT_24343537,CM00607,PARENT0691,PMID_34710625,ASSY_CHEMBL5030005,PAM_functional_calcium,calcium,%max,=,50.0,,50.0,,Homo sapiens,EXTENDED,auxiliary,auxiliary,,,cat=PAM_functional_calcium; standard_type=%max; source_kind=primary_article; legacy potency_nM treated as generic endpoint value (not potency)
ACT_24343538,CM00525,PARENT0692,PMID_34710625,ASSY_CHEMBL5030005,PAM_functional_calcium,calcium,%max,=,69.0,,69.0,,Homo sapiens,EXTENDED,auxiliary,auxiliary,,,cat=PAM_functional_calcium; standard_type=%max; source_kind=primary_article; legacy potency_nM treated as generic endpoint value (not potency)
ACT_24343539,CM00125,PARENT0693,PMID_34710625,ASSY_CHEMBL5030005,PAM_functional_calcium,calcium,%max,=,75.0,,75.0,,Homo sapiens,EXTENDED,auxiliary,auxiliary,,,cat=PAM_functional_calcium; standard_type=%max; source_kind=primary_article; legacy potency_nM treated as generic endpoint value (not potency)
ACT_24343540,CM00821,PARENT0694,PMID_34710625,ASSY_CHEMBL5030005,PAM_functional_calcium,calcium,%max,=,76.0,,76.0,,Homo sapiens,EXTENDED,auxiliary,auxiliary,,,cat=PAM_functional_calcium; standard_type=%max; source_kind=primary_article; legacy potency_nM treated as generic endpoint value (not potency)
ACT_24343541,CM00085,PARENT0695,PMID_34710625,ASSY_CHEMBL5030005,PAM_functional_calcium,calcium,%max,=,67.0,,67.0,,Homo sapiens,EXTENDED,auxiliary,auxiliary,,,cat=PAM_functional_calcium; standard_type=%max; source_kind=primary_article; legacy potency_nM treated as generic endpoint value (not potency)
ACT_24343542,CM00043,PARENT0696,PMID_34710625,ASSY_CHEMBL5030005,PAM_functional_calcium,calcium,%max,=,59.0,,59.0,,Homo sapiens,EXTENDED,auxiliary,auxiliary,,,cat=PAM_functional_calcium; standard_type=%max; source_kind=primary_article; legacy potency_nM treated as generic endpoint value (not potency)
ACT_24343543,CM00268,PARENT0697,PMID_34710625,ASSY_CHEMBL5030005,PAM_functional_calcium,calcium,%max,=,84.0,,84.0,,Homo sapiens,EXTENDED,auxiliary,auxiliary,,,cat=PAM_functional_calcium; standard_type=%max; source_kind=primary_article; legacy potency_nM treated as generic endpoint value (not potency)
ACT_24343544,CM00615,PARENT0698,PMID_34710625,ASSY_CHEMBL5030005,PAM_functional_calcium,calcium,%max,=,71.0,,71.0,,Homo sapiens,EXTENDED,auxiliary,auxiliary,,,cat=PAM_functional_calcium; standard_type=%max; source_kind=primary_article; legacy potency_nM treated as generic endpoint value (not potency)
ACT_24343545,CM00151,PARENT0699,PMID_34710625,ASSY_CHEMBL5030005,PAM_functional_calcium,calcium,%max,=,62.0,,62.0,,Homo sapiens,EXTENDED,auxiliary,auxiliary,,,cat=PAM_functional_calcium; standard_type=%max; source_kind=primary_article; legacy potency_nM treated as generic endpoint value (not potency)
ACT_24343546,CM00413,PARENT0700,PMID_34710625,ASSY_CHEMBL5030005,PAM_functional_calcium,calcium,%max,=,58.0,,58.0,,Homo sapiens,EXTENDED,auxiliary,auxiliary,,,cat=PAM_functional_calcium; standard_type=%max; source_kind=primary_article; legacy potency_nM treated as generic endpoint value (not potency)
ACT_24343547,CM00547,PARENT0701,PMID_34710625,ASSY_CHEMBL5030005,PAM_functional_calcium,calcium,%max,=,99.0,,99.0,,Homo sapiens,EXTENDED,auxiliary,auxiliary,,,cat=PAM_functional_calcium; standard_type=%max; source_kind=primary_article; legacy potency_nM treated as generic endpoint value (not potency)
ACT_24343548,CM00293,PARENT0702,PMID_34710625,ASSY_CHEMBL5030005,PAM_functional_calcium,calcium,%max,=,44.0,,44.0,,Homo sapiens,EXTENDED,auxiliary,auxiliary,,,cat=PAM_functional_calcium; standard_type=%max; source_kind=primary_article; legacy potency_nM treated as generic endpoint value (not potency)
ACT_24343549,CM00777,PARENT0703,PMID_34710625,ASSY_CHEMBL5030005,PAM_functional_calcium,calcium,%max,=,62.0,,62.0,,Homo sapiens,EXTENDED,auxiliary,auxiliary,,,cat=PAM_functional_calcium; standard_type=%max; source_kind=primary_article; legacy potency_nM treated as generic endpoint value (not potency)
ACT_24343550,CM00294,PARENT0704,PMID_34710625,ASSY_CHEMBL5030005,PAM_functional_calcium,calcium,%max,=,72.0,,72.0,,Homo sapiens,EXTENDED,auxiliary,auxiliary,,,cat=PAM_functional_calcium; standard_type=%max; source_kind=primary_article; legacy potency_nM treated as generic endpoint value (not potency)
ACT_24343553,CM00763,PARENT0707,PMID_34710625,ASSY_CHEMBL5030005,PAM_functional_calcium,calcium,%max,=,62.0,,62.0,,Homo sapiens,EXTENDED,auxiliary,auxiliary,,,cat=PAM_functional_calcium; standard_type=%max; source_kind=primary_article; legacy potency_nM treated as generic endpoint value (not potency)
ACT_24343555,CM00060,PARENT0709,PMID_34710625,ASSY_CHEMBL5030005,PAM_functional_calcium,calcium,%max,=,64.0,,64.0,,Homo sapiens,EXTENDED,auxiliary,auxiliary,,,cat=PAM_functional_calcium; standard_type=%max; source_kind=primary_article; legacy potency_nM treated as generic endpoint value (not potency)
ACT_24343556,CM00834,PARENT0710,PMID_34710625,ASSY_CHEMBL5030005,PAM_functional_calcium,calcium,%max,=,44.0,,44.0,,Homo sapiens,EXTENDED,auxiliary,auxiliary,,,cat=PAM_functional_calcium; standard_type=%max; source_kind=primary_article; legacy potency_nM treated as generic endpoint value (not potency)
ACT_24343560,CM00197,PARENT0714,PMID_34710625,ASSY_CHEMBL5030005,PAM_functional_calcium,calcium,%max,=,49.0,,49.0,,Homo sapiens,EXTENDED,auxiliary,auxiliary,,,cat=PAM_functional_calcium; standard_type=%max; source_kind=primary_article; legacy potency_nM treated as generic endpoint value (not potency)
ACT_24343561,CM00146,PARENT0715,PMID_34710625,ASSY_CHEMBL5030005,PAM_functional_calcium,calcium,%max,=,90.0,,90.0,,Homo sapiens,EXTENDED,auxiliary,auxiliary,,,cat=PAM_functional_calcium; standard_type=%max; source_kind=primary_article; legacy potency_nM treated as generic endpoint value (not potency)
ACT_24343562,CM00684,PARENT0716,PMID_34710625,ASSY_CHEMBL5030005,PAM_functional_calcium,calcium,%max,=,101.0,,101.0,,Homo sapiens,EXTENDED,auxiliary,auxiliary,,,cat=PAM_functional_calcium; standard_type=%max; source_kind=primary_article; legacy potency_nM treated as generic endpoint value (not potency)
ACT_24343563,CM00277,PARENT0717,PMID_34710625,ASSY_CHEMBL5030005,PAM_functional_calcium,calcium,%max,=,80.0,,80.0,,Homo sapiens,EXTENDED,auxiliary,auxiliary,,,cat=PAM_functional_calcium; standard_type=%max; source_kind=primary_article; legacy potency_nM treated as generic endpoint value (not potency)
ACT_24343564,CM00032,PARENT0718,PMID_34710625,ASSY_CHEMBL5030005,PAM_functional_calcium,calcium,%max,=,98.0,,98.0,,Homo sapiens,EXTENDED,auxiliary,auxiliary,,,cat=PAM_functional_calcium; standard_type=%max; source_kind=primary_article; legacy potency_nM treated as generic endpoint value (not potency)
ACT_24343565,CM00047,PARENT0719,PMID_34710625,ASSY_CHEMBL5030005,PAM_functional_calcium,calcium,%max,=,82.0,,82.0,,Homo sapiens,EXTENDED,auxiliary,auxiliary,,,cat=PAM_functional_calcium; standard_type=%max; source_kind=primary_article; legacy potency_nM treated as generic endpoint value (not potency)
ACT_24343566,CM00564,PARENT0720,PMID_34710625,ASSY_CHEMBL5030005,PAM_functional_calcium,calcium,%max,=,71.0,,71.0,,Homo sapiens,EXTENDED,auxiliary,auxiliary,,,cat=PAM_functional_calcium; standard_type=%max; source_kind=primary_article; legacy potency_nM treated as generic endpoint value (not potency)
ACT_24343567,CM00749,PARENT0721,PMID_34710625,ASSY_CHEMBL5030005,PAM_functional_calcium,calcium,%max,=,90.0,,90.0,,Homo sapiens,EXTENDED,auxiliary,auxiliary,,,cat=PAM_functional_calcium; standard_type=%max; source_kind=primary_article; legacy potency_nM treated as generic endpoint value (not potency)
ACT_24343578,CM00289,PARENT0682,PMID_34710625,ASSY_CHEMBL5030006,PAM_functional_calcium,calcium,EC50,>,10000.0,10000.0,,,Homo sapiens,CORE,threshold_only_bound,threshold_only_bound,threshold_negative,,cat=PAM_functional_calcium; standard_type=EC50; source_kind=primary_article; censored endpoint bound; relation preserved; assay-context negative result; same parent has PAM evidence in other assay contexts - not a parent-level inactivity declaration
ACT_24343611,CM00146,PARENT0715,PMID_34710625,ASSY_CHEMBL5030006,PAM_functional_calcium,calcium,EC50,>,1000.0,1000.0,,,Homo sapiens,CORE,censored_pam_potency,censored_pam_potency,,,cat=PAM_functional_calcium; standard_type=EC50; source_kind=primary_article; censored endpoint bound; relation preserved
ACT_245652,CM00677,PARENT0010,PMID_11881995,ASSY_CHEMBL744008,binding_cooperativity,binding/cooperativity,Cooperativity,>,3.0,,,,Homo sapiens,EXPLORATORY,auxiliary,auxiliary,,,cat=binding_cooperativity; standard_type=Cooperativity; source_kind=primary_article; legacy potency_nM treated as generic endpoint value (not potency); censored endpoint bound; relation preserved
ACT_245664,CM00455,PARENT0011,PMID_11881995,ASSY_CHEMBL744008,binding_cooperativity,binding/cooperativity,Cooperativity,>,3.0,,,,Homo sapiens,EXPLORATORY,auxiliary,auxiliary,,,cat=binding_cooperativity; standard_type=Cooperativity; source_kind=primary_article; legacy potency_nM treated as generic endpoint value (not potency); censored endpoint bound; relation preserved
ACT_245676,CM00866,PARENT0012,PMID_11881995,ASSY_CHEMBL745913,binding_cooperativity,binding/cooperativity,Cooperativity,=,3.0,,,,Homo sapiens,EXPLORATORY,auxiliary,auxiliary,,,cat=binding_cooperativity; standard_type=Cooperativity; source_kind=primary_article; legacy potency_nM treated as generic endpoint value (not potency)
ACT_245688,CM00753,PARENT0013,PMID_11881995,ASSY_CHEMBL745913,binding_cooperativity,binding/cooperativity,Cooperativity,=,3.0,,,,Homo sapiens,EXPLORATORY,auxiliary,auxiliary,,,cat=binding_cooperativity; standard_type=Cooperativity; source_kind=primary_article; legacy potency_nM treated as generic endpoint value (not potency)
ACT_248309,CM00702,PARENT0014,PMID_11881995,ASSY_CHEMBL745913,binding_cooperativity,binding/cooperativity,Cooperativity,=,3.0,,,,Homo sapiens,EXPLORATORY,auxiliary,auxiliary,,,cat=binding_cooperativity; standard_type=Cooperativity; source_kind=primary_article; legacy potency_nM treated as generic endpoint value (not potency)
ACT_249817,CM00084,PARENT0015,PMID_11881995,ASSY_CHEMBL745913,binding_cooperativity,binding/cooperativity,Cooperativity,=,3.0,,,,Homo sapiens,EXPLORATORY,auxiliary,auxiliary,,,cat=binding_cooperativity; standard_type=Cooperativity; source_kind=primary_article; legacy potency_nM treated as generic endpoint value (not potency)
ACT_249829,CM00401,PARENT0016,PMID_11881995,ASSY_CHEMBL744010,binding_cooperativity,binding/cooperativity,Cooperativity,=,1.19,,,,Homo sapiens,EXPLORATORY,auxiliary,auxiliary,,,cat=binding_cooperativity; standard_type=Cooperativity; source_kind=primary_article; legacy potency_nM treated as generic endpoint value (not potency)
ACT_25001814,CM00243,PARENT0722,PMID_34671731,ASSY_CHEMBL5233294,PAM_functional_unspecified,unspecified,IC50,=,17.0,17.0,,,Homo sapiens,EXTENDED,quantitative_potency_other,quantitative_potency_other,,,cat=PAM_functional_unspecified; standard_type=IC50; source_kind=review; legacy pEC50=7.77 (generic negative-log potency)
ACT_25073848,CM00599,PARENT0732,PMID_28197318,ASSY_CHEMBL5253757,PAM_functional_calcium,calcium,EC50,>,10.0,10.0,,,Homo sapiens,CORE,censored_pam_potency,censored_pam_potency,,,cat=PAM_functional_calcium; standard_type=EC50; source_kind=primary_article; censored endpoint bound; relation preserved
ACT_25073865,CM00077,PARENT0307,PMID_28197318,ASSY_CHEMBL5253758,PAM_functional_calcium,calcium,Activity,=,83.7,,,,Homo sapiens,EXTENDED,auxiliary,auxiliary,,,cat=PAM_functional_calcium; standard_type=Activity; source_kind=primary_article; legacy potency_nM treated as generic endpoint value (not potency)
ACT_25073866,CM00479,PARENT0723,PMID_28197318,ASSY_CHEMBL5253758,PAM_functional_calcium,calcium,Activity,=,69.8,,,,Homo sapiens,EXTENDED,auxiliary,auxiliary,,,cat=PAM_functional_calcium; standard_type=Activity; source_kind=primary_article; legacy potency_nM treated as generic endpoint value (not potency)
ACT_25073867,CM00707,PARENT0463,PMID_28197318,ASSY_CHEMBL5253758,PAM_functional_calcium,calcium,Activity,=,80.6,,,,Homo sapiens,EXTENDED,auxiliary,auxiliary,,,cat=PAM_functional_calcium; standard_type=Activity; source_kind=primary_article; legacy potency_nM treated as generic endpoint value (not potency)
ACT_25073868,CM00845,PARENT0724,PMID_28197318,ASSY_CHEMBL5253758,PAM_functional_calcium,calcium,Activity,=,75.5,,,,Homo sapiens,EXTENDED,auxiliary,auxiliary,,,cat=PAM_functional_calcium; standard_type=Activity; source_kind=primary_article; legacy potency_nM treated as generic endpoint value (not potency)
ACT_25073869,CM00534,PARENT0725,PMID_28197318,ASSY_CHEMBL5253758,PAM_functional_calcium,calcium,Activity,=,68.5,,,,Homo sapiens,EXTENDED,auxiliary,auxiliary,,,cat=PAM_functional_calcium; standard_type=Activity; source_kind=primary_article; legacy potency_nM treated as generic endpoint value (not potency)
ACT_25073870,CM00211,PARENT0726,PMID_28197318,ASSY_CHEMBL5253758,PAM_functional_calcium,calcium,Activity,=,75.3,,,,Homo sapiens,EXTENDED,auxiliary,auxiliary,,,cat=PAM_functional_calcium; standard_type=Activity; source_kind=primary_article; legacy potency_nM treated as generic endpoint value (not potency)
ACT_25073871,CM00185,PARENT0727,PMID_28197318,ASSY_CHEMBL5253758,PAM_functional_calcium,calcium,Activity,=,71.2,,,,Homo sapiens,EXTENDED,auxiliary,auxiliary,,,cat=PAM_functional_calcium; standard_type=Activity; source_kind=primary_article; legacy potency_nM treated as generic endpoint value (not potency)
ACT_25073872,CM00864,PARENT0728,PMID_28197318,ASSY_CHEMBL5253758,PAM_functional_calcium,calcium,Activity,=,87.1,,,,Homo sapiens,EXTENDED,auxiliary,auxiliary,,,cat=PAM_functional_calcium; standard_type=Activity; source_kind=primary_article; legacy potency_nM treated as generic endpoint value (not potency)
ACT_25073873,CM00329,PARENT0729,PMID_28197318,ASSY_CHEMBL5253758,PAM_functional_calcium,calcium,Activity,=,76.9,,,,Homo sapiens,EXTENDED,auxiliary,auxiliary,,,cat=PAM_functional_calcium; standard_type=Activity; source_kind=primary_article; legacy potency_nM treated as generic endpoint value (not potency)
ACT_25073874,CM00249,PARENT0730,PMID_28197318,ASSY_CHEMBL5253758,PAM_functional_calcium,calcium,Activity,=,80.8,,,,Homo sapiens,EXTENDED,auxiliary,auxiliary,,,cat=PAM_functional_calcium; standard_type=Activity; source_kind=primary_article; legacy potency_nM treated as generic endpoint value (not potency)
ACT_25073875,CM00210,PARENT0731,PMID_28197318,ASSY_CHEMBL5253758,PAM_functional_calcium,calcium,Activity,=,83.1,,,,Homo sapiens,EXTENDED,auxiliary,auxiliary,,,cat=PAM_functional_calcium; standard_type=Activity; source_kind=primary_article; legacy potency_nM treated as generic endpoint value (not potency)
ACT_25073876,CM00599,PARENT0732,PMID_28197318,ASSY_CHEMBL5253758,PAM_functional_calcium,calcium,Activity,>,10.0,,,,Homo sapiens,EXTENDED,auxiliary,auxiliary,,,cat=PAM_functional_calcium; standard_type=Activity; source_kind=primary_article; legacy potency_nM treated as generic endpoint value (not potency); censored endpoint bound; relation preserved
ACT_25073877,CM00598,PARENT0733,PMID_28197318,ASSY_CHEMBL5253758,PAM_functional_calcium,calcium,Activity,=,62.4,,,,Homo sapiens,EXTENDED,auxiliary,auxiliary,,,cat=PAM_functional_calcium; standard_type=Activity; source_kind=primary_article; legacy potency_nM treated as generic endpoint value (not potency)
ACT_25073878,CM00706,PARENT0734,PMID_28197318,ASSY_CHEMBL5253758,PAM_functional_calcium,calcium,Activity,=,87.1,,,,Homo sapiens,EXTENDED,auxiliary,auxiliary,,,cat=PAM_functional_calcium; standard_type=Activity; source_kind=primary_article; legacy potency_nM treated as generic endpoint value (not potency)
ACT_25073947,CM00707,PARENT0463,PMID_28197318,ASSY_CHEMBL5253826,fold_shift,fold-shift,FC,=,45.0,,,45.0,Homo sapiens,EXPLORATORY,fold_shift,fold_shift,,,cat=fold_shift; standard_type=FC; source_kind=primary_article; legacy potency_nM treated as generic endpoint value (not potency)
ACT_25073949,CM00707,PARENT0463,PMID_28197318,ASSY_CHEMBL5253828,binding_cooperativity,binding/cooperativity,Kb,=,944.0,,,,Homo sapiens,EXPLORATORY,auxiliary,auxiliary,,,cat=binding_cooperativity; standard_type=Kb; source_kind=primary_article; legacy potency_nM treated as generic endpoint value (not potency)
ACT_25073950,CM00707,PARENT0463,PMID_28197318,ASSY_CHEMBL5253828,binding_cooperativity,binding/cooperativity,pKb,=,6.025,,,,Homo sapiens,EXPLORATORY,auxiliary,auxiliary,,,cat=binding_cooperativity; standard_type=pKb; source_kind=primary_article; legacy potency_nM treated as generic endpoint value (not potency)
ACT_251087,CM00053,PARENT0017,PMID_11881995,ASSY_CHEMBL744009,binding_cooperativity,binding/cooperativity,Cooperativity,=,0.8,,,,Homo sapiens,EXPLORATORY,auxiliary,auxiliary,,,cat=binding_cooperativity; standard_type=Cooperativity; source_kind=primary_article; legacy potency_nM treated as generic endpoint value (not potency)
ACT_252486,CM00608,PARENT0018,PMID_11881995,ASSY_CHEMBL744008,binding_cooperativity,binding/cooperativity,Cooperativity,>,3.0,,,,Homo sapiens,EXPLORATORY,auxiliary,auxiliary,,,cat=binding_cooperativity; standard_type=Cooperativity; source_kind=primary_article; legacy potency_nM treated as generic endpoint value (not potency); censored endpoint bound; relation preserved
ACT_253921,CM00008,PARENT0019,PMID_11881995,ASSY_CHEMBL744009,binding_cooperativity,binding/cooperativity,Cooperativity,=,0.8,,,,Homo sapiens,EXPLORATORY,auxiliary,auxiliary,,,cat=binding_cooperativity; standard_type=Cooperativity; source_kind=primary_article; legacy potency_nM treated as generic endpoint value (not potency)
ACT_253933,CM00086,PARENT0020,PMID_11881995,ASSY_CHEMBL745914,binding_cooperativity,binding/cooperativity,Cooperativity,=,3.0,,,,Homo sapiens,EXPLORATORY,auxiliary,auxiliary,,,cat=binding_cooperativity; standard_type=Cooperativity; source_kind=primary_article; legacy potency_nM treated as generic endpoint value (not potency)
ACT_253945,CM00380,PARENT0021,PMID_11881995,ASSY_CHEMBL745913,binding_cooperativity,binding/cooperativity,Cooperativity,=,3.0,,,,Homo sapiens,EXPLORATORY,auxiliary,auxiliary,,,cat=binding_cooperativity; standard_type=Cooperativity; source_kind=primary_article; legacy potency_nM treated as generic endpoint value (not potency)
ACT_253957,CM00379,PARENT0022,PMID_11881995,ASSY_CHEMBL745913,binding_cooperativity,binding/cooperativity,Cooperativity,=,3.0,,,,Homo sapiens,EXPLORATORY,auxiliary,auxiliary,,,cat=binding_cooperativity; standard_type=Cooperativity; source_kind=primary_article; legacy potency_nM treated as generic endpoint value (not potency)
ACT_253969,CM00005,PARENT0023,PMID_11881995,ASSY_CHEMBL745913,binding_cooperativity,binding/cooperativity,Cooperativity,=,3.0,,,,Homo sapiens,EXPLORATORY,auxiliary,auxiliary,,,cat=binding_cooperativity; standard_type=Cooperativity; source_kind=primary_article; legacy potency_nM treated as generic endpoint value (not potency)
ACT_255162,CM00474,PARENT0024,PMID_11881995,ASSY_CHEMBL744010,binding_cooperativity,binding/cooperativity,Cooperativity,=,1.19,,,,Homo sapiens,EXPLORATORY,auxiliary,auxiliary,,,cat=binding_cooperativity; standard_type=Cooperativity; source_kind=primary_article; legacy potency_nM treated as generic endpoint value (not potency)
ACT_255174,CM00070,PARENT0025,PMID_11881995,ASSY_CHEMBL745913,binding_cooperativity,binding/cooperativity,Cooperativity,=,3.0,,,,Homo sapiens,EXPLORATORY,auxiliary,auxiliary,,,cat=binding_cooperativity; standard_type=Cooperativity; source_kind=primary_article; legacy potency_nM treated as generic endpoint value (not potency)
ACT_255186,CM00795,PARENT0026,PMID_11881995,ASSY_CHEMBL744009,binding_cooperativity,binding/cooperativity,Cooperativity,=,0.8,,,,Homo sapiens,EXPLORATORY,auxiliary,auxiliary,,,cat=binding_cooperativity; standard_type=Cooperativity; source_kind=primary_article; legacy potency_nM treated as generic endpoint value (not potency)
ACT_256500,CM00101,PARENT0027,PMID_11881995,ASSY_CHEMBL745913,binding_cooperativity,binding/cooperativity,Cooperativity,=,3.0,,,,Homo sapiens,EXPLORATORY,auxiliary,auxiliary,,,cat=binding_cooperativity; standard_type=Cooperativity; source_kind=primary_article; legacy potency_nM treated as generic endpoint value (not potency)
ACT_256512,CM00416,PARENT0028,PMID_11881995,ASSY_CHEMBL744212,binding_cooperativity,binding/cooperativity,Cooperativity,=,0.8,,,,Homo sapiens,EXPLORATORY,auxiliary,auxiliary,,,cat=binding_cooperativity; standard_type=Cooperativity; source_kind=primary_article; legacy potency_nM treated as generic endpoint value (not potency)
ACT_256524,CM00308,PARENT0029,PMID_11881995,ASSY_CHEMBL744010,binding_cooperativity,binding/cooperativity,Cooperativity,=,1.19,,,,Homo sapiens,EXPLORATORY,auxiliary,auxiliary,,,cat=binding_cooperativity; standard_type=Cooperativity; source_kind=primary_article; legacy potency_nM treated as generic endpoint value (not potency)
ACT_257964,CM00685,PARENT0030,PMID_11881995,ASSY_CHEMBL744213,binding_cooperativity,binding/cooperativity,Cooperativity,=,1.19,,,,Homo sapiens,EXPLORATORY,auxiliary,auxiliary,,,cat=binding_cooperativity; standard_type=Cooperativity; source_kind=primary_article; legacy potency_nM treated as generic endpoint value (not potency)
ACT_25844110,CM00370,PARENT0735,PMID_38888621,ASSY_CHEMBL5504409,PAM_functional_cAMP,cAMP,Emax,=,90.0,,90.0,,Homo sapiens,EXTENDED,efficacy_only,efficacy_only,,,cat=PAM_functional_cAMP; standard_type=Emax; source_kind=primary_article; legacy potency_nM treated as generic endpoint value (not potency)
ACT_25844111,CM00639,PARENT0736,PMID_38888621,ASSY_CHEMBL5504409,PAM_functional_cAMP,cAMP,Emax,=,100.0,,100.0,,Homo sapiens,EXTENDED,efficacy_only,efficacy_only,,,cat=PAM_functional_cAMP; standard_type=Emax; source_kind=primary_article; legacy potency_nM treated as generic endpoint value (not potency)
ACT_25844112,CM00596,PARENT0737,PMID_38888621,ASSY_CHEMBL5504409,PAM_functional_cAMP,cAMP,Emax,=,89.0,,89.0,,Homo sapiens,EXTENDED,efficacy_only,efficacy_only,,,cat=PAM_functional_cAMP; standard_type=Emax; source_kind=primary_article; legacy potency_nM treated as generic endpoint value (not potency)
ACT_25844113,CM00453,PARENT0738,PMID_38888621,ASSY_CHEMBL5504409,PAM_functional_cAMP,cAMP,Emax,=,87.0,,87.0,,Homo sapiens,EXTENDED,efficacy_only,efficacy_only,,,cat=PAM_functional_cAMP; standard_type=Emax; source_kind=primary_article; legacy potency_nM treated as generic endpoint value (not potency)
ACT_25844114,CM00670,PARENT0739,PMID_38888621,ASSY_CHEMBL5504409,PAM_functional_cAMP,cAMP,Emax,=,58.0,,58.0,,Homo sapiens,EXTENDED,efficacy_only,efficacy_only,,,cat=PAM_functional_cAMP; standard_type=Emax; source_kind=primary_article; legacy potency_nM treated as generic endpoint value (not potency)
ACT_25844115,CM00120,PARENT0740,PMID_38888621,ASSY_CHEMBL5504409,PAM_functional_cAMP,cAMP,Emax,=,95.0,,95.0,,Homo sapiens,EXTENDED,efficacy_only,efficacy_only,,,cat=PAM_functional_cAMP; standard_type=Emax; source_kind=primary_article; legacy potency_nM treated as generic endpoint value (not potency)
ACT_25844116,CM00336,PARENT0741,PMID_38888621,ASSY_CHEMBL5504409,PAM_functional_cAMP,cAMP,Emax,=,91.0,,91.0,,Homo sapiens,EXTENDED,efficacy_only,efficacy_only,,,cat=PAM_functional_cAMP; standard_type=Emax; source_kind=primary_article; legacy potency_nM treated as generic endpoint value (not potency)
ACT_25844117,CM00565,PARENT0742,PMID_38888621,ASSY_CHEMBL5504409,PAM_functional_cAMP,cAMP,Emax,=,94.0,,94.0,,Homo sapiens,EXTENDED,efficacy_only,efficacy_only,,,cat=PAM_functional_cAMP; standard_type=Emax; source_kind=primary_article; legacy potency_nM treated as generic endpoint value (not potency)
ACT_25844118,CM00853,PARENT0743,PMID_38888621,ASSY_CHEMBL5504409,PAM_functional_cAMP,cAMP,Emax,=,96.0,,96.0,,Homo sapiens,EXTENDED,efficacy_only,efficacy_only,,,cat=PAM_functional_cAMP; standard_type=Emax; source_kind=primary_article; legacy potency_nM treated as generic endpoint value (not potency)
ACT_25844119,CM00539,PARENT0744,PMID_38888621,ASSY_CHEMBL5504409,PAM_functional_cAMP,cAMP,Emax,=,100.0,,100.0,,Homo sapiens,EXTENDED,efficacy_only,efficacy_only,,,cat=PAM_functional_cAMP; standard_type=Emax; source_kind=primary_article; legacy potency_nM treated as generic endpoint value (not potency)
ACT_25844120,CM00135,PARENT0745,PMID_38888621,ASSY_CHEMBL5504409,PAM_functional_cAMP,cAMP,Emax,=,104.0,,104.0,,Homo sapiens,EXTENDED,efficacy_only,efficacy_only,,,cat=PAM_functional_cAMP; standard_type=Emax; source_kind=primary_article; legacy potency_nM treated as generic endpoint value (not potency)
ACT_25844121,CM00514,PARENT0746,PMID_38888621,ASSY_CHEMBL5504409,PAM_functional_cAMP,cAMP,Emax,=,94.0,,94.0,,Homo sapiens,EXTENDED,efficacy_only,efficacy_only,,,cat=PAM_functional_cAMP; standard_type=Emax; source_kind=primary_article; legacy potency_nM treated as generic endpoint value (not potency)
ACT_25844122,CM00842,PARENT0747,PMID_38888621,ASSY_CHEMBL5504409,PAM_functional_cAMP,cAMP,Emax,=,100.0,,100.0,,Homo sapiens,EXTENDED,efficacy_only,efficacy_only,,,cat=PAM_functional_cAMP; standard_type=Emax; source_kind=primary_article; legacy potency_nM treated as generic endpoint value (not potency)
ACT_25844123,CM00648,PARENT0748,PMID_38888621,ASSY_CHEMBL5504409,PAM_functional_cAMP,cAMP,Emax,=,95.0,,95.0,,Homo sapiens,EXTENDED,efficacy_only,efficacy_only,,,cat=PAM_functional_cAMP; standard_type=Emax; source_kind=primary_article; legacy potency_nM treated as generic endpoint value (not potency)
ACT_25844124,CM00668,PARENT0749,PMID_38888621,ASSY_CHEMBL5504409,PAM_functional_cAMP,cAMP,Emax,=,97.0,,97.0,,Homo sapiens,EXTENDED,efficacy_only,efficacy_only,,,cat=PAM_functional_cAMP; standard_type=Emax; source_kind=primary_article; legacy potency_nM treated as generic endpoint value (not potency)
ACT_25844125,CM00508,PARENT0750,PMID_38888621,ASSY_CHEMBL5504409,PAM_functional_cAMP,cAMP,Emax,=,107.0,,107.0,,Homo sapiens,EXTENDED,efficacy_only,efficacy_only,,,cat=PAM_functional_cAMP; standard_type=Emax; source_kind=primary_article; legacy potency_nM treated as generic endpoint value (not potency)
ACT_25844126,CM00659,PARENT0751,PMID_38888621,ASSY_CHEMBL5504409,PAM_functional_cAMP,cAMP,Emax,=,93.0,,93.0,,Homo sapiens,EXTENDED,efficacy_only,efficacy_only,,,cat=PAM_functional_cAMP; standard_type=Emax; source_kind=primary_article; legacy potency_nM treated as generic endpoint value (not potency)
ACT_25844127,CM00694,PARENT0282,PMID_38888621,ASSY_CHEMBL5504409,PAM_functional_cAMP,cAMP,Emax,=,76.0,,76.0,,Homo sapiens,EXTENDED,efficacy_only,efficacy_only,,,cat=PAM_functional_cAMP; standard_type=Emax; source_kind=primary_article; legacy potency_nM treated as generic endpoint value (not potency)
ACT_25844128,CM00414,PARENT0232,PMID_38888621,ASSY_CHEMBL5504409,PAM_functional_cAMP,cAMP,Emax,=,70.0,,70.0,,Homo sapiens,EXTENDED,efficacy_only,efficacy_only,,,cat=PAM_functional_cAMP; standard_type=Emax; source_kind=primary_article; legacy potency_nM treated as generic endpoint value (not potency)
ACT_25916996,CM00560,PARENT0753,PMID_39023902,ASSY_CHEMBL5526934,PAM_functional_Gprotein,G-protein,Emax,<,70.0,,70.0,,Homo sapiens,EXTENDED,efficacy_only,efficacy_only,,,cat=PAM_functional_Gprotein; standard_type=Emax; source_kind=primary_article; legacy potency_nM treated as generic endpoint value (not potency); censored endpoint bound; relation preserved
ACT_25916998,CM00662,PARENT0755,PMID_39023902,ASSY_CHEMBL5526934,PAM_functional_Gprotein,G-protein,Emax,<,70.0,,70.0,,Homo sapiens,EXTENDED,efficacy_only,efficacy_only,,,cat=PAM_functional_Gprotein; standard_type=Emax; source_kind=primary_article; legacy potency_nM treated as generic endpoint value (not potency); censored endpoint bound; relation preserved
ACT_25917000,CM00654,PARENT0757,PMID_39023902,ASSY_CHEMBL5526934,PAM_functional_Gprotein,G-protein,Emax,<,70.0,,70.0,,Homo sapiens,EXTENDED,efficacy_only,efficacy_only,,,cat=PAM_functional_Gprotein; standard_type=Emax; source_kind=primary_article; legacy potency_nM treated as generic endpoint value (not potency); censored endpoint bound; relation preserved
ACT_25917010,CM00548,PARENT0767,PMID_39023902,ASSY_CHEMBL5526934,PAM_functional_Gprotein,G-protein,Emax,<,70.0,,70.0,,Homo sapiens,EXTENDED,efficacy_only,efficacy_only,,,cat=PAM_functional_Gprotein; standard_type=Emax; source_kind=primary_article; legacy potency_nM treated as generic endpoint value (not potency); censored endpoint bound; relation preserved
ACT_25917011,CM00445,PARENT0768,PMID_39023902,ASSY_CHEMBL5526934,PAM_functional_Gprotein,G-protein,Emax,<,70.0,,70.0,,Homo sapiens,EXTENDED,efficacy_only,efficacy_only,,,cat=PAM_functional_Gprotein; standard_type=Emax; source_kind=primary_article; legacy potency_nM treated as generic endpoint value (not potency); censored endpoint bound; relation preserved
ACT_25917013,CM00219,PARENT0770,PMID_39023902,ASSY_CHEMBL5526934,PAM_functional_Gprotein,G-protein,Emax,<,70.0,,70.0,,Homo sapiens,EXTENDED,efficacy_only,efficacy_only,,,cat=PAM_functional_Gprotein; standard_type=Emax; source_kind=primary_article; legacy potency_nM treated as generic endpoint value (not potency); censored endpoint bound; relation preserved
ACT_25917024,CM00460,PARENT0781,PMID_39023902,ASSY_CHEMBL5526934,PAM_functional_Gprotein,G-protein,Emax,<,70.0,,70.0,,Homo sapiens,EXTENDED,efficacy_only,efficacy_only,,,cat=PAM_functional_Gprotein; standard_type=Emax; source_kind=primary_article; legacy potency_nM treated as generic endpoint value (not potency); censored endpoint bound; relation preserved
ACT_25917025,CM00714,PARENT0782,PMID_39023902,ASSY_CHEMBL5526934,PAM_functional_Gprotein,G-protein,Emax,<,70.0,,70.0,,Homo sapiens,EXTENDED,efficacy_only,efficacy_only,,,cat=PAM_functional_Gprotein; standard_type=Emax; source_kind=primary_article; legacy potency_nM treated as generic endpoint value (not potency); censored endpoint bound; relation preserved
ACT_25917027,CM00147,PARENT0784,PMID_39023902,ASSY_CHEMBL5526934,PAM_functional_Gprotein,G-protein,Emax,<,70.0,,70.0,,Homo sapiens,EXTENDED,efficacy_only,efficacy_only,,,cat=PAM_functional_Gprotein; standard_type=Emax; source_kind=primary_article; legacy potency_nM treated as generic endpoint value (not potency); censored endpoint bound; relation preserved
ACT_25917030,CM00513,PARENT0787,PMID_39023902,ASSY_CHEMBL5526934,PAM_functional_Gprotein,G-protein,Emax,<,70.0,,70.0,,Homo sapiens,EXTENDED,efficacy_only,efficacy_only,,,cat=PAM_functional_Gprotein; standard_type=Emax; source_kind=primary_article; legacy potency_nM treated as generic endpoint value (not potency); censored endpoint bound; relation preserved
ACT_25917036,CM00560,PARENT0753,PMID_39023902,ASSY_CHEMBL5526935,PAM_functional_Gprotein,G-protein,deltapEC50,>,0.4,,,,Homo sapiens,EXTENDED,auxiliary,auxiliary,,,cat=PAM_functional_Gprotein; standard_type=deltapEC50; source_kind=primary_article; legacy potency_nM treated as generic endpoint value (not potency); censored endpoint bound; relation preserved
ACT_25917037,CM00662,PARENT0755,PMID_39023902,ASSY_CHEMBL5526935,PAM_functional_Gprotein,G-protein,deltapEC50,>,0.4,,,,Homo sapiens,EXTENDED,auxiliary,auxiliary,,,cat=PAM_functional_Gprotein; standard_type=deltapEC50; source_kind=primary_article; legacy potency_nM treated as generic endpoint value (not potency); censored endpoint bound; relation preserved
ACT_25917038,CM00654,PARENT0757,PMID_39023902,ASSY_CHEMBL5526935,PAM_functional_Gprotein,G-protein,deltapEC50,>,0.4,,,,Homo sapiens,EXTENDED,auxiliary,auxiliary,,,cat=PAM_functional_Gprotein; standard_type=deltapEC50; source_kind=primary_article; legacy potency_nM treated as generic endpoint value (not potency); censored endpoint bound; relation preserved
ACT_25917039,CM00548,PARENT0767,PMID_39023902,ASSY_CHEMBL5526935,PAM_functional_Gprotein,G-protein,deltapEC50,>,0.4,,,,Homo sapiens,EXTENDED,auxiliary,auxiliary,,,cat=PAM_functional_Gprotein; standard_type=deltapEC50; source_kind=primary_article; legacy potency_nM treated as generic endpoint value (not potency); censored endpoint bound; relation preserved
ACT_25917040,CM00445,PARENT0768,PMID_39023902,ASSY_CHEMBL5526935,PAM_functional_Gprotein,G-protein,deltapEC50,>,0.4,,,,Homo sapiens,EXTENDED,auxiliary,auxiliary,,,cat=PAM_functional_Gprotein; standard_type=deltapEC50; source_kind=primary_article; legacy potency_nM treated as generic endpoint value (not potency); censored endpoint bound; relation preserved
ACT_25917041,CM00219,PARENT0770,PMID_39023902,ASSY_CHEMBL5526935,PAM_functional_Gprotein,G-protein,deltapEC50,>,0.4,,,,Homo sapiens,EXTENDED,auxiliary,auxiliary,,,cat=PAM_functional_Gprotein; standard_type=deltapEC50; source_kind=primary_article; legacy potency_nM treated as generic endpoint value (not potency); censored endpoint bound; relation preserved
ACT_25917042,CM00147,PARENT0784,PMID_39023902,ASSY_CHEMBL5526935,PAM_functional_Gprotein,G-protein,deltapEC50,>,0.4,,,,Homo sapiens,EXTENDED,auxiliary,auxiliary,,,cat=PAM_functional_Gprotein; standard_type=deltapEC50; source_kind=primary_article; legacy potency_nM treated as generic endpoint value (not potency); censored endpoint bound; relation preserved
ACT_25917043,CM00513,PARENT0787,PMID_39023902,ASSY_CHEMBL5526935,PAM_functional_Gprotein,G-protein,deltapEC50,>,0.4,,,,Homo sapiens,EXTENDED,auxiliary,auxiliary,,,cat=PAM_functional_Gprotein; standard_type=deltapEC50; source_kind=primary_article; legacy potency_nM treated as generic endpoint value (not potency); censored endpoint bound; relation preserved
ACT_25917044,CM00432,PARENT0754,PMID_39023902,ASSY_CHEMBL5526936,PAM_functional_Gprotein,G-protein,Emax,<,70.0,,70.0,,Homo sapiens,EXTENDED,efficacy_only,efficacy_only,,,cat=PAM_functional_Gprotein; standard_type=Emax; source_kind=primary_article; legacy potency_nM treated as generic endpoint value (not potency); censored endpoint bound; relation preserved
ACT_25917046,CM00423,PARENT0759,PMID_39023902,ASSY_CHEMBL5526936,PAM_functional_Gprotein,G-protein,Emax,<,70.0,,70.0,,Homo sapiens,EXTENDED,efficacy_only,efficacy_only,,,cat=PAM_functional_Gprotein; standard_type=Emax; source_kind=primary_article; legacy potency_nM treated as generic endpoint value (not potency); censored endpoint bound; relation preserved
ACT_25917048,CM00362,PARENT0775,PMID_39023902,ASSY_CHEMBL5526936,PAM_functional_Gprotein,G-protein,Emax,<,70.0,,70.0,,Homo sapiens,EXTENDED,efficacy_only,efficacy_only,,,cat=PAM_functional_Gprotein; standard_type=Emax; source_kind=primary_article; legacy potency_nM treated as generic endpoint value (not potency); censored endpoint bound; relation preserved
ACT_25917049,CM00080,PARENT0778,PMID_39023902,ASSY_CHEMBL5526936,PAM_functional_Gprotein,G-protein,Emax,<,70.0,,70.0,,Homo sapiens,EXTENDED,efficacy_only,efficacy_only,,,cat=PAM_functional_Gprotein; standard_type=Emax; source_kind=primary_article; legacy potency_nM treated as generic endpoint value (not potency); censored endpoint bound; relation preserved
ACT_25917050,CM00754,PARENT0780,PMID_39023902,ASSY_CHEMBL5526936,PAM_functional_Gprotein,G-protein,Emax,<,70.0,,70.0,,Homo sapiens,EXTENDED,efficacy_only,efficacy_only,,,cat=PAM_functional_Gprotein; standard_type=Emax; source_kind=primary_article; legacy potency_nM treated as generic endpoint value (not potency); censored endpoint bound; relation preserved
ACT_25917051,CM00833,PARENT0788,PMID_39023902,ASSY_CHEMBL5526936,PAM_functional_Gprotein,G-protein,Emax,<,70.0,,70.0,,Homo sapiens,EXTENDED,efficacy_only,efficacy_only,,,cat=PAM_functional_Gprotein; standard_type=Emax; source_kind=primary_article; legacy potency_nM treated as generic endpoint value (not potency); censored endpoint bound; relation preserved
ACT_25917052,CM00757,PARENT0789,PMID_39023902,ASSY_CHEMBL5526936,PAM_functional_Gprotein,G-protein,Emax,<,70.0,,70.0,,Homo sapiens,EXTENDED,efficacy_only,efficacy_only,,,cat=PAM_functional_Gprotein; standard_type=Emax; source_kind=primary_article; legacy potency_nM treated as generic endpoint value (not potency); censored endpoint bound; relation preserved
ACT_25917053,CM00776,PARENT0790,PMID_39023902,ASSY_CHEMBL5526936,PAM_functional_Gprotein,G-protein,Emax,<,70.0,,70.0,,Homo sapiens,EXTENDED,efficacy_only,efficacy_only,,,cat=PAM_functional_Gprotein; standard_type=Emax; source_kind=primary_article; legacy potency_nM treated as generic endpoint value (not potency); censored endpoint bound; relation preserved
ACT_25917054,CM00790,PARENT0791,PMID_39023902,ASSY_CHEMBL5526936,PAM_functional_Gprotein,G-protein,Emax,<,70.0,,70.0,,Homo sapiens,EXTENDED,efficacy_only,efficacy_only,,,cat=PAM_functional_Gprotein; standard_type=Emax; source_kind=primary_article; legacy potency_nM treated as generic endpoint value (not potency); censored endpoint bound; relation preserved
ACT_25917055,CM00393,PARENT0792,PMID_39023902,ASSY_CHEMBL5526936,PAM_functional_Gprotein,G-protein,Emax,<,70.0,,70.0,,Homo sapiens,EXTENDED,efficacy_only,efficacy_only,,,cat=PAM_functional_Gprotein; standard_type=Emax; source_kind=primary_article; legacy potency_nM treated as generic endpoint value (not potency); censored endpoint bound; relation preserved
ACT_25917056,CM00581,PARENT0793,PMID_39023902,ASSY_CHEMBL5526937,PAM_functional_Gprotein,G-protein,pKb,=,5.86,,,,Homo sapiens,EXTENDED,auxiliary,auxiliary,,,cat=PAM_functional_Gprotein; standard_type=pKb; source_kind=primary_article; legacy potency_nM treated as generic endpoint value (not potency)
ACT_25917057,CM00560,PARENT0753,PMID_39023902,ASSY_CHEMBL5526937,PAM_functional_Gprotein,G-protein,pKb,=,4.57,,,,Homo sapiens,EXTENDED,auxiliary,auxiliary,,,cat=PAM_functional_Gprotein; standard_type=pKb; source_kind=primary_article; legacy potency_nM treated as generic endpoint value (not potency)
ACT_25917058,CM00432,PARENT0754,PMID_39023902,ASSY_CHEMBL5526937,PAM_functional_Gprotein,G-protein,pKb,=,4.73,,,,Homo sapiens,EXTENDED,auxiliary,auxiliary,,,cat=PAM_functional_Gprotein; standard_type=pKb; source_kind=primary_article; legacy potency_nM treated as generic endpoint value (not potency)
ACT_25917059,CM00654,PARENT0757,PMID_39023902,ASSY_CHEMBL5526937,PAM_functional_Gprotein,G-protein,pKb,=,4.74,,,,Homo sapiens,EXTENDED,auxiliary,auxiliary,,,cat=PAM_functional_Gprotein; standard_type=pKb; source_kind=primary_article; legacy potency_nM treated as generic endpoint value (not potency)
ACT_25917060,CM00423,PARENT0759,PMID_39023902,ASSY_CHEMBL5526937,PAM_functional_Gprotein,G-protein,pKb,=,4.55,,,,Homo sapiens,EXTENDED,auxiliary,auxiliary,,,cat=PAM_functional_Gprotein; standard_type=pKb; source_kind=primary_article; legacy potency_nM treated as generic endpoint value (not potency)
ACT_25917061,CM00362,PARENT0775,PMID_39023902,ASSY_CHEMBL5526937,PAM_functional_Gprotein,G-protein,pKb,=,4.79,,,,Homo sapiens,EXTENDED,auxiliary,auxiliary,,,cat=PAM_functional_Gprotein; standard_type=pKb; source_kind=primary_article; legacy potency_nM treated as generic endpoint value (not potency)
ACT_25917062,CM00080,PARENT0778,PMID_39023902,ASSY_CHEMBL5526937,PAM_functional_Gprotein,G-protein,pKb,=,5.77,,,,Homo sapiens,EXTENDED,auxiliary,auxiliary,,,cat=PAM_functional_Gprotein; standard_type=pKb; source_kind=primary_article; legacy potency_nM treated as generic endpoint value (not potency)
ACT_25917063,CM00754,PARENT0780,PMID_39023902,ASSY_CHEMBL5526937,PAM_functional_Gprotein,G-protein,pKb,=,4.73,,,,Homo sapiens,EXTENDED,auxiliary,auxiliary,,,cat=PAM_functional_Gprotein; standard_type=pKb; source_kind=primary_article; legacy potency_nM treated as generic endpoint value (not potency)
ACT_25917064,CM00460,PARENT0781,PMID_39023902,ASSY_CHEMBL5526937,PAM_functional_Gprotein,G-protein,pKb,=,4.71,,,,Homo sapiens,EXTENDED,auxiliary,auxiliary,,,cat=PAM_functional_Gprotein; standard_type=pKb; source_kind=primary_article; legacy potency_nM treated as generic endpoint value (not potency)
ACT_25917065,CM00714,PARENT0782,PMID_39023902,ASSY_CHEMBL5526937,PAM_functional_Gprotein,G-protein,pKb,=,5.59,,,,Homo sapiens,EXTENDED,auxiliary,auxiliary,,,cat=PAM_functional_Gprotein; standard_type=pKb; source_kind=primary_article; legacy potency_nM treated as generic endpoint value (not potency)
ACT_25917066,CM00282,PARENT0783,PMID_39023902,ASSY_CHEMBL5526937,PAM_functional_Gprotein,G-protein,pKb,=,5.51,,,,Homo sapiens,EXTENDED,auxiliary,auxiliary,,,cat=PAM_functional_Gprotein; standard_type=pKb; source_kind=primary_article; legacy potency_nM treated as generic endpoint value (not potency)
ACT_25917067,CM00147,PARENT0784,PMID_39023902,ASSY_CHEMBL5526937,PAM_functional_Gprotein,G-protein,pKb,=,4.53,,,,Homo sapiens,EXTENDED,auxiliary,auxiliary,,,cat=PAM_functional_Gprotein; standard_type=pKb; source_kind=primary_article; legacy potency_nM treated as generic endpoint value (not potency)
ACT_25917068,CM00513,PARENT0787,PMID_39023902,ASSY_CHEMBL5526937,PAM_functional_Gprotein,G-protein,pKb,=,5.41,,,,Homo sapiens,EXTENDED,auxiliary,auxiliary,,,cat=PAM_functional_Gprotein; standard_type=pKb; source_kind=primary_article; legacy potency_nM treated as generic endpoint value (not potency)
ACT_25917069,CM00833,PARENT0788,PMID_39023902,ASSY_CHEMBL5526937,PAM_functional_Gprotein,G-protein,pKb,=,5.56,,,,Homo sapiens,EXTENDED,auxiliary,auxiliary,,,cat=PAM_functional_Gprotein; standard_type=pKb; source_kind=primary_article; legacy potency_nM treated as generic endpoint value (not potency)
ACT_25917070,CM00757,PARENT0789,PMID_39023902,ASSY_CHEMBL5526937,PAM_functional_Gprotein,G-protein,pKb,=,5.52,,,,Homo sapiens,EXTENDED,auxiliary,auxiliary,,,cat=PAM_functional_Gprotein; standard_type=pKb; source_kind=primary_article; legacy potency_nM treated as generic endpoint value (not potency)
ACT_25917071,CM00776,PARENT0790,PMID_39023902,ASSY_CHEMBL5526937,PAM_functional_Gprotein,G-protein,pKb,=,5.65,,,,Homo sapiens,EXTENDED,auxiliary,auxiliary,,,cat=PAM_functional_Gprotein; standard_type=pKb; source_kind=primary_article; legacy potency_nM treated as generic endpoint value (not potency)
ACT_25917072,CM00790,PARENT0791,PMID_39023902,ASSY_CHEMBL5526937,PAM_functional_Gprotein,G-protein,pKb,=,5.23,,,,Homo sapiens,EXTENDED,auxiliary,auxiliary,,,cat=PAM_functional_Gprotein; standard_type=pKb; source_kind=primary_article; legacy potency_nM treated as generic endpoint value (not potency)
ACT_25917073,CM00393,PARENT0792,PMID_39023902,ASSY_CHEMBL5526937,PAM_functional_Gprotein,G-protein,pKb,=,5.26,,,,Homo sapiens,EXTENDED,auxiliary,auxiliary,,,cat=PAM_functional_Gprotein; standard_type=pKb; source_kind=primary_article; legacy potency_nM treated as generic endpoint value (not potency)
ACT_25917074,CM00581,PARENT0793,PMID_39023902,ASSY_CHEMBL5526938,PAM_functional_Gprotein,G-protein,log(activity),=,1.58,,,,Homo sapiens,EXTENDED,auxiliary,auxiliary,,,cat=PAM_functional_Gprotein; standard_type=log(activity); source_kind=primary_article; legacy potency_nM treated as generic endpoint value (not potency)
ACT_25917075,CM00560,PARENT0753,PMID_39023902,ASSY_CHEMBL5526938,PAM_functional_Gprotein,G-protein,log(activity),=,0.73,,,,Homo sapiens,EXTENDED,auxiliary,auxiliary,,,cat=PAM_functional_Gprotein; standard_type=log(activity); source_kind=primary_article; legacy potency_nM treated as generic endpoint value (not potency)
ACT_25917076,CM00432,PARENT0754,PMID_39023902,ASSY_CHEMBL5526938,PAM_functional_Gprotein,G-protein,log(activity),=,1.05,,,,Homo sapiens,EXTENDED,auxiliary,auxiliary,,,cat=PAM_functional_Gprotein; standard_type=log(activity); source_kind=primary_article; legacy potency_nM treated as generic endpoint value (not potency)
ACT_25917077,CM00654,PARENT0757,PMID_39023902,ASSY_CHEMBL5526938,PAM_functional_Gprotein,G-protein,log(activity),=,0.88,,,,Homo sapiens,EXTENDED,auxiliary,auxiliary,,,cat=PAM_functional_Gprotein; standard_type=log(activity); source_kind=primary_article; legacy potency_nM treated as generic endpoint value (not potency)
ACT_25917078,CM00423,PARENT0759,PMID_39023902,ASSY_CHEMBL5526938,PAM_functional_Gprotein,G-protein,log(activity),=,1.16,,,,Homo sapiens,EXTENDED,auxiliary,auxiliary,,,cat=PAM_functional_Gprotein; standard_type=log(activity); source_kind=primary_article; legacy potency_nM treated as generic endpoint value (not potency)
ACT_25917079,CM00362,PARENT0775,PMID_39023902,ASSY_CHEMBL5526938,PAM_functional_Gprotein,G-protein,log(activity),=,0.85,,,,Homo sapiens,EXTENDED,auxiliary,auxiliary,,,cat=PAM_functional_Gprotein; standard_type=log(activity); source_kind=primary_article; legacy potency_nM treated as generic endpoint value (not potency)
ACT_25917080,CM00080,PARENT0778,PMID_39023902,ASSY_CHEMBL5526938,PAM_functional_Gprotein,G-protein,log(activity),=,0.74,,,,Homo sapiens,EXTENDED,auxiliary,auxiliary,,,cat=PAM_functional_Gprotein; standard_type=log(activity); source_kind=primary_article; legacy potency_nM treated as generic endpoint value (not potency)
ACT_25917081,CM00754,PARENT0780,PMID_39023902,ASSY_CHEMBL5526938,PAM_functional_Gprotein,G-protein,log(activity),=,2.17,,,,Homo sapiens,EXTENDED,auxiliary,auxiliary,,,cat=PAM_functional_Gprotein; standard_type=log(activity); source_kind=primary_article; legacy potency_nM treated as generic endpoint value (not potency)
ACT_25917082,CM00460,PARENT0781,PMID_39023902,ASSY_CHEMBL5526938,PAM_functional_Gprotein,G-protein,log(activity),=,1.3,,,,Homo sapiens,EXTENDED,auxiliary,auxiliary,,,cat=PAM_functional_Gprotein; standard_type=log(activity); source_kind=primary_article; legacy potency_nM treated as generic endpoint value (not potency)
ACT_25917083,CM00714,PARENT0782,PMID_39023902,ASSY_CHEMBL5526938,PAM_functional_Gprotein,G-protein,log(activity),=,0.23,,,,Homo sapiens,EXTENDED,auxiliary,auxiliary,,,cat=PAM_functional_Gprotein; standard_type=log(activity); source_kind=primary_article; legacy potency_nM treated as generic endpoint value (not potency)
ACT_25917084,CM00282,PARENT0783,PMID_39023902,ASSY_CHEMBL5526938,PAM_functional_Gprotein,G-protein,log(activity),=,0.21,,,,Homo sapiens,EXTENDED,auxiliary,auxiliary,,,cat=PAM_functional_Gprotein; standard_type=log(activity); source_kind=primary_article; legacy potency_nM treated as generic endpoint value (not potency)
ACT_25917085,CM00147,PARENT0784,PMID_39023902,ASSY_CHEMBL5526938,PAM_functional_Gprotein,G-protein,log(activity),=,1.56,,,,Homo sapiens,EXTENDED,auxiliary,auxiliary,,,cat=PAM_functional_Gprotein; standard_type=log(activity); source_kind=primary_article; legacy potency_nM treated as generic endpoint value (not potency)
ACT_25917086,CM00513,PARENT0787,PMID_39023902,ASSY_CHEMBL5526938,PAM_functional_Gprotein,G-protein,log(activity),=,-0.03,,,,Homo sapiens,EXTENDED,auxiliary,auxiliary,,,cat=PAM_functional_Gprotein; standard_type=log(activity); source_kind=primary_article; legacy potency_nM treated as generic endpoint value (not potency)
ACT_25917087,CM00833,PARENT0788,PMID_39023902,ASSY_CHEMBL5526938,PAM_functional_Gprotein,G-protein,log(activity),=,1.47,,,,Homo sapiens,EXTENDED,auxiliary,auxiliary,,,cat=PAM_functional_Gprotein; standard_type=log(activity); source_kind=primary_article; legacy potency_nM treated as generic endpoint value (not potency)
ACT_25917088,CM00757,PARENT0789,PMID_39023902,ASSY_CHEMBL5526938,PAM_functional_Gprotein,G-protein,log(activity),=,1.31,,,,Homo sapiens,EXTENDED,auxiliary,auxiliary,,,cat=PAM_functional_Gprotein; standard_type=log(activity); source_kind=primary_article; legacy potency_nM treated as generic endpoint value (not potency)
ACT_25917089,CM00776,PARENT0790,PMID_39023902,ASSY_CHEMBL5526938,PAM_functional_Gprotein,G-protein,log(activity),=,1.72,,,,Homo sapiens,EXTENDED,auxiliary,auxiliary,,,cat=PAM_functional_Gprotein; standard_type=log(activity); source_kind=primary_article; legacy potency_nM treated as generic endpoint value (not potency)
ACT_25917090,CM00790,PARENT0791,PMID_39023902,ASSY_CHEMBL5526938,PAM_functional_Gprotein,G-protein,log(activity),=,1.49,,,,Homo sapiens,EXTENDED,auxiliary,auxiliary,,,cat=PAM_functional_Gprotein; standard_type=log(activity); source_kind=primary_article; legacy potency_nM treated as generic endpoint value (not potency)
ACT_25917091,CM00393,PARENT0792,PMID_39023902,ASSY_CHEMBL5526938,PAM_functional_Gprotein,G-protein,log(activity),=,1.55,,,,Homo sapiens,EXTENDED,auxiliary,auxiliary,,,cat=PAM_functional_Gprotein; standard_type=log(activity); source_kind=primary_article; legacy potency_nM treated as generic endpoint value (not potency)
ACT_25917092,CM00581,PARENT0793,PMID_39023902,ASSY_CHEMBL5526939,PAM_functional_Gprotein,G-protein,Activity,=,38.0,,,,Homo sapiens,EXTENDED,auxiliary,auxiliary,,,cat=PAM_functional_Gprotein; standard_type=Activity; source_kind=primary_article; legacy potency_nM treated as generic endpoint value (not potency)
ACT_25917093,CM00560,PARENT0753,PMID_39023902,ASSY_CHEMBL5526939,PAM_functional_Gprotein,G-protein,Activity,=,5.4,,,,Homo sapiens,EXTENDED,auxiliary,auxiliary,,,cat=PAM_functional_Gprotein; standard_type=Activity; source_kind=primary_article; legacy potency_nM treated as generic endpoint value (not potency)
ACT_25917094,CM00432,PARENT0754,PMID_39023902,ASSY_CHEMBL5526939,PAM_functional_Gprotein,G-protein,Activity,=,11.0,,,,Homo sapiens,EXTENDED,auxiliary,auxiliary,,,cat=PAM_functional_Gprotein; standard_type=Activity; source_kind=primary_article; legacy potency_nM treated as generic endpoint value (not potency)
ACT_25917095,CM00654,PARENT0757,PMID_39023902,ASSY_CHEMBL5526939,PAM_functional_Gprotein,G-protein,Activity,=,7.6,,,,Homo sapiens,EXTENDED,auxiliary,auxiliary,,,cat=PAM_functional_Gprotein; standard_type=Activity; source_kind=primary_article; legacy potency_nM treated as generic endpoint value (not potency)
ACT_25917096,CM00423,PARENT0759,PMID_39023902,ASSY_CHEMBL5526939,PAM_functional_Gprotein,G-protein,Activity,=,14.0,,,,Homo sapiens,EXTENDED,auxiliary,auxiliary,,,cat=PAM_functional_Gprotein; standard_type=Activity; source_kind=primary_article; legacy potency_nM treated as generic endpoint value (not potency)
ACT_25917097,CM00362,PARENT0775,PMID_39023902,ASSY_CHEMBL5526939,PAM_functional_Gprotein,G-protein,Activity,=,7.1,,,,Homo sapiens,EXTENDED,auxiliary,auxiliary,,,cat=PAM_functional_Gprotein; standard_type=Activity; source_kind=primary_article; legacy potency_nM treated as generic endpoint value (not potency)
ACT_25917098,CM00080,PARENT0778,PMID_39023902,ASSY_CHEMBL5526939,PAM_functional_Gprotein,G-protein,Activity,=,5.5,,,,Homo sapiens,EXTENDED,auxiliary,auxiliary,,,cat=PAM_functional_Gprotein; standard_type=Activity; source_kind=primary_article; legacy potency_nM treated as generic endpoint value (not potency)
ACT_25917099,CM00754,PARENT0780,PMID_39023902,ASSY_CHEMBL5526939,PAM_functional_Gprotein,G-protein,Activity,=,148.0,,,,Homo sapiens,EXTENDED,auxiliary,auxiliary,,,cat=PAM_functional_Gprotein; standard_type=Activity; source_kind=primary_article; legacy potency_nM treated as generic endpoint value (not potency)
ACT_25917100,CM00460,PARENT0781,PMID_39023902,ASSY_CHEMBL5526939,PAM_functional_Gprotein,G-protein,Activity,=,20.0,,,,Homo sapiens,EXTENDED,auxiliary,auxiliary,,,cat=PAM_functional_Gprotein; standard_type=Activity; source_kind=primary_article; legacy potency_nM treated as generic endpoint value (not potency)
ACT_25917101,CM00714,PARENT0782,PMID_39023902,ASSY_CHEMBL5526939,PAM_functional_Gprotein,G-protein,Activity,=,1.7,,,,Homo sapiens,EXTENDED,auxiliary,auxiliary,,,cat=PAM_functional_Gprotein; standard_type=Activity; source_kind=primary_article; legacy potency_nM treated as generic endpoint value (not potency)
ACT_25917102,CM00282,PARENT0783,PMID_39023902,ASSY_CHEMBL5526939,PAM_functional_Gprotein,G-protein,Activity,=,1.6,,,,Homo sapiens,EXTENDED,auxiliary,auxiliary,,,cat=PAM_functional_Gprotein; standard_type=Activity; source_kind=primary_article; legacy potency_nM treated as generic endpoint value (not potency)
ACT_25917103,CM00147,PARENT0784,PMID_39023902,ASSY_CHEMBL5526939,PAM_functional_Gprotein,G-protein,Activity,=,36.0,,,,Homo sapiens,EXTENDED,auxiliary,auxiliary,,,cat=PAM_functional_Gprotein; standard_type=Activity; source_kind=primary_article; legacy potency_nM treated as generic endpoint value (not potency)
ACT_25917104,CM00513,PARENT0787,PMID_39023902,ASSY_CHEMBL5526939,PAM_functional_Gprotein,G-protein,Activity,=,0.9,,,,Homo sapiens,EXTENDED,auxiliary,auxiliary,,,cat=PAM_functional_Gprotein; standard_type=Activity; source_kind=primary_article; legacy potency_nM treated as generic endpoint value (not potency)
ACT_25917105,CM00833,PARENT0788,PMID_39023902,ASSY_CHEMBL5526939,PAM_functional_Gprotein,G-protein,Activity,=,30.0,,,,Homo sapiens,EXTENDED,auxiliary,auxiliary,,,cat=PAM_functional_Gprotein; standard_type=Activity; source_kind=primary_article; legacy potency_nM treated as generic endpoint value (not potency)
ACT_25917106,CM00757,PARENT0789,PMID_39023902,ASSY_CHEMBL5526939,PAM_functional_Gprotein,G-protein,Activity,=,20.0,,,,Homo sapiens,EXTENDED,auxiliary,auxiliary,,,cat=PAM_functional_Gprotein; standard_type=Activity; source_kind=primary_article; legacy potency_nM treated as generic endpoint value (not potency)
ACT_25917107,CM00776,PARENT0790,PMID_39023902,ASSY_CHEMBL5526939,PAM_functional_Gprotein,G-protein,Activity,=,52.0,,,,Homo sapiens,EXTENDED,auxiliary,auxiliary,,,cat=PAM_functional_Gprotein; standard_type=Activity; source_kind=primary_article; legacy potency_nM treated as generic endpoint value (not potency)
ACT_25917108,CM00790,PARENT0791,PMID_39023902,ASSY_CHEMBL5526939,PAM_functional_Gprotein,G-protein,Activity,=,31.0,,,,Homo sapiens,EXTENDED,auxiliary,auxiliary,,,cat=PAM_functional_Gprotein; standard_type=Activity; source_kind=primary_article; legacy potency_nM treated as generic endpoint value (not potency)
ACT_25917109,CM00393,PARENT0792,PMID_39023902,ASSY_CHEMBL5526939,PAM_functional_Gprotein,G-protein,Activity,=,35.0,,,,Homo sapiens,EXTENDED,auxiliary,auxiliary,,,cat=PAM_functional_Gprotein; standard_type=Activity; source_kind=primary_article; legacy potency_nM treated as generic endpoint value (not potency)
ACT_25917110,CM00581,PARENT0793,PMID_39023902,ASSY_CHEMBL5526940,PAM_functional_Gprotein,G-protein,log(activity),=,1.74,,,,Homo sapiens,EXTENDED,auxiliary,auxiliary,,,cat=PAM_functional_Gprotein; standard_type=log(activity); source_kind=primary_article; legacy potency_nM treated as generic endpoint value (not potency)
ACT_25917111,CM00560,PARENT0753,PMID_39023902,ASSY_CHEMBL5526940,PAM_functional_Gprotein,G-protein,log(activity),=,1.46,,,,Homo sapiens,EXTENDED,auxiliary,auxiliary,,,cat=PAM_functional_Gprotein; standard_type=log(activity); source_kind=primary_article; legacy potency_nM treated as generic endpoint value (not potency)
ACT_25917112,CM00432,PARENT0754,PMID_39023902,ASSY_CHEMBL5526940,PAM_functional_Gprotein,G-protein,log(activity),=,1.94,,,,Homo sapiens,EXTENDED,auxiliary,auxiliary,,,cat=PAM_functional_Gprotein; standard_type=log(activity); source_kind=primary_article; legacy potency_nM treated as generic endpoint value (not potency)
ACT_25917113,CM00654,PARENT0757,PMID_39023902,ASSY_CHEMBL5526940,PAM_functional_Gprotein,G-protein,log(activity),=,1.49,,,,Homo sapiens,EXTENDED,auxiliary,auxiliary,,,cat=PAM_functional_Gprotein; standard_type=log(activity); source_kind=primary_article; legacy potency_nM treated as generic endpoint value (not potency)
ACT_25917114,CM00423,PARENT0759,PMID_39023902,ASSY_CHEMBL5526940,PAM_functional_Gprotein,G-protein,log(activity),=,1.93,,,,Homo sapiens,EXTENDED,auxiliary,auxiliary,,,cat=PAM_functional_Gprotein; standard_type=log(activity); source_kind=primary_article; legacy potency_nM treated as generic endpoint value (not potency)
ACT_25917115,CM00362,PARENT0775,PMID_39023902,ASSY_CHEMBL5526940,PAM_functional_Gprotein,G-protein,log(activity),=,1.56,,,,Homo sapiens,EXTENDED,auxiliary,auxiliary,,,cat=PAM_functional_Gprotein; standard_type=log(activity); source_kind=primary_article; legacy potency_nM treated as generic endpoint value (not potency)
ACT_25917116,CM00080,PARENT0778,PMID_39023902,ASSY_CHEMBL5526940,PAM_functional_Gprotein,G-protein,log(activity),=,1.28,,,,Homo sapiens,EXTENDED,auxiliary,auxiliary,,,cat=PAM_functional_Gprotein; standard_type=log(activity); source_kind=primary_article; legacy potency_nM treated as generic endpoint value (not potency)
ACT_25917117,CM00754,PARENT0780,PMID_39023902,ASSY_CHEMBL5526940,PAM_functional_Gprotein,G-protein,log(activity),=,2.53,,,,Homo sapiens,EXTENDED,auxiliary,auxiliary,,,cat=PAM_functional_Gprotein; standard_type=log(activity); source_kind=primary_article; legacy potency_nM treated as generic endpoint value (not potency)
ACT_25917118,CM00460,PARENT0781,PMID_39023902,ASSY_CHEMBL5526940,PAM_functional_Gprotein,G-protein,log(activity),=,1.92,,,,Homo sapiens,EXTENDED,auxiliary,auxiliary,,,cat=PAM_functional_Gprotein; standard_type=log(activity); source_kind=primary_article; legacy potency_nM treated as generic endpoint value (not potency)
ACT_25917119,CM00714,PARENT0782,PMID_39023902,ASSY_CHEMBL5526940,PAM_functional_Gprotein,G-protein,log(activity),=,0.13,,,,Homo sapiens,EXTENDED,auxiliary,auxiliary,,,cat=PAM_functional_Gprotein; standard_type=log(activity); source_kind=primary_article; legacy potency_nM treated as generic endpoint value (not potency)
ACT_25917120,CM00282,PARENT0783,PMID_39023902,ASSY_CHEMBL5526940,PAM_functional_Gprotein,G-protein,log(activity),=,0.36,,,,Homo sapiens,EXTENDED,auxiliary,auxiliary,,,cat=PAM_functional_Gprotein; standard_type=log(activity); source_kind=primary_article; legacy potency_nM treated as generic endpoint value (not potency)
ACT_25917121,CM00147,PARENT0784,PMID_39023902,ASSY_CHEMBL5526940,PAM_functional_Gprotein,G-protein,log(activity),=,2.01,,,,Homo sapiens,EXTENDED,auxiliary,auxiliary,,,cat=PAM_functional_Gprotein; standard_type=log(activity); source_kind=primary_article; legacy potency_nM treated as generic endpoint value (not potency)
ACT_25917122,CM00513,PARENT0787,PMID_39023902,ASSY_CHEMBL5526940,PAM_functional_Gprotein,G-protein,log(activity),=,0.7,,,,Homo sapiens,EXTENDED,auxiliary,auxiliary,,,cat=PAM_functional_Gprotein; standard_type=log(activity); source_kind=primary_article; legacy potency_nM treated as generic endpoint value (not potency)
ACT_25917123,CM00833,PARENT0788,PMID_39023902,ASSY_CHEMBL5526940,PAM_functional_Gprotein,G-protein,log(activity),=,1.87,,,,Homo sapiens,EXTENDED,auxiliary,auxiliary,,,cat=PAM_functional_Gprotein; standard_type=log(activity); source_kind=primary_article; legacy potency_nM treated as generic endpoint value (not potency)
ACT_25917124,CM00757,PARENT0789,PMID_39023902,ASSY_CHEMBL5526940,PAM_functional_Gprotein,G-protein,log(activity),=,1.44,,,,Homo sapiens,EXTENDED,auxiliary,auxiliary,,,cat=PAM_functional_Gprotein; standard_type=log(activity); source_kind=primary_article; legacy potency_nM treated as generic endpoint value (not potency)
ACT_25917125,CM00776,PARENT0790,PMID_39023902,ASSY_CHEMBL5526940,PAM_functional_Gprotein,G-protein,log(activity),=,2.15,,,,Homo sapiens,EXTENDED,auxiliary,auxiliary,,,cat=PAM_functional_Gprotein; standard_type=log(activity); source_kind=primary_article; legacy potency_nM treated as generic endpoint value (not potency)
ACT_25917126,CM00790,PARENT0791,PMID_39023902,ASSY_CHEMBL5526940,PAM_functional_Gprotein,G-protein,log(activity),=,1.3,,,,Homo sapiens,EXTENDED,auxiliary,auxiliary,,,cat=PAM_functional_Gprotein; standard_type=log(activity); source_kind=primary_article; legacy potency_nM treated as generic endpoint value (not potency)
ACT_25917127,CM00393,PARENT0792,PMID_39023902,ASSY_CHEMBL5526940,PAM_functional_Gprotein,G-protein,log(activity),=,1.94,,,,Homo sapiens,EXTENDED,auxiliary,auxiliary,,,cat=PAM_functional_Gprotein; standard_type=log(activity); source_kind=primary_article; legacy potency_nM treated as generic endpoint value (not potency)
ACT_25917128,CM00581,PARENT0793,PMID_39023902,ASSY_CHEMBL5526941,PAM_functional_Gprotein,G-protein,Activity,=,55.0,,,,Homo sapiens,EXTENDED,auxiliary,auxiliary,,,cat=PAM_functional_Gprotein; standard_type=Activity; source_kind=primary_article; legacy potency_nM treated as generic endpoint value (not potency)
ACT_25917129,CM00560,PARENT0753,PMID_39023902,ASSY_CHEMBL5526941,PAM_functional_Gprotein,G-protein,Activity,=,29.0,,,,Homo sapiens,EXTENDED,auxiliary,auxiliary,,,cat=PAM_functional_Gprotein; standard_type=Activity; source_kind=primary_article; legacy potency_nM treated as generic endpoint value (not potency)
ACT_25917130,CM00432,PARENT0754,PMID_39023902,ASSY_CHEMBL5526941,PAM_functional_Gprotein,G-protein,Activity,=,87.0,,,,Homo sapiens,EXTENDED,auxiliary,auxiliary,,,cat=PAM_functional_Gprotein; standard_type=Activity; source_kind=primary_article; legacy potency_nM treated as generic endpoint value (not potency)
ACT_25917131,CM00654,PARENT0757,PMID_39023902,ASSY_CHEMBL5526941,PAM_functional_Gprotein,G-protein,Activity,=,31.0,,,,Homo sapiens,EXTENDED,auxiliary,auxiliary,,,cat=PAM_functional_Gprotein; standard_type=Activity; source_kind=primary_article; legacy potency_nM treated as generic endpoint value (not potency)
ACT_25917132,CM00423,PARENT0759,PMID_39023902,ASSY_CHEMBL5526941,PAM_functional_Gprotein,G-protein,Activity,=,85.0,,,,Homo sapiens,EXTENDED,auxiliary,auxiliary,,,cat=PAM_functional_Gprotein; standard_type=Activity; source_kind=primary_article; legacy potency_nM treated as generic endpoint value (not potency)
ACT_25917133,CM00362,PARENT0775,PMID_39023902,ASSY_CHEMBL5526941,PAM_functional_Gprotein,G-protein,Activity,=,36.0,,,,Homo sapiens,EXTENDED,auxiliary,auxiliary,,,cat=PAM_functional_Gprotein; standard_type=Activity; source_kind=primary_article; legacy potency_nM treated as generic endpoint value (not potency)
ACT_25917134,CM00080,PARENT0778,PMID_39023902,ASSY_CHEMBL5526941,PAM_functional_Gprotein,G-protein,Activity,=,19.0,,,,Homo sapiens,EXTENDED,auxiliary,auxiliary,,,cat=PAM_functional_Gprotein; standard_type=Activity; source_kind=primary_article; legacy potency_nM treated as generic endpoint value (not potency)
ACT_25917135,CM00754,PARENT0780,PMID_39023902,ASSY_CHEMBL5526941,PAM_functional_Gprotein,G-protein,Activity,=,338.0,,,,Homo sapiens,EXTENDED,auxiliary,auxiliary,,,cat=PAM_functional_Gprotein; standard_type=Activity; source_kind=primary_article; legacy potency_nM treated as generic endpoint value (not potency)
ACT_25917136,CM00460,PARENT0781,PMID_39023902,ASSY_CHEMBL5526941,PAM_functional_Gprotein,G-protein,Activity,=,83.0,,,,Homo sapiens,EXTENDED,auxiliary,auxiliary,,,cat=PAM_functional_Gprotein; standard_type=Activity; source_kind=primary_article; legacy potency_nM treated as generic endpoint value (not potency)
ACT_25917137,CM00714,PARENT0782,PMID_39023902,ASSY_CHEMBL5526941,PAM_functional_Gprotein,G-protein,Activity,=,1.3,,,,Homo sapiens,EXTENDED,auxiliary,auxiliary,,,cat=PAM_functional_Gprotein; standard_type=Activity; source_kind=primary_article; legacy potency_nM treated as generic endpoint value (not potency)
ACT_25917138,CM00282,PARENT0783,PMID_39023902,ASSY_CHEMBL5526941,PAM_functional_Gprotein,G-protein,Activity,=,2.3,,,,Homo sapiens,EXTENDED,auxiliary,auxiliary,,,cat=PAM_functional_Gprotein; standard_type=Activity; source_kind=primary_article; legacy potency_nM treated as generic endpoint value (not potency)
ACT_25917139,CM00147,PARENT0784,PMID_39023902,ASSY_CHEMBL5526941,PAM_functional_Gprotein,G-protein,Activity,=,102.0,,,,Homo sapiens,EXTENDED,auxiliary,auxiliary,,,cat=PAM_functional_Gprotein; standard_type=Activity; source_kind=primary_article; legacy potency_nM treated as generic endpoint value (not potency)
ACT_25917140,CM00513,PARENT0787,PMID_39023902,ASSY_CHEMBL5526941,PAM_functional_Gprotein,G-protein,Activity,=,5.0,,,,Homo sapiens,EXTENDED,auxiliary,auxiliary,,,cat=PAM_functional_Gprotein; standard_type=Activity; source_kind=primary_article; legacy potency_nM treated as generic endpoint value (not potency)
ACT_25917141,CM00833,PARENT0788,PMID_39023902,ASSY_CHEMBL5526941,PAM_functional_Gprotein,G-protein,Activity,=,74.0,,,,Homo sapiens,EXTENDED,auxiliary,auxiliary,,,cat=PAM_functional_Gprotein; standard_type=Activity; source_kind=primary_article; legacy potency_nM treated as generic endpoint value (not potency)
ACT_25917142,CM00757,PARENT0789,PMID_39023902,ASSY_CHEMBL5526941,PAM_functional_Gprotein,G-protein,Activity,=,28.0,,,,Homo sapiens,EXTENDED,auxiliary,auxiliary,,,cat=PAM_functional_Gprotein; standard_type=Activity; source_kind=primary_article; legacy potency_nM treated as generic endpoint value (not potency)
ACT_25917143,CM00776,PARENT0790,PMID_39023902,ASSY_CHEMBL5526941,PAM_functional_Gprotein,G-protein,Activity,=,141.0,,,,Homo sapiens,EXTENDED,auxiliary,auxiliary,,,cat=PAM_functional_Gprotein; standard_type=Activity; source_kind=primary_article; legacy potency_nM treated as generic endpoint value (not potency)
ACT_25917144,CM00790,PARENT0791,PMID_39023902,ASSY_CHEMBL5526941,PAM_functional_Gprotein,G-protein,Activity,=,20.0,,,,Homo sapiens,EXTENDED,auxiliary,auxiliary,,,cat=PAM_functional_Gprotein; standard_type=Activity; source_kind=primary_article; legacy potency_nM treated as generic endpoint value (not potency)
ACT_25917145,CM00393,PARENT0792,PMID_39023902,ASSY_CHEMBL5526941,PAM_functional_Gprotein,G-protein,Activity,=,87.0,,,,Homo sapiens,EXTENDED,auxiliary,auxiliary,,,cat=PAM_functional_Gprotein; standard_type=Activity; source_kind=primary_article; legacy potency_nM treated as generic endpoint value (not potency)
ACT_25917146,CM00581,PARENT0793,PMID_39023902,ASSY_CHEMBL5526942,PAM_functional_cAMP,cAMP,log(activity),=,0.25,,,,Homo sapiens,EXTENDED,auxiliary,auxiliary,,,cat=PAM_functional_cAMP; standard_type=log(activity); source_kind=primary_article; legacy potency_nM treated as generic endpoint value (not potency)
ACT_25917147,CM00560,PARENT0753,PMID_39023902,ASSY_CHEMBL5526942,PAM_functional_cAMP,cAMP,log(activity),=,-0.28,,,,Homo sapiens,EXTENDED,auxiliary,auxiliary,,,cat=PAM_functional_cAMP; standard_type=log(activity); source_kind=primary_article; legacy potency_nM treated as generic endpoint value (not potency)
ACT_25917148,CM00432,PARENT0754,PMID_39023902,ASSY_CHEMBL5526942,PAM_functional_cAMP,cAMP,log(activity),=,0.18,,,,Homo sapiens,EXTENDED,auxiliary,auxiliary,,,cat=PAM_functional_cAMP; standard_type=log(activity); source_kind=primary_article; legacy potency_nM treated as generic endpoint value (not potency)
ACT_25917149,CM00654,PARENT0757,PMID_39023902,ASSY_CHEMBL5526942,PAM_functional_cAMP,cAMP,log(activity),=,-0.64,,,,Homo sapiens,EXTENDED,auxiliary,auxiliary,,,cat=PAM_functional_cAMP; standard_type=log(activity); source_kind=primary_article; legacy potency_nM treated as generic endpoint value (not potency)
ACT_25917150,CM00423,PARENT0759,PMID_39023902,ASSY_CHEMBL5526942,PAM_functional_cAMP,cAMP,log(activity),=,0.28,,,,Homo sapiens,EXTENDED,auxiliary,auxiliary,,,cat=PAM_functional_cAMP; standard_type=log(activity); source_kind=primary_article; legacy potency_nM treated as generic endpoint value (not potency)
ACT_25917151,CM00362,PARENT0775,PMID_39023902,ASSY_CHEMBL5526942,PAM_functional_cAMP,cAMP,log(activity),=,-0.47,,,,Homo sapiens,EXTENDED,auxiliary,auxiliary,,,cat=PAM_functional_cAMP; standard_type=log(activity); source_kind=primary_article; legacy potency_nM treated as generic endpoint value (not potency)
ACT_25917152,CM00080,PARENT0778,PMID_39023902,ASSY_CHEMBL5526942,PAM_functional_cAMP,cAMP,log(activity),=,-0.06,,,,Homo sapiens,EXTENDED,auxiliary,auxiliary,,,cat=PAM_functional_cAMP; standard_type=log(activity); source_kind=primary_article; legacy potency_nM treated as generic endpoint value (not potency)
ACT_25917153,CM00754,PARENT0780,PMID_39023902,ASSY_CHEMBL5526942,PAM_functional_cAMP,cAMP,log(activity),=,1.17,,,,Homo sapiens,EXTENDED,auxiliary,auxiliary,,,cat=PAM_functional_cAMP; standard_type=log(activity); source_kind=primary_article; legacy potency_nM treated as generic endpoint value (not potency)
ACT_25917154,CM00460,PARENT0781,PMID_39023902,ASSY_CHEMBL5526942,PAM_functional_cAMP,cAMP,log(activity),=,0.1,,,,Homo sapiens,EXTENDED,auxiliary,auxiliary,,,cat=PAM_functional_cAMP; standard_type=log(activity); source_kind=primary_article; legacy potency_nM treated as generic endpoint value (not potency)
ACT_25917155,CM00714,PARENT0782,PMID_39023902,ASSY_CHEMBL5526942,PAM_functional_cAMP,cAMP,log(activity),=,-0.87,,,,Homo sapiens,EXTENDED,auxiliary,auxiliary,,,cat=PAM_functional_cAMP; standard_type=log(activity); source_kind=primary_article; legacy potency_nM treated as generic endpoint value (not potency)
ACT_25917156,CM00282,PARENT0783,PMID_39023902,ASSY_CHEMBL5526942,PAM_functional_cAMP,cAMP,log(activity),=,-0.8,,,,Homo sapiens,EXTENDED,auxiliary,auxiliary,,,cat=PAM_functional_cAMP; standard_type=log(activity); source_kind=primary_article; legacy potency_nM treated as generic endpoint value (not potency)
ACT_25917157,CM00147,PARENT0784,PMID_39023902,ASSY_CHEMBL5526942,PAM_functional_cAMP,cAMP,log(activity),=,0.84,,,,Homo sapiens,EXTENDED,auxiliary,auxiliary,,,cat=PAM_functional_cAMP; standard_type=log(activity); source_kind=primary_article; legacy potency_nM treated as generic endpoint value (not potency)
ACT_25917158,CM00513,PARENT0787,PMID_39023902,ASSY_CHEMBL5526942,PAM_functional_cAMP,cAMP,log(activity),=,-0.39,,,,Homo sapiens,EXTENDED,auxiliary,auxiliary,,,cat=PAM_functional_cAMP; standard_type=log(activity); source_kind=primary_article; legacy potency_nM treated as generic endpoint value (not potency)
ACT_25917159,CM00833,PARENT0788,PMID_39023902,ASSY_CHEMBL5526942,PAM_functional_cAMP,cAMP,log(activity),=,0.43,,,,Homo sapiens,EXTENDED,auxiliary,auxiliary,,,cat=PAM_functional_cAMP; standard_type=log(activity); source_kind=primary_article; legacy potency_nM treated as generic endpoint value (not potency)
ACT_25917160,CM00757,PARENT0789,PMID_39023902,ASSY_CHEMBL5526942,PAM_functional_cAMP,cAMP,log(activity),=,0.36,,,,Homo sapiens,EXTENDED,auxiliary,auxiliary,,,cat=PAM_functional_cAMP; standard_type=log(activity); source_kind=primary_article; legacy potency_nM treated as generic endpoint value (not potency)
ACT_25917161,CM00776,PARENT0790,PMID_39023902,ASSY_CHEMBL5526942,PAM_functional_cAMP,cAMP,log(activity),=,0.5,,,,Homo sapiens,EXTENDED,auxiliary,auxiliary,,,cat=PAM_functional_cAMP; standard_type=log(activity); source_kind=primary_article; legacy potency_nM treated as generic endpoint value (not potency)
ACT_25917162,CM00790,PARENT0791,PMID_39023902,ASSY_CHEMBL5526942,PAM_functional_cAMP,cAMP,log(activity),=,0.74,,,,Homo sapiens,EXTENDED,auxiliary,auxiliary,,,cat=PAM_functional_cAMP; standard_type=log(activity); source_kind=primary_article; legacy potency_nM treated as generic endpoint value (not potency)
ACT_25917163,CM00393,PARENT0792,PMID_39023902,ASSY_CHEMBL5526942,PAM_functional_cAMP,cAMP,log(activity),=,0.48,,,,Homo sapiens,EXTENDED,auxiliary,auxiliary,,,cat=PAM_functional_cAMP; standard_type=log(activity); source_kind=primary_article; legacy potency_nM treated as generic endpoint value (not potency)
ACT_25917164,CM00581,PARENT0793,PMID_39023902,ASSY_CHEMBL5526943,PAM_functional_cAMP,cAMP,Activity,=,1.8,,,,Homo sapiens,EXTENDED,auxiliary,auxiliary,,,cat=PAM_functional_cAMP; standard_type=Activity; source_kind=primary_article; legacy potency_nM treated as generic endpoint value (not potency)
ACT_25917165,CM00560,PARENT0753,PMID_39023902,ASSY_CHEMBL5526943,PAM_functional_cAMP,cAMP,Activity,=,0.5,,,,Homo sapiens,EXTENDED,auxiliary,auxiliary,,,cat=PAM_functional_cAMP; standard_type=Activity; source_kind=primary_article; legacy potency_nM treated as generic endpoint value (not potency)
ACT_25917166,CM00432,PARENT0754,PMID_39023902,ASSY_CHEMBL5526943,PAM_functional_cAMP,cAMP,Activity,=,1.5,,,,Homo sapiens,EXTENDED,auxiliary,auxiliary,,,cat=PAM_functional_cAMP; standard_type=Activity; source_kind=primary_article; legacy potency_nM treated as generic endpoint value (not potency)
ACT_25917167,CM00654,PARENT0757,PMID_39023902,ASSY_CHEMBL5526943,PAM_functional_cAMP,cAMP,Activity,=,0.2,,,,Homo sapiens,EXTENDED,auxiliary,auxiliary,,,cat=PAM_functional_cAMP; standard_type=Activity; source_kind=primary_article; legacy potency_nM treated as generic endpoint value (not potency)
ACT_25917168,CM00423,PARENT0759,PMID_39023902,ASSY_CHEMBL5526943,PAM_functional_cAMP,cAMP,Activity,=,1.9,,,,Homo sapiens,EXTENDED,auxiliary,auxiliary,,,cat=PAM_functional_cAMP; standard_type=Activity; source_kind=primary_article; legacy potency_nM treated as generic endpoint value (not potency)
ACT_25917169,CM00362,PARENT0775,PMID_39023902,ASSY_CHEMBL5526943,PAM_functional_cAMP,cAMP,Activity,=,0.4,,,,Homo sapiens,EXTENDED,auxiliary,auxiliary,,,cat=PAM_functional_cAMP; standard_type=Activity; source_kind=primary_article; legacy potency_nM treated as generic endpoint value (not potency)
ACT_25917170,CM00080,PARENT0778,PMID_39023902,ASSY_CHEMBL5526943,PAM_functional_cAMP,cAMP,Activity,=,0.9,,,,Homo sapiens,EXTENDED,auxiliary,auxiliary,,,cat=PAM_functional_cAMP; standard_type=Activity; source_kind=primary_article; legacy potency_nM treated as generic endpoint value (not potency)
ACT_25917171,CM00754,PARENT0780,PMID_39023902,ASSY_CHEMBL5526943,PAM_functional_cAMP,cAMP,Activity,=,15.0,,,,Homo sapiens,EXTENDED,auxiliary,auxiliary,,,cat=PAM_functional_cAMP; standard_type=Activity; source_kind=primary_article; legacy potency_nM treated as generic endpoint value (not potency)
ACT_25917172,CM00460,PARENT0781,PMID_39023902,ASSY_CHEMBL5526943,PAM_functional_cAMP,cAMP,Activity,=,1.3,,,,Homo sapiens,EXTENDED,auxiliary,auxiliary,,,cat=PAM_functional_cAMP; standard_type=Activity; source_kind=primary_article; legacy potency_nM treated as generic endpoint value (not potency)
ACT_25917173,CM00714,PARENT0782,PMID_39023902,ASSY_CHEMBL5526943,PAM_functional_cAMP,cAMP,Activity,=,0.1,,,,Homo sapiens,EXTENDED,auxiliary,auxiliary,,,cat=PAM_functional_cAMP; standard_type=Activity; source_kind=primary_article; legacy potency_nM treated as generic endpoint value (not potency)
ACT_25917174,CM00282,PARENT0783,PMID_39023902,ASSY_CHEMBL5526943,PAM_functional_cAMP,cAMP,Activity,=,0.2,,,,Homo sapiens,EXTENDED,auxiliary,auxiliary,,,cat=PAM_functional_cAMP; standard_type=Activity; source_kind=primary_article; legacy potency_nM treated as generic endpoint value (not potency)
ACT_25917175,CM00147,PARENT0784,PMID_39023902,ASSY_CHEMBL5526943,PAM_functional_cAMP,cAMP,Activity,=,6.8,,,,Homo sapiens,EXTENDED,auxiliary,auxiliary,,,cat=PAM_functional_cAMP; standard_type=Activity; source_kind=primary_article; legacy potency_nM treated as generic endpoint value (not potency)
ACT_25917176,CM00513,PARENT0787,PMID_39023902,ASSY_CHEMBL5526943,PAM_functional_cAMP,cAMP,Activity,=,0.4,,,,Homo sapiens,EXTENDED,auxiliary,auxiliary,,,cat=PAM_functional_cAMP; standard_type=Activity; source_kind=primary_article; legacy potency_nM treated as generic endpoint value (not potency)
ACT_25917177,CM00833,PARENT0788,PMID_39023902,ASSY_CHEMBL5526943,PAM_functional_cAMP,cAMP,Activity,=,2.7,,,,Homo sapiens,EXTENDED,auxiliary,auxiliary,,,cat=PAM_functional_cAMP; standard_type=Activity; source_kind=primary_article; legacy potency_nM treated as generic endpoint value (not potency)
ACT_25917178,CM00757,PARENT0789,PMID_39023902,ASSY_CHEMBL5526943,PAM_functional_cAMP,cAMP,Activity,=,2.3,,,,Homo sapiens,EXTENDED,auxiliary,auxiliary,,,cat=PAM_functional_cAMP; standard_type=Activity; source_kind=primary_article; legacy potency_nM treated as generic endpoint value (not potency)
ACT_25917179,CM00776,PARENT0790,PMID_39023902,ASSY_CHEMBL5526943,PAM_functional_cAMP,cAMP,Activity,=,3.2,,,,Homo sapiens,EXTENDED,auxiliary,auxiliary,,,cat=PAM_functional_cAMP; standard_type=Activity; source_kind=primary_article; legacy potency_nM treated as generic endpoint value (not potency)
ACT_25917180,CM00790,PARENT0791,PMID_39023902,ASSY_CHEMBL5526943,PAM_functional_cAMP,cAMP,Activity,=,5.5,,,,Homo sapiens,EXTENDED,auxiliary,auxiliary,,,cat=PAM_functional_cAMP; standard_type=Activity; source_kind=primary_article; legacy potency_nM treated as generic endpoint value (not potency)
ACT_25917181,CM00393,PARENT0792,PMID_39023902,ASSY_CHEMBL5526943,PAM_functional_cAMP,cAMP,Activity,=,3.0,,,,Homo sapiens,EXTENDED,auxiliary,auxiliary,,,cat=PAM_functional_cAMP; standard_type=Activity; source_kind=primary_article; legacy potency_nM treated as generic endpoint value (not potency)
ACT_25917182,CM00581,PARENT0793,PMID_39023902,ASSY_CHEMBL5526944,PAM_functional_cAMP,cAMP,log(activity),=,0.53,,,,Homo sapiens,EXTENDED,auxiliary,auxiliary,,,cat=PAM_functional_cAMP; standard_type=log(activity); source_kind=primary_article; legacy potency_nM treated as generic endpoint value (not potency)
ACT_25917183,CM00560,PARENT0753,PMID_39023902,ASSY_CHEMBL5526944,PAM_functional_cAMP,cAMP,log(activity),=,1.08,,,,Homo sapiens,EXTENDED,auxiliary,auxiliary,,,cat=PAM_functional_cAMP; standard_type=log(activity); source_kind=primary_article; legacy potency_nM treated as generic endpoint value (not potency)
ACT_25917184,CM00432,PARENT0754,PMID_39023902,ASSY_CHEMBL5526944,PAM_functional_cAMP,cAMP,log(activity),=,1.04,,,,Homo sapiens,EXTENDED,auxiliary,auxiliary,,,cat=PAM_functional_cAMP; standard_type=log(activity); source_kind=primary_article; legacy potency_nM treated as generic endpoint value (not potency)
ACT_25917185,CM00654,PARENT0757,PMID_39023902,ASSY_CHEMBL5526944,PAM_functional_cAMP,cAMP,log(activity),=,0.84,,,,Homo sapiens,EXTENDED,auxiliary,auxiliary,,,cat=PAM_functional_cAMP; standard_type=log(activity); source_kind=primary_article; legacy potency_nM treated as generic endpoint value (not potency)
ACT_25917186,CM00423,PARENT0759,PMID_39023902,ASSY_CHEMBL5526944,PAM_functional_cAMP,cAMP,log(activity),=,1.03,,,,Homo sapiens,EXTENDED,auxiliary,auxiliary,,,cat=PAM_functional_cAMP; standard_type=log(activity); source_kind=primary_article; legacy potency_nM treated as generic endpoint value (not potency)
ACT_25917187,CM00362,PARENT0775,PMID_39023902,ASSY_CHEMBL5526944,PAM_functional_cAMP,cAMP,log(activity),=,0.44,,,,Homo sapiens,EXTENDED,auxiliary,auxiliary,,,cat=PAM_functional_cAMP; standard_type=log(activity); source_kind=primary_article; legacy potency_nM treated as generic endpoint value (not potency)
ACT_25917188,CM00080,PARENT0778,PMID_39023902,ASSY_CHEMBL5526944,PAM_functional_cAMP,cAMP,log(activity),=,0.48,,,,Homo sapiens,EXTENDED,auxiliary,auxiliary,,,cat=PAM_functional_cAMP; standard_type=log(activity); source_kind=primary_article; legacy potency_nM treated as generic endpoint value (not potency)
ACT_25917189,CM00754,PARENT0780,PMID_39023902,ASSY_CHEMBL5526944,PAM_functional_cAMP,cAMP,log(activity),=,2.12,,,,Homo sapiens,EXTENDED,auxiliary,auxiliary,,,cat=PAM_functional_cAMP; standard_type=log(activity); source_kind=primary_article; legacy potency_nM treated as generic endpoint value (not potency)
ACT_25917190,CM00460,PARENT0781,PMID_39023902,ASSY_CHEMBL5526944,PAM_functional_cAMP,cAMP,log(activity),=,0.74,,,,Homo sapiens,EXTENDED,auxiliary,auxiliary,,,cat=PAM_functional_cAMP; standard_type=log(activity); source_kind=primary_article; legacy potency_nM treated as generic endpoint value (not potency)
ACT_25917191,CM00714,PARENT0782,PMID_39023902,ASSY_CHEMBL5526944,PAM_functional_cAMP,cAMP,log(activity),=,0.24,,,,Homo sapiens,EXTENDED,auxiliary,auxiliary,,,cat=PAM_functional_cAMP; standard_type=log(activity); source_kind=primary_article; legacy potency_nM treated as generic endpoint value (not potency)
ACT_25917192,CM00282,PARENT0783,PMID_39023902,ASSY_CHEMBL5526944,PAM_functional_cAMP,cAMP,log(activity),=,0.16,,,,Homo sapiens,EXTENDED,auxiliary,auxiliary,,,cat=PAM_functional_cAMP; standard_type=log(activity); source_kind=primary_article; legacy potency_nM treated as generic endpoint value (not potency)
ACT_25917193,CM00147,PARENT0784,PMID_39023902,ASSY_CHEMBL5526944,PAM_functional_cAMP,cAMP,log(activity),=,1.99,,,,Homo sapiens,EXTENDED,auxiliary,auxiliary,,,cat=PAM_functional_cAMP; standard_type=log(activity); source_kind=primary_article; legacy potency_nM treated as generic endpoint value (not potency)
ACT_25917194,CM00513,PARENT0787,PMID_39023902,ASSY_CHEMBL5526944,PAM_functional_cAMP,cAMP,log(activity),=,0.64,,,,Homo sapiens,EXTENDED,auxiliary,auxiliary,,,cat=PAM_functional_cAMP; standard_type=log(activity); source_kind=primary_article; legacy potency_nM treated as generic endpoint value (not potency)
ACT_25917195,CM00833,PARENT0788,PMID_39023902,ASSY_CHEMBL5526944,PAM_functional_cAMP,cAMP,log(activity),=,1.51,,,,Homo sapiens,EXTENDED,auxiliary,auxiliary,,,cat=PAM_functional_cAMP; standard_type=log(activity); source_kind=primary_article; legacy potency_nM treated as generic endpoint value (not potency)
ACT_25917196,CM00757,PARENT0789,PMID_39023902,ASSY_CHEMBL5526944,PAM_functional_cAMP,cAMP,log(activity),=,1.81,,,,Homo sapiens,EXTENDED,auxiliary,auxiliary,,,cat=PAM_functional_cAMP; standard_type=log(activity); source_kind=primary_article; legacy potency_nM treated as generic endpoint value (not potency)
ACT_25917197,CM00776,PARENT0790,PMID_39023902,ASSY_CHEMBL5526944,PAM_functional_cAMP,cAMP,log(activity),=,1.07,,,,Homo sapiens,EXTENDED,auxiliary,auxiliary,,,cat=PAM_functional_cAMP; standard_type=log(activity); source_kind=primary_article; legacy potency_nM treated as generic endpoint value (not potency)
ACT_25917198,CM00790,PARENT0791,PMID_39023902,ASSY_CHEMBL5526944,PAM_functional_cAMP,cAMP,log(activity),=,1.39,,,,Homo sapiens,EXTENDED,auxiliary,auxiliary,,,cat=PAM_functional_cAMP; standard_type=log(activity); source_kind=primary_article; legacy potency_nM treated as generic endpoint value (not potency)
ACT_25917199,CM00393,PARENT0792,PMID_39023902,ASSY_CHEMBL5526944,PAM_functional_cAMP,cAMP,log(activity),=,1.0,,,,Homo sapiens,EXTENDED,auxiliary,auxiliary,,,cat=PAM_functional_cAMP; standard_type=log(activity); source_kind=primary_article; legacy potency_nM treated as generic endpoint value (not potency)
ACT_25917200,CM00581,PARENT0793,PMID_39023902,ASSY_CHEMBL5526945,PAM_functional_cAMP,cAMP,Activity,=,3.4,,,,Homo sapiens,EXTENDED,auxiliary,auxiliary,,,cat=PAM_functional_cAMP; standard_type=Activity; source_kind=primary_article; legacy potency_nM treated as generic endpoint value (not potency)
ACT_25917201,CM00560,PARENT0753,PMID_39023902,ASSY_CHEMBL5526945,PAM_functional_cAMP,cAMP,Activity,=,12.0,,,,Homo sapiens,EXTENDED,auxiliary,auxiliary,,,cat=PAM_functional_cAMP; standard_type=Activity; source_kind=primary_article; legacy potency_nM treated as generic endpoint value (not potency)
ACT_25917202,CM00432,PARENT0754,PMID_39023902,ASSY_CHEMBL5526945,PAM_functional_cAMP,cAMP,Activity,=,11.0,,,,Homo sapiens,EXTENDED,auxiliary,auxiliary,,,cat=PAM_functional_cAMP; standard_type=Activity; source_kind=primary_article; legacy potency_nM treated as generic endpoint value (not potency)
ACT_25917203,CM00654,PARENT0757,PMID_39023902,ASSY_CHEMBL5526945,PAM_functional_cAMP,cAMP,Activity,=,6.9,,,,Homo sapiens,EXTENDED,auxiliary,auxiliary,,,cat=PAM_functional_cAMP; standard_type=Activity; source_kind=primary_article; legacy potency_nM treated as generic endpoint value (not potency)
ACT_25917204,CM00423,PARENT0759,PMID_39023902,ASSY_CHEMBL5526945,PAM_functional_cAMP,cAMP,Activity,=,11.0,,,,Homo sapiens,EXTENDED,auxiliary,auxiliary,,,cat=PAM_functional_cAMP; standard_type=Activity; source_kind=primary_article; legacy potency_nM treated as generic endpoint value (not potency)
ACT_25917205,CM00362,PARENT0775,PMID_39023902,ASSY_CHEMBL5526945,PAM_functional_cAMP,cAMP,Activity,=,2.8,,,,Homo sapiens,EXTENDED,auxiliary,auxiliary,,,cat=PAM_functional_cAMP; standard_type=Activity; source_kind=primary_article; legacy potency_nM treated as generic endpoint value (not potency)
ACT_25917206,CM00080,PARENT0778,PMID_39023902,ASSY_CHEMBL5526945,PAM_functional_cAMP,cAMP,Activity,=,3.0,,,,Homo sapiens,EXTENDED,auxiliary,auxiliary,,,cat=PAM_functional_cAMP; standard_type=Activity; source_kind=primary_article; legacy potency_nM treated as generic endpoint value (not potency)
ACT_25917207,CM00754,PARENT0780,PMID_39023902,ASSY_CHEMBL5526945,PAM_functional_cAMP,cAMP,Activity,=,132.0,,,,Homo sapiens,EXTENDED,auxiliary,auxiliary,,,cat=PAM_functional_cAMP; standard_type=Activity; source_kind=primary_article; legacy potency_nM treated as generic endpoint value (not potency)
ACT_25917208,CM00460,PARENT0781,PMID_39023902,ASSY_CHEMBL5526945,PAM_functional_cAMP,cAMP,Activity,=,5.5,,,,Homo sapiens,EXTENDED,auxiliary,auxiliary,,,cat=PAM_functional_cAMP; standard_type=Activity; source_kind=primary_article; legacy potency_nM treated as generic endpoint value (not potency)
ACT_25917209,CM00714,PARENT0782,PMID_39023902,ASSY_CHEMBL5526945,PAM_functional_cAMP,cAMP,Activity,=,1.7,,,,Homo sapiens,EXTENDED,auxiliary,auxiliary,,,cat=PAM_functional_cAMP; standard_type=Activity; source_kind=primary_article; legacy potency_nM treated as generic endpoint value (not potency)
ACT_25917210,CM00282,PARENT0783,PMID_39023902,ASSY_CHEMBL5526945,PAM_functional_cAMP,cAMP,Activity,=,1.4,,,,Homo sapiens,EXTENDED,auxiliary,auxiliary,,,cat=PAM_functional_cAMP; standard_type=Activity; source_kind=primary_article; legacy potency_nM treated as generic endpoint value (not potency)
ACT_25917211,CM00147,PARENT0784,PMID_39023902,ASSY_CHEMBL5526945,PAM_functional_cAMP,cAMP,Activity,=,98.0,,,,Homo sapiens,EXTENDED,auxiliary,auxiliary,,,cat=PAM_functional_cAMP; standard_type=Activity; source_kind=primary_article; legacy potency_nM treated as generic endpoint value (not potency)
ACT_25917212,CM00513,PARENT0787,PMID_39023902,ASSY_CHEMBL5526945,PAM_functional_cAMP,cAMP,Activity,=,4.4,,,,Homo sapiens,EXTENDED,auxiliary,auxiliary,,,cat=PAM_functional_cAMP; standard_type=Activity; source_kind=primary_article; legacy potency_nM treated as generic endpoint value (not potency)
ACT_25917213,CM00833,PARENT0788,PMID_39023902,ASSY_CHEMBL5526945,PAM_functional_cAMP,cAMP,Activity,=,32.0,,,,Homo sapiens,EXTENDED,auxiliary,auxiliary,,,cat=PAM_functional_cAMP; standard_type=Activity; source_kind=primary_article; legacy potency_nM treated as generic endpoint value (not potency)
ACT_25917214,CM00757,PARENT0789,PMID_39023902,ASSY_CHEMBL5526945,PAM_functional_cAMP,cAMP,Activity,=,65.0,,,,Homo sapiens,EXTENDED,auxiliary,auxiliary,,,cat=PAM_functional_cAMP; standard_type=Activity; source_kind=primary_article; legacy potency_nM treated as generic endpoint value (not potency)
ACT_25917215,CM00776,PARENT0790,PMID_39023902,ASSY_CHEMBL5526945,PAM_functional_cAMP,cAMP,Activity,=,12.0,,,,Homo sapiens,EXTENDED,auxiliary,auxiliary,,,cat=PAM_functional_cAMP; standard_type=Activity; source_kind=primary_article; legacy potency_nM treated as generic endpoint value (not potency)
ACT_25917216,CM00790,PARENT0791,PMID_39023902,ASSY_CHEMBL5526945,PAM_functional_cAMP,cAMP,Activity,=,25.0,,,,Homo sapiens,EXTENDED,auxiliary,auxiliary,,,cat=PAM_functional_cAMP; standard_type=Activity; source_kind=primary_article; legacy potency_nM treated as generic endpoint value (not potency)
ACT_25917217,CM00393,PARENT0792,PMID_39023902,ASSY_CHEMBL5526945,PAM_functional_cAMP,cAMP,Activity,=,10.0,,,,Homo sapiens,EXTENDED,auxiliary,auxiliary,,,cat=PAM_functional_cAMP; standard_type=Activity; source_kind=primary_article; legacy potency_nM treated as generic endpoint value (not potency)
ACT_25917218,CM00581,PARENT0793,PMID_39023902,ASSY_CHEMBL5526946,PAM_functional_betarr,beta-arrestin,log(activity),=,0.02,,,,Homo sapiens,EXTENDED,auxiliary,auxiliary,,,cat=PAM_functional_betarr; standard_type=log(activity); source_kind=primary_article; legacy potency_nM treated as generic endpoint value (not potency)
ACT_25917219,CM00754,PARENT0780,PMID_39023902,ASSY_CHEMBL5526946,PAM_functional_betarr,beta-arrestin,log(activity),=,0.08,,,,Homo sapiens,EXTENDED,auxiliary,auxiliary,,,cat=PAM_functional_betarr; standard_type=log(activity); source_kind=primary_article; legacy potency_nM treated as generic endpoint value (not potency)
ACT_25917220,CM00714,PARENT0782,PMID_39023902,ASSY_CHEMBL5526946,PAM_functional_betarr,beta-arrestin,log(activity),=,-1.4,,,,Homo sapiens,EXTENDED,auxiliary,auxiliary,,,cat=PAM_functional_betarr; standard_type=log(activity); source_kind=primary_article; legacy potency_nM treated as generic endpoint value (not potency)
ACT_25917221,CM00147,PARENT0784,PMID_39023902,ASSY_CHEMBL5526946,PAM_functional_betarr,beta-arrestin,log(activity),=,-0.28,,,,Homo sapiens,EXTENDED,auxiliary,auxiliary,,,cat=PAM_functional_betarr; standard_type=log(activity); source_kind=primary_article; legacy potency_nM treated as generic endpoint value (not potency)
ACT_25917222,CM00513,PARENT0787,PMID_39023902,ASSY_CHEMBL5526946,PAM_functional_betarr,beta-arrestin,log(activity),=,-0.24,,,,Homo sapiens,EXTENDED,auxiliary,auxiliary,,,cat=PAM_functional_betarr; standard_type=log(activity); source_kind=primary_article; legacy potency_nM treated as generic endpoint value (not potency)
ACT_25917223,CM00833,PARENT0788,PMID_39023902,ASSY_CHEMBL5526946,PAM_functional_betarr,beta-arrestin,log(activity),=,0.17,,,,Homo sapiens,EXTENDED,auxiliary,auxiliary,,,cat=PAM_functional_betarr; standard_type=log(activity); source_kind=primary_article; legacy potency_nM treated as generic endpoint value (not potency)
ACT_25917224,CM00757,PARENT0789,PMID_39023902,ASSY_CHEMBL5526946,PAM_functional_betarr,beta-arrestin,log(activity),=,-0.06,,,,Homo sapiens,EXTENDED,auxiliary,auxiliary,,,cat=PAM_functional_betarr; standard_type=log(activity); source_kind=primary_article; legacy potency_nM treated as generic endpoint value (not potency)
ACT_25917225,CM00790,PARENT0791,PMID_39023902,ASSY_CHEMBL5526946,PAM_functional_betarr,beta-arrestin,log(activity),=,0.11,,,,Homo sapiens,EXTENDED,auxiliary,auxiliary,,,cat=PAM_functional_betarr; standard_type=log(activity); source_kind=primary_article; legacy potency_nM treated as generic endpoint value (not potency)
ACT_25917226,CM00581,PARENT0793,PMID_39023902,ASSY_CHEMBL5526947,PAM_functional_betarr,beta-arrestin,Activity,=,1.0,,,,Homo sapiens,EXTENDED,auxiliary,auxiliary,,,cat=PAM_functional_betarr; standard_type=Activity; source_kind=primary_article; legacy potency_nM treated as generic endpoint value (not potency)
ACT_25917227,CM00754,PARENT0780,PMID_39023902,ASSY_CHEMBL5526947,PAM_functional_betarr,beta-arrestin,Activity,=,1.2,,,,Homo sapiens,EXTENDED,auxiliary,auxiliary,,,cat=PAM_functional_betarr; standard_type=Activity; source_kind=primary_article; legacy potency_nM treated as generic endpoint value (not potency)
ACT_25917228,CM00714,PARENT0782,PMID_39023902,ASSY_CHEMBL5526947,PAM_functional_betarr,beta-arrestin,Activity,=,0.04,,,,Homo sapiens,EXTENDED,auxiliary,auxiliary,,,cat=PAM_functional_betarr; standard_type=Activity; source_kind=primary_article; legacy potency_nM treated as generic endpoint value (not potency)
ACT_25917229,CM00147,PARENT0784,PMID_39023902,ASSY_CHEMBL5526947,PAM_functional_betarr,beta-arrestin,Activity,=,0.5,,,,Homo sapiens,EXTENDED,auxiliary,auxiliary,,,cat=PAM_functional_betarr; standard_type=Activity; source_kind=primary_article; legacy potency_nM treated as generic endpoint value (not potency)
ACT_25917230,CM00513,PARENT0787,PMID_39023902,ASSY_CHEMBL5526947,PAM_functional_betarr,beta-arrestin,Activity,=,0.6,,,,Homo sapiens,EXTENDED,auxiliary,auxiliary,,,cat=PAM_functional_betarr; standard_type=Activity; source_kind=primary_article; legacy potency_nM treated as generic endpoint value (not potency)
ACT_25917231,CM00833,PARENT0788,PMID_39023902,ASSY_CHEMBL5526947,PAM_functional_betarr,beta-arrestin,Activity,=,1.5,,,,Homo sapiens,EXTENDED,auxiliary,auxiliary,,,cat=PAM_functional_betarr; standard_type=Activity; source_kind=primary_article; legacy potency_nM treated as generic endpoint value (not potency)
ACT_25917232,CM00757,PARENT0789,PMID_39023902,ASSY_CHEMBL5526947,PAM_functional_betarr,beta-arrestin,Activity,=,0.9,,,,Homo sapiens,EXTENDED,auxiliary,auxiliary,,,cat=PAM_functional_betarr; standard_type=Activity; source_kind=primary_article; legacy potency_nM treated as generic endpoint value (not potency)
ACT_25917233,CM00790,PARENT0791,PMID_39023902,ASSY_CHEMBL5526947,PAM_functional_betarr,beta-arrestin,Activity,=,1.3,,,,Homo sapiens,EXTENDED,auxiliary,auxiliary,,,cat=PAM_functional_betarr; standard_type=Activity; source_kind=primary_article; legacy potency_nM treated as generic endpoint value (not potency)
ACT_25917234,CM00581,PARENT0793,PMID_39023902,ASSY_CHEMBL5526948,PAM_functional_betarr,beta-arrestin,log(activity),=,1.89,,,,Homo sapiens,EXTENDED,auxiliary,auxiliary,,,cat=PAM_functional_betarr; standard_type=log(activity); source_kind=primary_article; legacy potency_nM treated as generic endpoint value (not potency)
ACT_25917235,CM00754,PARENT0780,PMID_39023902,ASSY_CHEMBL5526948,PAM_functional_betarr,beta-arrestin,log(activity),=,2.3,,,,Homo sapiens,EXTENDED,auxiliary,auxiliary,,,cat=PAM_functional_betarr; standard_type=log(activity); source_kind=primary_article; legacy potency_nM treated as generic endpoint value (not potency)
ACT_25917236,CM00714,PARENT0782,PMID_39023902,ASSY_CHEMBL5526948,PAM_functional_betarr,beta-arrestin,log(activity),=,0.37,,,,Homo sapiens,EXTENDED,auxiliary,auxiliary,,,cat=PAM_functional_betarr; standard_type=log(activity); source_kind=primary_article; legacy potency_nM treated as generic endpoint value (not potency)
ACT_25917237,CM00147,PARENT0784,PMID_39023902,ASSY_CHEMBL5526948,PAM_functional_betarr,beta-arrestin,log(activity),=,1.92,,,,Homo sapiens,EXTENDED,auxiliary,auxiliary,,,cat=PAM_functional_betarr; standard_type=log(activity); source_kind=primary_article; legacy potency_nM treated as generic endpoint value (not potency)
ACT_25917238,CM00513,PARENT0787,PMID_39023902,ASSY_CHEMBL5526948,PAM_functional_betarr,beta-arrestin,log(activity),=,1.89,,,,Homo sapiens,EXTENDED,auxiliary,auxiliary,,,cat=PAM_functional_betarr; standard_type=log(activity); source_kind=primary_article; legacy potency_nM treated as generic endpoint value (not potency)
ACT_25917239,CM00833,PARENT0788,PMID_39023902,ASSY_CHEMBL5526948,PAM_functional_betarr,beta-arrestin,log(activity),=,2.1,,,,Homo sapiens,EXTENDED,auxiliary,auxiliary,,,cat=PAM_functional_betarr; standard_type=log(activity); source_kind=primary_article; legacy potency_nM treated as generic endpoint value (not potency)
ACT_25917240,CM00757,PARENT0789,PMID_39023902,ASSY_CHEMBL5526948,PAM_functional_betarr,beta-arrestin,log(activity),=,1.91,,,,Homo sapiens,EXTENDED,auxiliary,auxiliary,,,cat=PAM_functional_betarr; standard_type=log(activity); source_kind=primary_article; legacy potency_nM treated as generic endpoint value (not potency)
ACT_25917241,CM00790,PARENT0791,PMID_39023902,ASSY_CHEMBL5526948,PAM_functional_betarr,beta-arrestin,log(activity),=,2.1,,,,Homo sapiens,EXTENDED,auxiliary,auxiliary,,,cat=PAM_functional_betarr; standard_type=log(activity); source_kind=primary_article; legacy potency_nM treated as generic endpoint value (not potency)
ACT_25917242,CM00581,PARENT0793,PMID_39023902,ASSY_CHEMBL5526949,PAM_functional_betarr,beta-arrestin,Activity,=,78.0,,,,Homo sapiens,EXTENDED,auxiliary,auxiliary,,,cat=PAM_functional_betarr; standard_type=Activity; source_kind=primary_article; legacy potency_nM treated as generic endpoint value (not potency)
ACT_25917243,CM00754,PARENT0780,PMID_39023902,ASSY_CHEMBL5526949,PAM_functional_betarr,beta-arrestin,Activity,=,200.0,,,,Homo sapiens,EXTENDED,auxiliary,auxiliary,,,cat=PAM_functional_betarr; standard_type=Activity; source_kind=primary_article; legacy potency_nM treated as generic endpoint value (not potency)
ACT_25917244,CM00714,PARENT0782,PMID_39023902,ASSY_CHEMBL5526949,PAM_functional_betarr,beta-arrestin,Activity,=,2.2,,,,Homo sapiens,EXTENDED,auxiliary,auxiliary,,,cat=PAM_functional_betarr; standard_type=Activity; source_kind=primary_article; legacy potency_nM treated as generic endpoint value (not potency)
ACT_25917245,CM00147,PARENT0784,PMID_39023902,ASSY_CHEMBL5526949,PAM_functional_betarr,beta-arrestin,Activity,=,83.0,,,,Homo sapiens,EXTENDED,auxiliary,auxiliary,,,cat=PAM_functional_betarr; standard_type=Activity; source_kind=primary_article; legacy potency_nM treated as generic endpoint value (not potency)
ACT_25917246,CM00513,PARENT0787,PMID_39023902,ASSY_CHEMBL5526949,PAM_functional_betarr,beta-arrestin,Activity,=,78.0,,,,Homo sapiens,EXTENDED,auxiliary,auxiliary,,,cat=PAM_functional_betarr; standard_type=Activity; source_kind=primary_article; legacy potency_nM treated as generic endpoint value (not potency)
ACT_25917247,CM00833,PARENT0788,PMID_39023902,ASSY_CHEMBL5526949,PAM_functional_betarr,beta-arrestin,Activity,=,126.0,,,,Homo sapiens,EXTENDED,auxiliary,auxiliary,,,cat=PAM_functional_betarr; standard_type=Activity; source_kind=primary_article; legacy potency_nM treated as generic endpoint value (not potency)
ACT_25917248,CM00757,PARENT0789,PMID_39023902,ASSY_CHEMBL5526949,PAM_functional_betarr,beta-arrestin,Activity,=,81.0,,,,Homo sapiens,EXTENDED,auxiliary,auxiliary,,,cat=PAM_functional_betarr; standard_type=Activity; source_kind=primary_article; legacy potency_nM treated as generic endpoint value (not potency)
ACT_25917249,CM00790,PARENT0791,PMID_39023902,ASSY_CHEMBL5526949,PAM_functional_betarr,beta-arrestin,Activity,=,126.0,,,,Homo sapiens,EXTENDED,auxiliary,auxiliary,,,cat=PAM_functional_betarr; standard_type=Activity; source_kind=primary_article; legacy potency_nM treated as generic endpoint value (not potency)
ACT_26030098,CM00473,PARENT0795,PMID_39140069,ASSY_CHEMBL5582321,PAM_functional_calcium,calcium,EC50,>,10000.0,10000.0,,,Homo sapiens,CORE,threshold_only_bound,threshold_only_bound,threshold_negative,,cat=PAM_functional_calcium; standard_type=EC50; source_kind=primary_article; censored endpoint bound; relation preserved; assay-context negative result; same parent has PAM evidence in other assay contexts - not a parent-level inactivity declaration
ACT_26030100,CM00761,PARENT0797,PMID_39140069,ASSY_CHEMBL5582321,PAM_functional_calcium,calcium,EC50,>,10000.0,10000.0,,,Homo sapiens,CORE,threshold_only_bound,threshold_only_bound,threshold_negative,,cat=PAM_functional_calcium; standard_type=EC50; source_kind=primary_article; censored endpoint bound; relation preserved; assay-context negative result; same parent has PAM evidence in other assay contexts - not a parent-level inactivity declaration
ACT_26030109,CM00546,PARENT0806,PMID_39140069,ASSY_CHEMBL5582321,PAM_functional_calcium,calcium,EC50,>,10000.0,10000.0,,,Homo sapiens,CORE,threshold_only_bound,threshold_only_bound,threshold_negative,,cat=PAM_functional_calcium; standard_type=EC50; source_kind=primary_article; censored endpoint bound; relation preserved; assay-context negative result; same parent has PAM evidence in other assay contexts - not a parent-level inactivity declaration
ACT_26030144,CM00161,PARENT0794,PMID_39140069,ASSY_CHEMBL5582321,PAM_functional_calcium,calcium,EC50,>,31622.78,31622.78,,,Homo sapiens,CORE,threshold_only_bound,threshold_only_bound,threshold_negative,,cat=PAM_functional_calcium; standard_type=EC50; source_kind=primary_article; censored endpoint bound; relation preserved
ACT_26030145,CM00473,PARENT0795,PMID_39140069,ASSY_CHEMBL5582321,PAM_functional_calcium,calcium,EC50,>,10000.0,10000.0,,,Homo sapiens,CORE,threshold_only_bound,threshold_only_bound,threshold_negative,,cat=PAM_functional_calcium; standard_type=EC50; source_kind=primary_article; censored endpoint bound; relation preserved; assay-context negative result; same parent has PAM evidence in other assay contexts - not a parent-level inactivity declaration
ACT_26030147,CM00761,PARENT0797,PMID_39140069,ASSY_CHEMBL5582321,PAM_functional_calcium,calcium,EC50,>,10000.0,10000.0,,,Homo sapiens,CORE,threshold_only_bound,threshold_only_bound,threshold_negative,,cat=PAM_functional_calcium; standard_type=EC50; source_kind=primary_article; censored endpoint bound; relation preserved; assay-context negative result; same parent has PAM evidence in other assay contexts - not a parent-level inactivity declaration
ACT_26030156,CM00546,PARENT0806,PMID_39140069,ASSY_CHEMBL5582321,PAM_functional_calcium,calcium,EC50,>,10000.0,10000.0,,,Homo sapiens,CORE,threshold_only_bound,threshold_only_bound,threshold_negative,,cat=PAM_functional_calcium; standard_type=EC50; source_kind=primary_article; censored endpoint bound; relation preserved; assay-context negative result; same parent has PAM evidence in other assay contexts - not a parent-level inactivity declaration
ACT_26030192,CM00473,PARENT0795,PMID_39140069,ASSY_CHEMBL5582322,PAM_functional_calcium,calcium,Emax,=,75.0,,75.0,,Homo sapiens,EXTENDED,efficacy_only,efficacy_only,,,cat=PAM_functional_calcium; standard_type=Emax; source_kind=primary_article; legacy potency_nM treated as generic endpoint value (not potency)
ACT_26030193,CM00298,PARENT0796,PMID_39140069,ASSY_CHEMBL5582322,PAM_functional_calcium,calcium,Emax,=,91.0,,91.0,,Homo sapiens,EXTENDED,efficacy_only,efficacy_only,,,cat=PAM_functional_calcium; standard_type=Emax; source_kind=primary_article; legacy potency_nM treated as generic endpoint value (not potency)
ACT_26030194,CM00761,PARENT0797,PMID_39140069,ASSY_CHEMBL5582322,PAM_functional_calcium,calcium,Emax,=,71.0,,71.0,,Homo sapiens,EXTENDED,efficacy_only,efficacy_only,,,cat=PAM_functional_calcium; standard_type=Emax; source_kind=primary_article; legacy potency_nM treated as generic endpoint value (not potency)
ACT_26030195,CM00820,PARENT0798,PMID_39140069,ASSY_CHEMBL5582322,PAM_functional_calcium,calcium,Emax,=,57.0,,57.0,,Homo sapiens,EXTENDED,efficacy_only,efficacy_only,,,cat=PAM_functional_calcium; standard_type=Emax; source_kind=primary_article; legacy potency_nM treated as generic endpoint value (not potency)
ACT_26030196,CM00170,PARENT0799,PMID_39140069,ASSY_CHEMBL5582322,PAM_functional_calcium,calcium,Emax,=,63.0,,63.0,,Homo sapiens,EXTENDED,efficacy_only,efficacy_only,,,cat=PAM_functional_calcium; standard_type=Emax; source_kind=primary_article; legacy potency_nM treated as generic endpoint value (not potency)
ACT_26030197,CM00857,PARENT0800,PMID_39140069,ASSY_CHEMBL5582322,PAM_functional_calcium,calcium,Emax,=,69.0,,69.0,,Homo sapiens,EXTENDED,efficacy_only,efficacy_only,,,cat=PAM_functional_calcium; standard_type=Emax; source_kind=primary_article; legacy potency_nM treated as generic endpoint value (not potency)
ACT_26030198,CM00375,PARENT0801,PMID_39140069,ASSY_CHEMBL5582322,PAM_functional_calcium,calcium,Emax,=,84.0,,84.0,,Homo sapiens,EXTENDED,efficacy_only,efficacy_only,,,cat=PAM_functional_calcium; standard_type=Emax; source_kind=primary_article; legacy potency_nM treated as generic endpoint value (not potency)
ACT_26030199,CM00766,PARENT0802,PMID_39140069,ASSY_CHEMBL5582322,PAM_functional_calcium,calcium,Emax,=,63.0,,63.0,,Homo sapiens,EXTENDED,efficacy_only,efficacy_only,,,cat=PAM_functional_calcium; standard_type=Emax; source_kind=primary_article; legacy potency_nM treated as generic endpoint value (not potency)
ACT_26030200,CM00622,PARENT0803,PMID_39140069,ASSY_CHEMBL5582322,PAM_functional_calcium,calcium,Emax,=,75.0,,75.0,,Homo sapiens,EXTENDED,efficacy_only,efficacy_only,,,cat=PAM_functional_calcium; standard_type=Emax; source_kind=primary_article; legacy potency_nM treated as generic endpoint value (not potency)
ACT_26030201,CM00023,PARENT0804,PMID_39140069,ASSY_CHEMBL5582322,PAM_functional_calcium,calcium,Emax,=,58.0,,58.0,,Homo sapiens,EXTENDED,efficacy_only,efficacy_only,,,cat=PAM_functional_calcium; standard_type=Emax; source_kind=primary_article; legacy potency_nM treated as generic endpoint value (not potency)
ACT_26030202,CM00205,PARENT0805,PMID_39140069,ASSY_CHEMBL5582322,PAM_functional_calcium,calcium,Emax,=,96.0,,96.0,,Homo sapiens,EXTENDED,efficacy_only,efficacy_only,,,cat=PAM_functional_calcium; standard_type=Emax; source_kind=primary_article; legacy potency_nM treated as generic endpoint value (not potency)
ACT_26030203,CM00546,PARENT0806,PMID_39140069,ASSY_CHEMBL5582322,PAM_functional_calcium,calcium,Emax,=,49.0,,49.0,,Homo sapiens,EXTENDED,efficacy_only,efficacy_only,,,cat=PAM_functional_calcium; standard_type=Emax; source_kind=primary_article; legacy potency_nM treated as generic endpoint value (not potency)
ACT_26030204,CM00627,PARENT0807,PMID_39140069,ASSY_CHEMBL5582322,PAM_functional_calcium,calcium,Emax,=,65.0,,65.0,,Homo sapiens,EXTENDED,efficacy_only,efficacy_only,,,cat=PAM_functional_calcium; standard_type=Emax; source_kind=primary_article; legacy potency_nM treated as generic endpoint value (not potency)
ACT_26030205,CM00292,PARENT0808,PMID_39140069,ASSY_CHEMBL5582322,PAM_functional_calcium,calcium,Emax,=,62.0,,62.0,,Homo sapiens,EXTENDED,efficacy_only,efficacy_only,,,cat=PAM_functional_calcium; standard_type=Emax; source_kind=primary_article; legacy potency_nM treated as generic endpoint value (not potency)
ACT_26030206,CM00131,PARENT0809,PMID_39140069,ASSY_CHEMBL5582322,PAM_functional_calcium,calcium,Emax,=,59.0,,59.0,,Homo sapiens,EXTENDED,efficacy_only,efficacy_only,,,cat=PAM_functional_calcium; standard_type=Emax; source_kind=primary_article; legacy potency_nM treated as generic endpoint value (not potency)
ACT_26030207,CM00411,PARENT0810,PMID_39140069,ASSY_CHEMBL5582322,PAM_functional_calcium,calcium,Emax,=,40.0,,40.0,,Homo sapiens,EXTENDED,efficacy_only,efficacy_only,,,cat=PAM_functional_calcium; standard_type=Emax; source_kind=primary_article; legacy potency_nM treated as generic endpoint value (not potency)
ACT_26030208,CM00310,PARENT0811,PMID_39140069,ASSY_CHEMBL5582322,PAM_functional_calcium,calcium,Emax,=,60.0,,60.0,,Homo sapiens,EXTENDED,efficacy_only,efficacy_only,,,cat=PAM_functional_calcium; standard_type=Emax; source_kind=primary_article; legacy potency_nM treated as generic endpoint value (not potency)
ACT_26030209,CM00113,PARENT0812,PMID_39140069,ASSY_CHEMBL5582322,PAM_functional_calcium,calcium,Emax,=,78.0,,78.0,,Homo sapiens,EXTENDED,efficacy_only,efficacy_only,,,cat=PAM_functional_calcium; standard_type=Emax; source_kind=primary_article; legacy potency_nM treated as generic endpoint value (not potency)
ACT_26030210,CM00485,PARENT0813,PMID_39140069,ASSY_CHEMBL5582322,PAM_functional_calcium,calcium,Emax,=,47.0,,47.0,,Homo sapiens,EXTENDED,efficacy_only,efficacy_only,,,cat=PAM_functional_calcium; standard_type=Emax; source_kind=primary_article; legacy potency_nM treated as generic endpoint value (not potency)
ACT_26030211,CM00321,PARENT0814,PMID_39140069,ASSY_CHEMBL5582322,PAM_functional_calcium,calcium,Emax,=,65.0,,65.0,,Homo sapiens,EXTENDED,efficacy_only,efficacy_only,,,cat=PAM_functional_calcium; standard_type=Emax; source_kind=primary_article; legacy potency_nM treated as generic endpoint value (not potency)
ACT_26030212,CM00340,PARENT0815,PMID_39140069,ASSY_CHEMBL5582322,PAM_functional_calcium,calcium,Emax,=,84.0,,84.0,,Homo sapiens,EXTENDED,efficacy_only,efficacy_only,,,cat=PAM_functional_calcium; standard_type=Emax; source_kind=primary_article; legacy potency_nM treated as generic endpoint value (not potency)
ACT_26030213,CM00319,PARENT0816,PMID_39140069,ASSY_CHEMBL5582322,PAM_functional_calcium,calcium,Emax,=,49.0,,49.0,,Homo sapiens,EXTENDED,efficacy_only,efficacy_only,,,cat=PAM_functional_calcium; standard_type=Emax; source_kind=primary_article; legacy potency_nM treated as generic endpoint value (not potency)
ACT_26030214,CM00405,PARENT0817,PMID_39140069,ASSY_CHEMBL5582322,PAM_functional_calcium,calcium,Emax,=,45.0,,45.0,,Homo sapiens,EXTENDED,efficacy_only,efficacy_only,,,cat=PAM_functional_calcium; standard_type=Emax; source_kind=primary_article; legacy potency_nM treated as generic endpoint value (not potency)
ACT_26030215,CM00267,PARENT0818,PMID_39140069,ASSY_CHEMBL5582322,PAM_functional_calcium,calcium,Emax,=,58.0,,58.0,,Homo sapiens,EXTENDED,efficacy_only,efficacy_only,,,cat=PAM_functional_calcium; standard_type=Emax; source_kind=primary_article; legacy potency_nM treated as generic endpoint value (not potency)
ACT_26030216,CM00657,PARENT0819,PMID_39140069,ASSY_CHEMBL5582322,PAM_functional_calcium,calcium,Emax,=,62.0,,62.0,,Homo sapiens,EXTENDED,efficacy_only,efficacy_only,,,cat=PAM_functional_calcium; standard_type=Emax; source_kind=primary_article; legacy potency_nM treated as generic endpoint value (not potency)
ACT_26030217,CM00709,PARENT0820,PMID_39140069,ASSY_CHEMBL5582322,PAM_functional_calcium,calcium,Emax,=,82.0,,82.0,,Homo sapiens,EXTENDED,efficacy_only,efficacy_only,,,cat=PAM_functional_calcium; standard_type=Emax; source_kind=primary_article; legacy potency_nM treated as generic endpoint value (not potency)
ACT_26030218,CM00246,PARENT0821,PMID_39140069,ASSY_CHEMBL5582322,PAM_functional_calcium,calcium,Emax,=,77.0,,77.0,,Homo sapiens,EXTENDED,efficacy_only,efficacy_only,,,cat=PAM_functional_calcium; standard_type=Emax; source_kind=primary_article; legacy potency_nM treated as generic endpoint value (not potency)
ACT_26030219,CM00829,PARENT0822,PMID_39140069,ASSY_CHEMBL5582322,PAM_functional_calcium,calcium,Emax,=,45.0,,45.0,,Homo sapiens,EXTENDED,efficacy_only,efficacy_only,,,cat=PAM_functional_calcium; standard_type=Emax; source_kind=primary_article; legacy potency_nM treated as generic endpoint value (not potency)
ACT_26030220,CM00708,PARENT0823,PMID_39140069,ASSY_CHEMBL5582322,PAM_functional_calcium,calcium,Emax,=,51.0,,51.0,,Homo sapiens,EXTENDED,efficacy_only,efficacy_only,,,cat=PAM_functional_calcium; standard_type=Emax; source_kind=primary_article; legacy potency_nM treated as generic endpoint value (not potency)
ACT_26030221,CM00072,PARENT0824,PMID_39140069,ASSY_CHEMBL5582322,PAM_functional_calcium,calcium,Emax,=,71.0,,71.0,,Homo sapiens,EXTENDED,efficacy_only,efficacy_only,,,cat=PAM_functional_calcium; standard_type=Emax; source_kind=primary_article; legacy potency_nM treated as generic endpoint value (not potency)
ACT_26030222,CM00407,PARENT0825,PMID_39140069,ASSY_CHEMBL5582322,PAM_functional_calcium,calcium,Emax,=,84.0,,84.0,,Homo sapiens,EXTENDED,efficacy_only,efficacy_only,,,cat=PAM_functional_calcium; standard_type=Emax; source_kind=primary_article; legacy potency_nM treated as generic endpoint value (not potency)
ACT_26030223,CM00868,PARENT0826,PMID_39140069,ASSY_CHEMBL5582322,PAM_functional_calcium,calcium,Emax,=,65.0,,65.0,,Homo sapiens,EXTENDED,efficacy_only,efficacy_only,,,cat=PAM_functional_calcium; standard_type=Emax; source_kind=primary_article; legacy potency_nM treated as generic endpoint value (not potency)
ACT_26030224,CM00435,PARENT0827,PMID_39140069,ASSY_CHEMBL5582322,PAM_functional_calcium,calcium,Emax,=,67.0,,67.0,,Homo sapiens,EXTENDED,efficacy_only,efficacy_only,,,cat=PAM_functional_calcium; standard_type=Emax; source_kind=primary_article; legacy potency_nM treated as generic endpoint value (not potency)
ACT_26030225,CM00271,PARENT0828,PMID_39140069,ASSY_CHEMBL5582322,PAM_functional_calcium,calcium,Emax,=,110.0,,110.0,,Homo sapiens,EXTENDED,efficacy_only,efficacy_only,,,cat=PAM_functional_calcium; standard_type=Emax; source_kind=primary_article; legacy potency_nM treated as generic endpoint value (not potency)
ACT_26030226,CM00079,PARENT0829,PMID_39140069,ASSY_CHEMBL5582322,PAM_functional_calcium,calcium,Emax,=,91.0,,91.0,,Homo sapiens,EXTENDED,efficacy_only,efficacy_only,,,cat=PAM_functional_calcium; standard_type=Emax; source_kind=primary_article; legacy potency_nM treated as generic endpoint value (not potency)
ACT_26030227,CM00429,PARENT0830,PMID_39140069,ASSY_CHEMBL5582322,PAM_functional_calcium,calcium,Emax,=,69.0,,69.0,,Homo sapiens,EXTENDED,efficacy_only,efficacy_only,,,cat=PAM_functional_calcium; standard_type=Emax; source_kind=primary_article; legacy potency_nM treated as generic endpoint value (not potency)
ACT_26030228,CM00440,PARENT0831,PMID_39140069,ASSY_CHEMBL5582322,PAM_functional_calcium,calcium,Emax,=,71.0,,71.0,,Homo sapiens,EXTENDED,efficacy_only,efficacy_only,,,cat=PAM_functional_calcium; standard_type=Emax; source_kind=primary_article; legacy potency_nM treated as generic endpoint value (not potency)
ACT_26030229,CM00472,PARENT0832,PMID_39140069,ASSY_CHEMBL5582322,PAM_functional_calcium,calcium,Emax,=,73.0,,73.0,,Homo sapiens,EXTENDED,efficacy_only,efficacy_only,,,cat=PAM_functional_calcium; standard_type=Emax; source_kind=primary_article; legacy potency_nM treated as generic endpoint value (not potency)
ACT_26030230,CM00218,PARENT0833,PMID_39140069,ASSY_CHEMBL5582322,PAM_functional_calcium,calcium,Emax,=,76.0,,76.0,,Homo sapiens,EXTENDED,efficacy_only,efficacy_only,,,cat=PAM_functional_calcium; standard_type=Emax; source_kind=primary_article; legacy potency_nM treated as generic endpoint value (not potency)
ACT_26030231,CM00850,PARENT0834,PMID_39140069,ASSY_CHEMBL5582322,PAM_functional_calcium,calcium,Emax,=,41.0,,41.0,,Homo sapiens,EXTENDED,efficacy_only,efficacy_only,,,cat=PAM_functional_calcium; standard_type=Emax; source_kind=primary_article; legacy potency_nM treated as generic endpoint value (not potency)
ACT_26030232,CM00768,PARENT0835,PMID_39140069,ASSY_CHEMBL5582322,PAM_functional_calcium,calcium,Emax,=,70.0,,70.0,,Homo sapiens,EXTENDED,efficacy_only,efficacy_only,,,cat=PAM_functional_calcium; standard_type=Emax; source_kind=primary_article; legacy potency_nM treated as generic endpoint value (not potency)
ACT_26030233,CM00351,PARENT0836,PMID_39140069,ASSY_CHEMBL5582322,PAM_functional_calcium,calcium,Emax,=,67.0,,67.0,,Homo sapiens,EXTENDED,efficacy_only,efficacy_only,,,cat=PAM_functional_calcium; standard_type=Emax; source_kind=primary_article; legacy potency_nM treated as generic endpoint value (not potency)
ACT_26030234,CM00112,PARENT0837,PMID_39140069,ASSY_CHEMBL5582322,PAM_functional_calcium,calcium,Emax,=,81.0,,81.0,,Homo sapiens,EXTENDED,efficacy_only,efficacy_only,,,cat=PAM_functional_calcium; standard_type=Emax; source_kind=primary_article; legacy potency_nM treated as generic endpoint value (not potency)
ACT_26030235,CM00555,PARENT0838,PMID_39140069,ASSY_CHEMBL5582322,PAM_functional_calcium,calcium,Emax,=,88.0,,88.0,,Homo sapiens,EXTENDED,efficacy_only,efficacy_only,,,cat=PAM_functional_calcium; standard_type=Emax; source_kind=primary_article; legacy potency_nM treated as generic endpoint value (not potency)
ACT_26030236,CM00705,PARENT0839,PMID_39140069,ASSY_CHEMBL5582322,PAM_functional_calcium,calcium,Emax,=,79.0,,79.0,,Homo sapiens,EXTENDED,efficacy_only,efficacy_only,,,cat=PAM_functional_calcium; standard_type=Emax; source_kind=primary_article; legacy potency_nM treated as generic endpoint value (not potency)
ACT_26030237,CM00127,PARENT0840,PMID_39140069,ASSY_CHEMBL5582322,PAM_functional_calcium,calcium,Emax,=,99.0,,99.0,,Homo sapiens,EXTENDED,efficacy_only,efficacy_only,,,cat=PAM_functional_calcium; standard_type=Emax; source_kind=primary_article; legacy potency_nM treated as generic endpoint value (not potency)
ACT_260553,CM00653,PARENT0031,PMID_11881995,ASSY_CHEMBL744211,binding_cooperativity,binding/cooperativity,Cooperativity,=,0.8,,,,Homo sapiens,EXPLORATORY,auxiliary,auxiliary,,,cat=binding_cooperativity; standard_type=Cooperativity; source_kind=primary_article; legacy potency_nM treated as generic endpoint value (not potency)
ACT_26145018,CM00581,PARENT0793,PMID_37423123,ASSY_CHEMBL5623657,PAM_functional_cAMP,cAMP,deltapEC50,=,1.48,,,,Homo sapiens,EXTENDED,auxiliary,auxiliary,,,cat=PAM_functional_cAMP; standard_type=deltapEC50; source_kind=primary_article; legacy potency_nM treated as generic endpoint value (not potency)
ACT_26145019,CM00062,PARENT0841,PMID_37423123,ASSY_CHEMBL5623657,PAM_functional_cAMP,cAMP,deltapEC50,=,0.57,,,,Homo sapiens,EXTENDED,auxiliary,auxiliary,,,cat=PAM_functional_cAMP; standard_type=deltapEC50; source_kind=primary_article; legacy potency_nM treated as generic endpoint value (not potency)
ACT_26145020,CM00755,PARENT0842,PMID_37423123,ASSY_CHEMBL5623657,PAM_functional_cAMP,cAMP,deltapEC50,=,1.36,,,,Homo sapiens,EXTENDED,auxiliary,auxiliary,,,cat=PAM_functional_cAMP; standard_type=deltapEC50; source_kind=primary_article; legacy potency_nM treated as generic endpoint value (not potency)
ACT_26145021,CM00290,PARENT0843,PMID_37423123,ASSY_CHEMBL5623657,PAM_functional_cAMP,cAMP,deltapEC50,=,1.64,,,,Homo sapiens,EXTENDED,auxiliary,auxiliary,,,cat=PAM_functional_cAMP; standard_type=deltapEC50; source_kind=primary_article; legacy potency_nM treated as generic endpoint value (not potency)
ACT_26145022,CM00309,PARENT0844,PMID_37423123,ASSY_CHEMBL5623657,PAM_functional_cAMP,cAMP,deltapEC50,=,1.05,,,,Homo sapiens,EXTENDED,auxiliary,auxiliary,,,cat=PAM_functional_cAMP; standard_type=deltapEC50; source_kind=primary_article; legacy potency_nM treated as generic endpoint value (not potency)
ACT_26145023,CM00260,PARENT0845,PMID_37423123,ASSY_CHEMBL5623657,PAM_functional_cAMP,cAMP,deltapEC50,=,0.73,,,,Homo sapiens,EXTENDED,auxiliary,auxiliary,,,cat=PAM_functional_cAMP; standard_type=deltapEC50; source_kind=primary_article; legacy potency_nM treated as generic endpoint value (not potency)
ACT_26145024,CM00663,PARENT0846,PMID_37423123,ASSY_CHEMBL5623657,PAM_functional_cAMP,cAMP,deltapEC50,=,1.16,,,,Homo sapiens,EXTENDED,auxiliary,auxiliary,,,cat=PAM_functional_cAMP; standard_type=deltapEC50; source_kind=primary_article; legacy potency_nM treated as generic endpoint value (not potency)
ACT_26145025,CM00209,PARENT0847,PMID_37423123,ASSY_CHEMBL5623657,PAM_functional_cAMP,cAMP,deltapEC50,=,1.87,,,,Homo sapiens,EXTENDED,auxiliary,auxiliary,,,cat=PAM_functional_cAMP; standard_type=deltapEC50; source_kind=primary_article; legacy potency_nM treated as generic endpoint value (not potency)
ACT_26145026,CM00619,PARENT0848,PMID_37423123,ASSY_CHEMBL5623657,PAM_functional_cAMP,cAMP,deltapEC50,=,0.6,,,,Homo sapiens,EXTENDED,auxiliary,auxiliary,,,cat=PAM_functional_cAMP; standard_type=deltapEC50; source_kind=primary_article; legacy potency_nM treated as generic endpoint value (not potency)
ACT_26145027,CM00105,PARENT0849,PMID_37423123,ASSY_CHEMBL5623657,PAM_functional_cAMP,cAMP,deltapEC50,=,0.58,,,,Homo sapiens,EXTENDED,auxiliary,auxiliary,,,cat=PAM_functional_cAMP; standard_type=deltapEC50; source_kind=primary_article; legacy potency_nM treated as generic endpoint value (not potency)
ACT_26145028,CM00410,PARENT0850,PMID_37423123,ASSY_CHEMBL5623657,PAM_functional_cAMP,cAMP,deltapEC50,=,1.15,,,,Homo sapiens,EXTENDED,auxiliary,auxiliary,,,cat=PAM_functional_cAMP; standard_type=deltapEC50; source_kind=primary_article; legacy potency_nM treated as generic endpoint value (not potency)
ACT_26145029,CM00551,PARENT0851,PMID_37423123,ASSY_CHEMBL5623657,PAM_functional_cAMP,cAMP,deltapEC50,=,0.76,,,,Homo sapiens,EXTENDED,auxiliary,auxiliary,,,cat=PAM_functional_cAMP; standard_type=deltapEC50; source_kind=primary_article; legacy potency_nM treated as generic endpoint value (not potency)
ACT_26145030,CM00803,PARENT0852,PMID_37423123,ASSY_CHEMBL5623657,PAM_functional_cAMP,cAMP,deltapEC50,=,1.27,,,,Homo sapiens,EXTENDED,auxiliary,auxiliary,,,cat=PAM_functional_cAMP; standard_type=deltapEC50; source_kind=primary_article; legacy potency_nM treated as generic endpoint value (not potency)
ACT_26145031,CM00769,PARENT0853,PMID_37423123,ASSY_CHEMBL5623657,PAM_functional_cAMP,cAMP,deltapEC50,=,1.31,,,,Homo sapiens,EXTENDED,auxiliary,auxiliary,,,cat=PAM_functional_cAMP; standard_type=deltapEC50; source_kind=primary_article; legacy potency_nM treated as generic endpoint value (not potency)
ACT_26145032,CM00073,PARENT0854,PMID_37423123,ASSY_CHEMBL5623657,PAM_functional_cAMP,cAMP,deltapEC50,=,1.35,,,,Homo sapiens,EXTENDED,auxiliary,auxiliary,,,cat=PAM_functional_cAMP; standard_type=deltapEC50; source_kind=primary_article; legacy potency_nM treated as generic endpoint value (not potency)
ACT_26145033,CM00638,PARENT0855,PMID_37423123,ASSY_CHEMBL5623657,PAM_functional_cAMP,cAMP,deltapEC50,=,0.25,,,,Homo sapiens,EXTENDED,auxiliary,auxiliary,,,cat=PAM_functional_cAMP; standard_type=deltapEC50; source_kind=primary_article; legacy potency_nM treated as generic endpoint value (not potency)
ACT_26145034,CM00634,PARENT0856,PMID_37423123,ASSY_CHEMBL5623657,PAM_functional_cAMP,cAMP,deltapEC50,=,1.99,,,,Homo sapiens,EXTENDED,auxiliary,auxiliary,,,cat=PAM_functional_cAMP; standard_type=deltapEC50; source_kind=primary_article; legacy potency_nM treated as generic endpoint value (not potency)
ACT_26145035,CM00494,PARENT0857,PMID_37423123,ASSY_CHEMBL5623657,PAM_functional_cAMP,cAMP,deltapEC50,=,1.33,,,,Homo sapiens,EXTENDED,auxiliary,auxiliary,,,cat=PAM_functional_cAMP; standard_type=deltapEC50; source_kind=primary_article; legacy potency_nM treated as generic endpoint value (not potency)
ACT_26145036,CM00722,PARENT0858,PMID_37423123,ASSY_CHEMBL5623657,PAM_functional_cAMP,cAMP,deltapEC50,=,1.63,,,,Homo sapiens,EXTENDED,auxiliary,auxiliary,,,cat=PAM_functional_cAMP; standard_type=deltapEC50; source_kind=primary_article; legacy potency_nM treated as generic endpoint value (not potency)
ACT_26145037,CM00776,PARENT0790,PMID_37423123,ASSY_CHEMBL5623657,PAM_functional_cAMP,cAMP,deltapEC50,=,2.57,,,,Homo sapiens,EXTENDED,auxiliary,auxiliary,,,cat=PAM_functional_cAMP; standard_type=deltapEC50; source_kind=primary_article; legacy potency_nM treated as generic endpoint value (not potency)
ACT_26145038,CM00364,PARENT0859,PMID_37423123,ASSY_CHEMBL5623657,PAM_functional_cAMP,cAMP,deltapEC50,=,2.11,,,,Homo sapiens,EXTENDED,auxiliary,auxiliary,,,cat=PAM_functional_cAMP; standard_type=deltapEC50; source_kind=primary_article; legacy potency_nM treated as generic endpoint value (not potency)
ACT_26145039,CM00348,PARENT0860,PMID_37423123,ASSY_CHEMBL5623657,PAM_functional_cAMP,cAMP,deltapEC50,=,1.24,,,,Homo sapiens,EXTENDED,auxiliary,auxiliary,,,cat=PAM_functional_cAMP; standard_type=deltapEC50; source_kind=primary_article; legacy potency_nM treated as generic endpoint value (not potency)
ACT_26145040,CM00545,PARENT0861,PMID_37423123,ASSY_CHEMBL5623657,PAM_functional_cAMP,cAMP,deltapEC50,=,0.88,,,,Homo sapiens,EXTENDED,auxiliary,auxiliary,,,cat=PAM_functional_cAMP; standard_type=deltapEC50; source_kind=primary_article; legacy potency_nM treated as generic endpoint value (not potency)
ACT_26145041,CM00731,PARENT0862,PMID_37423123,ASSY_CHEMBL5623657,PAM_functional_cAMP,cAMP,deltapEC50,=,0.63,,,,Homo sapiens,EXTENDED,auxiliary,auxiliary,,,cat=PAM_functional_cAMP; standard_type=deltapEC50; source_kind=primary_article; legacy potency_nM treated as generic endpoint value (not potency)
ACT_26145042,CM00710,PARENT0863,PMID_37423123,ASSY_CHEMBL5623657,PAM_functional_cAMP,cAMP,deltapEC50,=,0.17,,,,Homo sapiens,EXTENDED,auxiliary,auxiliary,,,cat=PAM_functional_cAMP; standard_type=deltapEC50; source_kind=primary_article; legacy potency_nM treated as generic endpoint value (not potency)
ACT_26145043,CM00743,PARENT0864,PMID_37423123,ASSY_CHEMBL5623657,PAM_functional_cAMP,cAMP,deltapEC50,=,1.49,,,,Homo sapiens,EXTENDED,auxiliary,auxiliary,,,cat=PAM_functional_cAMP; standard_type=deltapEC50; source_kind=primary_article; legacy potency_nM treated as generic endpoint value (not potency)
ACT_26145044,CM00447,PARENT0865,PMID_37423123,ASSY_CHEMBL5623657,PAM_functional_cAMP,cAMP,deltapEC50,=,-0.34,,,,Homo sapiens,EXTENDED,auxiliary,auxiliary,,,cat=PAM_functional_cAMP; standard_type=deltapEC50; source_kind=primary_article; legacy potency_nM treated as generic endpoint value (not potency)
ACT_26145045,CM00002,PARENT0866,PMID_37423123,ASSY_CHEMBL5623657,PAM_functional_cAMP,cAMP,deltapEC50,=,1.07,,,,Homo sapiens,EXTENDED,auxiliary,auxiliary,,,cat=PAM_functional_cAMP; standard_type=deltapEC50; source_kind=primary_article; legacy potency_nM treated as generic endpoint value (not potency)
ACT_26145046,CM00515,PARENT0867,PMID_37423123,ASSY_CHEMBL5623657,PAM_functional_cAMP,cAMP,deltapEC50,=,1.06,,,,Homo sapiens,EXTENDED,auxiliary,auxiliary,,,cat=PAM_functional_cAMP; standard_type=deltapEC50; source_kind=primary_article; legacy potency_nM treated as generic endpoint value (not potency)
ACT_26145047,CM00769,PARENT0853,PMID_37423123,ASSY_CHEMBL5623658,PAM_functional_cAMP,cAMP,Emax,=,80.6,,80.6,,Homo sapiens,EXTENDED,efficacy_only,efficacy_only,,,cat=PAM_functional_cAMP; standard_type=Emax; source_kind=primary_article; legacy potency_nM treated as generic endpoint value (not potency)
ACT_26145048,CM00803,PARENT0852,PMID_37423123,ASSY_CHEMBL5623658,PAM_functional_cAMP,cAMP,Emax,=,5.6,,5.6,,Homo sapiens,EXTENDED,efficacy_only,efficacy_only,,,cat=PAM_functional_cAMP; standard_type=Emax; source_kind=primary_article; legacy potency_nM treated as generic endpoint value (not potency)
ACT_26145049,CM00551,PARENT0851,PMID_37423123,ASSY_CHEMBL5623658,PAM_functional_cAMP,cAMP,Emax,=,128.8,,128.8,,Homo sapiens,EXTENDED,efficacy_only,efficacy_only,,,cat=PAM_functional_cAMP; standard_type=Emax; source_kind=primary_article; legacy potency_nM treated as generic endpoint value (not potency)
ACT_26145050,CM00105,PARENT0849,PMID_37423123,ASSY_CHEMBL5623658,PAM_functional_cAMP,cAMP,Emax,=,3.58,,3.58,,Homo sapiens,EXTENDED,efficacy_only,efficacy_only,,,cat=PAM_functional_cAMP; standard_type=Emax; source_kind=primary_article; legacy potency_nM treated as generic endpoint value (not potency)
ACT_26145051,CM00410,PARENT0850,PMID_37423123,ASSY_CHEMBL5623658,PAM_functional_cAMP,cAMP,Emax,=,21.8,,21.8,,Homo sapiens,EXTENDED,efficacy_only,efficacy_only,,,cat=PAM_functional_cAMP; standard_type=Emax; source_kind=primary_article; legacy potency_nM treated as generic endpoint value (not potency)
ACT_26145052,CM00619,PARENT0848,PMID_37423123,ASSY_CHEMBL5623658,PAM_functional_cAMP,cAMP,Emax,=,52.5,,52.5,,Homo sapiens,EXTENDED,efficacy_only,efficacy_only,,,cat=PAM_functional_cAMP; standard_type=Emax; source_kind=primary_article; legacy potency_nM treated as generic endpoint value (not potency)
ACT_26145053,CM00209,PARENT0847,PMID_37423123,ASSY_CHEMBL5623658,PAM_functional_cAMP,cAMP,Emax,=,63.8,,63.8,,Homo sapiens,EXTENDED,efficacy_only,efficacy_only,,,cat=PAM_functional_cAMP; standard_type=Emax; source_kind=primary_article; legacy potency_nM treated as generic endpoint value (not potency)
ACT_26145054,CM00663,PARENT0846,PMID_37423123,ASSY_CHEMBL5623658,PAM_functional_cAMP,cAMP,Emax,=,47.1,,47.1,,Homo sapiens,EXTENDED,efficacy_only,efficacy_only,,,cat=PAM_functional_cAMP; standard_type=Emax; source_kind=primary_article; legacy potency_nM treated as generic endpoint value (not potency)
ACT_26145055,CM00260,PARENT0845,PMID_37423123,ASSY_CHEMBL5623658,PAM_functional_cAMP,cAMP,Emax,=,63.9,,63.9,,Homo sapiens,EXTENDED,efficacy_only,efficacy_only,,,cat=PAM_functional_cAMP; standard_type=Emax; source_kind=primary_article; legacy potency_nM treated as generic endpoint value (not potency)
ACT_26145056,CM00309,PARENT0844,PMID_37423123,ASSY_CHEMBL5623658,PAM_functional_cAMP,cAMP,Emax,=,74.0,,74.0,,Homo sapiens,EXTENDED,efficacy_only,efficacy_only,,,cat=PAM_functional_cAMP; standard_type=Emax; source_kind=primary_article; legacy potency_nM treated as generic endpoint value (not potency)
ACT_26145057,CM00290,PARENT0843,PMID_37423123,ASSY_CHEMBL5623658,PAM_functional_cAMP,cAMP,Emax,=,69.6,,69.6,,Homo sapiens,EXTENDED,efficacy_only,efficacy_only,,,cat=PAM_functional_cAMP; standard_type=Emax; source_kind=primary_article; legacy potency_nM treated as generic endpoint value (not potency)
ACT_26145058,CM00062,PARENT0841,PMID_37423123,ASSY_CHEMBL5623658,PAM_functional_cAMP,cAMP,Emax,=,27.0,,27.0,,Homo sapiens,EXTENDED,efficacy_only,efficacy_only,,,cat=PAM_functional_cAMP; standard_type=Emax; source_kind=primary_article; legacy potency_nM treated as generic endpoint value (not potency)
ACT_26145059,CM00755,PARENT0842,PMID_37423123,ASSY_CHEMBL5623658,PAM_functional_cAMP,cAMP,Emax,=,84.8,,84.8,,Homo sapiens,EXTENDED,efficacy_only,efficacy_only,,,cat=PAM_functional_cAMP; standard_type=Emax; source_kind=primary_article; legacy potency_nM treated as generic endpoint value (not potency)
ACT_26145060,CM00581,PARENT0793,PMID_37423123,ASSY_CHEMBL5623658,PAM_functional_cAMP,cAMP,Emax,=,44.7,,44.7,,Homo sapiens,EXTENDED,efficacy_only,efficacy_only,,,cat=PAM_functional_cAMP; standard_type=Emax; source_kind=primary_article; legacy potency_nM treated as generic endpoint value (not potency)
ACT_26145061,CM00073,PARENT0854,PMID_37423123,ASSY_CHEMBL5623658,PAM_functional_cAMP,cAMP,Emax,=,53.5,,53.5,,Homo sapiens,EXTENDED,efficacy_only,efficacy_only,,,cat=PAM_functional_cAMP; standard_type=Emax; source_kind=primary_article; legacy potency_nM treated as generic endpoint value (not potency)
ACT_26145062,CM00638,PARENT0855,PMID_37423123,ASSY_CHEMBL5623658,PAM_functional_cAMP,cAMP,Emax,=,97.7,,97.7,,Homo sapiens,EXTENDED,efficacy_only,efficacy_only,,,cat=PAM_functional_cAMP; standard_type=Emax; source_kind=primary_article; legacy potency_nM treated as generic endpoint value (not potency)
ACT_26145063,CM00634,PARENT0856,PMID_37423123,ASSY_CHEMBL5623658,PAM_functional_cAMP,cAMP,Emax,=,61.3,,61.3,,Homo sapiens,EXTENDED,efficacy_only,efficacy_only,,,cat=PAM_functional_cAMP; standard_type=Emax; source_kind=primary_article; legacy potency_nM treated as generic endpoint value (not potency)
ACT_26145064,CM00494,PARENT0857,PMID_37423123,ASSY_CHEMBL5623658,PAM_functional_cAMP,cAMP,Emax,=,65.6,,65.6,,Homo sapiens,EXTENDED,efficacy_only,efficacy_only,,,cat=PAM_functional_cAMP; standard_type=Emax; source_kind=primary_article; legacy potency_nM treated as generic endpoint value (not potency)
ACT_26145065,CM00722,PARENT0858,PMID_37423123,ASSY_CHEMBL5623658,PAM_functional_cAMP,cAMP,Emax,=,57.7,,57.7,,Homo sapiens,EXTENDED,efficacy_only,efficacy_only,,,cat=PAM_functional_cAMP; standard_type=Emax; source_kind=primary_article; legacy potency_nM treated as generic endpoint value (not potency)
ACT_26145066,CM00776,PARENT0790,PMID_37423123,ASSY_CHEMBL5623658,PAM_functional_cAMP,cAMP,Emax,=,73.3,,73.3,,Homo sapiens,EXTENDED,efficacy_only,efficacy_only,,,cat=PAM_functional_cAMP; standard_type=Emax; source_kind=primary_article; legacy potency_nM treated as generic endpoint value (not potency)
ACT_26145067,CM00364,PARENT0859,PMID_37423123,ASSY_CHEMBL5623658,PAM_functional_cAMP,cAMP,Emax,=,50.5,,50.5,,Homo sapiens,EXTENDED,efficacy_only,efficacy_only,,,cat=PAM_functional_cAMP; standard_type=Emax; source_kind=primary_article; legacy potency_nM treated as generic endpoint value (not potency)
ACT_26145068,CM00348,PARENT0860,PMID_37423123,ASSY_CHEMBL5623658,PAM_functional_cAMP,cAMP,Emax,=,39.0,,39.0,,Homo sapiens,EXTENDED,efficacy_only,efficacy_only,,,cat=PAM_functional_cAMP; standard_type=Emax; source_kind=primary_article; legacy potency_nM treated as generic endpoint value (not potency)
ACT_26145069,CM00545,PARENT0861,PMID_37423123,ASSY_CHEMBL5623658,PAM_functional_cAMP,cAMP,Emax,=,41.6,,41.6,,Homo sapiens,EXTENDED,efficacy_only,efficacy_only,,,cat=PAM_functional_cAMP; standard_type=Emax; source_kind=primary_article; legacy potency_nM treated as generic endpoint value (not potency)
ACT_26145070,CM00731,PARENT0862,PMID_37423123,ASSY_CHEMBL5623658,PAM_functional_cAMP,cAMP,Emax,=,25.6,,25.6,,Homo sapiens,EXTENDED,efficacy_only,efficacy_only,,,cat=PAM_functional_cAMP; standard_type=Emax; source_kind=primary_article; legacy potency_nM treated as generic endpoint value (not potency)
ACT_26145071,CM00710,PARENT0863,PMID_37423123,ASSY_CHEMBL5623658,PAM_functional_cAMP,cAMP,Emax,=,56.8,,56.8,,Homo sapiens,EXTENDED,efficacy_only,efficacy_only,,,cat=PAM_functional_cAMP; standard_type=Emax; source_kind=primary_article; legacy potency_nM treated as generic endpoint value (not potency)
ACT_26145072,CM00743,PARENT0864,PMID_37423123,ASSY_CHEMBL5623658,PAM_functional_cAMP,cAMP,Emax,=,66.6,,66.6,,Homo sapiens,EXTENDED,efficacy_only,efficacy_only,,,cat=PAM_functional_cAMP; standard_type=Emax; source_kind=primary_article; legacy potency_nM treated as generic endpoint value (not potency)
ACT_26145073,CM00447,PARENT0865,PMID_37423123,ASSY_CHEMBL5623658,PAM_functional_cAMP,cAMP,Emax,=,35.1,,35.1,,Homo sapiens,EXTENDED,efficacy_only,efficacy_only,,,cat=PAM_functional_cAMP; standard_type=Emax; source_kind=primary_article; legacy potency_nM treated as generic endpoint value (not potency)
ACT_26145074,CM00002,PARENT0866,PMID_37423123,ASSY_CHEMBL5623658,PAM_functional_cAMP,cAMP,Emax,=,11.8,,11.8,,Homo sapiens,EXTENDED,efficacy_only,efficacy_only,,,cat=PAM_functional_cAMP; standard_type=Emax; source_kind=primary_article; legacy potency_nM treated as generic endpoint value (not potency)
ACT_26145075,CM00515,PARENT0867,PMID_37423123,ASSY_CHEMBL5623658,PAM_functional_cAMP,cAMP,Emax,=,13.9,,13.9,,Homo sapiens,EXTENDED,efficacy_only,efficacy_only,,,cat=PAM_functional_cAMP; standard_type=Emax; source_kind=primary_article; legacy potency_nM treated as generic endpoint value (not potency)
ACT_26145094,CM00581,PARENT0793,PMID_37423123,ASSY_CHEMBL5623661,PAM_functional_cAMP,cAMP,log(activity),=,-0.45,,,,Homo sapiens,EXTENDED,auxiliary,auxiliary,,,cat=PAM_functional_cAMP; standard_type=log(activity); source_kind=primary_article; legacy potency_nM treated as generic endpoint value (not potency)
ACT_26145095,CM00290,PARENT0843,PMID_37423123,ASSY_CHEMBL5623661,PAM_functional_cAMP,cAMP,log(activity),=,-0.54,,,,Homo sapiens,EXTENDED,auxiliary,auxiliary,,,cat=PAM_functional_cAMP; standard_type=log(activity); source_kind=primary_article; legacy potency_nM treated as generic endpoint value (not potency)
ACT_26145096,CM00260,PARENT0845,PMID_37423123,ASSY_CHEMBL5623661,PAM_functional_cAMP,cAMP,log(activity),=,-0.88,,,,Homo sapiens,EXTENDED,auxiliary,auxiliary,,,cat=PAM_functional_cAMP; standard_type=log(activity); source_kind=primary_article; legacy potency_nM treated as generic endpoint value (not potency)
ACT_26145097,CM00410,PARENT0850,PMID_37423123,ASSY_CHEMBL5623661,PAM_functional_cAMP,cAMP,log(activity),=,0.04,,,,Homo sapiens,EXTENDED,auxiliary,auxiliary,,,cat=PAM_functional_cAMP; standard_type=log(activity); source_kind=primary_article; legacy potency_nM treated as generic endpoint value (not potency)
ACT_26145098,CM00551,PARENT0851,PMID_37423123,ASSY_CHEMBL5623661,PAM_functional_cAMP,cAMP,log(activity),=,-0.07,,,,Homo sapiens,EXTENDED,auxiliary,auxiliary,,,cat=PAM_functional_cAMP; standard_type=log(activity); source_kind=primary_article; legacy potency_nM treated as generic endpoint value (not potency)
ACT_26145099,CM00803,PARENT0852,PMID_37423123,ASSY_CHEMBL5623661,PAM_functional_cAMP,cAMP,log(activity),=,-1.29,,,,Homo sapiens,EXTENDED,auxiliary,auxiliary,,,cat=PAM_functional_cAMP; standard_type=log(activity); source_kind=primary_article; legacy potency_nM treated as generic endpoint value (not potency)
ACT_26145100,CM00638,PARENT0855,PMID_37423123,ASSY_CHEMBL5623661,PAM_functional_cAMP,cAMP,log(activity),=,-0.58,,,,Homo sapiens,EXTENDED,auxiliary,auxiliary,,,cat=PAM_functional_cAMP; standard_type=log(activity); source_kind=primary_article; legacy potency_nM treated as generic endpoint value (not potency)
ACT_26145101,CM00545,PARENT0861,PMID_37423123,ASSY_CHEMBL5623661,PAM_functional_cAMP,cAMP,log(activity),=,-0.81,,,,Homo sapiens,EXTENDED,auxiliary,auxiliary,,,cat=PAM_functional_cAMP; standard_type=log(activity); source_kind=primary_article; legacy potency_nM treated as generic endpoint value (not potency)
ACT_26145102,CM00447,PARENT0865,PMID_37423123,ASSY_CHEMBL5623661,PAM_functional_cAMP,cAMP,log(activity),=,-0.74,,,,Homo sapiens,EXTENDED,auxiliary,auxiliary,,,cat=PAM_functional_cAMP; standard_type=log(activity); source_kind=primary_article; legacy potency_nM treated as generic endpoint value (not potency)
ACT_26145103,CM00581,PARENT0793,PMID_37423123,ASSY_CHEMBL5623662,PAM_functional_cAMP,cAMP,log(activity),=,2.34,,,,Homo sapiens,EXTENDED,auxiliary,auxiliary,,,cat=PAM_functional_cAMP; standard_type=log(activity); source_kind=primary_article; legacy potency_nM treated as generic endpoint value (not potency)
ACT_26145104,CM00290,PARENT0843,PMID_37423123,ASSY_CHEMBL5623662,PAM_functional_cAMP,cAMP,log(activity),=,2.22,,,,Homo sapiens,EXTENDED,auxiliary,auxiliary,,,cat=PAM_functional_cAMP; standard_type=log(activity); source_kind=primary_article; legacy potency_nM treated as generic endpoint value (not potency)
ACT_26145105,CM00260,PARENT0845,PMID_37423123,ASSY_CHEMBL5623662,PAM_functional_cAMP,cAMP,log(activity),=,2.01,,,,Homo sapiens,EXTENDED,auxiliary,auxiliary,,,cat=PAM_functional_cAMP; standard_type=log(activity); source_kind=primary_article; legacy potency_nM treated as generic endpoint value (not potency)
ACT_26145106,CM00410,PARENT0850,PMID_37423123,ASSY_CHEMBL5623662,PAM_functional_cAMP,cAMP,log(activity),=,2.46,,,,Homo sapiens,EXTENDED,auxiliary,auxiliary,,,cat=PAM_functional_cAMP; standard_type=log(activity); source_kind=primary_article; legacy potency_nM treated as generic endpoint value (not potency)
ACT_26145107,CM00551,PARENT0851,PMID_37423123,ASSY_CHEMBL5623662,PAM_functional_cAMP,cAMP,log(activity),=,2.65,,,,Homo sapiens,EXTENDED,auxiliary,auxiliary,,,cat=PAM_functional_cAMP; standard_type=log(activity); source_kind=primary_article; legacy potency_nM treated as generic endpoint value (not potency)
ACT_26145108,CM00803,PARENT0852,PMID_37423123,ASSY_CHEMBL5623662,PAM_functional_cAMP,cAMP,log(activity),=,1.91,,,,Homo sapiens,EXTENDED,auxiliary,auxiliary,,,cat=PAM_functional_cAMP; standard_type=log(activity); source_kind=primary_article; legacy potency_nM treated as generic endpoint value (not potency)
ACT_26145109,CM00638,PARENT0855,PMID_37423123,ASSY_CHEMBL5623662,PAM_functional_cAMP,cAMP,log(activity),=,2.03,,,,Homo sapiens,EXTENDED,auxiliary,auxiliary,,,cat=PAM_functional_cAMP; standard_type=log(activity); source_kind=primary_article; legacy potency_nM treated as generic endpoint value (not potency)
ACT_26145110,CM00545,PARENT0861,PMID_37423123,ASSY_CHEMBL5623662,PAM_functional_cAMP,cAMP,log(activity),=,2.47,,,,Homo sapiens,EXTENDED,auxiliary,auxiliary,,,cat=PAM_functional_cAMP; standard_type=log(activity); source_kind=primary_article; legacy potency_nM treated as generic endpoint value (not potency)
ACT_26145111,CM00447,PARENT0865,PMID_37423123,ASSY_CHEMBL5623662,PAM_functional_cAMP,cAMP,log(activity),=,1.81,,,,Homo sapiens,EXTENDED,auxiliary,auxiliary,,,cat=PAM_functional_cAMP; standard_type=log(activity); source_kind=primary_article; legacy potency_nM treated as generic endpoint value (not potency)
ACT_26145112,CM00581,PARENT0793,PMID_37423123,ASSY_CHEMBL5623663,PAM_functional_betarr,beta-arrestin,log(activity),=,0.99,,,,Homo sapiens,EXTENDED,auxiliary,auxiliary,,,cat=PAM_functional_betarr; standard_type=log(activity); source_kind=primary_article; legacy potency_nM treated as generic endpoint value (not potency)
ACT_26145113,CM00290,PARENT0843,PMID_37423123,ASSY_CHEMBL5623663,PAM_functional_betarr,beta-arrestin,log(activity),=,0.64,,,,Homo sapiens,EXTENDED,auxiliary,auxiliary,,,cat=PAM_functional_betarr; standard_type=log(activity); source_kind=primary_article; legacy potency_nM treated as generic endpoint value (not potency)
ACT_26145114,CM00260,PARENT0845,PMID_37423123,ASSY_CHEMBL5623663,PAM_functional_betarr,beta-arrestin,log(activity),=,0.56,,,,Homo sapiens,EXTENDED,auxiliary,auxiliary,,,cat=PAM_functional_betarr; standard_type=log(activity); source_kind=primary_article; legacy potency_nM treated as generic endpoint value (not potency)
ACT_26145115,CM00410,PARENT0850,PMID_37423123,ASSY_CHEMBL5623663,PAM_functional_betarr,beta-arrestin,log(activity),=,0.87,,,,Homo sapiens,EXTENDED,auxiliary,auxiliary,,,cat=PAM_functional_betarr; standard_type=log(activity); source_kind=primary_article; legacy potency_nM treated as generic endpoint value (not potency)
ACT_26145116,CM00551,PARENT0851,PMID_37423123,ASSY_CHEMBL5623663,PAM_functional_betarr,beta-arrestin,log(activity),=,0.31,,,,Homo sapiens,EXTENDED,auxiliary,auxiliary,,,cat=PAM_functional_betarr; standard_type=log(activity); source_kind=primary_article; legacy potency_nM treated as generic endpoint value (not potency)
ACT_26145117,CM00803,PARENT0852,PMID_37423123,ASSY_CHEMBL5623663,PAM_functional_betarr,beta-arrestin,log(activity),=,0.39,,,,Homo sapiens,EXTENDED,auxiliary,auxiliary,,,cat=PAM_functional_betarr; standard_type=log(activity); source_kind=primary_article; legacy potency_nM treated as generic endpoint value (not potency)
ACT_26145118,CM00638,PARENT0855,PMID_37423123,ASSY_CHEMBL5623663,PAM_functional_betarr,beta-arrestin,log(activity),=,-0.83,,,,Homo sapiens,EXTENDED,auxiliary,auxiliary,,,cat=PAM_functional_betarr; standard_type=log(activity); source_kind=primary_article; legacy potency_nM treated as generic endpoint value (not potency)
ACT_26145119,CM00545,PARENT0861,PMID_37423123,ASSY_CHEMBL5623663,PAM_functional_betarr,beta-arrestin,log(activity),=,0.51,,,,Homo sapiens,EXTENDED,auxiliary,auxiliary,,,cat=PAM_functional_betarr; standard_type=log(activity); source_kind=primary_article; legacy potency_nM treated as generic endpoint value (not potency)
ACT_26145120,CM00447,PARENT0865,PMID_37423123,ASSY_CHEMBL5623663,PAM_functional_betarr,beta-arrestin,log(activity),=,0.07,,,,Homo sapiens,EXTENDED,auxiliary,auxiliary,,,cat=PAM_functional_betarr; standard_type=log(activity); source_kind=primary_article; legacy potency_nM treated as generic endpoint value (not potency)
ACT_26145121,CM00581,PARENT0793,PMID_37423123,ASSY_CHEMBL5623664,PAM_functional_betarr,beta-arrestin,log(activity),=,1.94,,,,Homo sapiens,EXTENDED,auxiliary,auxiliary,,,cat=PAM_functional_betarr; standard_type=log(activity); source_kind=primary_article; legacy potency_nM treated as generic endpoint value (not potency)
ACT_26145122,CM00290,PARENT0843,PMID_37423123,ASSY_CHEMBL5623664,PAM_functional_betarr,beta-arrestin,log(activity),=,1.29,,,,Homo sapiens,EXTENDED,auxiliary,auxiliary,,,cat=PAM_functional_betarr; standard_type=log(activity); source_kind=primary_article; legacy potency_nM treated as generic endpoint value (not potency)
ACT_26145123,CM00260,PARENT0845,PMID_37423123,ASSY_CHEMBL5623664,PAM_functional_betarr,beta-arrestin,log(activity),=,1.1,,,,Homo sapiens,EXTENDED,auxiliary,auxiliary,,,cat=PAM_functional_betarr; standard_type=log(activity); source_kind=primary_article; legacy potency_nM treated as generic endpoint value (not potency)
ACT_26145124,CM00410,PARENT0850,PMID_37423123,ASSY_CHEMBL5623664,PAM_functional_betarr,beta-arrestin,log(activity),=,1.87,,,,Homo sapiens,EXTENDED,auxiliary,auxiliary,,,cat=PAM_functional_betarr; standard_type=log(activity); source_kind=primary_article; legacy potency_nM treated as generic endpoint value (not potency)
ACT_26145125,CM00551,PARENT0851,PMID_37423123,ASSY_CHEMBL5623664,PAM_functional_betarr,beta-arrestin,log(activity),=,1.55,,,,Homo sapiens,EXTENDED,auxiliary,auxiliary,,,cat=PAM_functional_betarr; standard_type=log(activity); source_kind=primary_article; legacy potency_nM treated as generic endpoint value (not potency)
ACT_26145126,CM00803,PARENT0852,PMID_37423123,ASSY_CHEMBL5623664,PAM_functional_betarr,beta-arrestin,log(activity),=,1.18,,,,Homo sapiens,EXTENDED,auxiliary,auxiliary,,,cat=PAM_functional_betarr; standard_type=log(activity); source_kind=primary_article; legacy potency_nM treated as generic endpoint value (not potency)
ACT_26145127,CM00638,PARENT0855,PMID_37423123,ASSY_CHEMBL5623664,PAM_functional_betarr,beta-arrestin,log(activity),=,1.06,,,,Homo sapiens,EXTENDED,auxiliary,auxiliary,,,cat=PAM_functional_betarr; standard_type=log(activity); source_kind=primary_article; legacy potency_nM treated as generic endpoint value (not potency)
ACT_26145128,CM00545,PARENT0861,PMID_37423123,ASSY_CHEMBL5623664,PAM_functional_betarr,beta-arrestin,log(activity),=,2.09,,,,Homo sapiens,EXTENDED,auxiliary,auxiliary,,,cat=PAM_functional_betarr; standard_type=log(activity); source_kind=primary_article; legacy potency_nM treated as generic endpoint value (not potency)
ACT_26145129,CM00447,PARENT0865,PMID_37423123,ASSY_CHEMBL5623664,PAM_functional_betarr,beta-arrestin,log(activity),=,0.94,,,,Homo sapiens,EXTENDED,auxiliary,auxiliary,,,cat=PAM_functional_betarr; standard_type=log(activity); source_kind=primary_article; legacy potency_nM treated as generic endpoint value (not potency)
ACT_261966,CM00006,PARENT0032,PMID_11881995,ASSY_CHEMBL745913,binding_cooperativity,binding/cooperativity,Cooperativity,=,3.0,,,,Homo sapiens,EXPLORATORY,auxiliary,auxiliary,,,cat=binding_cooperativity; standard_type=Cooperativity; source_kind=primary_article; legacy potency_nM treated as generic endpoint value (not potency)
ACT_261978,CM00772,PARENT0033,PMID_11881995,ASSY_CHEMBL745913,binding_cooperativity,binding/cooperativity,Cooperativity,=,3.0,,,,Homo sapiens,EXPLORATORY,auxiliary,auxiliary,,,cat=binding_cooperativity; standard_type=Cooperativity; source_kind=primary_article; legacy potency_nM treated as generic endpoint value (not potency)
ACT_263187,CM00818,PARENT0034,PMID_11881995,ASSY_CHEMBL744010,binding_cooperativity,binding/cooperativity,Cooperativity,=,1.19,,,,Homo sapiens,EXPLORATORY,auxiliary,auxiliary,,,cat=binding_cooperativity; standard_type=Cooperativity; source_kind=primary_article; legacy potency_nM treated as generic endpoint value (not potency)
ACT_264600,CM00269,PARENT0035,PMID_11881995,ASSY_CHEMBL744008,binding_cooperativity,binding/cooperativity,Cooperativity,>,3.0,,,,Homo sapiens,EXPLORATORY,auxiliary,auxiliary,,,cat=binding_cooperativity; standard_type=Cooperativity; source_kind=primary_article; legacy potency_nM treated as generic endpoint value (not potency); censored endpoint bound; relation preserved
ACT_264612,CM00192,PARENT0036,PMID_11881995,ASSY_CHEMBL744008,binding_cooperativity,binding/cooperativity,Cooperativity,>,3.0,,,,Homo sapiens,EXPLORATORY,auxiliary,auxiliary,,,cat=binding_cooperativity; standard_type=Cooperativity; source_kind=primary_article; legacy potency_nM treated as generic endpoint value (not potency); censored endpoint bound; relation preserved
ACT_29102351,CM00726,PARENT0868,PMID_39463278,ASSY_CHEMBL6085967,PAM_functional_calcium,calcium,FC,=,1.1,,,1.1,Homo sapiens,EXTENDED,fold_shift,fold_shift,,,cat=PAM_functional_calcium; standard_type=FC; source_kind=primary_article; legacy potency_nM treated as generic endpoint value (not potency)
ACT_29102383,CM00726,PARENT0868,PMID_39463278,ASSY_CHEMBL6085998,PAM_functional_calcium,calcium,FC,=,2.4,,,2.4,Homo sapiens,EXTENDED,fold_shift,fold_shift,,,cat=PAM_functional_calcium; standard_type=FC; source_kind=primary_article; legacy potency_nM treated as generic endpoint value (not potency)
ACT_3501204,CM00122,PARENT0099,CHEMBLDOC1255557,ASSY_CHEMBL1260776,PAM_functional_calcium,calcium,EC50,>,30000.0,30000.0,,,Homo sapiens,EXTENDED,threshold_only_bound,threshold_only_bound,threshold_negative,,cat=PAM_functional_calcium; standard_type=EC50; source_kind=database; censored endpoint bound; relation preserved
ACT_905148,CM00303,PARENT0037,PMID_9986715,ASSY_CHEMBL744006,binding_cooperativity,binding/cooperativity,Cooperativity,=,1.19,,,,Homo sapiens,EXPLORATORY,auxiliary,auxiliary,,,cat=binding_cooperativity; standard_type=Cooperativity; source_kind=primary_article; legacy potency_nM treated as generic endpoint value (not potency)
ACT_905153,CM00303,PARENT0037,PMID_9986715,ASSY_CHEMBL744007,binding_cooperativity,binding/cooperativity,Cooperativity,=,0.8,,,,Homo sapiens,EXPLORATORY,auxiliary,auxiliary,,,cat=binding_cooperativity; standard_type=Cooperativity; source_kind=primary_article; legacy potency_nM treated as generic endpoint value (not potency)
ACT_906472,CM00110,PARENT0038,PMID_9986715,ASSY_CHEMBL744006,binding_cooperativity,binding/cooperativity,Cooperativity,>,2.0,,,,Homo sapiens,EXPLORATORY,auxiliary,auxiliary,,,cat=binding_cooperativity; standard_type=Cooperativity; source_kind=primary_article; legacy potency_nM treated as generic endpoint value (not potency); censored endpoint bound; relation preserved
ACT_906476,CM00110,PARENT0038,PMID_9986715,ASSY_CHEMBL744007,binding_cooperativity,binding/cooperativity,Cooperativity,<,0.2,,,,Homo sapiens,EXPLORATORY,auxiliary,auxiliary,,,cat=binding_cooperativity; standard_type=Cooperativity; source_kind=primary_article; legacy potency_nM treated as generic endpoint value (not potency); censored endpoint bound; relation preserved
ACT_906510,CM00745,PARENT0039,PMID_9986715,ASSY_CHEMBL744006,binding_cooperativity,binding/cooperativity,Cooperativity,=,2.0,,,,Homo sapiens,EXPLORATORY,auxiliary,auxiliary,,,cat=binding_cooperativity; standard_type=Cooperativity; source_kind=primary_article; legacy potency_nM treated as generic endpoint value (not potency)
ACT_906514,CM00745,PARENT0039,PMID_9986715,ASSY_CHEMBL744007,binding_cooperativity,binding/cooperativity,Cooperativity,=,0.8,,,,Homo sapiens,EXPLORATORY,auxiliary,auxiliary,,,cat=binding_cooperativity; standard_type=Cooperativity; source_kind=primary_article; legacy potency_nM treated as generic endpoint value (not potency)
ACT_911748,CM00217,PARENT0040,PMID_9986715,ASSY_CHEMBL744006,binding_cooperativity,binding/cooperativity,Cooperativity,=,2.0,,,,Homo sapiens,EXPLORATORY,auxiliary,auxiliary,,,cat=binding_cooperativity; standard_type=Cooperativity; source_kind=primary_article; legacy potency_nM treated as generic endpoint value (not potency)
ACT_911752,CM00217,PARENT0040,PMID_9986715,ASSY_CHEMBL744007,binding_cooperativity,binding/cooperativity,Cooperativity,=,0.8,,,,Homo sapiens,EXPLORATORY,auxiliary,auxiliary,,,cat=binding_cooperativity; standard_type=Cooperativity; source_kind=primary_article; legacy potency_nM treated as generic endpoint value (not potency)
ACT_913005,CM00021,PARENT0041,PMID_9986715,ASSY_CHEMBL744006,binding_cooperativity,binding/cooperativity,Cooperativity,=,1.19,,,,Homo sapiens,EXPLORATORY,auxiliary,auxiliary,,,cat=binding_cooperativity; standard_type=Cooperativity; source_kind=primary_article; legacy potency_nM treated as generic endpoint value (not potency)
ACT_913010,CM00021,PARENT0041,PMID_9986715,ASSY_CHEMBL744007,binding_cooperativity,binding/cooperativity,Cooperativity,=,0.8,,,,Homo sapiens,EXPLORATORY,auxiliary,auxiliary,,,cat=binding_cooperativity; standard_type=Cooperativity; source_kind=primary_article; legacy potency_nM treated as generic endpoint value (not potency)
ACT_914414,CM00561,PARENT0042,PMID_9986715,ASSY_CHEMBL744006,binding_cooperativity,binding/cooperativity,Cooperativity,=,2.0,,,,Homo sapiens,EXPLORATORY,auxiliary,auxiliary,,,cat=binding_cooperativity; standard_type=Cooperativity; source_kind=primary_article; legacy potency_nM treated as generic endpoint value (not potency)
ACT_914418,CM00561,PARENT0042,PMID_9986715,ASSY_CHEMBL744007,binding_cooperativity,binding/cooperativity,Cooperativity,=,0.8,,,,Homo sapiens,EXPLORATORY,auxiliary,auxiliary,,,cat=binding_cooperativity; standard_type=Cooperativity; source_kind=primary_article; legacy potency_nM treated as generic endpoint value (not potency)
ACT_914467,CM00007,PARENT0043,PMID_9986715,ASSY_CHEMBL744006,binding_cooperativity,binding/cooperativity,Cooperativity,=,2.0,,,,Homo sapiens,EXPLORATORY,auxiliary,auxiliary,,,cat=binding_cooperativity; standard_type=Cooperativity; source_kind=primary_article; legacy potency_nM treated as generic endpoint value (not potency)
ACT_914471,CM00007,PARENT0043,PMID_9986715,ASSY_CHEMBL744007,binding_cooperativity,binding/cooperativity,Cooperativity,=,0.8,,,,Homo sapiens,EXPLORATORY,auxiliary,auxiliary,,,cat=binding_cooperativity; standard_type=Cooperativity; source_kind=primary_article; legacy potency_nM treated as generic endpoint value (not potency)
ACT_916929,CM00133,PARENT0044,PMID_9986715,ASSY_CHEMBL744006,binding_cooperativity,binding/cooperativity,Cooperativity,>,2.0,,,,Homo sapiens,EXPLORATORY,auxiliary,auxiliary,,,cat=binding_cooperativity; standard_type=Cooperativity; source_kind=primary_article; legacy potency_nM treated as generic endpoint value (not potency); censored endpoint bound; relation preserved
ACT_916933,CM00133,PARENT0044,PMID_9986715,ASSY_CHEMBL744007,binding_cooperativity,binding/cooperativity,Cooperativity,=,0.8,,,,Homo sapiens,EXPLORATORY,auxiliary,auxiliary,,,cat=binding_cooperativity; standard_type=Cooperativity; source_kind=primary_article; legacy potency_nM treated as generic endpoint value (not potency)
ACT_916945,CM00444,PARENT0045,PMID_9986715,ASSY_CHEMBL744006,binding_cooperativity,binding/cooperativity,Cooperativity,=,1.19,,,,Homo sapiens,EXPLORATORY,auxiliary,auxiliary,,,cat=binding_cooperativity; standard_type=Cooperativity; source_kind=primary_article; legacy potency_nM treated as generic endpoint value (not potency)
ACT_916949,CM00444,PARENT0045,PMID_9986715,ASSY_CHEMBL744007,binding_cooperativity,binding/cooperativity,Cooperativity,<,0.2,,,,Homo sapiens,EXPLORATORY,auxiliary,auxiliary,,,cat=binding_cooperativity; standard_type=Cooperativity; source_kind=primary_article; legacy potency_nM treated as generic endpoint value (not potency); censored endpoint bound; relation preserved
ACT_920610,CM00252,PARENT0046,PMID_9986715,ASSY_CHEMBL744006,binding_cooperativity,binding/cooperativity,Cooperativity,=,1.19,,,,Homo sapiens,EXPLORATORY,auxiliary,auxiliary,,,cat=binding_cooperativity; standard_type=Cooperativity; source_kind=primary_article; legacy potency_nM treated as generic endpoint value (not potency)
ACT_920614,CM00252,PARENT0046,PMID_9986715,ASSY_CHEMBL744007,binding_cooperativity,binding/cooperativity,Cooperativity,=,0.8,,,,Homo sapiens,EXPLORATORY,auxiliary,auxiliary,,,cat=binding_cooperativity; standard_type=Cooperativity; source_kind=primary_article; legacy potency_nM treated as generic endpoint value (not potency)
ACT_921704,CM00167,PARENT0047,PMID_9986715,ASSY_CHEMBL744006,binding_cooperativity,binding/cooperativity,Cooperativity,>,2.0,,,,Homo sapiens,EXPLORATORY,auxiliary,auxiliary,,,cat=binding_cooperativity; standard_type=Cooperativity; source_kind=primary_article; legacy potency_nM treated as generic endpoint value (not potency); censored endpoint bound; relation preserved
ACT_921708,CM00167,PARENT0047,PMID_9986715,ASSY_CHEMBL744007,binding_cooperativity,binding/cooperativity,Cooperativity,<,0.2,,,,Homo sapiens,EXPLORATORY,auxiliary,auxiliary,,,cat=binding_cooperativity; standard_type=Cooperativity; source_kind=primary_article; legacy potency_nM treated as generic endpoint value (not potency); censored endpoint bound; relation preserved
ACT_921722,CM00237,PARENT0048,PMID_9986715,ASSY_CHEMBL744006,binding_cooperativity,binding/cooperativity,Cooperativity,=,1.19,,,,Homo sapiens,EXPLORATORY,auxiliary,auxiliary,,,cat=binding_cooperativity; standard_type=Cooperativity; source_kind=primary_article; legacy potency_nM treated as generic endpoint value (not potency)
ACT_921727,CM00237,PARENT0048,PMID_9986715,ASSY_CHEMBL744007,binding_cooperativity,binding/cooperativity,Cooperativity,=,2.0,,,,Homo sapiens,EXPLORATORY,auxiliary,auxiliary,,,cat=binding_cooperativity; standard_type=Cooperativity; source_kind=primary_article; legacy potency_nM treated as generic endpoint value (not potency)
ACT_922955,CM00399,PARENT0049,PMID_9986715,ASSY_CHEMBL744006,binding_cooperativity,binding/cooperativity,Cooperativity,=,2.0,,,,Homo sapiens,EXPLORATORY,auxiliary,auxiliary,,,cat=binding_cooperativity; standard_type=Cooperativity; source_kind=primary_article; legacy potency_nM treated as generic endpoint value (not potency)
ACT_922959,CM00399,PARENT0049,PMID_9986715,ASSY_CHEMBL744007,binding_cooperativity,binding/cooperativity,Cooperativity,<,0.2,,,,Homo sapiens,EXPLORATORY,auxiliary,auxiliary,,,cat=binding_cooperativity; standard_type=Cooperativity; source_kind=primary_article; legacy potency_nM treated as generic endpoint value (not potency); censored endpoint bound; relation preserved
ACT_924224,CM00087,PARENT0050,PMID_9986715,ASSY_CHEMBL744006,binding_cooperativity,binding/cooperativity,Cooperativity,=,2.0,,,,Homo sapiens,EXPLORATORY,auxiliary,auxiliary,,,cat=binding_cooperativity; standard_type=Cooperativity; source_kind=primary_article; legacy potency_nM treated as generic endpoint value (not potency)
ACT_924228,CM00087,PARENT0050,PMID_9986715,ASSY_CHEMBL744007,binding_cooperativity,binding/cooperativity,Cooperativity,=,0.8,,,,Homo sapiens,EXPLORATORY,auxiliary,auxiliary,,,cat=binding_cooperativity; standard_type=Cooperativity; source_kind=primary_article; legacy potency_nM treated as generic endpoint value (not potency)
ACT_925742,CM00783,PARENT0051,PMID_9986715,ASSY_CHEMBL744006,binding_cooperativity,binding/cooperativity,Cooperativity,=,1.19,,,,Homo sapiens,EXPLORATORY,auxiliary,auxiliary,,,cat=binding_cooperativity; standard_type=Cooperativity; source_kind=primary_article; legacy potency_nM treated as generic endpoint value (not potency)
ACT_925747,CM00783,PARENT0051,PMID_9986715,ASSY_CHEMBL744007,binding_cooperativity,binding/cooperativity,Cooperativity,=,0.8,,,,Homo sapiens,EXPLORATORY,auxiliary,auxiliary,,,cat=binding_cooperativity; standard_type=Cooperativity; source_kind=primary_article; legacy potency_nM treated as generic endpoint value (not potency)
ACT_929785,CM00824,PARENT0052,PMID_9986715,ASSY_CHEMBL744006,binding_cooperativity,binding/cooperativity,Cooperativity,=,2.0,,,,Homo sapiens,EXPLORATORY,auxiliary,auxiliary,,,cat=binding_cooperativity; standard_type=Cooperativity; source_kind=primary_article; legacy potency_nM treated as generic endpoint value (not potency)
ACT_929790,CM00824,PARENT0052,PMID_9986715,ASSY_CHEMBL744007,binding_cooperativity,binding/cooperativity,Cooperativity,=,0.8,,,,Homo sapiens,EXPLORATORY,auxiliary,auxiliary,,,cat=binding_cooperativity; standard_type=Cooperativity; source_kind=primary_article; legacy potency_nM treated as generic endpoint value (not potency)
ACT_929840,CM00610,PARENT0053,PMID_9986715,ASSY_CHEMBL744006,binding_cooperativity,binding/cooperativity,Cooperativity,=,0.8,,,,Homo sapiens,EXPLORATORY,auxiliary,auxiliary,,,cat=binding_cooperativity; standard_type=Cooperativity; source_kind=primary_article; legacy potency_nM treated as generic endpoint value (not potency)
ACT_929845,CM00610,PARENT0053,PMID_9986715,ASSY_CHEMBL744007,binding_cooperativity,binding/cooperativity,Cooperativity,=,0.8,,,,Homo sapiens,EXPLORATORY,auxiliary,auxiliary,,,cat=binding_cooperativity; standard_type=Cooperativity; source_kind=primary_article; legacy potency_nM treated as generic endpoint value (not potency)
ACT_936917,CM00129,PARENT0054,PMID_9986715,ASSY_CHEMBL744006,binding_cooperativity,binding/cooperativity,Cooperativity,>,2.0,,,,Homo sapiens,EXPLORATORY,auxiliary,auxiliary,,,cat=binding_cooperativity; standard_type=Cooperativity; source_kind=primary_article; legacy potency_nM treated as generic endpoint value (not potency); censored endpoint bound; relation preserved
ACT_936921,CM00129,PARENT0054,PMID_9986715,ASSY_CHEMBL744007,binding_cooperativity,binding/cooperativity,Cooperativity,<,0.2,,,,Homo sapiens,EXPLORATORY,auxiliary,auxiliary,,,cat=binding_cooperativity; standard_type=Cooperativity; source_kind=primary_article; legacy potency_nM treated as generic endpoint value (not potency); censored endpoint bound; relation preserved
ACT_936933,CM00784,PARENT0055,PMID_9986715,ASSY_CHEMBL744006,binding_cooperativity,binding/cooperativity,Cooperativity,=,2.0,,,,Homo sapiens,EXPLORATORY,auxiliary,auxiliary,,,cat=binding_cooperativity; standard_type=Cooperativity; source_kind=primary_article; legacy potency_nM treated as generic endpoint value (not potency)
ACT_936937,CM00784,PARENT0055,PMID_9986715,ASSY_CHEMBL744007,binding_cooperativity,binding/cooperativity,Cooperativity,=,0.8,,,,Homo sapiens,EXPLORATORY,auxiliary,auxiliary,,,cat=binding_cooperativity; standard_type=Cooperativity; source_kind=primary_article; legacy potency_nM treated as generic endpoint value (not potency)
ACT_942206,CM00001,PARENT0056,PMID_9986715,ASSY_CHEMBL744006,binding_cooperativity,binding/cooperativity,Cooperativity,=,0.8,,,,Homo sapiens,EXPLORATORY,auxiliary,auxiliary,,,cat=binding_cooperativity; standard_type=Cooperativity; source_kind=primary_article; legacy potency_nM treated as generic endpoint value (not potency)
ACT_942210,CM00001,PARENT0056,PMID_9986715,ASSY_CHEMBL744007,binding_cooperativity,binding/cooperativity,Cooperativity,<,0.2,,,,Homo sapiens,EXPLORATORY,auxiliary,auxiliary,,,cat=binding_cooperativity; standard_type=Cooperativity; source_kind=primary_article; legacy potency_nM treated as generic endpoint value (not potency); censored endpoint bound; relation preserved
ACT_942224,CM00193,PARENT0057,PMID_9986715,ASSY_CHEMBL744006,binding_cooperativity,binding/cooperativity,Cooperativity,=,1.19,,,,Homo sapiens,EXPLORATORY,auxiliary,auxiliary,,,cat=binding_cooperativity; standard_type=Cooperativity; source_kind=primary_article; legacy potency_nM treated as generic endpoint value (not potency)
ACT_942229,CM00193,PARENT0057,PMID_9986715,ASSY_CHEMBL744007,binding_cooperativity,binding/cooperativity,Cooperativity,=,1.19,,,,Homo sapiens,EXPLORATORY,auxiliary,auxiliary,,,cat=binding_cooperativity; standard_type=Cooperativity; source_kind=primary_article; legacy potency_nM treated as generic endpoint value (not potency)
ACT_943478,CM00371,PARENT0058,PMID_9986715,ASSY_CHEMBL744006,binding_cooperativity,binding/cooperativity,Cooperativity,>,2.0,,,,Homo sapiens,EXPLORATORY,auxiliary,auxiliary,,,cat=binding_cooperativity; standard_type=Cooperativity; source_kind=primary_article; legacy potency_nM treated as generic endpoint value (not potency); censored endpoint bound; relation preserved
ACT_943482,CM00371,PARENT0058,PMID_9986715,ASSY_CHEMBL744007,binding_cooperativity,binding/cooperativity,Cooperativity,=,0.8,,,,Homo sapiens,EXPLORATORY,auxiliary,auxiliary,,,cat=binding_cooperativity; standard_type=Cooperativity; source_kind=primary_article; legacy potency_nM treated as generic endpoint value (not potency)
ACT_944831,CM00569,PARENT0059,PMID_9986715,ASSY_CHEMBL744006,binding_cooperativity,binding/cooperativity,Cooperativity,>,2.0,,,,Homo sapiens,EXPLORATORY,auxiliary,auxiliary,,,cat=binding_cooperativity; standard_type=Cooperativity; source_kind=primary_article; legacy potency_nM treated as generic endpoint value (not potency); censored endpoint bound; relation preserved
ACT_944835,CM00569,PARENT0059,PMID_9986715,ASSY_CHEMBL744007,binding_cooperativity,binding/cooperativity,Cooperativity,=,0.8,,,,Homo sapiens,EXPLORATORY,auxiliary,auxiliary,,,cat=binding_cooperativity; standard_type=Cooperativity; source_kind=primary_article; legacy potency_nM treated as generic endpoint value (not potency)
ACT_946156,CM00417,PARENT0060,PMID_9986715,ASSY_CHEMBL744006,binding_cooperativity,binding/cooperativity,Cooperativity,=,2.0,,,,Homo sapiens,EXPLORATORY,auxiliary,auxiliary,,,cat=binding_cooperativity; standard_type=Cooperativity; source_kind=primary_article; legacy potency_nM treated as generic endpoint value (not potency)
ACT_946160,CM00417,PARENT0060,PMID_9986715,ASSY_CHEMBL744007,binding_cooperativity,binding/cooperativity,Cooperativity,<,0.2,,,,Homo sapiens,EXPLORATORY,auxiliary,auxiliary,,,cat=binding_cooperativity; standard_type=Cooperativity; source_kind=primary_article; legacy potency_nM treated as generic endpoint value (not potency); censored endpoint bound; relation preserved
