#"Step","Time (ps)","Potential Energy (kJ/mole)","Kinetic Energy (kJ/mole)","Temperature (K)","Box Volume (nm^3)","Density (g/mL)","Speed (ns/day)","Time Remaining"
5000,14.000000000001178,-802165.0825015064,208214.3816050184,301.5798167020975,740.7879566374875,1.0151838399232564,0,--
10000,23.99999999999741,-804099.3323612018,205799.79378715125,298.0825032796997,735.6679030481739,1.0222492503372158,363,39:33
15000,33.99999999999542,-805488.8162550074,206702.8898006205,299.39055668171255,732.0857336523585,1.0272512191109882,367,39:04
20000,44.00000000000764,-805387.1353892391,206509.23495658115,299.11006504651107,733.18547000438,1.0257104009216857,369,38:49
25000,54.00000000001986,-806467.8006239599,207765.92334035388,300.9302652147626,731.5516957068262,1.028001119813589,370,38:44
30000,64.00000000003207,-807882.8476082669,207805.42991857434,300.98748694232245,731.0542878584292,1.0287005696816067,369,38:49
35000,74.00000000000877,-807804.3708068565,207204.29401157226,300.1167956132737,730.5187732269468,1.0294546696810432,367,38:55
40000,83.99999999998546,-808173.3168696081,208057.09089408244,301.35199524515804,731.8509141221537,1.0275808199135823,367,38:52
45000,93.99999999996216,-807571.2693788167,207969.2140759995,301.22471357284735,730.5693685870638,1.0293833751100192,368,38:44
50000,103.99999999993885,-807642.5751607851,207627.59639233683,300.7299110638803,730.2910211069611,1.0297757204357048,369,38:39
55000,113.99999999991554,-807149.6986563862,207801.0882371419,300.9811984070134,730.8986531036777,1.0289196172338153,362,39:19
60000,123.99999999989224,-808880.5446584951,208073.44221191213,301.3756786593194,731.1691803649785,1.0285389244835959,363,39:13
65000,133.99999999991155,-808304.0700263171,207508.9587715581,300.5580751337557,729.8625003389939,1.0303803278547052,364,39:05
70000,143.9999999999593,-806759.5143252248,206829.52925333532,299.57398254616334,732.2050863189659,1.0270837726201518,364,38:58
75000,154.00000000000705,-807662.4069548533,206860.6318343989,299.61903183922277,729.9671274055784,1.0302326422026773,365,38:52
80000,164.0000000000548,-807842.1915706047,207135.7880652761,300.017570907623,730.8338282942753,1.02901088219104,365,38:47
85000,174.00000000010255,-810769.5480998843,207628.81287087942,300.73167302370786,729.5891476528126,1.0307663769500262,366,38:43
90000,184.0000000001503,-807506.1831477666,207363.94179520843,300.3480310781573,729.8469623322296,1.0304022640376727,366,38:36
95000,194.00000000019804,-807748.0314240358,206638.1447454574,299.29677928882575,731.6220060245088,1.0279023268785532,366,38:33
100000,204.0000000002458,-807965.2602734962,207098.8759957008,299.96410709263193,730.3800752971791,1.029650161365857,367,38:29
105000,214.00000000029354,-809492.1235104199,206934.41690560506,299.72590288279906,730.5966644440473,1.0293449162684234,364,38:46
110000,224.0000000003413,-809585.6995091466,206385.7653101371,298.93123036152997,728.4254845135745,1.0324130310876471,364,38:42
115000,234.00000000038904,-806678.4004498748,206008.73026349166,298.3851289857215,730.5175758780539,1.029456357000349,364,38:37
120000,244.00000000043678,-809471.0213057138,207543.8819120829,300.6086581637892,726.6775575933682,1.0348963643225229,365,38:32
125000,254.00000000048453,-809413.8579845773,208097.71656469206,301.4108378774556,726.5267656877062,1.0351111588797353,365,38:27
130000,264.0000000005323,-808963.9015064514,206880.3254648348,299.64755629277533,728.1168269731997,1.0328506834739422,365,38:22
135000,274.00000000058003,-808428.7173120677,208218.45444436918,301.58571584381576,730.1000144564078,1.0300451273762428,366,38:19
140000,284.0000000006278,-809718.0568022351,207948.19987978984,301.19427639846873,731.6689870479083,1.0278363244865885,366,38:15
145000,294.0000000006755,-809485.1595781161,208269.74273372628,301.66000232097474,727.7271392193558,1.0334037606387307,366,38:11
150000,304.0000000007233,-807983.5158102168,207681.64072396362,300.80818942054407,729.8943655858503,1.0303353441898746,366,38:08
155000,314.000000000771,-808995.4906117837,206653.1575501083,299.3185239869581,727.4670186527889,1.0337732750838082,364,38:19
160000,324.0000000008188,-807235.2758456585,206385.91345406108,298.93144493468816,728.9900860100245,1.0316134290717993,364,38:14
165000,334.0000000008665,-808377.786742324,208125.047471271,301.4504242390356,728.7505712865541,1.0319524841819125,365,38:10
170000,344.00000000091427,-809944.6574367741,206174.14778907667,298.624721403213,728.8370280338135,1.031830071006296,365,38:05
175000,354.000000000962,-808880.5980901252,207835.97380540342,301.03172701700066,728.7771521189777,1.0319148455759661,365,38:03
180000,364.00000000100977,-809832.7137072459,206938.91393809463,299.7324164301508,728.5719430694014,1.032205493969332,365,38:00
185000,374.0000000010575,-808262.2964953333,208529.17867904383,302.03577196873727,728.6612228364359,1.0320790222110645,365,37:56
190000,384.00000000110526,-809507.402293731,207769.14621678033,300.9349332615826,730.7036191017261,1.0291942488428425,366,37:52
195000,394.000000001153,-809128.5289162537,206412.71233866393,298.97026071025584,727.8266619916697,1.0332624533569983,366,37:48
200000,404.00000000120076,-809737.7997891358,206463.16483442346,299.0433366155128,729.1256446294138,1.0314216320979601,366,37:45
205000,414.0000000012485,-809210.5254542399,207256.59439232294,300.1925480138459,728.3158474594148,1.0325684454230613,364,37:53
210000,424.00000000129626,-808317.2258033049,207321.4878500568,300.28654035451746,729.2298661656243,1.0312742213130135,365,37:49
215000,434.000000001344,-808993.8186109406,206120.1606704205,298.54652591439475,728.1366010601744,1.0328226342326086,365,37:45
220000,444.00000000139175,-807745.2730666306,207144.05946646165,300.02955128877716,729.4384444053452,1.030979335070863,365,37:42
225000,454.0000000014395,-809653.2550823335,205991.37429878538,298.35999043086065,728.4891140204569,1.0323228555025865,365,37:39
230000,464.00000000148725,-807893.0133973206,207348.73599326095,300.3260068407882,729.1934718529318,1.031325692586319,365,37:35
235000,474.000000001535,-809454.6189190312,207131.98645926488,300.01206462301764,727.8799496435013,1.0331868088363707,365,37:33
240000,484.00000000158275,-808782.1420909534,207388.65381090814,300.38382421169405,729.7755567217949,1.0305030847653323,366,37:29
245000,494.0000000016305,-810388.8184915306,206949.91431579646,299.74834948849866,727.460288433091,1.033782839208984,366,37:25
250000,504.00000000167825,-810244.284033637,207097.06526622034,299.9614844137343,729.3547338958978,1.0310976640558651,366,37:23
255000,514.0000000016692,-808348.5627551847,207498.61663357142,300.5430954764703,728.2388359070382,1.0326776399551247,365,37:28
260000,524.0000000014327,-809233.7487986945,207219.6294206563,300.1390075749306,728.8435891214328,1.0318207824187233,365,37:24
265000,534.0000000011962,-810279.084686128,208418.77768602286,301.8758660535822,728.4208929118148,1.0324195389041257,365,37:21
270000,544.0000000009597,-808616.7881122036,208522.7201224889,302.0264173300856,729.8260975850302,1.0304317218534782,365,37:17
275000,554.0000000007233,-808121.5800629128,206950.41831941495,299.7490794924384,729.7269390316762,1.0305717415148117,365,37:14
280000,564.0000000004868,-809598.9843846383,207431.54688351517,300.44595097198265,729.2090512885999,1.03130365847655,365,37:11
285000,574.0000000002503,-808511.213308251,208579.39430416707,302.10850478816843,730.1999427804592,1.029904165049015,366,37:08
290000,584.0000000000139,-809121.1022494263,206891.0191030163,299.6630450664988,730.3147331876783,1.0297422853646405,366,37:04
295000,593.9999999997774,-808011.094704608,207519.1767177806,300.5728749104334,730.7252869065563,1.0291637306980403,366,37:01
300000,603.9999999995409,-809291.8138067732,206369.8903408416,298.9082368954044,730.1096412526375,1.0300315458071356,366,37:00
305000,613.9999999993045,-808920.1722825207,207164.59679263475,300.05929775977063,729.2860884911424,1.0311947180345553,364,37:08
310000,623.999999999068,-810240.2115749707,207690.7170354574,300.82133564193146,729.8200707140936,1.0304402311823468,364,37:05
315000,633.9999999988315,-808576.1245724033,207532.82964120412,300.5926499428389,731.5022662818795,1.0280705844024758,364,37:02
320000,643.9999999985951,-809949.3801474031,207473.45049854723,300.50664459190995,729.2322560702465,1.031270841529676,364,36:59
325000,653.9999999983586,-808717.9071056014,208675.41988102306,302.2475892051222,731.2023361389348,1.0284922862243893,365,36:55
330000,663.9999999981221,-810934.1476027444,206413.4981886543,298.9713989433319,728.2566844933064,1.0326523304230097,365,36:52
335000,673.9999999978857,-809685.744126189,206065.72454050224,298.46768007312204,728.8335736957879,1.031834961409234,365,36:49
340000,683.9999999976492,-807469.1082538427,206930.79217782017,299.7206527904061,729.8773333974136,1.0303593877721757,365,36:46
345000,693.9999999974127,-808642.3702596808,208157.42766816844,301.49732404379375,729.5582719851783,1.0308100000590847,365,36:44
350000,703.9999999971762,-807962.9278408606,207633.31519552314,300.73819423626924,728.846703898493,1.0318163728608751,365,36:41
355000,713.9999999969398,-808511.811767539,207024.61111319612,299.85654108551694,727.4457065452515,1.0338035617251473,364,36:47
360000,723.9999999967033,-810417.7370186397,206682.63039099606,299.3612127478597,729.4749633062172,1.0309277222890232,363,36:45
365000,733.9999999964668,-809947.1788482335,206299.01060280704,298.80557396578547,729.4388449711481,1.0309787689163896,363,36:43
370000,743.9999999962304,-808299.6538186744,208189.62490092457,301.54395884143867,729.7201587346565,1.0305813172164338,363,36:41
375000,753.9999999959939,-811126.9706108007,207589.8431856421,300.6752289373761,727.1813527961127,1.0341793824834276,364,36:37
380000,763.9999999957574,-810332.2949782414,209154.41843390482,302.9413755548696,728.1018395766721,1.0328719438827278,364,36:34
385000,773.999999995521,-808983.0844177357,207525.28331449832,300.58171976689636,729.7093006681301,1.0305966522553225,364,36:31
390000,783.9999999952845,-809360.4253506144,207102.55862488732,299.96944105000074,729.7113404005701,1.030593771470404,364,36:28
395000,793.999999995048,-808814.957005566,206710.54062600876,299.4016382146039,729.7389000759313,1.0305548495631738,364,36:25
400000,803.9999999948116,-807494.1720679561,207885.0797913439,301.10285262381393,728.9715184608473,1.0316397051780548,364,36:22
405000,813.9999999945751,-810730.0897240834,206525.74120087124,299.13397285772504,727.6350948342949,1.0335344841488292,364,36:23
410000,823.9999999943386,-809582.1120624864,207490.79267768216,300.5317631796098,727.9030653730895,1.0331539983317537,364,36:20
415000,833.9999999941022,-808387.1204129923,207397.78687357128,300.3970526320493,729.0595136625955,1.0315151894940984,364,36:17
420000,843.9999999938657,-808505.3854879886,206705.88083766098,299.3948889300206,729.706774790029,1.030600219662951,364,36:14
425000,853.9999999936292,-809979.9931370979,206191.02993828617,298.6491736789151,728.9665106850775,1.031646792225598,364,36:11
430000,863.9999999933927,-808658.1767430161,207992.90166523927,301.259022916736,729.3134860442419,1.0311559799437564,364,36:08
435000,873.9999999931563,-809981.0017279079,207422.7860403728,300.43326167814683,729.3675486798347,1.0310795479581492,364,36:05
440000,883.9999999929198,-810228.8161618817,207367.9949522975,300.35390171188857,728.6497405335169,1.0320952860526746,364,36:02
445000,893.9999999926833,-807701.0041612927,208018.53581128106,301.29615167318883,731.339969563085,1.028298730667526,364,35:59
450000,903.9999999924469,-808862.9117380129,206907.57296312152,299.6870218449411,729.1675690829155,1.0313623291474603,364,35:57
455000,913.9999999922104,-808732.0771560534,206971.70824842787,299.77991604099867,729.0732491388326,1.0314957561211275,364,35:59
460000,923.9999999919739,-807999.5568804638,207468.15508579795,300.4989746625132,731.621252789277,1.0279033851477661,364,35:56
465000,933.9999999917375,-808761.4590194677,207429.96594861304,300.443661129877,729.4685044203927,1.0309368503657137,364,35:53
470000,943.999999991501,-809816.261666399,207483.66174338263,300.5214346622308,728.4746548270181,1.0323433456538365,364,35:50
475000,953.9999999912645,-807936.0204657367,207435.49535531984,300.451669978489,730.0090401482105,1.0301734924206758,364,35:47
480000,963.9999999910281,-809539.3516860404,207446.2266992277,300.467213365568,728.2220368661738,1.0327014623513102,364,35:44
485000,973.9999999907916,-809690.5567809101,206973.59846092376,299.78265384389994,728.7611047567159,1.031937568401378,364,35:41
490000,983.9999999905551,-809542.2522002519,207567.14835592857,300.6423575164285,729.259259843802,1.031232654555835,364,35:39
495000,993.9999999903187,-809301.6593879936,208525.41060927053,302.0303142583582,727.8493988331509,1.0332301759042064,364,35:36
500000,1003.9999999900822,-810556.8579362207,206771.92667647364,299.49055039110465,726.861636135485,1.0346342756325773,365,35:32
505000,1013.9999999898457,-810208.9852930629,207639.64779895474,300.7473664431429,729.4339179036359,1.0309857328124648,364,35:34
510000,1023.9999999896093,-808752.7581044091,207937.9595631568,301.179444220262,730.2857290120637,1.0297831828173714,364,35:31
515000,1033.9999999893728,-809084.9874166558,206766.17628422414,299.4822214647971,730.4447089597484,1.0295590524013074,364,35:27
520000,1043.9999999891363,-809467.0164757427,206145.2503689772,298.5828660876023,729.9583844108936,1.030244981698609,364,35:25
525000,1053.9999999888998,-808390.8874417301,208608.60559302825,302.15081471446877,728.8260063822562,1.0318456748286202,364,35:22
530000,1063.9999999886634,-809561.6070803134,207828.72770254067,301.02123168830957,728.201979281764,1.0327299070649205,364,35:19
535000,1073.999999988427,-809372.4308343097,207294.47030760703,300.24740787271224,727.1339138153972,1.034246853433207,364,35:16
540000,1083.9999999881904,-806593.8325660722,207572.8268847926,300.65058235508155,729.0962103644275,1.0314632715101533,365,35:14
545000,1093.999999987954,-808371.8541971482,207729.5249774861,300.87754545776346,726.9981409679617,1.0344400074900455,364,35:12
550000,1103.9999999877175,-809115.5781990113,207559.68613896144,300.63154916588235,726.1607297557277,1.03563292749406,364,35:10
555000,1113.999999987481,-807793.2472013207,207792.16337140475,300.96827154119194,726.1398736710421,1.0356626727935847,364,35:10
560000,1123.9999999872446,-809864.341588458,207346.9541462366,300.3234259955322,728.3587745442412,1.032507589214837,364,35:07
565000,1133.999999987008,-809041.6820824826,209245.92332062087,303.07391215849157,729.8698964445996,1.0303698865394022,364,35:04
570000,1143.9999999867716,-809828.6970872865,206830.80739366155,299.5758338175421,728.3126150136849,1.0325730282373546,364,35:02
575000,1153.9999999865352,-808907.2115356652,206723.66971725578,299.42065452318553,726.7514849656159,1.0347910915155925,364,34:59
580000,1163.9999999862987,-807921.8129532244,207157.52891994856,300.04906058147037,728.8990825610915,1.0317422265723823,364,34:56
585000,1173.9999999860622,-809700.1052185232,206752.50701273038,299.4624227536813,727.5246012387574,1.03369145333045,364,34:53
590000,1183.9999999858258,-809080.7361698239,207071.68978465575,299.924730309527,727.7974117893739,1.0333039802095205,364,34:51
595000,1193.9999999855893,-807480.8289448777,205876.5924190854,298.1937391951208,730.8848358534657,1.0289390687795337,364,34:48
600000,1203.9999999853528,-809292.328342976,207444.21175194142,300.46429489553447,728.3764668840882,1.0324825094985177,364,34:46
605000,1213.9999999851163,-810837.5481434623,206897.29610464562,299.67213673915955,727.7548247587956,1.0333644474805088,364,34:46
610000,1223.9999999848799,-809670.72789917,206262.47088247514,298.7526494652054,728.0033774797207,1.0330116393025883,364,34:43
615000,1233.9999999846434,-810632.032048041,207998.97343667195,301.2678173319037,729.9391370968489,1.0302721475918981,364,34:41
620000,1243.999999984407,-809816.2698831442,206871.2124390817,299.6343568940832,726.8545222306027,1.0346444018539869,364,34:38
625000,1253.9999999841705,-809833.3883983921,208503.13167515903,301.9980452248079,728.5533746923242,1.0322318014184482,364,34:35
630000,1263.999999983934,-808659.9302940168,207601.14708446234,300.69160161878244,729.1824693065229,1.031341254135414,364,34:32
635000,1273.9999999836975,-810202.2346166302,206204.63037879864,298.66887269454116,728.5351047131211,1.032257687409971,364,34:29
640000,1283.999999983461,-810672.3333374625,207957.7236992186,301.20807079487633,728.5350303663353,1.0322577927515646,365,34:26
645000,1293.9999999832246,-810596.527667454,206596.6756809936,299.23671507633765,729.5901508254917,1.0307649596657238,365,34:23
650000,1303.9999999829881,-808383.2437459491,207036.56537543263,299.87385575987474,727.9045647361451,1.0331518702053333,365,34:21
655000,1313.9999999827517,-809637.2137839212,207462.74334896187,300.4911362481324,728.0474487779647,1.0329491074385984,364,34:21
660000,1323.9999999825152,-810432.368115202,208118.96785967913,301.44161846810204,726.787508457417,1.0347398017122218,364,34:18
665000,1333.9999999822787,-809265.1879776777,207088.23886095994,299.94870015906343,730.6674322659363,1.0292452204362568,364,34:15
670000,1343.9999999820423,-810682.8817242524,207174.54751745652,300.07371049026824,728.8482840354798,1.0318141358916046,365,34:12
675000,1353.9999999818058,-810008.2037093947,206344.89616923686,298.8720350844004,728.9949504680412,1.0316065452926841,365,34:09
680000,1363.9999999815693,-806917.6646530642,207286.12500035492,300.23532044526365,731.5907551381908,1.0279462351135022,365,34:06
685000,1373.9999999813328,-809672.403850229,207637.40934815403,300.744124248358,727.9075210345779,1.0331476741980568,365,34:04
690000,1383.9999999810964,-809236.1033915267,206730.30726537743,299.43026841503325,728.5352081612592,1.0322575408348504,365,34:01
695000,1393.99999998086,-810778.7231352604,206296.55406777398,298.80201589559226,729.4485599993549,1.0309650380128415,365,33:58
700000,1403.9999999806234,-810419.1192676299,207827.15401021676,301.0189523364275,725.8744462373269,1.036041379175741,365,33:55
705000,1413.999999980387,-811348.4502538061,206953.33342552642,299.75330176162066,727.683358787848,1.033465934470269,365,33:55
710000,1423.9999999801505,-809930.895666643,206154.3860133492,298.5960982473308,727.103546684323,1.034290048257252,365,33:53
715000,1433.999999979914,-809310.1966360398,207422.55922030937,300.43293314967235,727.4376926550092,1.033814950725689,365,33:50
720000,1443.9999999796776,-810441.548535997,205243.91364884673,297.27736086385914,726.9349464242496,1.0345299343323198,365,33:47
725000,1453.999999979441,-810944.816145312,207819.89235039,301.00843447487233,725.5558762358567,1.0364962741252512,365,33:45
730000,1463.9999999792046,-808875.8391915546,207563.44937407115,300.63699987368574,726.9043107697377,1.0345735349839886,365,33:42
735000,1473.9999999789682,-811245.1097397855,206441.58266096486,299.012076777141,725.4996062532309,1.0365766651093868,365,33:39
740000,1483.9999999787317,-810627.4478709898,206776.19258463377,299.4967291756396,727.7412405326567,1.033383736556841,365,33:36
745000,1493.9999999784952,-808704.901827103,206084.78594148275,298.49528879913544,729.107728832082,1.0314469764197849,365,33:33
750000,1503.9999999782588,-810129.0911153941,207558.9271789298,300.63044988049455,729.8910525993307,1.0303400208975748,365,33:31
755000,1513.9999999780223,-809673.00680664,206881.66850695247,299.64950156856537,729.0328056816545,1.0315529788607862,365,33:31
760000,1523.9999999777858,-809697.9734375612,207690.7177443576,300.8213366687097,727.1335580561168,1.0342473594515476,365,33:28
765000,1533.9999999775494,-810873.6258920277,207942.35738211643,301.1858140657334,728.3899838670603,1.0324633493661586,365,33:25
770000,1543.9999999773129,-811077.7428634204,207243.5721507994,300.1736864674847,727.5673182863993,1.0336307630740997,365,33:23
775000,1553.9999999770764,-809357.0305304308,207507.25586160476,300.5556086217519,727.2773314465616,1.0340429020279522,365,33:20
780000,1563.99999997684,-807946.0536734364,206942.99192878953,299.738323033128,730.4992024228832,1.0294822498010021,365,33:17
785000,1573.9999999766035,-808935.7579785879,206752.98846950222,299.4631201005403,729.827465974092,1.0304297898468564,365,33:14
790000,1583.999999976367,-808761.6146488916,207999.7351921609,301.26892066626016,729.049379842478,1.031529527602967,365,33:12
795000,1593.9999999761305,-810706.00279119,207860.1719668404,301.06677587882484,728.6070102724981,1.0321558148430208,365,33:09
800000,1603.999999975894,-811894.6584962518,206550.7577104471,299.1702070232723,728.5382600782185,1.0322532166085636,365,33:06
805000,1613.9999999756576,-811385.7557523549,208135.15158144693,301.4650591344319,727.8332698260572,1.03325307259982,365,33:06
810000,1623.9999999754211,-809329.5614598203,208497.0582106611,301.9892483573874,728.8351929252073,1.0318326690150936,365,33:03
815000,1633.9999999751847,-809745.0831403751,207323.70037293126,300.2897449950317,728.8683374142468,1.0317857475550256,365,33:00
820000,1643.9999999749482,-809438.8297111192,208261.2856528592,301.64775299949144,729.2317638302878,1.0312715376495403,365,32:58
825000,1653.9999999747117,-809473.562747553,207392.157591148,300.38889912243917,729.035589482945,1.031549039905603,365,32:55
830000,1663.9999999744753,-809109.9732503365,207289.84496835212,300.2407084845435,728.2808458494867,1.0326180712757207,365,32:53
835000,1673.9999999742388,-809717.8593350006,207693.81926862488,300.8258289478348,727.8313106957218,1.0332558538451564,365,32:50
840000,1683.9999999740023,-809329.6979784458,207000.82962064134,299.8220957311169,728.7231323871434,1.0319913406956578,365,32:47
845000,1693.9999999737659,-811065.3812213046,206422.48953370666,298.984422098466,728.2755613596961,1.032625564125879,365,32:45
850000,1703.9999999735294,-810276.5353223747,207692.6827498072,300.8241828024817,726.3054021906916,1.0354266402533245,365,32:42
855000,1713.999999973293,-810121.4181398004,207315.6907962922,300.2781438431994,727.1408522916704,1.034236984509971,365,32:41
860000,1723.9999999730564,-811026.2475066716,206744.28073315782,299.4505077271279,729.3555099459487,1.0310965669456307,365,32:39
865000,1733.99999997282,-809747.1631288338,206456.02776671684,299.032999214445,725.5662981955196,1.0364813859994018,365,32:36
870000,1743.9999999725835,-810398.7383916411,204707.31742983923,296.5001494718127,729.037811229522,1.0315458962544601,365,32:34
875000,1753.999999972347,-810427.5987191475,207091.66070824332,299.95365639728556,729.1585813353935,1.0313750419159242,365,32:31
880000,1763.9999999721106,-810173.499306933,206615.883842865,299.26453637231015,729.5056656465997,1.0308843341491774,365,32:28
885000,1773.999999971874,-809571.6065712795,207440.94577942224,300.4595644278977,729.3134126545561,1.031156083707395,365,32:26
890000,1783.9999999716376,-809765.4616188323,208063.55935142137,301.3613642242054,728.642053931101,1.0321061738487831,365,32:23
895000,1793.9999999714012,-809313.7990898588,207238.85822961782,300.16685877635723,728.1072811811052,1.032864224579963,365,32:21
900000,1803.9999999711647,-809775.7965251454,207047.42524635338,299.8895853067794,727.6559663817101,1.0335048390074604,365,32:18
905000,1813.9999999709282,-808216.5561954435,206943.32093077622,299.7387995629338,728.0071688665993,1.0330062594836222,365,32:17
910000,1823.9999999706918,-810252.9330034838,206837.15164874238,299.5850229007823,727.4374044711258,1.0338153602850622,365,32:15
915000,1833.9999999704553,-809626.1295310184,207469.08332982264,300.5003191405491,726.3333134478254,1.0353868512767428,365,32:12
920000,1843.9999999702188,-808273.5655903113,207821.8250931079,301.01123387897746,728.8314950153498,1.0318379042775985,365,32:10
925000,1853.9999999699824,-811166.6262287786,207909.11487683875,301.1376652847938,726.5404255359974,1.035091697524389,365,32:07
930000,1863.9999999697459,-809543.7245788071,207050.73239615245,299.89437541600495,729.497249814529,1.0308962269279955,365,32:05
935000,1873.9999999695094,-809351.6720673777,205877.56208552394,298.19514366979996,730.000404262856,1.0301856793456745,365,32:02
940000,1883.999999969273,-810671.1003697896,207464.60581276278,300.4938338595431,727.5967386230504,1.0335889682674324,365,32:00
945000,1893.9999999690365,-809376.1941706263,207859.26138783796,301.06545698698596,729.4989761336178,1.0308937873689374,365,31:57
950000,1903.9999999688,-810170.844535199,208173.86885335846,301.521137622749,729.0742925784431,1.0314942798606959,365,31:55
955000,1913.9999999685635,-810381.468744691,208038.8226474973,301.32553533199473,728.3370809540804,1.0325383425529053,365,31:54
960000,1923.999999968327,-809168.222462974,207330.45643492468,300.29953054357014,730.345561069644,1.0296988199486503,365,31:51
965000,1933.9999999680906,-810011.4379145834,207814.110870894,301.00006052148245,728.7565152976839,1.0319440671908837,365,31:49
970000,1943.9999999678541,-810194.8845939888,208289.49666657962,301.68861411715875,728.2674306769156,1.032637092790404,365,31:46
975000,1953.9999999676177,-812169.0648853667,207280.85676218313,300.2276898757999,726.8016037475984,1.0347197343957875,365,31:44
980000,1963.9999999673812,-811216.8699242966,206953.67907539365,299.75380240438517,727.4799629457495,1.033754880812063,365,31:41
985000,1973.9999999671447,-809646.3753391639,206688.5584940602,299.36979907230904,730.0142278852484,1.030166171646672,365,31:39
990000,1983.9999999669083,-809969.4642711845,206518.6387166151,299.12368554767664,727.7992536480382,1.0333013652028695,365,31:36
995000,1993.9999999666718,-810493.6219877559,207490.4797092689,300.5313098729939,727.6720788268464,1.0334819546746667,365,31:33
1000000,2003.9999999664353,-809355.4467924386,206178.23520585764,298.63064165902864,726.9637064536817,1.034489006413779,366,31:30
1005000,2013.9999999661989,-809510.4926228519,208734.54553126878,302.33322739507844,726.9786170445369,1.034467788675104,365,31:30
1010000,2023.9999999659624,-810767.0163710709,208455.21688062546,301.928644951679,729.6787985510571,1.030639733375131,365,31:27
1015000,2033.999999965726,-810765.692129191,206837.132716748,299.58499547949015,727.032254903097,1.0343914693143605,365,31:24
1020000,2043.9999999654895,-808792.8733338416,208401.11206228315,301.8502789854446,728.0133409694424,1.0329975016484119,365,31:22
1025000,2053.999999965253,-807909.6887826854,208161.95873681788,301.5038868894638,727.9514557287538,1.0330853197281988,365,31:19
1030000,2063.9999999650167,-808685.036724715,206903.30856148616,299.68084524247195,730.6224327854638,1.0293086122760364,365,31:17
1035000,2073.9999999647803,-809568.8149739895,207644.54125863386,300.7544541796464,729.3652308839629,1.0310828245496546,365,31:14
1040000,2083.999999964544,-806897.8982696272,207420.80608207028,300.4303938865114,726.8036930596165,1.0347167599304714,366,31:12
1045000,2093.9999999643073,-808875.6862061922,206877.2705508594,299.6431315244685,729.6552243171884,1.0306730320363333,366,31:09
1050000,2103.999999964071,-808851.1965562752,207822.30543748915,301.0119296146386,729.6928885938806,1.0306198321835391,366,31:07
1055000,2113.9999999638344,-809935.3010085355,207926.92991735792,301.16346876970636,728.553580318165,1.0322315100829336,365,31:07
1060000,2123.999999963598,-810836.7041290309,207524.28607402332,300.5802753537038,728.0674042783843,1.0329207954770605,365,31:05
1065000,2133.9999999633615,-810614.1735373535,207312.71490130626,300.2738335267963,725.8066662191335,1.0361381307031077,365,31:02
1070000,2143.999999963125,-808895.9733044864,208086.88140881163,301.39514412806534,729.198764557234,1.0313182069703315,365,30:59
1075000,2153.9999999628885,-810143.9777190764,206775.31700128585,299.49546097186067,728.8524525040513,1.0318082347180786,365,30:57
1080000,2163.999999962652,-810199.2213911219,206976.41172387108,299.786728602413,727.4646057683988,1.0337767039453345,365,30:54
1085000,2173.9999999624156,-809607.7478597872,207964.89062795584,301.21845144696306,726.73976187013,1.0348077838109784,365,30:51
1090000,2183.999999962179,-810267.3261654098,206973.75884728946,299.7828861491346,728.4366189361892,1.032397250273363,365,30:49
1095000,2193.9999999619426,-811215.7898681192,207762.3523118379,300.9250929009339,727.838960290111,1.0332449943163136,365,30:46
1100000,2203.999999961706,-808972.6561544714,208234.85749891,301.60947419395296,728.3672553195919,1.0324955671684748,365,30:44
1105000,2213.9999999614697,-810403.6375744301,206745.26913076875,299.45193933222663,727.6877309567233,1.0334597250930868,365,30:43
1110000,2223.9999999612332,-809609.9474055758,208902.13627931455,302.57596752996733,729.0062135709903,1.0315906070324794,365,30:40
1115000,2233.999999960997,-811026.934065823,207044.84886439773,299.8858536490911,728.6827618593838,1.032048515144194,365,30:38
1120000,2243.9999999607603,-809499.0027644122,207524.93657122357,300.5812175404294,730.0278358929445,1.0301469689416476,365,30:35
1125000,2253.999999960524,-810175.1620166427,206925.22087306596,299.7125832562384,728.0224535842713,1.0329845716785937,365,30:33
1130000,2263.9999999602874,-809298.9501796793,207704.4818281979,300.8412727069873,728.8479905848511,1.031814551323232,365,30:30
1135000,2273.999999960051,-811003.3375368705,206733.5416752359,299.4349531669929,728.032898248636,1.032969752050015,365,30:27
1140000,2283.9999999598144,-808547.4740407537,207381.75621074758,300.37383365784245,727.6652293510289,1.0334916827877754,365,30:25
1145000,2293.999999959578,-809897.9871619167,207205.6781924604,300.118800474875,727.041164472411,1.0343787933024042,365,30:23
1150000,2303.9999999593415,-810744.5720304698,207118.74456317988,299.9928849267675,727.0745079105308,1.0343313569737864,365,30:20
1155000,2313.999999959105,-812147.7038698406,205550.757135969,297.7217960747665,727.9525708523248,1.0330837371830757,365,30:20
1160000,2323.9999999588686,-810924.1775888554,207211.21738994104,300.12682350454287,726.9795638998689,1.0344664413313955,365,30:18
1165000,2333.999999958632,-810490.5275003589,207075.5705422543,299.93035123809216,727.3353203772541,1.0339604599403776,365,30:15
1170000,2343.9999999583956,-810616.0948152151,206434.50179498148,299.0018207792176,727.654873355162,1.0335063914580358,365,30:13
1175000,2353.999999958159,-809340.0085394634,207180.89289935434,300.0829012056016,727.8837707005916,1.0331813850778802,365,30:10
1180000,2363.9999999579227,-809075.5715972837,207942.93505029156,301.18665076616213,728.0464331241498,1.0329505484438062,365,30:08
1185000,2373.999999957686,-809190.027520326,205762.5923544369,298.02862034821067,730.3651090751368,1.0296712603651788,365,30:05
1190000,2383.9999999574497,-810313.0353627503,207297.44224633023,300.2517124588244,727.1069917663017,1.0342851477212285,365,30:02
1195000,2393.9999999572133,-811961.7085749405,206524.96682236006,299.1328512400555,725.9939657345559,1.0358708169526483,365,30:00
1200000,2403.999999956977,-811439.2687429264,206720.39543217473,299.41591201555013,725.233853241828,1.036956505858783,365,29:57
1205000,2413.9999999567403,-812163.0605566851,207028.27294484517,299.86184491952207,726.5419526478372,1.0350895218746814,365,29:56
1210000,2423.999999956504,-810436.2010809383,206963.65068718593,299.76824538778214,728.148069394375,1.0328063672731298,365,29:54
1215000,2433.9999999562674,-808810.6628490207,208437.42762109765,301.9028788082152,729.5224312976102,1.0308606426953757,365,29:51
1220000,2443.999999956031,-808630.1949719302,207853.07160255802,301.056491639368,729.4261174829609,1.0309967580859412,365,29:48
1225000,2453.9999999557945,-810755.2018123614,207411.0644440108,300.4162839993955,726.4596344050476,1.0352068122877138,365,29:46
1230000,2463.999999955558,-810358.1643676399,207088.95701737684,299.9497403440829,726.4676569845117,1.035195380217981,365,29:43
1235000,2473.9999999553215,-809771.3276644847,207723.53203674167,300.8688652217621,728.1540978868572,1.0327978165207015,365,29:41
1240000,2483.999999955085,-809600.0575361736,208400.74695302575,301.84975015750257,727.3977724500578,1.0338716873645377,365,29:38
1245000,2493.9999999548486,-808661.7401111382,208388.98828564415,301.8327187847114,728.838073977193,1.0318285902441484,365,29:36
1250000,2503.999999954612,-809686.4812028897,207297.2474337538,300.25143029031784,729.2634257874055,1.0312267636021288,365,29:33
1255000,2513.9999999543757,-810500.9890813744,208378.65380928305,301.817750224602,728.1041638902806,1.032868646664508,365,29:32
1260000,2523.999999954139,-811886.1087079807,207302.70278666122,300.25933187865763,726.4367778191983,1.0352393840050325,365,29:30
1265000,2533.9999999539027,-811840.9775862228,206971.52782560122,299.7796547147513,726.4080322215256,1.0352803507530686,365,29:27
1270000,2543.9999999536662,-811246.7181296553,207761.4239982204,300.92374832209913,726.3954858015112,1.0352982322823003,365,29:25
1275000,2553.99999995343,-812156.5289765829,207988.74144504382,301.2529972117183,727.718447404977,1.0334161035354894,365,29:22
1280000,2563.9999999531933,-811466.4321875041,207052.4270528704,299.8968299739391,726.0793889458594,1.0357489467921304,365,29:19
1285000,2573.999999952957,-811026.6501833242,206564.85688572907,299.19062841138407,728.4504923228636,1.0323775882010526,365,29:17
1290000,2583.9999999527204,-812100.0113728303,207154.1127968982,300.0441126342853,726.0812662064284,1.0357462688953882,365,29:14
1295000,2593.999999952484,-808719.628822756,207628.7543544004,300.73158826784766,728.6631288766835,1.032076322494176,365,29:12
1300000,2603.9999999522474,-810079.5764416899,207391.1561260192,300.3874485902154,726.0840390159478,1.035742313530775,365,29:09
1305000,2613.999999952011,-808057.3542806902,207401.4747576607,300.40239420067263,728.2038469300793,1.0327272583886205,365,29:08
1310000,2623.9999999517745,-811064.9912541686,208619.70102985992,302.1668854574219,725.9440824700306,1.0359419968399481,365,29:06
1315000,2633.999999951538,-813375.290412752,206790.14394055383,299.5169364606921,725.5056361906073,1.0365680497491958,365,29:03
1320000,2643.9999999513016,-812096.7828012523,206493.85063377762,299.0877822377281,725.7424129420024,1.0362298647250843,365,29:00
1325000,2653.999999951065,-811843.1676323139,207917.36622761397,301.1496166247308,725.3717318546195,1.036759401231908,365,28:58
1330000,2663.9999999508286,-810146.5569001227,206664.88117558503,299.3355046046998,726.1572918075616,1.035637830636071,365,28:56
1335000,2673.999999950592,-809734.778994062,207614.81684525238,300.71140103859983,728.8707059330966,1.0317823946915177,365,28:53
1340000,2683.9999999503557,-809404.7507295273,206936.48409010802,299.7288970137456,728.8383344929691,1.0318282214276175,365,28:50
1345000,2693.999999950119,-810409.9133108286,207903.89732625405,301.13010813174395,725.9780483952163,1.0358935288064597,365,28:48
1350000,2703.9999999498827,-809904.9547846331,208414.7088002451,301.86997263825907,726.8419841119651,1.0346622496043119,365,28:45
1355000,2713.9999999496463,-810493.1126531418,205916.23438610265,298.2511570211836,725.8957806419472,1.036010929451998,365,28:44
1360000,2723.99999994941,-810211.3512112293,208407.37591885444,301.85935161867036,725.4452083499282,1.0366543933741068,365,28:41
1365000,2733.9999999491733,-810376.0977220791,207065.66919837467,299.91601003145064,728.0894978814317,1.0328894518824872,365,28:39
1370000,2743.999999948937,-809937.2946236879,207760.2301814617,300.9220191858287,726.6763560371409,1.0348980755192072,365,28:36
1375000,2753.9999999487004,-809388.0530101694,207565.56763583008,300.64006798544665,729.5065032016919,1.0308831505786131,365,28:34
1380000,2763.999999948464,-810920.1478627794,207831.77997102475,301.02565262485996,726.6766545961912,1.0348976503257121,365,28:31
1385000,2773.9999999482275,-811627.6056121029,206167.80583438766,298.61553565188353,727.4781756219649,1.0337574206197824,366,28:29
1390000,2783.999999947991,-808557.8105646013,206175.92918180706,298.6273015904651,730.7737228104535,1.0290955174139573,366,28:26
1395000,2793.9999999477545,-808445.2218836416,206733.402779785,299.4347519894167,727.6957603029289,1.0334483219678041,366,28:23
1400000,2803.999999947518,-810163.6736997585,206007.28173729754,298.38303092572806,728.6614871193074,1.0320786478797566,366,28:21
1405000,2813.9999999472816,-811384.1842913814,208816.39166776574,302.451774167171,725.7115569131408,1.0362739234675813,365,28:20
1410000,2823.999999947045,-810531.5507219168,207346.3523370484,300.3225543290158,728.016385754259,1.032993181340284,365,28:17
1415000,2833.9999999468087,-809934.0078419829,206900.7846176491,299.67718953668503,726.4797774066781,1.0351781092554253,365,28:15
1420000,2843.999999946572,-810328.2830354138,207617.25757346125,300.714936214029,728.0895780811107,1.032889338108846,365,28:12
1425000,2853.9999999463357,-812225.4154293286,206645.7355344924,299.3077738644557,727.2732275190314,1.0340487370249967,366,28:10
1430000,2863.9999999460993,-809536.5097927051,207379.14281661384,300.3700483913409,726.7689013973913,1.0347662935799453,366,28:07
1435000,2873.999999945863,-808773.1987527544,207892.87686509456,301.1141459843129,728.1391437415274,1.0328190275883626,366,28:04
1440000,2883.9999999456263,-812317.0952771874,206791.333666228,299.5186596713943,726.530358548241,1.0351060400158252,366,28:02
1445000,2893.99999994539,-810980.7866135426,206400.0641984821,298.9519410160625,726.7871392893433,1.034740327303387,366,28:00
1450000,2903.9999999451534,-810748.0582291912,206672.05746424958,299.34589881379986,726.6606754749454,1.0349204075156768,366,27:57
1455000,2913.999999944917,-809859.2017662013,207688.65101573424,300.8183431980637,724.959013658409,1.0373496269714586,365,27:56
1460000,2923.9999999446804,-809334.5768257375,207394.18632192537,300.39183755662066,727.5376351221107,1.0336729346818254,365,27:53
1465000,2933.999999944444,-811523.7469471837,208043.21676558052,301.33189981707926,728.6377108766222,1.0321123257309517,366,27:51
1470000,2943.9999999442075,-808358.9717869917,206223.31946117172,298.6959421505171,728.2184614352723,1.0327065327428424,366,27:48
1475000,2953.999999943971,-808703.253358841,207495.45710485347,300.5385191831121,728.4968753379744,1.0323118572598575,366,27:46
1480000,2963.9999999437346,-808762.8582738042,208017.17072762182,301.29417447220703,727.9657412454671,1.033065046579663,366,27:43
1485000,2973.999999943498,-809787.900944279,207258.46167306294,300.1952526021599,728.6585407240005,1.032082821181124,366,27:41
1490000,2983.9999999432616,-810427.6378673138,206119.7090078512,298.5458717217602,729.1480132824499,1.0313899903569117,366,27:38
1495000,2993.999999943025,-809984.5301472251,206655.97501469147,299.32260483116295,730.1434774261804,1.029983812276376,366,27:36
1500000,3003.9999999427887,-808348.1713195909,206066.81582140684,298.4692606954241,729.6530229640567,1.0306761415626906,366,27:33
1505000,3013.999999942552,-809481.469231891,206766.31082101667,299.48241632924845,728.164088405433,1.0327836463824933,365,27:32
1510000,3023.9999999423158,-808572.9065337572,207158.5811860027,300.0505846942683,728.931492246776,1.0316963533433803,366,27:29
1515000,3033.9999999420793,-808191.7224159879,207248.10274456476,300.1802486253278,729.8417767356074,1.0304095851457131,366,27:27
1520000,3043.999999941843,-810473.547645851,207379.45335044875,300.3704981716889,729.8199413278284,1.0304404138641368,366,27:24
1525000,3053.9999999416063,-811489.0985120577,206070.13998547517,298.47407544828934,724.7930426475922,1.0375871705956774,366,27:22
1530000,3063.99999994137,-808752.3782715993,207685.4846727593,300.81375703486674,727.616813225594,1.0335604520383481,366,27:20
1535000,3073.9999999411334,-808508.9977443335,207721.910354884,300.8665163613539,727.6552016264809,1.0335059252062924,366,27:17
1540000,3083.999999940897,-810293.5947118546,206818.58040957307,299.558124130095,728.1183935029278,1.0328484613198052,366,27:15
1545000,3093.9999999406605,-809702.6502310708,207121.8018483437,299.9973131295275,728.0967429980251,1.032879173846527,366,27:12
1550000,3103.999999940424,-810149.092452236,208443.36872450772,301.9114839624971,726.8054106174723,1.03471431472867,366,27:10
1555000,3113.9999999401875,-810820.6544310288,206743.9150312877,299.4499780408396,727.5039760079679,1.0337207591837418,365,27:08
1560000,3123.999999939951,-809726.596230879,207479.4587620739,300.5153470215841,724.7151242803208,1.0376987276689686,365,27:06
1565000,3133.9999999397146,-808814.4062166074,207150.44640048704,300.0388021886325,728.6438078523795,1.0321036894620903,366,27:03
1570000,3143.999999939478,-808333.3383757328,207651.91600440937,300.7651358360338,728.1594805618038,1.0327901819089438,366,27:01
1575000,3153.9999999392417,-808772.6581592155,207543.805062824,300.6085468545451,730.057386695287,1.030105271302506,366,26:58
1580000,3163.999999939005,-809981.8705298523,207313.32159058814,300.27471226168973,727.711755192771,1.0334256070783587,366,26:56
1585000,3173.9999999387687,-808439.9581635469,207404.12813275284,300.4062373759987,727.9399157393913,1.0331016971699938,366,26:54
1590000,3183.9999999385323,-810035.5620333194,205927.18016371573,298.26701099621056,727.6435208327288,1.0335225159807695,366,26:51
1595000,3193.999999938296,-810319.4387311526,207097.4761006332,299.96207947045406,727.9712255713226,1.0330572637647022,366,26:49
1600000,3203.9999999380593,-808435.6944530094,207110.35020068163,299.98072644720406,726.992154198967,1.0344485260872929,366,26:46
1605000,3213.999999937823,-811401.2453237372,206795.72060499876,299.52501375788995,726.2900738094248,1.0354484929742798,365,26:45
1610000,3223.9999999375864,-809410.6573346565,206877.23193504318,299.6430755929297,727.8086001175225,1.033288095615678,366,26:42
1615000,3233.99999993735,-808877.8044497222,207343.9614481416,300.319091341336,728.5503094469132,1.032236144349542,366,26:40
1620000,3243.9999999371134,-807904.7293704469,207288.95743747696,300.23942297584534,727.1242300155465,1.034260627474989,366,26:37
1625000,3253.999999936877,-809213.8647423447,207510.76821755667,300.56069595364517,727.5401407539804,1.0336693747355037,366,26:35
1630000,3263.9999999366405,-811852.372163971,207588.42219218664,300.6731707560799,725.5847404058034,1.036455041719249,366,26:32
1635000,3273.999999936404,-810563.6301185177,205954.92123540517,298.307191445086,727.3242733254276,1.0339761643726455,366,26:30
1640000,3283.9999999361676,-808795.6067505856,206412.28972687753,298.9696485950691,727.5092627673441,1.0337132472066501,366,26:27
1645000,3293.999999935931,-811289.9628109992,207493.34741955015,300.5354634935763,728.9022377864326,1.0317377604326863,366,26:25
1650000,3303.9999999356946,-808047.3813010021,206747.74039332254,299.4555187339099,728.2192792983466,1.032705372910133,366,26:22
1655000,3313.999999935458,-810587.1029585372,207363.64174822875,300.34759648707654,728.2284780445034,1.032692328110504,366,26:21
1660000,3323.9999999352217,-811481.0239577265,206450.2589576338,299.0246436130094,727.8462643323915,1.033234625553713,366,26:18
1665000,3333.999999934985,-809947.2877360936,208737.41028181912,302.3373767287566,728.8650752095991,1.0317903655513814,366,26:16
1670000,3343.9999999347488,-809497.4565928169,208422.0284310668,301.88057446558975,727.7372692683639,1.0333893757347514,366,26:13
1675000,3353.9999999345123,-809080.1132199774,207477.6157463176,300.512677578918,731.0826283538657,1.0286606919951866,366,26:11
1680000,3363.999999934276,-810415.2407421693,207578.21809597727,300.65839103990123,726.7117808472037,1.0348476276405214,366,26:08
1685000,3373.9999999340394,-810544.5683321538,208048.41428276763,301.33942795355335,727.40512901359,1.033861231371792,366,26:06
1690000,3383.999999933803,-808648.238801681,208039.32165888773,301.3262581051409,729.2945216696949,1.0311827938408022,366,26:03
1695000,3393.9999999335664,-811096.0772823826,207853.13283351032,301.0565803268987,729.5808664102957,1.0307780768543668,366,26:01
1700000,3403.99999993333,-808923.5771109969,207537.43363267026,300.59931841065435,726.6446172115579,1.034943278426842,366,25:58
1705000,3413.9999999330935,-809941.5264295773,207638.736371568,300.74604632249554,727.9551387377401,1.0330800929466106,366,25:57
1710000,3423.999999932857,-809143.0537099331,207263.05145076127,300.20190048261037,728.8329379140905,1.0318358615082128,366,25:54
1715000,3433.9999999326205,-809760.5878441664,207169.38673770207,300.0662355646632,728.9082038309423,1.03172931575698,366,25:52
1720000,3443.999999932384,-809061.3393778666,207774.43672423845,300.94259608610594,729.0180188350676,1.0315739020962216,366,25:50
1725000,3453.9999999321476,-811664.9954147576,207814.80582206795,301.00106709579325,728.6438284915893,1.0321036602272247,366,25:47
1730000,3463.999999931911,-808579.8961444441,207690.40761208272,300.82088746998534,731.1164391829242,1.0286131210899898,366,25:45
1735000,3473.9999999316747,-810980.9733393984,206792.3771452656,299.52017105698866,727.2027456465205,1.034148958994302,366,25:42
1740000,3483.999999931438,-810911.5132238073,206499.16942508693,299.09548602886764,727.4233695098063,1.0338353067965453,366,25:40
1745000,3493.9999999312017,-810166.2601758861,208052.49428458727,301.34533746946397,728.5390077825479,1.0322521572003633,366,25:37
1750000,3503.9999999309653,-811529.2688610228,206978.44411429347,299.78967233726127,727.9140174174803,1.0331384537094748,366,25:35
1755000,3513.999999930729,-810219.4966518311,206454.19320124201,299.030342011252,729.0842752706876,1.0314801565414895,366,25:33
1760000,3523.9999999304923,-808702.7738929135,206764.18532065244,299.4793377330184,727.9970951888955,1.0330205537331358,366,25:30
1765000,3533.999999930256,-810126.4654332479,206170.28977199312,298.6191334122399,728.8839864496852,1.031763595261892,366,25:28
1770000,3543.9999999300194,-809887.0392241464,207589.79293671102,300.675156156316,729.3723825657463,1.031072714520224,366,25:25
1775000,3553.999999929783,-812108.5101279747,206521.754442285,299.12819839625695,728.2420426066084,1.0326730927211687,366,25:23
1780000,3563.9999999295464,-810516.2413970442,207467.98744381216,300.49873184816505,727.1212270241589,1.0342648989439567,366,25:20
1785000,3573.99999992931,-810076.2198979435,206861.47544444137,299.62025373254266,729.7624975432228,1.0305215257291367,366,25:18
1790000,3583.9999999290735,-809425.005003754,208640.27240637655,302.19668124727747,727.0351839669979,1.0343873019799883,366,25:16
1795000,3593.999999928837,-809574.4319322091,207138.55011597718,300.0215714898005,729.9739807543104,1.0302229698804326,366,25:13
1800000,3603.9999999286006,-808625.4463566863,206700.35108788515,299.386879584504,729.7037188863759,1.0306045356817606,366,25:11
1805000,3613.999999928364,-808190.1481177732,207425.48219423115,300.4371668146707,728.2070210755907,1.0327227568849313,366,25:09
1810000,3623.9999999281276,-810664.11356842,207117.0024107258,299.99036157552865,728.0046651156472,1.0330098121949296,366,25:07
1815000,3633.999999927891,-810245.3747752919,207472.01903995682,300.50457125280633,728.6356026416992,1.0321153120457045,366,25:04
1820000,3643.9999999276547,-810326.3013027073,207660.7418272245,300.777919247085,727.5682919465221,1.033629379829301,366,25:02
1825000,3653.9999999274182,-809381.8672488891,207073.5035710667,299.92735741611364,729.138829252326,1.0314029814586894,366,25:00
1830000,3663.9999999271818,-809862.8393553663,206837.02065107162,299.5848331624308,728.1066402812432,1.0328651337359882,366,24:57
1835000,3673.9999999269453,-810212.7087567342,206294.3366560018,298.7988041739492,729.3799908143624,1.0310619592792631,366,24:55
1840000,3683.999999926709,-810340.9786255457,206497.81974552688,299.0935311393389,727.2369247717082,1.0341003554298676,366,24:52
1845000,3693.9999999264724,-809452.9768267623,207088.3259171247,299.94882625209317,726.2890925923067,1.0354498918659836,366,24:50
1850000,3703.999999926236,-810927.1114304755,207440.24171602324,300.45854465534796,728.5478386635139,1.0322396450557336,366,24:47
1855000,3713.9999999259994,-808340.1817718935,207369.57526964738,300.3561906595253,730.6310205997692,1.0292965138146024,366,24:45
1860000,3723.999999925763,-809198.860057197,207636.46616561152,300.74275813322174,727.5117379561888,1.0337097302386555,366,24:43
1865000,3733.9999999255265,-810717.4940260686,207997.52249104794,301.26571576758346,728.5927787568045,1.0321759758192277,366,24:41
1870000,3743.99999992529,-808410.7903566044,207562.41754276003,300.63550535877624,728.0149004133193,1.0329952889167384,366,24:38
1875000,3753.9999999250535,-809677.4351272825,206052.47232354432,298.4484854280151,728.3349990507522,1.0325412940038374,366,24:36
1880000,3763.999999924817,-808566.5461021392,207618.55411571413,300.71681413894447,730.7573757384978,1.0291185383221697,366,24:33
1885000,3773.9999999245806,-809402.5405320404,206735.71329760607,299.4380985668029,728.9350949854654,1.0316912542167318,366,24:31
1890000,3783.999999924344,-810305.6463971208,207310.90295165882,300.2712090805965,726.9548560366624,1.0345016009497845,366,24:28
1895000,3793.9999999241077,-809974.1839347975,207727.42025316702,300.87449695376745,727.8188882563642,1.0332734894937945,366,24:26
1900000,3803.999999923871,-809958.122899212,208193.89917641485,301.55014974529917,728.6040838712076,1.0321599604444185,366,24:23
1905000,3813.9999999236347,-808933.5356062655,207647.62438217207,300.75891980696935,728.2465184367949,1.0326667458739347,366,24:22
1910000,3823.9999999233983,-808875.3881248897,205972.53475146272,298.3327030399296,728.9481025281194,1.0316728444452428,366,24:19
1915000,3833.999999923162,-810383.0785707124,206983.3893507233,299.79683506773443,728.4469554985604,1.0323826006980046,366,24:17
1920000,3843.9999999229253,-810455.7875539754,207343.1948666679,300.31798101697444,728.9020135858092,1.031738077781582,366,24:14
1925000,3853.999999922689,-810008.1964464164,206933.64279720906,299.72478165636704,728.1632963722122,1.0327847697554535,366,24:12
1930000,3863.9999999224524,-810852.9724670425,207332.73200779312,300.3028265063335,728.5675403422175,1.0322117315779762,366,24:09
1935000,3873.999999922216,-811451.0929756067,205759.43607522553,298.0240487614706,725.6348558951203,1.0363834596402615,366,24:07
1940000,3883.9999999219795,-810856.0242417981,208106.56574075588,301.42365511358844,728.4660655463559,1.032355517925346,366,24:05
1945000,3893.999999921743,-808766.1217944436,207813.36895142545,300.99898591781863,730.5996580769834,1.0293406985264497,366,24:02
1950000,3903.9999999215065,-810176.2035497935,207088.65738362377,299.9493063515237,727.9422121117988,1.0330984381389992,366,24:00
1955000,3913.99999992127,-809555.6328907819,207513.8916504629,300.5652199654645,728.0961322784666,1.032880040214971,366,23:58
1960000,3923.9999999210336,-809796.9888257142,207879.11661791708,301.0942155030965,726.8814930685531,1.0346060115155826,366,23:55
1965000,3933.999999920797,-810774.2420611586,208269.22958532366,301.65925907163717,728.8485048737816,1.0318138232558784,366,23:53
1970000,3943.9999999205606,-810767.1248804703,207682.8747426821,300.8099767857397,727.8598776308701,1.033215300774606,366,23:50
1975000,3953.999999920324,-811452.6611927352,206932.09993048897,299.72254695260136,726.1837080804353,1.0356001573982554,366,23:48
1980000,3963.9999999200877,-808408.358398648,207104.11687380748,299.9716980335006,728.1051530907408,1.0328672434137052,366,23:46
1985000,3973.9999999198512,-809546.1219901331,208085.4901853014,301.3931290658589,728.0898639027134,1.032888932634054,366,23:43
1990000,3983.9999999196148,-809973.6785625187,207717.82935172762,300.860605395097,726.872764017276,1.0346184361507775,366,23:41
1995000,3993.9999999193783,-810858.8305324609,206468.41972328402,299.0509478496992,728.5711948221185,1.0322065540509844,366,23:38
2000000,4003.999999919142,-810181.5995314922,206789.11146742883,299.5154410161728,728.4617253671034,1.0323616687056054,366,23:36
2005000,4013.9999999189054,-809926.7245289953,207170.03624219855,300.0671763135466,726.9674504225322,1.0344836786723322,366,23:34
2010000,4023.999999918669,-810835.130066311,206997.48276748584,299.8172481151483,725.9914931563167,1.035874344916357,366,23:32
2015000,4033.9999999184324,-809258.7319656815,207389.21046157097,300.3846304701454,728.2888935324787,1.032606660717406,366,23:29
2020000,4043.999999918196,-809244.1071404284,207220.10875137738,300.13970184239605,727.3757577872462,1.033902978394441,366,23:27
2025000,4053.9999999179595,-809083.812521446,207778.99218357232,300.9491942594901,726.5886476477501,1.0350230007347074,366,23:24
2030000,4063.999999917723,-810395.42883809,207286.93910249684,300.2364995990418,727.3508421352215,1.0339383950948071,366,23:22
2035000,4073.9999999174865,-810040.7720337156,207318.49094623118,300.28219960869853,727.7043693555262,1.0334360958340403,366,23:19
2040000,4083.99999991725,-809873.7471565157,207760.34998370582,300.922192708611,727.8735670234365,1.0331958687049463,366,23:17
2045000,4093.9999999170136,-808904.5279979426,208319.24483829783,301.7317016700206,728.9546575161996,1.0316635673206256,366,23:15
2050000,4103.999999918596,-810610.7335493192,208369.03675054346,301.80382077943335,728.3702442991753,1.0324913301637448,366,23:12
2055000,4113.999999920633,-810151.310411552,206740.39534508233,299.4448800917331,725.5949336912355,1.0364404814162655,366,23:10
2060000,4123.99999992267,-808424.57845204,207541.20338933688,300.60477856434676,730.8609476855804,1.0289726996217572,366,23:08
2065000,4133.9999999247075,-808224.4967470933,207849.45546661876,301.0512539914912,730.4857155399752,1.0295012570262818,366,23:06
2070000,4143.999999926745,-810017.3933232576,206530.70621323012,299.14116423185385,729.1983564882563,1.0313187841095455,366,23:03
2075000,4153.999999928782,-810099.2182338769,206940.35033382237,299.73449692025406,728.8457593939977,1.0318177099821932,366,23:01
2080000,4163.999999930819,-811082.4253912279,207877.58996934074,301.09200428985434,728.671603667269,1.03206431896521,366,22:58
2085000,4173.999999932857,-808891.101530761,208046.67633024516,301.33691068553793,729.4368386265547,1.0309816046638722,366,22:56
2090000,4183.999999934894,-809328.099464275,207280.88838944858,300.22773568505113,728.5617081401167,1.0322199945258668,366,22:53
2095000,4193.999999936931,-810815.7878241227,207800.77099751442,300.9807389139276,727.7704781327507,1.0333422211871728,366,22:51
2100000,4203.999999938968,-809776.0071650636,205793.02124723847,298.0726938643761,728.3692526249605,1.03249273589995,366,22:48
2105000,4213.999999941006,-810482.7747882814,207036.16896855625,299.87328160014476,729.8677144384911,1.030372966924165,366,22:47
2110000,4223.999999943043,-810590.9904750763,205793.7173701031,298.07370213577553,728.6305832100231,1.0321224221401886,366,22:44
2115000,4233.99999994508,-809691.1750570922,207038.11453702778,299.8760995812011,729.1210026558068,1.0314281986787834,366,22:42
2120000,4243.999999947117,-809138.9584026174,207294.85426589107,300.2479640017752,728.7598116143046,1.0319393995152983,366,22:39
2125000,4253.999999949155,-808954.0596897132,206714.9899496224,299.4080826599372,728.6833713041322,1.0320476519756734,366,22:37
2130000,4263.999999951192,-808609.1237652921,207537.86918856448,300.59994927421786,729.3503893778391,1.031103805990506,366,22:35
2135000,4273.999999953229,-810969.1022019419,206653.1816272372,299.3185588605151,728.8646754603517,1.0317909314416434,366,22:32
2140000,4283.9999999552665,-810166.1580560417,207460.402535127,300.48774578969335,727.2759687649407,1.0340448394922963,366,22:30
2145000,4293.999999957304,-809797.8320722207,207353.51068468048,300.33292255214303,726.182803537624,1.0356014473553752,366,22:27
2150000,4303.999999959341,-808668.207539863,207649.28667355818,300.7613274866294,725.8547886021955,1.0360694372993942,366,22:25
2155000,4313.999999961378,-809953.2380988887,206971.36174034874,299.77941415519143,728.2318811004661,1.0326875022990063,366,22:23
2160000,4323.999999963416,-808772.24674846,208009.79840562164,301.2834963264404,727.7141956665533,1.0334221413659745,366,22:20
2165000,4333.999999965453,-810354.6816143594,206780.61688105259,299.50313737133064,729.5534511550617,1.030816811568077,366,22:18
2170000,4343.99999996749,-810040.4830408697,207532.92157612107,300.59278310230263,729.1051594731601,1.031450611228093,366,22:16
2175000,4353.999999969527,-810776.0480374699,206657.52476639047,299.3248495072018,728.0739787750172,1.0329114682184442,366,22:13
2180000,4363.999999971565,-810754.0615083929,207356.6524378591,300.3374730992303,726.7437868902872,1.0348020525996988,366,22:11
2185000,4373.999999973602,-808910.8398167207,207898.49935582263,301.1222896567629,727.9097964362029,1.033144444641444,366,22:08
2190000,4383.999999975639,-808474.9673423576,207019.2439183701,299.8487671862341,728.7044842761119,1.0320177501517818,366,22:06
2195000,4393.999999977676,-808388.0252016601,207012.6568163745,299.83922636106576,727.3677572183498,1.0339143506499868,366,22:03
2200000,4403.999999979714,-809277.2524276758,208317.2095274928,301.72875370526054,726.6059215533376,1.0349983947012782,366,22:01
2205000,4413.999999981751,-810489.2619572398,208336.92228258686,301.75730585916136,726.5101317806253,1.0351348584017128,366,21:59
2210000,4423.999999983788,-807673.8163880245,207176.2098393614,300.07611821413207,728.0085305115332,1.0330043273802456,366,21:57
2215000,4433.9999999858255,-810669.0461367699,207264.9096971682,300.2045919855049,727.2007994976384,1.034151726603801,366,21:54
2220000,4443.999999987863,-809027.2478674562,207654.1991249467,300.768442730917,729.3118199065534,1.0311583356547074,366,21:52
2225000,4453.9999999899,-808483.3120496082,205895.60336666618,298.2212748439196,726.9089357624287,1.034566952460646,366,21:50
2230000,4463.999999991937,-809360.1405343334,207036.32519871264,299.8735078854837,728.0035760912976,1.0330113574797,366,21:47
2235000,4473.999999993975,-811371.337499199,207000.36368172933,299.8214208604831,728.9082881340894,1.0317291964305437,366,21:45
2240000,4483.999999996012,-809931.629059074,207860.9278313095,301.06787068056855,728.5852874976788,1.0321865885749761,366,21:42
2245000,4493.999999998049,-811458.2588590621,208373.16976155614,301.8098070743954,728.5656722970072,1.0322143781728605,366,21:40
2250000,4504.000000000086,-810212.0294238464,206977.4710798558,299.7882629843382,728.5192524018072,1.0322801489580535,366,21:37
2255000,4514.000000002124,-807908.188032777,208964.26981694315,302.6659623744379,728.4475012599179,1.0323818272249283,366,21:36
2260000,4524.000000004161,-809623.608568883,207374.81014912127,300.3637729119136,728.0232429409066,1.0329834516687126,366,21:33
2265000,4534.000000006198,-809694.5679571927,208086.17642579292,301.39412302352906,729.2255202335496,1.0312803673509567,366,21:31
2270000,4544.0000000082355,-811141.66524194,205747.97264318378,298.0074450105324,727.449039406699,1.033798825277852,366,21:28
2275000,4554.000000010273,-808884.5268758237,208020.33099923725,301.2987518415855,727.2060364666726,1.03414427916759,366,21:26
2280000,4564.00000001231,-810528.972699204,206502.75293040994,299.1006764142297,727.6744747175312,1.0334785519034082,366,21:23
2285000,4574.000000014347,-810154.7718762364,207518.2111996828,300.571476444253,726.5410920655785,1.0350907479301497,366,21:21
2290000,4584.000000016385,-811103.4835606846,209206.17140679277,303.01633508435566,728.0214277147536,1.0329860272777616,366,21:19
2295000,4594.000000018422,-810832.6097381478,207056.52637488622,299.90276747341727,727.0692427193175,1.0343388472540136,366,21:16
2300000,4604.000000020459,-809114.1568823224,208145.9971470524,301.48076796137326,728.1826993121872,1.03275725047916,366,21:14
2305000,4614.000000022496,-810920.0566702164,206963.7991933601,299.76846048562714,729.1545627429334,1.0313807261373207,366,21:12
2310000,4624.000000024534,-808450.4215007885,208096.25294564138,301.40871795681596,729.7222764488424,1.0305783263845163,366,21:09
2315000,4634.000000026571,-811202.6313333125,206456.6153466019,299.03385027109476,728.1105630609279,1.0328595690558844,366,21:07
2320000,4644.000000028608,-808566.7784782578,207059.55802306655,299.90715854331114,728.7911587923619,1.0318950131534295,366,21:05
2325000,4654.000000030645,-810523.2824307941,208011.23566419428,301.285578066297,727.3402526724639,1.0339534483688264,366,21:02
2330000,4664.000000032683,-810099.7249419172,207616.17499873575,300.7133682018448,725.8138820143377,1.0361278297695768,366,21:00
2335000,4674.00000003472,-810518.4286206313,206700.70711387874,299.38739525615483,727.5135671241569,1.033707131209837,366,20:57
2340000,4684.000000036757,-811727.9195131888,207117.53119810845,299.9911274765231,727.8767872092976,1.0331912977627393,366,20:55
2345000,4694.0000000387945,-811648.9124531611,207940.97513751563,301.18381200867015,728.4972337148992,1.032311349424369,366,20:53
2350000,4704.000000040832,-811642.9641295038,208177.2988554173,301.5261056724304,727.2124865785538,1.0341351066816593,366,20:50
2355000,4714.000000042869,-810160.2183246631,207160.23417217314,300.0529788961599,727.6435921455914,1.033522414690179,366,20:48
2360000,4724.000000044906,-810046.6374383541,208553.08178116396,302.070393463662,728.3874335830599,1.0324669643032642,366,20:46
2365000,4734.000000046944,-810553.0877494328,208897.49334805444,302.5692426613603,726.185749860279,1.035597245653529,366,20:44
2370000,4744.000000048981,-811399.6542819547,205363.73597408537,297.45091273190843,726.9633657156753,1.0344894912934008,366,20:41
2375000,4754.000000051018,-809865.2136806324,208188.92661808414,301.54294744150843,725.0923478275029,1.03715887313026,366,20:39
2380000,4764.000000053055,-808342.9772381079,207469.8151251527,300.5013790803083,729.3964440636888,1.0310387012559683,366,20:36
2385000,4774.000000055093,-810917.3817415223,207037.18418032257,299.8747520431374,726.0547355292349,1.0357841159729841,366,20:34
2390000,4784.00000005713,-810192.7609502925,206032.25986751978,298.4192095022314,726.7115158695368,1.0348480049725217,366,20:31
2395000,4794.000000059167,-809556.4681692515,206669.6808603913,299.3424565167288,729.3189600712002,1.031148240427932,366,20:29
2400000,4804.000000061204,-810478.8017293117,207552.84842977015,300.6216453587165,728.0285229715206,1.0329759599509067,366,20:27
2405000,4814.000000063242,-812049.816956311,206261.28525645638,298.75093219248555,728.8847859985369,1.0317624634706766,366,20:25
2410000,4824.000000065279,-810630.1871561077,208165.2096038515,301.5085954781624,729.0740183663272,1.031494667816132,366,20:22
2415000,4834.000000067316,-811722.2673805486,206430.72576906742,298.99635154508377,725.0208163914951,1.0372612004867798,366,20:20
2420000,4844.0000000693535,-810564.6458729906,207618.94820717297,300.7173849450003,727.1912973279051,1.0341652398090229,366,20:17
2425000,4854.000000071391,-810183.8784169103,208385.0404144459,301.8270006481295,726.426553202049,1.035253955232244,366,20:15
2430000,4864.000000073428,-809799.9454902969,207472.7120253314,300.5055749798334,728.2914499604775,1.0326030360907825,366,20:12
2435000,4874.000000075465,-811053.6809033644,207959.03799483902,301.2099744339489,727.2671123864554,1.0340574316916593,366,20:10
2440000,4884.000000077503,-810238.7676150315,206999.2905749096,299.8198665617094,727.327077056383,1.0339721785579128,366,20:08
2445000,4894.00000007954,-810618.0833550328,207147.23601499794,300.0341522338124,727.8324031560998,1.033254302950918,366,20:05
2450000,4904.000000081577,-810408.0109795481,206583.90858882212,299.2182230908791,727.8483269641928,1.0332316974950533,366,20:03
2455000,4914.000000083614,-812117.8923815475,207116.3518723119,299.98941932910884,726.1429325392138,1.0356583100773142,366,20:01
2460000,4924.000000085652,-811151.2624523868,207165.84949255947,300.0611121830145,727.2132117759091,1.0341340754132053,366,19:58
2465000,4934.000000087689,-811750.6701193741,207513.30142036843,300.56436507022465,727.4671811651491,1.03377304414427,366,19:56
2470000,4944.000000089726,-811292.3363389112,207988.6668767832,301.25288920629527,724.5023157917352,1.0380035315226337,366,19:54
2475000,4954.0000000917635,-808490.7230077693,207954.29852282885,301.2031097347429,728.8893538578927,1.0317559975430337,366,19:51
2480000,4964.000000093801,-809890.373942493,207493.6753106283,300.535938414331,726.5920400337656,1.0350181683151929,366,19:49
2485000,4974.000000095838,-811456.8679975751,207010.90472020954,299.8366886072555,727.4076651505325,1.0338576267718025,366,19:46
2490000,4984.000000097875,-811051.5991826253,206577.58697357768,299.20906679940697,726.8872392195887,1.0345978328021816,366,19:44
2495000,4994.0000000999125,-810814.788760182,207850.60314181133,301.0529162958505,725.8377798653436,1.0360937157716759,366,19:42
2500000,5004.00000010195,-809988.883446848,207405.49881628528,300.40822268789356,725.8082958688813,1.0361358042730393,366,19:39
2505000,5014.000000103987,-810435.7721992065,205845.58306848624,298.14882493800917,728.5436645796194,1.0322455591211315,366,19:37
2510000,5024.000000106024,-810061.7890511528,207064.86030988756,299.9148384291828,728.3154399761413,1.0325690231320417,366,19:35
2515000,5034.000000108062,-809118.7052140911,207292.92522427315,300.24516995838076,727.6167867926257,1.0335604895856825,366,19:32
2520000,5044.000000110099,-811229.638117644,206406.1315405952,298.96072901575894,727.5922471744387,1.0335953486429168,366,19:30
2525000,5054.000000112136,-809990.1267992216,206357.30021026405,298.8900012229088,726.6474753824639,1.034939207615523,366,19:27
2530000,5064.000000114173,-810549.2460266757,208467.06250692077,301.9458022766405,727.9414693396463,1.0330994922852224,366,19:25
2535000,5074.000000116211,-810150.9588817335,208429.71656177865,301.8917100318892,728.5349334170955,1.032257930118496,366,19:23
2540000,5084.000000118248,-808853.9619849822,206140.82597655506,298.5764577528591,728.8133104864182,1.031863649534927,366,19:20
2545000,5094.000000120285,-810159.5861234823,206819.54482361017,299.55952099714267,727.4886002991764,1.0337426072090696,366,19:18
2550000,5104.0000001223225,-810896.5604472109,206778.15198463347,299.49956719042126,728.4803191610581,1.0323353186181017,366,19:15
2555000,5114.00000012436,-808578.9266517204,208290.5292826026,301.6901097686528,726.9004532906094,1.0345790252073057,366,19:14
2560000,5124.000000126397,-809830.9712259881,207756.69041689462,300.91689215502,725.548208351913,1.036507228232844,366,19:11
2565000,5134.000000128434,-812512.4354744353,206672.2351434927,299.34615616621306,727.262372690986,1.0340641708239287,366,19:09
2570000,5144.000000130472,-810127.5673639765,207867.51855996525,301.0774167586282,727.6195042399463,1.0335566295377223,366,19:06
2575000,5154.000000132509,-809494.0544568407,207337.50021335855,300.30973282351164,727.866851473201,1.0332054013258443,366,19:04
2580000,5164.000000134546,-809356.1763455733,208153.00208622793,301.49091398614,728.445209936963,1.0323850745799068,366,19:01
2585000,5174.000000136583,-810839.43602589,207119.00138042815,299.99325690346797,725.9526414604088,1.0359297830713399,366,18:59
2590000,5184.000000138621,-811299.6750817881,207861.8965806457,301.0692738269074,728.3012006135385,1.0325892113793225,366,18:57
2595000,5194.000000140658,-808963.9334163591,207676.7917553168,300.8011661253018,730.6156617041678,1.0293181515354004,366,18:54
2600000,5204.000000142695,-810748.6685484159,207742.46728642573,300.89629122896156,727.4315956583607,1.0338236156865286,366,18:52
2605000,5214.000000144732,-810994.6101079253,207757.66023616743,300.9182968510658,727.1342055845606,1.0342464384323216,366,18:50
2610000,5224.00000014677,-810623.586115892,207000.73659776425,299.82196099584064,726.7057028130454,1.0348562829176235,366,18:47
2615000,5234.000000148807,-809878.7363438802,207208.3202770822,300.1226272969697,727.266294794884,1.0340585941773217,366,18:45
2620000,5244.000000150844,-810708.0999009442,207336.58536791458,300.30840775211567,727.1561140108212,1.0342152777071416,366,18:43
2625000,5254.0000001528815,-811619.5901234429,207871.36070881135,301.0829817658857,727.4037420641389,1.0338632026474184,366,18:40
2630000,5264.000000154919,-810694.4360759379,208121.28780945356,301.4449787068249,726.3762873343093,1.0353255957019263,366,18:38
2635000,5274.000000156956,-809489.9477074053,206192.47178886115,298.65126206987424,725.1549657806421,1.037069313286116,366,18:35
2640000,5284.000000158993,-811155.0338523057,206591.02389385644,299.2285289706723,724.9423435479539,1.037373480913798,366,18:33
2645000,5294.000000161031,-810683.5451995833,207275.47038807577,300.21988819705194,725.6627296581103,1.0363436506412043,366,18:31
2650000,5304.000000163068,-810971.9205098045,207670.01217466762,300.7913465121044,728.3733847780169,1.0324868784398842,366,18:28
2655000,5314.000000165105,-809559.2655419149,208146.63049423846,301.48168530784477,728.3389482147612,1.0325356954086693,366,18:26
2660000,5324.000000167142,-810265.2684542392,207665.17728300596,300.78434360610976,728.9034028946058,1.0317361112620382,366,18:24
2665000,5334.00000016918,-808991.4266967992,207763.41730111666,300.9266354421792,728.9490904973035,1.0316714461843879,366,18:21
2670000,5344.000000171217,-810072.3676203103,206289.29069559148,298.7914955538438,728.4576386286492,1.0323674603836748,366,18:19
2675000,5354.000000173254,-810108.7851963742,207567.8751517753,300.6434102148855,729.8064156717909,1.0304595112333919,366,18:17
2680000,5364.0000001752915,-811864.7419903735,206684.16432300053,299.3634345104929,727.026993664857,1.0343989548410344,366,18:14
2685000,5374.000000177329,-809295.740009882,208371.90134246845,301.807969883357,728.0958313868522,1.0328804670611762,366,18:12
2690000,5384.000000179366,-810517.6619989392,207543.20695938772,300.6076805554774,728.5801817425653,1.0321938219476166,366,18:09
2695000,5394.000000181403,-808785.6127075385,207333.23428401691,300.3035540082973,727.7443554836868,1.0333793133830842,366,18:07
2700000,5404.0000001834405,-811088.5158945629,206812.17330407264,299.5488440136711,728.764646734675,1.031932552927399,366,18:05
2705000,5414.000000185478,-809174.4947851538,207422.88613338006,300.43340665387115,728.2499715780253,1.0326618492803796,366,18:03
2710000,5424.000000187515,-810592.0627534264,207498.3821656757,300.54275587079815,726.3730487067282,1.0353302118341405,366,18:00
2715000,5434.000000189552,-808680.5905052698,207153.18379385315,300.0427670568766,728.7617447622846,1.031936662143887,366,17:58
2720000,5444.00000019159,-810403.6087593241,207145.40372015227,300.0314983194217,725.7083620361675,1.036278485586291,366,17:55
2725000,5454.000000193627,-812691.8804784962,207832.5547445323,301.0267748146462,728.2815147599138,1.0326171228389127,366,17:53
2730000,5464.000000195664,-810668.931250134,207181.1528568575,300.0832777306791,729.1553615862748,1.0313795961838583,366,17:50
2735000,5474.000000197701,-810431.4120744038,208403.88043016513,301.8542887174909,729.724289825459,1.0305754829238658,366,17:48
2740000,5484.000000199739,-811266.7672222382,207328.0682125112,300.29607141806616,728.3379555053722,1.0325371027332109,366,17:46
2745000,5494.000000201776,-810684.2946669543,209077.73583832575,302.8303077076791,728.5859959060203,1.0321855849740376,366,17:43
2750000,5504.000000203813,-811646.0538310469,208183.9129791054,301.5356856360915,729.9756942997064,1.030220551534396,366,17:41
2755000,5514.0000002058505,-810554.8613605085,206020.9344816482,298.40280569876256,730.9371330161684,1.0288654501446872,366,17:39
2760000,5524.000000207888,-810622.9591650055,207167.55755419712,300.0635861567699,728.8502072890183,1.031811413191977,366,17:37
2765000,5534.000000209925,-810682.5339023261,208120.9709326622,301.4445197392746,727.7445776524039,1.033378997908997,366,17:34
2770000,5544.000000211962,-811550.7181718596,206839.09005583535,299.58783050922557,725.3104650134372,1.0368469761072798,366,17:32
2775000,5554.000000214,-811549.5884318459,207484.10716544464,300.5220798160515,727.1552062390077,1.034216568809055,366,17:29
2780000,5564.000000216037,-810348.4866733123,206982.5619474526,299.79563664846677,728.5366235426366,1.0322555353926357,366,17:27
2785000,5574.000000218074,-809342.6279050405,207276.5145875652,300.22140062615597,725.3349643443657,1.0368119549674775,366,17:25
2790000,5584.000000220111,-811082.9936506986,208278.45625789592,301.6726230775318,727.5428093165003,1.0336655833278834,366,17:22
2795000,5594.000000222149,-809147.6487996443,206775.39497861674,299.4955739150156,729.559974865801,1.0308075940247143,366,17:20
2800000,5604.000000224186,-809715.9841558426,208406.11627146785,301.8575271326525,727.1809369777104,1.0341799738504405,366,17:17
2805000,5614.000000226223,-811080.2612570026,206445.2210773495,299.0173466962402,725.6491581534914,1.0363630329315072,366,17:15
2810000,5624.00000022826,-808498.7272628355,206223.22029128525,298.6957985118503,728.2030588002427,1.0327283761031858,366,17:13
2815000,5634.000000230298,-811337.0298516876,208096.10258825007,301.40850017764933,727.2052526345082,1.0341453938398864,366,17:10
2820000,5644.000000232335,-810169.1889738152,207274.45494960633,300.2184174257002,728.6482429610958,1.0320974072921774,366,17:08
2825000,5654.000000234372,-811070.1107423855,207929.22486607972,301.16679279665163,728.1319876701465,1.0328291781198735,366,17:06
2830000,5664.0000002364095,-810904.6736836159,207970.83002066746,301.22705412345204,728.0682662993507,1.032919572515666,366,17:03
2835000,5674.000000238447,-810306.592311434,208259.98993313182,301.64587626593027,727.3097991309382,1.0339967415353875,366,17:01
2840000,5684.000000240484,-810628.484134288,206792.43711359863,299.52025791572885,727.6371976803418,1.0335314972703253,366,16:58
2845000,5694.000000242521,-809563.1012513959,207322.65348877665,300.28822867743145,726.5124056460913,1.0351316185982506,366,16:56
2850000,5704.000000244559,-809163.5163056282,207260.57398598472,300.19831209756495,728.3448541027323,1.0325273229459428,366,16:54
2855000,5714.000000246596,-809947.2286611008,207617.24914528202,300.71492400656894,729.2456241629332,1.031251936892147,366,16:52
2860000,5724.000000248633,-810453.8156943112,207177.91513967342,300.0785881883555,728.0686873941862,1.0329189751034917,366,16:49
2865000,5734.00000025067,-809049.941366212,207086.4290852275,299.9460788615841,728.0344563267479,1.0329675413750299,366,16:47
2870000,5744.000000252708,-811156.5754599329,206857.13123923476,299.61396154177356,726.7622084586941,1.0347758230068862,366,16:44
2875000,5754.000000254745,-810926.9242647425,208203.9950075543,301.56477264925525,727.5074296602697,1.0337158518633025,366,16:42
2880000,5764.000000256782,-809204.5001513069,207395.15767598775,300.3932444756712,726.8260269228188,1.0346849652207153,366,16:40
2885000,5774.0000002588195,-809429.574544041,207340.01797214034,300.3133795708019,728.0401072880616,1.032959523602992,366,16:37
2890000,5784.000000260857,-811175.243187827,207511.91691578715,300.5623597397829,727.8184025169098,1.0332741790912259,366,16:35
2895000,5794.000000262894,-810492.072636364,207475.74917744714,300.509974021683,730.5334300390133,1.0294340155631012,366,16:32
2900000,5804.000000264931,-810898.2096410352,207558.01285863097,300.6291255697241,727.5894101833329,1.0335993788016438,366,16:30
2905000,5814.0000002669685,-810262.9352738177,207958.68635013775,301.20946510820625,728.8704486038952,1.0317827589644006,366,16:28
2910000,5824.000000269006,-809690.0166306794,207142.50140312055,300.0272945740719,729.2417156682192,1.031257464061887,366,16:26
2915000,5834.000000271043,-810014.547383633,207069.71619773755,299.921871746269,730.2748363348136,1.0297985429191987,366,16:23
2920000,5844.00000027308,-809471.0523915435,208701.86351169128,302.28589042729715,729.9232432004175,1.0302945815107554,366,16:21
2925000,5854.000000275118,-808023.854597372,208172.40693126764,301.5190201600032,729.5173538438542,1.0308678175037809,366,16:18
2930000,5864.000000277155,-809018.4773313552,207454.14362028276,300.4786803141151,730.1688248381272,1.0299480569508948,366,16:16
2935000,5874.000000279192,-808620.1977123343,206560.3418400011,299.18408877347554,728.5199668981661,1.0322791365487287,366,16:13
2940000,5884.000000281229,-809913.4746050136,207223.99061671455,300.145324375421,728.1420950897135,1.0328148413057894,366,16:11
2945000,5894.000000283267,-807890.6007077415,207786.2461562829,300.9597009869484,727.725134334228,1.0334066076694748,366,16:09
2950000,5904.000000285304,-808301.8242317154,207937.11894387475,301.17822665878987,728.7241589198522,1.031989886959215,366,16:06
2955000,5914.000000287341,-810916.4396031168,207630.30911551882,300.7338401995802,725.8990427083112,1.036006273795761,366,16:04
2960000,5924.0000002893785,-810004.3810629924,207179.11976049337,300.0803329733376,726.1340453769307,1.035670985510356,366,16:02
2965000,5934.000000291416,-811133.8942586333,206691.06103841832,299.3734237828741,726.954794846594,1.0345016880270335,366,15:59
2970000,5944.000000293453,-809761.8163512619,206542.4983770357,299.15824412120435,726.6518864472716,1.0349329251245503,366,15:57
2975000,5954.00000029549,-810109.2973570055,207103.15529240028,299.9703052692626,727.1873927188558,1.0341707927256358,366,15:55
2980000,5964.000000297528,-808206.3206622386,206722.28377952127,299.4186471169501,728.1906293130982,1.032746003745671,366,15:52
2985000,5974.000000299565,-810631.3843884743,206821.22516779724,299.5619548246623,725.926060533051,1.035967715273817,366,15:50
2990000,5984.000000301602,-811185.5823183996,208588.18316737498,302.1212346665506,727.7502575123679,1.03337093271364,366,15:47
2995000,5994.000000303639,-810723.5225032503,207174.44804567395,300.0735664143321,729.0105353297873,1.0315844915025048,366,15:45
3000000,6004.000000305677,-810301.748661668,206940.6132538127,299.7348777362279,728.05179522792,1.032942940759756,366,15:43
3005000,6014.000000307714,-811668.731098297,206500.56109706033,299.09750174063265,730.049563018159,1.030116310568138,366,15:41
3010000,6024.000000309751,-810673.2836707211,208192.4417136843,301.5480387415359,726.7630064386811,1.0347746868312822,366,15:38
3015000,6034.000000311788,-810333.0339722601,206088.04819164536,298.5000138752733,726.0163931510822,1.035838817804284,366,15:36
3020000,6044.000000313826,-810459.5054357331,208413.44571748655,301.86814317641375,726.4827263536629,1.0351739072486146,366,15:33
3025000,6054.000000315863,-810417.5490043871,206815.04345460155,299.55300116873286,727.0073729364553,1.0344268715605993,366,15:31
3030000,6064.0000003179,-810820.7745472444,207220.3251478357,300.1400152732155,726.8417977038704,1.0346625149569917,366,15:29
3035000,6074.0000003199375,-808938.850487235,207752.56555499972,300.9109176633225,728.2393946927798,1.0326768475707175,366,15:26
3040000,6084.000000321975,-811419.6404168652,207757.5760355305,300.9181748940115,726.9994516834472,1.0344381424865252,366,15:24
3045000,6094.000000324012,-809967.3818713352,207236.66666682003,300.16368449463016,727.7025905132974,1.0334386220305827,366,15:21
3050000,6104.000000326049,-809903.179182299,206144.96216029406,298.58244864323,727.0040276566169,1.0344316314343083,366,15:19
3055000,6114.000000328087,-809811.2808317575,207384.65118949773,300.378026774351,727.664767461875,1.0334923388022208,366,15:17
3060000,6124.000000330124,-810386.6639533397,207194.3801920932,300.1024363368478,725.0507654045746,1.0372183552809782,366,15:15
3065000,6134.000000332161,-812502.2992754355,207139.47947318372,300.02291758018026,728.0810676038901,1.0329014114638257,366,15:12
3070000,6144.000000334198,-810344.1469319882,207532.27014522516,300.5918395632028,727.7349718803595,1.0333926380437617,366,15:10
3075000,6154.000000336236,-809691.9733246127,206722.47338210107,299.41892173924487,728.7944067363545,1.0318904144117569,366,15:07
3080000,6164.000000338273,-810107.1610993915,206488.2089646171,299.07961078704244,725.6403193777394,1.0363756565140194,366,15:05
3085000,6174.00000034031,-810725.9411239331,207194.93177674332,300.1032352576351,726.9198262927559,1.0345514528383166,366,15:03
3090000,6184.000000342347,-810711.5922529963,208659.37416975532,302.22434843459683,727.312288158593,1.0339932029639562,366,15:00
3095000,6194.000000344385,-809757.6611393834,207444.8939813099,300.4652830434535,726.4318684810697,1.0352463803117755,366,14:58
3100000,6204.000000346422,-810341.672206732,207340.2680081823,300.31374172553456,728.1425307507396,1.0328142233537336,366,14:56
3105000,6214.000000348459,-810377.1243951833,206003.32444208377,298.3772991393068,726.8365578169642,1.0346699740129597,366,14:54
3110000,6224.0000003504965,-810877.9503616188,208303.2027041137,301.7084660805792,726.5803549110965,1.0350348138440455,366,14:51
3115000,6234.000000352534,-810361.7300040051,207524.04669728468,300.579928638014,728.5399725900506,1.0322507901859737,366,14:49
3120000,6244.000000354571,-810483.0311471415,207444.06450772405,300.4640816255204,727.5642580687943,1.0336351106420614,366,14:46
3125000,6254.000000356608,-810215.515385116,206800.69350193988,299.53221655212747,727.2452108315614,1.0340885731351044,366,14:44
3130000,6264.000000358646,-810328.2476611705,208069.86381822024,301.37049567769554,727.7335559153789,1.0333946487354149,366,14:42
3135000,6274.000000360683,-809989.6332754036,207148.9740292443,300.0366695912294,727.0066485934567,1.0344279021974765,366,14:39
3140000,6284.00000036272,-810485.6373448106,205188.46452493558,297.1970477918392,729.2085505404981,1.031304366673607,366,14:37
3145000,6294.000000364757,-809940.6024147645,206775.5243452393,299.49576129094044,728.1829423227658,1.0327569058254715,366,14:34
3150000,6304.000000366795,-811098.5919833556,207772.069459151,300.93916731540503,728.7255998700545,1.031987846347445,366,14:32
3155000,6314.000000368832,-809767.3927784176,206869.46650543663,299.6318280661292,727.8251494254886,1.0332646006829658,366,14:30
3160000,6324.000000370869,-809049.5770141045,206640.5637312431,299.3002829723093,729.3417785049447,1.0311159795750666,366,14:28
3165000,6334.0000003729065,-809138.7590484428,207571.79015441617,300.64908074431634,731.842772439654,1.0275922516542422,366,14:25
3170000,6344.000000374944,-810579.0022721076,207708.77970820438,300.84749779986794,729.6742787570479,1.030646117428164,366,14:23
3175000,6354.000000376981,-810305.9990106714,207217.75547266647,300.1362933297044,727.63625895884,1.0335328306264182,366,14:20
3180000,6364.000000379018,-809285.9060329599,206288.27748945187,298.7900280158211,727.8776178993942,1.033190118633504,366,14:18
3185000,6374.0000003810555,-810773.132748588,206451.2006431937,299.02600755990085,730.472613274612,1.0295197228775899,366,14:16
3190000,6384.000000383093,-810979.7006259738,206171.03727854768,298.6202161082956,726.7086654164867,1.0348520640759735,366,14:13
3195000,6394.00000038513,-810020.2408178812,208034.7089030076,301.31957694285944,726.461288805236,1.0352044547686392,366,14:11
3200000,6404.000000387167,-810579.4596808241,208943.64537971094,302.6360897309052,727.3158871236053,1.0339880864727227,366,14:08
3205000,6414.000000389205,-810989.8411507066,207921.1850223771,301.1551478056983,728.3037256023758,1.0325856314494928,366,14:06
3210000,6424.000000391242,-810469.4073160836,208747.65204892895,302.35221100784855,728.5531711958641,1.0322320897371677,366,14:04
3215000,6434.000000393279,-812363.2233916353,207386.94611337996,300.3813507653185,725.8897353972703,1.036019557400915,366,14:02
3220000,6444.000000395316,-809593.4970353493,206866.33437361667,299.62729145471513,728.0608535556609,1.032930089175099,366,13:59
3225000,6454.000000397354,-809543.9857034637,206933.09563202667,299.7239891367815,728.3655487603995,1.0324979863037624,366,13:57
3230000,6464.000000399391,-812007.2834998597,208593.31465217884,302.1286671610528,726.9298774185551,1.0345371482855377,366,13:54
3235000,6474.000000401428,-811528.9163388782,209121.7166542093,302.89400996633356,726.3068410001637,1.0354245890793943,366,13:52
3240000,6484.0000004034655,-809187.9727525203,207913.44075342763,301.14393092820757,728.6071476690653,1.0321556202049826,366,13:50
3245000,6494.000000405503,-809992.3722554035,207253.88756752113,300.18862742141954,728.3052645335831,1.0325834495646022,366,13:47
3250000,6504.00000040754,-811821.1960206181,206796.2733666006,299.52581438338603,727.2359934264393,1.0341016797654097,366,13:45
3255000,6514.000000409577,-810758.6401635031,207721.77183054382,300.8663157212982,727.4416974316555,1.0338092592757957,366,13:43
3260000,6524.000000411615,-809921.177623718,208209.03167908982,301.5720678152604,727.292929323654,1.03402072544209,366,13:40
3265000,6534.000000413652,-811556.6320655593,207080.6878951719,299.93776326382726,724.741702581607,1.0376606723599806,366,13:38
3270000,6544.000000415689,-810353.352361212,207625.86231551104,300.7273994094632,729.6271833495244,1.0307126427715456,366,13:35
3275000,6554.000000417726,-811191.2768481006,207913.11374417288,301.1434572846948,727.2650495346753,1.034060364745042,366,13:33
3280000,6564.000000419764,-809910.851529947,207696.50638265075,300.82972099097384,729.8583826102519,1.0303861410738067,366,13:31
3285000,6574.000000421801,-809237.034200184,207014.07516791119,299.84128071578016,727.567340432385,1.0336307316120332,366,13:28
3290000,6584.000000423838,-810254.342015543,207536.37591931463,300.5977864079298,728.0294071888533,1.0329747053652554,366,13:26
3295000,6594.000000425875,-810427.3310839571,207168.88499658834,300.0655088377583,728.7967476762508,1.0318870999163954,366,13:24
3300000,6604.000000427913,-810612.4672943251,206848.9307035228,299.6020838028883,730.5036803173665,1.029475939205982,366,13:21
3305000,6614.00000042995,-811529.6952048657,207161.66064688764,300.0550450165672,726.7570102551158,1.0347832243464123,366,13:19
3310000,6624.000000431987,-810830.7822332368,208825.57724121498,302.4650786446801,728.5178552466119,1.0322821286700987,366,13:17
3315000,6634.0000004340245,-809788.9012354268,207924.91558545738,301.1605511910037,729.7831292563645,1.0304923918348976,366,13:14
3320000,6644.000000436062,-809419.2038482968,208627.43700167112,302.1780903172537,727.3855185832304,1.033889104436572,366,13:12
3325000,6654.000000438099,-810520.3147117449,208461.5457923041,301.9378118113803,727.5152706819579,1.0337047106697903,366,13:10
3330000,6664.000000440136,-809019.197266629,207807.0182026078,300.9897874289843,728.5960978253706,1.0321712738137594,366,13:07
3335000,6674.000000442174,-811258.7558916858,207032.1575886882,299.86747147696303,726.9988139621241,1.034439049892766,366,13:05
3340000,6684.000000444211,-810413.119596255,207210.7261727428,300.1261120205836,728.7582773241567,1.031941572107368,366,13:02
3345000,6694.000000446248,-811858.4806260187,207228.17114548173,300.1513794955794,727.4216515812459,1.033837748372482,366,13:00
3350000,6704.000000448285,-810618.553143811,206584.05900797676,299.21844095950445,726.8447516652828,1.0346583099969404,366,12:58
3355000,6714.000000450323,-810968.1102792122,207562.1987577852,300.63518846840543,729.3515885366303,1.0311021107077192,366,12:55
3360000,6724.00000045236,-811413.1614216054,208473.13971011783,301.95460455923075,728.771039065202,1.0319235014508634,366,12:53
3365000,6734.000000454397,-809396.9217880159,206712.8125224713,299.4049288524238,729.3966444641134,1.031038417979928,366,12:51
3370000,6744.0000004564345,-810119.4263910293,206586.5700718275,299.22207800978885,726.2497522170167,1.0355059813685488,366,12:48
3375000,6754.000000458472,-811446.9512429149,206948.85839093468,299.74682007624665,726.8529931744416,1.0346465784005678,366,12:46
3380000,6764.000000460509,-810912.7759601995,208027.96469642167,301.3098085658131,728.5383272607091,1.0322531214188673,366,12:44
3385000,6774.000000462546,-809348.3998916545,206656.7941410967,299.32379126213493,728.0771632505475,1.03290695045376,366,12:41
3390000,6784.0000004645835,-810369.6967671635,207492.17582078133,300.53376653806714,729.8560937412224,1.0303893724216668,366,12:39
3395000,6794.000000466621,-809741.9389181905,208246.79617280007,301.626766289992,727.4798231534472,1.0337550794580874,366,12:36
3400000,6804.000000468658,-809534.9939978602,206378.313934488,298.9204377136585,728.8455285100098,1.0318180368418342,366,12:34
3405000,6814.000000470695,-810648.5466241082,206828.21682461444,299.572081611127,727.9679227784484,1.033061950748926,366,12:32
3410000,6824.000000472733,-809267.0642694766,207548.17890084855,300.6148819657875,728.744945888252,1.0319604501291004,366,12:29
3415000,6834.00000047477,-810029.3629464284,208724.61574101914,302.3188449864269,729.996568266733,1.0301910927797149,366,12:27
3420000,6844.000000476807,-810340.0288005513,206368.41994153504,298.9061071541736,728.3338244845388,1.032542959158025,366,12:25
3425000,6854.000000478844,-808666.3010146166,205736.13530871144,297.9902996955311,728.1684331622746,1.0327774840804638,366,12:22
3430000,6864.000000480882,-810692.4062713468,207366.9189090111,300.3523431599068,728.2523710876906,1.0326584467757165,366,12:20
3435000,6874.000000482919,-808702.959328041,207828.33851885068,301.0206679907159,729.5835865174007,1.030774233803588,366,12:18
3440000,6884.000000484956,-809931.6790868384,207931.2490957916,301.1697247114443,730.0997415965268,1.0300455123345917,366,12:15
3445000,6894.0000004869935,-811666.4270437029,207304.18544708172,300.2614793790099,728.1852871936019,1.0327535801862533,366,12:13
3450000,6904.000000489031,-811687.2211360792,207373.7626487281,300.36225570174713,728.9752718210486,1.031634393454103,366,12:10
3455000,6914.000000491068,-810477.222646045,206916.87398650154,299.7004935412979,726.9003374278366,1.0345791901118853,366,12:08
3460000,6924.000000493105,-811162.3996529207,207314.15251305868,300.27591577820203,727.1828388043019,1.0341772691235551,366,12:06
3465000,6934.000000495143,-808807.3164105108,208297.8126649834,301.70065909337495,729.8642158099146,1.0303779060515101,366,12:03
3470000,6944.00000049718,-809522.9507753002,206479.383951949,299.0668285494164,727.6006221690266,1.0335834515180558,366,12:01
3475000,6954.000000499217,-810481.9523000414,207105.7403924014,299.9740495542562,727.395792556683,1.033874501452446,366,11:59
3480000,6964.000000501254,-810935.7297053216,207416.92372121167,300.42477063576814,727.5355050900077,1.033675961003592,366,11:56
3485000,6974.000000503292,-809799.9013114301,207382.63713844374,300.3751096024294,730.2277596580722,1.0298649324702294,366,11:54
3490000,6984.000000505329,-809937.0622103778,207504.33774171397,300.55138198738115,727.1564934071515,1.0342147381018645,366,11:52
3495000,6994.000000507366,-811657.5239820401,206385.31735968663,298.9305815455658,729.5315098606648,1.0308478142798532,366,11:49
3500000,7004.000000509403,-811651.1422108891,207013.78327491315,299.84085793500884,727.1858101310085,1.0341730434105445,366,11:47
3505000,7014.000000511441,-811412.8039100124,207956.6179594003,301.2064692301374,727.1272650314074,1.0342563104901092,366,11:45
3510000,7024.000000513478,-809548.2781022987,208483.62407860038,301.96979022460516,728.0547388862831,1.0329387643826735,366,11:42
3515000,7034.000000515515,-810754.2276313738,206357.33918522467,298.890057674636,727.115059798666,1.0342736713449199,366,11:40
3520000,7044.0000005175525,-811348.0248798248,207928.0275950738,301.1650586572146,727.9985721925307,1.03301845788409,366,11:38
3525000,7054.00000051959,-812732.3177053086,207797.8532789795,300.9765128608848,726.4774464763649,1.0351814306634695,366,11:35
3530000,7064.000000521627,-809834.4064270011,206612.8465095766,299.26013706804827,727.6401501478905,1.033527303620201,366,11:33
3535000,7074.000000523664,-810150.858093698,206932.45766748258,299.72306510248194,728.0607486240049,1.0329302380460068,366,11:30
3540000,7084.000000525702,-811347.2034966522,207718.89317793958,300.8621462517445,726.9021562748782,1.0345766013985587,366,11:28
3545000,7094.000000527739,-810766.5587109192,207848.1323569042,301.0493375859955,726.6255515390136,1.0349704339398935,366,11:26
3550000,7104.000000529776,-811331.2039961787,208317.56940716028,301.7292749586116,727.7485295146804,1.0333733863944234,366,11:23
3555000,7114.000000531813,-809641.9310476757,208454.84142054056,301.9281011314937,728.7004941705152,1.0320234011151523,366,11:21
3560000,7124.000000533851,-810418.9510025927,207168.35882107267,300.0647467198184,727.5217238921177,1.0336955415776214,366,11:19
3565000,7134.000000535888,-810129.7129579228,208876.2344626184,302.5384510766308,728.350025188745,1.0325199922842927,366,11:16
3570000,7144.000000537925,-810797.4404787165,208452.81094808347,301.9251601746458,728.8716803624732,1.0317810153004634,366,11:14
3575000,7154.0000005399625,-811789.7739768433,207217.88894972077,300.13648665922017,726.5033176835306,1.0351445672485406,366,11:12
3580000,7164.000000542,-810871.3318935293,207519.4398114456,300.57325597795943,730.8665137789841,1.0289648632274935,366,11:09
3585000,7174.000000544037,-810278.9362479812,207152.39272223625,300.04162126074385,729.0753467639746,1.0314927884012046,366,11:07
3590000,7184.000000546074,-812211.1286106156,207262.80326351203,300.2015410056878,728.4681234270599,1.0323526015801667,366,11:04
3595000,7194.0000005481115,-810510.3264331203,207256.99884883367,300.1931338327477,727.6400894569668,1.0335273898245312,366,11:02
3600000,7204.000000550149,-810759.9166878848,207399.9045816873,300.4001199419082,727.9760542411686,1.0330504114892327,366,11:00
3605000,7214.000000552186,-809677.0828820495,208612.8335267016,302.15693849637285,727.6540753864607,1.0335075248341559,366,10:57
3610000,7224.000000554223,-811686.932598026,208432.70363872402,301.8960365443554,726.9019157089411,1.0345769437884798,366,10:55
3615000,7234.000000556261,-810962.846356451,207680.13453697358,300.8060078440704,727.1648049134393,1.0342029170095335,366,10:53
3620000,7244.000000558298,-812499.6822185228,207735.99043239868,300.88691008806614,725.7906212933673,1.0361610364267462,366,10:50
3625000,7254.000000560335,-810868.4106149627,207883.68560264344,301.100833266796,726.5507926581561,1.0350769278452665,366,10:48
3630000,7264.000000562372,-810599.8165750387,207066.11322943447,299.9166531705297,727.2182216828197,1.0341269511205289,366,10:46
3635000,7274.00000056441,-810206.6274173982,207122.4882328518,299.9983072957929,728.2339096915769,1.0326846256124647,366,10:43
3640000,7284.000000566447,-812204.5835948517,206015.44393828933,298.39485314021687,727.5439236764246,1.0336640000894513,366,10:41
3645000,7294.000000568484,-810795.621664803,207161.21144842354,300.0543943929675,728.1790244927023,1.0327624623794476,366,10:38
3650000,7304.0000005705215,-811705.0342048681,207228.89636466347,300.1524299103789,727.0709353254704,1.034336439334494,366,10:36
3655000,7314.000000572559,-812494.6907185675,208227.26011809526,301.59847007072256,723.7490380284095,1.0390838852605528,366,10:34
3660000,7324.000000574596,-811259.9379584473,207721.76208660213,300.8663016080745,727.4703500597619,1.0337685409809036,366,10:31
3665000,7334.000000576633,-810985.2059535384,209637.07323306747,303.6404576487184,726.4077899267717,1.0352806960728755,366,10:29
3670000,7344.000000578671,-809296.7118861214,206029.12816473702,298.4146735122392,729.7191731279052,1.030582709187402,366,10:27
3675000,7354.000000580708,-812398.0735572749,207680.42780012358,300.80643260938365,728.0241734760372,1.032982131345259,366,10:24
3680000,7364.000000582745,-811162.5445609689,207094.71359159733,299.95807822441975,727.0745130755721,1.0343313496260331,366,10:22
3685000,7374.000000584782,-810196.9793913257,207467.81623611058,300.4984838691981,727.8694101063685,1.0332017693644349,366,10:20
3690000,7384.00000058682,-811040.2884792117,205884.0884341218,298.2045964991324,725.5594302622214,1.03649119702897,366,10:17
3695000,7394.000000588857,-811356.2064156504,207364.1071485415,300.3482705775977,727.3342834658813,1.0339619339879842,366,10:15
3700000,7404.000000590894,-810429.8454901152,207671.1338089681,300.79297109857214,728.2266108493102,1.0326949759650628,366,10:12
3705000,7414.000000592931,-811079.5958523923,207224.42432601852,300.1459525643645,728.2176775663423,1.0327076443700245,366,10:10
3710000,7424.000000594969,-808903.4068862968,207930.18313388553,301.1681807614358,727.6700043175238,1.0334849010211382,366,10:08
3715000,7434.000000597006,-809714.2233825889,207171.85088590306,300.0698046618459,729.5961223077451,1.0307565232246905,366,10:05
3720000,7444.000000599043,-809312.6660642903,208258.04922125186,301.6430653192103,729.068920760342,1.0315018799647269,366,10:03
3725000,7454.0000006010805,-811814.7976402203,208101.39485926105,301.4161655565205,727.3458504476015,1.033945490890409,366,10:01
3730000,7464.000000603118,-811420.1300617266,208037.05110400237,301.32296941047497,728.6786739981397,1.0320543048993738,366,9:58
3735000,7474.000000605155,-810688.2526769149,206456.73580273782,299.03402474098056,728.2244236827141,1.0326980775857744,366,9:56
3740000,7484.000000607192,-810275.3160792417,206883.2816443206,299.6518380530485,729.0136193738808,1.0315801274522682,366,9:54
3745000,7494.00000060923,-809864.5963510801,206641.33191448534,299.30139561668864,729.6894366535489,1.0306247077346802,366,9:51
3750000,7504.000000611267,-810178.0507874838,208082.72616084837,301.38912562487906,728.5086293251022,1.0322952016159932,366,9:49
3755000,7514.000000613304,-810581.4963175501,207214.81585488346,300.13203555756905,727.4964952755059,1.0337313887723243,366,9:47
3760000,7524.000000615341,-809256.5481480695,208611.4116036145,302.1548789685887,727.5643286054028,1.0336350104322072,366,9:44
3765000,7534.000000617379,-808917.7939492669,208662.38953793485,302.2287159243728,727.4429651907968,1.0338074575934626,366,9:42
3770000,7544.000000619416,-810736.5536591155,207615.50270350144,300.7123944426262,728.1977659674421,1.0327358823863393,366,9:40
3775000,7554.000000621453,-810000.3332378999,208685.3766789831,302.2620107320148,728.3857514910774,1.0324693486228358,366,9:37
3780000,7564.00000062349,-810038.1299420036,207291.6421290928,300.24331151034124,728.8036132483193,1.03187737919723,366,9:35
3785000,7574.000000625528,-809915.8484058729,208080.9115046661,301.3864972585068,726.6392847082681,1.0349508734448283,366,9:32
3790000,7584.000000627565,-812080.6841140832,207718.11035935028,300.86101240938046,726.4399369695257,1.0352348819441288,366,9:30
3795000,7594.000000629602,-810864.3627229319,208300.60721218717,301.70470674381573,727.3881099715948,1.0338854211096675,366,9:28
3800000,7604.0000006316395,-810408.5962956767,207009.67294607122,299.8349044931324,726.04215489647,1.0358020637181653,367,9:25
3805000,7614.000000633677,-808712.2556696944,207935.51321419168,301.17590090367264,728.8514312721079,1.031809680438679,366,9:23
3810000,7624.000000635714,-811190.2808393938,206796.6290444751,299.52632955081765,725.2092831044799,1.0369916380121715,366,9:21
3815000,7634.000000637751,-811972.6791255106,207670.51045932376,300.79206823264116,727.2967810224703,1.0340152493606494,366,9:18
3820000,7644.000000639789,-809360.0183387594,207646.71662742004,300.75760500580327,728.4681949021601,1.032352500288846,366,9:16
3825000,7654.000000641826,-811046.8420645958,206622.90183158248,299.2747012981655,727.2237353029473,1.0341191106405017,366,9:14
3830000,7664.000000643863,-811572.2651042202,207846.12428343494,301.04642907206807,726.6721005878093,1.034904135964242,366,9:11
3835000,7674.0000006459,-810764.3191997362,207589.5054840447,300.6747398069661,729.7398642015386,1.0305534880035705,366,9:09
3840000,7684.000000647938,-810365.8017269187,206690.62923892107,299.372798360114,727.5015885389361,1.0337241515836197,366,9:06
3845000,7694.000000649975,-809575.3211773001,206712.42965961946,299.40437430999594,729.6714834282495,1.0306500657731912,367,9:04
3850000,7704.000000652012,-811221.2484374554,208356.48049132616,301.7856341665585,728.7844869510255,1.031904459896502,367,9:02
3855000,7714.0000006540495,-808873.3092245688,207347.84107586936,300.3247106333849,729.2643366764205,1.0312254755463666,366,8:59
3860000,7724.000000656087,-810082.6983798966,207460.31996396297,300.48762619278403,728.6179159038211,1.0321403659904205,366,8:57
3865000,7734.000000658124,-810417.5309623401,206517.4698292054,299.1219925193275,728.5195400858854,1.0322797413223668,366,8:55
3870000,7744.000000660161,-811092.6491405638,208572.75408570823,302.09888702857734,728.1785141528426,1.0327631861852726,366,8:52
3875000,7754.0000006621985,-812162.6736552464,206137.66215379623,298.57187523996856,727.3973616981666,1.0338722711785207,366,8:50
3880000,7764.000000664236,-811676.1262132302,207724.2875468274,300.8699595102134,729.2718510067185,1.0312148499218834,366,8:48
3885000,7774.000000666273,-811053.371739842,208238.553563253,301.61482761093833,730.234033369311,1.0298560845188796,366,8:45
3890000,7784.00000066831,-811647.6049525384,205993.55206742033,298.3631447329827,727.552176745986,1.0336522746061545,367,8:43
3895000,7794.000000670348,-809405.5903131813,206926.88750170404,299.71499721801814,731.4347182561005,1.0281655267624767,367,8:40
3900000,7804.000000672385,-810192.1152214254,206287.7862057503,298.7893164355377,726.9790485856068,1.0344671746060505,367,8:38
3905000,7814.000000674422,-809717.3645642018,207491.5229238458,300.5328208755407,728.0821926328273,1.0328998154297668,366,8:36
3910000,7824.000000676459,-811172.0607804405,207116.57343577387,299.9897402438686,727.5246659003903,1.0336913614570327,366,8:33
3915000,7834.000000678497,-810847.0293767862,207140.3781539166,300.0242192384452,729.7178262457393,1.0305846113931882,366,8:31
3920000,7844.000000680534,-811146.0350943371,207732.31766543555,300.8815904152415,726.7385207664398,1.0348095510267272,366,8:29
3925000,7854.000000682571,-810524.155861327,207487.83597827813,300.5274806662818,726.6673175528156,1.034910947860935,367,8:26
3930000,7864.0000006846085,-811410.2576143043,207043.63941328067,299.8841018678578,729.0027514640133,1.0315955061594457,367,8:24
3935000,7874.000000686646,-809801.6806027973,206991.99538380734,299.80930013311564,727.2908036151008,1.034023747653686,367,8:22
3940000,7884.000000688683,-812090.73154712,206875.60764958704,299.64072296144303,727.512997531849,1.0337079405309522,367,8:19
3945000,7894.00000069072,-812044.8658876875,207724.25753693335,300.8699160435792,725.2712348648764,1.036903059485404,367,8:17
3950000,7904.000000692758,-810183.852488061,206799.37104663695,299.5303010944882,727.3900376862204,1.0338826811270663,367,8:14
3955000,7914.000000694795,-810834.43698064,207981.20092303882,301.2420754433632,726.4054136567115,1.035284082758156,366,8:12
3960000,7924.000000696832,-811063.43802799,206851.79827860845,299.6062372276519,726.5551202939429,1.0350707625374598,366,8:10
3965000,7934.000000698869,-809842.026325955,208383.36339733002,301.82457163957343,727.3395699150448,1.0339544189462802,366,8:08
3970000,7944.000000700907,-809965.72434557,208170.93047256698,301.51688164228466,727.1620913642026,1.0342067763423692,366,8:05
3975000,7954.000000702944,-811327.4311408717,208920.04711794606,302.6019097698349,728.2918724764917,1.032602437029698,366,8:03
3980000,7964.000000704981,-811438.5834889179,207421.47394919378,300.43136123200946,727.2584106653244,1.0340698042943985,367,8:00
3985000,7974.000000707018,-810896.0445158714,207465.20556311688,300.4947025440233,728.9601548381124,1.031655787215365,367,7:58
3990000,7984.000000709056,-810845.5279575484,207587.92811580322,300.6724551308478,729.3956998937107,1.0310397531788793,367,7:56
3995000,7994.000000711093,-810224.6466414989,207656.07679915518,300.77116237323594,728.2053999736247,1.0327250558913539,367,7:53
4000000,8004.00000071313,-810698.5557230446,208342.09336279906,301.76479570405354,728.2555753602077,1.0326539031523068,367,7:51
4005000,8014.0000007151675,-810253.9317768905,207349.93058671104,300.32773710202633,729.0140663793993,1.0315794949239934,366,7:49
4010000,8024.000000717205,-810352.2774091754,206611.93838858974,299.258821736424,729.8099439598784,1.0304545294459442,366,7:46
4015000,8034.000000719242,-808438.6519248653,206683.10252610056,299.36189659312134,728.5851459164337,1.0321867891531287,367,7:44
4020000,8044.000000721279,-809968.7837804644,207534.71018085402,300.5953737354921,728.603450598317,1.0321608575564498,367,7:42
4025000,8054.000000723317,-811399.4320399892,206767.8075964639,299.48458427394826,728.1410912665868,1.0328162651554191,367,7:39
4030000,8064.000000725354,-813073.8806526219,207184.79900311248,300.0885588458007,725.4779124529774,1.0366076616245588,367,7:37
4035000,8074.000000727391,-810253.4017030373,207196.0267215366,300.1048211867506,729.0307841820481,1.0315558392117974,367,7:34
4040000,8084.000000729428,-810759.2277470808,206798.83778020064,299.5295287059871,727.912395250793,1.033140756078268,367,7:32
4045000,8094.000000731466,-812059.8006484574,207356.0497514368,300.3366001621192,727.4991143074848,1.0337276672893538,367,7:30
4050000,8104.000000733503,-811645.9041510574,206706.61786206215,299.3959564436193,727.7915752728403,1.0333122667794254,367,7:27
4055000,8114.00000073554,-810143.6324209003,207957.9279095753,301.2083665752229,729.3260284269636,1.0311382469238968,367,7:25
4060000,8124.0000007375775,-808943.2720734538,208072.19536228536,301.37387270970635,729.999973786561,1.0301862868395517,367,7:23
4065000,8134.000000739615,-810355.9010013747,207268.98235781718,300.2104908683897,727.143848863095,1.0342327224028254,367,7:20
4070000,8144.000000741652,-809466.5635025296,208459.82567895748,301.9353203818077,729.2184269327612,1.0312903988882471,367,7:18
4075000,8154.000000743689,-808870.3030981817,208023.36729936898,301.3031496494128,727.0810919867307,1.0343219905956131,367,7:16
4080000,8164.0000007457265,-808670.6365204323,207468.89734616474,300.5000497599375,730.952094586885,1.0288443907027567,367,7:13
4085000,8174.000000747764,-810512.7308029663,205625.4635515638,297.8300016028759,728.4723929093822,1.032346551095309,367,7:11
4090000,8184.000000749801,-810145.0836101086,207407.41664231953,300.4110004865231,725.9638358848626,1.0359138089454634,367,7:08
4095000,8194.000000751837,-810427.3773872512,206756.57620843622,299.4683166179074,728.7476908877783,1.0319565630074226,367,7:06
4100000,8204.000000753875,-808980.8161074589,206342.80378668685,298.86900445634757,728.3692613068664,1.0324927235929993,367,7:04
4105000,8214.000000755912,-811435.7343299221,207269.20213523094,300.2108091962192,728.7181729508787,1.0319983641177017,367,7:01
4110000,8224.00000075795,-810238.1917042448,207408.68366971848,300.4128356618255,728.7687525062835,1.0319267391773406,367,6:59
4115000,8234.000000759987,-809938.3894603048,208296.05491536425,301.6981131510444,729.40331808008,1.0310289845782994,367,6:57
4120000,8244.000000762024,-810779.7012267043,207268.39247051903,300.20963646965953,727.8055004895868,1.033292496253822,367,6:54
4125000,8254.000000764061,-809593.973286326,207233.75959726365,300.1594738656755,728.031300312277,1.0329720192875962,367,6:52
4130000,8264.000000766098,-811011.2207365977,208358.99268685532,301.7892728559774,728.1996246789325,1.0327332463536005,367,6:50
4135000,8274.000000768136,-811076.8334779306,206325.97735694938,298.84463288529247,727.9451694853786,1.0330942410398845,367,6:47
4140000,8284.000000770173,-811076.8855204959,207334.86896179628,300.30592169212997,728.7224584829676,1.0319922950552574,367,6:45
4145000,8294.00000077221,-810789.2330487659,207916.73723516983,301.1487055857115,728.3403235913717,1.0325337455983967,367,6:43
4150000,8304.000000774247,-810999.1164613324,207781.54453354713,300.9528911090143,728.5942076764669,1.032173951514709,367,6:40
4155000,8314.000000776285,-809417.7673748368,206034.09954966535,298.42187411646205,727.9440235676362,1.0330958673201782,367,6:38
4160000,8324.000000778322,-810828.8943586019,208426.5501857902,301.8871238208751,726.0256312825118,1.0358256375325052,367,6:35
4165000,8334.00000078036,-809121.9776935284,207086.45876314057,299.94612184737366,728.5022299773337,1.03230426955803,367,6:33
4170000,8344.000000782396,-810096.7921967311,206177.45842258696,298.6295165582811,729.7922874625636,1.0304794601254603,367,6:31
4175000,8354.000000784434,-810138.3774324693,207548.81199464202,300.6157989452426,728.5028691576307,1.0323033638257706,367,6:28
4180000,8364.000000786471,-809962.5882177502,205818.69050816842,298.10987348158824,726.8210862338296,1.0346919986663756,367,6:26
4185000,8374.000000788508,-810094.5174592151,206844.0186091912,299.5949690757655,727.8592889337143,1.0332161364456185,367,6:24
4190000,8384.000000790546,-810132.0626024515,207447.58404893332,300.46917936461307,728.3263993079703,1.0325534857760272,367,6:21
4195000,8394.000000792583,-809972.2435661927,207403.16588594124,300.4048436479823,727.5559593370178,1.033646900608768,367,6:19
4200000,8404.00000079462,-810386.8248205227,206826.48968231396,299.5695800007464,727.3291256913283,1.0339692662153948,367,6:17
4205000,8414.000000796657,-810861.9127492257,207511.72219037902,300.56207769753183,727.9441618949144,1.0330956710065777,367,6:14
4210000,8424.000000798695,-811002.8680219683,207281.59077010537,300.2287530203,725.8566465153712,1.0360667853610706,367,6:12
4215000,8434.000000800732,-809518.4060202735,207486.6438353908,300.5257539544636,726.0899488826866,1.035733883309343,367,6:10
4220000,8444.00000080277,-810502.05227292,207186.7461178853,300.0913790665355,727.8455715386007,1.0332356090295505,367,6:07
4225000,8454.000000804806,-810031.1216568253,206531.8943179249,299.1428850947131,727.5103004422155,1.0337117727831813,367,6:05
4230000,8464.000000806844,-808863.3866379773,207078.7585469784,299.9349687763857,726.8951140656717,1.0345866244468997,367,6:02
4235000,8474.000000808881,-810292.7735687094,207498.74068667841,300.54327515624544,726.7715546226856,1.0347625159580967,367,6:00
4240000,8484.000000810918,-809765.8150678612,207356.48237276138,300.33722677522235,727.4905335192261,1.0337398601603556,367,5:58
4245000,8494.000000812955,-810690.0806840244,208241.33392821634,301.6188547196786,727.517344452375,1.0337017641197657,367,5:55
4250000,8504.000000814993,-810782.3442140846,207520.8190643083,300.57525370175887,728.8137180474384,1.0318630725048967,367,5:53
4255000,8514.00000081703,-810399.6781729674,205187.72065370626,297.19597036122536,728.8096076497072,1.0318688920873882,367,5:51
4260000,8524.000000819067,-810586.4846447818,208525.22244437126,302.0300417184145,729.7708178570649,1.030509776475391,367,5:48
4265000,8534.000000821105,-811178.6428251266,206879.63920034023,299.6465623003388,727.6539830048688,1.0335076560463428,367,5:46
4270000,8544.000000823142,-808994.3921663468,207986.34800580796,301.24953053011603,728.6430360605376,1.0321047826849281,367,5:44
4275000,8554.000000825179,-810098.678256433,207899.9524225589,301.12439429332363,728.2132373040214,1.0327139412795103,367,5:41
4280000,8564.000000827216,-810711.5621814327,207866.9268805121,301.0765597641226,727.3627589892711,1.0339214554140244,367,5:39
4285000,8574.000000829254,-810851.055102129,207066.07713582486,299.9166008921804,726.4984271358462,1.0351515355001946,367,5:36
4290000,8584.00000083129,-809695.7089205259,207272.040343947,300.214920086436,727.1328841434671,1.0342483180003819,367,5:34
4295000,8594.000000833328,-811666.3384616156,208106.10736195167,301.4229911930913,726.0250812590392,1.035826422255277,367,5:32
4300000,8604.000000835365,-810388.4870810551,207467.8934524784,300.4985957101664,727.4627165736916,1.0337793886265325,367,5:29
4305000,8614.000000837403,-809863.9079466658,207152.02577356962,300.0410897685829,728.9289069252104,1.0317000125024645,367,5:27
4310000,8624.00000083944,-809724.0777883851,207723.9261114595,300.86943600357006,728.7449793941978,1.0319604026820346,367,5:25
4315000,8634.000000841477,-810553.6520450804,207561.23439711204,300.6337916786505,727.5399183727043,1.0336696906889091,367,5:22
4320000,8644.000000843514,-810990.0461332388,206682.45540048167,299.3609592898284,726.4864877783062,1.0351685475774985,367,5:20
4325000,8654.000000845552,-810190.2063234812,207655.2837432305,300.7700137030118,727.7014669588003,1.0334402176362862,367,5:18
4330000,8664.000000847589,-811025.7613909668,207050.732537186,299.89437562027933,725.4301076699803,1.0366759725531973,367,5:15
4335000,8674.000000849626,-810866.2024306911,207938.7548570743,301.1805961320176,727.5841603830145,1.0336068366197817,367,5:13
4340000,8684.000000851664,-810264.6496250941,205744.5890349054,298.002544158072,729.177113147299,1.0313488298366693,367,5:11
4345000,8694.0000008537,-810645.1848996906,207439.53733296198,300.45752441979624,726.1220010882626,1.0356881643319533,367,5:08
4350000,8704.000000855738,-809707.7468094202,207165.27129424326,300.0602747147239,728.0392354013873,1.032960760656711,367,5:06
4355000,8714.000000857775,-809773.1720646652,206862.05496565672,299.62109311693365,726.4483319078395,1.0352229186253457,367,5:04
4360000,8724.000000859813,-811928.2258481462,206272.24215935537,298.76680228148916,729.1216375300794,1.031427300574553,367,5:01
4365000,8734.00000086185,-808622.9781834325,206706.14236058138,299.39526772246415,726.6281554192277,1.0349667251116366,367,4:59
4370000,8744.000000863887,-811084.4995948053,207396.91820484214,300.3957944434742,727.9243367759515,1.0331238075086053,367,4:56
4375000,8754.000000865924,-810441.2595323273,207394.0456820762,300.39163385244035,727.1134560863588,1.0342759525259404,367,4:54
4380000,8764.000000867962,-809507.1885577817,206942.88103636383,299.7381624154168,728.2874583062954,1.0326086956613003,367,4:52
4385000,8774.000000869999,-809268.7649132069,207260.51706089848,300.19822964669413,727.7719053570885,1.0333401947127285,367,4:49
4390000,8784.000000872036,-810787.5332966363,207241.00282594672,300.1699650313757,726.8934522643805,1.0345889896867886,367,4:47
4395000,8794.000000874074,-810498.8472521547,206515.81380926486,299.1195939232926,728.1920293254772,1.0327440182018426,367,4:45
4400000,8804.00000087611,-810613.0763717657,206085.20089573436,298.49588982307137,728.8707817558286,1.0317822873575953,367,4:42
4405000,8814.000000878148,-809073.5601867698,207446.09807466896,300.46702706445586,727.8559468126327,1.0332208806995418,367,4:40
4410000,8824.000000880185,-810402.3728305898,206114.97526110755,298.539015315088,728.579327135043,1.0321950326882616,367,4:38
4415000,8834.000000882223,-808845.7708921847,207441.51333951615,300.46038648767944,728.0838055587578,1.0328975272441443,367,4:35
4420000,8844.00000088426,-809816.0303084827,207430.87675861566,300.44498035629897,728.2726722988418,1.0326296605559773,367,4:33
4425000,8854.000000886297,-809486.8145046406,208337.24619527912,301.75777501758165,727.631299305723,1.0335398753540568,367,4:31
4430000,8864.000000888334,-810078.3416794604,208526.26269916823,302.03154843398613,728.382126365395,1.0324744871771967,367,4:28
4435000,8874.000000890372,-811219.8001995892,205657.57936251187,297.8765184683503,726.1842366080446,1.0355994036731704,367,4:26
4440000,8884.000000892409,-810976.604102348,207019.34427003915,299.84891253660675,729.5533728835858,1.030816922161155,367,4:23
4445000,8894.000000894446,-810184.8722564555,206834.918951097,299.5817890389259,727.5497063399987,1.0336557843880234,367,4:21
4450000,8904.000000896483,-808064.5926352399,207991.1338835301,301.2564624438248,730.8871874673512,1.0289357581900982,367,4:19
4455000,8914.00000089852,-810376.9135877895,206835.7726505493,299.58302554584895,726.3966650951419,1.0352965514918042,367,4:16
4460000,8924.000000900558,-810946.7603499126,207512.58274678537,300.5633241361365,728.1289068218288,1.0328335482114963,367,4:14
4465000,8934.000000902595,-809868.9472597553,207686.12437376223,300.8146835842709,728.7469116311964,1.031957666489209,367,4:12
4470000,8944.000000904633,-808622.05567327,207618.84528842618,300.71723587644624,728.5076485057864,1.0322965914367803,367,4:09
4475000,8954.00000090667,-809118.5030698334,209071.02437772724,302.8205867602522,728.8235532049075,1.0318491479606637,367,4:07
4480000,8964.000000908707,-810382.232571823,207306.05598409605,300.2641886837446,728.4227237112132,1.032416944046759,367,4:05
4485000,8974.000000910744,-809572.5197173627,206916.98510860562,299.70065449167754,728.0538012795826,1.0329400946281926,367,4:02
4490000,8984.000000912782,-810441.3413022151,207413.7256660126,300.4201385402649,728.7469664237341,1.0319575888990689,367,4:00
4495000,8994.000000914819,-810412.5637354278,207605.71526141852,300.69821821249934,728.551185080121,1.032234903722576,367,3:58
4500000,9004.000000916856,-810554.4499596516,207122.27018118656,299.99799146755504,726.6571736860958,1.0349253948368984,367,3:55
4505000,9014.000000918893,-811526.5864822157,208269.47842303955,301.6596194907022,726.6118031436259,1.0349900168625474,367,3:53
4510000,9024.00000092093,-808691.315991322,208820.17574371313,302.4572550610545,729.7723004386976,1.030507682925299,367,3:50
4515000,9034.000000922968,-808665.345073808,207587.67414767575,300.6720872808428,728.1637192367922,1.0327841699891012,367,3:48
4520000,9044.000000925005,-810429.2024053279,207671.92350137507,300.79411489704324,728.1651085845957,1.032782199424457,367,3:46
4525000,9054.000000927042,-808317.9280300476,205503.27287948466,297.6530193973035,728.0923187460457,1.0328854501354148,367,3:43
4530000,9064.00000092908,-811297.0050005917,206389.52538444797,298.93667649120033,727.7577872116653,1.033360241007522,367,3:41
4535000,9074.000000931117,-809975.0072521153,207539.7602279713,300.6026882748252,728.5058211601701,1.032299180795158,367,3:39
4540000,9084.000000933154,-809663.884723437,206058.9740969647,298.4579026624119,728.9859174468444,1.0316193281511281,367,3:36
4545000,9094.000000935192,-810644.4657904338,206916.9294271436,299.7005738420846,728.5985742732554,1.0321677655467136,367,3:34
4550000,9104.000000937229,-811052.6333099054,207246.87433237402,300.1784693806836,727.9696616772263,1.0330594830771833,367,3:32
4555000,9114.000000939266,-810100.3748001028,207367.71079345729,300.35349013334974,727.4893173969492,1.0337415882325658,367,3:29
4560000,9124.000000941303,-812117.9847581685,207318.2002137907,300.28177850889057,727.3159995047978,1.0339879267061092,367,3:27
4565000,9134.00000094334,-810744.8754124027,207866.06623204428,301.0753131921751,726.8390903126976,1.0346663689546605,367,3:25
4570000,9144.000000945378,-811550.9439133136,208412.98139623943,301.8674706488221,728.2167548677971,1.032708952878562,367,3:22
4575000,9154.000000947415,-809432.168019468,207090.429997769,299.9518738237842,727.638348547941,1.033529862587498,367,3:20
4580000,9164.000000949452,-811288.3385703494,206668.2239525253,299.34034631663695,726.9457260332017,1.0345145936710545,367,3:17
4585000,9174.00000095149,-810697.5549819903,206241.97360605962,298.72296100268596,726.6369456788708,1.034954204930424,367,3:15
4590000,9184.000000953527,-812221.7522444362,207474.8115572309,300.50861596307635,727.3200918637008,1.0339821088416712,367,3:13
4595000,9194.000000955564,-810369.5082631311,207264.2017927183,300.20356664953823,729.2245643344544,1.0312817191978612,367,3:10
4600000,9204.000000957602,-808727.3800990102,207160.04658072616,300.0527071868103,729.8481155208948,1.0304006359616575,367,3:08
4605000,9214.000000959639,-810483.982932047,207268.05438737173,300.20914678660876,729.3194361697155,1.0311475672960753,367,3:06
4610000,9224.000000961676,-811881.0578997694,207654.34094025835,300.7686481376491,727.2866505327307,1.0340296523211143,367,3:03
4615000,9234.000000963713,-811967.8196064467,208675.0433268395,302.2470438002334,729.5659307348893,1.030799178945519,367,3:01
4620000,9244.00000096575,-808687.436476727,206655.65506131377,299.32214140745396,727.8897991049867,1.0331728282397292,367,2:59
4625000,9254.000000967788,-808969.9812241606,206660.70396694905,299.32945429345295,727.3466374800691,1.033944372099685,367,2:56
4630000,9264.000000969825,-812160.4532113392,208114.7438769529,301.4355004087897,726.0507308905954,1.0357898289912575,367,2:54
4635000,9274.000000971862,-811063.6036742711,207640.92287596944,300.7492132775902,728.8938322190587,1.0317496583811585,367,2:52
4640000,9284.0000009739,-810208.3412127765,206958.8749605987,299.7613281770799,728.9047445089066,1.031734212259553,367,2:49
4645000,9294.000000975937,-810193.7159327292,208194.86177532014,301.55154398329165,728.9288173296903,1.031700139312788,367,2:47
4650000,9304.000000977974,-809733.9405843616,207282.54989763704,300.2301422303198,728.1587741990933,1.0327911837844936,367,2:44
4655000,9314.000000980011,-810679.5166072384,207074.2277141015,299.92840627221096,726.3137035842351,1.0354148058572725,367,2:42
4660000,9324.000000982049,-811851.5669279858,207637.71091640682,300.7445610428661,726.1311369833636,1.0356751337126273,367,2:40
4665000,9334.000000984086,-811814.9785552789,207297.76498074143,300.2521799106105,727.0642516860939,1.0343459476162429,367,2:37
4670000,9344.000000986123,-808772.8092480348,207163.53761276754,300.05776363293586,729.871158195333,1.030368105307269,367,2:35
4675000,9354.00000098816,-812061.0612550639,207849.4163047537,301.0511972690496,727.3901548432175,1.0338825146048918,367,2:33
4680000,9364.000000990198,-811491.3013091832,208357.1516930599,301.78660634193983,729.1035181146259,1.0314529332306914,367,2:30
4685000,9374.000000992235,-809079.9794253707,207198.41264190525,300.1082769779496,727.5302227963485,1.0336834660938319,367,2:28
4690000,9384.000000994272,-810055.185140661,208776.39886831836,302.3938481918672,727.4895377681687,1.0337412750914379,367,2:26
4695000,9394.00000099631,-811628.257757857,207525.17945318355,300.58156933311733,725.790858996395,1.0361606970746966,367,2:23
4700000,9404.000000998347,-810327.6778545608,205142.0539147717,297.1298261945684,727.384380985521,1.033890721394411,367,2:21
4705000,9414.000001000384,-810246.0887303236,207616.37450939362,300.7136571751,727.5821041467269,1.0336097577195067,367,2:19
4710000,9424.000001002421,-810796.482483861,207960.0489612573,301.2114387279365,728.7323146144455,1.0319783373213405,367,2:16
4715000,9434.000001004459,-809162.1585347285,207037.2183364438,299.8748015152089,729.1235734929496,1.0314245619373315,367,2:14
4720000,9444.000001006496,-809795.3177668778,207128.71075344563,300.0073200575706,727.7766370324387,1.0333334764009845,367,2:11
4725000,9454.000001008533,-810759.373675833,206508.19913866057,299.1085647573561,727.4022167008933,1.0338653706596876,367,2:09
4730000,9464.00000101057,-810041.4183904584,207503.84098204208,300.55066247564696,728.1831395939794,1.0327566260425474,367,2:07
4735000,9474.000001012608,-808797.1989524085,206527.18688958528,299.13606680788365,729.636138503828,1.0306999923691444,367,2:04
4740000,9484.000001014645,-812764.5792348627,207335.87805984291,300.3073832799492,727.4356215947038,1.033817894069463,367,2:02
4745000,9494.000001016682,-810571.2446800135,206844.90756691145,299.5962566511206,726.296310300738,1.035439601884734,367,2:00
4750000,9504.00000101872,-811209.0763913323,207434.92199948156,300.45083952409254,727.8490264131063,1.033230704579267,367,1:57
4755000,9514.000001020757,-811030.8350868146,207597.47756808106,300.68628665413337,727.1253780536264,1.0342589945095877,367,1:55
4760000,9524.000001022794,-810060.5233506444,207273.01338357947,300.2163294468834,728.606498223513,1.0321565402199404,367,1:53
4765000,9534.000001024831,-809932.945076244,208270.75543637137,301.66146912973085,726.5977226734482,1.0350100735536323,367,1:50
4770000,9544.000001026869,-812162.4934298894,208359.95996658737,301.7906738737267,727.1710209380358,1.0341940764058999,367,1:48
4775000,9554.000001028906,-811433.7236459935,207719.94030661465,300.8636629235107,727.157869538155,1.034212780872183,367,1:46
4780000,9564.000001030943,-811386.1763757118,208219.26429967812,301.58688884643806,726.7312544408453,1.0348198977168965,367,1:43
4785000,9574.00000103298,-811294.5982134491,207771.37331632004,300.93815901508617,726.6464665678459,1.0349406444377596,367,1:41
4790000,9584.000001035018,-813010.339724849,206650.74940098767,299.3150359994098,727.0312336784858,1.0343929222726067,367,1:38
4795000,9594.000001037055,-811090.8152483352,207757.46824762278,300.9180187729155,728.997999722697,1.0316022302862473,367,1:36
4800000,9604.000001039092,-811948.6105808183,207933.76917570096,301.1733748206792,726.8951942196513,1.034586510364105,367,1:34
4805000,9614.00000104113,-811029.7017583377,206439.21174060716,299.00864271210963,729.2521871017001,1.031242656092672,367,1:31
4810000,9624.000001043167,-810307.0504839434,206731.45670047984,299.43193326846375,729.4083240223463,1.0310219086080896,367,1:29
4815000,9634.000001045204,-809861.2993950611,207513.995479929,300.56537035311356,730.8120542073715,1.02904154092504,367,1:27
4820000,9644.000001047241,-810159.73859475,206536.6133380928,299.1497201712639,728.4256426117058,1.0324128070118301,367,1:24
4825000,9654.000001049279,-811356.0117238904,207354.47245567007,300.3343155909741,726.4469570017982,1.035224877934599,367,1:22
4830000,9664.000001051316,-810164.5356317437,206983.35372530812,299.79678346752263,729.1032930574247,1.0314532516161827,367,1:20
4835000,9674.000001053353,-810171.7313837749,208122.00405275112,301.4460161208629,726.4949573904381,1.035156479391753,367,1:17
4840000,9684.00000105539,-810939.8604769506,206836.51139159768,299.5840955458568,727.3701881307983,1.0339108952495502,367,1:15
4845000,9694.000001057428,-810984.5930404067,207138.74124157577,300.021848318051,726.3193917934028,1.035406696950836,367,1:13
4850000,9704.000001059465,-810559.6491533425,207520.5207511229,300.57482162192326,726.7962418065068,1.0347273680432159,367,1:10
4855000,9714.000001061502,-809776.3068061494,205847.9643353307,298.15227398899657,730.2366295067388,1.0298524231742985,367,1:08
4860000,9724.00000106354,-810797.0194458105,207273.82783031373,300.2175090997726,727.6758785169982,1.0334765581632237,367,1:05
4865000,9734.000001065577,-810760.0522239846,207229.3921678858,300.15314803678183,728.3316217499537,1.0325460819361922,367,1:03
4870000,9744.000001067614,-812012.6230464154,208124.87686846044,301.45017713619893,723.9682805479853,1.0387692148873113,367,1:01
4875000,9754.000001069651,-810448.6953057689,207605.06599767285,300.69727781232194,726.730826016321,1.0348205077670094,367,0:58
4880000,9764.000001071689,-811891.8162773647,207635.72441199337,300.7416837697774,724.841745245294,1.0375174544253802,367,0:56
4885000,9774.000001073726,-810364.5398105886,207400.1763957292,300.4005136401163,726.6720720655213,1.034904176584812,367,0:54
4890000,9784.000001075763,-810941.0504633957,207332.88878162685,300.3030535791402,729.2539039599409,1.0312402282723439,367,0:51
4895000,9794.0000010778,-810314.4274293086,206530.58502491447,299.14098870147143,727.7350815775251,1.0333924822724565,367,0:49
4900000,9804.000001079838,-810421.5210390142,207114.27914920455,299.9864171759916,728.5655222470139,1.0322145907601377,367,0:47
4905000,9814.000001081875,-808858.3152402779,206674.976183446,299.350126316211,727.4833396706493,1.0337500824810828,367,0:44
4910000,9824.000001083912,-809837.890786651,206395.79145469738,298.94575233073977,728.0994642846279,1.0328753134395416,367,0:42
4915000,9834.00000108595,-809927.862700467,206172.83449345903,298.6228192125546,727.3407443055852,1.0339527494862666,367,0:40
4920000,9844.000001087987,-812961.1888697064,207544.75159649286,300.6099178234867,726.2601653804975,1.0354911342192994,367,0:37
4925000,9854.000001090024,-812882.0643863915,206478.3378856434,299.0653134163969,727.2514306979175,1.0340797290236265,367,0:35
4930000,9864.000001092061,-810962.6370089976,206960.06627311627,299.76305368618216,726.3704230565589,1.0353339542978472,367,0:32
4935000,9874.000001094098,-809050.44056537,207451.39602887005,300.47470067491713,725.8205451464687,1.0361183179740228,367,0:30
4940000,9884.000001096136,-813275.9403166086,206687.15757464766,299.3677699664596,725.2476322255188,1.0369368047165144,367,0:28
4945000,9894.000001098173,-811078.0883640558,207834.0536554025,301.0289458523143,727.1697757599674,1.0341958473207888,367,0:25
4950000,9904.00000110021,-812040.9218202024,206680.90267795668,299.3587103108152,726.7704838161374,1.0347640405528655,367,0:23
4955000,9914.000001102248,-810834.0548444139,206334.20910527284,298.85655583284,726.8980806581053,1.0345824021261456,367,0:21
4960000,9924.000001104285,-812130.1368116196,207704.12087387659,300.84074989709677,725.3797511838658,1.036747939490697,367,0:18
4965000,9934.000001106322,-810360.8710573115,208267.1414567021,301.65623460501735,725.6112292749623,1.0364172053119807,367,0:16
4970000,9944.00000110836,-810322.7469136664,206674.63664151437,299.34963452024226,728.1860231318021,1.032752536438108,367,0:14
4975000,9954.000001110397,-811713.4377809227,207725.32004673572,300.8714549935258,726.1783121454546,1.035607852520819,367,0:11
4980000,9964.000001112434,-811578.9493003055,206972.14625542975,299.78055045477123,726.3283340454914,1.0353939494546083,367,0:09
4985000,9974.000001114471,-811066.9214148321,207675.5659177218,300.79939060972805,728.8214826819601,1.0318520793607253,367,0:07
4990000,9984.000001116508,-811152.2501097592,207706.13629822497,300.84366905811186,726.5553466822959,1.0350704400183754,367,0:04
4995000,9994.000001118546,-809486.3226493285,207943.34550120193,301.187245267413,727.4072559184685,1.0338582084097871,367,0:02
5000000,10004.000001120583,-811915.8963709488,207985.8904294172,301.24886777184264,727.4639974849954,1.0337775683581631,367,0:00
