#"Step","Time (ps)","Potential Energy (kJ/mole)","Kinetic Energy (kJ/mole)","Temperature (K)","Box Volume (nm^3)","Density (g/mL)","Speed (ns/day)","Time Remaining"
5000,14.000000000001178,-803530.8013101239,206902.70643921167,299.79189302232703,738.9124950735114,1.017431946253119,0,--
10000,23.99999999999741,-803495.0705851172,207699.6627656874,300.9466437256025,733.4221248032145,1.0250484032985854,364,39:27
15000,33.99999999999542,-806049.8400221276,207109.60005778197,300.09167174747216,733.9098529962916,1.0243671956495584,367,39:07
20000,44.00000000000764,-806967.0523237744,206404.17382440338,299.0695436683776,731.802261089346,1.0273173751257436,368,39:00
25000,54.00000000001986,-807182.2935649729,208135.24603123462,301.5777825540625,733.2329707596166,1.02531283773907,370,38:43
30000,64.00000000003207,-806557.0938488953,207339.9471645081,300.4254334288252,732.0534142449585,1.026964922701429,371,38:34
35000,74.00000000000877,-807140.5829223008,207723.98527319627,300.9818858483114,730.3523864096774,1.0293567762119786,371,38:32
40000,83.99999999998546,-808202.8287744923,207685.50824997848,300.92613452525313,730.6097845239585,1.0289941277794887,370,38:33
45000,93.99999999996216,-807363.6946721138,206896.67291624297,299.78315074290737,730.1486096036954,1.0296440588737732,370,38:31
50000,103.99999999993885,-806514.681460158,207879.4303766854,301.20711819368796,731.8384397494647,1.027266589372864,370,38:29
55000,113.99999999991554,-807187.0210166848,207712.5190192258,300.9652718076212,729.7562974484745,1.0301975887045667,364,39:09
60000,123.99999999989224,-809523.6924240915,207191.0869311496,300.2097422379156,730.535946954903,1.0290981314569043,364,39:02
65000,133.99999999991155,-807423.3003970794,205559.94946359587,297.8463038972903,729.0743177136618,1.031161240641385,365,38:59
70000,143.9999999999593,-806942.1329418095,206834.33848526079,299.6928312039017,730.2224951570602,1.0295398771735884,365,38:52
75000,154.00000000000705,-807406.861429364,208458.09571079837,302.0455759351341,728.6210534606643,1.031802710617087,366,38:46
80000,164.0000000000548,-808980.5645872434,206981.40556864726,299.9059242082827,728.6287821024691,1.0317917661776694,366,38:42
85000,174.00000000010255,-808434.6078538103,206871.98367540288,299.7473772415544,731.6031293122355,1.0275969960381874,366,38:38
90000,184.0000000001503,-808091.9930883138,207998.37166141617,301.37945829267267,729.2679434710152,1.030887460094797,367,38:33
95000,194.00000000019804,-809455.4032652788,208038.02022928925,301.43690712658525,729.9177418266637,1.0299697279476763,367,38:28
100000,204.0000000002458,-809137.2638125205,207817.42302825558,301.1172725812888,727.9699202753816,1.0327256072462407,367,38:25
105000,214.00000000029354,-808613.1085651214,207691.98975659657,300.9355259110504,727.3492321194237,1.0336068903004683,364,38:43
110000,224.0000000003413,-808562.6039844914,206618.88640226447,299.38065168276984,729.1812182637505,1.0310100687500998,364,38:38
115000,234.00000000038904,-809794.8429446672,207571.335862968,300.7607043256109,727.1265873398348,1.0339233787665472,365,38:34
120000,244.00000000043678,-807396.3125316137,206385.82416163204,299.0429559053018,728.9369287804342,1.0313555923572113,365,38:30
125000,254.00000000048453,-810447.6807501763,207970.6026179046,301.3392223080158,731.2196935257145,1.0281358456696883,365,38:26
130000,264.0000000005323,-807844.4031842966,206600.61770176433,299.3541812300616,728.4521059937223,1.0320420131778296,365,38:22
135000,274.00000000058003,-810987.8701550998,207227.36785814073,300.262311525048,728.4782738089327,1.032004940988224,366,38:18
140000,284.0000000006278,-808397.2041461766,206882.58702264947,299.7627409726439,728.8317333127183,1.0315044524149728,366,38:14
145000,294.0000000006755,-810811.6154832677,207562.87142291898,300.74843976634367,731.4780676145551,1.0277726855503486,366,38:10
150000,304.0000000007233,-808303.5113821286,206978.0102169091,299.90100450982845,728.5373573262867,1.031921246609031,366,38:10
155000,314.000000000771,-807475.4860456586,207429.9788354446,300.55588491264837,729.0056350874495,1.0312583905928352,362,38:29
160000,324.0000000008188,-808550.4926192113,206731.0928752712,299.5432333692589,727.1581848286073,1.0338784512899213,363,38:24
165000,334.0000000008665,-807232.5804990251,207211.09254888335,300.23872939866715,730.6520745190144,1.0289345698064207,363,38:20
170000,344.00000000091427,-807534.6138845594,208495.22077863594,302.0993683410294,728.8272399679967,1.0315108118165324,363,38:18
175000,354.000000000962,-808326.1401174599,207182.17583816798,300.1968305004143,730.5612815355331,1.029062444143264,363,38:15
180000,364.00000000100977,-808191.3613825608,206688.17762129853,299.4810512671037,728.9037690519726,1.0314025114058454,364,38:11
185000,374.0000000010575,-810606.6093473351,207204.4514619273,300.2291067887722,729.8923665931654,1.0300055355866362,364,38:06
190000,384.00000000110526,-808577.436380126,207736.90285261098,301.0006027885228,729.5195033890413,1.030531979585022,364,38:03
195000,394.000000001153,-810198.8146727942,207665.11022798892,300.89657878994444,728.8794222530737,1.0314369633999099,364,37:59
200000,404.00000000120076,-808279.941891321,207591.72232917562,300.79024331715726,729.4694100043877,1.030602747233594,364,37:55
205000,414.0000000012485,-808965.6509118117,207887.03168261627,301.2181321138714,726.8019191114981,1.0343852406064697,363,38:03
210000,424.00000000129626,-809854.5199776562,208289.61440646258,301.80145477289824,728.8805898091157,1.0314353111944932,363,37:59
215000,434.000000001344,-809453.213906005,206731.36422928766,299.5436265479451,727.5099392061264,1.0333785663378878,363,37:54
220000,444.00000000139175,-809518.4895663327,206649.10045416444,299.4244303648898,729.2799445449489,1.0308704957497352,364,37:51
225000,454.0000000014395,-810125.3175321799,206779.2151753605,299.61296022633417,729.5813718549605,1.0304445905217632,364,37:48
230000,464.00000000148725,-809463.8165306416,207137.88481025334,300.132654969166,729.5012452289346,1.0305577720260923,364,37:44
235000,474.000000001535,-809134.9788207789,206901.95274871614,299.79080096169474,727.7784516461479,1.0329973033317001,364,37:41
240000,484.00000000158275,-809639.4716708809,207654.40254698019,300.88106388434113,727.5695588033457,1.0332938876798068,364,37:38
245000,494.0000000016305,-809825.935909701,207085.67015201942,300.0569984854745,728.7474093306714,1.0316238086717675,364,37:35
250000,504.00000000167825,-809139.4274351834,207795.26938918815,301.08517304277785,728.6751956920305,1.0317260453190054,364,37:32
255000,514.0000000016692,-808792.009104237,208262.52272780982,301.76220025676236,726.2980794337623,1.0351028031899867,363,37:36
260000,524.0000000014327,-808675.6256644903,208077.91241761477,301.4947089546074,730.0969890053851,1.0297168585745882,364,37:33
265000,534.0000000011962,-807782.4461877164,206164.33234108306,298.72202510012244,728.3767269608718,1.0321488182498957,364,37:29
270000,544.0000000009597,-810344.1519088675,205412.2353498673,297.63227337761793,727.745360807739,1.0330442740836725,364,37:26
275000,554.0000000007233,-810633.3238364621,208470.29225275136,302.0632481273608,728.7901280554942,1.031563339063431,364,37:23
280000,564.0000000004868,-809634.0545908096,208309.57586394154,301.83037794760236,729.3686311712501,1.0307451483979104,364,37:20
285000,574.0000000002503,-809664.8471098519,206270.21108241344,298.87543821317695,727.792150422635,1.0329778598694948,364,37:17
290000,584.0000000000139,-809067.4494104469,207407.52197010565,300.52334601411394,730.083465739943,1.0297359319203936,364,37:14
295000,593.9999999997774,-809690.3047729735,206848.187479758,299.7128977189716,728.3748179627157,1.0321515234095777,365,37:10
300000,603.9999999995409,-808340.7359707118,207354.7623102936,300.4468998498154,729.4019123247658,1.0306981175539547,365,37:06
305000,613.9999999993045,-808019.0991370557,208114.20932394976,301.5473013950268,730.2047818957054,1.029564851686727,364,37:10
310000,623.999999999068,-809076.569451937,206477.0231587761,299.1750987876551,727.381841780569,1.033560552093334,364,37:07
315000,633.9999999988315,-808391.8624614747,207758.76071803708,301.03227376550655,730.7314792138668,1.0288227609712157,364,37:03
320000,643.9999999985951,-809325.9284728426,206828.53594006872,299.6844235999732,729.3471177987137,1.0307755520340205,364,37:00
325000,653.9999999983586,-809667.1387515017,207199.6558249672,300.2221581455801,728.2069486746304,1.032389459262492,364,36:57
330000,663.9999999981221,-809661.1037134547,207078.42381954545,300.0464989044529,730.7273290590407,1.0288286041545438,364,36:54
335000,673.9999999978857,-810974.9970036084,208033.53485017625,301.4304080318255,728.3305596801126,1.0322142439053816,365,36:51
340000,683.9999999976492,-809150.6308158385,206057.12682270998,298.56668955208335,730.1084815603074,1.0297006499181345,365,36:48
345000,693.9999999974127,-808007.3635709411,207853.4957108189,301.16954013243964,730.0914195541886,1.0297247136974352,365,36:45
350000,703.9999999971762,-809404.8500574161,207147.25579798647,300.14623307164885,728.9155286168742,1.0313858718306186,365,36:42
355000,713.9999999969398,-810070.1005207822,206854.8254188429,299.7225157677554,729.3657694731296,1.03074919257105,364,36:45
360000,723.9999999967033,-808295.8050518674,207160.18211723614,300.1649626754533,729.7129042917144,1.0302588505038273,364,36:42
365000,733.9999999964668,-808861.0611836328,206647.76962475333,299.4225020582218,727.9137826138831,1.032805252393709,364,36:39
370000,743.9999999962304,-809528.1858083359,205938.66237591772,298.3950403679286,727.4063598766887,1.0335257147062011,364,36:36
375000,753.9999999959939,-809845.7590658693,207171.9033666001,300.1819461919857,730.7543068907638,1.0287906220794565,364,36:33
380000,763.9999999957574,-810308.7099722237,207076.05607652265,300.0430681607221,727.8618350427986,1.0328789638066203,365,36:30
385000,773.999999995521,-810458.9503231812,207946.93844352954,301.30493407779005,729.7019824655923,1.0302742709196906,365,36:26
390000,783.9999999952845,-808711.619959366,206056.21230764445,298.5653644645221,730.4245280568256,1.0292551100021425,365,36:24
395000,793.999999995048,-808333.416146737,206580.0467062895,299.32437486464045,730.9131851248536,1.0285669943756326,365,36:21
400000,803.9999999948116,-810279.9233724871,206525.17670131256,299.24487091350676,727.101351104171,1.0339592641819781,365,36:17
405000,813.9999999945751,-810158.6228402001,206580.43615007703,299.324939149624,730.8683705858589,1.0286300628535325,364,36:19
410000,823.9999999943386,-810713.3182302495,206532.14478837594,299.25496733054945,729.3968899090364,1.0307052146426723,364,36:16
415000,833.9999999941022,-809038.9521960486,207582.1072304168,300.77631150974827,728.1082032059951,1.0325294711185873,364,36:13
420000,843.9999999938657,-809484.3461516663,207675.18756144683,300.9111803528044,728.2189661088194,1.032372422254447,365,36:10
425000,853.9999999936292,-808610.7260909518,206367.8189284278,299.01686720380775,726.793755914312,1.0343968586076107,365,36:07
430000,863.9999999933927,-809674.704129301,207292.2138942557,300.3562702569393,730.423010304407,1.029257248700418,365,36:04
435000,873.9999999931563,-808895.5680253445,207286.89476781397,300.348563103115,728.9409153462959,1.031349951890461,365,36:01
440000,883.9999999929198,-807594.0160821141,207381.9470218876,300.4862891661288,728.245594223641,1.0323346738195558,365,35:59
445000,893.9999999926833,-807749.9253798164,208642.36335012832,302.3125707239805,728.0038807196635,1.0326774319255148,365,35:56
450000,903.9999999924469,-809678.4993671756,206822.17614521206,299.6752085685599,727.25440495541,1.0337416629597251,365,35:54
455000,913.9999999922104,-810930.4732221193,207007.0916767123,299.9431421214445,727.401492664715,1.0335326302662937,364,35:55
460000,923.9999999919739,-810057.5622273195,207429.51584625832,300.55521406398236,727.8742895514966,1.0328612904250714,364,35:53
465000,933.9999999917375,-809299.2840138241,208705.22620671504,302.40365592581884,727.2472877996112,1.0337517796017457,364,35:50
470000,943.999999991501,-809982.6855431455,207691.26226498134,300.9344718113132,728.2028150804214,1.0323953195516886,364,35:47
475000,953.9999999912645,-808229.1251068567,207812.61485344335,301.1103057713628,729.6183153303919,1.0303924150162784,365,35:44
480000,963.9999999910281,-810731.1003865777,208527.4589463901,302.1460798679346,728.2819913583445,1.0322830811334425,365,35:41
485000,973.9999999907916,-809008.6916481326,207534.04162291336,300.70666679745466,729.1806283030046,1.031010902913057,365,35:38
490000,983.9999999905551,-810237.282217429,207406.93178364087,300.5224908628182,729.1596004838385,1.0310406356503208,365,35:35
495000,993.9999999903187,-810405.6600186424,207188.3997855761,300.20584869552476,727.6231206845256,1.03321782472515,365,35:33
500000,1003.9999999900822,-808691.9001917099,207093.83067266032,300.06882268039726,727.4332903625234,1.0334874522978286,365,35:30
505000,1013.9999999898457,-809820.1840547412,207967.84765674078,301.33523050415437,729.139297824115,1.0310693446600385,364,35:32
510000,1023.9999999896093,-808034.3893081597,206258.38475442026,298.85830244285484,730.8188183174057,1.0286998078460479,364,35:29
515000,1033.9999999893728,-809168.7746534129,206538.33364998995,299.26393468806185,727.8799943848338,1.0328531952698705,364,35:27
520000,1043.9999999891363,-809127.210232438,206106.07783834322,298.6376171774132,729.7972737653268,1.030139745650978,364,35:24
525000,1053.9999999888998,-809445.3629527036,208225.85578177695,301.70907164693546,728.3358892857273,1.0322066906666758,364,35:21
530000,1063.9999999886634,-810158.3374658888,208132.07884015446,301.5731934492324,730.6166218116998,1.0289844982026002,365,35:18
535000,1073.999999988427,-810030.6046144255,207765.29679969378,301.04174422786315,729.6281971043037,1.0303784598197465,365,35:15
540000,1083.9999999881904,-808722.1899528462,206337.45470963945,298.97287093721775,730.1545749542634,1.0296356466991705,365,35:12
545000,1093.999999987954,-809759.8555889665,206831.85715619606,299.6892358795565,727.4302061944602,1.0334918340913903,365,35:09
550000,1103.9999999877175,-810748.6677346718,206411.66791565885,299.0804022397449,727.2744693940252,1.0337131435395979,365,35:06
555000,1113.999999987481,-808677.9469002387,207506.96075839218,300.66742795046616,727.1025443709697,1.0339575673246773,364,35:07
560000,1123.9999999872446,-809816.5403794907,208721.4156143537,302.4271135849594,728.163337299843,1.0324512914385,365,35:04
565000,1133.999999987008,-809990.1916243597,207451.21946766676,300.5866615489353,728.4227192122249,1.032083648882397,365,35:01
570000,1143.9999999867716,-808004.5345394257,206692.1226420999,299.4867674091223,728.2708949926434,1.0322988096084562,365,34:58
575000,1153.9999999865352,-808093.7870476395,208432.86231020174,302.00901397293245,731.2072351731439,1.0281533631096695,365,34:56
580000,1163.9999999862987,-808841.6549004107,207586.60618949693,300.78283028121564,728.9274667906474,1.03136898007619,365,34:53
585000,1173.9999999860622,-810449.9518988817,206047.34096820577,298.5525103279584,728.5603087238837,1.0318887386141045,365,34:50
590000,1183.9999999858258,-811265.7697195867,207524.46577658402,300.6927918648945,726.9612848721848,1.0341584808131454,365,34:47
595000,1193.9999999855893,-809024.1652554967,207858.39148843684,301.17663387454263,729.0558560039617,1.0311873524945743,365,34:45
600000,1203.9999999853528,-810996.3589886073,207655.3431230451,300.8824267330147,728.6198233664286,1.031804452560589,365,34:42
605000,1213.9999999851163,-808916.3962955493,207304.99392752064,300.374787899513,728.6981161520057,1.0316935934229416,365,34:42
610000,1223.9999999848799,-808403.4501013476,207742.9870738631,301.0094185272733,728.9102951460301,1.0313932770325003,365,34:40
615000,1233.9999999846434,-810518.5131983031,207086.57342952053,300.058307290355,728.0093925638159,1.0326696134040472,365,34:37
620000,1243.999999984407,-810472.4606155842,205876.32452852064,298.304715878705,726.8365508791621,1.0343359549874616,365,34:34
625000,1253.9999999841705,-810496.156777998,207971.86848035117,301.3410564807325,727.9576266920511,1.0327430476821189,365,34:31
630000,1263.999999983934,-809163.3471460831,206106.96634009978,298.63890457296316,727.4607450056483,1.0334484480912487,365,34:29
635000,1273.9999999836975,-810234.7164703701,205430.95768673508,297.65940112721574,726.2685306245212,1.0351449171657225,365,34:26
640000,1283.999999983461,-808818.8545336695,204577.73555655198,296.42312402877536,728.0350686046747,1.0326331936375677,365,34:24
645000,1293.9999999832246,-809064.4255581098,207283.15770311473,300.34314827930814,727.8741252239095,1.0328615236077028,365,34:21
650000,1303.9999999829881,-809527.0169894989,207790.58970084012,301.0783924034486,727.5247631379707,1.0333575103763415,365,34:19
655000,1313.9999999827517,-809822.7083618073,206771.89167879266,299.602348838318,728.4254814074039,1.0320797352130486,365,34:19
660000,1323.9999999825152,-809348.3048225166,206633.1779463574,299.4013594305396,727.0096193197008,1.034089725906077,365,34:16
665000,1333.9999999822787,-809199.6842875038,207714.10559307688,300.96757067546315,727.7193850828378,1.033081148288791,365,34:13
670000,1343.9999999820423,-808934.2954120017,206807.64919905533,299.65415973472346,727.7857738756192,1.0329869103787603,365,34:11
675000,1353.9999999818058,-809513.9764556759,206260.4677785028,298.8613206427791,727.8756235687314,1.032859397444021,365,34:09
680000,1363.9999999815693,-812530.1553223766,208510.88691081875,302.12206779965055,726.2467885265468,1.035175906937467,365,34:06
685000,1373.9999999813328,-809744.2754532532,207002.53469157353,299.9365392730587,725.513672190004,1.0362219304621245,365,34:03
690000,1383.9999999810964,-808654.550245713,206118.24939349925,298.65525316499424,730.5609169082361,1.029062957754448,365,34:01
695000,1393.99999998086,-809943.6457252628,206981.22033788622,299.9056558179776,729.6335711242494,1.0303708707029433,365,33:58
700000,1403.9999999806234,-808558.6577390172,206969.13741473184,299.88814825382815,727.8092212019627,1.0329536313538583,365,33:55
705000,1413.999999980387,-809036.2626966028,206954.66732684427,299.86718180484024,729.6312593578233,1.030374135333885,365,33:55
710000,1423.9999999801505,-811614.0939811254,207639.26160198497,300.85912539624496,727.0940175194107,1.0339696928579403,365,33:52
715000,1433.999999979914,-810626.1642963355,207005.59405766672,299.94097214476113,728.3176971885109,1.0322324733773478,365,33:49
720000,1443.9999999796776,-809296.0093640005,207112.38784775237,300.0957111186672,729.2118801734641,1.0309667168266035,365,33:47
725000,1453.999999979441,-809745.8051854405,206135.5446937061,298.68031320832876,726.8008234744914,1.0343867999205378,365,33:44
730000,1463.9999999792046,-807923.280131863,208485.92548052012,302.0858999090968,728.901325338688,1.0314059692840674,365,33:41
735000,1473.9999999789682,-808727.7283478617,207440.2317529081,300.5707408881369,728.815370931703,1.0315276103635322,365,33:39
740000,1483.9999999787317,-809262.6155073158,206804.44058800372,299.6495106143824,729.4115749834461,1.0306844636931527,365,33:36
745000,1493.9999999784952,-807600.4584372109,206973.8918073908,299.8950371360469,729.3474371077875,1.0307751007594015,365,33:33
750000,1503.9999999782588,-811500.1560935243,208036.2788149526,301.43438390245973,726.7470761706254,1.0344632990265863,365,33:31
755000,1513.9999999780223,-808692.7940187906,206297.39856069488,298.914831538285,729.1342069925522,1.0310765436095775,365,33:31
760000,1523.9999999777858,-810253.9719274659,206335.64816405566,298.9702533411035,727.8987174136578,1.0328266281944196,365,33:28
765000,1533.9999999775494,-810736.1241568127,208451.2483058491,302.03565438056694,727.614408620699,1.0332301959200154,365,33:25
770000,1543.9999999773129,-810084.4333738019,208844.34084549343,302.6052262272627,728.8366138904221,1.0314975450539319,365,33:23
775000,1553.9999999770764,-811711.8307964173,207109.61595068648,300.0916947755128,728.5996015937316,1.0318330895720036,365,33:20
780000,1563.99999997684,-810491.5069031143,206719.23493111407,299.5260517886629,727.476287055322,1.033426369148744,365,33:18
785000,1573.9999999766035,-810492.7364797257,207905.60364316692,301.24504197554705,727.2325321937843,1.0337727545074424,365,33:16
790000,1583.999999976367,-809891.3740630583,205914.8070289245,298.3604751379377,727.0057441088843,1.034095237988648,365,33:13
795000,1593.9999999761305,-808710.2593610235,207972.38297239505,301.3418019545179,728.5353578849562,1.0319240786829558,365,33:10
800000,1603.999999975894,-809735.4880409511,207465.6861613029,300.607623079819,726.3336023331336,1.0350521792719982,365,33:08
805000,1613.9999999756576,-808309.957553051,206863.5441013142,299.7351487118464,730.1940598307059,1.0295799696695598,365,33:07
810000,1623.9999999754211,-809625.4020048431,207027.2048880024,299.97228517999207,725.7186779077181,1.0359292117723178,365,33:05
815000,1633.9999999751847,-808679.8728394252,207545.64423150476,300.72347840931553,726.6697746162957,1.034573342988376,365,33:02
820000,1643.9999999749482,-812113.406104099,206586.94849544915,299.3343752192662,728.5930601461192,1.031842353566501,365,32:59
825000,1653.9999999747117,-809002.9028128097,207791.97302807122,301.0803967768878,728.0627633788031,1.0325939133110713,365,32:57
830000,1663.9999999744753,-809350.6480263332,207141.87712191071,300.13843963332005,728.0073335884878,1.032672534035692,365,32:54
835000,1673.9999999742388,-810381.6083567617,206056.4599911072,298.5657233457346,729.0934265667496,1.031134214874948,365,32:52
840000,1683.9999999740023,-810187.6177976914,207133.08718646175,300.12570344715243,727.2258984293812,1.03378218459638,365,32:50
845000,1693.9999999737659,-809156.2008941327,207353.34960578574,300.44485291014036,727.3488472101261,1.0336074372799589,365,32:47
850000,1703.9999999735294,-809033.1627145507,206077.31113885116,298.5959356380793,729.3938571136761,1.03070950028062,365,32:45
855000,1713.999999973293,-808603.4909978407,207305.91944501683,300.37612892905776,729.1722935010866,1.0310226878803788,365,32:44
860000,1723.9999999730564,-809293.2575117103,206888.400062873,299.7711637833592,728.0385226390835,1.03262829451414,365,32:41
865000,1733.99999997282,-809321.8373466767,206056.09966316732,298.56520124818906,726.6226005127421,1.0346405100018734,365,32:39
870000,1743.9999999725835,-809520.1488356176,207066.4874264368,300.0292036551665,726.6272504665129,1.034633888958501,365,32:37
875000,1753.999999972347,-809332.5805954658,207537.93745910435,300.71231167338067,729.9654733100414,1.0299023795801894,365,32:34
880000,1763.9999999721106,-808079.2052795249,207520.09031872713,300.68645204065376,729.3474429653915,1.0307750924809433,365,32:31
885000,1773.999999971874,-808999.3351171212,208025.95180006925,301.41942056343714,729.0419146417261,1.0312070717399637,365,32:29
890000,1783.9999999716376,-809961.0763905658,207167.02817044215,300.17488227141064,729.2246419108677,1.0309486744762004,365,32:26
895000,1793.9999999714012,-809633.1306129098,207674.32728252443,300.9099338507595,727.7344113081471,1.0330598172786645,365,32:24
900000,1803.9999999711647,-809322.4231127873,207649.9309205459,300.8745847165395,728.531178706093,1.0319299982584307,365,32:21
905000,1813.9999999709282,-809128.1012661946,207400.51713405526,300.51319634958804,727.8231227831317,1.0329339017130972,365,32:21
910000,1823.9999999706918,-810599.8846524907,206991.84461835827,299.9210498802861,726.7316075069123,1.0344853178361866,365,32:18
915000,1833.9999999704553,-809403.9252210199,205867.39676023135,298.29177997949915,727.8983734250162,1.0328271162853975,365,32:16
920000,1843.9999999702188,-810027.8295960939,206507.59754995717,299.2193995837535,728.0434202458582,1.0326213479403639,365,32:13
925000,1853.9999999699824,-808690.8893112447,207995.36986864044,301.37510884188885,728.6623407980824,1.0317442467933418,365,32:10
930000,1863.9999999697459,-810354.8254666114,206934.2265562161,299.8375641288469,729.0110102538222,1.0312507868867942,365,32:08
935000,1873.9999999695094,-811177.9478043104,206816.66078825615,299.6672170863268,726.8846647980506,1.034267490265819,365,32:05
940000,1883.999999969273,-809672.2497819415,206703.17469799973,299.5027812970846,726.5465692551613,1.0347487825097184,365,32:03
945000,1893.9999999690365,-809788.5632458092,206377.83304102917,299.0313771627415,728.0428783722009,1.0326221165081544,365,32:00
950000,1903.9999999688,-810803.0136024575,207097.01400424642,300.0734351720303,728.0433992486269,1.0326213777218154,365,31:57
955000,1913.9999999685635,-809938.099583705,208277.168879657,301.7834218138088,728.6832205962338,1.0317146830391506,365,31:57
960000,1923.999999968327,-812124.218364805,207542.325716249,300.71867004316283,728.3500512823085,1.0321866204990433,365,31:54
965000,1933.9999999680906,-810867.4404159337,206963.48510384798,299.8799583320577,727.3186144793405,1.0336504016352872,365,31:51
970000,1943.9999999678541,-809796.3552241488,206785.52300082508,299.6220999566423,727.4711706495076,1.0334336373799775,365,31:49
975000,1953.9999999676177,-808305.7049263646,208228.9230798934,301.71351601175127,728.2974554374317,1.032261162469457,365,31:46
980000,1963.9999999673812,-810595.520246035,207726.1631277178,300.9850414528995,728.1125736234545,1.032523273471422,365,31:44
985000,1973.9999999671447,-808770.8902814887,206983.2778671582,299.90863707716954,727.4752082825124,1.0334279016164558,365,31:41
990000,1983.9999999669083,-807688.4296020158,207236.26073075738,300.2751968621324,727.8788471503157,1.0328548231847938,365,31:39
995000,1993.9999999666718,-809389.5379564902,207308.3563864069,300.3796599378352,729.0490431391435,1.0311969888010764,365,31:36
1000000,2003.9999999664353,-808786.4119599792,206993.86136268807,299.9239720440933,728.3718311510568,1.0321557559211494,365,31:33
1005000,2013.9999999661989,-809821.518248714,207275.2798889385,300.33173371221324,729.3445858627923,1.0307791303942326,365,31:33
1010000,2023.9999999659624,-810394.5002990561,207484.5606687751,300.63497131717344,728.0405889288049,1.032625363758268,365,31:30
1015000,2033.999999965726,-809232.2837572652,207277.98167840592,300.3356484728895,727.928729257306,1.0327840456859472,365,31:28
1020000,2043.9999999654895,-810773.1858581821,208880.52932486168,302.6576615623152,726.6179701161958,1.0346471032820304,365,31:25
1025000,2053.999999965253,-810136.2426098189,208005.11095142123,301.3892231939783,727.1238807482891,1.033927227365596,365,31:23
1030000,2063.9999999650167,-810687.7649701433,206906.7837916811,299.79780090645465,728.6650919962373,1.0317403512686363,365,31:20
1035000,2073.9999999647803,-808828.3527885922,206736.2983918183,299.5507759079075,730.6858200030389,1.028887050210259,365,31:18
1040000,2083.999999964544,-810736.9676652723,207649.93058048125,300.87458422380246,728.2841862543178,1.032279970048483,365,31:15
1045000,2093.9999999643073,-809156.0402111392,208038.8119433339,301.4380542814788,728.9358407927176,1.031357131727555,365,31:12
1050000,2103.999999964071,-809200.2460028655,207157.01882446976,300.160379219089,728.2057815549637,1.032391113907473,365,31:10
1055000,2113.9999999638344,-810232.614410087,208572.1066359316,302.21077218442025,728.0784482923061,1.0325716682545778,365,31:09
1060000,2123.999999963598,-808114.5242588744,207373.5761345938,300.47416016022413,729.7107775687115,1.030261853166339,365,31:06
1065000,2133.9999999633615,-810109.8903389391,207394.93515084794,300.5051083291782,726.0608239839665,1.035441044523279,365,31:03
1070000,2143.999999963125,-809319.5163015821,207771.48728457233,301.0507139374064,727.7831551850858,1.032990627245555,365,31:01
1075000,2153.9999999628885,-809269.8950520707,207464.08913376968,300.6053090651035,729.3155350345131,1.0308201894229692,365,30:59
1080000,2163.999999962652,-809465.3091983744,208714.42067750002,302.41697826388497,726.6991130269894,1.0345315750309299,365,30:56
1085000,2173.9999999624156,-812723.9435819145,208581.65653223358,302.2246095166612,725.9229671751592,1.0356376805364107,365,30:53
1090000,2183.999999962179,-809617.244763522,207193.0115175401,300.2125308693802,727.7400945986134,1.0330517495920628,365,30:51
1095000,2193.9999999619426,-809485.8342100903,207688.6370794067,300.9306680459275,728.3665056546228,1.0321633025913421,365,30:48
1100000,2203.999999961706,-811497.0772747877,207964.97128704918,301.3310627852795,726.4516543891632,1.034883978074957,365,30:46
1105000,2213.9999999614697,-811063.3683493799,206655.5588032629,299.43378819657477,727.4832656572191,1.0334164556956644,365,30:45
1110000,2223.9999999612332,-810087.762461076,207270.9951902692,300.32552539359233,726.8173023245461,1.0343633476651777,365,30:42
1115000,2233.999999960997,-811253.0138870194,208465.07646230108,302.05569070232946,726.5442584940621,1.0347520735098275,365,30:40
1120000,2243.9999999607603,-809011.0454124189,207471.3701031474,300.615858833303,727.902582313744,1.0328211442576658,365,30:37
1125000,2253.999999960524,-808325.5173185021,205570.56393993934,297.8616837538964,729.3461407094921,1.0307769329416931,365,30:35
1130000,2263.9999999602874,-808746.2679848848,207349.8786478776,300.43982366204693,728.3444292011089,1.0321945879341756,365,30:32
1135000,2273.999999960051,-810544.8493067147,208258.3958112593,301.75622055670766,728.0830277111015,1.032565173695681,365,30:30
1140000,2283.9999999598144,-807874.4622519333,208156.35983429267,301.6083754210994,728.1443850119466,1.0324781642875078,365,30:27
1145000,2293.999999959578,-811504.1191579369,207674.93271422095,300.91081109164975,727.6883787854508,1.0331251671603885,365,30:25
1150000,2303.9999999593415,-809639.4140604921,207728.710202884,300.9887320401271,728.4968334886405,1.0319786489300005,365,30:22
1155000,2313.999999959105,-809218.7140478538,207829.34401892405,301.1345455131934,727.7498876721129,1.0330378481791131,365,30:21
1160000,2323.9999999588686,-809799.8356951633,207664.8659320658,300.896224817111,727.1092563281234,1.0339480228458655,365,30:19
1165000,2333.999999958632,-810279.7071306524,207022.29766440523,299.9651748532255,727.9363609765177,1.0327732179292013,365,30:16
1170000,2343.9999999583956,-811781.293366232,207998.37824692487,301.3794678347524,727.3306070854461,1.0336333582687673,365,30:14
1175000,2353.999999958159,-810625.0634706407,206817.6090860023,299.6685911233385,727.2442862147049,1.0337560462474895,365,30:11
1180000,2363.9999999579227,-808418.8670876916,206321.0726369733,298.94913411588396,727.3801552097184,1.033562948602349,365,30:09
1185000,2373.999999957686,-809752.1084295125,205727.3314734902,298.08883223569484,728.3148908304316,1.0322364507969748,365,30:06
1190000,2383.9999999574497,-809192.0561526511,206838.2264094416,299.6984646157122,728.3243425202726,1.032223055145881,365,30:04
1195000,2393.9999999572133,-810129.2155422969,206450.2093961897,299.1362469582944,726.6163903675126,1.0346493527253688,365,30:01
1200000,2403.999999956977,-808818.9439575253,207892.06718530646,301.225428310764,727.9347860975749,1.032775452322755,365,29:58
1205000,2413.9999999567403,-809188.6051707547,208447.70655045574,302.0305225503832,728.0943954827621,1.0325490522075993,365,29:58
1210000,2423.999999956504,-809532.8631593138,206540.4455255178,299.26699469231806,728.0124508208285,1.03266527533389,365,29:55
1215000,2433.9999999562674,-811428.3995267507,207511.15766995517,300.67350906986746,726.024746748038,1.0354924971094623,365,29:52
1220000,2443.999999956031,-808263.9520556196,207639.5535035978,300.8595483473924,727.8378470078288,1.032913005367945,365,29:50
1225000,2453.9999999557945,-807953.025673152,207744.54560747402,301.0116767661799,731.0029859901463,1.0284406389326635,365,29:47
1230000,2463.999999955558,-810468.5893476023,206370.9335372728,299.0213801195532,728.2753779196428,1.0322924552535717,365,29:45
1235000,2473.9999999553215,-809046.5051972405,207234.61946065474,300.2728187420996,729.322288898983,1.0308106435473554,365,29:43
1240000,2483.999999955085,-812158.6681722039,207572.26687951514,300.76205332301123,728.3092668400387,1.0322444217073377,365,29:40
1245000,2493.9999999548486,-809143.5551105356,207410.01358522614,300.5269562424503,728.0535998919672,1.0326069098277193,365,29:37
1250000,2503.999999954612,-810717.5740673994,209374.93555474473,303.3740319865088,726.3931685462213,1.0349673021815506,365,29:35
1255000,2513.9999999543757,-810265.5259202472,208772.09748770655,302.50054913839347,725.7667968728483,1.0358605287713407,365,29:34
1260000,2523.999999954139,-811315.1009538546,207520.58937706763,300.68717515175854,725.8871361415622,1.0356888013879564,365,29:31
1265000,2533.9999999539027,-811759.158277486,208565.78113498594,302.20160684320535,727.6945945520316,1.033116342490072,365,29:29
1270000,2543.9999999536662,-809244.5097119394,207899.46983194814,301.2361543833625,726.8393913077945,1.0343319128875188,365,29:26
1275000,2553.99999995343,-809352.5099410829,206559.25919847726,299.2942547834415,729.7977233263937,1.0301391110768923,365,29:24
1280000,2563.9999999531933,-809605.1617383808,207809.61675361125,301.10596167147344,726.7956701143773,1.0343941342620817,365,29:21
1285000,2573.999999952957,-809768.2565661473,206973.68698118077,299.8947403528955,727.7932260624508,1.0329763331829647,365,29:19
1290000,2583.9999999527204,-809788.9882026007,206552.18420086688,299.2840034582498,728.4088188014119,1.0321033443972543,365,29:16
1295000,2593.999999952484,-808220.3564576288,208361.88507183292,301.906171429119,729.6498901000657,1.0303478259556627,365,29:14
1300000,2603.9999999522474,-809632.6678409558,207996.16111583298,301.3762553203365,725.9093092996457,1.035657165905088,365,29:11
1305000,2613.999999952011,-810382.3893535146,206768.62366838352,299.5976136512156,724.2388340757401,1.0380459354030844,365,29:10
1310000,2623.9999999517745,-810357.6710133129,206305.86361739348,298.9270969910473,726.4268109739904,1.0349193705631394,365,29:08
1315000,2633.999999951538,-808915.5723606646,207141.11042459685,300.1373287264447,728.550427929445,1.0319027333632924,365,29:05
1320000,2643.9999999513016,-809610.2043339731,207127.03498823172,300.1169341081933,727.8156195188649,1.0329445505310493,365,29:03
1325000,2653.999999951065,-809545.1939571137,208982.91132861754,302.80600807380176,728.0965945548301,1.0325459335969691,365,29:00
1330000,2663.9999999508286,-811362.8960666815,208245.32299142142,301.73727868072257,727.5605145383797,1.0333067324996137,365,28:58
1335000,2673.999999950592,-809296.6147047235,208313.01801064867,301.8353654496759,728.8032575408128,1.0315447553159307,365,28:55
1340000,2683.9999999503557,-807600.6272925236,207735.34057756027,300.99833912845315,730.4097791429577,1.0292758933971609,365,28:53
1345000,2693.999999950119,-811365.6828004383,207087.9675455111,300.0603272961785,728.7219774731167,1.0316598115789988,365,28:50
1350000,2703.9999999498827,-810067.3596118041,207874.06538581025,301.19934458454486,729.3735337927385,1.030738220050391,365,28:48
1355000,2713.9999999496463,-810428.1920423452,206524.11156441152,299.2433275822793,730.2971980740692,1.0294345643883211,365,28:47
1360000,2723.99999994941,-810936.9670206867,206378.519292784,299.03237150793984,728.5231933975916,1.0319413091946679,365,28:44
1365000,2733.9999999491733,-808237.4910983862,207526.39339932636,300.69558489588434,729.3343668836076,1.0307935730298137,365,28:42
1370000,2743.999999948937,-810927.1290348531,206700.76719756136,299.4992929468049,728.1892934223989,1.0324144899742438,365,28:39
1375000,2753.9999999487004,-811333.7273513824,206341.8323831387,298.97921397181574,725.6839127417634,1.0359788397857437,365,28:36
1380000,2763.999999948464,-810072.7610364798,207851.52780030045,301.1666887264344,728.7607061769953,1.031604985835778,365,28:34
1385000,2773.9999999482275,-811612.4260931103,205558.06241466443,297.84356965576626,727.5882631244184,1.0332673244961805,365,28:31
1390000,2783.999999947991,-810806.1887989794,207242.5665977791,300.28433375475277,730.1729521327361,1.0296097325674762,365,28:29
1395000,2793.9999999477545,-810005.3383974815,207861.94079703037,301.18177664894364,729.1638802147027,1.0310345840938049,365,28:26
1400000,2803.999999947518,-809605.7549637714,206736.12570451686,299.5505256924614,727.4089556308695,1.033522026576334,365,28:24
1405000,2813.9999999472816,-810136.5055938885,208146.95235514466,301.59474444434284,730.908520234954,1.0285735590162821,365,28:23
1410000,2823.999999947045,-807997.426290635,207257.55270258075,300.3060478869883,728.1891096114588,1.032414750578358,365,28:20
1415000,2833.9999999468087,-810591.9787330823,207862.62806550082,301.1827724673131,729.4414799934309,1.0306422085842462,365,28:18
1420000,2843.999999946572,-811329.4331201534,207701.85065440033,300.94981386924275,729.5039087033538,1.030554009381053,365,28:15
1425000,2853.9999999463357,-810771.5961992252,207495.02659318928,300.6501359293061,729.9239290730346,1.0299609973441057,365,28:13
1430000,2863.9999999460993,-809001.3842177019,207956.43094437645,301.3186882468263,728.6017885242334,1.0318299924793366,365,28:10
1435000,2873.999999945863,-810254.0358705046,206977.027056553,299.8995799586015,727.5238292829144,1.0333588368018098,365,28:08
1440000,2883.9999999456263,-810532.273063045,207383.68326933772,300.4888049036887,727.2044342597069,1.0338126977164481,365,28:05
1445000,2893.99999994539,-810301.048803458,207284.58101274574,300.34521058528753,727.8930427511498,1.0328346801226564,365,28:03
1450000,2903.9999999451534,-809503.6975584263,207718.40263469736,300.97379687841607,727.2200786468022,1.0337904577281665,365,28:00
1455000,2913.999999944917,-811037.833167993,206869.08802252176,299.7431815822819,727.0734901009162,1.0339988848569404,365,27:59
1460000,2923.9999999446804,-809151.3984810063,208567.71273967088,302.20440564383506,729.7178683265529,1.0302518419858113,365,27:56
1465000,2933.999999944444,-810374.383566014,208140.40918324183,301.5852637085667,728.7066547069796,1.0316815046456445,365,27:54
1470000,2943.9999999442075,-809230.6899104719,207240.7992764516,300.28177299266576,729.7179652454405,1.0302517051509419,365,27:51
1475000,2953.999999943971,-808774.6510132905,206987.8673414843,299.91528700079726,728.0494864286255,1.0326127440337025,365,27:48
1480000,2963.9999999437346,-809182.6160508366,207936.4816546049,301.2897827025345,728.2608400207597,1.0323130623801773,365,27:46
1485000,2973.999999943498,-809153.3523048824,205084.24250151828,297.15702779675246,729.2500075677001,1.030912814771,365,27:43
1490000,2983.9999999432616,-808895.6549292197,207870.06742093194,301.19355172915044,729.94238821853,1.0299349511790774,365,27:41
1495000,2993.999999943025,-810625.1005211128,207673.34424318752,300.9085094748835,729.3435112436285,1.0307806491504705,365,27:38
1500000,3003.9999999427887,-808591.6471459279,207400.18908207535,300.5127210183285,729.9497444384648,1.0299245717960073,365,27:36
1505000,3013.999999942552,-808968.4408890428,206844.86153304717,299.7080785850043,728.2259640166427,1.0323625016427038,365,27:34
1510000,3023.9999999423158,-809591.7759119608,207440.39862875466,300.5709826830694,727.304539525844,1.0336704050596355,365,27:32
1515000,3033.9999999420793,-808429.9053249988,206965.09525762498,299.882291366058,729.2560220096589,1.0309043124548014,365,27:30
1520000,3043.999999941843,-810040.615142304,205923.93673234957,298.3737036312699,729.2914476647215,1.0308542358212518,365,27:27
1525000,3053.9999999416063,-809529.2227290426,207125.94893906018,300.11536047610963,727.3072734462711,1.0336665195318286,365,27:25
1530000,3063.99999994137,-810033.8705276032,207714.35132735202,300.9679267323983,730.1318827345482,1.0296676473813402,365,27:22
1535000,3073.9999999411334,-809325.1510789325,207717.82531506504,300.9729603705307,729.5141523115545,1.030539538665895,365,27:20
1540000,3083.999999940897,-807649.1385306171,207209.10951938631,300.2358560860022,728.0485668355077,1.0326140483197297,365,27:17
1545000,3093.9999999406605,-810651.6101094205,206860.6980088995,299.73102486326366,727.600584590601,1.033249826752685,365,27:15
1550000,3103.999999940424,-811020.974969401,207547.8163232861,300.72662566397526,727.510396901365,1.033377916213228,365,27:12
1555000,3113.9999999401875,-810141.4753615237,206973.82656387062,299.8949426013801,728.1536801386941,1.0324649843563163,365,27:11
1560000,3123.999999939951,-811633.6442503766,206583.4662768115,299.329329654927,729.8762234829827,1.0300283168368192,365,27:09
1565000,3133.9999999397146,-807928.8025222053,207002.41558606573,299.9363666950086,728.043822228905,1.0326207777874925,365,27:06
1570000,3143.999999939478,-809858.6386481677,207989.8109428283,301.36705423051586,727.0913849533811,1.0339734365324569,365,27:04
1575000,3153.9999999392417,-810763.8617083831,206548.76545650413,299.2790498650276,728.0510805153067,1.0326104831013776,365,27:01
1580000,3163.999999939005,-809433.5306793535,208414.76436106875,301.98279093059637,729.6821515114468,1.0303022712233592,365,26:59
1585000,3173.9999999387687,-809771.3413852192,207949.7938796042,301.30907146487874,730.2297423069867,1.0295296595264385,365,26:56
1590000,3183.9999999385323,-809384.1039387872,206859.715505469,299.72960126388983,729.7678556130867,1.0301812722921326,365,26:54
1595000,3193.999999938296,-809585.5094778892,207354.641056159,300.44672415851016,728.4492614010796,1.0320460432994498,365,26:51
1600000,3203.9999999380593,-809717.0948370304,207376.42270684725,300.4782847040698,728.3525811655993,1.0321830352688242,365,26:49
1605000,3213.999999937823,-809569.9117230144,207008.7626095448,299.9455632213208,728.6739420645625,1.0317278203243063,365,26:47
1610000,3223.9999999375864,-810440.0413251147,206850.07457248704,299.7156320239562,727.7814855788678,1.0329929970332021,365,26:45
1615000,3233.99999993735,-810919.1961549935,206961.04298801176,299.8764198257611,727.8861598275234,1.0328444466529385,365,26:42
1620000,3243.9999999371134,-809857.324301458,207943.43646337197,301.29985987997594,728.3454960512039,1.0321930760186078,365,26:40
1625000,3253.999999936877,-810827.7848117286,207265.16285821938,300.3170746299651,728.9921461365367,1.0312774725457516,365,26:37
1630000,3263.9999999366405,-811027.1658636513,207176.68554268498,300.1888753310285,728.1610952068962,1.032454470476454,365,26:35
1635000,3273.999999936404,-808258.046809481,208553.9845636996,302.1845141888947,731.926207152891,1.0271434068439496,365,26:32
1640000,3283.9999999361676,-808762.5055117495,206914.1423009003,299.8084630260886,730.0153201751898,1.0298320558436702,365,26:30
1645000,3293.999999935931,-809410.9670461263,206204.04289879987,298.77956375428397,731.4544070100601,1.0278059312629875,365,26:27
1650000,3303.9999999356946,-811116.9418056449,207742.7225938387,301.0090353086652,728.7690538545253,1.0315931693272224,365,26:25
1655000,3313.999999935458,-808615.6702190205,207616.03259630385,300.8254677041538,728.5174694588446,1.0319494171249397,365,26:23
1660000,3323.9999999352217,-810029.2760331868,205997.31675642024,298.48002769394054,730.0513990800022,1.0297811618754342,365,26:21
1665000,3333.999999934985,-811078.1955942502,206929.11428819242,299.8301567027439,726.7091940115707,1.0345172239026617,365,26:18
1670000,3343.9999999347488,-808663.2962734317,206990.56225281482,299.91919179538996,729.0770250446684,1.0311574115606383,365,26:16
1675000,3353.9999999345123,-809669.3379729143,208158.25520177017,301.61112171578947,727.279481092977,1.0337060201995167,365,26:13
1680000,3363.999999934276,-810973.3059387463,206093.322124279,298.6191347721707,727.985699058405,1.0327032233542213,365,26:11
1685000,3373.9999999340394,-811616.5560672418,206707.32561308175,299.5087957698367,727.9699152603396,1.0327256143607686,365,26:08
1690000,3383.999999933803,-810632.5870250398,208235.8397250232,301.7235378919505,726.5704319220782,1.0347147983776164,365,26:06
1695000,3393.9999999335664,-810685.6469757799,205923.20421734318,298.3726422528848,727.5050741126872,1.0333854769196311,365,26:03
1700000,3403.99999993333,-808876.0625578347,206604.16818024783,299.35932569957595,729.9368081770118,1.0299428245726703,365,26:01
1705000,3413.9999999330935,-810771.3981967974,207391.69799086073,300.500417842827,729.0420862009033,1.0312068290749101,365,25:59
1710000,3423.999999932857,-809590.5487034325,205896.12429376075,298.3334047692704,728.7665064789174,1.0315967752219133,365,25:57
1715000,3433.9999999326205,-809698.9516191208,207500.59888853988,300.6582099124858,729.3523705150454,1.0307681285007666,365,25:54
1720000,3443.999999932384,-809608.9054814586,206923.333007975,299.8217799107227,728.0380949172383,1.0326289011825034,365,25:52
1725000,3453.9999999321476,-810712.2121283687,206857.72093573422,299.7267112299853,725.4812729648551,1.03626820703587,365,25:49
1730000,3463.999999931911,-809420.1053421479,206855.15668794498,299.72299576046754,729.5470864206034,1.03049301678653,365,25:47
1735000,3473.9999999316747,-810089.8723151069,207840.42808027228,301.1506057754836,727.9433393668219,1.0327633173033963,365,25:44
1740000,3483.999999931438,-809351.4961266392,206965.38669914973,299.8827136505602,730.1614999670119,1.0296258814075465,365,25:42
1745000,3493.9999999312017,-807795.2741801371,207406.09705869306,300.5212813872315,727.063148497235,1.0340135922543596,365,25:39
1750000,3503.9999999309653,-812339.2333419183,207692.87729244964,300.93681190705354,726.6218860111304,1.0346415273842644,365,25:37
1755000,3513.999999930729,-809623.8215969019,207225.6679188534,300.2598483962386,727.937528930662,1.0327715608752481,365,25:35
1760000,3523.9999999304923,-809985.9280308131,207719.19987713304,300.9749520436776,727.7830683347651,1.0329907505179574,365,25:33
1765000,3533.999999930256,-808266.808445951,208089.54253941408,301.5115604317596,729.0573503807033,1.0311852388304095,365,25:30
1770000,3543.9999999300194,-810793.9444453553,205961.2673865796,298.42779392178363,728.5272497281102,1.0319355635001488,365,25:28
1775000,3553.999999929783,-811336.1770271803,206845.0191367476,299.70830694505094,727.0182428056828,1.0340774601089755,365,25:25
1780000,3563.9999999295464,-810757.6340142768,206996.72956568532,299.92812792982784,726.5018100326879,1.0348125325930915,365,25:23
1785000,3573.99999992931,-810806.2885073149,208036.58584149502,301.4348287688897,727.9879820802768,1.0326999847237712,365,25:20
1790000,3583.9999999290735,-810588.0647433884,207034.3729660805,299.98267137422494,726.0443949090868,1.035464474686191,365,25:18
1795000,3593.999999928837,-811691.4237810876,207284.74791765586,300.3454524223317,726.1360012074041,1.0353338447939844,365,25:16
1800000,3603.9999999286006,-810512.4604871557,206657.35287280811,299.4363877155199,727.1534887459202,1.0338851282553363,365,25:13
1805000,3613.999999928364,-810189.9392364807,206630.73547357647,299.3978204070476,727.8379066120003,1.032912920780534,365,25:11
1810000,3623.9999999281276,-809700.0840182761,205226.30705907772,297.36287238610123,729.3505427347292,1.0307707116450646,365,25:09
1815000,3633.999999927891,-810907.2188459304,206360.01600395,299.0055611482198,728.5601834786971,1.0318889160038391,365,25:06
1820000,3643.9999999276547,-810910.6184123904,205598.19397330267,297.9017183196535,729.2511357929754,1.0309112198445927,365,25:04
1825000,3653.9999999274182,-811597.6880006362,206765.63036908524,299.59327650706484,727.2551995784293,1.0337405334594867,365,25:02
1830000,3663.9999999271818,-809604.8450940433,206881.4880694426,299.7611486432447,728.0343775972144,1.0326341737523295,365,24:59
1835000,3673.9999999269453,-810318.051677946,207368.4463862101,300.4667274059352,729.9854504409093,1.029874194779238,365,24:57
1840000,3683.999999926709,-810319.8949722433,207905.50479396485,301.24489874789236,728.7376895221768,1.0316375683359142,365,24:54
1845000,3693.9999999264724,-808977.5604774035,206890.22546514266,299.7738087018882,728.5331685882912,1.0319271796919989,365,24:52
1850000,3703.999999926236,-809933.4165786863,207394.24781730166,300.504112416517,728.26140312094,1.0323122641837208,365,24:50
1855000,3713.9999999259994,-810128.0836618808,207615.0329652006,300.8240192876206,728.8459968058023,1.031484265905494,365,24:48
1860000,3723.999999925763,-809589.9073844347,206858.0948032189,299.72725294566845,726.9945914824781,1.034111101762592,365,24:45
1865000,3733.9999999255265,-810207.504343343,208079.69257960934,301.4972883221924,729.6490930866177,1.0303489514296489,365,24:43
1870000,3743.99999992529,-810523.7022141689,205836.04994747587,298.2463599823521,729.5294294957581,1.03051795798426,365,24:41
1875000,3753.9999999250535,-809868.6215920523,207195.39811392996,300.21598893071695,728.3048543818352,1.0322506755931098,365,24:38
1880000,3763.999999924817,-808512.9214588148,206532.40473332664,299.2553439780578,728.8725453685176,1.0314466949681642,365,24:36
1885000,3773.9999999245806,-810842.6396810333,207650.54218514508,300.8754704090202,727.6834621975685,1.033132147462871,365,24:33
1890000,3783.999999924344,-810949.3935434148,207907.70371659964,301.2480848791452,728.4759005356894,1.0320083031168978,365,24:31
1895000,3793.9999999241077,-810062.2534475103,207357.59996149427,300.45101146749226,729.3095604992363,1.0308286339462818,365,24:28
1900000,3803.999999923871,-809581.9221039396,208500.17160776077,302.106541850071,728.1587488265031,1.0324577974033506,365,24:26
1905000,3813.9999999236347,-810523.3585198168,206786.5489477122,299.62358650345806,726.1481841923346,1.035316474432254,365,24:24
1910000,3823.9999999233983,-810515.2639164301,208008.30150124308,301.3938461444816,726.7895213770219,1.0344028853759413,365,24:22
1915000,3833.999999923162,-809983.3483917098,206203.97917400504,298.7794714201758,727.9246691130072,1.0327898062439183,365,24:19
1920000,3843.9999999229253,-811637.9265258266,207552.66838771757,300.73365606781095,727.3435934097951,1.0336149033072195,365,24:17
1925000,3853.999999922689,-809595.8653482404,207424.85282614702,300.5484575761121,727.0243645371796,1.0340687529117116,365,24:14
1930000,3863.9999999224524,-811039.0129402769,206666.7136327112,299.4499509983777,727.4260507593821,1.0334977379330466,365,24:12
1935000,3873.999999922216,-810763.3958010185,207740.03108818608,301.0051354487331,728.3448329234433,1.0321940157875908,365,24:10
1940000,3883.9999999219795,-809733.4015688305,207442.40834754746,300.5738946672175,730.4159195508188,1.029267240554831,365,24:07
1945000,3893.999999921743,-811247.6396327643,208098.5506166845,301.52461269474765,728.2415159385861,1.0323404550816504,365,24:05
1950000,3903.9999999215065,-810982.7957386491,206332.82585049648,298.9661639469183,729.9381388163931,1.0299409470403014,365,24:02
1955000,3913.99999992127,-808968.5530637777,208021.56118230926,301.4130587732389,730.5499554284014,1.0290783982493465,365,24:01
1960000,3923.9999999210336,-809264.4995852122,208546.47847981047,302.1736382407883,729.4381413207133,1.0306469258821616,365,23:58
1965000,3933.999999920797,-809596.000057844,207980.67701842746,301.35381962119646,728.9394402644033,1.031352038930282,365,23:56
1970000,3943.9999999205606,-810681.6136986893,207685.64957546862,300.92633929896994,728.8754251087289,1.0314426197882076,365,23:53
1975000,3953.999999920324,-810827.317370187,208110.0534924686,301.5412797986531,729.0060857479016,1.0312577530846148,365,23:51
1980000,3963.9999999200877,-809276.4935109643,207720.26942660945,300.97650176851073,730.5033369202023,1.0291440709127304,365,23:49
1985000,3973.9999999198512,-808566.3231607932,206991.89942596774,299.9211292938292,729.5326820639568,1.0305133634951842,365,23:46
1990000,3983.9999999196148,-809828.2040759604,207094.96123287026,300.0704608067966,728.6659419342589,1.0317391478154452,365,23:44
1995000,3993.9999999193783,-810679.4248681972,207832.80222453503,301.13955628383246,728.0787777943409,1.0325712009501102,365,23:41
2000000,4003.999999919142,-811620.0998565606,206801.42349924217,299.64513900046387,727.236049869029,1.0337677540996275,365,23:39
2005000,4013.9999999189054,-809665.0151152438,208080.95628366744,301.4991193675099,725.758625625452,1.0358721914265951,365,23:37
2010000,4023.999999918669,-810036.915348236,207755.55479757985,301.027628543705,727.549558696746,1.0333222926010324,365,23:35
2015000,4033.9999999184324,-812974.1551361801,207901.0910996942,301.2385035209598,725.9726764458163,1.0355667676833038,365,23:32
2020000,4043.999999918196,-809509.8560260679,206420.2801566566,299.09288095535146,726.9419029792942,1.0341860537853802,365,23:30
2025000,4053.9999999179595,-808677.7854955769,207776.5251240834,301.05801352023815,729.9461550046332,1.0299296363423123,365,23:27
2030000,4063.999999917723,-809786.8669960061,206427.11187821775,299.102779785457,726.9539965898157,1.0341688490607346,365,23:25
2035000,4073.9999999174865,-812772.1190502625,208510.12804529746,302.1209682406593,726.1061328820601,1.03537643317978,365,23:23
2040000,4083.99999991725,-810224.2111407598,206167.78676949267,298.7270303977816,727.1507265000532,1.033889055700938,365,23:20
2045000,4093.9999999170136,-810632.6772928205,207446.78020671225,300.5802292771295,727.846409921106,1.0329008534298885,365,23:18
2050000,4103.999999918596,-809667.6126664323,208214.99426549743,301.6933338415555,727.3318877955994,1.033631538212808,365,23:15
2055000,4113.999999920633,-811082.9309689519,207344.52714055058,300.432069589905,726.9367583221451,1.0341933728989263,365,23:14
2060000,4123.99999992267,-811518.2921955581,206570.170563364,299.31006481701303,728.6305712197465,1.031789232662678,365,23:11
2065000,4133.9999999247075,-810399.8879938805,206751.39519955596,299.57265044327806,729.2833232437937,1.0308657198267954,365,23:09
2070000,4143.999999926745,-809718.0664005205,206707.67302132363,299.50929914737236,728.0511359543729,1.0326104044709656,365,23:06
2075000,4153.999999928782,-808662.9632529928,207858.44460518507,301.1767108381105,730.4743804128794,1.029184866892199,365,23:04
2080000,4163.999999930819,-811741.5769766266,207382.51415850857,300.48711091932927,730.2236056741198,1.0295383114592125,365,23:01
2085000,4173.999999932857,-808651.8207004587,207416.98736110696,300.53706090231105,728.5219892128093,1.0319430149057365,365,22:59
2090000,4183.999999934894,-810692.1300413804,207310.96642417472,300.38344175479034,728.6477329223578,1.0317649311255037,365,22:56
2095000,4193.999999936931,-810459.9469329468,205682.69707069563,298.024159171055,727.1017874560556,1.0339586436772823,365,22:54
2100000,4203.999999938968,-810417.6069453591,207919.03118056158,301.2644978199072,726.7370126843151,1.0344776237507527,365,22:52
2105000,4213.999999941006,-810561.6063284357,208112.77062608814,301.5452167922546,729.1660428536082,1.0310315261407825,365,22:50
2110000,4223.999999943043,-808709.6900374079,207582.59325438068,300.77701573467937,729.5550861869036,1.0304817171554748,365,22:47
2115000,4233.99999994508,-811093.5518685114,207285.31774021444,300.3462780673243,727.2023134163537,1.0338157127711969,365,22:45
2120000,4243.999999947117,-809313.5242847945,205361.0696483278,297.5581367808265,726.489958321213,1.0348294141747658,365,22:42
2125000,4253.999999949155,-811770.897000805,207713.36410821445,300.96649630019573,728.0342580074115,1.032634343376926,365,22:40
2130000,4263.999999951192,-809243.7489581071,208082.99775918474,301.5020773655971,729.18621377566,1.0310030055020845,365,22:38
2135000,4273.999999953229,-808064.41177285,207693.08827052786,300.93711760396076,730.1783462993554,1.0296021263621173,365,22:35
2140000,4283.9999999552665,-809779.0358222853,206067.30423726432,298.58143612755265,727.1001263886709,1.0339610057659658,365,22:33
2145000,4293.999999957304,-809914.5882910951,206472.3159272364,299.1682782395894,727.5388101438966,1.0333375587546967,365,22:30
2150000,4303.999999959341,-808745.4282020219,207462.4469170489,300.6029295734673,727.4417900435801,1.0334753766735782,365,22:28
2155000,4313.999999961378,-810426.3848736892,207663.19550375076,300.89380444825576,727.7100271026942,1.0330944331859508,365,22:26
2160000,4323.999999963416,-809744.7579323198,206336.71538609,298.97179969358706,728.2665419348127,1.0323049799542816,365,22:23
2165000,4333.999999965453,-809565.2060874514,206591.51308940546,299.34098909245614,726.84964041309,1.0343173280599336,365,22:21
2170000,4343.99999996749,-810081.6279971479,207768.5473114914,301.04645406033404,729.0731829625539,1.0311628455712982,365,22:19
2175000,4353.999999969527,-810251.3929376882,205906.11171228997,298.34787604980033,726.3997238453145,1.0349579622547929,365,22:16
2180000,4363.999999971565,-809035.7220547027,206817.53956786115,299.6684903949551,728.2269677009258,1.0323610787813389,365,22:14
2185000,4373.999999973602,-810055.2830073056,207728.79317476688,300.9888522623237,728.8229739724422,1.0315168495248577,365,22:11
2190000,4383.999999975639,-809863.1790829352,207239.4669881708,300.27984257216707,727.826524316228,1.0329290742456507,365,22:09
2195000,4393.999999977676,-809961.7800572161,207450.45806724933,300.5855583170037,728.1158380493754,1.032518644268812,365,22:07
2200000,4403.999999979714,-810385.243319537,206553.29457139183,299.2856123307839,726.7213206285227,1.0344999611724397,365,22:04
2205000,4413.999999981751,-810458.9218700901,207725.907780825,300.9846714677519,728.3374441676145,1.03220448707341,365,22:02
2210000,4423.999999983788,-809561.8025187002,207339.62873954044,300.42497204663505,728.3870468512807,1.0321341946198683,365,22:00
2215000,4433.9999999858255,-811931.4669332416,205978.01741436828,298.45206389207726,727.2697165549127,1.033719899041921,365,21:57
2220000,4443.999999987863,-810350.6775718443,206158.11891086336,298.7130221439031,727.7730855724635,1.0330049199085636,365,21:55
2225000,4453.9999999899,-810737.991905156,208543.62914656513,302.16950969640055,726.228540568271,1.0352019178220615,365,21:53
2230000,4463.999999991937,-808993.6775305425,207986.51039160625,301.3622718933686,728.1260080037472,1.0325042227711798,365,21:50
2235000,4473.999999993975,-810419.3739997628,207839.1898804865,301.1488116846082,727.2986644209736,1.0336787550296385,365,21:48
2240000,4483.999999996012,-810259.7082986366,207007.84987875712,299.9442407190908,727.5897615429599,1.033265196556785,365,21:45
2245000,4493.999999998049,-811606.3853376871,207501.3539841802,300.65930400910406,728.6126389483635,1.0318146265737098,365,21:43
2250000,4504.000000000086,-810420.7688605222,208016.65687631175,301.40595267393144,726.7450489506479,1.03446618461166,365,21:40
2255000,4514.000000002124,-810883.467360815,206234.29874037235,298.8234029875937,726.6110457612193,1.0346569631153764,365,21:39
2260000,4524.000000004161,-811302.7845128747,207195.14381070246,300.2156204577893,725.2907343465586,1.0365404414695982,365,21:36
2265000,4534.000000006198,-810696.0056743487,206996.61027447737,299.9279550827072,728.3350296117427,1.0322079090087883,365,21:34
2270000,4544.0000000082355,-810716.7060129172,206625.81277519563,299.390687658077,727.8431286973702,1.0329055098986568,365,21:31
2275000,4554.000000010273,-812026.4462703303,207647.4957596148,300.87105628755995,728.7935291158115,1.0315585250674262,365,21:29
2280000,4564.00000001231,-810503.2053179266,206716.2110673028,299.52167035802904,726.8928955285788,1.0342557790810505,365,21:27
2285000,4574.000000014347,-810616.893476361,208232.68418539688,301.71896566950664,729.2437564864645,1.0309216517609567,365,21:24
2290000,4584.000000016385,-810409.6044932236,207425.37806355715,300.5492186194072,726.3328454783041,1.0350532578191762,365,21:22
2295000,4594.000000018422,-810507.1987559889,207055.14534209855,300.0127695301949,727.9187206234982,1.032798246113856,365,21:19
2300000,4604.000000020459,-811284.8529405799,206833.6106241159,299.6917765687341,727.5145949565975,1.0333719532021783,365,21:17
2305000,4614.000000022496,-810609.9477177272,208477.8649721823,302.0742206271052,728.0291947963547,1.032641525019726,365,21:15
2310000,4624.000000024534,-811547.5927918535,206335.478628507,298.97000769239287,728.1128629035213,1.0325228632487533,365,21:13
2315000,4634.000000026571,-809617.1354178125,207275.7530457992,300.33241929334173,727.0546833415731,1.0340256313570784,365,21:10
2320000,4644.000000028608,-810266.7635664889,207604.2046991228,300.80832966015527,728.4877817479953,1.0319914716613017,365,21:08
2325000,4654.000000030645,-809803.544962123,207578.03019595938,300.7704040864045,726.7794564444783,1.0344172104853977,365,21:05
2330000,4664.000000032683,-810207.6051851073,206954.45475458895,299.86687379804846,727.3916127502197,1.0335466683907868,365,21:03
2335000,4674.00000003472,-811013.4406119124,206733.06784354785,299.54609500161024,725.9037643332974,1.0356650769869908,365,21:00
2340000,4684.000000036757,-811751.3730246117,206154.021660861,298.7070854292244,728.5535385745692,1.0318983275330602,365,20:58
2345000,4694.0000000387945,-810688.2601608075,206881.23239193583,299.7607781790537,725.8773349869082,1.035702785770202,365,20:56
2350000,4704.000000040832,-809421.7859119149,207179.0748410803,300.19233730743883,730.5907321080962,1.0290209619880009,365,20:53
2355000,4714.000000042869,-811061.8586271321,206932.0852978645,299.8344615503175,729.5728224287482,1.0304566656837233,365,20:51
2360000,4724.000000044906,-810174.3011674657,206974.08402096148,299.8953156441013,728.5395867731063,1.0319180887661588,365,20:49
2365000,4734.000000046944,-811235.4114821586,206927.62331653468,299.8279963578001,727.1143164208505,1.0339408274534048,365,20:47
2370000,4744.000000048981,-811221.5765823191,207782.67554668366,301.0669251815013,727.8803541235835,1.032852684805046,365,20:44
2375000,4754.000000051018,-811038.496746928,207141.35899013857,300.13768888574657,726.9362878941088,1.0341940421646731,365,20:42
2380000,4764.000000053055,-810628.967087179,207958.27973205302,301.32136704966507,729.6733406167739,1.0303147122490726,365,20:39
2385000,4774.000000055093,-810717.4841151307,207514.60032908642,300.6784973144185,727.4542667213592,1.0334576513816152,365,20:37
2390000,4784.00000005713,-810086.4354140447,208395.36467736127,301.9546817385863,729.9421945338087,1.029935224464641,365,20:34
2395000,4794.000000059167,-811301.7575418986,207353.41874637955,300.44495309147607,728.25720723271,1.0323182118994945,365,20:32
2400000,4804.000000061204,-810993.2400905695,208040.68848636973,301.4407733004744,728.9274069035653,1.0313690648112106,365,20:30
2405000,4814.000000063242,-811626.5233364129,207115.8115563928,300.1006719048848,726.9720339525976,1.0341431896435398,365,20:28
2410000,4824.000000065279,-811208.3984011561,206473.09325811936,299.16940455398577,727.6366525241801,1.033198610000488,365,20:25
2415000,4834.000000067316,-811215.9804721395,206083.89472699113,298.60547493500457,728.8131181098627,1.0315307989009936,365,20:23
2420000,4844.0000000693535,-811622.4732050165,206525.6495073137,299.24555598625693,728.7370899967991,1.0316384170547612,365,20:20
2425000,4854.000000071391,-808782.594165781,207523.48561615797,300.6913716604194,727.6721047072037,1.0331482725669316,365,20:18
2430000,4864.000000073428,-810185.6117741959,206791.60728449596,299.63091578583453,728.0567542356476,1.0326024360046806,365,20:16
2435000,4874.000000075465,-812035.3988363747,207195.03116591726,300.2154572410099,726.5914025467412,1.0346849348042328,365,20:13
2440000,4884.000000077503,-811310.8372604824,207491.33327451616,300.6447844913495,724.5778383458364,1.0375602705289542,365,20:11
2445000,4894.00000007954,-811380.0487704906,207513.00864253927,300.67619103853025,727.058779575058,1.0340198056789704,365,20:08
2450000,4904.000000081577,-810029.4497867054,207216.16356751346,300.24607705641813,727.938524530458,1.03277014835603,365,20:06
2455000,4914.000000083614,-809757.0971961934,206699.99767305638,299.49817794346814,730.7240495290802,1.0288332215942377,365,20:04
2460000,4924.000000085652,-810480.4318199116,208310.61099262358,301.8318777983895,727.8766235101591,1.0328579785237435,365,20:02
2465000,4934.000000087689,-810388.7914913464,207445.87466631806,300.57891719342774,727.012498595423,1.0340856304751895,365,19:59
2470000,4944.000000089726,-810847.9378592372,207471.7598051206,300.61642349238485,727.9778462509283,1.0327143632805738,365,19:57
2475000,4954.0000000917635,-810599.781498645,206786.28923500451,299.6232101924585,728.1717394173106,1.0324393783463532,365,19:55
2480000,4964.000000093801,-810343.2918148292,206945.53562759343,299.8539504196542,728.0030811220505,1.032678566160288,365,19:52
2485000,4974.000000095838,-811116.1246473393,207540.31179450062,300.7157519691379,727.3345548918974,1.0336277479421128,365,19:50
2490000,4984.000000097875,-809261.0844680155,207588.44674167188,300.78549715121574,728.0881717207138,1.0325578785281653,365,19:47
2495000,4994.0000000999125,-810465.5846164762,208091.1674805581,301.5139148919308,728.9350860640724,1.0313581995795291,365,19:45
2500000,5004.00000010195,-810636.2469468326,206057.39834654372,298.5670829768264,728.0460112425759,1.0326176730098213,365,19:42
2505000,5014.000000103987,-810273.6062016031,207797.04315603455,301.08774314410624,728.2098957988004,1.0323852810991,365,19:40
2510000,5024.000000106024,-811452.7545224093,206752.10329207216,299.57367643467046,726.3223601336822,1.0350682000689346,365,19:38
2515000,5034.000000108062,-811022.7109038695,207845.56034636887,301.1580421778152,728.4852272628848,1.0319950904125816,365,19:36
2520000,5044.000000110099,-810255.7550556967,207529.13075371343,300.69955118838817,728.7828793559619,1.0315735993108999,365,19:33
2525000,5054.000000112136,-811854.3651378532,206962.6301977359,299.87871961495193,729.1191356916069,1.0310978565392837,365,19:31
2530000,5064.000000114173,-810362.1189863002,206351.86020592958,298.9937437961429,726.9872823984766,1.0341214986499827,365,19:28
2535000,5074.000000116211,-811202.2095113839,208096.4373870201,301.52155072841396,725.8986722209124,1.0356723420821992,365,19:26
2540000,5084.000000118248,-810960.4376459443,207927.7586376544,301.27714347799525,728.2034313512949,1.0323944458464327,365,19:24
2545000,5094.000000120285,-809796.8859313177,207905.374956033,301.2447106190851,727.8876211540158,1.0328423730870357,365,19:21
2550000,5104.0000001223225,-811455.18632572,207460.74505409907,300.6004636573651,726.8820922054078,1.0342711507617435,365,19:19
2555000,5114.00000012436,-810799.1959406822,206768.41816646297,299.5973158889928,726.9997790395014,1.0341037227915615,365,19:17
2560000,5124.000000126397,-810749.2829293716,206820.5613218029,299.6728687684913,726.8621973816852,1.0342994596245512,365,19:14
2565000,5134.000000128434,-809258.1875108997,206899.36793161058,299.7870556882446,728.9571777889797,1.0313269433105463,365,19:12
2570000,5144.000000130472,-810758.8952307492,207244.7924463651,300.2875589003909,726.5071349438762,1.0348049479671912,365,19:10
2575000,5154.000000132509,-810532.8199946838,205981.54756883672,298.4571789130886,727.8412767421117,1.032908138074403,365,19:07
2580000,5164.000000134546,-811244.5584190199,206663.7746692559,299.4456925842034,727.9398654823143,1.0327682458705183,365,19:05
2585000,5174.000000136583,-808998.0408391925,206946.09419721243,299.85475975968825,729.5903063798113,1.0304319717510353,365,19:02
2590000,5184.000000138621,-809669.9787973566,208381.6869110752,301.9348633248121,727.3374951802756,1.0336235694642057,365,19:00
2595000,5194.000000140658,-812113.9144734354,206480.77495092817,299.18053495082006,727.5201176804526,1.0333641087071626,365,18:57
2600000,5204.000000142695,-811465.7359530702,207194.45852890256,300.21462751800823,728.1928781564973,1.0324094076237609,365,18:55
2605000,5214.000000144732,-812351.1813266897,207276.05861105616,300.3328620424405,727.0680437999547,1.034006630306859,365,18:53
2610000,5224.00000014677,-811925.3809791035,205761.4990222294,298.1383393411974,728.2493550182925,1.0323293426803064,365,18:51
2615000,5234.000000148807,-811318.692976064,208001.4679632487,301.3839446824532,726.9030776708483,1.0342412916757702,365,18:48
2620000,5244.000000150844,-812244.6443446758,208143.4545156635,301.58967624616605,727.6918450922761,1.033120245944296,365,18:46
2625000,5254.0000001528815,-811539.1524628303,207119.6558276984,300.10624206581616,726.0237516739983,1.0354939163353485,365,18:43
2630000,5264.000000154919,-810780.3163368967,207477.8579547523,300.6252594126755,726.3108639812991,1.0350845832766558,365,18:41
2635000,5274.000000156956,-812123.030898456,207095.17706634605,300.0707735389372,728.1239225883769,1.032507179960347,365,18:39
2640000,5284.000000158993,-810220.7003891827,209057.75955684014,302.91445949241484,727.0456184665377,1.0340385236885823,365,18:36
2645000,5294.000000161031,-810237.6604053485,205688.17897728304,298.0321021853417,726.0784694083638,1.035415880856487,365,18:34
2650000,5304.000000163068,-810711.0386036136,207719.26802843512,300.97505079157804,728.5406249195346,1.0319166183168227,365,18:32
2655000,5314.000000165105,-809415.364676544,207323.98761050435,300.4023088163495,727.9893310958928,1.032698071057806,365,18:30
2660000,5324.000000167142,-809462.9551085583,207475.38305522027,300.62167340440857,728.9423195512786,1.0313479651396542,365,18:27
2665000,5334.00000016918,-809632.390011441,208058.44275622378,301.46649836835957,727.3160838978652,1.0336539980586528,365,18:25
2670000,5344.000000171217,-809459.9432480051,206262.630647531,298.864454534121,728.093084618166,1.0325509112171474,365,18:22
2675000,5354.000000173254,-811802.8708057106,207139.33366185986,300.13475428421754,728.758189055639,1.0316085489860523,365,18:20
2680000,5364.0000001752915,-811681.6660380908,208655.57685932488,302.331716451959,726.1027897635759,1.035381200254278,365,18:18
2685000,5374.000000177329,-809674.9724158873,205767.8383685427,298.1475247436723,728.471288904825,1.0320148363069022,365,18:15
2690000,5384.000000179366,-811967.0996553195,208390.7118099858,301.94793996153334,727.5857974997135,1.0332708260068626,365,18:13
2695000,5394.000000181403,-811335.5918548913,207559.5528667649,300.7436313409313,727.9508987868238,1.0327525925530165,365,18:10
2700000,5404.0000001834405,-811047.6585364137,207716.4425028097,300.97095674326613,728.9268886306493,1.031369798122961,365,18:08
2705000,5414.000000185478,-811145.4797524591,206475.5466489826,299.17295939724454,729.0068088544818,1.0312567301733633,365,18:06
2710000,5424.000000187515,-810211.6598013411,208413.20424839424,301.980530403704,728.4063224335735,1.032106881584557,365,18:03
2715000,5434.000000189552,-809149.3234365871,205776.57536855654,298.16018422898577,729.1145093522624,1.031104399007607,365,18:01
2720000,5444.00000019159,-810780.9315708717,205950.46861693385,298.41214703320435,729.4855621226159,1.0305799278410193,365,17:59
2725000,5454.000000193627,-809678.2065467732,207601.44444646506,300.80433018917813,728.7927280546071,1.0315596589172613,365,17:56
2730000,5464.000000195664,-809237.7924576132,207246.73850120272,300.29037863858446,730.0131450083455,1.029835124359023,365,17:54
2735000,5474.000000197701,-811171.8462944459,207779.20613846683,301.0618981788348,728.0728008965463,1.0325796775372402,365,17:51
2740000,5484.000000199739,-810104.902810818,206753.47261206526,299.5756605123075,728.1137832056396,1.0325215581876486,365,17:49
2745000,5494.000000201776,-809431.7486916594,206976.25657396266,299.8984635670459,727.7225770064546,1.033076617006927,365,17:47
2750000,5504.000000203813,-809604.7361365608,206666.2675328569,299.4493046215269,728.9520148631253,1.0313342478579395,365,17:44
2755000,5514.0000002058505,-811432.6016750531,206833.5977192963,299.6917578702822,728.8787150563924,1.0314379641546065,365,17:42
2760000,5524.000000207888,-807806.5182354739,208147.05985055183,301.5949001999255,729.6889998854565,1.030292601493793,365,17:40
2765000,5534.000000209925,-811052.4164996515,206580.72770729486,299.3253616017599,728.5409059757463,1.0319162202244534,365,17:37
2770000,5544.000000211962,-811734.5957240639,206682.65589322936,299.47305055343924,728.0859499630036,1.0325610293834018,365,17:35
2775000,5554.000000214,-809171.4568083333,206273.780005828,298.88060940849346,728.8328426054502,1.0315028824522527,365,17:33
2780000,5564.000000216037,-809795.0824297694,206522.01967760327,299.24029654069926,728.8618476971785,1.0314618337462214,365,17:30
2785000,5574.000000218074,-808939.7893755967,207501.87657643523,300.6600612196989,730.7146835809968,1.0288464086818334,365,17:28
2790000,5584.000000220111,-809692.4715441,207804.59284807308,301.09868227828633,725.6031099833153,1.0360942058127036,365,17:25
2795000,5594.000000222149,-811282.9265854959,207285.77557711615,300.3469414505821,727.949241118744,1.03275494431178,365,17:23
2800000,5604.000000224186,-810346.043133351,207304.41647230778,300.37395119517805,729.5971667377984,1.03042228266159,365,17:21
2805000,5614.000000226223,-811616.130065389,206311.8424855459,298.93576007831376,727.2407299394671,1.0337611014113133,365,17:18
2810000,5624.00000022826,-811140.672043581,206672.95587714558,299.45899570498347,726.8640582935991,1.0342968116188274,365,17:16
2815000,5634.000000230298,-811139.7536731316,206919.18444417848,299.8157688448682,728.85382491341,1.0314731874566292,365,17:14
2820000,5644.000000232335,-809897.8236532318,207352.73189788018,300.4439578816241,728.0000086002598,1.032682924576991,365,17:11
2825000,5654.000000234372,-811312.1163344593,207742.80336300022,301.00915233922626,728.1957362169256,1.0324053555697223,365,17:09
2830000,5664.0000002364095,-809064.1284977989,208216.52854376734,301.69555693566036,729.7505916448989,1.0302056436553297,365,17:07
2835000,5674.000000238447,-811332.3193142912,207735.9561546598,300.9992310695357,727.9550321598832,1.0327467285208245,365,17:04
2840000,5684.000000240484,-810459.7712450163,208496.56954222487,302.1013226334431,727.7716000620411,1.0330070284541222,365,17:02
2845000,5694.000000242521,-809969.269662072,207116.59594955883,300.1018084521836,729.2391543930468,1.030928157716814,365,16:59
2850000,5704.000000244559,-811551.2925030678,206385.2218451787,299.04208317824646,729.2900223440224,1.0308562505175114,365,16:57
2855000,5714.000000246596,-809599.0535014947,206530.1673404852,299.25210210535874,730.5060728391667,1.0291402165234442,365,16:55
2860000,5724.000000248633,-809146.564273308,208560.42727089764,302.1938493562317,728.5190320737051,1.0319472036762534,365,16:53
2865000,5734.00000025067,-811283.0650043888,206089.33156624204,298.61335264892693,728.2365462775359,1.0323475000207933,365,16:50
2870000,5744.000000252708,-810800.683269673,208118.0687016521,301.55289344438756,727.953096353813,1.0327494748480206,365,16:48
2875000,5754.000000254745,-811109.4032774223,207102.95442044688,300.0820425443007,728.3968114478056,1.0321203582413838,365,16:45
2880000,5764.000000256782,-809741.0552203907,206971.83241843415,299.892053182263,728.8961688614378,1.0314132658259394,365,16:43
2885000,5774.0000002588195,-808627.5151124019,207439.54807661742,300.56975027466007,727.3898290419891,1.033549202858036,365,16:41
2890000,5784.000000260857,-810681.7911751671,207211.0294788087,300.2386380132165,728.3376691486817,1.0322041682289003,365,16:38
2895000,5794.000000262894,-809261.0755296783,207998.30547174494,301.3793623870793,729.1434902660103,1.0310634161996253,365,16:36
2900000,5804.000000264931,-810440.1627305364,207961.22162270074,301.32562970519785,729.7842335615635,1.03015815277951,365,16:33
2905000,5814.0000002669685,-810357.9065057198,207183.290023558,300.1984449005011,728.3895958569896,1.0321305826573013,365,16:31
2910000,5824.000000269006,-810127.4714931897,207670.27779777668,300.9040663455964,727.8575253895846,1.0328850794954614,365,16:29
2915000,5834.000000271043,-811393.4746999801,206408.28119738755,299.07549505076145,728.7601922597373,1.0316057133173437,365,16:26
2920000,5844.00000027308,-810743.488869295,205936.13416147398,298.3913771089645,729.3959050963099,1.0307066062759478,365,16:24
2925000,5854.000000275118,-812004.0129530132,206330.954756079,298.96345282270397,726.7640457205914,1.034439144864387,365,16:22
2930000,5864.000000277155,-811792.5945789586,205460.1984592104,297.70176957509483,728.164087016082,1.032450228428784,365,16:19
2935000,5874.000000279192,-811505.9327090518,207588.08054498528,300.7849665501434,726.5777698369939,1.0347043484994787,365,16:17
2940000,5884.000000281229,-810513.3142381879,207354.9007820483,300.4471004886093,728.8463935972919,1.031483704354827,365,16:14
2945000,5894.000000283267,-809684.3162613837,207363.39125695804,300.4594027711152,727.5595526471254,1.0333080986128143,365,16:12
2950000,5904.000000285304,-809634.7431726675,206333.73278357403,298.96747804855016,730.3840317024411,1.0293121773501093,365,16:10
2955000,5914.000000287341,-810939.1763697504,207438.34922804625,300.5680132017682,728.256332367425,1.0323194520388885,365,16:08
2960000,5924.0000002893785,-811603.4630471133,206941.98168288375,299.8488009277479,728.4222369507181,1.032084332186929,365,16:05
2965000,5934.000000291416,-809513.4494891735,208471.0874983109,302.06440039924655,729.275898846544,1.0308762145608559,365,16:03
2970000,5944.000000293453,-810923.4834243488,207629.50104006697,300.84498281983934,727.9068913087198,1.0328150302598804,365,16:01
2975000,5954.00000029549,-811374.4370910656,206268.4185878191,298.8728409762586,727.1145580313288,1.033940483888646,365,15:58
2980000,5964.000000297528,-811389.9997145375,207210.4962674573,300.23786541607086,726.2058791383255,1.0352342215480625,365,15:56
2985000,5974.000000299565,-809621.0295297019,207065.43371962308,300.027676885576,729.1632284970422,1.0310355056205918,365,15:53
2990000,5984.000000301602,-810249.4130674042,206718.75361273604,299.5253543818954,727.2795116701243,1.033705976739223,365,15:51
2995000,5994.000000303639,-810842.128076951,206894.2855020078,299.7796914965528,726.8408480274368,1.0343298399005394,365,15:49
3000000,6004.000000305677,-809579.8204400786,206915.0551294826,299.8097856700182,729.4663017755425,1.0306071385936597,365,15:46
3005000,6014.000000307714,-808566.7111538467,207478.9975001203,300.62691055812905,730.038560850731,1.0297992712841209,365,15:44
3010000,6024.000000309751,-809593.2061020145,206262.36865351943,298.8640749176238,727.7829665573605,1.0329908949773943,365,15:42
3015000,6034.000000311788,-808756.5081341113,208143.85903035806,301.59026236815606,727.3768585279724,1.0335676330077794,365,15:39
3020000,6044.000000313826,-810207.6277335566,206365.48906195915,299.0134913413497,728.8294086192582,1.0315077425287171,365,15:37
3025000,6054.000000315863,-811626.9471008615,207144.291429153,300.1419378463254,729.0964219806341,1.031129978571421,365,15:35
3030000,6064.0000003179,-812702.4801311004,207216.83892390985,300.2470556147755,726.882899334453,1.034270002309514,365,15:32
3035000,6074.0000003199375,-812072.8791992716,207122.2454709615,300.1099943321323,724.2352723749337,1.038051040386487,365,15:30
3040000,6084.000000321975,-810378.3051123349,206646.82065121818,299.421127042025,728.3486176144556,1.0321886522359618,365,15:27
3045000,6094.000000324012,-810869.1131718047,207644.94447249448,300.86735959741696,728.4712192875471,1.0320149349327115,365,15:25
3050000,6104.000000326049,-810288.324746789,207251.0343774009,300.2966031528975,727.0097770242828,1.034089501589028,365,15:23
3055000,6114.000000328087,-810033.5584620042,205997.49033033563,298.4802791940469,727.5327849736711,1.0333461164923279,365,15:21
3060000,6124.000000330124,-809464.3337252187,207453.28573596902,300.58965547055425,727.1791052992027,1.033848707278327,365,15:18
3065000,6134.000000332161,-811398.8514354872,207879.30268666137,301.20693317709396,726.2961300382384,1.0351055814297263,365,15:16
3070000,6144.000000334198,-809912.1251108451,206576.33847247,299.319001815367,726.8015078722561,1.0343858258829142,365,15:13
3075000,6154.000000336236,-809526.266748813,206954.53038455133,299.86698338216155,728.8881908042715,1.0314245551760766,365,15:11
3080000,6164.000000338273,-810193.4739364213,207320.50780441798,300.397266747679,727.8622283218189,1.0328784057207476,365,15:09
3085000,6174.00000034031,-808143.621893472,207557.76668421645,300.7410432498585,728.4733988375059,1.032011847204165,365,15:06
3090000,6184.000000342347,-811012.7769936477,208960.8676320795,302.77406783663383,728.1948224692605,1.0324066510444414,365,15:04
3095000,6194.000000344385,-809736.3709285781,205530.14701851632,297.8031216133035,728.7489238226029,1.0316216647427907,365,15:01
3100000,6204.000000346422,-811500.6137444531,207285.510472023,300.34655732627994,726.8425293652008,1.0343274472807489,365,14:59
3105000,6214.000000348459,-810783.3904000027,206180.42885919,298.7453481668787,729.8446910393501,1.0300728185099006,365,14:57
3110000,6224.0000003504965,-810128.433356856,206596.32093137526,299.34795542010977,728.8018309230818,1.0315467745480122,365,14:54
3115000,6234.000000352534,-811314.3198885061,207426.27684429527,300.55052090869833,726.5572349322953,1.0347335926583225,365,14:52
3120000,6244.000000354571,-810070.5595635222,206709.0067323171,299.511231629312,727.8348800745564,1.0329172159163083,365,14:50
3125000,6254.000000356608,-808645.3979366762,206912.67337121494,299.80633461888374,727.558200134856,1.0333100195064022,365,14:47
3130000,6264.000000358646,-810546.7250393596,207028.95107118084,299.97481531393595,729.9521033752435,1.0299212434585172,365,14:45
3135000,6274.000000360683,-808698.443198733,207358.91889193474,300.45292253313426,727.5103424556853,1.0333779935495346,365,14:42
3140000,6284.00000036272,-810523.0029449151,208420.1499358007,301.99059436474033,727.5718729148128,1.0332906011904255,365,14:40
3145000,6294.000000364757,-809869.9603972393,207417.7320703692,300.5381399495759,727.1081912127877,1.0339495374401293,365,14:38
3150000,6304.000000366795,-811020.2037741342,207167.89774007257,300.1761422352366,729.3164590124696,1.0308188834670697,365,14:35
3155000,6314.000000368832,-810723.9212504593,207614.54372536432,300.82331040304786,728.5282985943833,1.0319340778167365,365,14:33
3160000,6324.000000370869,-811057.9948101067,206551.51016514166,299.2830268134803,729.1543166718511,1.0310481070795445,365,14:31
3165000,6334.0000003729065,-811778.3233073582,207235.33103127152,300.27384977308947,727.9493657609017,1.032754767479694,365,14:28
3170000,6344.000000374944,-809856.5835118312,206931.56456837297,299.8337070387758,727.238204296867,1.033764691584465,365,14:26
3175000,6354.000000376981,-811681.6584833949,207236.06162628217,300.2749083694947,728.9920082036175,1.0312776676742452,365,14:24
3180000,6364.000000379018,-812192.9906818531,207607.50146670255,300.81310651499,727.8560426268384,1.0328871836526399,365,14:21
3185000,6374.0000003810555,-811108.7266941657,207408.73338462846,300.52510129445454,727.5927533576977,1.033260947836565,365,14:19
3190000,6384.000000383093,-808896.0684953462,207809.2352859007,301.10540894343507,728.3286960510055,1.032216885109168,365,14:16
3195000,6394.00000038513,-810745.1560367984,207242.83465218818,300.2847221524693,729.2070005967371,1.0309736156649218,365,14:14
3200000,6404.000000387167,-810843.6320346375,209330.0056315862,303.30893072732835,727.2526365801424,1.0337441765885493,365,14:12
3205000,6414.000000389205,-809829.9159787768,206691.8487605207,299.4863705681216,728.0243245610742,1.03264843304054,365,14:10
3210000,6424.000000391242,-811295.7122465055,206901.28153489623,299.789828405728,726.8901042732418,1.0342597506194524,365,14:07
3215000,6434.000000393279,-811091.0440921504,206984.653491572,299.91063028960355,727.8552725464401,1.0328882764607896,365,14:05
3220000,6444.000000395316,-810888.9722556747,207435.77059997487,300.5642768959256,728.2921175153281,1.0322687282930372,365,14:02
3225000,6454.000000397354,-810919.2185074571,206055.9980976712,298.56505408475715,727.7910390696508,1.032979437249492,365,14:00
3230000,6464.000000399391,-809943.2596737836,207966.9345676146,301.33390748270944,727.3976661697717,1.033538067192431,365,13:58
3235000,6474.000000401428,-810907.553549754,207523.40045856615,300.6912482712376,727.5078144665686,1.0333815843952536,365,13:55
3240000,6484.0000004034655,-809362.1240658015,207558.29099297663,300.74180294758526,729.3939401376117,1.0307093829591636,365,13:53
3245000,6494.000000405503,-809722.2957082195,206744.0920252536,299.5620685012298,728.3325711153232,1.0322113932405104,365,13:50
3250000,6504.00000040754,-809627.8860407276,207047.8504857723,300.0021996404868,727.9606083830852,1.0327388176171257,365,13:48
3255000,6514.000000409577,-810198.224226777,206449.30128707187,299.13493115263776,728.3781793850524,1.0321467600911756,365,13:46
3260000,6524.000000411615,-810462.6970327925,207615.7403215341,300.82504421232034,729.8564187904115,1.0300562667097388,365,13:44
3265000,6534.000000413652,-810077.3376604225,206872.94155140256,299.74876515698656,729.2416608152789,1.0309246143903787,365,13:41
3270000,6544.000000415689,-811145.1636069608,207034.7014551525,299.98314733880954,728.1518535751052,1.0324675742871638,365,13:39
3275000,6554.000000417726,-811947.708665981,207262.49678643764,300.3132116224669,726.4582328406955,1.0348746066702657,365,13:36
3280000,6564.000000419764,-812575.359616254,207887.6564690201,301.219037398785,726.5368853297698,1.0347625745555333,365,13:34
3285000,6574.000000421801,-810718.6487252219,206708.24660302768,299.5101302391827,727.5549960195057,1.0333145701513888,365,13:32
3290000,6584.000000423838,-810339.9043929288,208200.12595419635,301.67179038633583,727.240734253392,1.0337610952791376,365,13:29
3295000,6594.000000425875,-810897.7736722641,206855.45261146955,299.7234245391681,726.6349168803799,1.0346229729793628,365,13:27
3300000,6604.000000427913,-809725.2169790808,208601.418362455,302.2532434412416,726.3683627649244,1.0350026467448097,365,13:24
3305000,6614.00000042995,-811050.3620794751,207857.15289452428,301.1748392125968,726.1452254027614,1.0353206929872791,365,13:22
3310000,6624.000000431987,-810881.1566717317,206721.12866375427,299.5287957145538,726.8818341528865,1.034271517941477,365,13:20
3315000,6634.0000004340245,-810125.7464450328,206680.20914809196,299.4695053395119,729.453335151044,1.0306254584712002,365,13:17
3320000,6644.000000436062,-808630.2113399552,207457.94788879863,300.5964107017757,728.3644968546847,1.032166149256147,365,13:15
3325000,6654.000000438099,-810744.2429498881,206403.44382282117,299.0684859318211,730.0128339301273,1.0298355631996305,365,13:13
3330000,6664.000000440136,-810504.8663669913,207643.74766047546,300.86562547538955,728.5833881816573,1.0318560513020465,365,13:10
3335000,6674.000000442174,-810697.8305557244,205831.07634532527,298.239153476311,727.9265443946811,1.0327871455746356,365,13:08
3340000,6684.000000444211,-809188.9671482584,208427.6084965896,302.0014014542009,729.9770262177577,1.0298860799341447,365,13:05
3345000,6694.000000446248,-809016.781811113,208126.32062279302,301.56485007416046,729.5470288332835,1.030493098129238,365,13:03
3350000,6704.000000448285,-809207.9913153998,206773.29569410533,299.6043831877746,729.7281218997542,1.0302373656865425,365,13:01
3355000,6714.000000450323,-810049.5903549818,207659.73647725905,300.8887924882007,730.3699889161795,1.0293319678824726,365,12:58
3360000,6724.00000045236,-812562.689003529,207055.3092020032,300.01300695517523,727.5845381090181,1.0332726145160955,365,12:56
3365000,6734.000000454397,-811452.3960253559,207012.58656379522,299.9511039438338,727.7013534942967,1.0331067468315258,365,12:54
3370000,6744.0000004564345,-811926.15309904,207138.69465120594,300.1338283890618,728.3550447331652,1.0321795440420303,365,12:51
3375000,6754.000000458472,-810550.6397276185,206750.1543414984,299.57085250069696,730.3959040750294,1.029295446180601,365,12:49
3380000,6764.000000460509,-809412.0512549337,207704.31172406208,300.9533798387047,729.6746985641272,1.030312794801285,365,12:47
3385000,6774.000000462546,-812055.2068803404,207154.07083797318,300.15610773096967,725.6985872738213,1.0359578909993434,365,12:44
3390000,6784.0000004645835,-810320.6708634258,206501.70130564296,299.21085621438385,728.5053207516615,1.0319666261293758,365,12:42
3395000,6794.000000466621,-809157.2012419845,207582.1880871402,300.7764286671823,727.493660510271,1.0334016896395717,365,12:39
3400000,6804.000000468658,-808844.1406304864,207324.48438488203,300.4030286181039,729.5503259838006,1.0304884408893873,365,12:37
3405000,6814.000000470695,-810842.585087637,206624.8261361644,299.3892580664202,727.5147932669674,1.0333716715194192,365,12:35
3410000,6824.000000472733,-811336.226619124,207673.3315013552,300.9084910125922,728.3584166551891,1.0321747655856306,365,12:32
3415000,6834.00000047477,-809573.3136281441,207658.96401885044,300.88767323378113,728.5967288249054,1.0318371579651437,365,12:30
3420000,6844.000000476807,-808697.3895435622,207469.77053553634,300.613541138139,728.8850133389748,1.0314290515172966,365,12:28
3425000,6854.000000478844,-809948.1790096993,207207.60574094602,300.2336771846574,728.0025549511986,1.0326793125386589,365,12:25
3430000,6864.000000480882,-811065.6764525943,207557.660987742,300.7408901008412,726.24402892733,1.0351798404233317,365,12:23
3435000,6874.000000482919,-809666.3324842262,208766.9929002583,302.4931528410683,728.2729937099054,1.032295834757885,365,12:21
3440000,6884.000000484956,-810905.169803224,206653.16402341367,299.43031827780607,728.7403119100442,1.0316338559656797,365,12:18
3445000,6894.0000004869935,-810485.6426711907,207892.72799220294,301.22638578760825,724.8556762525453,1.0371625726380604,365,12:16
3450000,6904.000000489031,-812899.9251173623,206771.10626732564,299.6012108155509,724.2747806088457,1.0379944160714976,365,12:13
3455000,6914.000000491068,-810934.6653596619,207126.16788804412,300.11567772246906,728.8112872512298,1.0315333902262123,365,12:11
3460000,6924.000000493105,-811010.0917696101,207742.2839944628,301.0083997996405,727.6751338570583,1.0331439718002928,365,12:09
3465000,6934.000000495143,-811166.7640797463,208128.42089930945,301.5678932720169,729.391280980285,1.0307131406383119,365,12:06
3470000,6944.00000049718,-810622.622158499,207650.4265134277,300.87530280636423,727.3129643349164,1.0336584315678468,365,12:04
3475000,6954.000000499217,-812470.4529179973,207643.05710374506,300.8646248924923,727.1989388324646,1.0338205102174831,365,12:02
3480000,6964.000000501254,-811115.2117863819,207389.6039839311,300.4973837292949,729.3832623781693,1.0307244719630029,365,11:59
3485000,6974.000000503292,-810448.4070715792,206949.76668180237,299.86008101007815,730.057870362171,1.0297720338258078,365,11:57
3490000,6984.000000505329,-810386.0862962836,207649.81484510706,300.8744165289109,726.7914774075622,1.0344001014637774,365,11:54
3495000,6994.000000507366,-810887.9708664021,206741.31153703257,299.55803970991207,728.1304789257691,1.0324978829103981,365,11:52
3500000,7004.000000509403,-809229.7379405159,207375.47078466276,300.47690541542437,728.7718784040844,1.0315891711130787,365,11:50
3505000,7014.000000511441,-810707.8167242473,207506.78634916715,300.667175240037,729.2284143366944,1.0309433411988222,365,11:47
3510000,7024.000000513478,-811126.8318549423,206240.4141296935,298.8322638873504,728.5695851798812,1.0318756001704024,365,11:45
3515000,7034.000000515515,-809793.5342361093,207410.0544972223,300.52701552192997,730.2833114163149,1.0294541395384755,365,11:43
3520000,7044.0000005175525,-810035.6005236339,207485.33808006905,300.6360977480813,728.2609418178812,1.0323129180823136,365,11:40
3525000,7054.00000051959,-810469.5315386821,207861.0157650623,301.1804363229054,728.1786934779609,1.0324295186153298,365,11:38
3530000,7064.000000521627,-809004.2349163718,207646.39949999197,300.8694678610322,730.0154965230959,1.0298318070698738,365,11:36
3535000,7074.000000523664,-810145.715695207,207275.14810145134,300.3315427585958,728.4879839485038,1.0319911852197887,365,11:33
3540000,7084.000000525702,-808435.3280838109,207417.1474171645,300.5372928157031,729.0968951087408,1.0311293094469494,365,11:31
3545000,7094.000000527739,-810688.7705732537,207856.68157012193,301.17415628661075,730.0660625774785,1.0297604785506744,365,11:28
3550000,7104.000000529776,-809215.0973434946,207144.2530146896,300.1418821856484,729.6260213921945,1.0303815323621537,365,11:26
3555000,7114.000000531813,-809034.0358840534,207522.80994631,300.6903926478861,729.2731405036442,1.0308801136624808,365,11:24
3560000,7124.000000533851,-809450.6295698928,206862.38090695092,299.7334633001564,729.132014220036,1.0310796444421604,365,11:21
3565000,7134.000000535888,-808618.6933432571,207229.29335108964,300.2651014700714,727.5461108022097,1.0333271895913867,365,11:19
3570000,7144.000000537925,-811666.7042113114,207009.5657980924,299.9467270022074,727.1923622203242,1.0338298599258573,365,11:17
3575000,7154.0000005399625,-812061.4756418876,207217.6522925179,300.2482341460713,725.809125166013,1.0358001186626506,365,11:14
3580000,7164.000000542,-811701.094348894,207245.1623651226,300.28809489456165,729.2831620952436,1.0308659476155675,365,11:12
3585000,7174.000000544037,-812390.3786168378,207101.45416505815,300.07986874768517,728.0511164308018,1.032610432161662,365,11:09
3590000,7184.000000546074,-811240.0218627248,207752.74181310425,301.0235526669053,728.0015481082844,1.0326807407579408,365,11:07
3595000,7194.0000005481115,-810130.6458028974,207892.72697089438,301.22638430778215,727.6352293093407,1.0332006308806412,365,11:05
3600000,7204.000000550149,-809871.0941645382,206964.6124686891,299.8815918285241,729.7819993323046,1.0301613066110495,365,11:02
3605000,7214.000000552186,-808993.029402996,207048.64908937964,300.0033567780194,728.6718298417826,1.0317308110245305,365,11:00
3610000,7224.000000554223,-811464.8211625023,206985.56958254884,299.9119576605831,727.8153499529832,1.0329449331096914,365,10:58
3615000,7234.000000556261,-810681.7759198118,207132.99073054644,300.125563687253,726.6455813229566,1.0346077885791993,365,10:55
3620000,7244.000000558298,-810546.6699455427,207370.1355626037,300.46917493983847,727.9234777288402,1.0327914965993754,365,10:53
3625000,7254.000000560335,-810262.1360560991,206507.4675299255,299.21921119109254,727.0348007757055,1.0340539093469385,365,10:51
3630000,7264.000000562372,-809715.1958634281,207894.7319071772,301.2292893623073,730.2042557730108,1.0295655935030474,365,10:48
3635000,7274.00000056441,-810060.7816560166,206770.50310327654,299.60033686037076,728.7314189056552,1.0316464454110785,365,10:46
3640000,7284.000000566447,-809892.0627626274,207745.23605928785,301.0126771970581,728.5600442027448,1.0318891132659764,365,10:43
3645000,7294.000000568484,-811955.4368090555,207692.9596863106,300.9369312917246,725.9174876075678,1.035645498018105,365,10:41
3650000,7304.0000005705215,-810930.6989595438,207265.68929432385,300.3178374101096,728.0738208858255,1.0325782309528815,365,10:39
3655000,7314.000000572559,-810259.3721670778,207143.34660161205,300.1405688374711,729.0313239453553,1.031222052167599,365,10:36
3660000,7324.000000574596,-811890.6038649073,207230.03078473546,300.26616997532426,726.7581241022523,1.0344475734647807,365,10:34
3665000,7334.000000576633,-810437.0293652983,207498.8592818314,300.65568930752505,728.9365018913438,1.031356196352826,365,10:32
3670000,7344.000000578671,-809869.6351540447,206964.0757184968,299.88081410377123,728.8880138448754,1.031424805585279,365,10:29
3675000,7354.000000580708,-809715.1935514654,207931.32345960842,301.28230873049625,730.0385787123054,1.0297992460884162,365,10:27
3680000,7364.000000582745,-809898.1638748208,206670.32285364787,299.45518058283096,729.7999319348224,1.030135993545876,365,10:25
3685000,7374.000000584782,-810771.9177817721,206803.66884800227,299.64839240089964,727.2514532452248,1.0337458586279247,365,10:22
3690000,7384.00000058682,-810956.2762448625,206822.5182586936,299.67570427424704,728.5049867274636,1.0319670992926773,365,10:20
3695000,7394.000000588857,-810769.3404063294,208422.50941294074,301.9940131316116,726.8000828221091,1.0343878540220242,365,10:17
3700000,7404.000000590894,-808689.0198545083,205839.4899321411,298.25134435173277,729.9541244611339,1.0299183918282249,365,10:15
3705000,7414.000000592931,-809605.4198501101,206924.9645827673,299.8241439827255,728.3604936228336,1.0321718222716945,365,10:13
3710000,7424.000000594969,-810437.3882691059,207147.63786227928,300.1467866641058,727.9903260473958,1.0326966596592457,365,10:10
3715000,7434.000000597006,-809160.9733460443,206297.42885852238,298.91487543835393,727.5535726497606,1.0333165917051983,365,10:08
3720000,7444.000000599043,-812351.6965268785,207436.87231624883,300.5658732288738,726.8900971565423,1.0342597607454893,365,10:06
3725000,7454.0000006010805,-808068.4846363673,206450.05899068847,299.136029028086,729.1129722713088,1.031106572732384,365,10:03
3730000,7464.000000603118,-810810.9260277264,208124.2315550023,301.56182311719886,728.3977104807967,1.03211908433533,365,10:01
3735000,7474.000000605155,-812011.0859273546,207073.4078349999,300.0392309883963,727.0618217554588,1.034015479121458,365,9:58
3740000,7484.000000607192,-811318.6877202671,208073.0294972226,301.4876338419951,730.0028435820551,1.0298496568649138,365,9:56
3745000,7494.00000060923,-810949.8107088427,207383.85626608782,300.4890555675108,727.6700852368268,1.0331511398173159,365,9:54
3750000,7504.000000611267,-811427.3480952778,207220.1501251086,300.2518533832176,727.7948186679362,1.032974072760477,365,9:51
3755000,7514.000000613304,-810671.8472290444,206580.04297248475,299.3243694545402,727.5050960576319,1.0333854457479084,365,9:49
3760000,7524.000000615341,-810898.1605549552,207844.5069614787,301.15651587467624,728.2454716486347,1.0323348475774903,365,9:47
3765000,7534.000000617379,-808945.3161812061,207436.9420827388,300.5659743171024,726.4982664757389,1.0348175799790387,365,9:44
3770000,7544.000000619416,-810016.0910823154,207476.62989596912,300.62348001561645,727.9934632564132,1.0326922093647908,365,9:42
3775000,7554.000000621453,-811375.3502848409,208919.58152693737,302.7142462913815,725.0475711317032,1.036888071771541,365,9:40
3780000,7564.00000062349,-810401.732678818,208990.17296822515,302.8165298341106,728.0282989928734,1.0326427956349953,365,9:37
3785000,7574.000000625528,-810338.7068788684,207782.2101193276,301.0662508000467,727.2399551927833,1.0337622027025437,365,9:35
3790000,7584.000000627565,-810073.3881061515,207435.464249101,300.5638330085064,731.2571347394011,1.0280832039215702,365,9:32
3795000,7594.000000629602,-808593.4312643157,207581.07507686736,300.77481596978265,728.9753564622522,1.031301224806658,365,9:30
3800000,7604.0000006316395,-810276.7437217203,206002.73888869755,298.4878840981781,729.1815204329233,1.031009641504687,365,9:28
3805000,7614.000000633677,-810288.8224656689,207551.06372535764,300.7313309906052,729.2078528612077,1.0309724107105602,365,9:25
3810000,7624.000000635714,-809310.5004803245,206885.11734918703,299.76640729192854,729.3148054064869,1.0308212206858678,365,9:23
3815000,7634.000000637751,-809351.0223437021,206893.3800187105,299.7783794955816,728.4430024033585,1.032054910944292,365,9:21
3820000,7644.000000639789,-810232.0903934478,206937.56181478372,299.8423967552389,728.5221595153805,1.0319427736741604,365,9:18
3825000,7654.000000641826,-809764.6752830916,207972.77891371495,301.34237565410774,730.2346405679089,1.029522753657257,365,9:16
3830000,7664.000000643863,-809094.4239737373,207722.4135609857,300.9796085142591,729.2563823553021,1.0309038030566164,365,9:13
3835000,7674.0000006459,-811040.9173026513,207468.77737251087,300.61210209353385,728.9390348314986,1.0313526125640606,365,9:11
3840000,7684.000000647938,-812328.7257148409,207761.40731097726,301.03610854911693,729.1431302777073,1.031063925250255,365,9:09
3845000,7694.000000649975,-811020.2598076826,206254.24850719015,298.85230922310205,728.9828368928319,1.0312906421470558,365,9:06
3850000,7704.000000652012,-809290.4154011514,208008.6780263941,301.39439171099326,728.9298410839403,1.0313656206685846,365,9:04
3855000,7714.0000006540495,-810438.5854284596,206660.56461942222,299.4410413791375,728.2340911455984,1.0323509804254443,365,9:02
3860000,7724.000000656087,-811302.5718944813,206668.3499852401,299.45232199308685,729.178642053172,1.0310137113403959,365,8:59
3865000,7734.000000658124,-812262.8444569763,208025.3833126889,301.41859685305246,726.8924563882254,1.0342564039099977,365,8:57
3870000,7744.000000660161,-811075.3582997741,206754.65543016623,299.5773743578327,727.8090992336522,1.0329538044591537,365,8:55
3875000,7754.0000006621985,-811231.1502217501,207169.6000344576,300.17860877646734,729.6251842111063,1.030382714634848,365,8:52
3880000,7764.000000664236,-809915.9836620926,206694.07322679047,299.4895937108511,730.8788370786647,1.0286153324377556,365,8:50
3885000,7774.000000666273,-810457.5419853833,205972.8905602552,298.4446353314448,729.1470619209705,1.0310583656371846,365,8:47
3890000,7784.00000066831,-810797.5943495901,206924.83783171343,299.8239603266533,727.2902142264052,1.033690765072439,365,8:45
3895000,7794.000000670348,-808261.4064995921,207354.12662038737,300.4459787662605,730.1718078507712,1.0296113461108027,365,8:43
3900000,7804.000000672385,-811401.3095803251,206584.08013359335,299.33021910335344,729.3010347927376,1.030840684583761,365,8:40
3905000,7814.000000674422,-810473.5377889792,206045.79534894272,298.55027080130964,729.9340719699928,1.0299466853826995,365,8:38
3910000,7824.000000676459,-810796.6915606409,206422.96754752737,299.09677485316604,729.7207240745204,1.0302478101151153,365,8:36
3915000,7834.000000678497,-810390.7971116351,206393.7553173174,299.0544477616323,729.6750025325803,1.0303123655929587,365,8:33
3920000,7844.000000680534,-811196.2217987496,207747.18893382544,301.01550681666305,729.7614992612932,1.0301902453533098,365,8:31
3925000,7854.000000682571,-808888.0346940663,207872.33991271164,301.1968444584929,731.7520530873338,1.0273878628717221,365,8:28
3930000,7864.0000006846085,-809801.2470650198,206615.0957315135,299.3751591864182,728.6990935933511,1.0316922095595846,365,8:26
3935000,7874.000000686646,-809932.9286878761,207292.35291306296,300.35647168838557,729.3278686296927,1.030802757319431,365,8:24
3940000,7884.000000688683,-810544.4482735409,207574.50852870895,300.7653013629565,727.8877243351945,1.0328422266772395,365,8:21
3945000,7894.00000069072,-809582.9568940825,207096.39940434176,300.0725446468553,730.2405368020251,1.0295144409070363,365,8:19
3950000,7904.000000692758,-811141.7038597404,206804.67093675394,299.64984437844504,729.2449129208861,1.0309200169284567,365,8:17
3955000,7914.000000694795,-810259.6478718822,207358.8421733342,300.4528113716378,729.8810431049211,1.0300215152530272,365,8:14
3960000,7924.000000696832,-809080.0032412112,207204.3302182338,300.2289311125956,730.5116904152729,1.0291323025180064,365,8:12
3965000,7934.000000698869,-809396.9261188372,207854.34954118158,301.1707772908371,728.8333463604622,1.0315021694981192,365,8:10
3970000,7944.000000700907,-809549.6070164973,207798.5609383206,301.089942336338,731.558044147117,1.027660325777519,365,8:07
3975000,7954.000000702944,-810139.9135937556,207276.36907184694,300.3333118849282,728.932331373829,1.031362097159932,365,8:05
3980000,7964.000000704981,-810067.8565368941,207930.44001975405,301.2810286693947,730.5499687466814,1.0290783794887486,365,8:03
3985000,7974.000000707018,-810957.4974419926,208157.30822884978,301.60974959838546,726.6246622154845,1.0346375743443215,365,8:00
3990000,7984.000000709056,-809852.5818026406,207663.86644925474,300.89477661544595,729.4829364990717,1.0305836372011528,365,7:58
3995000,7994.000000711093,-810947.334808527,207141.1166164366,300.1373376981174,730.5774760967308,1.0290396331269471,365,7:55
4000000,8004.00000071313,-809314.928124723,207050.45474651552,300.0059730868161,729.1111648591914,1.0311091287685603,365,7:53
4005000,8014.0000007151675,-809319.3436314464,206812.62881209032,299.66137495024174,727.0998363707876,1.0339614181813828,365,7:51
4010000,8024.000000717205,-812844.8085248638,207036.35173734504,299.98553851691946,726.87764006008,1.0342774857006904,365,7:48
4015000,8034.000000719242,-811008.8125718925,209836.42375186333,304.0427057926791,728.4795549752001,1.0320031260163292,365,7:46
4020000,8044.000000721279,-810330.649761776,207170.44008222467,300.1798259645586,726.1042880620066,1.035379063770507,365,7:44
4025000,8054.000000723317,-810217.9950238094,207820.8331097024,301.1222136223698,726.7375251015782,1.0344768943482183,365,7:41
4030000,8064.000000725354,-811245.9182200944,207650.52863461786,300.8754507749696,727.2815625356576,1.033703061785691,365,7:39
4035000,8074.000000727391,-810305.0650519747,207566.81771834384,300.7541577552294,726.7936311855017,1.0343970361258004,365,7:36
4040000,8084.000000729428,-810231.4874557648,207157.40955274046,300.16094536522576,729.7276412614617,1.030238044256875,365,7:34
4045000,8094.000000731466,-808866.8646182553,206318.01463760517,298.9447032244993,728.9258306365773,1.0313712950971203,365,7:32
4050000,8104.000000733503,-809797.7934204112,207397.10796785494,300.50825663465434,730.8439198160611,1.028664476216211,365,7:29
4055000,8114.00000073554,-810045.9355078321,207982.93034941208,301.3570845874848,730.4537236859887,1.0292139715295308,365,7:27
4060000,8124.0000007375775,-810360.3620120538,206842.8128293074,299.70511011357655,731.160748494651,1.0282187323666088,365,7:25
4065000,8134.000000739615,-807177.9128608652,206702.89905888427,299.5023819094998,730.1885065475252,1.0295877999066525,365,7:22
4070000,8144.000000741652,-809873.2220792291,207587.39356736984,300.78397115320865,729.9353666832288,1.0299448585283413,365,7:20
4075000,8154.000000743689,-810756.9023147621,207221.63904648504,300.2540107574042,728.8715082626073,1.0314481626060832,365,7:18
4080000,8164.0000007457265,-810026.2208548333,207850.85075672495,301.16570772343715,728.9840444696233,1.0312889337932802,365,7:15
4085000,8174.000000747764,-811195.5983342086,206120.16892492305,298.65803447205957,726.840459129816,1.0343303933210442,365,7:13
4090000,8184.000000749801,-811655.3727545873,207508.19006296882,300.6692091526189,727.2650012574749,1.0337266012712087,365,7:10
4095000,8194.000000751837,-810343.0432935166,206744.33094671898,299.56241468673704,728.6310428968442,1.0317885647370446,365,7:08
4100000,8204.000000753875,-810270.0982429497,207240.1439838471,300.28082350576074,729.8896003788423,1.0300094392126973,365,7:06
4105000,8214.000000755912,-807797.5631961743,207444.86930361573,300.577460472088,729.5530231926531,1.030484631101124,365,7:03
4110000,8224.00000075795,-809250.7741041034,207626.85524051875,300.8411491858151,728.6489766867026,1.0317631699586394,365,7:01
4115000,8234.000000759987,-811551.8462817757,207097.60392886965,300.0742899439305,728.3485791065002,1.0321887068080111,365,6:59
4120000,8244.000000762024,-810673.8728265953,208111.7742721598,301.5437731241874,728.8171042128698,1.03152515717278,365,6:56
4125000,8254.000000764061,-811000.6336079286,207894.63786004245,301.229153092613,727.7101641932935,1.03309423856515,365,6:54
4130000,8264.000000766098,-809353.2451387928,206916.61897784116,299.81205160973394,727.9471880714367,1.0327578570158775,365,6:51
4135000,8274.000000768136,-809792.6961748847,208040.80442723256,301.44094129310895,728.282195525336,1.032282791742692,365,6:49
4140000,8284.000000770173,-808054.4236870832,206592.92694703303,299.34303770294525,727.7076050772995,1.0330978716287196,365,6:47
4145000,8294.00000077221,-810509.17794589,207950.4255778984,301.3099867647832,730.9119094109072,1.0285687896087414,365,6:44
4150000,8304.000000774247,-810482.7067542002,206425.6776068447,299.10070159645005,729.4191354288566,1.0306737806259767,365,6:42
4155000,8314.000000776285,-811474.8448547502,207419.6114667165,300.54086310288017,727.6012070423066,1.0332489428232599,365,6:40
4160000,8324.000000778322,-810738.5533349365,206568.3127419608,299.30737292474663,728.3442000519143,1.032194912679754,365,6:37
4165000,8334.00000078036,-808583.1215438363,206521.1169803947,299.23898857663426,728.6712346446827,1.0317316537683596,365,6:35
4170000,8344.000000782396,-809606.6745922877,206991.7259104086,299.9208778782782,727.1907554514521,1.0338321442310763,365,6:33
4175000,8354.000000784434,-810998.4202548969,208442.26852088605,302.02264311174724,728.92825049782,1.031367871199882,365,6:30
4180000,8364.000000786471,-809662.770874586,205822.37773376692,298.2265496139903,729.1705731159573,1.0310251204471412,365,6:28
4185000,8374.000000788508,-810105.7374435072,208882.04087390038,302.6598517228767,728.8977518611949,1.0314110258314475,365,6:25
4190000,8384.000000790546,-810575.4495487749,207822.37015226297,301.12444072179653,729.643763430483,1.0303564775758112,365,6:23
4195000,8394.000000792583,-810244.0649614618,207688.20326717058,300.930039473234,729.3635308009103,1.0307523563014602,365,6:21
4200000,8404.00000079462,-810713.4342027535,206795.26884412495,299.6362212064908,728.4304682886444,1.0320726695296454,365,6:18
4205000,8414.000000796657,-810453.3001739644,206605.55543443037,299.3613357629755,728.8347621281823,1.0315001657963878,365,6:16
4210000,8424.000000798695,-810528.9448098084,207079.5081130672,300.04806999268595,726.3876504368598,1.034975164461086,365,6:14
4215000,8434.000000800732,-811153.872711665,207420.6378828632,300.54235032963004,727.6726133785477,1.0331475503562688,365,6:11
4220000,8444.00000080277,-812678.5964800757,207283.60754489835,300.3438000780312,729.2421300339421,1.0309239510591621,365,6:09
4225000,8454.000000804806,-809320.4769169223,207025.60896610934,299.96997276729496,730.8185254643812,1.0287002200658255,365,6:07
4230000,8464.000000806844,-811033.4838271602,208127.60363227,301.5667090920848,728.4151338592808,1.0320943964882343,365,6:04
4235000,8474.000000808881,-810260.1099352622,206678.10642185673,299.4664585921328,729.274137655123,1.0308787041189678,365,6:02
4240000,8484.000000810918,-810400.3045057505,206769.4342291986,299.59878811415695,727.8381353272605,1.032912596198823,365,5:59
4245000,8494.000000812955,-809455.750230113,207081.06312536006,300.0503231293751,728.0094782969132,1.0326694917930417,365,5:57
4250000,8504.000000814993,-813123.1805511913,208240.89257421144,301.7308592230697,727.729090075344,1.0330673711223437,365,5:55
4255000,8514.00000081703,-809370.7727695354,208612.27578648724,302.2689753171556,727.7730365592532,1.0330049894781752,365,5:52
4260000,8524.000000819067,-812486.8401745595,205870.9539690113,298.29693420088347,724.8246498414129,1.0372069687998033,365,5:50
4265000,8534.000000821105,-810224.4168181112,207815.15834663282,301.11399116848145,728.5481481920989,1.0319059623430173,365,5:48
4270000,8544.000000823142,-812965.4152078042,207379.17597511786,300.4822740550118,727.0105776524542,1.0340883627869084,365,5:45
4275000,8554.000000825179,-811214.4324753629,205470.0046866454,297.7159783185992,728.7477038769144,1.0316233917086466,365,5:43
4280000,8564.000000827216,-808903.2479160381,207283.00509193327,300.3429271531771,729.0011620799269,1.0312647181911696,365,5:40
4285000,8574.000000829254,-811677.8797826385,206992.64671596693,299.9222120804556,728.3531272533669,1.032182261382493,365,5:38
4290000,8584.00000083129,-809851.8717746567,206945.2025259789,299.8534677717213,728.385862144413,1.0321358733680874,365,5:36
4295000,8594.000000833328,-811585.1177721396,206573.08116320142,299.3142821336935,725.2225962458289,1.0366378293576437,365,5:33
4300000,8604.000000835365,-810356.6483947365,207725.7033142005,300.9843752056224,727.6605278259099,1.0331647096752439,365,5:31
4305000,8614.000000837403,-810584.8186998605,206700.95446356887,299.4995642860825,727.3756176118983,1.0335693962930181,365,5:29
4310000,8624.00000083944,-810351.2585532074,206030.6493846604,298.5283250405123,729.0566360096907,1.0311862492441506,365,5:26
4315000,8634.000000841477,-811725.3569979747,207164.38136378,300.1710471781276,727.2662740408229,1.0337247921539001,365,5:24
4320000,8644.000000843514,-812069.9957945962,206508.03999197792,299.22004066058247,726.207602696733,1.0352317645555449,365,5:22
4325000,8654.000000845552,-810369.605124346,206882.01495125133,299.7619120691929,728.5777839738586,1.0318639883210676,365,5:19
4330000,8664.000000847589,-811543.5541147245,207389.84279586223,300.4977297560924,726.0872725111451,1.0354033274448442,365,5:17
4335000,8674.000000849626,-809777.1567159463,206425.51620743977,299.1004677366134,725.9333862533239,1.0356228163764918,365,5:14
4340000,8684.000000851664,-809318.2457102635,207704.6095466944,300.9538113691195,728.251108599866,1.03232685689801,365,5:12
4345000,8694.0000008537,-812125.7093208297,208006.08004187996,301.3906273586127,725.408816141954,1.0363717137761856,365,5:10
4350000,8704.000000855738,-811898.2267552498,207894.4403847419,301.22886696056963,726.0809592736581,1.0354123302247924,365,5:07
4355000,8714.000000857775,-810119.2319070809,207869.52712482974,301.19276886654774,726.955173769445,1.0341671744010772,365,5:05
4360000,8724.000000859813,-811226.7520308136,206485.57527270511,299.18749038208244,726.1568775405684,1.0353040799112865,365,5:03
4365000,8734.00000086185,-810780.8289709031,207313.12698555266,300.38657230245997,728.0897828286966,1.0325555936969812,365,5:00
4370000,8744.000000863887,-810524.9736022484,207111.10924124578,300.09385848043144,728.906534507074,1.0313985982877683,365,4:58
4375000,8754.000000865924,-811636.7378983307,207622.24212000583,300.83446500002015,730.2984629665333,1.0294327813857698,365,4:56
4380000,8764.000000867962,-811463.5230139936,206153.95486382736,298.7069886435926,727.3897522684902,1.033549311945617,365,4:53
4385000,8774.000000869999,-810786.9825929608,206083.74016590137,298.6052509835518,727.2682057882769,1.033722046405881,365,4:51
4390000,8784.000000872036,-810165.2745840577,207959.93993565743,301.3237726034151,730.5057486833882,1.0291406731957546,365,4:48
4395000,8794.000000874074,-811020.3809934952,208331.72256119997,301.86246742777183,729.5619490291097,1.0304720236216627,365,4:46
4400000,8804.00000087611,-810674.5583211328,206937.10950352222,299.84174137836317,727.8968423796417,1.0328292887157298,365,4:44
4405000,8814.000000878148,-810825.4262431199,208363.25394446595,301.9081548585532,729.2429080731442,1.0309228511523416,365,4:41
4410000,8824.000000880185,-812731.0765216714,207617.23840462934,300.82721486138894,726.6694645691392,1.0345737844084972,365,4:39
4415000,8834.000000882223,-811021.9982649107,206673.76135365263,299.4601628010113,728.6529567685152,1.0317575342142296,365,4:37
4420000,8844.00000088426,-811698.3691128287,206768.11811808543,299.5968811335822,726.3194528961001,1.0350723431345779,365,4:34
4425000,8854.000000886297,-808839.7145375367,207025.0249801596,299.96912660024196,727.5840886611004,1.0332732527958934,365,4:32
4430000,8864.000000888334,-809551.3576136637,206323.14521832136,298.95213718479727,729.5136538391754,1.0305402428274868,365,4:29
4435000,8874.000000890372,-810512.2652761862,208420.42262651288,301.9909894802331,728.0895998876352,1.0325558531386987,365,4:27
4440000,8884.000000892409,-811170.5197009244,208460.47896555855,302.04902915461304,728.1084022879958,1.0325291888006902,365,4:25
4445000,8894.000000894446,-809134.6611168482,207203.33764280815,300.22749291939385,728.4853665551113,1.0319948930868694,365,4:22
4450000,8904.000000896483,-809369.1069142176,206324.6915741423,298.9543777786823,728.1742525486422,1.0324358151116733,365,4:20
4455000,8914.00000089852,-810391.8030291526,207242.51524853072,300.2842593522056,728.4060973966673,1.032107200448087,365,4:18
4460000,8924.000000900558,-812223.3401238541,207667.41047378271,300.8999117334946,725.6973654536033,1.0359596351896307,365,4:15
4465000,8934.000000902595,-809667.9566934719,207988.50505851043,301.36516206806687,728.7697381371705,1.0315922007067297,365,4:13
4470000,8944.000000904633,-812063.8017206127,207976.1792661306,301.34730259829894,728.0006001928745,1.0326820853914307,365,4:11
4475000,8954.00000090667,-810926.157551425,205807.21787912582,298.20458372674307,727.2368410619935,1.0337666294181926,365,4:08
4480000,8964.000000908707,-810750.6128034475,207714.33300291043,300.96790018117946,729.2310496854826,1.03093961549997,365,4:06
4485000,8974.000000910744,-809728.6033659079,207481.6245672629,300.63071704981456,729.4339424541223,1.0306528586317807,365,4:03
4490000,8984.000000912782,-810616.2862773305,205834.9161986545,298.2447172358109,728.1667540321343,1.032446446930498,365,4:01
4495000,8994.000000914819,-810791.8008011365,207639.90487510295,300.8600574675025,727.6670465894471,1.0331554541283987,365,3:59
4500000,9004.000000916856,-809441.0666782795,208898.22490705916,302.68330159465893,726.8754056185435,1.034280665107445,365,3:56
4505000,9014.000000918893,-812372.8980982262,207155.98147133726,300.15887614518203,727.3966541881152,1.0335395050895662,365,3:54
4510000,9024.00000092093,-811590.0215215441,207399.92182073396,300.5123337697281,726.0118173775495,1.0355109379472183,365,3:52
4515000,9034.000000922968,-811429.8153640907,209881.49544935423,304.1080124759269,727.5182421439108,1.033366772712042,365,3:49
4520000,9044.000000925005,-810265.1219437891,207654.03852101124,300.8805364285324,727.9614615214142,1.0327376072933439,365,3:47
4525000,9054.000000927042,-809970.4027283322,208685.04886746255,302.3744199489931,726.4694057873713,1.0348586905164614,365,3:45
4530000,9064.00000092908,-810257.5762057398,207540.11281421944,300.7154636564512,725.8795140036663,1.035699676695372,365,3:42
4535000,9074.000000931117,-810017.2183246096,206914.18946186133,299.8085313600124,727.6741689540617,1.033145341759207,365,3:40
4540000,9084.000000933154,-811980.5143918544,207201.6420109212,300.2250360317967,727.8111779416827,1.0329508542305321,365,3:37
4545000,9094.000000935192,-810773.4680182934,207577.66425177944,300.769873851202,728.8678571281655,1.0314533294629757,365,3:35
4550000,9104.000000937229,-811389.7796466774,207712.0251932941,300.9645562780207,727.2813636868697,1.0337033444144113,365,3:33
4555000,9114.000000939266,-811596.7462552967,207877.17800831795,301.2038546221848,727.255288665724,1.0337404068283722,365,3:30
4560000,9124.000000941303,-811320.8671207558,208141.70572920778,301.5871423402009,728.3573942295683,1.0321762144923539,365,3:28
4565000,9134.00000094334,-812121.9122186266,207754.04061074558,301.02543456110686,726.0060384410602,1.0355191805121937,365,3:26
4570000,9144.000000945378,-812142.1350252698,206629.85126656794,299.39653923437726,727.1355771161383,1.0339105960886223,365,3:23
4575000,9154.000000947415,-811659.2829730818,205933.72517347173,298.38788660327765,727.2258364932666,1.033782272641178,365,3:21
4580000,9164.000000949452,-809778.9829873983,207055.85075755097,300.0137916426529,731.1112431705004,1.0282883555629678,365,3:18
4585000,9174.00000095149,-811388.7403333238,207700.6429490619,300.94806396332876,728.9887072313569,1.0312823374571105,365,3:16
4590000,9184.000000953527,-811222.6952171652,206710.3080366897,299.5131171556446,727.2887010207972,1.0336929157818622,365,3:14
4595000,9194.000000955564,-812206.0269572116,207372.6499781753,300.47281820491236,727.2022137587902,1.0338158544478213,365,3:11
4600000,9204.000000957602,-810034.1418455401,207555.22148643044,300.73735538286286,727.7736033582419,1.0330041849612477,365,3:09
4605000,9214.000000959639,-812613.158006649,206288.21486825062,298.90152481750704,726.7050633589289,1.034523104185488,365,3:07
4610000,9224.000000961676,-811063.5233851741,208610.84793788433,302.26690643442817,725.9028352846105,1.0356664024857118,365,3:04
4615000,9234.000000963713,-810502.7324392856,208407.60333314628,301.97241495169396,729.2087997570743,1.0309710719670968,365,3:02
4620000,9244.00000096575,-811554.6284630783,206790.82708795392,299.62978531923847,727.2412091520102,1.0337604202187733,365,2:59
4625000,9254.000000967788,-812114.3281783201,207175.2507879226,300.18679644161404,725.3509491845841,1.0364543933092418,365,2:57
4630000,9264.000000969825,-810980.3913994804,207829.2057265221,301.1343451342729,726.3430116926862,1.035038770761207,365,2:55
4635000,9274.000000971862,-812362.3795731068,207449.5599217546,300.5842569481492,726.3241715449252,1.0350656186676148,365,2:52
4640000,9284.0000009739,-811817.1523345048,206383.93361998684,299.04021660300657,727.3806545944375,1.0335622390075316,365,2:50
4645000,9294.000000975937,-811283.5491028237,207679.4841038647,300.9174058324372,726.6667769741268,1.0345776108051774,365,2:48
4650000,9304.000000977974,-810005.9749455899,207514.31417973433,300.6780826980153,730.0606815735114,1.0297680685296449,365,2:45
4655000,9314.000000980011,-810800.0829017521,207668.59695521108,300.90163088700194,728.4445800646906,1.0320526757253472,365,2:43
4660000,9324.000000982049,-812121.5285298168,206480.6623397882,299.180371782791,728.0161073341604,1.0326600886981705,365,2:41
4665000,9334.000000984086,-811517.2693741024,208153.8084426425,301.60467857949783,724.606738934208,1.0375188879407473,365,2:38
4670000,9344.000000986123,-811008.0007658456,207390.86407949365,300.49920954607893,726.8313489326403,1.0343433577506078,365,2:36
4675000,9354.00000098816,-810660.3759592087,207886.41688175258,301.2172412975165,728.6788755684777,1.0317208350343363,365,2:33
4680000,9364.000000990198,-812905.174800606,207690.4226699877,300.93325527926845,726.4366311083497,1.0349053802894739,365,2:31
4685000,9374.000000992235,-811502.3806690592,207067.7889085847,300.0310894390867,727.1011756170229,1.033959513729866,365,2:29
4690000,9384.000000994272,-811190.7458502864,207963.74903288757,301.329291798833,725.8367973817057,1.03576062922866,365,2:26
4695000,9394.00000099631,-809979.335382204,207483.8723935972,300.6339740401341,727.6354727852686,1.0332002851587905,365,2:24
4700000,9404.000000998347,-811326.4897950208,206381.3765892235,299.0365115906061,726.3579019253093,1.0350175526151255,365,2:22
4705000,9414.000001000384,-810248.3062225487,207203.70308022096,300.2280224203156,725.7978192207256,1.0358162535960442,365,2:19
4710000,9424.000001002421,-810888.7233994626,207975.44592376376,301.34624002110905,726.5402294165914,1.0347578117967087,365,2:17
4715000,9434.000001004459,-811170.9245378985,206366.05039005814,299.0143046782863,727.6422128958947,1.033190714680199,365,2:14
4720000,9444.000001006496,-812616.9692610679,207245.63926213878,300.2887858949924,727.206615499881,1.0338095968181054,365,2:12
4725000,9454.000001008533,-810541.4197641755,207585.17548769343,300.78075726434025,727.5020456063959,1.0333897787830242,365,2:10
4730000,9464.00000101057,-811130.0803977228,207144.28085291933,300.1419225218805,727.0736527852519,1.033998653497406,365,2:07
4735000,9474.000001012608,-812150.1105667646,208181.02093981626,301.6441081557561,728.0048379293014,1.0326760741202654,365,2:05
4740000,9484.000001014645,-810032.7717889249,206666.20514351074,299.4492142224185,729.1695672705696,1.0310265426840373,365,2:03
4745000,9494.000001016682,-811533.0527488058,206558.29125469972,299.292852280292,727.6322599261775,1.033204847253013,365,2:00
4750000,9504.00000101872,-810863.9875466279,206802.5353785798,299.6467500591937,726.8529119538797,1.03431267263203,365,1:58
4755000,9514.000001020757,-810284.1988366218,206596.03858975507,299.3475463209237,726.6211306564801,1.0346426029396758,365,1:56
4760000,9524.000001022794,-811624.8804324097,207033.17661809674,299.98093792456183,727.3067843326745,1.033667214672256,365,1:53
4765000,9534.000001024831,-810136.8377152896,207801.67035366182,301.0944477269507,726.9889538591555,1.0341191210438128,365,1:51
4770000,9544.000001026869,-810766.128369234,207126.4819753044,300.1161328195335,727.6827397376142,1.033133173179936,365,1:48
4775000,9554.000001028906,-812250.8834174904,208075.53635808392,301.4912661606636,728.053614453334,1.0326068891751632,365,1:46
4780000,9564.000001030943,-811098.7118111202,207466.97418040992,300.6094893564521,729.7532222537417,1.0302019299778928,365,1:44
4785000,9574.00000103298,-811398.7440977641,207120.77341152413,300.10786139007,729.0612040419445,1.0311797882062843,365,1:41
4790000,9584.000001035018,-811463.5465732352,207019.36855099106,299.96093071127865,727.3256582441576,1.033640391277135,365,1:39
4795000,9594.000001037055,-811501.2790039917,207307.63846558082,300.3786197057029,726.0932939401555,1.0353947409344253,365,1:37
4800000,9604.000001039092,-811678.2876759134,206620.74060483286,299.38333833152177,724.7630532226383,1.0372951195988316,365,1:34
4805000,9614.00000104113,-811335.3599977288,206998.6719927847,299.9309424116062,726.0987197471925,1.0353870038982365,365,1:32
4810000,9624.000001043167,-812070.0813558907,207335.13557865,300.4184616764607,725.7212060666146,1.0359256029572093,365,1:29
4815000,9634.000001045204,-813536.892697081,206415.34992418077,299.08573728984607,723.3660124639173,1.0392984533689182,365,1:27
4820000,9644.000001047241,-812131.414597685,208133.68970904883,301.57552751940267,724.5574460019009,1.0375894721968237,365,1:25
4825000,9654.000001049279,-810958.4452011045,208094.36949017993,301.5185544471233,727.5190140873706,1.0333656762448618,365,1:22
4830000,9664.000001051316,-810304.1177146267,206970.62969606338,299.8903104964252,727.444590175494,1.0334713985460018,365,1:20
4835000,9674.000001053353,-812989.1529647466,206407.8835627329,299.07491889761246,726.5812084189298,1.03469945170936,365,1:18
4840000,9684.00000105539,-809516.8436162886,206989.9774421437,299.91834443335597,727.2687533564753,1.0337212681058152,365,1:15
4845000,9694.000001057428,-810309.900986834,207520.63305179134,300.6872384342951,727.7051980035259,1.0331012888680071,365,1:13
4850000,9704.000001059465,-811214.4678769591,206867.23613828226,299.74049829267506,729.1497313711556,1.031054590885818,365,1:11
4855000,9714.000001061502,-810782.3071000166,208355.50761306885,301.8969308035687,726.9227908266054,1.0342132444609484,365,1:08
4860000,9724.00000106354,-810077.926063404,206763.24714961718,299.5898233387225,730.3908566371192,1.0293025592280998,365,1:06
4865000,9734.000001065577,-809794.4826101921,206793.77577208524,299.63405781819637,730.9885865277026,1.0284608977884497,365,1:03
4870000,9744.000001067614,-810574.8629860338,205935.14544079892,298.38994450110766,729.0204185446725,1.031237478195987,365,1:01
4875000,9754.000001069651,-811372.3553387732,207661.29334164032,300.89104830847526,727.3613190289402,1.033589714362414,365,0:59
4880000,9764.000001071689,-809929.5831007976,206962.68355932142,299.8787969332771,728.0503000632247,1.0326115900345132,365,0:56
4885000,9774.000001073726,-811662.957369782,206531.2706008388,299.25370067560266,728.1275275500661,1.032502068014037,365,0:54
4890000,9784.000001075763,-809639.9380675289,206769.42230591679,299.59877083790525,727.4284900950835,1.0334942722344056,365,0:52
4895000,9794.0000010778,-810426.1938374136,207441.30789577065,300.5723001664638,729.6103203092812,1.0304037059874736,365,0:49
4900000,9804.000001079838,-811741.4176311735,206819.5052816961,299.6713386180734,727.8974200539512,1.0328284690412401,365,0:47
4905000,9814.000001081875,-809718.9743037373,207024.36040428438,299.9681636623321,728.3795315888833,1.0321448439571514,365,0:44
4910000,9824.000001083912,-810563.2773245517,207355.28397977288,300.44765572335336,727.4168440562177,1.033510818612951,365,0:42
4915000,9834.00000108595,-812170.5087531377,208086.33470600785,301.50691243818864,727.5178426517823,1.033367340150897,365,0:40
4920000,9844.000001087987,-809860.3776984788,207649.32473500582,300.8737063833668,727.3960159390078,1.0335404119623728,365,0:37
4925000,9854.000001090024,-809835.5743022356,206885.76533769417,299.76734619555407,727.2042360787766,1.0338129794556787,365,0:35
4930000,9864.000001092061,-811262.6629419923,207409.56771467492,300.52631019784855,726.869745936682,1.0342887184066127,365,0:33
4935000,9874.000001094098,-811201.482957996,208303.3689818008,301.8213844792289,728.0737763377327,1.0325782941324553,365,0:30
4940000,9884.000001096136,-811406.8500655126,207672.0497133211,300.9066337644788,725.3882146569397,1.0364011473896622,365,0:28
4945000,9894.000001098173,-811740.2702136952,208270.24179611058,301.7733848088549,727.1873513350218,1.0338369838160633,365,0:26
4950000,9904.00000110021,-810492.9780176487,207703.22546490096,300.9518059023564,725.5227414892399,1.0362089773095564,365,0:23
4955000,9914.000001102248,-811734.7550786738,208320.8550986538,301.84672100654257,728.6559202063099,1.031753338064597,365,0:21
4960000,9924.000001104285,-811173.1397458916,207231.04854376853,300.2676446583403,724.528915421632,1.0376303305105399,365,0:18
4965000,9934.000001106322,-811798.5380316498,207120.58039800217,300.1075817229253,725.1129795461778,1.0367945398576526,365,0:16
4970000,9944.00000110836,-810725.0907243681,208196.18943367185,301.6660865608022,729.0384736183494,1.0312119389832828,365,0:14
4975000,9954.000001110397,-812083.898214505,207585.23089964385,300.7808375535438,725.6126261572176,1.0360806177737332,365,0:11
4980000,9964.000001112434,-811136.5728546134,208531.33578651643,302.1516972194928,725.954374107924,1.0355928757881214,365,0:09
4985000,9974.000001114471,-811951.4837381546,206876.69482737564,299.7542034701356,726.2730895881035,1.035138419350992,365,0:07
4990000,9984.000001116508,-810667.5074317013,207046.87815452757,300.00079078011214,727.6978651230261,1.0331116992438767,365,0:04
4995000,9994.000001118546,-809986.3755192761,206659.84730831708,299.4400020304611,728.2414457335339,1.0323405546029232,365,0:02
5000000,10004.000001120583,-811784.9669040344,206754.5766958027,299.57726027559426,727.4668324969736,1.0334398001252085,365,0:00
