#"Step","Time (ps)","Potential Energy (kJ/mole)","Kinetic Energy (kJ/mole)","Temperature (K)","Box Volume (nm^3)","Density (g/mL)","Speed (ns/day)","Time Remaining"
5000,14.000000000001178,-1479742.0454528835,388594.36307629565,300.1291340325271,1372.8054501424267,1.0149997404131705,0,--
10000,23.99999999999741,-1482752.669939218,389009.0717877748,300.44943246780707,1363.3364542669517,1.0220493783257343,237,1:00:36
15000,33.99999999999542,-1482670.9095191676,388252.85024083254,299.86536810767643,1361.2741328203226,1.0235977764783297,237,1:00:33
20000,44.00000000000764,-1484788.1992150191,388499.9361338926,300.0562038020718,1357.507411478463,1.0264379875575032,237,1:00:33
25000,54.00000000001986,-1482882.4241293743,390147.6600265212,301.3288160476648,1358.0945611000438,1.0259942241457105,238,1:00:11
30000,64.00000000003207,-1484455.2444017967,387935.9249436003,299.62059225900407,1359.566893936355,1.0248831313463695,238,1:00:12
35000,74.00000000000877,-1485076.531635222,387898.54538808274,299.5917223249701,1355.5137717291282,1.027947634759104,238,59:59
40000,83.99999999998546,-1484157.0165613815,390640.03330584225,301.7090983677004,1357.4270842227256,1.0264987281657343,239,59:50
45000,93.99999999996216,-1486382.0712663652,390927.35999400954,301.93101386184543,1357.4408323847,1.0264883317856899,238,59:57
50000,103.99999999993885,-1488097.4628879102,389124.0622252034,300.5382448225058,1355.2324088160917,1.0281610493285038,238,59:50
55000,113.99999999991554,-1488767.9470369732,388116.67604581866,299.7601945716953,1356.6238404671271,1.0271065080594186,233,1:01:10
60000,123.99999999989224,-1486567.8109600153,388738.7779663699,300.24067223281446,1353.759529376368,1.0292796802503328,233,1:01:05
65000,133.99999999991155,-1489994.6320721172,387554.25417839084,299.3258105350979,1350.7773419333653,1.0315520791442814,234,1:00:51
70000,143.9999999999593,-1485156.8129255269,387709.9102172393,299.4460307868192,1357.1021597855595,1.0267444978147588,234,1:00:45
75000,154.00000000000705,-1489551.3825725736,388856.4970842127,300.33159207173736,1350.2302092808886,1.0319700788463697,234,1:00:37
80000,164.0000000000548,-1487563.8699068502,389643.0120550057,300.93905342351565,1350.4755445426629,1.0317826051446355,234,1:00:27
85000,174.00000000010255,-1487946.042390531,389634.8126388522,300.9327206407901,1354.2680238346884,1.028893210951599,235,1:00:18
90000,184.0000000001503,-1488613.8644498764,388459.7966827423,300.0252022748779,1356.614691433397,1.0271134348840698,234,1:00:21
95000,194.00000000019804,-1490412.3842094922,389323.70391775673,300.6924371989173,1351.3289800551722,1.0311309800189878,235,1:00:14
100000,204.0000000002458,-1487733.2998992614,389478.8791290922,300.81228608564004,1352.5038168964873,1.030235299985842,235,1:00:07
105000,214.00000000029354,-1486995.7140782038,387605.163974141,299.3651304902082,1352.6786267108607,1.0301021602747569,232,1:00:42
110000,224.0000000003413,-1489851.2299455395,389446.3172947096,300.787137097172,1353.2204343331007,1.0296897239946339,233,1:00:33
115000,234.00000000038904,-1490040.991063092,390176.38860265294,301.35100443611225,1352.311721600616,1.030381644465156,233,1:00:25
120000,244.00000000043678,-1487992.8345343377,389101.091982627,300.5205038574584,1355.4042178808322,1.0280307211312345,233,1:00:17
125000,254.00000000048453,-1487981.3295608135,388413.4759618014,299.98942667135736,1354.1603992272078,1.028974984298413,233,1:00:12
130000,264.0000000005323,-1487883.5430425955,387652.9085435452,299.4020057967788,1353.8405447018163,1.0292180870083523,233,1:00:04
135000,274.00000000058003,-1487452.5334685724,389788.73708689667,301.0516035060285,1352.8882527190337,1.0299425490109033,234,59:59
140000,284.0000000006278,-1488677.8870989056,387588.33060846437,299.352129314835,1349.9980782563475,1.0321475252261512,234,59:56
145000,294.0000000006755,-1489792.7607313944,389870.42236702907,301.1146927701014,1351.2960582423816,1.0311561016056894,234,59:49
150000,304.0000000007233,-1487358.0253635924,387511.73922207975,299.2929742970216,1351.3622526475128,1.0311055920072383,234,59:44
155000,314.000000000771,-1488959.6149379434,388476.4951497139,300.0380992618342,1351.858298572408,1.0307272419038347,232,1:00:05
160000,324.0000000008188,-1489534.0555467475,387970.2802414585,299.6471264210387,1353.7665836033093,1.029274316864548,232,59:58
165000,334.0000000008665,-1488578.0660599777,389174.99689791014,300.57758399122326,1354.3037144631533,1.0288660960253604,233,59:51
170000,344.00000000091427,-1488058.9758479716,388576.13010099303,300.11505187486244,1352.3814535000338,1.0303285156167767,233,59:46
175000,354.000000000962,-1489323.192730873,388616.7714985368,300.1464410781286,1354.392783278046,1.0287984347937091,233,59:40
180000,364.00000000100977,-1487901.0771459723,386653.1160509845,298.62982049633075,1353.487584853604,1.0294864844904075,233,59:36
185000,374.0000000010575,-1488338.5936115682,388073.1723631895,299.7265946952294,1353.4473257692905,1.029517107169539,233,59:29
190000,384.00000000110526,-1487051.5883483104,388130.104113915,299.7705656805749,1354.9562802976673,1.02837057976973,233,59:26
195000,394.000000001153,-1489564.9735697145,388225.89345401817,299.8445481528556,1353.0453917648351,1.029822934258607,233,59:19
200000,404.00000000120076,-1489600.8847945128,388452.6237270647,300.0196622743516,1351.6814400621338,1.0308621056957752,233,59:13
205000,414.0000000012485,-1491089.0126036843,388381.8547317076,299.9650041544429,1351.2313411275409,1.0312054887430473,232,59:30
210000,424.00000000129626,-1489466.7060370687,389559.4883119839,300.8745442307784,1353.2736228618744,1.0296492534788508,232,59:24
215000,434.000000001344,-1486866.7401656052,389041.67895926756,300.47461647219126,1352.786395505836,1.0300200978967766,232,59:17
220000,444.00000000139175,-1490943.654538747,388267.83260546974,299.8769396706006,1352.4810079724487,1.0302526743952132,233,59:12
225000,454.0000000014395,-1489520.0137064094,388232.2916000565,299.84948973259105,1355.471026018916,1.0279800517941162,233,59:06
230000,464.00000000148725,-1491160.9237560276,388157.33052605647,299.7915938793222,1353.4289108871064,1.029531114876987,233,59:01
235000,474.000000001535,-1491311.2505422896,386948.48976342264,298.8579510740063,1351.3213311627273,1.0311368165360182,233,58:54
240000,484.00000000158275,-1490845.1398151107,388078.4304728259,299.73065577290254,1352.9099035637933,1.029926066667045,233,58:48
245000,494.0000000016305,-1488798.014703733,388040.78777441545,299.7015826016215,1353.7421191432857,1.0292929176305445,233,58:41
250000,504.00000000167825,-1490562.5628698543,388730.9514958131,300.23462749296766,1350.9021793711977,1.0314567529833518,233,58:36
255000,514.0000000016692,-1486140.0885474728,389302.1722991783,300.6758073487385,1353.717798801151,1.0293114094875149,232,58:48
260000,524.0000000014327,-1488238.3194665387,388720.84671464463,300.2268231100176,1352.6285019052787,1.0301403331141141,232,58:43
265000,534.0000000011962,-1489874.3625898669,389527.9049926622,300.8501509940807,1351.1095810857203,1.0312984194906287,232,58:39
270000,544.0000000009597,-1488793.662704452,390573.2262025586,301.6575001975751,1352.495402969692,1.0302417091199338,233,58:34
275000,554.0000000007233,-1488316.3379175728,388095.645656932,299.7439518440475,1354.2347189568547,1.0289185146616684,233,58:29
280000,564.0000000004868,-1488994.8112487728,387749.86518988136,299.47688983285485,1354.728353737192,1.0285435981969993,233,58:24
285000,574.0000000002503,-1489964.406935256,388484.5401060311,300.0443127481897,1356.3908282528166,1.0272829530462106,233,58:18
290000,584.0000000000139,-1489185.0101343356,388214.89206439303,299.8360512783379,1356.209839971168,1.0274200455306912,233,58:13
295000,593.9999999997774,-1488468.8200403256,390263.9428958028,301.418626606377,1354.7785761315865,1.02850546951446,233,58:09
300000,603.9999999995409,-1487619.2671095813,387139.68485372275,299.00561975460363,1356.4031845217005,1.0272735949257545,233,58:04
305000,613.9999999993045,-1487776.9078690587,390133.21423629066,301.31765890560547,1351.7095938014352,1.030840634646733,232,58:14
310000,623.999999999068,-1488489.688067426,389057.58092279197,300.48689828324024,1352.8814228248152,1.029947748578687,232,58:09
315000,633.9999999988315,-1489343.6208689678,389089.2575850021,300.51136361290406,1353.9113958427522,1.0291642272979158,232,58:04
320000,643.9999999985951,-1487017.7867258415,388999.8544245961,300.44231347820835,1357.475462953338,1.026462145032706,232,58:01
325000,653.9999999983586,-1487394.6904793214,388202.7765938322,299.8266939483472,1354.1546649278525,1.0289793415928505,232,57:55
330000,663.9999999981221,-1490218.6393479258,388622.440381391,300.150819414676,1352.811733583721,1.0300008056857353,232,57:51
335000,673.9999999978857,-1488842.1813406572,390099.61989966367,301.2917124686051,1354.7881677252622,1.0284981879284587,233,57:46
340000,683.9999999976492,-1489467.8085314343,389117.1136727955,300.53287813885026,1352.9474621204197,1.029897475359859,233,57:41
345000,693.9999999974127,-1487397.5636913273,388855.0432228782,300.3304691883793,1353.4286741039534,1.0295312949940691,233,57:38
350000,703.9999999971762,-1489778.8553955238,388949.2786560197,300.4032515075052,1353.7461197379707,1.0292898758609577,233,57:32
355000,713.9999999969398,-1489489.7640335998,387194.31811382854,299.0478155109062,1352.47769317114,1.0302551994519522,232,57:38
360000,723.9999999967033,-1488513.2175196,389402.478237961,300.7532781959913,1353.4666612130736,1.0295023996257777,232,57:33
365000,733.9999999964668,-1491847.633263776,389123.80078943365,300.53804290374774,1354.3738463438576,1.0288128195134858,232,57:27
370000,743.9999999962304,-1488410.8623733902,388447.1283304504,300.0154179291327,1350.9664752844828,1.0314076633462952,232,57:23
375000,753.9999999959939,-1489236.2463858575,389695.750369227,300.9797856267629,1350.468361603007,1.0317880930423171,232,57:18
380000,763.9999999957574,-1489310.9875118053,387269.2026057603,299.10565221635403,1354.7991281285001,1.0284898673186833,233,57:13
385000,773.999999995521,-1489472.5885516312,388917.41218830744,300.3786395824031,1353.0596352126186,1.029812093473169,233,57:07
390000,783.9999999952845,-1489508.831128505,386380.52138727147,298.4192832159791,1354.0490331042427,1.029059614139599,233,57:02
395000,793.999999995048,-1491429.7289765812,388909.78286585433,300.37274710902034,1354.0657764288126,1.029046889588531,233,56:58
400000,803.9999999948116,-1487942.6950810896,389771.42231796694,301.0382305209864,1354.0194287242034,1.0290821135744324,233,56:53
405000,813.9999999945751,-1489283.4674165603,388761.5100783463,300.25822927874844,1351.0633468875674,1.0313337111411582,232,56:59
410000,823.9999999943386,-1488667.4601017805,387856.50707761745,299.5592542222002,1352.852922945733,1.0299694459752018,232,56:54
415000,833.9999999941022,-1488121.2237378955,388045.5549133198,299.7052644802258,1355.2961165988736,1.0281127190337491,232,56:50
420000,843.9999999938657,-1489888.905691701,389207.5819302917,300.602750896563,1355.2218376677508,1.0281690693018164,232,56:46
425000,853.9999999936292,-1487458.6553803375,388965.22736671456,300.4155694235241,1356.3137228833077,1.0273413532749691,232,56:42
430000,863.9999999933927,-1490795.6559284069,389316.7767769783,300.6870870524388,1354.2601212752554,1.028899214886605,232,56:38
435000,873.9999999931563,-1489204.1545976307,388620.6321030465,300.1494227989111,1352.725582457477,1.0300664034171545,232,56:33
440000,883.9999999929198,-1489287.0620692298,387055.75004339614,298.9407930758554,1351.8578704090123,1.0307275683580321,233,56:28
445000,893.9999999926833,-1488830.3395955963,388784.3600612107,300.27587736174036,1356.853260800023,1.0269328421783641,233,56:24
450000,903.9999999924469,-1486692.069010768,387707.62936941406,299.4442691841104,1352.792109683028,1.0300157471045828,233,56:19
455000,913.9999999922104,-1487109.9516322082,388430.5953147236,300.00264872771214,1353.8177221516646,1.0292354374839912,232,56:23
460000,923.9999999919739,-1488046.1055975761,387661.4004262778,299.4085644647704,1353.0606235871785,1.0298113412230059,232,56:19
465000,933.9999999917375,-1487596.6004073387,388693.8962518226,300.2060080395042,1354.5153925838383,1.0287053090436578,232,56:14
470000,943.999999991501,-1489322.2118465165,388966.0915001031,300.41623683311684,1353.1229763264753,1.0297638868827814,232,56:11
475000,953.9999999912645,-1489252.55750689,388039.310780126,299.7004418516282,1350.249976382896,1.0319549712306142,232,56:06
480000,963.9999999910281,-1487993.2242949745,389616.41878991824,300.91851423308935,1349.8756447336837,1.0322411408550538,232,56:02
485000,973.9999999907916,-1490639.944471947,390785.76687238814,301.8216550419162,1350.0217080802781,1.0321294592468075,232,55:58
490000,983.9999999905551,-1491918.769844832,387441.93216189306,299.23905912347834,1352.7544330510852,1.0300444348865267,232,55:54
495000,993.9999999903187,-1489524.2970930533,387299.9468100729,299.1293973662935,1351.5619672162463,1.0309532299153614,232,55:49
500000,1003.9999999900822,-1488650.9486585231,388149.18967320945,299.7853063277069,1356.211624349146,1.0274186937463012,232,55:46
505000,1013.9999999898457,-1490297.82392795,387827.719105421,299.53701995946545,1354.8796384298325,1.0284287519053386,232,55:49
510000,1023.9999999896093,-1489279.7138876794,390151.21661525185,301.3315629632078,1352.7194500329465,1.0300710731248905,232,55:45
515000,1033.9999999893728,-1488776.4952132255,388722.2951732374,300.22794182059204,1351.094094042949,1.0313102408454868,232,55:40
520000,1043.9999999891363,-1489522.6875909204,388426.4800548431,299.9994703249827,1351.9741210796622,1.030638940351615,232,55:36
525000,1053.9999999888998,-1488271.1500349306,390270.17513773235,301.4234400508094,1353.3034070349518,1.0296265924470267,232,55:32
530000,1063.9999999886634,-1487145.5280853398,387437.9393892148,299.23597532319667,1355.14908566843,1.0282242671809447,232,55:27
535000,1073.999999988427,-1488161.0471426835,391185.7572195835,302.1305858137749,1353.546040803446,1.02944202378609,232,55:22
540000,1083.9999999881904,-1490480.7950093253,388252.4574706595,299.86506475337416,1348.8700515135777,1.033010684734832,232,55:18
545000,1093.999999987954,-1488853.6266684178,388760.8935364011,300.2577530953097,1353.3399201293917,1.0295988131341958,232,55:13
550000,1103.9999999877175,-1489185.5321498793,389566.3657785688,300.8798560116136,1353.517753338264,1.029463538321332,232,55:09
555000,1113.999999987481,-1488059.5877973977,388114.3120741107,299.758368768624,1350.814572403155,1.0315236480262704,232,55:11
560000,1123.9999999872446,-1489653.7884119228,387375.17934857425,299.1875028839668,1353.0219757122306,1.0298407568723078,232,55:06
565000,1133.999999987008,-1487803.4388050418,387837.7311718484,299.54475273459616,1353.172916055191,1.029725882775145,232,55:01
570000,1143.9999999867716,-1488885.4185969615,387477.24380743667,299.2663319164092,1354.348050863254,1.0288324147136367,232,54:57
575000,1153.9999999865352,-1490036.3939457424,388549.11156871624,300.0941842312073,1353.7965303604544,1.0292515487252363,232,54:52
580000,1163.9999999862987,-1489672.6537028672,389341.40022225305,300.7061048612632,1349.9192489574546,1.0322077980653082,232,54:48
585000,1173.9999999860622,-1488249.7337994762,389422.7003136,300.76889662648483,1351.2511964036512,1.0311903362164407,232,54:44
590000,1183.9999999858258,-1491585.753035904,388505.25467435276,300.06031155322387,1353.7923523599957,1.0292547251454864,232,54:40
595000,1193.9999999855893,-1490219.5696399547,388814.1599080676,300.2988931413844,1352.3742364079217,1.0303340140768944,232,54:35
600000,1203.9999999853528,-1490682.128855287,388401.4850662276,299.9801655563058,1352.0065021446458,1.030614256160785,232,54:31
605000,1213.9999999851163,-1490247.7623958196,389356.24204648676,300.71756787842963,1350.563991387763,1.0317150349170592,232,54:33
610000,1223.9999999848799,-1487150.3138150675,387954.81179011054,299.63517943119786,1357.7885593792605,1.0262254501314751,232,54:28
615000,1233.9999999846434,-1489343.3056402719,389811.5685620159,301.06923729464546,1354.8256374596936,1.02846974326894,232,54:24
620000,1243.999999984407,-1490489.1441051485,391372.524663824,302.2748348215619,1353.3642954970294,1.0295802690883147,232,54:20
625000,1253.9999999841705,-1489782.2598091094,388801.13285469287,300.2888317544476,1351.1613471717449,1.0312589080860048,232,54:16
630000,1263.999999983934,-1488384.3514150875,386657.0874897649,298.632887819471,1354.3174927246146,1.0288556287707058,232,54:12
635000,1273.9999999836975,-1487350.4759793924,390075.85013509856,301.2733539962932,1355.6549617357791,1.0278405751182031,232,54:07
640000,1283.999999983461,-1490424.9728379436,388550.68138248986,300.0953966699178,1352.4274274630056,1.0302934909758503,232,54:03
645000,1293.9999999832246,-1490990.9136326015,389067.43297478673,300.49450747193305,1352.3337922397648,1.0303648282163933,232,53:58
650000,1303.9999999829881,-1490439.601681552,388775.8910229601,300.2693363375831,1353.2818468659734,1.0296429962164035,232,53:54
655000,1313.9999999827517,-1490172.3263611142,386072.21973550314,298.18116780165985,1353.5972827915607,1.0294030530696012,232,53:55
660000,1323.9999999825152,-1491282.9756127167,388567.22612587945,300.10817492914674,1354.236021048561,1.0289175253612484,232,53:51
665000,1333.9999999822787,-1489451.2599916868,389332.7514010153,300.69942498251265,1351.8473488438956,1.0307355906153064,232,53:47
670000,1343.9999999820423,-1489061.9088177718,388060.3711941632,299.716707769068,1353.6427038253582,1.0293685117901832,232,53:43
675000,1353.9999999818058,-1489000.476374628,389157.0309328549,300.56370805773986,1354.7839966852705,1.0285013544163146,232,53:38
680000,1363.9999999815693,-1488882.4589173952,389193.8927076674,300.59217808614113,1353.2024291888515,1.0297034246144467,232,53:34
685000,1373.9999999813328,-1488633.529774948,388385.25132171344,299.96762749567984,1353.1844247112797,1.0297171250915405,232,53:30
690000,1383.9999999810964,-1488649.5410307515,389992.9382846413,301.20931739606624,1353.5020364885547,1.0294754924398162,232,53:26
695000,1393.99999998086,-1488889.243066934,388143.4888292495,299.78090330614117,1353.3938674658082,1.029557772521495,232,53:21
700000,1403.9999999806234,-1488148.9001080692,388866.65359597746,300.33943640858416,1355.4963087002195,1.027960877937375,232,53:17
705000,1413.999999980387,-1490249.8282383606,389846.5363248227,301.09624449126864,1350.5623189945663,1.0317163124835818,232,53:18
710000,1423.9999999801505,-1489330.3131842986,389950.2148428596,301.1763201351608,1352.472327788371,1.0302592865695819,232,53:14
715000,1433.999999979914,-1489681.5402031504,387613.8709463309,299.37185528158886,1350.2741022222522,1.0319365329151509,232,53:09
720000,1443.9999999796776,-1489891.2088552406,390265.27291299414,301.41965383926,1351.452506292196,1.0310367319938094,232,53:05
725000,1453.999999979441,-1491272.290179873,388753.71608840756,300.252209625163,1348.8281181244067,1.0330427997526603,232,53:01
730000,1463.9999999792046,-1490149.0980466688,388751.9189815668,300.25082163765956,1353.2074069037274,1.0296996368949678,232,52:57
735000,1473.9999999789682,-1490495.4610893168,388017.42474927846,299.6835382727042,1351.5106654201538,1.0309923637185454,232,52:52
740000,1483.9999999787317,-1489699.256256586,389339.2894660489,300.70447462806396,1354.7113038950822,1.028556543025836,232,52:48
745000,1493.9999999784952,-1489387.312709488,386998.98607887863,298.89695167944393,1356.351438014453,1.0273127867008618,232,52:44
750000,1503.9999999782588,-1488507.4738346664,389428.1597494618,300.77311319757587,1352.798643472912,1.0300107723017906,232,52:40
755000,1513.9999999780223,-1489832.7975185206,389250.00622061,300.6355171091616,1349.52991298121,1.032505587411718,232,52:41
760000,1523.9999999777858,-1488106.1421938986,389890.17131491087,301.12994578246855,1353.888739069041,1.029181449939878,232,52:37
765000,1533.9999999775494,-1490128.3430843297,389372.6497180914,300.730240270873,1353.7383906089708,1.029295752560831,232,52:33
770000,1543.9999999773129,-1489764.9639743045,386768.27133262204,298.7187601677237,1351.329489124575,1.0311305915739517,232,52:29
775000,1553.9999999770764,-1488557.535543426,389548.50920275017,300.86606456442223,1352.592239278545,1.0301679508937363,232,52:25
780000,1563.99999997684,-1491121.1556772655,390248.5728224304,301.4067555983296,1352.4178221787893,1.030300808434734,232,52:21
785000,1573.9999999766035,-1490899.8567363648,390113.22603722394,301.302221108646,1352.0169402818985,1.0306062993869163,232,52:17
790000,1583.999999976367,-1491060.2507185098,387995.5900688877,299.6666743540779,1351.6728012100286,1.0308686941728562,232,52:13
795000,1593.9999999761305,-1491163.735282598,389269.7101448594,300.65073534772586,1353.123664294252,1.029763363320604,232,52:09
800000,1603.999999975894,-1490709.3516284507,389222.81825807056,300.61451860679404,1350.4563013552236,1.0317973074241888,232,52:04
805000,1613.9999999756576,-1491305.0906239636,388618.9547368975,300.1481272926002,1350.4916823232907,1.0317702757970688,232,52:05
810000,1623.9999999754211,-1489388.0922064884,388582.9602568705,300.1203271154825,1354.517970407439,1.028703351283863,232,52:01
815000,1633.9999999751847,-1489269.1660182038,389077.2730007271,300.50210737235614,1353.2719038274483,1.0296505614218505,232,51:56
820000,1643.9999999749482,-1491233.158053916,389387.7980589529,300.74194002479845,1353.0279093932834,1.029836240523056,232,51:52
825000,1653.9999999747117,-1490593.0855790265,388332.9949076957,299.92726748591895,1353.642070378418,1.0293689934908843,232,51:48
830000,1663.9999999744753,-1491099.6969697978,388921.78837381914,300.38201950988736,1349.2300794812975,1.032735036612904,232,51:44
835000,1673.9999999742388,-1487205.0570846228,389738.19494170544,301.012567504198,1351.3003345867078,1.0311528383943724,232,51:39
840000,1683.9999999740023,-1488279.2174628517,388603.6898156316,300.1363374983161,1355.4218608431502,1.0280173396831418,232,51:35
845000,1693.9999999737659,-1488861.8149811719,387582.76648660447,299.3478318899773,1356.469834530294,1.0272231199412125,232,51:31
850000,1703.9999999735294,-1488576.5523146503,389880.4704780586,301.12245338412083,1355.0896559196494,1.0282693616952612,232,51:27
855000,1713.999999973293,-1489003.0149328504,389057.3032229038,300.4866838029624,1355.9384012916307,1.0276257197266747,232,51:27
860000,1723.9999999730564,-1492032.6195375118,388447.6283962886,300.0158041527665,1353.9988692331488,1.029097739440147,232,51:22
865000,1733.99999997282,-1489842.1364756962,389848.3973833303,301.09768187155856,1352.7313419131754,1.030062017755617,232,51:18
870000,1743.9999999725835,-1489732.5896956734,388544.1205041382,300.09032940460133,1350.4656843526104,1.0317901385256738,232,51:14
875000,1753.999999972347,-1490973.7889292175,387482.9912692593,299.2707709430746,1353.7849730504133,1.0292603354819927,232,51:10
880000,1763.9999999721106,-1491494.7258832566,389376.67315670295,300.7333477558524,1354.571542037811,1.0286626673376948,232,51:06
885000,1773.999999971874,-1490122.8335549114,387427.10760690947,299.22760944414074,1353.2329264824032,1.029680218581696,232,51:02
890000,1783.9999999716376,-1489588.5698414287,387348.9052546384,299.1672102039649,1352.6391344260621,1.0301322356192075,232,50:58
895000,1793.9999999714012,-1491058.2162442366,387790.33803799486,299.5081488577156,1350.9713901250057,1.031403911080173,232,50:53
900000,1803.9999999711647,-1489860.3791911928,389445.6986578681,300.78665929574925,1350.547543156446,1.031727600107847,232,50:50
905000,1813.9999999709282,-1487420.4982931102,389763.72294035845,301.0322839408149,1352.136791442947,1.0305149481550389,232,50:50
910000,1823.9999999706918,-1492470.7783194445,389531.02807010885,300.8525630891049,1353.2953152787388,1.0296327488914347,232,50:46
915000,1833.9999999704553,-1490500.1460882816,390003.0135776148,301.2170990039396,1348.9608391002964,1.0329411611842563,232,50:42
920000,1843.9999999702188,-1488462.4312025532,388220.2017752604,299.8401522099931,1353.8244448715147,1.0292303265838798,232,50:38
925000,1853.9999999699824,-1491541.5372608704,388266.7189235476,299.87607952330404,1352.213487996119,1.0304564981061246,232,50:33
930000,1863.9999999697459,-1488982.7396871028,387680.8755459933,299.4236059871669,1352.7675519804116,1.0300344456757977,232,50:29
935000,1873.9999999695094,-1489688.6152284555,389186.0486652127,300.58611977471685,1354.549326775933,1.0286795379012743,232,50:25
940000,1883.999999969273,-1488730.0580225028,388954.1890124555,300.40704399953523,1354.0688537017693,1.0290445509643498,232,50:21
945000,1893.9999999690365,-1486905.5602809452,387769.59863339656,299.4921308704932,1354.2875935841134,1.0288783432215696,232,50:17
950000,1903.9999999688,-1488687.742566919,388932.58265562553,300.3903564255991,1354.6042208208846,1.0286378516434533,232,50:13
955000,1913.9999999685635,-1490104.0483689923,387066.8070098197,298.9493328748671,1354.5980199501873,1.0286425603837723,232,50:12
960000,1923.999999968327,-1487251.9338975195,388921.56874922215,300.3818498838032,1356.3775508326241,1.0272930089981214,232,50:08
965000,1933.9999999680906,-1490999.4909685822,389583.9445834069,300.89343292361923,1355.26583620452,1.028135689920892,232,50:04
970000,1943.9999999678541,-1490070.675397111,387109.85197724483,298.98257846467817,1354.99183653269,1.0283435943776125,232,50:00
975000,1953.9999999676177,-1489217.5390424747,389089.33107177366,300.51142037008634,1353.7635296424814,1.0292766388087988,232,49:56
980000,1963.9999999673812,-1491446.038217296,388448.77605490317,300.01669054181093,1352.5540985475598,1.030197000643929,232,49:52
985000,1973.9999999671447,-1489110.1098187193,387149.3682869844,299.0130987113653,1357.1466559820803,1.0267108343748128,232,49:48
990000,1983.9999999669083,-1488593.1492049964,388382.4965300505,299.9654998445485,1354.7722209130234,1.028510294220009,232,49:44
995000,1993.9999999666718,-1489446.7868647026,386402.42768146814,298.43620244521094,1356.2560487564306,1.027385040464869,232,49:40
1000000,2003.9999999664353,-1487476.7221067017,387785.9298550042,299.5047442171203,1355.6360043356804,1.0278549485819928,232,49:36
1005000,2013.9999999661989,-1488939.979441557,389069.92243888706,300.4964301984974,1356.651352142502,1.0270856792585772,232,49:35
1010000,2023.9999999659624,-1489126.8854696918,387765.8054860707,299.4892012499677,1355.1842145013422,1.0281976137429165,232,49:32
1015000,2033.999999965726,-1490024.0326056378,389227.070613557,300.6178028947072,1351.6355596205744,1.030897097678828,232,49:27
1020000,2043.9999999654895,-1487887.7414726252,387758.3972203771,299.48347950879344,1353.7583805746367,1.029280553698871,232,49:23
1025000,2053.999999965253,-1490460.6309710406,389151.59886999807,300.5595126280678,1352.0892904725138,1.0305511517256374,232,49:19
1030000,2063.9999999650167,-1490034.3834917657,386907.9254202319,298.8266213833282,1354.3716931591498,1.0288144551235932,232,49:15
1035000,2073.9999999647803,-1490086.8915903587,387449.30317834136,299.2447520953631,1353.4433407074685,1.029520138466968,232,49:11
1040000,2083.999999964544,-1488925.9379672585,388978.0742566016,300.42549166198967,1356.993115843253,1.0268270039575507,232,49:07
1045000,2093.9999999643073,-1492408.1685964363,388919.52080472495,300.3802681629475,1353.1649752515293,1.0297319255350526,232,49:03
1050000,2103.999999964071,-1489607.1757757347,391376.70772100415,302.27806558723523,1351.3228499954828,1.031135657579539,232,48:59
1055000,2113.9999999638344,-1488597.5054259012,389332.55115987186,300.699270327153,1354.1925725085814,1.028950537626375,232,48:59
1060000,2123.999999963598,-1490216.2399176303,389415.2806658078,300.7631660943971,1350.8756249342753,1.0314770285385395,232,48:55
1065000,2133.9999999633615,-1488579.8591042068,389006.86675395526,300.4477294197095,1351.4331220960826,1.0310515206044233,232,48:51
1070000,2143.999999963125,-1488814.526059947,388767.521385362,300.2628720850793,1353.1827995741612,1.0297183617548518,232,48:46
1075000,2153.9999999628885,-1490053.1955442587,388523.71150153264,300.07456660189376,1353.57933679326,1.0294167010804263,232,48:42
1080000,2163.999999962652,-1490667.3625907144,387739.1391386048,299.4686056146904,1351.562861790471,1.030952547546666,232,48:38
1085000,2173.9999999624156,-1489656.5366628421,389034.74137656606,300.4692582609398,1354.3456862486873,1.0288342109995772,232,48:34
1090000,2183.999999962179,-1489783.1395541383,389457.92255421286,300.7961003679136,1352.419710279477,1.030299370041275,232,48:30
1095000,2193.9999999619426,-1488258.5253275381,389131.1397482078,300.54371111603,1351.819932415948,1.0307564950918386,232,48:26
1100000,2203.999999961706,-1489506.0265939208,387722.1194990193,299.45546057148925,1352.957931846691,1.029889505603815,232,48:22
1105000,2213.9999999614697,-1489132.8867060207,388376.9918908937,299.9612483608929,1355.0944040812503,1.0282657587070974,232,48:21
1110000,2223.9999999612332,-1490270.666704012,389692.8273859585,300.9775280735904,1353.0236082554418,1.0298395142779244,232,48:17
1115000,2233.999999960997,-1486655.055456346,390430.5405389833,301.54729755770995,1355.5430360623814,1.0279254427656737,232,48:14
1120000,2243.9999999607603,-1490711.8909285758,389256.51677028625,300.6405455033487,1353.9597199682485,1.0291274954361458,232,48:10
1125000,2253.999999960524,-1491860.8796711667,388998.34123064636,300.44114476956787,1353.0280609063207,1.0298361252012669,232,48:06
1130000,2263.9999999602874,-1491500.3873301605,387838.4037226345,299.545272176215,1353.625628361355,1.0293814968760158,232,48:02
1135000,2273.999999960051,-1490159.074476881,387580.3050238017,299.34593079009096,1353.2295729135135,1.0296827703316844,232,47:58
1140000,2283.9999999598144,-1490500.697201401,386559.2368132377,298.5573132831393,1352.3773286978421,1.030331658157863,232,47:54
1145000,2293.999999959578,-1490158.0585245388,389222.46714408597,300.6142474254642,1350.6735950792543,1.0316313138931155,232,47:50
1150000,2303.9999999593415,-1491190.2771784877,388756.1407277208,300.25408228459037,1353.667443911121,1.0293496987018007,232,47:46
1155000,2313.999999959105,-1489829.6374074062,388606.1040838076,300.1382021476416,1353.5306323658644,1.0294537428360975,232,47:45
1160000,2323.9999999588686,-1490401.4442991912,389399.7765652716,300.7511915710637,1351.204913514137,1.0312256576306258,232,47:41
1165000,2333.999999958632,-1491477.6388767269,387605.6289712754,299.36548962868403,1351.7286766659247,1.0308260818799826,232,47:37
1170000,2343.9999999583956,-1489859.939617278,387162.50076253375,299.02324152065137,1355.4649203867932,1.0279846822850505,232,47:33
1175000,2353.999999958159,-1491678.8488902226,388789.6705916987,300.279978926426,1351.5302956429314,1.0309773891302239,232,47:29
1180000,2363.9999999579227,-1488732.4211967094,388851.005118123,300.3273503760689,1352.341146802308,1.0303592246875874,232,47:25
1185000,2373.999999957686,-1491039.868996121,389160.15306783735,300.5661194248559,1351.5922138755272,1.0309301586881379,232,47:21
1190000,2383.9999999574497,-1492048.041967392,388629.6596945244,300.15639521917785,1351.0919336664872,1.0313118898956468,232,47:17
1195000,2393.9999999572133,-1493006.0028050588,387942.4605384159,299.62563999669345,1351.4712981756315,1.0310223956759672,232,47:13
1200000,2403.999999956977,-1490084.7149581667,386777.51184703084,298.72589703807245,1352.2894993891564,1.0303985767557622,232,47:09
1205000,2413.9999999567403,-1489497.0186385913,387821.8254406509,299.5324680136016,1351.7287351246657,1.0308260372994438,232,47:08
1210000,2423.999999956504,-1489620.895224777,389080.0790026952,300.50427457553974,1354.1051949905257,1.0290169336083954,232,47:03
1215000,2433.9999999562674,-1487504.9334006514,388298.10696718725,299.90032193969415,1352.8775912618953,1.0299506655533106,232,46:59
1220000,2443.999999956031,-1490277.56335619,388879.04294802295,300.3490052697257,1350.6378207872174,1.0316586386720676,232,46:55
1225000,2453.9999999557945,-1489731.335904017,388068.84717157274,299.72325415265385,1352.1588825109122,1.0304981119858183,232,46:51
1230000,2463.999999955558,-1491549.3067562701,389787.0097185528,301.05026938074406,1350.8574014558294,1.0314909434783228,232,46:47
1235000,2473.9999999553215,-1487418.6692347117,387349.0158805178,299.16729564537246,1353.1732424445386,1.0297256344022476,232,46:43
1240000,2483.999999955085,-1490438.438554924,388046.67459737294,299.7061292632417,1350.6098849179546,1.0316799773881364,232,46:39
1245000,2493.9999999548486,-1488270.9143458884,389121.46084748185,300.5362356599521,1353.10051928412,1.029780977594738,232,46:35
1250000,2503.999999954612,-1487464.0572147258,389603.39965125755,300.90845895904687,1353.1205729525732,1.029765715919824,232,46:31
1255000,2513.9999999543757,-1491613.0489402916,388244.3577523368,299.8588089718263,1352.7100325841038,1.0300782443895384,232,46:30
1260000,2523.999999954139,-1489807.737271092,388795.0123727567,300.2841046273508,1354.682942490369,1.028578076705395,232,46:25
1265000,2533.9999999539027,-1491372.9022697043,389433.1804034454,300.77699087742803,1353.1511630400585,1.0297424364635446,232,46:22
1270000,2543.9999999536662,-1489765.3185193492,389654.2157292383,300.9477065316533,1352.8950028325264,1.0299374102314105,232,46:18
1275000,2553.99999995343,-1487234.9701898685,388400.30469302967,299.9792539002979,1355.7592349910567,1.0277615225254508,232,46:13
1280000,2563.9999999531933,-1491512.7258579442,388256.5302192218,299.86821032267534,1351.8252404956029,1.0307524477213525,232,46:09
1285000,2573.999999952957,-1489325.5409405688,386768.5049981792,298.71894063828114,1352.1228641104758,1.0305255628149046,232,46:05
1290000,2583.9999999527204,-1487926.5159551548,388363.5688260505,299.95088111625364,1353.3271865601373,1.029608500715973,232,46:02
1295000,2593.999999952484,-1488479.726454474,389004.9462027621,300.44624609050754,1354.661290936081,1.0285945164709778,232,45:57
1300000,2603.9999999522474,-1488371.0399237322,389315.960258247,300.68645641781563,1353.0266789235377,1.0298371770769,232,45:54
1305000,2613.999999952011,-1489712.6694200756,389021.1167965761,300.4587353769701,1353.7041089036247,1.0293218188285416,232,45:52
1310000,2623.9999999517745,-1490379.882963283,387936.5319785506,299.6210610997575,1354.6402531076292,1.0286104907452802,232,45:48
1315000,2633.999999951538,-1490559.5157178268,387971.99205466884,299.64844853238475,1352.4009743800232,1.0303136436078948,232,45:44
1320000,2643.9999999513016,-1489255.5143793551,388879.3876684224,300.34927151299837,1353.9629461691252,1.0291250432478953,232,45:40
1325000,2653.999999951065,-1491620.9590718476,388310.60483854194,299.90997461524313,1350.6331911149632,1.0316621749700106,232,45:36
1330000,2663.9999999508286,-1487204.4608261082,387149.8449528516,299.0134668621352,1355.1348651030992,1.02823505719952,232,45:32
1335000,2673.999999950592,-1488669.4993044687,389927.9733036631,301.15914198093907,1352.9777358336603,1.0298744307671726,232,45:29
1340000,2683.9999999503557,-1488467.7755580759,388628.7824014601,300.1557176457679,1355.013854109852,1.0283268848551457,232,45:24
1345000,2693.999999950119,-1490107.814381007,389498.3315535196,300.82731007943136,1351.722435192291,1.030830841639563,232,45:20
1350000,2703.9999999498827,-1486779.2831423907,388361.1895073623,299.94904346001016,1352.9615816065432,1.0298867273657477,232,45:16
1355000,2713.9999999496463,-1487110.09772716,388172.30424686166,299.80315876622103,1356.345427116505,1.0273173394292434,232,45:15
1360000,2723.99999994941,-1486794.060983521,387945.7948084776,299.62821520539785,1354.8735319020789,1.0284333871193037,232,45:11
1365000,2733.9999999491733,-1488062.3826471157,388868.6707085642,300.34099431655056,1350.3652692531612,1.0318668639211872,232,45:07
1370000,2743.999999948937,-1488066.9751121253,388824.3658664085,300.30677566807515,1354.6166056756176,1.0286284471150342,232,45:03
1375000,2753.9999999487004,-1490048.672608343,387096.49176125665,298.97225976107353,1356.973610218103,1.0268417639370242,232,44:59
1380000,2763.999999948464,-1487660.288396459,388778.87483757525,300.27164087357653,1355.2420742412676,1.0281537166062693,232,44:55
1385000,2773.9999999482275,-1489223.0272033606,390400.9568970015,301.524448762943,1354.7665593564952,1.0285145923547174,232,44:51
1390000,2783.999999947991,-1487216.1720186118,390617.32751184294,301.69156164833936,1355.8538314277625,1.0276898167297666,232,44:47
1395000,2793.9999999477545,-1491762.8859296748,389334.7487955282,300.70096766131206,1353.4027285265001,1.0295510317534178,232,44:43
1400000,2803.999999947518,-1487986.9128929665,389666.957760335,300.9575477828969,1355.3173463356177,1.0280966146413517,232,44:39
1405000,2813.9999999472816,-1490541.6692562895,389122.56007342244,300.53708464223547,1352.3928059170046,1.0303198667102793,232,44:38
1410000,2823.999999947045,-1490529.7909052316,388812.72776361805,300.29778703096616,1353.4947853177043,1.0294810077197885,232,44:34
1415000,2833.9999999468087,-1488572.327924231,388018.6338501911,299.68447211643524,1355.7595077056612,1.027761315788507,232,44:30
1420000,2843.999999946572,-1487765.7832097337,388024.5713920258,299.6890579505555,1353.7680855503686,1.0292731749292712,232,44:26
1425000,2853.9999999463357,-1491457.1359383184,389935.8654963059,301.16523748094784,1351.1868820059362,1.0312394192754064,232,44:22
1430000,2863.9999999460993,-1490534.6374445083,388095.97982044664,299.74420993375696,1352.4755474034487,1.0302568340015192,232,44:18
1435000,2873.999999945863,-1488869.8416187372,388778.8681906444,300.271635739849,1351.9069516082643,1.0306901476279315,232,44:14
1440000,2883.9999999456263,-1487974.8777019912,389999.3254046332,301.21425045988366,1357.5377361645183,1.026415058979609,232,44:10
1445000,2893.99999994539,-1490740.133623818,387575.0778965501,299.3418936415254,1353.4551999537807,1.0295111176047291,232,44:06
1450000,2903.9999999451534,-1488438.4326364305,390457.8619390308,301.5683991199454,1353.479815684367,1.0294923938912222,232,44:02
1455000,2913.999999944917,-1488874.247650263,388174.81182994234,299.8050954868995,1353.86186931344,1.0292018758449546,232,44:01
1460000,2923.9999999446804,-1492056.814903682,388517.3470620467,300.0696510552646,1356.053690599113,1.0275383527895103,232,43:57
1465000,2933.999999944444,-1487698.8484027619,389275.9458668501,300.65555147996804,1354.9528998445926,1.0283731454371334,232,43:53
1470000,2943.9999999442075,-1488415.7169564553,389327.2123854762,300.6951469484105,1354.7337316269907,1.028539515184969,232,43:49
1475000,2953.999999943971,-1487689.1414843416,387642.8141638242,299.3942094473406,1353.659964747369,1.0293553860052262,232,43:45
1480000,2963.9999999437346,-1491883.0160702383,389028.37590253254,300.46434191528243,1353.818712183411,1.0292346848161869,232,43:41
1485000,2973.999999943498,-1490065.632552362,388344.51222150156,299.93616283219103,1353.6089381155484,1.0293941893381648,232,43:37
1490000,2983.9999999432616,-1491524.9447227279,388366.89609284897,299.9534509160186,1354.3774956883947,1.0288100473968091,232,43:33
1495000,2993.999999943025,-1490168.13890165,387743.5206441778,299.4719896511004,1353.6355199285376,1.0293739747653123,232,43:29
1500000,3003.9999999427887,-1488519.0578394523,388584.85912908637,300.1217937010224,1353.7144991256826,1.0293139184313207,232,43:25
1505000,3013.999999942552,-1489855.4231200656,389729.47085085465,301.0058294912954,1353.0793098002496,1.0297971193854494,232,43:23
1510000,3023.9999999423158,-1488644.5380261922,388783.53901147016,300.27524322761224,1353.574212438834,1.0294205982409808,232,43:19
1515000,3033.9999999420793,-1490344.4283576105,389568.9349402238,300.88184029223106,1353.2533754764968,1.0296646590973526,232,43:15
1520000,3043.999999941843,-1490045.7738241972,388399.18503971805,299.9783891410251,1352.9744935218641,1.0298768987915377,232,43:11
1525000,3053.9999999416063,-1491292.5602556765,389353.8942513423,300.7157545692554,1350.407395712606,1.0318346744517473,232,43:07
1530000,3063.99999994137,-1490225.069168806,388514.5872376484,300.0675195171224,1354.7662384751407,1.0285148359621725,232,43:03
1535000,3073.9999999411334,-1488636.6786325658,389367.1552267736,300.72599662485584,1355.1775987500716,1.028202633232374,232,42:59
1540000,3083.999999940897,-1490036.2975130975,390479.45129844674,301.5850735660041,1353.3451002930985,1.0295948721656996,232,42:55
1545000,3093.9999999406605,-1487998.0659332685,388259.04701411887,299.87015415805945,1355.8615062954152,1.0276839994812534,232,42:51
1550000,3103.999999940424,-1491114.241131573,388326.47116089216,299.92222889898915,1352.2868788401727,1.0304005735287736,232,42:47
1555000,3113.9999999401875,-1489711.6242174841,388125.97246899095,299.7673746229297,1354.3468008283978,1.0288333643052618,232,42:46
1560000,3123.999999939951,-1489750.3772913227,389401.89808650815,300.75283011858795,1354.922299369486,1.0283963709068535,232,42:42
1565000,3133.9999999397146,-1490185.5058593955,389544.38646087423,300.8628803830067,1354.1083602155188,1.0290145282838197,232,42:38
1570000,3143.999999939478,-1489831.132158867,389889.08846051106,301.12910944467217,1351.7974543405248,1.0307736348061984,232,42:34
1575000,3153.9999999392417,-1489059.4489718834,388002.02061646804,299.6716409590008,1355.0839572598056,1.0282736859714718,232,42:30
1580000,3163.999999939005,-1489701.5878627282,388860.3807204055,300.33459158093825,1354.3804616209068,1.0288077944248748,232,42:26
1585000,3173.9999999387687,-1489664.207752402,389773.5041005857,301.0398383765654,1355.8835099088474,1.0276673219707666,232,42:22
1590000,3183.9999999385323,-1488796.8515973128,388447.57397049415,300.0157621172454,1351.202214745656,1.0312277173070172,232,42:18
1595000,3193.999999938296,-1490571.090171434,390345.19694778725,301.48138281330114,1356.7313133554487,1.027025146258487,232,42:14
1600000,3203.9999999380593,-1490499.7378931688,387533.30243909836,299.30962855211556,1353.1907009977365,1.0297123491204656,232,42:10
1605000,3213.999999937823,-1489823.1726062438,388896.9520272303,300.3628372676766,1355.075611690776,1.0282800188498395,232,42:08
1610000,3223.9999999375864,-1489068.6609483082,388549.8692640478,300.0947694338385,1353.7314907699388,1.0293009987821515,232,42:04
1615000,3233.99999993735,-1489274.9099358357,391013.4851002861,301.99753220596295,1353.3704828677965,1.0295755620292055,232,42:00
1620000,3243.9999999371134,-1488805.2231170898,388446.1839154762,300.01468851441314,1356.1345618644525,1.0274770769182866,232,41:57
1625000,3253.999999936877,-1486429.9933535056,389230.50938450365,300.6204588142068,1352.9988407430876,1.0298583661513516,232,41:53
1630000,3263.9999999366405,-1490545.012660808,385900.44027835445,298.04849469927495,1355.815780446555,1.0277186588530605,232,41:49
1635000,3273.999999936404,-1489915.2292946,389004.25009621924,300.44570845570433,1354.6748509343786,1.0285842204653477,232,41:45
1640000,3283.9999999361676,-1488382.7406631028,389352.0499306479,300.71433011634133,1354.2102510358252,1.0289371051995433,232,41:41
1645000,3293.999999935931,-1489981.8567929594,388544.448539795,300.09058276148704,1353.2437029341638,1.0296720188027644,232,41:37
1650000,3303.9999999356946,-1489103.130422105,387311.317782309,299.13817968630275,1353.1493053230213,1.0297438501804645,232,41:33
1655000,3313.999999935458,-1490758.8699371824,388345.8953386119,299.9372310765611,1353.705710522019,1.0293206010005114,232,41:31
1660000,3323.9999999352217,-1490880.1527674627,389115.0499013419,300.53128419411496,1350.8058481986386,1.0315303101408007,232,41:27
1665000,3333.999999934985,-1491198.1893446837,387504.3318294396,299.28725323014635,1353.8443051297456,1.0292152282598055,232,41:23
1670000,3343.9999999347488,-1492735.1139552537,387456.20724385465,299.2500844197628,1350.1577842647412,1.032025435672435,232,41:19
1675000,3353.9999999345123,-1491642.2045589378,386753.66895410325,298.70748208539396,1353.465273451562,1.029503455215333,232,41:15
1680000,3363.999999934276,-1489693.6406504977,388472.2043070226,300.034785248499,1352.9240013566075,1.029915334590234,232,41:12
1685000,3373.9999999340394,-1487939.4497890864,387813.7479006748,299.52622936140153,1354.236034909128,1.0289175148303071,232,41:08
1690000,3383.999999933803,-1491744.6007443322,388187.74041470647,299.81508082204135,1350.5569321877617,1.0317204275684924,232,41:04
1695000,3393.9999999335664,-1490265.9379988732,388818.997909763,300.30262975055126,1353.5715784788028,1.0294226014248198,232,41:00
1700000,3403.99999993333,-1489028.3462027702,388259.38885460235,299.8704181770418,1353.3574510196004,1.02958547609324,232,40:56
1705000,3413.9999999330935,-1489695.2933534887,389165.68167760974,300.5703894221102,1351.6250945787392,1.0309050794640868,232,40:54
1710000,3423.999999932857,-1492987.6893118126,389096.21975654963,300.5167408152417,1350.290746407167,1.031923812882432,232,40:50
1715000,3433.9999999326205,-1487651.625178759,388290.426897513,299.89439027192003,1354.5834838936726,1.028653598763148,232,40:46
1720000,3443.999999932384,-1491121.0924567133,389205.60277049645,300.601222301267,1352.5614655379125,1.0301913894746337,232,40:42
1725000,3453.9999999321476,-1491440.759786699,388097.4773432331,299.74536653884394,1353.7291644774791,1.0293027675666433,232,40:38
1730000,3463.999999931911,-1489920.842631992,388473.56411735556,300.0358354919828,1354.0676666475158,1.0290454530844884,232,40:34
1735000,3473.9999999316747,-1490101.8039244898,388883.7779921936,300.35266236010466,1354.4550119476467,1.0287511679909582,232,40:30
1740000,3483.999999931438,-1491227.3072053017,387387.3582609574,299.19690921296774,1354.3910984934712,1.0287997145597496,232,40:26
1745000,3493.9999999312017,-1489011.3943383507,388642.32164066087,300.1661746171573,1354.1814246245615,1.0289590081466815,232,40:23
1750000,3503.9999999309653,-1490101.142916236,386514.72829725966,298.5229373280899,1355.984712667469,1.0275906228996363,232,40:19
1755000,3513.999999930729,-1489355.1910662875,388258.5093893334,299.8697389259392,1354.39139476446,1.0287994895114292,232,40:16
1760000,3523.9999999304923,-1489895.236999453,387221.1879671522,299.06856832303083,1354.0499456640523,1.0290589206065068,232,40:13
1765000,3533.999999930256,-1488180.5905859107,386803.7481432451,298.7461605251716,1353.5368617795175,1.0294490049575942,232,40:09
1770000,3543.9999999300194,-1493200.685415714,389835.12558316364,301.0874314555218,1355.322700526341,1.0280925531544787,232,40:05
1775000,3553.999999929783,-1493638.8503316436,387453.5528088933,299.2480342786851,1351.5238270574628,1.0309823235348006,232,40:01
1780000,3563.9999999295464,-1490920.028767473,389503.1703541795,300.831047305675,1354.0906543052392,1.0290279835416758,232,39:57
1785000,3573.99999992931,-1489125.3038505083,389140.8798446315,300.5512338363337,1353.111411434865,1.029772688159332,232,39:53
1790000,3583.9999999290735,-1487511.279498566,387967.7901392757,299.6452032016542,1354.8010181873485,1.0284884324907286,232,39:49
1795000,3593.999999928837,-1488807.3261488946,388807.17366112035,300.29349734451836,1353.424815751609,1.0295342299886392,232,39:46
1800000,3603.9999999286006,-1490312.8651361475,387676.99305234774,299.4206073604074,1355.045631066401,1.02830276972722,232,39:42
1805000,3613.999999928364,-1490755.8889171034,389331.58578450937,300.69852472377045,1351.7812976894438,1.0307859547354574,232,39:39
1810000,3623.9999999281276,-1491179.3301466843,389022.6659455708,300.4599318553301,1351.7786876577652,1.0307879449902382,232,39:36
1815000,3633.999999927891,-1488542.8751132302,388951.4363026743,300.404917956336,1355.224097663126,1.028167354709119,232,39:32
1820000,3643.9999999276547,-1491228.6108328057,388733.3803994302,300.23650344591124,1353.301155137871,1.0296283057486884,232,39:28
1825000,3653.9999999274182,-1492982.0162480483,387707.66952820274,299.4443002005728,1353.0063335175312,1.0298526629286429,232,39:24
1830000,3663.9999999271818,-1491613.3421774758,390511.4178064206,301.6097627567589,1349.8067738562108,1.032293808655002,232,39:20
1835000,3673.9999999269453,-1490313.735340666,389012.6426366471,300.45219039710724,1354.3142010890313,1.0288581293852566,232,39:16
1840000,3683.999999926709,-1491038.8139336752,389345.02074175456,300.70890115345367,1353.2017480815632,1.0297039428952637,232,39:12
1845000,3693.9999999264724,-1494414.2263346706,388944.3241997926,300.3994249551968,1351.9330415991806,1.03067025707436,232,39:08
1850000,3703.999999926236,-1492063.384066334,390549.79631172685,301.6394042252348,1352.5045377370332,1.030234750904227,232,39:05
1855000,3713.9999999259994,-1491508.6574825319,387523.376566162,299.30196234814565,1349.0697560619365,1.0328577668213454,232,39:02
1860000,3723.999999925763,-1487989.3919421295,389246.58883172035,300.6328777039989,1353.710680758384,1.0293168217833162,232,38:58
1865000,3733.9999999255265,-1491131.4900870537,390922.313756812,301.9271164229114,1352.3779358494164,1.0303311955893222,232,38:55
1870000,3743.99999992529,-1490775.1320326328,388388.55513931834,299.97017918456413,1352.1981060545118,1.030468220073203,232,38:51
1875000,3753.9999999250535,-1489890.9879375473,388915.5281253868,300.37718443475666,1351.633019469753,1.0308990350642515,232,38:47
1880000,3763.999999924817,-1489619.0365146566,387407.2832083185,299.21229815775274,1352.9975628899304,1.0298593388122053,232,38:43
1885000,3773.9999999245806,-1491784.3229999337,387876.3253471521,299.5745607748387,1353.4028727359316,1.029550922051442,232,38:39
1890000,3783.999999924344,-1489697.6756048976,388473.39682359726,300.0357062833901,1354.8149137119012,1.0284778839013076,232,38:35
1895000,3793.9999999241077,-1491912.2077037022,390823.3628903148,301.8506921597325,1352.0167172008546,1.030606469435649,232,38:31
1900000,3803.999999923871,-1490635.7043792652,387946.63273818674,299.6288623766949,1355.2402948962288,1.0281550665072585,232,38:27
1905000,3813.9999999236347,-1491398.4607577166,387707.2950246093,299.4440109543823,1350.961517599641,1.031411448349844,232,38:25
1910000,3823.9999999233983,-1490789.131687819,388170.63505760074,299.8018695752934,1352.5189830549525,1.030223747680838,232,38:21
1915000,3833.999999923162,-1489302.96751777,390030.85404013254,301.2386014617735,1353.6190199876257,1.0293865223207979,232,38:18
1920000,3843.9999999229253,-1488675.6790437046,388353.96502483264,299.943463662948,1354.5990448552789,1.0286417821010756,232,38:14
1925000,3853.999999922689,-1487755.9245082038,388637.0840752656,300.1621294067377,1354.0381481256752,1.029067886647918,232,38:10
1930000,3863.9999999224524,-1489284.1460876968,387597.9859714174,299.3595865916182,1351.724146142749,1.0308295368611393,232,38:06
1935000,3873.999999922216,-1488513.5489414344,389647.62437352585,300.9426157272824,1352.2631775894824,1.0304186334617136,232,38:02
1940000,3883.9999999219795,-1489831.361134096,389115.2681871316,300.53145278617717,1352.1953848964722,1.030470293787485,232,37:59
1945000,3893.999999921743,-1491520.5292907655,388875.57238703023,300.3463247973248,1352.954691803113,1.0298919719738266,232,37:55
1950000,3903.9999999215065,-1491317.8492396465,388180.9021228418,299.80979929762765,1353.0892201275105,1.0297895769216459,232,37:51
1955000,3913.99999992127,-1489976.0829794481,387603.38877719454,299.36375942471443,1352.9255558762795,1.0299141512112662,232,37:48
1960000,3923.9999999210336,-1491397.7616302613,388642.1765887596,300.1660625869642,1352.9978094330395,1.0298591511513522,232,37:44
1965000,3933.999999920797,-1490125.9362600176,388322.18556141015,299.9189189352234,1352.9570946475494,1.0298901428912897,232,37:41
1970000,3943.9999999205606,-1490572.9513034103,388735.4170127385,300.23807641517334,1354.2048418813338,1.028941215124122,232,37:37
1975000,3953.999999920324,-1490515.7895824518,388983.25541363086,300.4294933056578,1352.0821672803481,1.0305565809917485,232,37:33
1980000,3963.9999999200877,-1491780.6411546553,389139.18121573946,300.5499219078375,1354.3204869347753,1.0288533541171008,232,37:29
1985000,3973.9999999198512,-1490780.3915006844,390842.67957253684,301.8656113136332,1354.6206668172447,1.0286253632954026,232,37:25
1990000,3983.9999999196148,-1492519.767500381,388637.5717033083,300.16250602409525,1352.174641385127,1.030486102079976,232,37:21
1995000,3993.9999999193783,-1491885.6779680662,389460.8870670763,300.79838999628464,1352.4368750700723,1.030286293739332,232,37:17
2000000,4003.999999919142,-1489278.8404106395,387579.7978724397,299.3455390939843,1353.5972434509852,1.0294030829878866,232,37:13
2005000,4013.9999999189054,-1491427.7401603619,389380.00524499296,300.735921279475,1351.1018684734263,1.0313043065410834,232,37:11
2010000,4023.999999918669,-1492938.5793873528,387728.7503203337,299.46058185694295,1350.3707014841038,1.0318627129579732,232,37:07
2015000,4033.9999999184324,-1491452.5191376796,386878.6810600751,298.80403463137503,1349.2334215597468,1.0327324785073495,232,37:03
2020000,4043.999999918196,-1490254.0401018672,388529.87151967915,300.07932426460735,1352.0435480923425,1.0305860173648653,232,36:59
2025000,4053.9999999179595,-1489923.3160788557,389044.739598267,300.4769803431574,1353.3962961790357,1.0295559249469244,232,36:55
2030000,4063.999999917723,-1493071.9378869692,388629.8109640938,300.1565120515593,1353.664136966098,1.0293522133601787,232,36:51
2035000,4073.9999999174865,-1487115.8035334498,388802.7607841831,300.2900890785742,1354.8570904172204,1.0284458673816737,232,36:48
2040000,4083.99999991725,-1489494.7731272932,388306.99088846566,299.9071833969191,1353.0250472675773,1.0298384189903231,232,36:44
2045000,4093.9999999170136,-1491203.5436871052,388600.28204481,300.13370552162564,1352.9651666754391,1.0298839983857537,232,36:40
2050000,4103.999999918596,-1490347.3736163424,386700.5514793557,298.6664570391947,1352.508326954729,1.0302318645754174,232,36:36
2055000,4113.999999920633,-1490074.4034210714,388230.1657715746,299.84784785838497,1352.263735810298,1.0304182081000666,232,36:34
2060000,4123.99999992267,-1493700.221027431,386015.5408212974,298.1373920934797,1350.6155452388032,1.0316756537005367,232,36:30
2065000,4133.9999999247075,-1490009.0533490172,387475.95197625074,299.2653341763182,1350.2797008664875,1.0319322542123626,232,36:26
2070000,4143.999999926745,-1490901.9059018614,388083.7309201944,299.7347495499355,1351.6457296273013,1.0308893410380247,232,36:22
2075000,4153.999999928782,-1490523.7335931659,389729.6456752033,301.0059645161063,1353.8539318189858,1.0292079099406495,232,36:18
2080000,4163.999999930819,-1491443.1774741039,388865.1554967692,300.33827935830044,1355.1276939414752,1.0282404984873155,232,36:14
2085000,4173.999999932857,-1492734.6867708461,389095.0711861972,300.5158537220206,1353.7974862902524,1.0292508219605352,232,36:10
2090000,4183.999999934894,-1491898.9677756643,390457.51748404076,301.5681330816605,1352.617691970923,1.030148565853819,232,36:06
2095000,4193.999999936931,-1492418.6337600006,388313.9649406076,299.9125697751812,1349.2650678524756,1.0327082563177263,232,36:03
2100000,4203.999999938968,-1491334.6815756029,388700.977544068,300.21147724418495,1354.6118610597919,1.0286320499528279,232,35:59
2105000,4213.999999941006,-1488476.0582414493,389327.1126189644,300.6950698941873,1353.6350634412224,1.02937432190183,232,35:56
2110000,4223.999999943043,-1489972.33496866,386709.56404802634,298.6734178566628,1354.1690565728638,1.028968405952772,232,35:52
2115000,4233.99999994508,-1492007.7787548238,388293.9451947664,299.8971076132103,1352.0578510298228,1.0305751151631857,232,35:49
2120000,4243.999999947117,-1490749.7393688746,389216.27747982205,300.6094668657032,1353.231255301465,1.0296814901913687,232,35:45
2125000,4253.999999949155,-1491737.85344473,388629.7668392235,300.15647797191133,1352.2226293690621,1.030449531955029,232,35:41
2130000,4263.999999951192,-1490991.4700463908,389226.33906433044,300.61723788590433,1353.0101172224047,1.0298497829364757,232,35:37
2135000,4273.999999953229,-1490450.35334419,389897.59566418716,301.1356799457267,1350.9396638681753,1.0314281331725832,232,35:33
2140000,4283.9999999552665,-1491545.009400541,388127.1637773517,299.76829472466216,1351.1157179469249,1.0312937352617528,232,35:29
2145000,4293.999999957304,-1489842.2450397108,388897.8215215273,300.36350881774325,1354.0294215057138,1.0290745189147052,232,35:25
2150000,4303.999999959341,-1490219.9052028554,388286.06938600395,299.891024767219,1355.6272936877651,1.0278615531130513,232,35:22
2155000,4313.999999961378,-1490671.2784151696,388709.44921143766,300.2180202989306,1351.9952603138693,1.0306228257108447,232,35:19
2160000,4323.999999963416,-1490012.0021046288,390341.39010989165,301.4784426189247,1353.8972026470726,1.0291750162479456,232,35:15
2165000,4333.999999965453,-1492183.514544311,388384.84823489166,299.96731617335956,1352.8272649174094,1.0299889806090035,232,35:11
2170000,4343.99999996749,-1488746.8053920483,389720.9007715419,300.9992104285217,1354.835587351081,1.028462190203213,232,35:07
2175000,4353.999999969527,-1489944.1370086633,388805.0537914218,300.2918600725522,1354.648513604486,1.0286042183922377,232,35:03
2180000,4363.999999971565,-1490198.9567828802,390611.5540283379,301.6871025239429,1352.9286079602718,1.0299118278185344,232,35:00
2185000,4373.999999973602,-1490801.5965545615,390396.1162333909,301.52071009785766,1351.778825509395,1.0307878398725996,232,34:56
2190000,4383.999999975639,-1491920.9262694083,389032.5089599322,300.4675340638469,1352.2863509127171,1.030400975793244,232,34:52
2195000,4393.999999977676,-1490327.4581895443,387485.82097965805,299.27295645735944,1354.6724263644946,1.028586061408055,232,34:48
2200000,4403.999999979714,-1491438.2221519202,389098.76719651173,300.518708319206,1353.8442713842228,1.0292152539137205,232,34:45
2205000,4413.999999981751,-1491694.2191830473,390399.7815030713,301.5235409526505,1351.284258617622,1.0311651058214861,232,34:42
2210000,4423.999999983788,-1489253.9148821011,389047.7333183086,300.47929252956305,1354.9183364408073,1.028399378808778,232,34:38
2215000,4433.9999999858255,-1490197.2150598858,389263.7828877859,300.64615745699535,1355.2596011320165,1.0281404200113964,232,34:34
2220000,4443.999999987863,-1489764.2180780694,389529.4634446908,300.85135465759777,1350.494344183136,1.0317682421507386,232,34:31
2225000,4453.9999999899,-1492404.491446726,389782.15563265904,301.0465203490177,1351.4342235145932,1.0310506802977248,232,34:27
2230000,4463.999999991937,-1491330.7232043017,389611.1505122485,300.91444530218064,1354.2613638200582,1.0288982708639767,232,34:23
2235000,4473.999999993975,-1491066.4249671148,387888.2735477389,299.5837889146063,1351.8011513232732,1.0307708157877788,232,34:19
2240000,4483.999999996012,-1488606.128173097,388543.35793768754,300.089740439783,1354.5653079377112,1.0286674015398773,232,34:15
2245000,4493.999999998049,-1490261.0954162776,388372.42916920176,299.95772436301655,1355.8796951635484,1.0276702132959334,232,34:11
2250000,4504.000000000086,-1490882.968737105,388314.5379282525,299.91301231964917,1353.9337356513322,1.0291472461627025,232,34:08
2255000,4514.000000002124,-1490964.2902949806,387752.2259870587,299.4787131840915,1352.03183206453,1.0305949479049281,232,34:05
2260000,4524.000000004161,-1490662.0995063698,389151.4586365263,300.5594043193674,1351.595111521799,1.0309279485063272,232,34:01
2265000,4534.000000006198,-1492297.35350113,389299.9119575716,300.6740615839166,1348.7599395095608,1.0330950191470092,232,33:57
2270000,4544.0000000082355,-1490335.4884398272,389735.6309798066,301.01058723958914,1352.37942484034,1.030330061178542,232,33:53
2275000,4554.000000010273,-1492741.957177869,388870.5914739648,300.34247781119467,1350.5047175755813,1.0317603170122709,232,33:49
2280000,4564.00000001231,-1491078.8833204247,388641.1923429563,300.16530240908037,1352.2961340136112,1.030393521422523,232,33:46
2285000,4574.000000014347,-1490704.5882505523,388590.07977276214,300.125825842027,1352.9586164354737,1.0298889844860262,232,33:42
2290000,4584.000000016385,-1492148.840373137,388295.9053845084,299.8986215570698,1352.0192143129325,1.0306045659568854,232,33:38
2295000,4594.000000018422,-1489981.2450880343,388444.5482852288,300.0134252426408,1349.4100261140618,1.032597319248441,232,33:34
2300000,4604.000000020459,-1492315.8055380555,387104.28111762565,298.97827583594193,1350.905121642575,1.0314545064705267,232,33:30
2305000,4614.000000022496,-1491713.0047736298,388646.37211613904,300.1693029839408,1350.6867057583104,1.0316213001815693,232,33:28
2310000,4624.000000024534,-1492052.6180921001,387887.2166772466,299.58297264536577,1350.4603184147052,1.031794238255032,232,33:24
2315000,4634.000000026571,-1489379.5428800723,388665.0495997051,300.1837284555925,1353.5872064388618,1.029410716135699,232,33:20
2320000,4644.000000028608,-1490611.51025475,387174.17048155016,299.0322545764123,1351.701066384641,1.0308471378654982,232,33:16
2325000,4654.000000030645,-1490676.183079769,390008.3221538666,301.22119905927957,1352.5524059626155,1.030198289833113,232,33:12
2330000,4664.000000032683,-1491398.9407872595,388964.2853666041,300.4148418739138,1351.0195210898603,1.0313671666330202,232,33:08
2335000,4674.00000003472,-1490985.85933136,388496.64655645075,300.0536631115143,1352.5747607141086,1.0301812631759353,232,33:05
2340000,4684.000000036757,-1490404.1344611514,388117.4805690868,299.7608159416757,1352.0116424449873,1.030610337801914,232,33:01
2345000,4694.0000000387945,-1492252.007626811,389769.8543726009,301.0370195253323,1351.958913369919,1.03065053364613,232,32:57
2350000,4704.000000040832,-1489945.603894298,388659.9683845503,300.1798040015882,1354.893737346588,1.028418050157325,232,32:53
2355000,4714.000000042869,-1488792.6176351989,389715.30315770535,300.9948871362842,1352.9630584655986,1.0298856031683574,232,32:50
2360000,4724.000000044906,-1491709.107281278,389724.1405546332,301.0017126606332,1352.1447140512262,1.0305089100688967,232,32:46
2365000,4734.000000046944,-1488016.4068441913,389034.43100793543,300.4690185491035,1351.2286715486462,1.0312075260624638,232,32:43
2370000,4744.000000048981,-1491166.1292030867,388286.2017438184,299.89112699319037,1353.0029158750585,1.029855264303821,232,32:39
2375000,4754.000000051018,-1489564.677724259,388329.23629954143,299.92436454156956,1351.6200653302951,1.030908915362872,232,32:35
2380000,4764.000000053055,-1491059.460013792,388379.6460412141,299.96329828212936,1352.844733649926,1.029975680781204,232,32:31
2385000,4774.000000055093,-1491785.0669275606,388154.21478409384,299.7891874498266,1354.8539054351734,1.028448285045756,232,32:27
2390000,4784.00000005713,-1491372.932470481,388136.02089403645,299.77513547947797,1354.6319351287925,1.0286168068227852,232,32:24
2395000,4794.000000059167,-1490067.0361026786,388484.00000461447,300.0438956032543,1350.2985398273672,1.0319178570025644,232,32:20
2400000,4804.000000061204,-1492776.098818995,388624.22979573515,300.15220146091383,1349.4852222079694,1.0325397808006618,232,32:16
2405000,4814.000000063242,-1490886.4921479933,388744.6202186463,300.2451844704667,1354.3976210536482,1.0287947600264988,232,32:13
2410000,4824.000000065279,-1491902.07343317,387766.7072825758,299.48989774850156,1351.6839848671002,1.0308601648996751,232,32:09
2415000,4834.000000067316,-1491771.4891462773,388179.840573228,299.80897941448836,1350.7909375319873,1.0315416966582607,232,32:06
2420000,4844.0000000693535,-1488340.2892682012,386960.2599797633,298.86704174843015,1353.1290266861763,1.0297592824128456,232,32:02
2425000,4854.000000071391,-1490670.0556062572,390180.9517172539,301.3545287374501,1353.5622418615478,1.0294297021879217,232,31:58
2430000,4864.000000073428,-1489857.355257308,387836.2384736926,299.5435998557914,1353.1075997670446,1.0297755890013778,232,31:54
2435000,4874.000000075465,-1492086.1898407629,388052.52561803133,299.7106482731149,1351.1950572529001,1.031233179882444,232,31:51
2440000,4884.000000077503,-1488584.6194150643,388824.5292266777,300.306901838655,1353.7369419926108,1.0292968539968783,232,31:47
2445000,4894.00000007954,-1490032.0663632648,389019.693478944,300.4576360839052,1354.0999624279273,1.0290209099732646,232,31:43
2450000,4904.000000081577,-1489920.3148728535,389380.9861333951,300.736678864285,1353.288516911431,1.0296379213447082,232,31:39
2455000,4914.000000083614,-1490010.1617348017,388174.21582964883,299.80463516871436,1353.1990856853495,1.0297059688202794,232,31:36
2460000,4924.000000085652,-1489585.4441529913,389038.03690593725,300.4718035484435,1354.5929158356025,1.0286464363153778,232,31:33
2465000,4934.000000087689,-1490176.0118775386,390774.21182798105,301.81273055458155,1352.8996300898993,1.029933887586146,232,31:29
2470000,4944.000000089726,-1491231.5917945364,389240.18157299724,300.62792908612175,1354.6748747697238,1.0285842023675291,232,31:25
2475000,4954.0000000917635,-1491145.5298906649,388290.35464736447,299.8943344698381,1352.2092623534832,1.0304597182740631,232,31:21
2480000,4964.000000093801,-1492072.063950684,389682.67533584294,300.96968718267857,1352.134368384763,1.030516794863278,232,31:17
2485000,4974.000000095838,-1490774.8655052325,387377.62597736873,299.1893925268725,1354.2947654459288,1.0288728946490056,232,31:14
2490000,4984.000000097875,-1490597.9001736548,388069.58618969494,299.72382493002516,1352.7400632275212,1.030055376794137,232,31:10
2495000,4994.0000000999125,-1491312.373825604,388978.7323082908,300.4259999052952,1351.2737678202152,1.0311731114118232,232,31:06
2500000,5004.00000010195,-1490912.3275106363,389671.4715088967,300.96103395659316,1352.6125788345828,1.0301524600140168,232,31:02
2505000,5014.000000103987,-1489817.7788424203,388064.5557989467,299.71993973002594,1354.5332546636416,1.0286917436208372,232,30:59
2510000,5024.000000106024,-1493181.2960948888,391203.7671879486,302.1444957330197,1352.041347567701,1.030587694702567,232,30:55
2515000,5034.000000108062,-1489459.79947213,389014.83535989374,300.45388393718844,1352.5850256955405,1.0301734449675883,232,30:52
2520000,5044.000000110099,-1489888.7161986763,389183.24770589726,300.58395646620374,1354.3028579598138,1.028866746712348,232,30:48
2525000,5054.000000112136,-1490857.1759916432,388597.9258687233,300.13188573946786,1353.7429278841303,1.0292923027196879,232,30:44
2530000,5064.000000114173,-1491571.7785864016,388433.0252556894,300.0045254818473,1349.8930274008758,1.032227848613484,232,30:40
2535000,5074.000000116211,-1490286.0876637343,390020.7453099848,301.2307940288468,1353.7166806602984,1.0293122596765931,232,30:36
2540000,5084.000000118248,-1490672.3894870393,388144.42929691554,299.78162967217474,1350.9913082843225,1.0313887047148211,232,30:33
2545000,5094.000000120285,-1489809.9452008,390796.32627442083,301.8298105492758,1352.346213076459,1.030355364668418,232,30:29
2550000,5104.0000001223225,-1489924.3904831307,389353.18478189583,300.7152066136729,1352.0014691255246,1.0306180927699722,232,30:25
2555000,5114.00000012436,-1490955.6214969642,390277.502371714,301.4290992075001,1353.6172128272117,1.0293878966137344,232,30:22
2560000,5124.000000126397,-1490786.1943122558,388894.8726344949,300.3612312579135,1355.046558486633,1.028302065936795,232,30:18
2565000,5134.000000128434,-1489129.737587857,389458.8505636185,300.79681711186504,1355.405637870379,1.0280296441157366,232,30:14
2570000,5144.000000130472,-1490566.8171699187,389350.16901871806,300.71287740234874,1353.992300437508,1.029102732033342,232,30:10
2575000,5154.000000132509,-1489835.7564593498,388686.91209741414,300.2006138588013,1351.600646103071,1.0309237270267555,232,30:07
2580000,5164.000000134546,-1491394.378072871,390045.77920473664,301.2501288465056,1353.405541915341,1.0295488915764388,232,30:03
2585000,5174.000000136583,-1491400.8272489654,390646.6561370622,301.71421348204,1350.6238736013765,1.0316692920708703,232,29:59
2590000,5184.000000138621,-1489163.4262212645,386668.23052917735,298.64149409657415,1352.6290527568913,1.0301399135944664,232,29:55
2595000,5194.000000140658,-1492333.8509462345,389304.52320994524,300.6776230642499,1352.3538438864464,1.0303495507713798,232,29:51
2600000,5204.000000142695,-1491401.5601190012,389143.0542835952,300.55291325463,1351.9737614358871,1.0306392145158698,232,29:47
2605000,5214.000000144732,-1491802.514833304,389742.31085710734,301.0157464132165,1353.1849505480693,1.0297167249517465,232,29:44
2610000,5224.00000014677,-1490844.5755600203,388637.3429235,300.1623293270243,1352.467811916256,1.0302627265916975,232,29:41
2615000,5234.000000148807,-1493064.1440245276,388241.88910484174,299.8569023228748,1353.8554401869292,1.0292067632715352,232,29:37
2620000,5244.000000150844,-1491689.8945197249,389255.12048071873,300.63946708528965,1351.013358571775,1.0313718711156048,232,29:33
2625000,5254.0000001528815,-1489326.647371742,389797.1845831814,301.05812789234386,1354.6192891761439,1.0286264094022972,232,29:29
2630000,5264.000000154919,-1491982.8307900066,388902.57866034587,300.3671829728256,1352.0663713714544,1.0305686207689428,232,29:25
2635000,5274.000000156956,-1491897.3682681508,388648.4102889332,300.17087715766496,1353.7689836417003,1.0292724921086958,232,29:21
2640000,5284.000000158993,-1489484.4141316852,388279.89513532707,299.88625611207357,1352.9915963691635,1.0298638803608362,232,29:17
2645000,5294.000000161031,-1488794.745574369,389466.7272808887,300.80290065953824,1354.8097835957644,1.0284817783306603,232,29:14
2650000,5304.000000163068,-1490976.2544062817,388353.9437364732,299.943447220978,1356.8082499864915,1.026966909691345,232,29:10
2655000,5314.000000165105,-1490882.0808251966,388560.12189452973,300.1026880075505,1355.0738062202047,1.0282813889075473,232,29:07
2660000,5324.000000167142,-1491538.1158193005,389782.3964756465,301.0467063630317,1351.9346996550717,1.0306689930274413,232,29:03
2665000,5334.00000016918,-1489568.6295248298,387680.69574518374,299.4234671188086,1355.5209879528782,1.027942162398143,232,28:59
2670000,5344.000000171217,-1489537.1356298542,388925.66962290776,300.3850171754188,1353.9177423999731,1.0291594030390605,232,28:55
2675000,5354.000000173254,-1489995.10141957,387070.7285127201,298.9523616302517,1353.1423726136165,1.029749125985154,232,28:52
2680000,5364.0000001752915,-1491377.1592783527,386463.9952914611,298.4837539159152,1353.01146185939,1.029848759460957,232,28:48
2685000,5374.000000177329,-1491862.5721798614,389659.7048924114,300.9519460625016,1354.7032011190004,1.028562695047437,232,28:44
2690000,5384.000000179366,-1493253.6045868816,388421.510735629,299.99563229331216,1352.9209340243517,1.029917669606603,232,28:40
2695000,5394.000000181403,-1487168.859214075,388924.0673563505,300.38377967194475,1358.9380317862099,1.025357406254092,232,28:36
2700000,5404.0000001834405,-1487738.4206173616,388314.44548259815,299.9129409196578,1352.4037923528958,1.0303114967669036,232,28:33
2705000,5414.000000185478,-1490111.191190307,391130.3541163142,302.08779547251703,1352.7634109940886,1.0300375987464063,232,28:29
2710000,5424.000000187515,-1489051.6365902442,388523.9372353626,300.07474094641685,1355.3385098994165,1.0280805609483912,232,28:26
2715000,5434.000000189552,-1490520.063094454,388697.88834938104,300.2090913183601,1355.273368986803,1.0281299754115636,232,28:22
2720000,5444.00000019159,-1489770.0104791177,389674.5544879482,300.96341508179944,1353.6361943177926,1.0293734619253403,232,28:18
2725000,5454.000000193627,-1489799.4695250625,389311.95551071916,300.6833633688119,1355.9022452379304,1.0276531220640017,232,28:14
2730000,5464.000000195664,-1489743.9816953698,389050.82582677895,300.4816810147738,1352.1644179443374,1.0304938933762926,232,28:10
2735000,5474.000000197701,-1490524.9984670663,385897.9982149777,298.04660858244944,1353.1749975349767,1.0297242988310036,232,28:07
2740000,5484.000000199739,-1492698.433102169,388783.8766208815,300.2755039787447,1351.5957972841177,1.0309274254420047,232,28:03
2745000,5494.000000201776,-1491090.0510814413,387479.0084417374,299.26769482389034,1350.4645364944242,1.0317910155192749,232,27:59
2750000,5504.000000203813,-1488324.7554306602,387011.73600722506,298.90679903009334,1356.3167616112987,1.027339051592195,232,27:55
2755000,5514.0000002058505,-1489539.4571931763,389331.0303270025,300.69809571862686,1352.2669918697527,1.0304157270050098,232,27:52
2760000,5524.000000207888,-1490640.05521526,388015.8162295334,299.68229593960825,1353.7868048895664,1.0292589427668515,232,27:48
2765000,5534.000000209925,-1489801.7684758976,387299.055196733,299.1287087326821,1354.0875290892984,1.0290303585245248,232,27:45
2770000,5544.000000211962,-1491504.2247464564,388753.2453518783,300.251846053891,1353.7844181924152,1.0292607573315293,232,27:41
2775000,5554.000000214,-1490268.8631458916,390333.54697833164,301.4723850110259,1353.1411888438918,1.029750026841509,232,27:37
2780000,5564.000000216037,-1489431.3075616853,388336.5154337679,299.92998654862754,1352.8172831927604,1.0299965803540123,232,27:33
2785000,5574.000000218074,-1491247.0281789945,389511.0684228573,300.8371473440133,1353.078553287208,1.0297976951502112,232,27:29
2790000,5584.000000220111,-1490418.572877653,389684.18458458176,300.9708528442528,1356.0046205459983,1.0275755365577548,232,27:26
2795000,5594.000000222149,-1489791.13159859,387003.16385098174,298.90017836321147,1352.804262018433,1.0300064944010079,232,27:22
2800000,5604.000000224186,-1491665.9256003518,387903.91573868576,299.59587009145633,1354.6702369720972,1.0285877237893795,232,27:18
2805000,5614.000000226223,-1491822.9351515053,388910.2167508463,300.3730822181709,1353.5190791926232,1.029462529899108,232,27:15
2810000,5624.00000022826,-1490285.3331582434,388428.6229094219,300.00112534921925,1352.7569260674857,1.0300425366019053,232,27:11
2815000,5634.000000230298,-1487409.7130030235,387010.3417246416,298.90572216211956,1356.7079398449157,1.0270428399583384,232,27:07
2820000,5644.000000232335,-1492058.3361285338,388050.5752669949,299.7091419281361,1353.959134765292,1.0291279402416333,232,27:04
2825000,5654.000000234372,-1492166.8922481202,389014.76206914586,300.4538273314041,1350.2692100477946,1.031940271735166,232,27:00
2830000,5664.0000002364095,-1490277.9865856124,390299.4929394807,301.4460835250503,1353.2236206568314,1.029687299469409,232,26:56
2835000,5674.000000238447,-1492126.0854877438,387295.24640119413,299.1257670263287,1356.7042891556794,1.0270456035776998,232,26:52
2840000,5684.000000240484,-1491074.938861575,387412.6715548667,299.2164598233275,1354.4769881430868,1.0287344766503708,232,26:49
2845000,5694.000000242521,-1489275.8372796169,389072.0121657457,300.4980441897748,1355.3209120242768,1.0280939098410296,232,26:45
2850000,5704.000000244559,-1491056.1820613323,389529.3575945132,300.8512729046823,1354.7359142981181,1.028537858062367,232,26:41
2855000,5714.000000246596,-1490965.6611991934,385531.94119903445,297.7638860685873,1355.2599807027782,1.0281401320577581,232,26:38
2860000,5724.000000248633,-1490549.3180062082,388819.6226499896,300.3031122658964,1353.0913675495246,1.0297879425953467,232,26:34
2865000,5734.00000025067,-1490010.1466569602,389539.6386542537,300.85921343560614,1354.2759240830735,1.0288872088424394,232,26:30
2870000,5744.000000252708,-1491532.1755121872,388876.11319740093,300.34674248981776,1355.2515300047278,1.028146543046137,232,26:26
2875000,5754.000000254745,-1489861.1730802571,388358.579630785,299.94702773340293,1353.8490202516778,1.0292116437572332,232,26:23
2880000,5764.000000256782,-1492014.1834109826,388165.758821163,299.7981034356926,1354.9815349804132,1.0283514125913835,232,26:19
2885000,5774.0000002588195,-1490548.0048727328,389327.70484523283,300.6955272975209,1353.3140325690827,1.0296185083422018,232,26:15
2890000,5784.000000260857,-1493731.6993060969,388369.7177612968,299.95563021913836,1352.2722280278533,1.0304117371133712,232,26:11
2895000,5794.000000262894,-1489343.6293668011,387732.47614838753,299.4634594837271,1354.0526734275818,1.0290568475487532,232,26:07
2900000,5804.000000264931,-1491770.122189166,387817.234877047,299.528922512148,1355.6382719572343,1.0278532292545852,232,26:04
2905000,5814.0000002669685,-1491318.7503537368,389559.92364216666,300.8748804561156,1352.8742623098572,1.0299531999029268,232,26:00
2910000,5824.000000269006,-1491246.1706121676,387831.82230139343,299.540189044689,1351.3557975721228,1.0311105173306383,232,25:57
2915000,5834.000000271043,-1488035.7028091485,387705.9247174404,299.44295260371365,1355.9324415040778,1.0276302364937246,232,25:53
2920000,5844.00000027308,-1490961.7222572481,389950.4358309409,301.176490814326,1357.8942378516033,1.0261455838688267,232,25:49
2925000,5854.000000275118,-1486885.9172284957,388397.2791666606,299.9769171484162,1356.5407120726888,1.0271694488279282,232,25:45
2930000,5864.000000277155,-1490802.9743658947,387001.4068670644,298.89882136447005,1355.2799395790178,1.0281249908894625,232,25:41
2935000,5874.000000279192,-1490671.8011329584,388377.59386015654,299.961713289185,1354.1210031720718,1.0290049207332812,232,25:38
2940000,5884.000000281229,-1489168.9508489901,390285.09050775645,301.43495987074107,1356.1349016760637,1.0274768194596513,232,25:34
2945000,5894.000000283267,-1489736.7228228142,385744.770898532,297.9282641437115,1352.2701975926534,1.030413284277736,232,25:30
2950000,5904.000000285304,-1492101.8842821606,388931.008566726,300.3891406850141,1354.310915211002,1.0288606256379889,232,25:26
2955000,5914.000000287341,-1490118.4278278202,390406.8028979941,301.52896389589955,1352.3219190871787,1.0303738746413993,232,25:23
2960000,5924.0000002893785,-1489414.4373319456,389624.10673377244,300.9244519824514,1350.0689484312927,1.0320933439372866,232,25:19
2965000,5934.000000291416,-1490160.9926074473,389658.24472271744,300.95081830691004,1355.8698624383103,1.0276776659277254,232,25:16
2970000,5944.000000293453,-1489619.4177324334,390892.607026782,301.9041725616359,1353.732259560433,1.029300414237595,232,25:12
2975000,5954.00000029549,-1490339.325832324,390453.4716514944,301.5650083008249,1356.547835167504,1.0271640552655446,232,25:08
2980000,5964.000000297528,-1491229.8852327755,388421.03483866766,299.9952647364033,1354.2315651074268,1.028920910894449,232,25:04
2985000,5974.000000299565,-1490331.1041781204,389589.4621198203,300.89769436841385,1352.7473319506576,1.0300498419930901,232,25:00
2990000,5984.000000301602,-1489492.7165359212,389370.3402022993,300.72845652658697,1352.2281638167588,1.0304453144944028,232,24:57
2995000,5994.000000303639,-1490654.3964943439,388737.54564238724,300.2397204528483,1353.4843431463141,1.0294889501959463,232,24:53
3000000,6004.000000305677,-1490597.0417596446,389766.0152821455,301.0340544208343,1349.3952859404762,1.0326085988667175,232,24:49
3005000,6014.000000307714,-1490190.4540948914,387893.38096285943,299.5877336040381,1353.749067613634,1.0292876345160524,232,24:46
3010000,6024.000000309751,-1490358.3682081113,386700.3439695708,298.666296769932,1353.1234488689768,1.0297635272650367,232,24:42
3015000,6034.000000311788,-1490000.8001305722,389359.334112336,300.7199560217839,1353.5943951412441,1.0294052491159669,232,24:38
3020000,6044.000000313826,-1490079.6688321969,388807.75444862794,300.2939459131758,1354.8718501529945,1.0284346636731763,232,24:35
3025000,6054.000000315863,-1487544.7992378576,390118.8327417455,301.30655142203375,1355.395380972657,1.0280374236869696,232,24:31
3030000,6064.0000003179,-1490646.8032090105,388328.8547099386,299.92406982253107,1354.2148920052873,1.028933578975078,232,24:27
3035000,6074.0000003199375,-1489035.7908095662,390026.4795583375,301.2352228501472,1354.4394437852952,1.0287629926356672,232,24:23
3040000,6084.000000321975,-1490808.835945732,389699.67505856196,300.9828168431761,1354.8781864748541,1.0284298540208359,232,24:19
3045000,6094.000000324012,-1490322.634438267,386632.8082050345,298.6141358215177,1355.6231588379387,1.0278646882418199,232,24:16
3050000,6104.000000326049,-1489600.3017015988,388648.34929112904,300.17083004628125,1351.0120592024073,1.031372863063091,232,24:12
3055000,6114.000000328087,-1492349.4934527408,389678.9675266807,300.96682347270547,1352.936148527976,1.0299060876216481,232,24:09
3060000,6124.000000330124,-1492088.711254675,388078.3286159561,299.7305771042006,1351.5753820325217,1.0309429973760953,232,24:05
3065000,6134.000000332161,-1490934.106348997,389805.92736676463,301.0648803424955,1350.4899215011137,1.0317716210599648,232,24:01
3070000,6144.000000334198,-1491961.085170649,389487.0459889712,300.8185937236712,1351.3683743084719,1.0311009211277304,232,23:57
3075000,6154.000000336236,-1492961.5159215983,389158.8177786622,300.5650881201796,1354.363287792745,1.028820840088791,232,23:54
3080000,6164.000000338273,-1490710.4608043637,387202.5197235907,299.0541499878556,1352.9712042040755,1.0298794026086129,232,23:50
3085000,6174.00000034031,-1490853.4594513485,389835.96637715184,301.0880808390321,1353.9429600293997,1.0291402346093608,232,23:46
3090000,6184.000000342347,-1493412.7586109973,389298.82492420846,300.67322201851647,1350.980929177238,1.031396628508252,232,23:42
3095000,6194.000000344385,-1490062.989499854,389155.30295225175,300.56237345957953,1353.6867855187245,1.0293349912538354,232,23:38
3100000,6204.000000346422,-1490935.054076001,390811.78603848256,301.84175082952964,1352.9345938977165,1.0299072710662696,232,23:35
3105000,6214.000000348459,-1491274.0488037774,387696.06639362837,299.43533857101056,1353.2233761484235,1.0296874855194038,232,23:31
3110000,6224.0000003504965,-1489669.2183397915,387840.7650977243,299.54709597379974,1351.7212692811656,1.0308317307704613,232,23:28
3115000,6234.000000352534,-1492260.4716039002,387321.41964906955,299.14598181832275,1352.519957102152,1.0302230057423911,232,23:24
3120000,6244.000000354571,-1491404.9910778785,388717.3005934615,300.22408427903855,1352.9669159858122,1.0298826668034806,232,23:20
3125000,6254.000000356608,-1492494.7311793528,389175.38012953557,300.5778799784706,1350.8014079281481,1.0315337009231682,232,23:16
3130000,6264.000000358646,-1489867.586549162,389579.81524676876,300.89024364876843,1354.1565804249997,1.028977886069153,232,23:13
3135000,6274.000000360683,-1489546.847521725,387833.02918413235,299.54112117522334,1355.057065006524,1.028294092932271,232,23:09
3140000,6284.00000036272,-1490482.9651769595,389736.33515921875,301.0111311094371,1353.9781546904871,1.029113483629928,232,23:05
3145000,6294.000000364757,-1490922.0104838908,390227.5014803116,301.3904812406345,1353.4058264768069,1.0295486751077818,232,23:01
3150000,6304.000000366795,-1490075.4527221406,389552.01860077924,300.86877503243596,1354.47961113565,1.0287324844735528,232,22:58
3155000,6314.000000368832,-1492073.8527744925,387530.2832130549,299.30729666626246,1352.9948830287697,1.029861378642568,232,22:54
3160000,6324.000000370869,-1489361.531064285,389306.94781927427,300.67949570051906,1352.4571154025318,1.0302708748865816,232,22:50
3165000,6334.0000003729065,-1490063.1762193497,389511.04637789715,300.837130317686,1356.202423995207,1.027425663661307,232,22:47
3170000,6344.000000374944,-1492694.349249403,388529.7904394353,300.07926164264035,1353.0199152186144,1.0298423252012594,232,22:43
3175000,6354.000000376981,-1491736.9532779949,389879.1231613138,301.12141279000446,1352.1996451082812,1.0304670472094146,232,22:39
3180000,6364.000000379018,-1492287.798699866,388643.50183749245,300.1670861369494,1352.5533896119516,1.030197540617687,232,22:35
3185000,6374.0000003810555,-1489699.1510985186,388486.7648433162,300.0460310141716,1355.2997646808901,1.0281099516463275,232,22:32
3190000,6384.000000383093,-1489747.1747985594,387437.5666358762,299.2356874288077,1352.0153795163978,1.0306074891180252,232,22:28
3195000,6394.00000038513,-1490082.1965558967,387173.14479027677,299.0314623883033,1354.6843496412307,1.0285770082908028,232,22:24
3200000,6404.000000387167,-1490688.466195548,388890.96127109416,300.3582103337265,1356.829410554775,1.026950893526565,232,22:20
3205000,6414.000000389205,-1490259.435052867,388228.5663427713,299.8466125466375,1353.7008726454467,1.0293242796019821,232,22:17
3210000,6424.000000391242,-1491347.5190517707,388154.87512781593,299.78969746337367,1355.846546975442,1.0276953381196958,232,22:13
3215000,6434.000000393279,-1491147.6603100086,388354.02978716086,299.94351368184516,1353.3721586522558,1.0295742871790357,232,22:09
3220000,6444.000000395316,-1490742.3602603087,387825.18209963717,299.53506051429264,1349.149077336797,1.0327970414380723,232,22:06
3225000,6454.000000397354,-1488407.242036554,388677.5797545614,300.1934060651609,1351.2628677579794,1.031181429446277,232,22:02
3230000,6464.000000399391,-1492627.724154735,388661.9055217748,300.18130014093794,1353.244383690467,1.0296715008211452,232,21:58
3235000,6474.000000401428,-1488934.1798725137,386720.88825524866,298.682164057921,1353.9897572774246,1.0291046649674545,232,21:54
3240000,6484.0000004034655,-1490305.083921928,390477.1475704282,301.5832942918794,1356.0637644271274,1.027530719487216,232,21:51
3245000,6494.000000405503,-1490329.5453666616,389647.91170787707,300.94283764869505,1348.699468561692,1.0331413394996918,232,21:47
3250000,6504.00000040754,-1490397.8191031702,389752.29959632154,301.02346117167747,1352.008455436426,1.0306127671979408,232,21:43
3255000,6514.000000409577,-1493138.444498267,389996.600304608,301.2121457409571,1351.8451547026643,1.0307372635727825,232,21:40
3260000,6524.000000411615,-1492652.5694627333,389902.6336187661,301.13957098761693,1351.1390026896124,1.0312759625461305,232,21:36
3265000,6534.000000413652,-1492679.3245599102,390585.57354145485,301.667036610047,1354.2572514916765,1.0289013952094854,232,21:32
3270000,6544.000000415689,-1490699.9008825365,390339.86963149835,301.47726828417655,1352.1276237695718,1.0305219352354644,232,21:28
3275000,6554.000000417726,-1490434.0179601358,389478.8597000638,300.812271079716,1354.6700789887275,1.028587843744605,232,21:25
3280000,6564.000000419764,-1490625.4416216929,390207.31461406266,301.3748900039573,1352.9248762496136,1.0299146685771103,232,21:21
3285000,6574.000000421801,-1490374.4951050011,387922.2912809255,299.61006236006295,1350.96575917607,1.0314082100660769,232,21:17
3290000,6584.000000423838,-1489022.0932966145,388110.702897134,299.7555812367823,1353.7587701433401,1.0292802575046747,232,21:13
3295000,6594.000000425875,-1487383.2018397478,389412.6413411816,300.7611276237198,1355.2923914923579,1.0281155448663242,232,21:09
3300000,6604.000000427913,-1491661.4279777315,388880.598378903,300.350206599872,1354.1189544369781,1.0290064775820984,232,21:06
3305000,6614.00000042995,-1487883.7646937864,390352.94612804847,301.4873678583307,1355.3990622529368,1.0280346315248676,232,21:02
3310000,6624.000000431987,-1490401.4539751727,388015.9411013545,299.68239238380585,1356.0388303052594,1.0275496131764013,232,20:59
3315000,6634.0000004340245,-1488774.466764601,388562.2457794537,300.1043283806583,1351.7814240034002,1.030785858416149,232,20:55
3320000,6644.000000436062,-1490756.6726843603,389171.1382402724,300.5746037740987,1351.913127324548,1.0306854393003035,232,20:51
3325000,6654.000000438099,-1491596.9018310485,387665.61585318577,299.41182023105955,1351.2596809750555,1.0311838613632633,232,20:47
3330000,6664.000000440136,-1490234.8698002016,388827.4770664782,300.30917858965984,1356.4626848558037,1.0272285342522867,232,20:43
3335000,6674.000000442174,-1487621.0201093312,388927.10065346357,300.38612242552614,1356.1499596367435,1.0274654109089694,232,20:40
3340000,6684.000000444211,-1490135.1234948337,387851.01719180064,299.55501413322133,1351.9542430903937,1.0306540939930202,232,20:36
3345000,6694.000000446248,-1492493.4932878315,389996.10411254753,301.2117625092184,1352.8443604299719,1.0299759649288025,232,20:32
3350000,6704.000000448285,-1492178.2064206842,390202.5285731094,301.3711935264393,1352.3596025990096,1.0303451632646168,232,20:28
3355000,6714.000000450323,-1492030.4568379344,387858.0346047148,299.5604340009837,1353.8623910479344,1.0292014792240542,232,20:25
3360000,6724.00000045236,-1489866.3592494475,387778.5359966351,299.4990336033792,1356.719027122857,1.0270344468355206,232,20:21
3365000,6734.000000454397,-1488386.7870691111,389659.6289459817,300.95188740561315,1354.232629436052,1.0289201022372398,232,20:18
3370000,6744.0000004564345,-1488382.2516925,386233.2522068162,298.3055405171663,1353.7326778877894,1.0293000961655498,232,20:14
3375000,6754.000000458472,-1492267.616437737,388382.4652298647,299.96547566998873,1351.6108763589834,1.0309159240312795,232,20:10
3380000,6764.000000460509,-1492430.3632630156,389504.17345179024,300.8318220436688,1354.6952052805045,1.0285687659489653,232,20:06
3385000,6774.000000462546,-1491052.7777588405,389472.7226427991,300.80753115073765,1354.1789830528285,1.0289608633499154,232,20:03
3390000,6784.0000004645835,-1492095.983185064,385530.33953019517,297.762649026758,1353.6322707097358,1.0293764456441064,232,19:59
3395000,6794.000000466621,-1489471.3275666526,388860.90357335453,300.3349954040961,1353.1061889694968,1.029776662682725,232,19:55
3400000,6804.000000468658,-1489224.3734080829,389424.3156050191,300.7701441896532,1355.5366297882965,1.0279303007473617,232,19:51
3405000,6814.000000470695,-1487764.1260100035,388340.83425974904,299.93332217473255,1356.5081400710635,1.0271941128634532,232,19:48
3410000,6824.000000472733,-1490277.7806593683,387387.4263266484,299.1969617832025,1354.031838875293,1.0290726816953981,232,19:44
3415000,6834.00000047477,-1489176.0566740232,388551.7596228437,300.0962294440762,1355.5066671911861,1.0279530224810165,232,19:40
3420000,6844.000000476807,-1490203.3169446085,386652.22034795035,298.6291287040622,1357.2402836860053,1.026640007875502,232,19:37
3425000,6854.000000478844,-1489497.3724336764,387741.0930714947,299.47011472609785,1352.4619957943514,1.0302671571292137,232,19:33
3430000,6864.000000480882,-1490340.447921222,388769.033882548,300.2640402555774,1352.1224706525231,1.030525862690461,232,19:29
3435000,6874.000000482919,-1492307.8281019544,388464.6334459627,300.02893792751416,1349.952967854899,1.0321820157530994,232,19:25
3440000,6884.000000484956,-1489813.3015977703,388523.6396238065,300.07451108745056,1355.0969426800195,1.0282638323842586,232,19:22
3445000,6894.0000004869935,-1489851.9743265845,389880.21386173216,301.1222551876384,1354.9343512636221,1.0283872235085456,232,19:18
3450000,6904.000000489031,-1489818.0072915964,389469.97517047863,300.80540915266806,1351.5623229280552,1.030952958583265,232,19:14
3455000,6914.000000491068,-1489261.6893824628,388660.11495660903,300.1799172058681,1352.848550510795,1.0299727748580905,232,19:11
3460000,6924.000000493105,-1491349.8832692765,389328.7757585904,300.6963544127062,1353.5389399009205,1.029447424419386,232,19:07
3465000,6934.000000495143,-1491117.1212288933,386668.9588637992,298.6420566225913,1353.390641356438,1.0295602267027755,232,19:03
3470000,6944.00000049718,-1489816.9231983786,389129.1507434554,300.54217491702497,1357.288591932893,1.0266034679832048,232,19:00
3475000,6954.000000499217,-1491001.756647312,387505.87137150695,299.2884422886386,1354.2147972444777,1.0289336509744234,232,18:56
3480000,6964.000000501254,-1491287.1995754167,388055.7066408679,299.7131051220041,1353.2648685629213,1.0296559143015702,232,18:52
3485000,6974.000000503292,-1490887.8738215035,389112.65999285155,300.52943835888476,1353.929675069556,1.0291503326867886,232,18:48
3490000,6984.000000505329,-1490254.7786767352,387947.2355081383,299.6293279233954,1352.947237842172,1.0298976460861038,232,18:45
3495000,6994.000000507366,-1489555.0023395661,389361.3640459763,300.72152383203417,1353.0158998145812,1.0298453815090434,232,18:41
3500000,7004.000000509403,-1490191.5960696144,388383.22143884737,299.9660597246449,1352.9587184028298,1.029888906867208,232,18:37
3505000,7014.000000511441,-1489976.6381034069,389814.0552153763,301.0711578503473,1352.3116961195112,1.030381663880253,232,18:34
3510000,7024.000000513478,-1489568.9530173019,390315.4657723033,301.4584200716876,1352.7733359788526,1.0300300415990244,232,18:30
3515000,7034.000000515515,-1487674.5250550294,388269.8853726316,299.87852511622003,1354.1295604436257,1.0289984180508243,232,18:26
3520000,7044.0000005175525,-1488911.6054934775,389271.70529230946,300.6522762910162,1354.208953649542,1.0289380909623997,232,18:22
3525000,7054.00000051959,-1490907.770296677,388335.73479064205,299.92938362236913,1355.2313192601805,1.028161875932002,232,18:19
3530000,7064.000000521627,-1489961.917512671,390282.4742996457,301.43293925400206,1352.370891611993,1.03033656238449,232,18:15
3535000,7074.000000523664,-1491622.2329139924,389661.5091787635,300.9533395950688,1353.3288089122775,1.0296072664353284,232,18:11
3540000,7084.000000525702,-1488452.953618179,388139.425803757,299.7777652464097,1354.3232132810488,1.0288512829641585,232,18:07
3545000,7094.000000527739,-1489792.5829743864,389000.8757262442,300.44310227600965,1350.5445573170407,1.031729881093622,232,18:04
3550000,7104.000000529776,-1489482.7809368335,389254.0851858583,300.6386674798928,1356.9645099963627,1.0268486502540026,232,18:00
3555000,7114.000000531813,-1490657.4932787195,389020.25520779495,300.4580699326936,1354.9820052042212,1.0283510557192512,232,17:56
3560000,7124.000000533851,-1486799.52957822,390014.97037517023,301.2263337835379,1354.8938239246515,1.0284179844411474,232,17:53
3565000,7134.000000535888,-1490524.680331977,390219.3391147675,301.3841770737829,1351.256004487039,1.0311866670012004,232,17:49
3570000,7144.000000537925,-1488467.0910730697,390049.39520131657,301.25292164543765,1355.630612928962,1.027859036409475,232,17:45
3575000,7154.0000005399625,-1490803.882997728,388425.2334679625,299.99850752913045,1353.8997131825006,1.0291731078493287,232,17:41
3580000,7164.000000542,-1488665.373882926,390834.6164814668,301.8593838209817,1352.740564709467,1.0300549949366038,232,17:38
3585000,7174.000000544037,-1491543.8062536865,389286.28936156654,300.6635402322689,1353.2129820446032,1.0296953946059773,232,17:34
3590000,7184.000000546074,-1490110.9051355226,388643.55552085553,300.167127599057,1354.8738637182953,1.0284331352501928,232,17:30
3595000,7194.0000005481115,-1492017.217434614,389051.71606387163,300.48236858544675,1354.220868756597,1.0289290378546023,232,17:26
3600000,7204.000000550149,-1489689.3402606612,389879.1432686944,301.1214283198507,1354.346783069389,1.028833377795943,232,17:23
3605000,7214.000000552186,-1491092.2594834492,389257.21748140745,300.64108669447745,1353.5950563538343,1.0294047462656442,232,17:19
3610000,7224.000000554223,-1489895.0898523163,388212.27099166566,299.83402690443376,1351.6231132310409,1.0309065906704182,232,17:15
3615000,7234.000000556261,-1491348.0966511108,388553.7401653823,300.09775910732793,1354.1494547195264,1.0289833006807594,232,17:12
3620000,7244.000000558298,-1491206.1442610733,389100.52413809416,300.52006528525015,1352.956506457601,1.0298905906300213,232,17:08
3625000,7254.000000560335,-1488311.3032156462,389843.0571592831,301.0935573731841,1355.3990646057866,1.0280346297402927,232,17:04
3630000,7264.000000562372,-1489494.6426147819,389896.73425641324,301.13501464125034,1354.2927962660572,1.0288743906591744,232,17:00
3635000,7274.00000056441,-1489712.1012781681,389787.7371525844,301.0508312111943,1353.635246917739,1.0293741823767877,232,16:56
3640000,7284.000000566447,-1491207.7722564163,389676.8428733509,300.9651825061229,1353.857729017181,1.0292050232958163,232,16:53
3645000,7294.000000568484,-1489968.1521221958,390411.33891093597,301.5324672653911,1352.0221295029028,1.0306023437979217,232,16:49
3650000,7304.0000005705215,-1493064.9811342442,388782.24881245766,300.2742467481232,1351.6379554208677,1.03089527039693,232,16:45
3655000,7314.000000572559,-1492669.5962885907,387899.54816577723,299.59249681587795,1350.8973736413186,1.0314604223239199,232,16:42
3660000,7324.000000574596,-1490486.4546170272,387979.75509630213,299.65444428318364,1352.3604796582194,1.0303444950450642,232,16:38
3665000,7334.000000576633,-1490901.8559722714,387873.293858123,299.572219417723,1351.7033868014773,1.0308453682501537,232,16:34
3670000,7344.000000578671,-1490334.5534826778,388304.97074126743,299.90562314518405,1353.1885024313826,1.0297140221253138,232,16:31
3675000,7354.000000580708,-1492194.321364414,388900.34645373496,300.36545893794306,1351.8476540485394,1.0307353579076577,232,16:27
3680000,7364.000000582745,-1490529.0992278215,390084.6356571234,301.2801394552908,1350.8153872825292,1.031523025759636,232,16:23
3685000,7374.000000584782,-1490114.5024120482,389099.5530780036,300.5193152912931,1354.9188471882383,1.0283989911454563,232,16:19
3690000,7384.00000058682,-1490289.2512378115,389259.0092837058,300.64247058504117,1349.7375549146655,1.0323467480464703,232,16:16
3695000,7394.000000588857,-1490500.523425839,387563.65433946624,299.33307070784207,1353.6127950418654,1.0293912562264549,232,16:12
3700000,7404.000000590894,-1490358.928585546,389299.63365709083,300.6738466397737,1353.413695798788,1.0295426888745665,232,16:08
3705000,7414.000000592931,-1489177.7339351075,390317.0052873943,301.4596091093449,1353.3125827504873,1.0296196113837892,232,16:05
3710000,7424.000000594969,-1490548.9429621035,388398.8707336426,299.97814638812076,1350.867683727816,1.0314830921761113,232,16:01
3715000,7434.000000597006,-1491047.1836865926,387761.5666208359,299.48592738119066,1354.0181759908116,1.0290830656779932,232,15:57
3720000,7444.000000599043,-1491234.5665117744,388830.32001026755,300.3113743246953,1349.7566690578917,1.0323321288013472,232,15:53
3725000,7454.0000006010805,-1492111.0502277622,388700.0611136989,300.210769443251,1352.0879472807537,1.0305521754961828,232,15:50
3730000,7464.000000603118,-1489330.4659575392,388316.49060498236,299.9145204608671,1353.2583622840418,1.0296608647446748,232,15:46
3735000,7474.000000605155,-1492176.8705609404,389403.9581857591,300.7544212271139,1353.166670648712,1.0297306353727664,232,15:42
3740000,7484.000000607192,-1490406.6008130042,388968.1430103818,300.41782130798805,1356.0686783673898,1.0275269960588576,232,15:38
3745000,7494.00000060923,-1490633.6403584015,389471.9387958942,300.8069257500548,1352.4459081815776,1.030279412361735,232,15:35
3750000,7504.000000611267,-1489128.2885615071,387890.9706502342,299.5858720097647,1353.8166680561123,1.029236238857266,232,15:31
3755000,7514.000000613304,-1490251.4630576773,388536.3000883325,300.0842893411147,1352.9858469344829,1.0298682567075095,232,15:27
3760000,7524.000000615341,-1491406.172582184,388592.71930925176,300.1278644763361,1355.277354587486,1.0281269518861442,232,15:24
3765000,7534.000000617379,-1489361.9221854564,389523.47747437924,300.8467314199581,1353.6624675766752,1.0293534827975297,232,15:20
3770000,7544.000000619416,-1491738.8546948712,390468.7906456693,301.5768398580805,1351.826925489952,1.030751162932585,232,15:16
3775000,7554.000000621453,-1492014.2525626533,389625.9225190267,300.9258543961447,1351.028371067247,1.031360410611979,232,15:12
3780000,7564.00000062349,-1490305.974285693,390552.8542800379,301.6417660335066,1353.8854558642295,1.0291839457296612,232,15:09
3785000,7574.000000625528,-1490583.8744203048,387307.752799977,299.135426287999,1351.9931520271432,1.0306244328553926,232,15:05
3790000,7584.000000627565,-1490117.6324286852,389859.95447652705,301.10660794126693,1353.9407533210085,1.0291419119444922,232,15:01
3795000,7594.000000629602,-1489059.7381517338,387688.5831997539,299.42955895938786,1351.1011952619372,1.03130482040778,232,14:57
3800000,7604.0000006316395,-1491989.9351882488,388346.5515741065,299.9377379171369,1349.388363420474,1.0326138962695068,232,14:54
3805000,7614.000000633677,-1488053.326032375,389560.90043839964,300.8756348803569,1354.134578294485,1.028994605017261,232,14:50
3810000,7624.000000635714,-1489580.143791548,388356.2821574065,299.9452532900217,1354.855001643517,1.0284474529319212,232,14:46
3815000,7634.000000637751,-1490538.680682648,388068.37078358745,299.7228862165048,1354.6254817273878,1.0286217071271393,232,14:43
3820000,7644.000000639789,-1492444.2119074762,389525.83999429515,300.84855610174424,1351.257683460888,1.0311853857241586,232,14:39
3825000,7654.000000641826,-1490827.7999703689,389197.29764356976,300.59480787329437,1352.0595422890985,1.0305738260411696,232,14:35
3830000,7664.000000643863,-1490195.1973135415,388815.63147579844,300.30002970019916,1354.402538486966,1.028791024778309,232,14:31
3835000,7674.0000006459,-1493761.1375063732,388253.53405370394,299.86589624751696,1351.868723052547,1.0307192937980174,232,14:28
3840000,7684.000000647938,-1492564.690762016,387921.43977587094,299.609404703908,1353.6552317293076,1.0293589851178504,232,14:24
3845000,7694.000000649975,-1490409.8800065154,390401.15808129334,301.5246041467391,1354.5758604398723,1.0286593879503139,232,14:20
3850000,7704.000000652012,-1490379.6693459703,387492.84805044445,299.2783837843367,1352.0835387738327,1.0305555356409282,232,14:16
3855000,7714.0000006540495,-1491059.2104333062,390443.3510721642,301.5571917162346,1353.3072726794621,1.0296236513777919,232,14:13
3860000,7724.000000656087,-1490903.4015640495,388741.244787971,300.2425774715449,1352.34086826536,1.0303594369070954,232,14:09
3865000,7734.000000658124,-1491431.1145259999,388686.2432642672,300.20009728848464,1352.024865665524,1.0306002581146758,232,14:05
3870000,7744.000000660161,-1491921.5965737859,387402.145771574,299.2083302812527,1354.2423093179193,1.0289127477003361,232,14:02
3875000,7754.0000006621985,-1490253.9999112068,387181.8201590637,299.03816277093574,1352.5264888770785,1.0302180304721447,232,13:58
3880000,7764.000000664236,-1489282.0369840516,387908.88230478315,299.59970599676933,1351.594496886407,1.0309284173191298,232,13:54
3885000,7774.000000666273,-1490128.699768832,388611.35792428185,300.14225992804626,1354.7077770145718,1.0285592207959702,232,13:50
3890000,7784.00000066831,-1491751.2689697603,388843.7993258375,300.32178501433407,1348.3221586299155,1.033430450292559,232,13:47
3895000,7794.000000670348,-1490507.3684529057,388255.3677908159,299.86731252624804,1351.743164496066,1.0308150336027864,232,13:43
3900000,7804.000000672385,-1491021.8872009413,389409.79263621365,300.7589274390636,1352.0449164616462,1.030584974335707,232,13:39
3905000,7814.000000674422,-1490713.1202582326,389576.71411824,300.8878485058937,1354.682057392216,1.0285787487395088,232,13:36
3910000,7824.000000676459,-1489752.7735587358,387442.5091218469,299.2395047359415,1354.407136235613,1.0287875323849098,232,13:32
3915000,7834.000000678497,-1489355.4401654107,388758.036892151,300.25554677878404,1353.148678392252,1.0297443272737172,232,13:28
3920000,7844.000000680534,-1491009.2317055548,388485.6763605131,300.0451903293029,1354.4378702112465,1.0287641878434972,232,13:24
3925000,7854.000000682571,-1490683.3329917882,388414.75177385285,299.9904120391408,1353.3590293180496,1.0295842753821758,232,13:21
3930000,7864.0000006846085,-1492897.2907654773,389471.4486074334,300.80654715516965,1353.9335314738084,1.0291474013614115,232,13:17
3935000,7874.000000686646,-1489507.8169581387,387674.69615466427,299.4188333616617,1352.373743231727,1.0303343898134176,232,13:13
3940000,7884.000000688683,-1490931.6296908176,387834.3932250213,299.5421746861584,1352.1837297701748,1.0304791759099032,232,13:09
3945000,7894.00000069072,-1490067.8868984226,388253.15587380994,299.865604161952,1354.3878912518844,1.0288021507962593,232,13:06
3950000,7904.000000692758,-1492291.890156907,387548.3740640511,299.32126905484887,1353.1709301560625,1.0297273939897948,232,13:02
3955000,7914.000000694795,-1492111.8905530963,388958.05683578295,300.41003129573954,1351.8962787080948,1.0306982846819532,232,12:58
3960000,7924.000000696832,-1492474.7870230488,388268.3384653013,299.87733036919957,1353.6369834020882,1.0293728618660607,232,12:55
3965000,7934.000000698869,-1491136.0942380587,389462.22627010907,300.79942432381154,1351.4635470146525,1.0310283089842318,232,12:51
3970000,7944.000000700907,-1489472.2234401358,387137.9650959262,299.00429150729155,1354.4978642201127,1.0287186213723811,232,12:47
3975000,7954.000000702944,-1490206.4305017712,390157.57828331273,301.3364763693391,1350.072503312395,1.032090626328332,232,12:43
3980000,7964.000000704981,-1489733.2373399287,387373.3670891336,299.1861031934199,1352.279561862634,1.0304061488684184,232,12:40
3985000,7974.000000707018,-1490122.477240011,387875.57186394744,299.5739788254251,1353.51496246557,1.0294656610179833,232,12:36
3990000,7984.000000709056,-1493112.8494446753,389988.56032311154,301.20593609688234,1352.8372860362767,1.0299813509833913,232,12:32
3995000,7994.000000711093,-1492960.683788444,387997.3351716379,299.66802217645255,1354.3725534283533,1.028813801642105,232,12:28
4000000,8004.00000071313,-1491493.5163240125,387480.71053214074,299.26900942586946,1353.0058270580573,1.0298530484248671,232,12:25
4005000,8014.0000007151675,-1491253.246297801,387235.79663070594,299.07985125957947,1351.9471751626131,1.0306594822129422,232,12:21
4010000,8024.000000717205,-1490368.9298605546,388379.55833635,299.9632305436663,1352.0828288315827,1.030556076757863,232,12:17
4015000,8034.000000719242,-1491725.861530886,388074.6521571964,299.727737607572,1350.7199853141665,1.0315958827012217,232,12:14
4020000,8044.000000721279,-1491035.7326909825,389136.17651755956,300.5476012425153,1350.858445945556,1.031490145924962,232,12:10
4025000,8054.000000723317,-1491799.431842044,389465.1966334581,300.8017184707792,1353.1234742622755,1.0297635079400502,232,12:06
4030000,8064.000000725354,-1492281.2183606569,390177.1145842616,301.3515651447901,1350.6204344490677,1.031671919061946,232,12:02
4035000,8074.000000727391,-1491020.9706431655,389530.69615704403,300.8523067375203,1351.238444425211,1.0312000678200595,232,11:59
4040000,8084.000000729428,-1491942.9238401884,388506.4624175806,300.06124434835306,1351.757367200548,1.0308042029895024,232,11:55
4045000,8094.000000731466,-1490674.4057232374,389168.9166113978,300.5728879088839,1351.2666272373235,1.0311785605044963,232,11:51
4050000,8104.000000733503,-1492214.2558008982,389712.9167744688,300.99304402376816,1352.2016766636586,1.0304654990299478,232,11:47
4055000,8114.00000073554,-1489883.0547515592,389179.71416915196,300.58122735475945,1352.0390960696602,1.0305894109001104,232,11:44
4060000,8124.0000007375775,-1491633.3463515667,389085.31907198747,300.5083217198331,1352.5401957205852,1.0302075900893994,232,11:40
4065000,8134.000000739615,-1491145.4436013978,390262.0348318201,301.4171529216168,1351.9434535292255,1.0306623194149942,232,11:36
4070000,8144.000000741652,-1490880.7580256062,389424.9001780716,300.77059568205937,1350.9214914264692,1.0314420078261015,232,11:33
4075000,8154.000000743689,-1489742.121130336,390600.29208494443,301.67840441187707,1354.6150293177884,1.0286296441241258,232,11:29
4080000,8164.0000007457265,-1492567.1227664715,388377.6543419778,299.9617600020516,1351.3350658636396,1.0311263362664442,232,11:25
4085000,8174.000000747764,-1490060.664786553,387365.0770002522,299.1797003800149,1351.730183303069,1.0308249329222368,232,11:21
4090000,8184.000000749801,-1491358.2381847529,389151.96148915676,300.5597926953679,1353.5463170152532,1.029441813712716,232,11:18
4095000,8194.000000751837,-1491942.149363407,389485.49856904487,300.8173985807494,1349.8715680486875,1.0322442582790152,232,11:14
4100000,8204.000000753875,-1491289.266460848,388116.4571981481,299.7600255456669,1354.3329208054554,1.0288439084118703,232,11:10
4105000,8214.000000755912,-1491070.2321342183,388419.4603337458,299.9940486745053,1352.8866438371715,1.02994377384071,232,11:07
4110000,8224.00000075795,-1492251.8472039802,389073.1489323756,300.49892216644315,1352.3401928421108,1.0303599515177846,232,11:03
4115000,8234.000000759987,-1489971.5462277466,386737.52977322426,298.6950170605725,1352.6262473211275,1.0301420501723726,232,10:59
4120000,8244.000000762024,-1491414.6194842951,388961.56728724396,300.4127425773668,1352.1365331292639,1.0305151450257728,232,10:55
4125000,8254.000000764061,-1490694.163864554,387325.2659333368,299.1489524789294,1354.6690452631062,1.0285886286430357,232,10:52
4130000,8264.000000766098,-1489795.1936493302,388633.2412576189,300.15916142356,1351.9858754412335,1.0306299798269714,232,10:48
4135000,8274.000000768136,-1490776.4471040955,389836.2690561797,301.08831461183775,1350.4958635275696,1.031767081383514,232,10:44
4140000,8284.000000770173,-1490185.4434154881,388989.21556854644,300.43409660489084,1353.4147657092365,1.0295418749936278,232,10:40
4145000,8294.00000077221,-1490975.6556977276,389333.73338717245,300.70018341516885,1355.081772317643,1.028275343966271,232,10:37
4150000,8304.000000774247,-1489537.1818896225,387224.12101096916,299.0708336464233,1353.3301560063433,1.0296062415724503,232,10:33
4155000,8314.000000776285,-1492328.2672824562,388575.30317278474,300.1144132005258,1352.7390380087782,1.0300561574562226,232,10:29
4160000,8324.000000778322,-1492483.807356201,389112.579934104,300.52937652586587,1350.1510153409165,1.0320306096874006,232,10:25
4165000,8334.00000078036,-1493353.7371295104,388886.2298292024,300.3545560255517,1348.7928965216813,1.0330697760387786,232,10:22
4170000,8344.000000782396,-1491206.5128050186,391310.2658265156,302.22674948450424,1351.2090058029444,1.031222534447463,232,10:18
4175000,8354.000000784434,-1490802.1357297944,388065.17884561984,299.7204209373625,1350.1295858381584,1.0320469902652565,232,10:14
4180000,8364.000000786471,-1490726.368370599,388324.14620355703,299.9204332284958,1351.6457740317433,1.0308893071711147,232,10:11
4185000,8374.000000788508,-1490141.5466862014,387935.4321792832,299.62021167466776,1351.2642188978484,1.0311803983597418,232,10:07
4190000,8384.000000790546,-1490846.4429746196,387404.9737312378,299.2105144433653,1349.1842200304998,1.0327701397966615,232,10:03
4195000,8394.000000792583,-1492870.8032504655,389622.74447641073,300.9233998490157,1352.029721469116,1.0305965567223498,232,9:59
4200000,8404.00000079462,-1489833.9046030948,390047.72796316794,301.25163396144296,1352.8284200784924,1.0299881011159586,232,9:56
4205000,8414.000000796657,-1490991.2102678344,388344.5614371365,299.9362008436686,1352.326832091142,1.030370131292669,232,9:52
4210000,8424.000000798695,-1494431.1424858626,389372.110617809,300.72982389915927,1352.63680051798,1.0301340130615697,232,9:48
4215000,8434.000000800732,-1492120.380182976,387061.4238933623,298.94517524872964,1350.0748377071523,1.0320888417554477,232,9:45
4220000,8444.00000080277,-1491027.956303467,387411.5191048017,299.21556973362755,1351.246374034526,1.0311940163598514,232,9:41
4225000,8454.000000804806,-1492845.0487336125,386327.62125209125,298.3784260310314,1352.2628506051467,1.030418882622409,232,9:37
4230000,8464.000000806844,-1491525.9493301306,390013.4046144545,301.22512447518864,1353.2129135016091,1.0296954467621493,232,9:33
4235000,8474.000000808881,-1490200.2075651865,388412.9903155738,299.9890515846459,1351.2592289579602,1.0311842063102012,232,9:30
4240000,8484.000000810918,-1490558.2402524957,390071.64678391983,301.27010755664,1353.7005782274198,1.0293245034710032,232,9:26
4245000,8494.000000812955,-1492429.7537041334,387995.31670252216,299.66646322077713,1352.6892444829195,1.0300940746113423,232,9:22
4250000,8504.000000814993,-1490631.0963119948,389132.9320028102,300.54509535592865,1356.94247591106,1.026865324262779,232,9:18
4255000,8514.00000081703,-1492868.7990673613,388553.28078208794,300.09740430467656,1355.7877882353202,1.027739877599857,232,9:15
4260000,8524.000000819067,-1491465.4006923763,390144.96559364424,301.32673501437426,1351.7313124074476,1.0308240718717199,232,9:11
4265000,8534.000000821105,-1494503.9905125927,387870.14489199757,299.5697873276925,1351.5971181915193,1.030926417923086,232,9:07
4270000,8544.000000823142,-1492480.8920595776,388508.1647813893,300.06255916149564,1351.4786272220358,1.0310168044584447,232,9:03
4275000,8554.000000825179,-1491053.7898505554,386489.22651536204,298.5032411398678,1353.2788604695402,1.0296452684178403,232,9:00
4280000,8564.000000827216,-1490965.3896949692,386592.3170440245,298.5828626527725,1351.8734741969276,1.0307156713464536,232,8:56
4285000,8574.000000829254,-1491825.1360586518,387847.81782688975,299.5525431179123,1354.3679913853234,1.0288172670908329,232,8:52
4290000,8584.00000083129,-1491253.706521714,388276.77638919617,299.883847362322,1354.7930984227378,1.0284944447639675,232,8:48
4295000,8594.000000833328,-1491523.1182943964,388516.1510872996,300.0687273494693,1350.758109144517,1.031566766913461,232,8:45
4300000,8604.000000835365,-1492198.7884141458,388169.3654163325,299.8008889734871,1350.7042791932752,1.0316078781986036,232,8:41
4305000,8614.000000837403,-1491173.8351027118,387043.8441922412,298.9315976444838,1353.9121208221354,1.0291636762113017,232,8:37
4310000,8624.00000083944,-1489638.5747040361,386253.77447013557,298.3213907962843,1353.8852112496072,1.029184131678544,232,8:34
4315000,8634.000000841477,-1492412.9917755611,388555.5466669785,300.09915435082917,1352.3562648221766,1.0303477062795794,232,8:30
4320000,8644.000000843514,-1488379.9633217799,388763.6716314651,300.2598987447195,1353.982036130671,1.0291105334855963,232,8:26
4325000,8654.000000845552,-1490717.4758151285,391183.8833069516,302.1291385056591,1350.6086259586,1.031680939060625,232,8:22
4330000,8664.000000847589,-1492226.1646291213,389377.44929691113,300.7339472043022,1351.2348322912565,1.0312028244340021,232,8:19
4335000,8674.000000849626,-1490794.5487583643,388463.07542898133,300.02773460000395,1353.8422636876453,1.0292167802007914,232,8:15
4340000,8684.000000851664,-1489475.589855154,390159.5628445705,301.33800913643074,1355.8588314217818,1.0276860269230268,232,8:11
4345000,8694.0000008537,-1489560.3411787376,388107.05067865073,299.75276046202373,1351.7567999810713,1.030804635531969,232,8:07
4350000,8704.000000855738,-1490474.6497919103,389547.7157695112,300.86545175977665,1350.1586040670645,1.032024809037277,232,8:04
4355000,8714.000000857775,-1490585.5525156101,388284.1999825046,299.88958094171164,1353.1633434248363,1.0297331673245607,232,8:00
4360000,8724.000000859813,-1491872.3873892007,388644.4498044519,300.16781829502906,1350.926964071221,1.0314378294242774,232,7:56
4365000,8734.00000086185,-1492272.4660624517,390036.4172160156,301.2428981560102,1351.5511724210535,1.0309614641052296,232,7:53
4370000,8744.000000863887,-1492475.5010675862,388371.37696857954,299.9569117005295,1351.5685242826191,1.030948228297882,232,7:49
4375000,8754.000000865924,-1491132.881304481,388322.10027992143,299.91885306844364,1350.7078365185762,1.0316051612788475,232,7:45
4380000,8764.000000867962,-1491284.2734971168,388372.9300233293,299.9581111954821,1353.1278044475525,1.0297602125626542,232,7:41
4385000,8774.000000869999,-1489751.5491959779,389264.72317202226,300.64688368135785,1353.1453204379961,1.0297468826787382,232,7:38
4390000,8784.000000872036,-1490824.6221163003,388746.4348131964,300.2465859645251,1351.1100679937274,1.0312980478351506,232,7:34
4395000,8794.000000874074,-1492666.9324889919,389916.802374574,301.15051416336786,1349.0682304347638,1.0328589348540949,232,7:30
4400000,8804.00000087611,-1491433.188648397,387758.69308421283,299.4837080179156,1353.970969366286,1.0291189449833742,232,7:27
4405000,8814.000000878148,-1491588.1435994236,389551.5531795308,300.86841556639746,1354.9327187160618,1.0283884626040591,232,7:23
4410000,8824.000000880185,-1491933.3268278828,388834.95767189923,300.31495620210194,1353.5404758421719,1.0294462562454059,232,7:19
4415000,8834.000000882223,-1489642.0471558636,387003.7583910455,298.90063755359466,1356.0386981411982,1.0275497133248188,232,7:15
4420000,8844.00000088426,-1491741.396743767,388956.2898221405,300.4086665505844,1352.7405459310994,1.0300550092355407,232,7:12
4425000,8854.000000886297,-1492649.340233107,389761.37414669513,301.0304698604392,1351.592550386226,1.03092990201387,232,7:08
4430000,8864.000000888334,-1491552.0976322703,388932.37490780826,300.39019597249325,1350.501735937883,1.0317625949326723,232,7:04
4435000,8874.000000890372,-1491270.9826389095,389716.29395786766,300.99565237639825,1354.3533071117665,1.0288284218125074,232,7:00
4440000,8884.000000892409,-1492558.0335772727,389798.50077605597,301.05914444807706,1353.1612857009093,1.0297347332181457,232,6:57
4445000,8894.000000894446,-1494066.9706851635,388991.77352293825,300.4360722296282,1350.6548441516234,1.0316456358675208,232,6:53
4450000,8904.000000896483,-1489538.6623104531,387860.83865086443,299.56259969359957,1353.972614456423,1.0291176945936635,232,6:49
4455000,8914.00000089852,-1489434.4333542585,389669.55059677386,300.95955034862874,1355.990195324351,1.0275864680563198,232,6:46
4460000,8924.000000900558,-1489268.9397733118,387030.5943671246,298.9213642007796,1354.1232451032593,1.0290032170787342,232,6:42
4465000,8934.000000902595,-1490896.6574503733,388789.1966111315,300.2796128496356,1353.092891964061,1.029786782420965,232,6:38
4470000,8944.000000904633,-1490272.4364320654,388413.4170748199,299.9893811902582,1356.8899627058101,1.0269050651341975,232,6:34
4475000,8954.00000090667,-1491366.6450825073,388797.59754552663,300.2861012740819,1352.7513236455616,1.030046802524835,232,6:31
4480000,8964.000000908707,-1491987.9244534597,388940.2142926266,300.39625068661275,1352.6743875061363,1.030105388556437,232,6:27
4485000,8974.000000910744,-1489995.3540324634,389002.24189555156,300.4441574308192,1356.0419883197412,1.0275472201704419,232,6:23
4490000,8984.000000912782,-1490646.059462253,386652.9694228857,298.6297072487685,1352.8939682315959,1.029938197857217,232,6:19
4495000,8994.000000914819,-1491766.5044917995,389437.9271299864,300.78065699063404,1353.90053538927,1.0291724828454423,232,6:16
4500000,9004.000000916856,-1490582.485687431,390296.89203695266,301.44407472951025,1353.1096323441132,1.029774042121363,232,6:12
4505000,9014.000000918893,-1491295.4903399758,389923.17762772215,301.15543806188106,1351.1942079076628,1.0312338281038356,232,6:08
4510000,9024.00000092093,-1493253.6595217362,387772.9634571014,299.4947296771684,1350.8573796648632,1.0314909601175215,232,6:05
4515000,9034.000000922968,-1490669.5997937182,389604.0049407848,300.90892645173057,1351.4346925611462,1.0310503224478265,232,6:01
4520000,9044.000000925005,-1492219.8787182234,388592.4020998309,300.1276194810457,1354.1317013263124,1.0289967912039704,232,5:57
4525000,9054.000000927042,-1491147.2826730683,390699.2227664994,301.7548130853052,1351.3047563252856,1.0311494642567,232,5:53
4530000,9064.00000092908,-1489443.2869482078,387945.16367066983,299.62772774890925,1353.8151990991587,1.0292373556298737,232,5:50
4535000,9074.000000931117,-1489494.4356722618,389932.14569355187,301.1623645077772,1353.5238154026622,1.0294589276346238,232,5:46
4540000,9084.000000933154,-1490455.3922810107,389395.06688257586,300.74755406850744,1355.5744783495986,1.0279016002343149,232,5:42
4545000,9094.000000935192,-1492423.2225805074,389802.1675901812,301.06197649571504,1353.06700343065,1.0298064855616487,232,5:38
4550000,9104.000000937229,-1490652.6739719044,389141.01085821935,300.5513350240976,1352.8698901858145,1.0299565284441121,232,5:35
4555000,9114.000000939266,-1492523.555849284,389724.32965305797,301.00185870996347,1351.6505639484958,1.0308856539532683,232,5:31
4560000,9124.000000941303,-1493623.9559818627,390298.12459749845,301.4450266921849,1353.5271045351506,1.0294564260025594,232,5:27
4565000,9134.00000094334,-1495268.7687164843,389908.38458262105,301.1440127190615,1349.4169255189133,1.032592039703758,232,5:24
4570000,9144.000000945378,-1493235.0457344055,385678.3821552963,297.876989092115,1348.2471044277231,1.0334879792853626,232,5:20
4575000,9154.000000947415,-1492220.8291342761,388531.4428441392,300.0805378700898,1348.732028875575,1.0331163979949456,232,5:16
4580000,9164.000000949452,-1490769.8643624578,389941.4239087077,301.1695304961309,1354.2703782932213,1.028891422175562,232,5:12
4585000,9174.00000095149,-1490996.9397513391,389465.81481058296,300.8021959171418,1354.8042012481453,1.028486016096384,232,5:09
4590000,9184.000000953527,-1491970.3464458436,389532.6548450385,300.8538195215117,1352.017089826676,1.0306061853929507,232,5:05
4595000,9194.000000955564,-1493365.7434327062,387957.1721596292,299.63700245213414,1349.3526414534845,1.0326412330815322,232,5:01
4600000,9204.000000957602,-1494679.3172175875,388006.94445610454,299.67544386472105,1350.4355473970109,1.0318131644402782,232,4:58
4605000,9214.000000959639,-1491676.1248833034,388246.8766478625,299.86075442962164,1349.1664571755248,1.032783737041181,232,4:54
4610000,9224.000000961676,-1488697.5962199531,389649.1273137868,300.9437765165318,1353.2187931011024,1.0296909728390424,232,4:50
4615000,9234.000000963713,-1491811.2542700563,387725.1584936981,299.4578077255603,1351.8628873025186,1.0307237432286547,232,4:46
4620000,9244.00000096575,-1491706.955796279,389455.572915879,300.7942856351603,1349.6422453973535,1.0324196506772159,232,4:43
4625000,9254.000000967788,-1490391.7803357104,388813.704132685,300.29854112528767,1350.7738453080062,1.0315547494292974,232,4:39
4630000,9264.000000969825,-1490950.4073000122,388050.6857110248,299.709227229093,1350.2856821267806,1.0319276831386268,232,4:35
4635000,9274.000000971862,-1492113.0936531564,389905.29912389757,301.14162967869146,1349.586672032057,1.032462163718857,232,4:31
4640000,9284.0000009739,-1493112.8573179906,388691.48798937607,300.2041480286773,1352.0664351474459,1.0305685721577695,232,4:28
4645000,9294.000000975937,-1493116.370017657,388560.89110601216,300.1032821046297,1353.0787456490405,1.0297975487479618,232,4:24
4650000,9304.000000977974,-1492766.5202778792,389067.4495605036,300.494520281838,1350.7899904883884,1.0315424198757615,232,4:20
4655000,9314.000000980011,-1492130.5841301577,388758.85584206204,300.25617929111814,1351.4557033914193,1.0310342929003735,232,4:17
4660000,9324.000000982049,-1494400.6332819322,390093.8840415885,301.2872824040427,1350.766123540841,1.0315606463980282,232,4:13
4665000,9334.000000984086,-1492331.694046991,388540.254008403,300.08734313375703,1353.2069216752404,1.0297000061212764,232,4:09
4670000,9344.000000986123,-1493785.0870173816,390448.75116575323,301.56136245458435,1351.12756828063,1.0312846900944437,232,4:05
4675000,9354.00000098816,-1493663.2876825808,389690.48397452314,300.97571815015453,1353.4549011596125,1.0295113448837598,232,4:02
4680000,9364.000000990198,-1490915.0996008245,388927.2317017694,300.38622364010433,1350.629238968139,1.031665193770634,232,3:58
4685000,9374.000000992235,-1493564.205612895,390104.81690257334,301.29572635076875,1349.7422923555496,1.032343124627601,232,3:54
4690000,9384.000000994272,-1490673.6153910756,387539.8498056837,299.31468538167917,1352.833534053676,1.029984207559615,232,3:51
4695000,9394.00000099631,-1493869.3549826164,388704.0777004843,300.21387163625286,1350.43078586155,1.031816802549704,232,3:47
4700000,9404.000000998347,-1490722.233612231,388315.416004714,299.9136904981125,1352.158666884234,1.0304982763177788,232,3:43
4705000,9414.000001000384,-1490413.8633536221,389083.9811029008,300.507288345339,1351.9002708226085,1.030695241065741,232,3:39
4710000,9424.000001002421,-1491610.5919333221,388376.2706689079,299.9606913282887,1352.1000979350665,1.030542914433888,232,3:36
4715000,9434.000001004459,-1490941.2603613995,387754.9864492547,299.4808452148339,1349.1599457128518,1.0327887215745377,232,3:32
4720000,9444.000001006496,-1492088.2333717206,387698.7138042452,299.43738328686686,1351.8610647241094,1.030725132849888,232,3:28
4725000,9454.000001008533,-1490693.2633562768,388200.58873713855,299.82500416692665,1351.129414897582,1.0312832806159955,232,3:24
4730000,9464.00000101057,-1491671.0918295681,389931.307670705,301.1617172645457,1350.1418468409304,1.0320376179677917,232,3:21
4735000,9474.000001012608,-1491966.5256967386,389312.80093887827,300.6840163315036,1350.7907624315712,1.0315418303750328,232,3:17
4740000,9484.000001014645,-1491584.5562113337,387265.8266935982,299.103044845558,1351.5471222241842,1.030964553599355,232,3:13
4745000,9494.000001016682,-1489596.2493348941,389791.48599621525,301.0537266139573,1354.1749548228775,1.028963924173743,232,3:10
4750000,9504.00000101872,-1491826.8010331495,388604.4550711517,300.1369285400254,1352.2519021141543,1.0304272253962938,232,3:06
4755000,9514.000001020757,-1488488.291491408,389503.1360126118,300.83102078211743,1352.568497825342,1.0301860332934347,232,3:02
4760000,9524.000001022794,-1490671.3018924529,388497.84084986825,300.0545855187421,1350.3418193990913,1.0318847831820963,232,2:58
4765000,9534.000001024831,-1491426.4922929974,387496.9229776136,299.2815310362752,1355.97515625047,1.02759786498254,232,2:55
4770000,9544.000001026869,-1492777.6736698076,387622.30889339047,299.3783722926025,1355.4228641741327,1.0280165787090763,232,2:51
4775000,9554.000001028906,-1488858.2281020377,388597.93193032115,300.1318904211161,1353.1010974237186,1.0297805376001492,232,2:47
4780000,9564.000001030943,-1490436.1327148518,386138.48302409856,298.232345958921,1358.0428429622984,1.0260332969267243,232,2:43
4785000,9574.00000103298,-1491022.9236932425,389269.8483267387,300.6508420718879,1354.4573680248195,1.0287493784793793,232,2:40
4790000,9584.000001035018,-1491113.0411101356,388323.7835275005,299.920153117251,1354.0532356162091,1.0290564202951997,232,2:36
4795000,9594.000001037055,-1491716.2680589063,387494.0630644735,299.27932219503697,1354.7926221141433,1.0284948063549118,232,2:32
4800000,9604.000001039092,-1491027.1071842453,390625.7451647915,301.6980629852863,1354.1523079914082,1.028981132557498,232,2:29
4805000,9614.00000104113,-1489511.8717526374,388727.5328269522,300.2319870992249,1353.0051185195123,1.0298535877358945,232,2:25
4810000,9624.000001043167,-1490626.4464803478,387508.9282577129,299.2908032611514,1352.729665365807,1.030063294394852,232,2:21
4815000,9634.000001045204,-1491984.2897783173,390007.4227651353,301.22050442037914,1354.9182512669342,1.0283994434567802,232,2:17
4820000,9644.000001047241,-1492291.1294811582,389241.8553236347,300.62922180000834,1351.8037035876946,1.0307688696474682,232,2:14
4825000,9654.000001049279,-1492676.4408328095,388785.62717728346,300.2768560132232,1351.7937066159993,1.0307764925319094,232,2:10
4830000,9664.000001051316,-1491878.5302511873,389477.9830386713,300.811593994175,1353.0240457124105,1.029839181312318,232,2:06
4835000,9674.000001053353,-1491728.5960918805,388624.79378503934,300.1526370555532,1354.4144105468433,1.0287820069558815,232,2:02
4840000,9684.00000105539,-1492018.606217173,388261.53136076534,299.87207293218097,1355.2789736675877,1.0281257236372578,232,1:59
4845000,9694.000001057428,-1491149.3809445333,387605.710187651,299.36555235579175,1355.5299295696059,1.0279353816811454,232,1:55
4850000,9704.000001059465,-1491364.683786044,389800.86348997994,301.06096927970447,1351.702519817101,1.0308460294361883,232,1:51
4855000,9714.000001061502,-1489090.755693717,389131.5477853349,300.5440262616966,1355.7648997880506,1.0277572282260599,232,1:48
4860000,9724.00000106354,-1490877.8504456552,388359.9985534403,299.9481236320269,1351.9519723764336,1.0306558250609035,232,1:44
4865000,9734.000001065577,-1490719.9240948064,390769.4557285481,301.809057202264,1355.1078732600317,1.0282555381957919,232,1:40
4870000,9744.000001067614,-1492021.785996114,390159.82371005113,301.3382106147285,1353.8888934010824,1.029181332621777,232,1:36
4875000,9754.000001069651,-1489914.263533229,389571.41356143553,300.8837546443384,1353.5596861483452,1.029431645897614,232,1:33
4880000,9764.000001071689,-1490236.1532543804,389367.79495030065,300.7264907124866,1353.510517225603,1.0294690420200832,232,1:29
4885000,9774.000001073726,-1493123.0482876562,388096.3432326986,299.7444906135991,1353.7090832146635,1.0293180365041488,232,1:25
4890000,9784.000001075763,-1489910.5878265258,389063.4404886382,300.49142389295133,1353.3938626112708,1.029557776214453,232,1:21
4895000,9794.0000010778,-1491046.6920929346,387828.73094933643,299.53780145262897,1354.3207654493835,1.0288531425345155,232,1:18
4900000,9804.000001079838,-1490876.7710238956,387211.25421418704,299.06089603295555,1351.9953536088062,1.0306227545923374,232,1:14
4905000,9814.000001081875,-1492986.900702904,389787.29548052215,301.05049008773454,1349.5468076853804,1.032492661682611,232,1:10
4910000,9824.000001083912,-1489745.017139217,389520.37888993777,300.84433824199795,1354.4536821517654,1.0287521780137328,232,1:07
4915000,9834.00000108595,-1490811.9622732708,387714.602952352,299.4496551999848,1351.3276152188769,1.0311320214577708,232,1:03
4920000,9844.000001087987,-1491124.7332470855,388444.8300097204,300.0136428313033,1353.4569368903929,1.0295097963986353,232,0:59
4925000,9854.000001090024,-1489795.63881299,388493.67411025515,300.0513673558693,1353.2714890178959,1.0296508770339745,232,0:55
4930000,9864.000001092061,-1492766.519511602,388867.5365214724,300.340118332177,1352.4580105256614,1.0302701930027207,232,0:52
4935000,9874.000001094098,-1489886.5761898542,388145.6873882578,299.782601353447,1354.1364665456922,1.0289931701542665,232,0:48
4940000,9884.000001096136,-1493100.5253815716,389473.5522574222,300.8081718999149,1351.383366300484,1.0310894822887164,232,0:44
4945000,9894.000001098173,-1491276.108959863,390049.7091092336,301.2531640908261,1351.332959840509,1.031127943254492,232,0:40
4950000,9904.00000110021,-1491029.645633881,388998.1752690852,300.44101658989166,1353.4976356750637,1.0294788397154349,232,0:37
4955000,9914.000001102248,-1492444.045807804,389830.2435747725,301.0836608579785,1351.6394153649962,1.0308941568976637,232,0:33
4960000,9924.000001104285,-1490108.0854381742,389734.9950972484,301.0100961185137,1354.7708780795483,1.0285113136677067,232,0:29
4965000,9934.000001106322,-1490805.6618553195,388278.81821161625,299.88542435481855,1352.2195456056588,1.0304518819155557,232,0:26
4970000,9944.00000110836,-1490599.3884056183,389081.9291967893,300.50570356474805,1350.7256356511405,1.0315915673434584,232,0:22
4975000,9954.000001110397,-1490744.2853794321,389317.0587776748,300.6873048544269,1356.398058263276,1.027277477318455,232,0:18
4980000,9964.000001112434,-1491617.7453261632,387054.1180727454,298.93953263055636,1352.9907536655892,1.0298645218064415,232,0:14
4985000,9974.000001114471,-1490366.4404265797,388751.25065876613,300.2503054615065,1353.1607823202826,1.0297351162831312,232,0:11
4990000,9984.000001116508,-1491161.5449153045,389693.26169421116,300.97786350964446,1353.375860965699,1.029571470661589,232,0:07
4995000,9994.000001118546,-1490040.516737369,387702.7725394205,299.44051803299084,1356.1999643409417,1.027427527038377,232,0:03
5000000,10004.000001120583,-1491457.4789298568,389561.68432309356,300.87624031022597,1352.923572422475,1.0299156611170608,232,0:00
