#"Step","Time (ps)","Potential Energy (kJ/mole)","Kinetic Energy (kJ/mole)","Temperature (K)","Box Volume (nm^3)","Density (g/mL)","Speed (ns/day)","Time Remaining"
5000,14.000000000001178,-1477354.4634928182,388145.16759013454,299.8755959821363,1370.129480728033,1.0165556685747608,0,--
10000,23.99999999999741,-1481794.9203379434,388508.8965903866,300.15660798443366,1361.9589747796358,1.0226540711630698,235,1:01:03
15000,33.99999999999542,-1483129.7652883641,389025.4338072293,300.55567750450365,1358.9868435542135,1.0248906359334542,234,1:01:28
20000,44.00000000000764,-1481410.0168338334,388491.66902328504,300.1432982040132,1358.2403733520207,1.025453901711177,234,1:01:10
25000,54.00000000001986,-1486101.186572331,387615.5281946258,299.4664038997772,1357.5612726782215,1.0259668704070417,235,1:01:02
30000,64.00000000003207,-1486488.5911465315,389571.8921910171,300.97786370492764,1355.6696616104896,1.0273984361801392,236,1:00:46
35000,74.00000000000877,-1484338.429467679,388706.57922099263,300.30933485473423,1358.0202521722197,1.0256201172903006,236,1:00:29
40000,83.99999999998546,-1484165.4329112768,389196.29007995024,300.6876787011888,1355.9055546430136,1.0272196950193766,237,1:00:16
45000,93.99999999996216,-1484032.1720422301,387947.32317642786,299.7227441204465,1359.804405290588,1.0242744360118716,237,1:00:09
50000,103.99999999993885,-1486299.1005538339,388667.25658375357,300.27895472827055,1355.0390762102277,1.027876549664452,238,1:00:00
55000,113.99999999991554,-1488041.8394965967,387975.2095327482,299.7442887342138,1354.1635299395227,1.0285411322350992,232,1:01:22
60000,123.99999999989224,-1488331.8615388395,388461.9708524671,300.12035380738735,1353.2708836005907,1.029219579903823,233,1:01:10
65000,133.99999999991155,-1486729.5036029816,389511.1877583817,300.9309642986351,1356.5795265634936,1.026709354698702,233,1:01:02
70000,143.9999999999593,-1485522.8508223677,386540.08166108443,298.63552876047066,1354.4516238925617,1.0283223599471696,233,1:00:54
75000,154.00000000000705,-1486575.251476895,389017.1596435838,300.5492849999419,1354.0642281180794,1.0286165614545848,233,1:00:44
80000,164.0000000000548,-1486182.744652275,389508.14231146476,300.9286114284063,1357.8043097852176,1.0257832297908935,234,1:00:38
85000,174.00000000010255,-1485633.3445541505,389968.9146110641,301.28459774355815,1358.20947943317,1.0254772267505794,234,1:00:32
90000,184.0000000001503,-1486161.2774482723,388294.643605868,299.99107908754604,1357.2174985101788,1.0262267409935177,234,1:00:25
95000,194.00000000019804,-1484125.6133587053,389176.9531096845,300.67273922501573,1357.6679043669426,1.0258862906278396,234,1:00:18
100000,204.0000000002458,-1488144.515756065,386931.8200321627,298.9381804158436,1354.7175333125376,1.0281205166879235,235,1:00:10
105000,214.00000000029354,-1486724.626790015,388801.5990955791,300.38274589756304,1355.9722576051302,1.0271691640472143,232,1:00:45
110000,224.0000000003413,-1487816.3591745654,386711.78287040116,298.7681827435007,1354.5294775113325,1.0282632555730575,232,1:00:37
115000,234.00000000038904,-1486683.216012463,388512.5716206538,300.15944726206396,1355.045874471729,1.027871392810572,233,1:00:28
120000,244.00000000043678,-1485992.737175501,389331.6000650501,300.7922173269718,1353.128628723164,1.029327782111711,233,1:00:21
125000,254.00000000048453,-1486553.6917600697,388933.61878292897,300.48474248474514,1358.1392401933874,1.0255302616226234,233,1:00:14
130000,264.0000000005323,-1486179.5105997883,390030.3626283165,301.33207163305656,1356.2944907467693,1.0269251256403757,233,1:00:06
135000,274.00000000058003,-1487085.1083066463,388405.214317231,300.0765044921028,1355.049082942736,1.0278689590274679,234,59:58
140000,284.0000000006278,-1486418.2321138596,388996.7238395122,300.53349657994585,1354.9318889009323,1.027957863952313,234,59:52
145000,294.0000000006755,-1489010.7228356646,387321.3620146597,299.239135171732,1353.160640966763,1.0293034309070526,234,59:48
150000,304.0000000007233,-1487001.0147164147,391146.70710753906,302.1945439603733,1351.9691240620493,1.030210576208064,234,59:42
155000,314.000000000771,-1486553.083352659,387737.99757470755,299.561022051459,1355.9908671303099,1.027155067248419,232,1:00:04
160000,324.0000000008188,-1485902.0815208154,389208.5575837708,300.6971564052196,1356.8564717995062,1.0264997951244488,233,59:55
165000,334.0000000008665,-1486822.573796439,387828.4521264259,299.6309059888896,1356.3574049286376,1.0268774920639414,233,59:47
170000,344.00000000091427,-1485479.6510262098,390655.6314986411,301.8151457269627,1356.825102307682,1.0265235275693128,233,59:39
175000,354.000000000962,-1485621.2683715876,388521.655828183,300.1664655953431,1356.059969627303,1.027102725182776,233,59:33
180000,364.00000000100977,-1487036.991608929,386920.73154436884,298.92961360331213,1357.127481762622,1.02629480946514,233,59:27
185000,374.0000000010575,-1487534.6211668123,389171.9383069045,300.6688648576451,1355.2671853719016,1.0277035446211815,234,59:20
190000,384.00000000110526,-1487179.7633189373,387875.95952279994,299.66760954722486,1356.8689201934571,1.0264903776533503,234,59:13
195000,394.000000001153,-1486769.1900948742,388686.23366629623,300.29361616015905,1354.461095000068,1.0283151693739903,234,59:09
200000,404.00000000120076,-1488026.3904581042,389297.5887308937,300.76594063991774,1353.8204071406803,1.0288018137185186,234,59:04
205000,414.0000000012485,-1488619.7985288538,387138.09508639516,299.0975456739718,1354.662127140494,1.0281625671897334,233,59:18
210000,424.00000000129626,-1487843.0587723171,388381.53727756743,300.0582119382517,1355.347213113611,1.0276428629058052,233,59:11
215000,434.000000001344,-1486933.7411132194,389306.25545804395,300.7726364336218,1354.6002840727417,1.028209507034683,233,59:05
220000,444.00000000139175,-1488427.1365910955,388044.2558358206,299.7976329544001,1355.014647239844,1.0278950808042011,233,58:59
225000,454.0000000014395,-1488982.0727436673,389166.3467679117,300.66454491184146,1355.089586960743,1.0278382357282665,233,58:53
230000,464.00000000148725,-1488505.4542348757,386955.6265562644,298.95657300758336,1351.497924082394,1.0305697592995804,234,58:47
235000,474.000000001535,-1487483.75571468,387964.13215035334,299.7357305015602,1354.7650943424603,1.0280844229984252,234,58:42
240000,484.00000000158275,-1488875.0931047788,389771.93201167363,301.13241170770704,1353.6544619220092,1.0289279350786955,234,58:39
245000,494.0000000016305,-1487347.7726966087,388441.4604242646,300.10450773381837,1355.1032069075657,1.0278279050744523,234,58:33
250000,504.00000000167825,-1490426.964221172,387765.4001558273,299.5821929071874,1352.5429372623341,1.0297735117634426,234,58:27
255000,514.0000000016692,-1487074.4088155003,387536.14141722955,299.4050707719359,1353.9939608848383,1.0286699428151578,233,58:39
260000,524.0000000014327,-1486744.500382157,387544.3482452172,299.41141125389834,1355.1241346568668,1.0278120318978394,233,58:33
265000,534.0000000011962,-1484328.3704290781,390305.7802548107,301.5448554876172,1352.462440285338,1.0298348026741684,233,58:29
270000,544.0000000009597,-1487976.86653353,388175.2254523199,299.89881827134514,1354.1330043330574,1.0285643181715882,233,58:23
275000,554.0000000007233,-1487986.2417410407,389240.6670613714,300.7219637441643,1354.7987824936474,1.0280588588601025,233,58:16
280000,564.0000000004868,-1487014.1756481994,389139.82153452677,300.64405188285633,1354.687863745901,1.028143033971053,234,58:10
285000,574.0000000002503,-1487569.940666208,388395.25654391863,300.068811253964,1352.0891059827766,1.0301191572008848,234,58:05
290000,584.0000000000139,-1489644.3791508442,389556.7010675714,300.9661272527512,1352.5395886779147,1.0297760612515061,234,58:01
295000,593.9999999997774,-1488785.8021113481,388634.10682120954,300.2533436795454,1354.2940299123925,1.0284420218595918,234,57:56
300000,603.9999999995409,-1487652.28983491,387115.4557798731,299.0800548584141,1357.928512751862,1.0256894065011712,234,57:51
305000,613.9999999993045,-1489791.9162820736,388086.1647979551,299.8300112397594,1354.5620930019477,1.0282384967888456,233,57:59
310000,623.999999999068,-1488009.8854316194,390795.6112180545,301.92329212498464,1352.6338970410234,1.0297042631878044,233,57:54
315000,633.9999999988315,-1489997.1469697645,391278.8857377505,302.2966633446152,1355.7204558444296,1.0273599430554747,233,57:49
320000,643.9999999985951,-1488050.9149006652,388421.7844591392,300.0893063548984,1355.9337417095467,1.027198341240061,233,57:44
325000,653.9999999983586,-1490491.3199678538,388790.29471782246,300.3740122914279,1354.356814907722,1.0283943455553648,233,57:40
330000,663.9999999981221,-1491702.1000643922,389472.6540296506,300.90119367198935,1354.3574349673231,1.0283938747300339,234,57:35
335000,673.9999999978857,-1491808.6325713918,387556.34574195585,299.42068035418663,1348.9973142772135,1.0324801062052062,234,57:29
340000,683.9999999976492,-1489479.4889028035,388639.05497313023,300.2571665533827,1352.472673590569,1.0298270105656262,234,57:25
345000,693.9999999974127,-1489780.009891863,388130.1237609227,299.86397332745076,1351.487492815416,1.030577713607967,234,57:21
350000,703.9999999971762,-1487161.3289824752,387838.37547666684,299.6385726322388,1354.429917251583,1.0283388402567033,234,57:16
355000,713.9999999969398,-1491768.378298116,389626.19883764454,301.01982027010735,1349.757032930064,1.0318989687291684,233,57:22
360000,723.9999999967033,-1486635.9129292136,388735.88234416174,300.33197404300245,1352.7579329631246,1.0296098484261802,233,57:17
365000,733.9999999964668,-1489691.4468849562,388505.70738377393,300.15414404744945,1351.9487860748304,1.0302260741394555,233,57:13
370000,743.9999999962304,-1488687.9118886795,386847.8807815179,298.87333011004256,1352.9871600700583,1.0294354088647486,233,57:08
375000,753.9999999959939,-1489693.7373351986,386353.3095822265,298.49123123177003,1353.7872203552784,1.028827033800744,233,57:04
380000,763.9999999957574,-1490027.6202080855,386650.28016877,298.7206666056066,1349.0535256529458,1.0324370855792027,233,56:59
385000,773.999999995521,-1490926.9796009865,388997.37525446224,300.5339998541399,1350.6631722188986,1.0312066834748534,234,56:55
390000,783.9999999952845,-1487912.2951313872,387315.0004698369,299.2342203300583,1352.290321081223,1.029965879813332,234,56:50
395000,793.999999995048,-1487678.2762505235,389815.1243846873,301.165781538587,1355.6144582711177,1.0274402739048671,234,56:46
400000,803.9999999948116,-1487507.1752794916,388943.02593982685,300.49201032424645,1354.8008924614555,1.028057257760554,234,56:41
405000,813.9999999945751,-1488362.030773174,390725.9442757049,301.86946840746407,1353.388377259574,1.0291302287786235,233,56:46
410000,823.9999999943386,-1487102.585375931,388322.5853185653,300.0126664688856,1356.6206332848058,1.026678244560557,233,56:41
415000,833.9999999941022,-1489767.179722039,388049.819836225,299.80193162427065,1351.1828277095005,1.0308100885773877,233,56:37
420000,843.9999999938657,-1488858.9391140928,389201.09617242555,300.6913918218605,1351.5800154654721,1.0305071652275082,233,56:32
425000,853.9999999936292,-1490774.3707032828,389151.9576454402,300.65342807454164,1349.3689322614832,1.0321957598217277,233,56:27
430000,863.9999999933927,-1489178.5565074002,388808.2988529857,300.38792203760806,1351.3307346986119,1.0306972634838465,233,56:23
435000,873.9999999931563,-1490808.7492154213,388046.00613617996,299.7989852122852,1351.9256693334787,1.0302436901003251,233,56:18
440000,883.9999999929198,-1489361.981607641,387703.2876407902,299.53420563587775,1353.187305170421,1.0292831487508405,234,56:14
445000,893.9999999926833,-1488396.851783717,388257.4865398575,299.96237205150584,1352.3467923326282,1.0299228705331185,234,56:09
450000,903.9999999924469,-1487793.913302442,390457.843292363,301.662337290356,1351.7977745607861,1.030341162359152,234,56:04
455000,913.9999999922104,-1489389.7871722942,390997.65016542457,302.07938462545394,1354.9760707156224,1.0279243452468276,233,56:09
460000,923.9999999919739,-1489096.6784222312,387660.0287662277,299.50078442681956,1356.1815702859706,1.0270106310483045,233,56:04
465000,933.9999999917375,-1490594.8267800985,389343.8255658596,300.8016625800563,1354.6899424108371,1.0281414563666087,233,56:00
470000,943.999999991501,-1488373.9530426236,389062.9270965103,300.5846443019992,1350.927178725262,1.0310051587160582,233,55:56
475000,953.9999999912645,-1488883.3753254525,389421.0262621839,300.86130677185247,1355.3140812343554,1.0276679845655907,233,55:51
480000,963.9999999910281,-1488904.9801822966,387882.8395171955,299.67292493587837,1351.0907182717854,1.0308803631610006,233,55:48
485000,973.9999999907916,-1490145.7647698363,387950.9506417844,299.72554665008374,1353.9803723014654,1.028680266574325,233,55:44
490000,983.9999999905551,-1489571.7714311983,387273.2953443392,299.2019995260695,1354.3820729388194,1.0283751669078625,233,55:40
495000,993.9999999903187,-1490036.796763978,389115.66399953555,300.62538810495096,1352.3773560091813,1.0298995943156115,233,55:35
500000,1003.9999999900822,-1489453.4750840794,388203.95675495407,299.92101567896515,1353.1653688362087,1.0292998345895932,233,55:31
505000,1013.9999999898457,-1489226.5296318643,387719.1780512093,299.5464823475122,1351.7286610721608,1.030393843399553,233,55:35
510000,1023.9999999896093,-1489169.8819667893,389776.8067922294,301.136177895841,1355.0898756691342,1.0278380167424053,233,55:30
515000,1033.9999999893728,-1488311.8161501996,387353.3406543122,299.26384142708497,1349.713345388774,1.0319323692500697,233,55:26
520000,1043.9999999891363,-1487584.9660408385,389767.34998355457,301.12887169606256,1354.5022591284062,1.0282839182650911,233,55:21
525000,1053.9999999888998,-1486542.8901724536,390156.20065728645,301.42929235634637,1354.3134966245254,1.0284272391783036,233,55:17
530000,1063.9999999886634,-1490384.1433441201,388343.04015999194,300.02846959687923,1352.142791714336,1.0300782571562395,233,55:13
535000,1073.999999988427,-1489029.091410608,388249.0998112347,299.9558925807972,1350.9331944697303,1.031000567620358,233,55:08
540000,1083.9999999881904,-1491048.475228034,387430.9164954788,299.3237754506053,1353.17966815387,1.029288957774304,233,55:04
545000,1093.999999987954,-1490306.0785113089,388774.1297043129,300.36152342523815,1352.6016454105236,1.0297288156061257,233,54:59
550000,1103.9999999877175,-1487627.9984663706,389369.21977396676,300.82128179453196,1354.5723728355779,1.0282306934991203,233,54:55
555000,1113.999999987481,-1488441.3957956433,388901.60000447195,300.46000521870616,1356.1458953187419,1.027037647736356,233,54:59
560000,1123.9999999872446,-1489989.8910426237,389832.5165531659,301.17921848775813,1350.7814273030635,1.031116405780268,233,54:55
565000,1133.999999987008,-1488006.5245185858,390315.11368627846,301.5520663678694,1354.1476469453535,1.0285531961432284,233,54:50
570000,1143.9999999867716,-1488709.9576454945,388881.3181962633,300.44433577378703,1352.6269305527308,1.0297095665146363,233,54:46
575000,1153.9999999865352,-1490487.468182019,388831.7593766183,300.40604731416386,1355.055393237574,1.027864172392015,233,54:42
580000,1163.9999999862987,-1489247.690225291,387369.74259632116,299.27651334096123,1352.4538807799956,1.0298413203651746,233,54:38
585000,1173.9999999860622,-1489607.5050765555,387883.2244895683,299.6732223602169,1353.336024183241,1.0291700401281043,233,54:34
590000,1183.9999999858258,-1487484.6434889808,388982.0558560818,300.5221642985204,1352.9605308418038,1.0294556704095985,233,54:30
595000,1193.9999999855893,-1489896.4640323762,387757.7634781756,299.5762929155004,1351.5163711904213,1.030555692853857,233,54:25
600000,1203.9999999853528,-1490848.6058475897,391167.7071166114,302.21076827736096,1350.6742926175496,1.0311981933233236,233,54:21
605000,1213.9999999851163,-1491327.4779196028,387561.32930937805,299.4245305895512,1354.6385659476114,1.0281804499941722,233,54:24
610000,1223.9999999848799,-1488986.3105063112,387431.9524612437,299.324575823448,1351.214590128075,1.0307858577692366,233,54:19
615000,1233.9999999846434,-1489598.940233915,389679.2375236977,301.06079722645865,1349.9144115887734,1.0317786656386703,233,54:15
620000,1243.999999984407,-1488654.854216178,388612.84450552944,300.2369167080953,1353.1210432527714,1.0293335524272749,233,54:11
625000,1253.9999999841705,-1489153.911585032,389180.1415043414,300.67520253469417,1354.212529528908,1.0285039164421226,233,54:07
630000,1263.999999983934,-1487818.9075527936,388728.26470636355,300.3260887612433,1353.3707133127846,1.0291436607979674,233,54:03
635000,1273.9999999836975,-1488135.9974989435,388453.34330323426,300.11368828200125,1353.4964987867168,1.029048018642089,233,53:58
640000,1283.999999983461,-1489627.8955026697,391013.26462069043,302.09144813794813,1353.4621340542822,1.0290741464213102,233,53:54
645000,1293.9999999832246,-1489647.1414952008,389035.25832705584,300.5632677928396,1353.3539295183905,1.0291564238566382,233,53:50
650000,1303.9999999829881,-1488786.7197146742,388026.1671011776,299.7836578478303,1352.8702919480224,1.0295243369635525,233,53:45
655000,1313.9999999827517,-1488046.1626377385,387621.9019001032,299.4713281366047,1352.3905143995373,1.0298895736738332,233,53:47
660000,1323.9999999825152,-1489593.781668079,389091.86946193496,300.60700477381636,1353.8654329515807,1.0287675986224012,233,53:43
665000,1333.9999999822787,-1489172.1030342197,385269.9458890903,297.65423940430077,1353.3840205486558,1.0291335416763938,233,53:38
670000,1343.9999999820423,-1490012.525315852,387957.09268761694,299.7302919098689,1353.165716918493,1.0292995698171168,233,53:34
675000,1353.9999999818058,-1488513.888257606,389541.6944167137,300.95453332154864,1349.1803831585369,1.0323400100546907,233,53:30
680000,1363.9999999815693,-1490389.4894254338,389101.0107138816,300.6140671788246,1351.7860605069004,1.0303500908961811,233,53:26
685000,1373.9999999813328,-1488567.3695539609,388804.42977320036,300.38493284000003,1353.1722528445262,1.0292945982210469,233,53:22
690000,1383.9999999810964,-1489781.6020010626,391672.1914675804,302.60052591971356,1351.5710794337606,1.030513978516759,233,53:17
695000,1393.99999998086,-1487542.4602639508,387331.04736196017,299.2466179372964,1353.7902968736678,1.0288246957685567,233,53:13
700000,1403.9999999806234,-1489213.5391580593,388599.10961080086,300.2263053181144,1349.7994803488768,1.0318665183924067,233,53:08
705000,1413.999999980387,-1490374.1597895017,388547.2861995521,300.1862672662934,1353.2312410037978,1.0292497306538066,233,53:10
710000,1423.9999999801505,-1488679.2949485835,387817.72247883765,299.6226164113452,1353.2416159492934,1.0292418396683898,233,53:06
715000,1433.999999979914,-1485932.39386727,387908.3352510547,299.6926225877479,1355.7498901681524,1.0273376383181754,233,53:01
720000,1443.9999999796776,-1488814.590664179,386676.0523324555,298.7405778233423,1353.3696788846862,1.029144447408704,233,52:57
725000,1453.999999979441,-1492572.271904597,386719.41013776907,298.7740754649324,1349.4819748973284,1.0321092954364535,233,52:53
730000,1463.9999999792046,-1487989.6587308664,388082.811649785,299.82742064379204,1352.5840418804867,1.0297422172592388,233,52:48
735000,1473.9999999789682,-1491021.3014726005,389091.9974505258,300.60710365603404,1351.0395553921308,1.0309194018462473,233,52:44
740000,1483.9999999787317,-1489589.7781917043,387555.6583996515,299.4201493230149,1352.828046717034,1.0295564862773758,233,52:40
745000,1493.9999999784952,-1489953.1157413283,388866.2312608541,300.4326798158488,1351.9492379156145,1.0302257298231574,233,52:36
750000,1503.9999999782588,-1488165.0645140065,388249.62876664725,299.9563012444438,1353.3240940395604,1.029179112712051,233,52:32
755000,1513.9999999780223,-1491401.5209909994,386945.1416452754,298.9484725101557,1349.7072867793872,1.031937001421208,233,52:32
760000,1523.9999999777858,-1490529.6323474692,387936.13865747827,299.7141031155704,1352.7721067481373,1.0295990606012642,233,52:28
765000,1533.9999999775494,-1490415.313452405,388863.0736686917,300.4302403037522,1351.8819950111429,1.030276973475037,233,52:25
770000,1543.9999999773129,-1491520.4755078536,387860.48987497465,299.6556579109594,1349.6286439542216,1.0319971323628179,233,52:21
775000,1553.9999999770764,-1487839.1997276675,388326.7113594753,300.0158541911098,1350.9830723991965,1.0309625033583831,233,52:17
780000,1563.99999997684,-1489142.9388006823,388389.0525552142,300.06401813797146,1353.4419941353249,1.029089459578431,233,52:13
785000,1573.9999999766035,-1489283.1715921126,390250.7414366903,301.5023332568537,1353.4470444503688,1.0290856195863156,233,52:09
790000,1583.999999976367,-1490810.3665986462,388225.8463067538,299.93792724437895,1354.6655521978164,1.0281599676435034,233,52:04
795000,1593.9999999761305,-1488813.367398275,389560.12066660105,300.96876918773495,1351.96975691159,1.0302100939722103,233,52:00
800000,1603.999999975894,-1487209.7747380761,389335.2864491107,300.795065376386,1352.0452010215465,1.0301526082583086,233,51:56
805000,1613.9999999756576,-1489191.306280991,388659.8926468244,300.2732654522991,1352.3601519619374,1.0299126961814509,233,51:56
810000,1623.9999999754211,-1491082.4724660423,390022.89254339156,301.3263003486095,1350.870764358536,1.0310482150206688,233,51:52
815000,1633.9999999751847,-1487729.5977477264,390042.9822037616,301.3418213427621,1350.7175703331877,1.031165153179953,233,51:47
820000,1643.9999999749482,-1489905.31496213,388761.67321060685,300.3518997102319,1353.7379540117524,1.0288644757191934,233,51:43
825000,1653.9999999747117,-1486809.6644863077,389757.017003987,301.1208885787527,1352.0035186058954,1.0301843679753588,233,51:39
830000,1663.9999999744753,-1490157.1325789914,388557.7060226444,300.194317477711,1354.305906569724,1.0284330028828454,233,51:35
835000,1673.9999999742388,-1490103.2721991902,388250.09317599726,299.9566600406938,1352.9189658712235,1.0294872977987723,233,51:31
840000,1683.9999999740023,-1490958.568886824,387795.46039093845,299.6054170296859,1353.3130450592637,1.0291875153353611,233,51:27
845000,1693.9999999737659,-1491224.2839068165,388782.22686581075,300.3677791803851,1351.5865490963165,1.0305021837090071,233,51:23
850000,1703.9999999735294,-1488807.0206118785,389078.9746884522,300.59704244990746,1353.550472942415,1.0290069843407537,233,51:19
855000,1713.999999973293,-1488035.884691555,387926.9720428065,299.70702111567107,1355.0568329997488,1.0278630802754924,232,51:20
860000,1723.9999999730564,-1489388.4968212415,388610.24768517166,300.2349104405503,1353.7926701214328,1.0288228922014642,233,51:16
865000,1733.99999997282,-1489451.830489643,390408.9910911916,301.6245947544067,1353.6122755739857,1.028960002394236,233,51:12
870000,1743.9999999725835,-1488236.6207175665,386822.1338122129,298.85343835713735,1352.8100558060212,1.0295701782654327,233,51:08
875000,1753.999999972347,-1488784.7047461923,388418.8648385592,300.0870506963598,1351.3243800312528,1.0307021103868956,233,51:04
880000,1763.9999999721106,-1491174.5032123793,387052.97203322523,299.0317807786888,1354.1350438643585,1.028562768998829,233,51:00
885000,1773.999999971874,-1490991.6165117966,388873.65634896234,300.4384163363767,1350.8668086738505,1.031051234194438,233,50:56
890000,1783.9999999716376,-1488905.9918062696,388679.19186795596,300.28817576401246,1357.7887354247343,1.0257949959201753,233,50:52
895000,1793.9999999714012,-1489347.6179588959,390597.6753794198,301.7703696296582,1353.978044618936,1.0286820350232997,233,50:48
900000,1803.9999999711647,-1491516.050874902,389785.8849346767,301.1431915433216,1352.649826830705,1.0296921366403258,233,50:43
905000,1813.9999999709282,-1487895.5547416043,388147.7526866417,299.87759319199614,1354.3268085752738,1.0284171305600074,232,50:43
910000,1823.9999999706918,-1487040.226543055,388608.23024082545,300.2333517909105,1354.4985178983075,1.0282867584651314,233,50:39
915000,1833.9999999704553,-1490627.6725250399,390574.529853101,301.7524877156767,1351.2132260647488,1.0307868983579156,233,50:35
920000,1843.9999999702188,-1490359.1762591582,387520.197563362,299.39275277063126,1350.935183822847,1.0309990493948968,233,50:31
925000,1853.9999999699824,-1486330.650999519,387391.22153518244,299.2931076724895,1353.3560879764789,1.0291547824623095,233,50:27
930000,1863.9999999697459,-1488229.2716167048,390052.76952403225,301.349382891235,1353.803392133878,1.028814744008072,233,50:23
935000,1873.9999999695094,-1488798.9818526441,387238.2372323764,299.17491411293884,1355.0985617765837,1.0278314283570982,233,50:19
940000,1883.999999969273,-1490350.9722711304,387789.7284746702,299.600988630338,1353.6623346472813,1.028921950966742,233,50:15
945000,1893.9999999690365,-1486818.1083790949,389502.6065864059,300.9243346036772,1355.6571328181205,1.0274079312518467,233,50:11
950000,1903.9999999688,-1489012.1481539607,388891.26067566144,300.452017196059,1352.6103109111425,1.0297222186464419,233,50:07
955000,1913.9999999685635,-1489273.2607677225,389974.46879073343,301.2888888260644,1353.5172283212273,1.029032258453767,232,50:07
960000,1923.999999968327,-1489488.3690170394,389664.3055275063,301.0492609724202,1352.3171751955047,1.0299454269033566,232,50:03
965000,1933.9999999680906,-1489176.9556257334,388088.7371148109,299.8319985762371,1349.9032834601553,1.031787171259656,232,49:59
970000,1943.9999999678541,-1491572.8848466491,388337.96488487086,300.024548509413,1350.8761221168045,1.031044125743341,233,49:55
975000,1953.9999999676177,-1490443.9114008937,386955.64701742015,298.9565888155897,1352.352617683054,1.02991843407065,233,49:51
980000,1963.9999999673812,-1488988.7475025207,389142.0723198505,300.64579080851286,1353.854058266372,1.0287762420264046,233,49:46
985000,1973.9999999671447,-1489105.8540810673,387775.9275970997,299.5903262629247,1353.2008929760746,1.0292728134787752,233,49:42
990000,1983.9999999669083,-1491207.5827335482,388510.43683977803,300.15779795984184,1353.38427525278,1.0291333479955875,233,49:38
995000,1993.9999999666718,-1487533.4814923974,387883.6894462074,299.67358157929505,1352.7410249954946,1.029622717563485,233,49:34
1000000,2003.9999999664353,-1489954.5752414176,388769.09218899626,300.3576315104754,1350.1498188218497,1.031598768446937,233,49:30
1005000,2013.9999999661989,-1489509.1458505169,387989.285279691,299.75516346190796,1352.2885488438224,1.0299672296317974,232,49:29
1010000,2023.9999999659624,-1489163.5644769277,389225.6935956379,300.71039545133044,1354.824961836465,1.0280389936331833,232,49:25
1015000,2033.999999965726,-1489603.670648544,389991.92836078943,301.30237784876346,1351.8818990761818,1.0302770465876228,233,49:21
1020000,2043.9999999654895,-1490914.9208883885,389112.81119030766,300.62318406394036,1352.9390260852724,1.0294720334482315,233,49:17
1025000,2053.999999965253,-1490044.3298591003,387828.8900698642,299.6312443379417,1353.2362047255972,1.0292459553267002,233,49:13
1030000,2063.9999999650167,-1489303.0092144953,388309.59950024163,300.00263380499,1354.2987722188493,1.0284384205957193,233,49:09
1035000,2073.9999999647803,-1487919.4796180027,387762.93662129965,299.5802896144341,1352.8977316982066,1.0295034559391016,233,49:05
1040000,2083.999999964544,-1490146.3751219483,387390.90134270326,299.2928602962021,1353.5277367767108,1.0290242693011362,233,49:00
1045000,2093.9999999643073,-1487885.7554816222,389672.8209330979,301.0558398571779,1353.5138729947976,1.0290348093985358,233,48:56
1050000,2103.999999964071,-1490047.372294643,388506.8013816123,300.1549892550707,1353.3821951246837,1.0291349297580785,233,48:52
1055000,2113.9999999638344,-1488013.672355746,389573.972297273,300.9794707662935,1353.2933488263147,1.0292024944358407,233,48:51
1060000,2123.999999963598,-1489083.159765848,389194.67968924495,300.6864345355703,1351.847103972997,1.0303035648203722,233,48:47
1065000,2133.9999999633615,-1489458.3171531595,386785.1255959227,298.8248463203353,1353.267069583091,1.0292224806331596,233,48:43
1070000,2143.999999963125,-1487898.4812760325,388872.6655939353,300.4376508927257,1353.373575579801,1.0291414842489282,233,48:39
1075000,2153.9999999628885,-1490083.4465241684,388124.0747234811,299.8592999246639,1351.5996530306818,1.0304921928563546,233,48:35
1080000,2163.999999962652,-1491212.352650567,389280.18930598407,300.7524980845282,1350.3516046325776,1.0314446145264893,233,48:31
1085000,2173.9999999624156,-1492152.3544100728,387905.6906005631,299.6905793673021,1352.378253987912,1.0298989104626084,233,48:28
1090000,2183.999999962179,-1490374.8509568227,388664.364354818,300.2767202321382,1353.8477229132484,1.028781056202082,233,48:23
1095000,2193.9999999619426,-1491000.4553266354,387548.92342063383,299.4149459712396,1352.5297427905266,1.029783557618361,233,48:19
1100000,2203.999999961706,-1491470.8656145986,388613.4158853073,300.23735814822055,1350.6902748157388,1.0311859915519737,233,48:15
1105000,2213.9999999614697,-1488582.9986976162,387811.85546589503,299.6180836381724,1354.9376485611647,1.0279534942397763,232,48:15
1110000,2223.9999999612332,-1490211.508678631,388718.4558085072,300.31851054222574,1352.1376666663814,1.0300821614927542,232,48:11
1115000,2233.999999960997,-1492055.4067729888,389200.42672082223,300.69087461279724,1351.9358275979832,1.030235948987401,232,48:07
1120000,2243.9999999607603,-1488332.7498653438,390642.0529669473,301.80465514090304,1353.2179358118483,1.029259850505804,232,48:03
1125000,2253.999999960524,-1489891.9029986607,387918.55646477896,299.7005193563107,1357.5927209975566,1.0259431041233331,233,47:59
1130000,2263.9999999602874,-1490560.0448037433,388625.8760797687,300.2469847223793,1353.6538675556046,1.0289283868634624,233,47:55
1135000,2273.999999960051,-1490470.919612647,386873.12708458386,298.89283505512606,1353.1885455066677,1.0292822053071484,233,47:51
1140000,2283.9999999598144,-1488698.455598304,388302.7681724566,299.99735601548764,1355.9087552798624,1.0272172702565048,233,47:47
1145000,2293.999999959578,-1489330.1654721545,389585.7728790843,300.98858773282836,1356.520604973011,1.0267539506657082,233,47:43
1150000,2303.9999999593415,-1491604.465799719,386427.28298384056,298.54838206024374,1351.925730171709,1.0302436437381612,233,47:40
1155000,2313.999999959105,-1489922.602218247,389789.7224258542,301.1461563360075,1353.085728464116,1.0293604174633142,232,47:38
1160000,2323.9999999588686,-1490181.2515010098,388554.1400999471,300.19156249508245,1352.9042075776877,1.0294985280659614,232,47:34
1165000,2333.999999958632,-1491305.0163804563,388921.11875043495,300.47508513227257,1356.0534371825074,1.0271076729906334,232,47:30
1170000,2343.9999999583956,-1488921.5417669136,387212.70704661176,299.15518984400296,1353.466645515393,1.0290707162459105,232,47:26
1175000,2353.999999958159,-1489705.686824062,388866.3603378349,300.43277953894153,1354.613468530583,1.028199499467792,232,47:22
1180000,2363.9999999579227,-1489273.9035984287,390225.14290147286,301.4825561820745,1354.3717482214756,1.0283830064710664,233,47:19
1185000,2373.999999957686,-1487260.6233713413,388893.7735524017,300.4539586099243,1354.5116015945139,1.0282768258875552,233,47:15
1190000,2383.9999999574497,-1486595.3597465986,389243.998301762,300.72453741448385,1355.5299025977822,1.0275043638994925,233,47:11
1195000,2393.9999999572133,-1489271.8366711242,388653.05911453714,300.2679859596288,1352.5147587674094,1.02979496621892,233,47:07
1200000,2403.999999956977,-1486931.8414780227,388089.0079199173,299.8322077965223,1355.1837765235591,1.027766797716872,233,47:03
1205000,2413.9999999567403,-1489192.6756593985,387658.5566130463,299.49964706160284,1355.210695120202,1.027746383149624,232,47:03
1210000,2423.999999956504,-1488293.9440436913,388971.9288033416,300.5143402774335,1355.7883211784635,1.0273085175308412,232,46:59
1215000,2433.9999999562674,-1488610.3525886098,388617.6365074399,300.2406189425911,1354.3662669482728,1.0283871684532075,232,46:55
1220000,2443.999999956031,-1491182.005187897,387473.80547605536,299.35691088467837,1352.6161234311369,1.0297177936799782,232,46:51
1225000,2453.9999999557945,-1489458.8035535328,388702.6009261037,300.3062612790455,1352.0351734950034,1.0301602485052677,232,46:47
1230000,2463.999999955558,-1489206.0634623393,388449.5935178252,300.1107912495808,1353.5199640310782,1.0290301785925449,232,46:43
1235000,2473.9999999553215,-1488891.023703415,387646.58718760015,299.49039964880745,1354.953984739714,1.0279411005850756,232,46:39
1240000,2483.999999955085,-1489723.1464138627,386475.0040973403,298.5852507334788,1350.9161869716932,1.0310135475078588,232,46:35
1245000,2493.9999999548486,-1491118.4034574246,389462.41524577164,300.8932833289677,1351.534762095783,1.0305416696465015,232,46:31
1250000,2503.999999954612,-1490281.041796104,388375.34933739057,300.0534312211299,1351.2769156649535,1.0307383143817581,233,46:26
1255000,2513.9999999543757,-1487844.2587842746,386314.3697235222,298.4611468347159,1352.2321790445783,1.0300101653397786,232,46:25
1260000,2523.999999954139,-1490750.0063499715,389982.29198736197,301.29493291973705,1353.1336356595964,1.029323973338773,232,46:21
1265000,2533.9999999539027,-1489591.8284176132,389818.41324260563,301.16832246479373,1352.6732905790964,1.0296742753892882,232,46:17
1270000,2543.9999999536662,-1490379.3662532475,389157.1881044167,300.6574690549114,1353.0999583448804,1.0293495921906406,232,46:13
1275000,2553.99999995343,-1485808.768385226,387544.16015556315,299.41126593842927,1353.7200154883865,1.0288781094907467,232,46:09
1280000,2563.9999999531933,-1487413.3778346293,386760.81751256634,298.8060662308422,1355.2514708876108,1.027715461104251,232,46:05
1285000,2573.999999952957,-1486784.6989347078,389828.44259343226,301.1760710027316,1352.464093663852,1.0298335437078536,232,46:01
1290000,2583.9999999527204,-1488154.151730965,388972.59933234897,300.51485831888425,1353.6947523099561,1.028897310814545,232,45:57
1295000,2593.999999952484,-1488348.1187521424,388651.3925541572,300.26669839809534,1351.987004741163,1.0301969511771516,232,45:53
1300000,2603.9999999522474,-1488849.12804233,388094.50343909755,299.8364535587449,1351.1240930051545,1.030854898914279,233,45:49
1305000,2613.999999952011,-1491238.4115612041,388374.6839532343,300.0529171545201,1355.6707521693322,1.02739760969742,232,45:48
1310000,2623.9999999517745,-1488764.96158023,386618.29430971376,298.69595477264204,1354.8726922948013,1.0280027771143674,232,45:44
1315000,2633.999999951538,-1490008.0879164431,387565.91099903,299.42807033970064,1354.6464294622435,1.02817448156445,232,45:40
1320000,2643.9999999513016,-1488948.3185865544,389321.2646442887,300.78423232362934,1352.9192168333354,1.0294871068322289,232,45:36
1325000,2653.999999951065,-1487643.0390188256,388523.49761169916,300.16788853185164,1355.2070318255492,1.027749161277055,232,45:32
1330000,2663.9999999508286,-1488082.9367490448,387225.5033448511,299.16507608729876,1354.5719256765874,1.028231032929305,232,45:28
1335000,2673.999999950592,-1490569.6343566151,388661.12589975615,300.2742182464822,1354.7416974500247,1.0281021783983697,232,45:24
1340000,2683.9999999503557,-1490967.7170961788,387827.8318747014,299.6304267909732,1353.189913341921,1.0292811648851998,232,45:20
1345000,2693.999999950119,-1488526.0067503946,388578.4201832068,300.21032095208756,1354.7536873527351,1.0280930794417027,232,45:16
1350000,2703.9999999498827,-1492068.946312476,389560.5411812274,300.96909407152776,1352.4191837668018,1.0298677414765498,232,45:12
1355000,2713.9999999496463,-1490138.2025162904,390341.17277381563,301.5721992590103,1354.0429802397882,1.02863270268483,232,45:11
1360000,2723.99999994941,-1490158.7672452722,389012.6997936936,300.5458393815097,1353.0944528328102,1.0293537804397257,232,45:07
1365000,2733.9999999491733,-1490885.3313586563,388563.54374865605,300.1988276242054,1351.7604921902746,1.0303695797904873,232,45:03
1370000,2743.999999948937,-1489457.7626220668,387067.198177913,299.0427717016037,1353.8577847967595,1.0287734102918082,232,44:59
1375000,2753.9999999487004,-1489678.3356532138,387543.17764142225,299.4105068615731,1354.686450556103,1.0281441065153647,232,44:55
1380000,2763.999999948464,-1490766.9662233312,387977.1510559939,299.74578872825987,1353.2526752275035,1.0292334283258087,232,44:51
1385000,2773.9999999482275,-1489828.0920854313,387799.324341811,299.60840226476677,1355.6703448318965,1.0273979183989486,232,44:47
1390000,2783.999999947991,-1489097.8412030842,387104.7848111069,299.0718106153173,1352.9364372741647,1.029474003318036,232,44:43
1395000,2793.9999999477545,-1489062.4769158922,389998.426015421,301.3073978469956,1356.2685469237153,1.0269447695109126,232,44:39
1400000,2803.999999947518,-1488531.7122769328,390196.42761862045,301.4603711511166,1353.7165892078872,1.0288807135993399,232,44:36
1405000,2813.9999999472816,-1492489.8731782548,388887.2250839224,300.4488993536151,1352.4766260063088,1.0298240010463429,232,44:34
1410000,2823.999999947045,-1490036.6791228838,387805.23361774604,299.6129676897438,1352.4489845726678,1.029845048651178,232,44:30
1415000,2833.9999999468087,-1492553.8255532281,388550.2242980845,300.18853720064277,1353.521324431104,1.0290291443327542,232,44:26
1420000,2843.999999946572,-1488883.8370332913,390202.96922831645,301.4654251084245,1352.9098893125542,1.0294942045424746,232,44:22
1425000,2853.9999999463357,-1488815.4603449823,388501.3062161902,300.1507437661568,1353.6969374442342,1.028895649971028,232,44:18
1430000,2863.9999999460993,-1490242.975493663,388815.8090846564,300.3937243388764,1353.4432019202025,1.0290885412401622,232,44:14
1435000,2873.999999945863,-1487935.3483680608,387681.2809298148,299.51720355490284,1353.611734997554,1.0289604133182193,232,44:10
1440000,2883.9999999456263,-1489232.1312472606,388781.3740936895,300.36712034042154,1352.5360981790789,1.0297787188013845,232,44:06
1445000,2893.99999994539,-1489696.8807343422,389650.65658134915,301.03871598511864,1354.1964557944164,1.0285161243450496,232,44:02
1450000,2903.9999999451534,-1487854.532127251,388180.48670301324,299.90288304097004,1352.6578663708704,1.0296860166513053,232,43:59
1455000,2913.999999944917,-1492157.3501273068,388717.6078906119,300.3178554525701,1353.9513922431017,1.0287022845096319,232,43:57
1460000,2923.9999999446804,-1489130.4625139562,388227.3478946098,299.9390873504187,1356.0607307589485,1.0271021486891356,232,43:53
1465000,2933.999999944444,-1489658.4375500036,389751.24653367046,301.1164303930796,1352.5529264907004,1.0297659064102078,232,43:49
1470000,2943.9999999442075,-1489105.8392325602,389692.86897710373,301.07132869910225,1351.499167362101,1.030568811251295,232,43:45
1475000,2953.999999943971,-1492034.5474166628,389347.2170670753,300.80428280705706,1352.445148445822,1.029847969742834,232,43:41
1480000,2963.9999999437346,-1491192.7987425588,388200.57086302,299.91839978561796,1355.2676667924113,1.0277031795585623,232,43:37
1485000,2973.999999943498,-1490263.5272631766,387752.9993966727,299.5726122519259,1351.4558708207207,1.0306018275459035,232,43:33
1490000,2983.9999999432616,-1490833.046995354,388515.53715210455,300.1617383907072,1353.6252737399516,1.028950121821567,232,43:29
1495000,2993.999999943025,-1491311.6377342707,389911.95965002856,301.2405951272414,1350.0645491981159,1.0316639238788623,232,43:25
1500000,3003.9999999427887,-1491547.5353523036,388960.2800991124,300.50534064942104,1351.1025509085537,1.030871334954459,232,43:21
1505000,3013.999999942552,-1489712.1578610372,388658.566500283,300.27224088979597,1353.0354498534598,1.02939866835442,232,43:19
1510000,3023.9999999423158,-1487905.6115547204,388927.02751547843,300.4796501625419,1352.354981481251,1.0299166338633297,232,43:15
1515000,3033.9999999420793,-1490175.5065281903,387755.84943472524,299.5748141519647,1354.1697931470571,1.0285363751015393,232,43:11
1520000,3043.999999941843,-1489170.48214023,387295.51903711876,299.2191692441896,1353.0274038028906,1.0294047898813887,232,43:07
1525000,3053.9999999416063,-1488840.6210015016,389373.31024226017,300.8244420338438,1353.9978949541878,1.0286669539930124,232,43:03
1530000,3063.99999994137,-1488651.3273278465,388164.1122237349,299.89023234442016,1354.2652407460716,1.0284638846288099,232,42:59
1535000,3073.9999999411334,-1490374.6171845077,387418.1922907174,299.3139449057349,1355.7096007983266,1.0273681690350944,232,42:55
1540000,3083.999999940897,-1489258.4135430325,389102.18876579293,300.6149773254618,1353.8811240138523,1.028755675525043,232,42:51
1545000,3093.9999999406605,-1489435.7644806206,387144.685536862,299.10263736498473,1353.5924498473373,1.0289750733114398,232,42:47
1550000,3103.999999940424,-1492312.3893593587,387856.1348554032,299.6522932829837,1351.067935909593,1.0308977463651952,232,42:44
1555000,3113.9999999401875,-1488791.7900316752,389459.09215540835,300.8907159552467,1354.5121938457435,1.0282763762805178,232,42:43
1560000,3123.999999939951,-1491668.9808325488,388707.5266365005,300.3100668148713,1352.3637419784432,1.0299099621510535,232,42:39
1565000,3133.9999999397146,-1490493.5170384683,390502.34366546787,301.69671766404224,1351.1771801016303,1.0308143971249673,232,42:35
1570000,3143.999999939478,-1492036.2116926964,389135.55121199234,300.6407526906417,1352.6930379434352,1.0296592436322702,232,42:31
1575000,3153.9999999392417,-1491524.115670641,388446.41116074997,300.1083326044546,1348.9362555902412,1.0325268407186783,232,42:27
1580000,3163.999999939005,-1490384.8372495864,388306.3165827654,300.00009746828675,1351.7191191071543,1.03040111708671,232,42:23
1585000,3173.9999999387687,-1487639.1140404912,389849.75297100923,301.19253510613953,1353.632866720335,1.0289443500955087,232,42:20
1590000,3183.9999999385323,-1491472.1261039907,388175.50306492974,299.89903275101346,1352.6847768706753,1.0296655319339316,232,42:16
1595000,3193.999999938296,-1488822.0749837337,389814.2960349559,301.1651415670245,1355.3517379712425,1.0276394321080862,232,42:12
1600000,3203.9999999380593,-1487896.1752665555,389286.97877036105,300.7577435309396,1351.051324168386,1.0309104216842355,232,42:08
1605000,3213.999999937823,-1488072.3269977355,389241.51221261447,300.72261669634275,1353.9337997857426,1.0287156510428244,232,42:06
1610000,3223.9999999375864,-1489335.5339482976,387668.34758064983,299.50721142795464,1351.0444019996075,1.03091570362458,232,42:02
1615000,3233.99999993735,-1488660.406014775,388857.2532353791,300.4257435173583,1354.7826473205826,1.0280711028223657,232,41:58
1620000,3243.9999999371134,-1489505.908315355,387225.27962481155,299.1649032442859,1351.618720068435,1.0304776558917108,232,41:54
1625000,3253.999999936877,-1487226.70652238,388667.09463985823,300.2788296126535,1358.0507265665076,1.0255971025742574,232,41:50
1630000,3263.9999999366405,-1490001.7854403006,387432.3555647951,299.3248872556847,1355.9806573977835,1.027162801118694,232,41:46
1635000,3273.999999936404,-1489802.1796445725,387351.012662092,299.2620428524464,1354.4784973955925,1.0283019575383385,232,41:42
1640000,3283.9999999361676,-1493149.193629235,386598.3312717768,298.68053160523243,1351.52692021402,1.0305476490952303,232,41:38
1645000,3293.999999935931,-1489138.6519928072,387339.13973066513,299.2528699895978,1350.8944484183885,1.0310301385472156,232,41:34
1650000,3303.9999999356946,-1488103.5506863734,386699.3398227425,298.758569416725,1354.3326323005795,1.0284127082942174,232,41:30
1655000,3313.999999935458,-1489193.9803269869,387770.02426881564,299.5857654330207,1350.5522677561066,1.0312913639614876,232,41:28
1660000,3323.9999999352217,-1489860.1948827058,388603.06795328914,300.22936347885394,1352.5703662516207,1.029752628822838,232,41:24
1665000,3333.999999934985,-1488926.6288400786,387301.067345856,299.2234557908948,1353.7231418263455,1.0288757333618401,232,41:20
1670000,3343.9999999347488,-1490026.5810018005,389716.43798066885,301.0895377857558,1353.8184075251454,1.0288033332783633,232,41:16
1675000,3353.9999999345123,-1489749.1401602887,387776.4581817937,299.5907361853316,1354.5525397980107,1.028245748609478,232,41:12
1680000,3363.999999934276,-1488646.4415931646,388025.0177769172,299.7827698957795,1354.8998848563947,1.0279821453103888,232,41:09
1685000,3373.9999999340394,-1489888.3645623326,388961.8710553992,300.5065698002762,1352.7383195794193,1.0296247767628226,232,41:05
1690000,3383.999999933803,-1491278.871779481,388708.25458673015,300.3106292191653,1352.7082849713993,1.0296476378459705,232,41:01
1695000,3393.9999999335664,-1489367.8267055172,388918.6254958482,300.4731588782121,1354.1937494570725,1.0285181798201963,232,40:57
1700000,3403.99999993333,-1488608.8807384828,387624.3579057198,299.4732256126253,1354.6153168873093,1.0281980965016237,232,40:53
1705000,3413.9999999330935,-1487966.0951551106,387414.6809890176,299.31123212253465,1353.8001977908684,1.0288171715355543,232,40:50
1710000,3423.999999932857,-1490741.3249777239,386388.31183882494,298.5182734918176,1354.2164214222737,1.0285009606165205,232,40:46
1715000,3433.9999999326205,-1487662.8681698423,388519.56869116053,300.1648531021041,1351.6792919073223,1.0304314778323713,232,40:43
1720000,3443.999999932384,-1489705.1237307675,389310.5991194202,300.7759922864127,1353.8408951192125,1.0287862446294556,232,40:39
1725000,3453.9999999321476,-1490627.2662839238,388048.1700988339,299.80065705994605,1351.892406867185,1.0302690386013174,232,40:35
1730000,3463.999999931911,-1490162.2210408524,387676.961833113,299.5138666804402,1354.4999446977097,1.0282856752912723,232,40:31
1735000,3473.9999999316747,-1488544.5714955637,389073.72462450474,300.59298632300795,1355.02497328828,1.0278872476685756,232,40:27
1740000,3483.999999931438,-1489132.6475502243,390062.71245914476,301.3570646655855,1354.0419414975704,1.0286334917920077,232,40:23
1745000,3493.9999999312017,-1489323.5833861986,389413.95741273323,300.85584547639155,1355.3053324095788,1.027674618411788,232,40:19
1750000,3503.9999999309653,-1490757.2165135043,388593.59626648645,300.2220457844394,1352.0841653211398,1.0301229213675924,232,40:15
1755000,3513.999999930729,-1487868.239885035,388708.66182029265,300.31094384219153,1355.08087375045,1.0278448447586708,232,40:13
1760000,3523.9999999304923,-1488371.268632898,386986.3922318836,298.9803421436759,1355.4910946236528,1.0275337815496197,232,40:09
1765000,3533.999999930256,-1491288.1741839377,387175.8601022643,299.12672240367664,1352.8154474284638,1.0295660749313897,232,40:05
1770000,3543.9999999300194,-1490756.5678891325,389954.01988428505,301.27309028335304,1351.5397357071688,1.0305378772949736,232,40:01
1775000,3553.999999929783,-1491095.1362550976,387930.10966653074,299.7094452004281,1351.88682391961,1.0302732933495171,232,39:57
1780000,3563.9999999295464,-1490904.9909866676,389864.7176316388,301.2040965962717,1349.3974054719226,1.032173979783494,232,39:54
1785000,3573.99999992931,-1490205.089223179,387259.92100245104,299.1916666942337,1352.2571350629873,1.0299911564161197,232,39:50
1790000,3583.9999999290735,-1490220.7888485156,388992.42092450993,300.5301722072407,1351.254879498727,1.030755123587169,232,39:46
1795000,3593.999999928837,-1487947.7118261587,387398.5853019487,299.29879681699543,1350.8320186774702,1.0310777883982247,232,39:42
1800000,3603.9999999286006,-1490264.0603802754,388111.7325246298,299.84976451228397,1352.620476657803,1.0297144796720687,232,39:38
1805000,3613.999999928364,-1487241.7130641704,388803.748023857,300.3844061298727,1354.4031411276155,1.0283591701920314,232,39:36
1810000,3623.9999999281276,-1489523.2003406454,389479.03082206013,300.90612029373796,1355.6223004033402,1.0274343302711013,232,39:32
1815000,3633.999999927891,-1488687.7286944408,388783.11192774656,300.36846296701356,1354.264443089866,1.0284644903898221,232,39:28
1820000,3643.9999999276547,-1490737.0394520303,387515.990273786,299.3895022768098,1351.0386605562649,1.0309200846569488,232,39:24
1825000,3653.9999999274182,-1489175.4794878326,387469.8907527715,299.3538864235337,1352.080805592019,1.030125481077014,232,39:21
1830000,3663.9999999271818,-1488432.9425565572,388292.0680942526,299.98908928284123,1352.2121561829792,1.0300254172001408,232,39:17
1835000,3673.9999999269453,-1491136.170931506,387885.73419009283,299.67516132018187,1352.1421974625841,1.0300787098644015,232,39:13
1840000,3683.999999926709,-1489351.9302555043,389299.8038890052,300.7676520404822,1353.0302207047741,1.0294026467420507,232,39:09
1845000,3693.9999999264724,-1490171.8627601406,389670.52064285905,301.05406268470756,1350.6894244213672,1.0311866407869104,232,39:05
1850000,3703.999999926236,-1489333.951704734,388850.7886586165,300.42074907463086,1353.7867630122992,1.0288273813642108,232,39:01
1855000,3713.9999999259994,-1488392.392220267,388363.13841790357,300.0439972333738,1351.9955701699287,1.0301904244704116,232,38:59
1860000,3723.999999925763,-1490195.154425377,387686.7591403248,299.5214359446858,1352.0022212492386,1.0301853565214767,232,38:55
1865000,3733.9999999255265,-1489321.6685887855,388230.8661019211,299.9418054687991,1354.642973456913,1.0281771046736812,232,38:51
1870000,3743.99999992529,-1488625.1837957297,389481.2498805291,300.9078347076647,1354.4877475043327,1.0282949350274726,232,38:48
1875000,3753.9999999250535,-1490060.9022906478,387567.24265138345,299.4290991559181,1355.7367295046754,1.0273476110840087,232,38:44
1880000,3763.999999924817,-1489230.087292157,388565.59970077156,300.20041602441603,1351.7076793516753,1.0304098375645208,232,38:40
1885000,3773.9999999245806,-1488999.9204262467,388366.044037475,300.04624207492645,1351.8137377630067,1.030328995339487,232,38:36
1890000,3783.999999924344,-1488537.0053512305,388933.9119002161,300.4849689431131,1352.9945835943486,1.0294297606242784,232,38:32
1895000,3793.9999999241077,-1489537.0833159406,389451.26864433574,300.884671618639,1350.1581089967808,1.0315924342745226,232,38:28
1900000,3803.999999923871,-1491006.2650753744,387161.92244890635,299.11595436517894,1353.0761389334177,1.0293677127536818,232,38:24
1905000,3813.9999999236347,-1490455.284911572,388490.58569470013,300.14246123930985,1352.9282977182468,1.0294801968918053,232,38:22
1910000,3823.9999999233983,-1491117.3512974484,387439.7048813625,299.3305652361666,1353.9518740166948,1.028701918468855,232,38:18
1915000,3833.999999923162,-1489765.854838091,388264.5891886257,299.96785945985266,1353.1273816071628,1.02932873079634,232,38:14
1920000,3843.9999999229253,-1490554.6230465472,388935.5374252274,300.4862248012874,1353.0385230905893,1.0293963302198033,232,38:10
1925000,3853.999999922689,-1494174.6506176852,389032.00393880764,300.56075349742395,1352.3124131198697,1.0299490537857066,232,38:06
1930000,3863.9999999224524,-1489786.9265620457,389344.5382166879,300.80221316424417,1350.2210791308141,1.0315443239947633,232,38:02
1935000,3873.999999922216,-1490735.9844179703,388902.4527797866,300.460664061137,1352.9059283764404,1.0294972186180937,232,37:59
1940000,3883.9999999219795,-1487612.6124485135,387320.04028862336,299.2381140244501,1351.03841971049,1.030920268436139,232,37:55
1945000,3893.999999921743,-1489810.2257118244,388251.8829990438,299.9580428332612,1352.7532363972382,1.0296134230844107,232,37:51
1950000,3903.9999999215065,-1490783.8684972217,387370.31572071183,299.2769561289503,1353.5849539741491,1.028980771562326,232,37:47
1955000,3913.99999992127,-1489285.6401323508,386105.68248314667,298.2999179548872,1354.7933810721315,1.0280629576247682,232,37:45
1960000,3923.9999999210336,-1489906.3813649574,387169.0015585886,299.12142358755307,1354.363416593206,1.028389332767852,232,37:41
1965000,3933.999999920797,-1490419.0115543967,388002.6103516562,299.7654582284817,1354.5478811064836,1.0282492850512854,232,37:37
1970000,3943.9999999205606,-1489717.4132770477,388330.3574566168,300.0186711154067,1352.6116132538193,1.0297212271931842,232,37:33
1975000,3953.999999920324,-1489476.191317453,390617.46209611016,301.7856565737077,1353.8978468745784,1.0287429687038288,232,37:29
1980000,3963.9999999200877,-1491950.3829957666,388393.7374390194,300.06763761449855,1353.353815492369,1.0291565105676008,232,37:25
1985000,3973.9999999198512,-1489174.3253671285,389096.792198895,300.610808012406,1352.7665942088202,1.0296032562291921,232,37:21
1990000,3983.9999999196148,-1488081.9552794574,387792.79491991666,299.6033577235861,1353.180975755869,1.0292879631547203,232,37:17
1995000,3993.9999999193783,-1489644.9060744978,391406.631121125,302.3953576635764,1353.023838644679,1.0294075023176628,232,37:13
2000000,4003.999999919142,-1489458.2964108707,389719.8668127465,301.0921868540649,1352.1874632630906,1.0300442269700887,232,37:10
2005000,4013.9999999189054,-1492097.6813114863,390631.87408601225,301.79679107806857,1352.0996406932252,1.0301111311599611,232,37:07
2010000,4023.999999918669,-1491819.4543443182,389334.33360340155,300.79432922095043,1353.1720989905298,1.0292947152505714,232,37:03
2015000,4033.9999999184324,-1490003.3303510677,390196.4785417103,301.4604104935925,1352.926113402553,1.0294818590001258,232,36:59
2020000,4043.999999918196,-1490514.2837301912,388032.48864308494,299.7885417838039,1353.5042273888484,1.0290421427072012,232,36:55
2025000,4053.9999999179595,-1490330.4241787484,387594.32814632973,299.450025035248,1353.8230265951065,1.0287998231337734,232,36:51
2030000,4063.999999917723,-1492142.9439704008,389091.2349038804,300.606514523027,1351.7437744797749,1.0303823229010292,232,36:48
2035000,4073.9999999174865,-1492491.1136500193,389224.582348161,300.70953691687674,1349.3284436325955,1.032226732407577,232,36:44
2040000,4083.99999991725,-1489534.35679238,388416.41143209435,300.0851552284079,1351.9436265178858,1.0302300058937028,232,36:40
2045000,4093.9999999170136,-1492024.6738908263,389314.4678435144,300.77898120921867,1351.3816330034347,1.0306584434035557,232,36:36
2050000,4103.999999918596,-1491136.7564462079,388112.2457170441,299.8501609976558,1355.6890492208613,1.0273837434299182,232,36:32
2055000,4113.999999920633,-1490056.433225803,389266.5342701464,300.7419483924235,1352.228714674705,1.0300128041952823,232,36:30
2060000,4123.99999992267,-1490095.6030696435,389395.05619873514,300.84124265949276,1353.160939819617,1.029303203579867,232,36:26
2065000,4133.9999999247075,-1491440.0200818172,388822.96150998404,300.39925020390564,1351.1807807687621,1.030811650179798,232,36:22
2070000,4143.999999926745,-1489848.4541587317,388415.36052807246,300.0843433144742,1351.909813535175,1.03025577325557,232,36:18
2075000,4153.999999928782,-1490546.6362934997,388711.74969389156,300.31332949068883,1352.229771320013,1.0300119993334018,232,36:14
2080000,4163.999999930819,-1491062.2064915271,390082.0261566684,301.37198616155945,1354.1149870061993,1.0285780038479841,232,36:10
2085000,4173.999999932857,-1490574.0068541244,389453.39473216597,300.8863142047342,1352.947552946249,1.029465545269965,232,36:07
2090000,4183.999999934894,-1492742.2231711987,388739.8920170721,300.3350718609172,1351.2542401938217,1.0307556112576508,232,36:03
2095000,4193.999999936931,-1490538.0808563102,388231.9424588426,299.9426370472915,1353.7434078590413,1.0288603307167514,232,35:59
2100000,4203.999999938968,-1487932.3797750706,387967.66242457344,299.73845794266765,1355.388654442928,1.027611442481735,232,35:55
2105000,4213.999999941006,-1492528.8222949253,390415.88035727653,301.6299173062394,1351.3994668531163,1.0306448422380947,232,35:53
2110000,4223.999999943043,-1490151.921030514,388676.3555023157,300.2859844270905,1352.8976623303452,1.0295035087253952,232,35:49
2115000,4233.99999994508,-1490499.070414016,388348.00740902254,300.03230722487984,1352.888237646929,1.02951068059989,232,35:45
2120000,4243.999999947117,-1489335.2554620272,388390.5146715591,300.0651477488669,1352.0283365658436,1.0301654578137207,232,35:41
2125000,4253.999999949155,-1488766.0779962325,387924.5042111081,299.70511450298295,1354.3126176995288,1.0284279066094386,232,35:37
2130000,4263.999999951192,-1489915.377943052,387427.90242775774,299.3214468235099,1354.0791795946382,1.0286052036723823,232,35:34
2135000,4273.999999953229,-1489856.0855561225,390052.2664061736,301.3489941893257,1354.4886351025596,1.0282942611844166,232,35:30
2140000,4283.9999999552665,-1486252.411294369,389889.92523228354,301.22357164039903,1352.580517211906,1.0297449006485033,232,35:26
2145000,4293.999999957304,-1489659.729233454,388476.9020658062,300.1318894566048,1354.4464993966544,1.0283262505650177,232,35:22
2150000,4303.999999959341,-1490345.3095039157,389796.4360332846,301.1513431763896,1352.225772135961,1.0300150455758608,232,35:18
2155000,4313.999999961378,-1489889.5500038518,388691.40322418907,300.2976100891926,1352.950559229627,1.0294632577768,232,35:16
2160000,4323.999999963416,-1491074.225980469,389697.42359783116,301.07484753617445,1352.650206585915,1.029691847555275,232,35:12
2165000,4333.999999965453,-1490538.7281869827,389739.9426445729,301.1076971644757,1353.0308129268515,1.029402196172139,232,35:08
2170000,4343.99999996749,-1488482.3635581601,388147.73282410513,299.87757784647465,1355.643126537432,1.0274185462607566,232,35:04
2175000,4353.999999969527,-1488805.9765970223,388586.62050553266,300.2166564078656,1354.001407312432,1.0286642855712245,232,35:00
2180000,4363.999999971565,-1491763.5472478364,389598.6486456434,300.9985353722505,1350.8911222682816,1.0310326771389267,232,34:57
2185000,4373.999999973602,-1488794.391470966,389030.7890164449,300.5598148651852,1353.889548365566,1.0287492742645794,232,34:53
2190000,4383.999999975639,-1489173.9136032872,388582.55981724936,300.21351917617824,1356.3007571401386,1.0269203810313616,232,34:49
2195000,4393.999999977676,-1489140.9782995954,388902.3446384537,300.4605805126366,1354.0426717526323,1.0286329370348868,232,34:45
2200000,4403.999999979714,-1488416.5207623402,389687.0865692987,301.0668612906903,1354.2776479362194,1.0284544623755547,232,34:41
2205000,4413.999999981751,-1490691.86405933,388210.56710472313,299.92612274390416,1355.4501456697226,1.0275648239554338,232,34:39
2210000,4423.999999983788,-1488811.9279742967,388458.21611894236,300.117452952121,1356.1825863602885,1.027009861595034,232,34:35
2215000,4433.9999999858255,-1490907.5553930374,389248.09959580546,300.72770601762073,1356.9553893950015,1.0264249666574972,232,34:32
2220000,4443.999999987863,-1490061.0992873292,387473.4246502371,299.3566166639106,1354.2714206391915,1.0284591914803112,232,34:28
2225000,4453.9999999899,-1489414.2374305753,389329.1591069306,300.79033147643963,1355.1932850374276,1.0277595865426743,232,34:24
2230000,4463.999999991937,-1490473.087012766,390182.0400706368,301.4492555302444,1352.7468151162877,1.0296183105008778,232,34:20
2235000,4473.999999993975,-1490526.1623152858,389515.71180689137,300.93445951603405,1355.6869399243217,1.0273853419235757,232,34:16
2240000,4483.999999996012,-1490246.0401386283,389477.55122967216,300.904977181093,1350.2327897984119,1.0315353773355043,232,34:12
2245000,4493.999999998049,-1489022.420446013,387712.7612659761,299.54152482786037,1352.2640017434173,1.0299859262095123,232,34:08
2250000,4504.000000000086,-1491054.136355346,387331.2324878593,299.2467609630094,1352.708301983171,1.0296476248970368,232,34:05
2255000,4514.000000002124,-1491245.1217296235,387427.4712298614,299.32111368597026,1355.6043166800064,1.0274479604244666,232,34:02
2260000,4524.000000004161,-1491167.7526841834,389891.25869863445,301.22460185808586,1352.183260868911,1.0300474282017482,232,33:58
2265000,4534.000000006198,-1490488.9888559533,390339.62306138815,301.5710019725912,1351.366077630153,1.0306703071591128,232,33:54
2270000,4544.0000000082355,-1490513.6272608899,387543.1427140195,299.4104798771441,1352.3876118920755,1.029891784032865,232,33:50
2275000,4554.000000010273,-1489311.7547654388,388669.3931254161,300.2806053908522,1352.5688921687993,1.0297537510877883,232,33:46
2280000,4564.00000001231,-1490109.3210387072,389345.56345941074,300.80300525261265,1351.8050241468638,1.030335636749458,232,33:43
2285000,4574.000000014347,-1491051.1896284278,389140.08486202,300.6442553260409,1350.7382718278843,1.0311493494817865,232,33:39
2290000,4584.000000016385,-1489559.3740955153,389491.3079820147,300.9156054579646,1353.7804951995604,1.028832144689868,232,33:35
2295000,4594.000000018422,-1489002.1917033894,389830.5362882492,301.177688562432,1352.4202043191174,1.029866964326146,232,33:31
2300000,4604.000000020459,-1491439.626833723,389228.4090972456,300.71249341037,1354.3601659259334,1.0283918010562965,232,33:27
2305000,4614.000000022496,-1491779.878477227,387172.6315676537,299.12422808242434,1351.659487640144,1.0304465755256014,232,33:25
2310000,4624.000000024534,-1490829.3498019464,389082.5114391849,300.5997748946791,1352.0034201569656,1.0301844429903675,232,33:21
2315000,4634.000000026571,-1490094.473143789,389476.1096606073,300.90386344474234,1351.3234131745623,1.0307028478426528,232,33:17
2320000,4644.000000028608,-1489330.2865593014,387207.9311852728,299.1515000794898,1354.7477444861402,1.028097589373565,232,33:13
2325000,4654.000000030645,-1490995.7945150016,388715.83080148895,300.31648249805625,1352.7708330259388,1.0296000300361066,232,33:09
2330000,4664.000000032683,-1490025.7124681547,388222.1484048418,299.9350702964317,1352.856021062488,1.02953519711699,232,33:05
2335000,4674.00000003472,-1489534.308087335,390348.6703168418,301.57799175720714,1353.3195921036447,1.0291825363663294,232,33:02
2340000,4684.000000036757,-1489721.6800051145,386449.1044685745,298.5652410379825,1354.1098475339065,1.028581907776577,232,32:58
2345000,4694.0000000387945,-1488810.9997890713,389262.6797855166,300.7389704708311,1357.6253370470079,1.0259184565198265,232,32:54
2350000,4704.000000040832,-1490503.9207704281,388846.8251661955,300.4176869351244,1355.816885660494,1.0272868740950651,232,32:50
2355000,4714.000000042869,-1490458.725380675,389751.0357449759,301.1162675406453,1356.2722982441185,1.0269419290791855,232,32:47
2360000,4724.000000044906,-1490644.2118599145,388957.25665236736,300.50300477622125,1351.4852806729762,1.0305794004814615,232,32:43
2365000,4734.000000046944,-1489258.6440950483,388853.29817561293,300.42268789280445,1351.9532712130788,1.0302226563391013,232,32:39
2370000,4744.000000048981,-1489638.790915558,387144.2308168587,299.1022860545901,1354.0599718816586,1.0286197947199962,232,32:36
2375000,4754.000000051018,-1491530.3909952426,388576.2881135642,300.2086737445268,1352.2261631836873,1.0300147477077581,232,32:32
2380000,4764.000000053055,-1493130.1417883877,388318.4752232692,300.00949106602246,1351.3662602768575,1.0306701678567338,232,32:28
2385000,4774.000000055093,-1488734.0710005863,388287.52983818576,299.9855830888798,1355.1894591820715,1.0277624880259264,232,32:24
2390000,4784.00000005713,-1491253.8035412142,389045.20485798066,300.570952345265,1352.6765461038815,1.029671797243176,232,32:20
2395000,4794.000000059167,-1491196.473809556,387308.5587167394,299.22924352057936,1352.2091091935038,1.0300277381995961,232,32:16
2400000,4804.000000061204,-1491603.761369721,387789.38445619214,299.6007228464129,1351.2333126882559,1.0307715752984936,232,32:13
2405000,4814.000000063242,-1491168.4695114018,386744.9616019166,298.793816173253,1352.3892521964242,1.0298905348836507,232,32:10
2410000,4824.000000065279,-1490553.5047675585,388793.64663357614,300.3766019352474,1350.2629337182507,1.0315123488430908,232,32:06
2415000,4834.000000067316,-1490526.6895154305,387467.02377313364,299.3516714346601,1354.2156378996822,1.028501555686992,232,32:02
2420000,4844.0000000693535,-1493259.7559885327,387823.32633777335,299.6269458753665,1348.540242585137,1.0328300530694345,232,31:58
2425000,4854.000000071391,-1491007.3514994867,387851.16391783854,299.64845280527265,1348.8960952510783,1.0325575818767734,232,31:55
2430000,4864.000000073428,-1491565.6750207832,387488.897184117,299.36857052990194,1349.1494079386027,1.0323637116244873,232,31:51
2435000,4874.000000075465,-1491058.4717320502,387869.81031519757,299.6628587543552,1350.5963164908037,1.0312577291298715,232,31:47
2440000,4884.000000077503,-1488827.5882258788,387474.32391439367,299.3573114229786,1350.3085169252292,1.0314775274372352,232,31:43
2445000,4894.00000007954,-1490775.7043504184,389820.4743490842,301.1699148471941,1353.4765455269996,1.0290631891025193,232,31:39
2450000,4904.000000081577,-1489646.8253269056,388175.00090513437,299.8986447892907,1353.732092010087,1.0288689309620778,232,31:36
2455000,4914.000000083614,-1492466.91965325,387709.5834085571,299.5390696591064,1352.2145055904123,1.0300236275806973,232,31:33
2460000,4924.000000085652,-1490609.2505723918,387002.1289876787,298.99250014386996,1353.1025941609653,1.0293475870387594,232,31:29
2465000,4934.000000087689,-1491255.2292135442,387767.92323360115,299.5841422022304,1353.2959681536356,1.0292005023969402,232,31:25
2470000,4944.000000089726,-1490187.8361013643,388413.14004856,300.0826278026689,1355.1676391051642,1.027779036426201,232,31:21
2475000,4954.0000000917635,-1491031.5786559163,387589.53674933396,299.4463232681009,1352.1117657918273,1.030101893610705,232,31:18
2480000,4964.000000093801,-1491617.0479008006,387260.80334159505,299.1923483772708,1354.0609728902552,1.0286190342983623,232,31:14
2485000,4974.000000095838,-1491040.7822299376,388779.53008170775,300.36569568223126,1354.3893867518093,1.0283696135982106,232,31:10
2490000,4984.000000097875,-1490494.5259523895,386776.28202650935,298.81801390074116,1351.1256405598103,1.0308537181918869,232,31:06
2495000,4994.0000000999125,-1489964.0998930829,388359.50922906137,300.0411933721954,1354.070884462836,1.028611504978935,232,31:02
2500000,5004.00000010195,-1492240.2306326563,387935.3278621438,299.71347670629257,1350.6100409154067,1.0312472498512337,232,30:59
2505000,5014.000000103987,-1489923.7057013493,390135.22811736364,301.41308926164436,1354.3730412123975,1.0283820246958457,232,30:56
2510000,5024.000000106024,-1487810.2438938962,388637.00020774314,300.25557907002207,1352.27783284024,1.0299753915141077,232,30:52
2515000,5034.000000108062,-1488185.1525920928,389151.3500144445,300.65295862722616,1353.3987211416122,1.0291223632460778,232,30:48
2520000,5044.000000110099,-1490785.7133966442,387610.62268462416,299.4626139704978,1354.2695111660726,1.0284606415721607,232,30:44
2525000,5054.000000112136,-1489727.2663641553,389195.6143445228,300.6871566373299,1355.1791329094915,1.0277703194301602,232,30:40
2530000,5064.000000114173,-1489871.7619031882,390067.59884272603,301.3608398180567,1355.536886449096,1.0274990701020508,232,30:37
2535000,5074.000000116211,-1488787.31096886,388845.465243674,300.4166362777655,1354.1128228582143,1.0285796477250504,232,30:33
2540000,5084.000000118248,-1488245.013733808,389871.93898409774,301.2096757134506,1354.7657835843759,1.028083899956815,232,30:29
2545000,5094.000000120285,-1490883.7841372006,388390.2684694608,300.064957536526,1354.0692740367124,1.028612728330554,232,30:25
2550000,5104.0000001223225,-1488568.009754886,388335.17256550305,300.0223912020329,1354.751700145393,1.0280945874923042,232,30:21
2555000,5114.00000012436,-1491582.8454090087,389687.7178839539,301.0673490356741,1350.9316769985653,1.0310017257201043,232,30:19
2560000,5124.000000126397,-1490913.6925699264,388979.4717910991,300.5201678856022,1355.2786561298644,1.0276948463814768,232,30:15
2565000,5134.000000128434,-1487177.0551223652,386764.4035933352,298.80883678731846,1353.931381988715,1.0287174880824828,232,30:11
2570000,5144.000000130472,-1492066.8856260646,386158.95978414465,298.3410792618495,1352.1102489703753,1.0301030491974268,232,30:07
2575000,5154.000000132509,-1492647.3589182692,388972.5283798196,300.5148035019399,1352.137372760653,1.0300823853953354,232,30:03
2580000,5164.000000134546,-1490667.452207569,387758.96563926013,299.57722168855184,1352.098616750447,1.0301119112619748,232,29:59
2585000,5174.000000136583,-1494626.116267112,389104.6025872918,300.6168422106156,1351.2746006221012,1.0307400802725448,232,29:56
2590000,5184.000000138621,-1490307.7354163546,388750.29301272193,300.34310752651277,1352.6181918274435,1.0297162190564115,232,29:52
2595000,5194.000000140658,-1491700.8856416252,387086.50521536625,299.0576880520993,1351.5785100715648,1.0305083130107826,232,29:48
2600000,5204.000000142695,-1489458.3918580106,388116.30832689547,299.85329971392,1353.1022326198158,1.029347862074526,232,29:44
2605000,5214.000000144732,-1490708.1008861521,385675.5876722264,297.9676326438159,1353.146887910823,1.0293138924968406,232,29:41
2610000,5224.00000014677,-1490775.0219566412,390076.32226212695,301.3675794114107,1353.3117480116425,1.0291885017342604,232,29:38
2615000,5234.000000148807,-1491856.6452155998,388753.2683068412,300.34540619765886,1350.907991290805,1.0310198024549622,232,29:34
2620000,5244.000000150844,-1488732.2887301818,389298.813950619,300.76688722775657,1354.3217314215044,1.0284209859451716,232,29:30
2625000,5254.0000001528815,-1489680.4031392513,388601.95152900775,300.22850094487256,1351.0456226235294,1.030914772227188,232,29:26
2630000,5264.000000154919,-1491467.7304128679,390453.4329120159,301.6589298914096,1351.7516282850859,1.030376336281897,232,29:22
2635000,5274.000000156956,-1491726.5928558102,389264.84303157724,300.74064176486195,1351.5380098727276,1.0305391932311505,232,29:18
2640000,5284.000000158993,-1492682.2586630657,388376.29562664847,300.0541623111418,1351.7625778431113,1.0303679900192713,232,29:15
2645000,5294.000000161031,-1492982.0711044287,388925.3110693755,300.4783240599878,1353.5424219769059,1.0290131049466578,232,29:11
2650000,5304.000000163068,-1490260.790277306,390544.64326649706,301.72939775161666,1351.72526027679,1.0303964357596394,232,29:07
2655000,5314.000000165105,-1489614.0705667287,389625.68762015714,301.01942531053675,1352.6927331630673,1.0296594756287283,232,29:04
2660000,5324.000000167142,-1489738.5239165798,386592.5695976699,298.67608021538933,1350.867465362526,1.0310507329760086,232,29:00
2665000,5334.00000016918,-1490493.8249758678,388822.3117324937,300.39874819479036,1351.813079103665,1.0303294973584631,232,28:57
2670000,5344.000000171217,-1492048.312391337,388695.93674267514,300.3011126229646,1350.4377200094282,1.0313788408589115,232,28:53
2675000,5354.000000173254,-1487636.4603726715,387635.13000344194,299.48154798655685,1352.8033024892518,1.0295753179731326,232,28:49
2680000,5364.0000001752915,-1490481.6337084137,389152.88230767334,300.6541424558129,1352.3975935091235,1.0298841827287526,232,28:45
2685000,5374.000000177329,-1488747.6195135964,390047.0885449842,301.3449938452799,1350.7551510217863,1.0311364641192553,232,28:41
2690000,5384.000000179366,-1489647.1930385735,389605.80933185073,301.0040676195213,1351.0809843868897,1.0308877901553202,232,28:37
2695000,5394.000000181403,-1488559.847870227,388558.3405882739,300.19480773435265,1352.3167917584494,1.0299457189349606,232,28:34
2700000,5404.0000001834405,-1490292.966578993,388458.9367375041,300.1180096920697,1353.3741339167948,1.0291410596747117,232,28:30
2705000,5414.000000185478,-1488960.9069503322,389457.47578378354,300.8894671688524,1352.9191540579159,1.0294871546004083,232,28:27
2710000,5424.000000187515,-1489911.3850012366,389022.3011300409,300.5532572413719,1353.411267786374,1.029112822884611,232,28:23
2715000,5434.000000189552,-1490019.2266809084,388831.910067774,300.40616373606963,1353.3329742021024,1.029172359549319,232,28:19
2720000,5444.00000019159,-1490467.147144544,388737.21136004175,300.3330008223169,1352.0396192592962,1.0301568611417737,232,28:15
2725000,5454.000000193627,-1490752.51485549,388394.510272483,300.06823469495924,1354.0936795231164,1.0285941891450192,232,28:12
2730000,5464.000000195664,-1492069.2692108583,389143.1839703599,300.6466496543439,1349.7894638616108,1.0318741756442362,232,28:08
2735000,5474.000000197701,-1491043.7857239442,389291.78166558384,300.76145418145813,1352.64421517918,1.029696408475731,232,28:04
2740000,5484.000000199739,-1491513.2206141269,387226.8663733995,299.1661291443311,1351.3693983573035,1.0306677744875308,232,28:00
2745000,5494.000000201776,-1490271.233268964,388085.9565939006,299.82985038418235,1353.0021902429794,1.0294239731166632,232,27:56
2750000,5504.000000203813,-1490130.5043713646,389790.5251453289,301.1467765059877,1355.4097425268446,1.0275954544335069,232,27:53
2755000,5514.0000002058505,-1487184.5692418795,390375.322172486,301.598582612801,1353.2092221303408,1.029266478189372,232,27:49
2760000,5524.000000207888,-1491242.6152261905,391213.25649190135,302.24595909564806,1354.7359167749257,1.028106565323222,232,27:46
2765000,5534.000000209925,-1490311.3794229357,388369.77347588737,300.04912338753826,1354.7588576015935,1.028089155867378,232,27:42
2770000,5544.000000211962,-1488664.7527976045,389875.5842871259,301.21249202422655,1352.8486110382353,1.0295408362407747,232,27:38
2775000,5554.000000214,-1490651.2930105915,387623.51073232375,299.47257109815945,1352.298373106498,1.0299597470607817,232,27:34
2780000,5564.000000216037,-1490565.8570903642,389761.90238037193,301.12466295307803,1351.3471495876304,1.0306847435468365,232,27:30
2785000,5574.000000218074,-1489395.2951428695,388864.8701790351,300.4316282628327,1353.6703344865964,1.028915870305841,232,27:27
2790000,5584.000000220111,-1489854.392586993,389380.7132154034,300.8301614686551,1355.6428771480382,1.027418735268712,232,27:23
2795000,5594.000000222149,-1492193.3974450715,387417.6026985893,299.3134893949993,1351.979274676097,1.0302028414223738,232,27:19
2800000,5604.000000224186,-1491909.9779730448,388805.95222978346,300.3861090689301,1353.4387294813216,1.0290919418637023,232,27:15
2805000,5614.000000226223,-1491644.8664948503,388357.27629001177,300.03946823432375,1355.5439417920481,1.027493722168945,232,27:12
2810000,5624.00000022826,-1488324.3448307496,390242.80912020145,301.49620485868405,1351.1794996220176,1.0308126275636247,232,27:08
2815000,5634.000000230298,-1491224.3442242295,387011.0736971858,298.99941070290373,1352.7637506491162,1.0296054204935206,232,27:04
2820000,5644.000000232335,-1492507.517294907,389214.04577773326,300.7013965080801,1354.0252051648372,1.0286462061434936,232,27:01
2825000,5654.000000234372,-1490879.3853981085,389757.6133947496,301.12134934201947,1352.0895748518994,1.030118799982639,232,26:57
2830000,5664.0000002364095,-1490863.0467487294,388317.40582810284,300.0086648660859,1352.7980877723883,1.0295792867426194,232,26:53
2835000,5674.000000238447,-1490445.6276241243,390789.95120362437,301.91891927600386,1350.8563655877729,1.0310592049580687,232,26:49
2840000,5684.000000240484,-1491008.934774234,388418.0683448992,300.08643533635814,1351.3101375986148,1.0307129737001857,232,26:45
2845000,5694.000000242521,-1491623.4736610157,390185.28257933556,301.4517606476842,1351.3873631226338,1.030654073231172,232,26:42
2850000,5704.000000244559,-1489781.708344818,389439.1588203693,300.87531573588586,1351.344359329863,1.0306868717061701,232,26:38
2855000,5714.000000246596,-1490971.2515091877,390095.21168444527,301.3821731182205,1351.6217377192008,1.0304753552319919,232,26:35
2860000,5724.000000248633,-1488363.1715604542,387550.4494311037,299.41612494585354,1356.1877411551948,1.0270059579871174,232,26:31
2865000,5734.00000025067,-1489768.9832969932,388909.94601396244,300.4664532303755,1352.0031184365275,1.0301846728919832,232,26:27
2870000,5744.000000252708,-1488895.6762961224,388982.85933077737,300.52278505197376,1352.3599356692482,1.0299128609028245,232,26:23
2875000,5754.000000254745,-1492648.8965582876,387043.87938394665,299.0247559234307,1349.7636683919425,1.0318938958957313,232,26:19
2880000,5764.000000256782,-1491006.7857258804,388691.5559961248,300.2977281186803,1351.1225602561092,1.0308560683432475,232,26:16
2885000,5774.0000002588195,-1489954.2611408364,390358.9282922865,301.5859169273674,1352.2238178764558,1.0300165341731378,232,26:12
2890000,5784.000000260857,-1489007.9935113192,388653.74501771526,300.26851587895146,1353.415882964699,1.0291093135869485,232,26:08
2895000,5794.000000262894,-1491575.1393091874,388863.0745615322,300.4302409935484,1351.886513236719,1.030273530121082,232,26:04
2900000,5804.000000264931,-1490095.247374582,388364.51381033903,300.04505984257446,1350.1469502708246,1.0316009602036966,232,26:01
2905000,5814.0000002669685,-1491760.3743732953,388789.86591137503,300.3736810014887,1349.3611084225197,1.032201744678823,232,25:58
2910000,5824.000000269006,-1492188.6884598425,388283.9180085894,299.982792639215,1349.813775615956,1.0318555903608981,232,25:54
2915000,5834.000000271043,-1492316.41056477,387997.4513262799,299.76147243672494,1352.7486092157656,1.0296169449569321,232,25:50
2920000,5844.00000027308,-1490218.7544403598,388110.61505826964,299.8489011732069,1353.3546321687056,1.0291558895272994,232,25:46
2925000,5854.000000275118,-1490778.579896627,387796.30648347386,299.6060707090938,1352.3125343022218,1.0299489614907333,232,25:43
2930000,5864.000000277155,-1493159.5909788348,387726.13226090075,299.55185507387836,1354.1200172271856,1.02857418293507,232,25:39
2935000,5874.000000279192,-1488693.22411614,387621.27468413423,299.4708435582093,1353.1016494309288,1.0293483057250339,232,25:35
2940000,5884.000000281229,-1491011.109975475,389070.42261099035,300.59043523296936,1352.5783655341575,1.0297465387637104,232,25:31
2945000,5894.000000283267,-1490596.9301460832,389765.71383424045,301.1276076296986,1352.7851750666775,1.0295891143594362,232,25:28
2950000,5904.000000285304,-1492448.2218299983,389890.4602714426,301.22398500426414,1351.577687167242,1.0305089404329084,232,25:24
2955000,5914.000000287341,-1491146.2020854065,389061.5373650031,300.5835706146297,1351.5623420635175,1.0305206404234215,232,25:21
2960000,5924.0000002893785,-1489595.6186269866,388710.03766706923,300.31200680240994,1351.5199730589538,1.0305529463712337,232,25:17
2965000,5934.000000291416,-1494919.1369755715,386621.52099278156,298.69844766341794,1348.841405073958,1.0325994479974512,232,25:13
2970000,5944.000000293453,-1491313.2279474474,388980.3853892719,300.52087371893316,1350.6660510290412,1.0312044855605302,232,25:09
2975000,5954.00000029549,-1493958.2011183081,390246.21876919805,301.4988391064097,1350.5698657558278,1.0312779261782261,232,25:05
2980000,5964.000000297528,-1493358.1729525588,387679.74245749984,299.5160149524395,1351.070932780569,1.0308954596847104,232,25:02
2985000,5974.000000299565,-1491346.2971532922,388411.9241724509,300.08168843357896,1354.291935979322,1.0284436119811182,232,24:58
2990000,5984.000000301602,-1489721.6443668436,387639.4084431584,299.48485344999415,1353.3997634958564,1.02912157064208,232,24:54
2995000,5994.000000303639,-1490324.640604877,388893.4854751531,300.45373604542056,1351.9242667277636,1.0302447589661807,232,24:50
3000000,6004.000000305677,-1491412.6332257641,386223.0385146051,298.3905856040407,1352.4490647257085,1.0298449876172993,232,24:46
3005000,6014.000000307714,-1490826.349275156,390069.1625266066,301.3620478986275,1352.9864362271592,1.0294359596090064,232,24:43
3010000,6024.000000309751,-1489548.4669503924,390395.2917031648,301.6140107964133,1353.7765779657113,1.0288351216774803,232,24:39
3015000,6034.000000311788,-1491096.4523138339,387665.0956271048,299.50469901355706,1353.68819023709,1.0289022984469804,232,24:36
3020000,6044.000000313826,-1489556.1096554892,389569.2243800455,300.9758025910149,1352.1257069426235,1.030091272700415,232,24:32
3025000,6054.000000315863,-1490199.6879216768,388713.0083096482,300.3143018798403,1352.6389527090382,1.0297004145311486,232,24:28
3030000,6064.0000003179,-1490019.6761044394,389958.9701163799,301.27691476430414,1351.5161292267505,1.030555877355568,232,24:24
3035000,6074.0000003199375,-1491050.0865430608,389047.84373114957,300.5729911022311,1351.1557278609766,1.0308307633202625,232,24:20
3040000,6084.000000321975,-1489912.1919033192,389235.9478005656,300.71831770844136,1351.4454512978689,1.03060977339328,232,24:17
3045000,6094.000000324012,-1490514.1432810165,388510.69957331603,300.1580009441448,1351.5724463481638,1.03051293630522,232,24:13
3050000,6104.000000326049,-1491423.8911090484,389788.15693371143,301.1449468583983,1349.287579918047,1.0322579938074226,232,24:09
3055000,6114.000000328087,-1491002.8224438326,389539.55452131084,300.95288006791355,1351.7907711142088,1.0303465004184444,232,24:06
3060000,6124.000000330124,-1490942.7423425894,388622.3101944592,300.244229768636,1352.2252156322843,1.0300154694750407,232,24:02
3065000,6134.000000332161,-1490082.4777497845,387282.05721599807,299.2087688271069,1353.797627890968,1.028819124528448,232,23:58
3070000,6144.000000334198,-1490840.1784650832,389652.4257685237,301.04008283469625,1349.4143171594312,1.0321610439463837,232,23:54
3075000,6154.000000336236,-1492367.3524679383,389061.99454254244,300.5839238236827,1351.6355529625762,1.0304648226089088,232,23:51
3080000,6164.000000338273,-1490762.2610662272,386944.203114602,298.94774741431905,1353.5848289312564,1.0289808666186013,232,23:47
3085000,6174.00000034031,-1491093.8845063401,389336.7328609435,300.79618285419224,1350.463626793748,1.0313590552766478,232,23:43
3090000,6184.000000342347,-1491005.8188781412,390939.43706702825,302.0344099895878,1351.6732665282018,1.0304360712059812,232,23:39
3095000,6194.000000344385,-1492064.8964166865,388385.1890679316,300.0610332610538,1352.380198766274,1.0298974294256058,232,23:35
3100000,6204.000000346422,-1489486.3745386992,387561.87710791023,299.4249538111318,1352.0859502947003,1.0301215614376424,232,23:32
3105000,6214.000000348459,-1492813.0907708807,388834.56300717074,300.40821336040904,1351.9348065589609,1.0302367270656787,232,23:29
3110000,6224.0000003504965,-1491900.5467616618,388148.9764643811,299.87853866577655,1351.7273697730877,1.0303948277301542,232,23:25
3115000,6234.000000352534,-1491618.4890120793,390212.43649940996,301.4727393913231,1352.3341773872155,1.0299324779371228,232,23:21
3120000,6244.000000354571,-1492901.8846866796,388336.2516247653,300.0232248683165,1351.25239428986,1.0307570193409035,232,23:17
3125000,6254.000000356608,-1490749.997980129,389794.9206764754,301.15017243264674,1353.752503415051,1.0288534180375575,232,23:13
3130000,6264.000000358646,-1490725.2405780572,387364.57580310595,299.2725215478794,1354.0282741477836,1.0286438746577153,232,23:10
3135000,6274.000000360683,-1492196.0186545756,387185.6971335324,299.13432235817953,1352.176148627005,1.030052846095335,232,23:06
3140000,6284.00000036272,-1489236.015867876,390935.5125511758,302.0313779628399,1352.327965015152,1.0299372092773884,232,23:02
3145000,6294.000000364757,-1491194.6770520154,389644.830993067,301.03421521606646,1352.4052411878135,1.0298783588654032,232,22:58
3150000,6304.000000366795,-1490072.4354875004,388648.7585236342,300.2646633824907,1352.779402622789,1.0295935077183087,232,22:55
3155000,6314.000000368832,-1489407.9323165808,388268.0582785712,299.97053963083454,1354.6478068613642,1.0281734361217751,232,22:51
3160000,6324.000000370869,-1490252.9134656135,388138.115723321,299.87014780722626,1353.6998407947451,1.0288934432449717,232,22:48
3165000,6334.0000003729065,-1489796.6861832337,387787.1352258113,299.5989851220838,1354.7523195874355,1.0280941174100595,232,22:44
3170000,6344.000000374944,-1489615.4140658295,387853.68684417236,299.65040198331513,1356.8819772025777,1.0264804999377874,232,22:40
3175000,6354.000000376981,-1492357.1469686525,388472.37958510325,300.1283954504717,1350.78564923576,1.0311131829861335,232,22:36
3180000,6364.000000379018,-1488292.4519572193,388601.0427726336,300.2277988522484,1355.6860642778563,1.0273860055184647,232,22:33
3185000,6374.0000003810555,-1492142.6068222849,390049.5028980175,301.3468591410899,1350.7809709954024,1.0311167541019615,232,22:29
3190000,6384.000000383093,-1489139.0546895592,387975.30205331766,299.7443602143279,1352.0322256474765,1.0301624945725456,232,22:25
3195000,6394.00000038513,-1490562.0139813134,388140.8371665126,299.8722503566515,1352.7945803275843,1.0295819561741595,232,22:21
3200000,6404.000000387167,-1489444.8010476818,388788.55123996665,300.3726653045149,1355.2516525257067,1.0277153233643126,232,22:18
3205000,6414.000000389205,-1490242.8146785265,390217.04848794907,301.4763025499744,1355.1189477542998,1.0278159659885517,232,22:14
3210000,6424.000000391242,-1488254.3554489622,388918.7404972677,300.4732477267205,1354.0524074966022,1.0286255410826635,232,22:11
3215000,6434.000000393279,-1490388.4795120703,389675.9652765007,301.0582691334657,1353.275922493365,1.0292157476276271,232,22:07
3220000,6444.000000395316,-1488879.8669272978,389184.79795149417,300.6788000414563,1352.9344039283008,1.0294755505303035,232,22:03
3225000,6454.000000397354,-1489122.2999230921,389980.7659957635,301.29375395970277,1352.148259447234,1.030074091789953,232,21:59
3230000,6464.000000399391,-1490517.6359631792,390518.57898273086,301.70926084594095,1353.024492062521,1.029407005184586,232,21:56
3235000,6474.000000401428,-1492470.8079993054,388178.8393640457,299.90161032963437,1350.2424904538798,1.0315279663931223,232,21:52
3240000,6484.0000004034655,-1489246.6661404269,388122.8357387072,299.85834270213866,1352.5028692320475,1.0298040189048292,232,21:48
3245000,6494.000000405503,-1491552.8560119765,388695.8602986446,300.3010535633623,1353.2985246106964,1.02919855817928,232,21:44
3250000,6504.00000040754,-1490959.663101119,388509.54563945555,300.1571094307807,1353.1283506810414,1.0293279936189796,232,21:41
3255000,6514.000000409577,-1488807.7830533255,390738.5851075327,301.8792345395574,1353.1902235904106,1.0292809288999547,232,21:37
3260000,6524.000000411615,-1489395.7240005601,388566.1753636432,300.2008607736004,1351.6927532433529,1.0304212158964792,232,21:34
3265000,6534.000000413652,-1489981.0264889468,388265.6376425909,299.96866948090644,1352.9594941243672,1.0294564592393072,232,21:30
3270000,6544.000000415689,-1490060.4845238011,389164.0615918815,300.6627794164001,1352.7920344221614,1.0295838938099666,232,21:26
3275000,6554.000000417726,-1491595.1182789737,387403.2864681914,299.30242887310885,1353.8103382571799,1.0288094653705373,232,21:22
3280000,6564.000000419764,-1491457.4223470893,389244.9536222145,300.72527548187196,1351.6607236870423,1.030445633217912,232,21:18
3285000,6574.000000421801,-1491045.2275086986,387894.4510027794,299.6818958092795,1353.2314733235144,1.0292495539545423,232,21:15
3290000,6584.000000423838,-1488999.477949475,388337.6116379305,300.02427559570543,1353.3949167796625,1.0291252560853457,232,21:11
3295000,6594.000000425875,-1491159.7054041158,388701.8307161222,300.30566622545075,1353.030261283533,1.0294026158692144,232,21:07
3300000,6604.000000427913,-1490965.497762126,388632.2516405642,300.2519103925999,1352.7868701258067,1.0295878242711998,232,21:03
3305000,6614.00000042995,-1488168.844164216,388670.90439927427,300.28177298016345,1355.9099191358537,1.0272163885364454,232,21:00
3310000,6624.000000431987,-1490899.6902089305,388655.9169538729,300.27019388683124,1351.9302376089727,1.0302402088282365,232,20:56
3315000,6634.0000004340245,-1490958.9616008364,388451.6314209559,300.11236570539495,1352.6056490297603,1.0297257676800005,232,20:53
3320000,6644.000000436062,-1491099.0787211321,389221.33402462536,300.7070273069742,1354.3701809199688,1.028384196534358,232,20:49
3325000,6654.000000438099,-1489926.2056496842,387367.6459585294,299.27489350755906,1353.9672984201272,1.0286901994905453,232,20:45
3330000,6664.000000440136,-1489650.5317582479,387923.18161835044,299.7040926860841,1353.8525394303445,1.0287773961716127,232,20:41
3335000,6674.000000442174,-1490881.4021566957,388680.3639828772,300.2890813238131,1353.9055843347167,1.028737089521554,232,20:38
3340000,6684.000000444211,-1490069.1215186194,388844.5382667368,300.4159201081859,1352.4566575177664,1.0298392059911012,232,20:34
3345000,6694.000000446248,-1491242.8629638609,390899.0113337707,302.00317762637457,1354.996014893122,1.0279092152350988,232,20:30
3350000,6704.000000448285,-1489503.6021826882,388243.00185157225,299.95118138137815,1350.7934930307306,1.0311071955125184,232,20:26
3355000,6714.000000450323,-1489876.847026175,388937.85365096026,300.48801428530027,1351.4322849076857,1.0306198141556284,232,20:23
3360000,6724.00000045236,-1490794.3051683763,387729.99456004356,299.5548390328556,1349.2657077247773,1.0322747271655857,232,20:19
3365000,6734.000000454397,-1490185.8910818407,388613.02073904104,300.23705286367243,1351.3775581219045,1.030661551203467,232,20:15
3370000,6744.0000004564345,-1492195.7402998293,388967.8525313187,300.5111910059642,1351.0364146554477,1.0309217984110974,232,20:12
3375000,6754.000000458472,-1491533.0392497517,387665.2358753618,299.50480736742344,1353.0659192463715,1.0293754875529213,232,20:08
3380000,6764.000000460509,-1492828.3801612435,388550.3772200724,300.1886553460587,1352.8120225060995,1.029568681490037,232,20:04
3385000,6774.000000462546,-1491721.3416340025,387102.38391105004,299.0699557130911,1350.0399189588065,1.031682745640334,232,20:01
3390000,6784.0000004645835,-1490866.9508586768,390470.3420771214,301.67199367884524,1350.5714976766385,1.0312766800658122,232,19:57
3395000,6794.000000466621,-1491687.4627905115,388872.86687954864,300.4378064032107,1353.1880012786921,1.0292826192660147,232,19:53
3400000,6804.000000468658,-1490875.344804938,388198.65821387194,299.91692209930085,1352.4883735400306,1.0298150561323485,232,19:49
3405000,6814.000000470695,-1491066.9274268383,390358.06913192134,301.58525315193475,1351.6745961906552,1.0304350575506545,232,19:46
3410000,6824.000000472733,-1491528.2251009308,389912.5334821753,301.2410384620331,1353.3252349306006,1.029178245085262,232,19:42
3415000,6834.00000047477,-1490279.6663430752,387871.2564492592,299.6639760175593,1355.5250836198245,1.0275080167429116,232,19:38
3420000,6844.000000476807,-1492033.5820565997,387609.6309465809,299.461847767382,1353.618643344627,1.0289551619014379,232,19:35
3425000,6854.000000478844,-1489819.4800007055,387114.7258989014,299.0794909624554,1355.4765997961545,1.0275447695112816,232,19:31
3430000,6864.000000480882,-1487946.6248257132,387986.22439093626,299.7527986615286,1355.0425494726496,1.027873914998112,232,19:27
3435000,6874.000000482919,-1490413.9936866034,390559.03497273993,301.7405165851025,1352.2792062077385,1.0299743454766321,232,19:23
3440000,6884.000000484956,-1492040.9215144515,387371.26330230606,299.27768821740335,1351.7991871749102,1.0303400856648526,232,19:20
3445000,6894.0000004869935,-1491288.5912223607,389523.8140172711,300.94071917187745,1353.8665820112662,1.0287667254821755,232,19:16
3450000,6904.000000489031,-1487917.6789591722,388805.62084121315,300.38585304269736,1355.545400167829,1.0274926167305294,232,19:12
3455000,6914.000000491068,-1491453.5328235477,387728.725058867,299.5538582337791,1351.1629969424378,1.0308252175846198,232,19:09
3460000,6924.000000493105,-1488440.8632743722,388846.274922371,300.41726182434473,1354.9412896659378,1.0279507318423182,232,19:05
3465000,6934.000000495143,-1489123.074874769,388848.2915909068,300.41881987460425,1351.6965929681992,1.0304182888091689,232,19:01
3470000,6944.00000049718,-1491372.6784133567,388966.72065551346,300.5103165343488,1352.5398533608582,1.029775859731264,232,18:57
3475000,6954.000000499217,-1488589.6192952534,388479.8315050126,300.1341527008786,1353.105139057604,1.0293456510597,232,18:54
3480000,6964.000000501254,-1489457.1470024185,389201.0929585332,300.69138933885165,1356.225601644124,1.0269772880168295,232,18:50
3485000,6974.000000503292,-1489154.8499920424,389123.38112494117,300.6313502494616,1354.0592996180776,1.0286203054093188,232,18:46
3490000,6984.000000505329,-1488456.1849855203,387124.1476047102,299.0867700422444,1354.6353695514438,1.0281828760876612,232,18:42
3495000,6994.000000507366,-1489643.8386983452,389524.73164498486,300.94142811837617,1354.0120115150223,1.0286562293912282,232,18:39
3500000,7004.000000509403,-1488284.5714350203,388964.82934373495,300.50885533298884,1351.7290181470125,1.0303935712091035,232,18:35
3505000,7014.000000511441,-1490502.2032795213,387709.3930441139,299.5389225861666,1354.570664596641,1.0282319901931596,232,18:32
3510000,7024.000000513478,-1490815.1891243765,388803.32725722634,300.3840810513848,1353.115858949901,1.0293374961966535,232,18:28
3515000,7034.000000515515,-1489335.9601509375,388623.8299056361,300.24540387650325,1351.4833350556987,1.0305808841202422,232,18:24
3520000,7044.0000005175525,-1489574.232984703,388170.5630081445,299.8952161313661,1354.1172612415842,1.0285762763546868,232,18:20
3525000,7054.00000051959,-1486604.4229212608,390348.03651886235,301.57750209364133,1354.1137858178145,1.0285789162646244,232,18:17
3530000,7064.000000521627,-1489607.882412917,388257.3144912215,299.96223912910574,1353.3091760215998,1.0291904577267457,232,18:13
3535000,7074.000000523664,-1491252.6158445794,388252.9107939794,299.958836893434,1353.6236420102582,1.0289513621725885,232,18:09
3540000,7084.000000525702,-1490518.4998194529,388140.99392931897,299.87237146943073,1353.9850873187283,1.0286766843744468,232,18:05
3545000,7094.000000527739,-1491991.5702937795,387524.2052771356,299.395849074944,1347.1007658552774,1.0339337083155582,232,18:02
3550000,7104.000000529776,-1490864.422561856,388146.8144968115,299.8768683594902,1353.2546662753969,1.0292319140113928,232,17:58
3555000,7114.000000531813,-1489732.0305106277,388586.7047258564,300.21672147532456,1353.5965269152696,1.028971974011766,232,17:54
3560000,7124.000000533851,-1488837.1368125845,388705.4176746635,300.3084374600819,1353.7788990254783,1.0288333577352222,232,17:51
3565000,7134.000000535888,-1491468.9310486382,388761.42534549866,300.35170821307247,1355.859474979229,1.0272546056712937,232,17:47
3570000,7144.000000537925,-1491753.446047972,388399.89208694897,300.0723926104898,1355.102778265551,1.0278282301938684,232,17:43
3575000,7154.0000005399625,-1490258.7858246919,388001.0108749404,299.7642224948607,1350.8612882667323,1.031055447671145,232,17:39
3580000,7164.000000542,-1491986.3768288763,388735.7454481248,300.33186827901494,1353.2930929560093,1.029202689029575,232,17:36
3585000,7174.000000544037,-1491588.5572317792,388150.27703422867,299.87954346807913,1350.9977881767563,1.0309512735732533,232,17:32
3590000,7184.000000546074,-1488828.9008479249,387326.76805405546,299.24331180310884,1353.4672398292919,1.0290702643760672,232,17:28
3595000,7194.0000005481115,-1489213.5416278262,389560.69378131797,300.96921196825025,1352.5203847219873,1.0297906826755667,232,17:24
3600000,7204.000000550149,-1489724.8125292994,387551.9922676765,299.41731692008227,1354.1826787680207,1.0285265881428927,232,17:21
3605000,7214.000000552186,-1490931.2050683545,388421.9086133264,300.0894022747088,1352.2275175472585,1.030013716065942,232,17:17
3610000,7224.000000554223,-1490506.1605943413,390109.447695264,301.39317166357193,1353.9136780514266,1.0287309397154722,232,17:13
3615000,7234.000000556261,-1493664.8206707966,389896.39318730624,301.2285686931236,1353.4065815491601,1.0291163862386492,232,17:10
3620000,7244.000000558298,-1489871.1277987007,387834.2195424865,299.6353618148868,1352.7949918063346,1.0295816430069027,232,17:06
3625000,7254.000000560335,-1487977.1181809986,386547.8182271448,298.64150592456264,1355.760361329412,1.0273297037167624,232,17:02
3630000,7264.000000562372,-1489911.0623318981,387484.9381005979,299.36551179665224,1354.7215259488921,1.0281174866103222,232,16:58
3635000,7274.00000056441,-1490055.6064235186,387493.5950327923,299.37220002290866,1353.5004439992408,1.029045019150549,232,16:55
3640000,7284.000000566447,-1490636.4678739067,387629.19178146217,299.47696019826543,1351.318217131618,1.0307068110662612,232,16:51
3645000,7294.000000568484,-1491578.506703901,387567.24700958014,299.42910252300067,1352.3258857634003,1.0299387928444628,232,16:47
3650000,7304.0000005705215,-1489643.843324584,388811.1520803442,300.39012640166055,1353.3186766991087,1.0291832325204417,232,16:43
3655000,7314.000000572559,-1490588.6149867037,388208.90533514443,299.92483888367764,1351.686086212317,1.0304262983267096,232,16:40
3660000,7324.000000574596,-1491281.0640382404,387715.98344440793,299.54401423841676,1352.595940869526,1.0297331584627525,232,16:36
3665000,7334.000000576633,-1491694.4589996077,388868.6992975117,300.43458658688553,1350.6547711802348,1.0312130975544562,232,16:32
3670000,7344.000000578671,-1489951.4543730598,389372.04898892366,300.8234676069346,1352.409097690968,1.0298754220845532,232,16:29
3675000,7354.000000580708,-1490453.2460291144,389736.21944615326,301.10482067279617,1355.1024214388883,1.027828500842427,232,16:25
3680000,7364.000000582745,-1494340.7961172666,388884.5852727832,300.4468598719862,1351.3674822133344,1.0306692359018879,232,16:21
3685000,7374.000000584782,-1489042.495465233,388036.9528833184,299.7919907941547,1353.6212091499317,1.028953211504536,232,16:18
3690000,7384.00000058682,-1490440.4119128352,387864.3758299607,299.6586601461144,1351.6684638710485,1.030439732481879,232,16:14
3695000,7394.000000588857,-1490028.6210415103,387528.14411447797,299.39889216627716,1352.7442931673575,1.0296202300394113,232,16:10
3700000,7404.000000590894,-1490579.2106337259,388632.5841236347,300.2521672644284,1353.0162279909157,1.0294132926872972,232,16:06
3705000,7414.000000592931,-1490729.3459590161,390608.60801289324,301.77881603129407,1349.1658058090845,1.032351164192318,232,16:03
3710000,7424.000000594969,-1489656.0941427937,388756.05801761977,300.3475614896789,1352.8564769585626,1.0295348501762296,232,15:59
3715000,7434.000000597006,-1492115.2977446765,388403.5303281981,300.0752034654328,1352.0817203266092,1.0301247841580368,232,15:55
3720000,7444.000000599043,-1489920.0769746136,389919.7551166827,301.2466177971187,1354.9501983122173,1.027943973181023,232,15:52
3725000,7454.0000006010805,-1490537.2660259996,386581.69538256765,298.66767894698023,1353.354056821649,1.029156327049032,232,15:48
3730000,7464.000000603118,-1490027.4880389376,387935.5210724129,299.71362597787817,1352.9842624158857,1.029437613582047,232,15:44
3735000,7474.000000605155,-1490613.7274443582,389935.2252877186,301.2585698376095,1352.9600224919955,1.0294560572086051,232,15:40
3740000,7484.000000607192,-1490736.7822477361,387761.5844989986,299.5792449834179,1352.7163327493301,1.0296415121155897,232,15:37
3745000,7494.00000060923,-1489860.780845547,389265.80269834894,300.7413831901562,1355.4264993086465,1.0275827505408064,232,15:33
3750000,7504.000000611267,-1489995.6915498693,389062.62302939245,300.5844093839433,1351.8110346032438,1.030331055645115,232,15:29
3755000,7514.000000613304,-1491067.7418863894,388535.43721315166,300.1771129030414,1356.766324717969,1.0265679984392295,232,15:26
3760000,7524.000000615341,-1492931.2204125328,386548.5281600134,298.64205440889236,1351.3102754963704,1.0307128685185643,232,15:22
3765000,7534.000000617379,-1489519.9432813432,386358.2750239312,298.49506746345554,1353.795961477419,1.028820390921743,232,15:18
3770000,7544.000000619416,-1491755.345716576,389821.40897059155,301.170636922863,1354.6805151412311,1.0281486112393583,232,15:14
3775000,7554.000000621453,-1489559.758975869,388919.107219806,300.473531051489,1352.3075298601846,1.0299527729905331,232,15:11
3780000,7564.00000062349,-1492272.6255618585,388677.32319887955,300.28673205609135,1351.572674195598,1.0305127625818729,232,15:07
3785000,7574.000000625528,-1490492.9145042794,389464.4206416911,300.8948326701595,1352.8561475719555,1.029535100842194,232,15:03
3790000,7584.000000627565,-1492333.0024874322,389174.6522258605,300.6709615939498,1353.5950773475436,1.0289730759399491,232,14:59
3795000,7594.000000629602,-1489738.320365726,387484.2627779792,299.3649900517236,1355.4946152371306,1.0275311127457458,232,14:56
3800000,7604.0000006316395,-1490847.8813765803,391095.5309942388,302.1550060020078,1353.8455743362824,1.0287826888958858,232,14:52
3805000,7614.000000633677,-1489928.4315017806,387461.28896003123,299.34724079725805,1352.8319959544087,1.029553480757868,232,14:48
3810000,7624.000000635714,-1489480.7610964077,387723.40129550034,299.54974516772614,1352.1928187299598,1.0300401473982592,232,14:45
3815000,7634.000000637751,-1488504.5926907407,389507.8743275994,300.92840438777296,1355.3887735560238,1.0276113521740815,232,14:41
3820000,7644.000000639789,-1490153.529565177,390533.93651741825,301.7211258651444,1355.0424377674062,1.0278739997326583,232,14:37
3825000,7654.000000641826,-1488768.0274893697,389132.1984389582,300.6381623844992,1353.146400685888,1.0293142631200003,232,14:33
3830000,7664.000000643863,-1492508.6027820874,387378.297787842,299.28312296377834,1350.0989306022843,1.0316376516898182,232,14:30
3835000,7674.0000006459,-1491233.1810528245,390149.2160589808,301.4238961521566,1352.3408722739223,1.0299273791625483,232,14:26
3840000,7684.000000647938,-1490302.7582951877,387606.8366410331,299.45968892550667,1353.4116652440268,1.0291125206640985,232,14:22
3845000,7694.000000649975,-1490759.9405675372,388226.23981263617,299.93823126158907,1352.6850493313568,1.0296653245365237,232,14:18
3850000,7704.000000652012,-1492324.3711447828,387798.4204268902,299.6077039125825,1352.778299745305,1.0295943471134243,232,14:15
3855000,7714.0000006540495,-1490306.8428415433,389499.97979763465,300.92230518294997,1351.038657097504,1.030920087296182,232,14:11
3860000,7724.000000656087,-1490173.9184187893,389666.0375861227,301.0505991369866,1355.3013741299173,1.027677619828018,232,14:07
3865000,7734.000000658124,-1490677.7026804555,388193.3391330119,299.9128126508878,1351.7762253457083,1.0303575874470439,232,14:04
3870000,7744.000000660161,-1489500.4666198948,388630.88425500726,300.250853969403,1353.0857468403156,1.0293604034836148,232,14:00
3875000,7754.0000006621985,-1492163.0894359536,389708.61927462614,301.08349716144784,1351.63448613556,1.0304656359410065,232,13:56
3880000,7764.000000664236,-1492557.8881514557,388277.5575837046,299.97787866279,1352.6107122512212,1.0297219131122681,232,13:53
3885000,7774.000000666273,-1491525.3826415446,388628.73532115703,300.2491937327882,1352.96843979914,1.029449652589273,232,13:49
3890000,7784.00000066831,-1492556.8673542254,389180.1751671883,300.67522854214474,1351.4468453366474,1.0306087103030113,232,13:45
3895000,7794.000000670348,-1491089.4094824744,388680.8563755618,300.289461739601,1353.4651721335254,1.0290718364920497,232,13:41
3900000,7804.000000672385,-1490041.2754551992,388772.4060431748,300.36019174844756,1352.9033774487937,1.0294991597566563,232,13:38
3905000,7814.000000674422,-1494282.180837539,387774.96285762684,299.58958091853157,1350.622426128673,1.0312377933096624,232,13:34
3910000,7824.000000676459,-1490928.043000535,387309.37753787625,299.2298761304813,1351.8239587617004,1.0303212051303794,232,13:30
3915000,7834.000000678497,-1492789.5193727324,387335.22697436507,299.24984704811766,1352.5349708514195,1.0297795771141511,232,13:27
3920000,7844.000000680534,-1492547.2609985303,390753.7058339352,301.8909166039505,1349.7261310391689,1.0319225939881103,232,13:23
3925000,7854.000000682571,-1490474.4372825474,389783.6821427193,301.1414896966771,1353.114241574314,1.0293387265623433,232,13:19
3930000,7864.0000006846085,-1494274.382167778,387814.74285491835,299.6203143950554,1352.9019370260135,1.029500255855347,232,13:15
3935000,7874.000000686646,-1491209.957257308,388028.0035253664,299.7850766437966,1352.3629073456364,1.0299105977767704,232,13:12
3940000,7884.000000688683,-1492223.3600880085,387118.75858236814,299.08260655800825,1353.1282588691734,1.0293280634604933,232,13:08
3945000,7894.00000069072,-1491497.0220287023,387815.9228030199,299.6212260066629,1350.9146674710112,1.0310147071856879,232,13:04
3950000,7904.000000692758,-1489988.5848236112,387840.47787857126,299.6401969189148,1353.9056693904408,1.0287370248937295,232,13:00
3955000,7914.000000694795,-1490225.5545552205,387645.5560101003,299.48960297531227,1351.958423475722,1.0302187301993515,232,12:57
3960000,7924.000000696832,-1491025.1279640868,387597.16893022484,299.45221978565263,1354.467724816732,1.02831013600116,232,12:53
3965000,7934.000000698869,-1490919.0696808426,386897.10347052594,298.9113588797778,1356.30969974001,1.026913610204559,232,12:49
3970000,7944.000000700907,-1490485.4330758909,388845.96429555945,300.41702183836003,1350.8866183404664,1.0310361146566944,232,12:46
3975000,7954.000000702944,-1491599.6342437668,388973.4045603998,300.5154804269557,1349.3166006185832,1.0322357923091967,232,12:42
3980000,7964.000000704981,-1490553.8681190368,388670.05899233,300.28111983043385,1353.0146289418606,1.0294145092908118,232,12:38
3985000,7974.000000707018,-1492586.6504269913,388211.8039449948,299.92707830961666,1351.6188480245658,1.0304775583376304,232,12:34
3990000,7984.000000709056,-1490470.3936460158,390524.167673585,301.713578591312,1353.896393868441,1.0287440727542227,232,12:31
3995000,7994.000000711093,-1488637.0357299428,389324.53721476,300.7867606663795,1352.914361945151,1.0294908011124668,232,12:27
4000000,8004.00000071313,-1491917.3296881812,388774.02075017034,300.36143924877234,1352.3217205814333,1.0299419650796062,232,12:23
4005000,8014.0000007151675,-1489782.409793049,391060.73077811825,302.12811983564313,1355.3295772012823,1.027656234870632,232,12:20
4010000,8024.000000717205,-1492576.9949675389,386957.25113028823,298.95782813103796,1351.4920438575937,1.0305742432193228,232,12:16
4015000,8034.000000719242,-1491724.263937072,390922.18903540523,302.0210843985606,1352.0201693819542,1.0301716807613668,232,12:12
4020000,8044.000000721279,-1494278.186406983,388306.52842872636,300.0002611375505,1354.3420488312577,1.0284055578998055,232,12:08
4025000,8054.000000723317,-1492454.224491911,387619.94635951315,299.46981731295193,1349.1800951270343,1.0323402304451674,232,12:05
4030000,8064.000000725354,-1491731.4126614537,387185.1885652878,299.1339294453774,1351.3362855710675,1.0306930296975485,232,12:01
4035000,8074.000000727391,-1489051.7924929038,389313.18127470475,300.7779872239246,1350.1823710737349,1.0315738970935004,232,11:57
4040000,8084.000000729428,-1492583.0849514399,386942.0989776624,298.94612178717875,1351.8812435844204,1.0302775461419433,232,11:53
4045000,8094.000000731466,-1490987.5106238183,387401.90020505263,299.30135786535294,1353.2516420825957,1.0292342140978277,232,11:50
4050000,8104.000000733503,-1490823.6017260812,388919.86408197903,300.4741157927512,1355.5094565795948,1.0275198624065742,232,11:46
4055000,8114.00000073554,-1492099.7671546526,388277.13814371056,299.97755460924327,1351.8874282841784,1.0302728327633313,232,11:42
4060000,8124.0000007375775,-1491896.8462114744,388749.1675413841,300.34223800290056,1353.7208635874354,1.0288774649039862,232,11:39
4065000,8134.000000739615,-1493242.5364426235,388642.1624204464,300.25956732426357,1352.480825243576,1.0298208036070573,232,11:35
4070000,8144.000000741652,-1488090.9330617366,388535.9771659641,300.1775300631273,1352.6879849399847,1.0296630899529065,232,11:31
4075000,8154.000000743689,-1489290.1249718498,386874.9608858908,298.89425182469,1351.7616807917218,1.0303686737884965,232,11:27
4080000,8164.0000007457265,-1490866.7686449839,388986.6683305697,300.52572783260894,1355.837303846079,1.0272714037034594,232,11:24
4085000,8174.000000747764,-1489676.83323731,389527.59525496885,300.94364050390175,1354.63046895672,1.0281865957054412,232,11:20
4090000,8184.000000749801,-1488872.0363650983,388115.90779333125,299.85299026722,1353.0837179801424,1.029361946941938,232,11:16
4095000,8194.000000751837,-1490413.9965709317,388320.8886899063,300.011355677015,1354.0439003457668,1.0286320037037266,232,11:12
4100000,8204.000000753875,-1491933.4984930558,388159.2602190194,299.8864837525858,1350.1855916589705,1.0315714364898005,232,11:09
4105000,8214.000000755912,-1491256.0529061882,387632.92410047125,299.47984373638644,1352.4199304689914,1.0298671728628521,232,11:05
4110000,8224.00000075795,-1490676.716532481,387931.64885543333,299.7106343565172,1354.3637489470461,1.028389080406443,232,11:01
4115000,8234.000000759987,-1489519.4239971917,388073.328377036,299.8200939982354,1352.912363342683,1.029492321937401,232,10:58
4120000,8244.000000762024,-1491559.0365044111,390016.0501941843,301.32101404410855,1351.3820122146406,1.0306581541905668,232,10:54
4125000,8254.000000764061,-1490620.5363976667,388858.1979932168,300.42647342421606,1354.735707499791,1.0281067241417567,232,10:50
4130000,8264.000000766098,-1490765.1397123067,388929.9096646075,300.4818768711549,1354.1091423730984,1.028582443417041,232,10:47
4135000,8274.000000768136,-1491501.6003358196,389538.95427010354,300.95241632212054,1354.1825903847769,1.0285266552715924,232,10:43
4140000,8284.000000770173,-1490655.5597831514,390483.2988218154,301.6820038808561,1352.6513048033262,1.0296910115486035,232,10:39
4145000,8294.00000077221,-1491157.6573722055,387999.0675533905,299.7627211114696,1351.4994453549705,1.0305685992713478,232,10:35
4150000,8304.000000774247,-1490958.0683795074,388613.7329821093,300.2376031328305,1353.2171409878526,1.0292604550506341,232,10:32
4155000,8314.000000776285,-1490832.186777207,388456.46703815367,300.11610163645946,1353.596099060747,1.0289722992567285,232,10:28
4160000,8324.000000778322,-1490209.6820000298,387598.25054493296,299.4530554262384,1352.736898939211,1.0296258580716555,232,10:24
4165000,8334.00000078036,-1491152.7981421957,389214.31357217056,300.70160340236396,1353.7433467601577,1.0288603771525973,232,10:21
4170000,8344.000000782396,-1492112.7577595059,388844.3829626786,300.4158001224154,1351.0590616530471,1.0309045176835878,232,10:17
4175000,8354.000000784434,-1491679.216767013,389338.7703240209,300.79775697002736,1355.6346396591127,1.0274249783597382,232,10:13
4180000,8364.000000786471,-1489279.9230889622,388097.1547185645,299.8385019006454,1353.640524474861,1.0289385291976325,232,10:09
4185000,8374.000000788508,-1490369.5233133892,387942.5290946616,299.71904027908283,1352.2056401747234,1.0300303806864057,232,10:06
4190000,8384.000000790546,-1490072.5714051593,389056.51467869035,300.57969015655056,1352.719604105205,1.0296390220771519,232,10:02
4195000,8394.000000792583,-1490077.3132757815,388505.9308616639,300.1543167033809,1352.6420749025378,1.0296980377575728,232,9:58
4200000,8404.00000079462,-1490052.6759909587,388569.2611221856,300.2032447880343,1353.4971782482598,1.0290475020554526,232,9:54
4205000,8414.000000796657,-1491685.8202556763,389049.3531951614,300.57415729328005,1350.2281949100397,1.0315388876976257,232,9:51
4210000,8424.000000798695,-1490320.2029255927,387993.6992584383,299.75857364092866,1354.0533642522494,1.0286248142698793,232,9:47
4215000,8434.000000800732,-1491543.104581939,387645.60942395165,299.4896442421161,1353.351749566459,1.029158081601223,232,9:43
4220000,8444.00000080277,-1490781.9466314698,387760.05490113917,299.5780632372363,1355.6935043945443,1.0273803671704604,232,9:40
4225000,8454.000000804806,-1489928.0009219833,389098.53201451246,300.61215216992423,1352.3778989457787,1.0298991808437692,232,9:36
4230000,8464.000000806844,-1490459.6015992295,388969.63150258106,300.51256541459287,1352.065763898248,1.0301369411941517,232,9:32
4235000,8474.000000808881,-1490638.7579074502,387084.5612623143,299.05618618081843,1349.401059612264,1.0321711846852155,232,9:28
4240000,8484.000000810918,-1491315.2984017935,387896.1801320686,299.6832317106881,1351.230941545537,1.030773384098485,232,9:25
4245000,8494.000000812955,-1490583.0169950388,388966.10190447053,300.5098384958384,1351.9435901596132,1.030230033600024,232,9:21
4250000,8504.000000814993,-1491177.673881255,389567.0248575775,300.97410327033276,1354.7624893040945,1.0280863998758383,232,9:17
4255000,8514.00000081703,-1490703.0278967377,386730.99304629705,298.7830242600948,1351.4191434903469,1.0306298360686381,232,9:14
4260000,8524.000000819067,-1489287.1559625352,387809.9841729165,299.61663790306073,1354.5268147451284,1.0282652769613503,232,9:10
4265000,8534.000000821105,-1492438.256906989,389270.09940001136,300.7447027625208,1356.2873048036276,1.0269305665418258,232,9:06
4270000,8544.000000823142,-1493130.9001335446,390001.99241507554,301.3101531981148,1353.5579357966776,1.0290013109011793,232,9:02
4275000,8554.000000825179,-1489388.4819989055,388760.2110161453,300.3507700389846,1351.575132883509,1.0305108879474485,232,8:59
4280000,8564.000000827216,-1492130.1230691979,387831.0090444918,299.63288142847483,1349.5051019912983,1.0320916077014255,232,8:55
4285000,8574.000000829254,-1490937.1115173064,389202.0891925938,300.6921590155284,1354.4597103193694,1.0283162206331429,232,8:51
4290000,8584.00000083129,-1489897.540814247,387680.7645773673,299.516804628133,1353.5411478824035,1.0290140735614222,232,8:48
4295000,8594.000000833328,-1490842.4460725933,389946.9861246884,301.2676560978288,1353.3923553337142,1.02912720381965,232,8:44
4300000,8604.000000835365,-1491278.5386918737,389298.18144310213,300.7663985611843,1352.8246208577539,1.0295590935005066,232,8:40
4305000,8614.000000837403,-1490159.9946398912,390897.4059837421,302.0019373551133,1354.8918036722055,1.0279882766583215,232,8:36
4310000,8624.00000083944,-1489781.0618464444,388572.7455269574,300.2059367910394,1354.4834207696765,1.028298219792176,232,8:33
4315000,8634.000000841477,-1489667.8785593687,386298.0768166554,298.4485591598846,1353.8347218468512,1.0287909357321339,232,8:29
4320000,8644.000000843514,-1490338.8294917205,386792.37897328625,298.83045017951326,1351.8402219833872,1.030308809921319,232,8:25
4325000,8654.000000845552,-1490589.6178557388,388422.28517960256,300.0896932046131,1352.9003764671286,1.0295014433749894,232,8:22
4330000,8664.000000847589,-1491569.8186368896,389396.00577346224,300.84197628781277,1354.054891714339,1.0286236539141083,232,8:18
4335000,8674.000000849626,-1490185.9130226523,388448.9937130838,300.1103278487212,1353.0036590218438,1.0294228556058835,232,8:14
4340000,8684.000000851664,-1491502.901641355,387626.48180936475,299.4748665112491,1353.226486212024,1.0292533470980623,232,8:10
4345000,8694.0000008537,-1491108.53565423,387133.51707943215,299.0940087690169,1354.1059330455157,1.0285848812307496,232,8:07
4350000,8704.000000855738,-1489015.3162081102,388464.97671888454,300.12267609826876,1351.6588543712026,1.0304470583026053,232,8:03
4355000,8714.000000857775,-1490851.3188466886,388151.8776528094,299.8807800838892,1351.1750207787602,1.0308160444771373,232,7:59
4360000,8724.000000859813,-1491334.242420774,388181.6744672866,299.90380069124393,1352.5229708954541,1.029788713601919,232,7:56
4365000,8734.00000086185,-1489291.850965822,387449.88411112933,299.33842956850367,1351.7521305885678,1.0303759533998509,232,7:52
4370000,8744.000000863887,-1492054.8289486151,389065.16037771164,300.58636970421253,1351.78570734497,1.0303503600811748,232,7:48
4375000,8754.000000865924,-1492433.0796097172,389686.9415633899,301.0667492611278,1349.259136767817,1.032279754393209,232,7:44
4380000,8764.000000867962,-1493011.113384582,388440.18882059545,300.10352531038507,1351.9421845843679,1.030231104700437,232,7:41
4385000,8774.000000869999,-1493259.258457031,390311.79484074574,301.5495022736458,1350.456896251996,1.0313641954667583,232,7:37
4390000,8784.000000872036,-1492102.2754112575,389044.1289117747,300.57012108408577,1351.7557799831284,1.0303731716485498,232,7:33
4395000,8794.000000874074,-1490624.6310774703,389970.8654037823,301.2861048990707,1355.889214637655,1.0272320741836478,232,7:29
4400000,8804.00000087611,-1490518.4180262508,388807.5451915289,300.387339769175,1353.8932818982664,1.0287464373577808,232,7:26
4405000,8814.000000878148,-1489854.3457370233,388971.1234257425,300.51371805382314,1354.1158746496826,1.02857732959951,232,7:22
4410000,8824.000000880185,-1491157.6317985859,388780.23036310053,300.366236709964,1354.413029277561,1.0283516624603033,232,7:18
4415000,8834.000000882223,-1490470.8826088682,389141.3505724401,300.64523319643126,1353.5499948964728,1.0290073477647979,232,7:15
4420000,8844.00000088426,-1491624.5917696469,388866.77885025204,300.4331028758551,1353.2221562946004,1.029256640409497,232,7:11
4425000,8854.000000886297,-1490715.079893374,388821.5135987196,300.39813156765916,1355.053779379465,1.0278653965699442,232,7:07
4430000,8864.000000888334,-1488698.0417706342,388253.6022824752,299.959371127896,1352.2977354131299,1.0299602327515307,232,7:03
4435000,8874.000000890372,-1491203.3921396174,388443.68562424177,300.10622689258946,1351.0128415068414,1.0309397864508916,232,7:00
4440000,8884.000000892409,-1492205.0262987195,390166.0934912506,301.4369354232416,1352.798079005014,1.0295792934152392,232,6:56
4445000,8894.000000894446,-1491161.8287972473,387989.3187264721,299.75518930242913,1351.590182972612,1.0304994131077516,232,6:52
4450000,8904.000000896483,-1488947.3705570893,389894.2988927213,301.2269506700506,1350.8420015263582,1.0310701686368153,232,6:49
4455000,8914.00000089852,-1490972.2852004562,388035.3685237277,299.7907667398158,1353.5338112448514,1.0290196511858827,232,6:45
4460000,8924.000000900558,-1489614.005427844,388035.27485985594,299.790694376402,1355.6835000478486,1.0273879487847395,232,6:41
4465000,8934.000000902595,-1490683.6749301907,390645.9082313038,301.8076336649015,1351.8579126646598,1.0302953270955,232,6:37
4470000,8944.000000904633,-1491877.0855602594,389082.8745367321,300.60005541882947,1354.8793060706976,1.0279977589699776,232,6:34
4475000,8954.00000090667,-1489752.6964952014,390106.0532499448,301.39054916199746,1352.45444058497,1.0298408940955153,232,6:30
4480000,8964.000000908707,-1491822.0228851447,388437.73859893926,300.1016323029724,1355.689813299434,1.0273831643875027,232,6:26
4485000,8974.000000910744,-1493089.0327865668,389968.78941933444,301.2845010221568,1352.0526355887655,1.030146943731196,232,6:23
4490000,8984.000000912782,-1488818.717756805,388070.37880804343,299.8178152019669,1353.7018581224443,1.0288919099566556,232,6:19
4495000,8994.000000914819,-1491718.4419092666,388473.8693216562,300.12954640035844,1352.6292140686887,1.0297078281533745,232,6:15
4500000,9004.000000916856,-1489880.762218331,388762.9928940725,300.3529192794519,1353.2291359787291,1.0292513317104401,232,6:11
4505000,9014.000000918893,-1491533.0578488,390746.59125299385,301.88541997697143,1350.0736344972984,1.031656981312794,232,6:08
4510000,9024.00000092093,-1492607.3558170516,387972.86790037365,299.7424796213804,1352.306894549983,1.029953256859621,232,6:04
4515000,9034.000000922968,-1492065.4110857127,389210.85455520195,300.69893101362493,1352.9071002759224,1.0294963268589647,232,6:00
4520000,9044.000000925005,-1491148.9368974268,387190.40491933696,299.1379595284751,1352.4587383355956,1.0298376215377494,232,5:57
4525000,9054.000000927042,-1492818.9233111646,386948.8797175784,298.95136049319217,1352.2578985316698,1.0299905748953968,232,5:53
4530000,9064.00000092908,-1494171.6068189973,387601.10983914876,299.4552644774611,1352.0920204796726,1.0301169367313896,232,5:49
4535000,9074.000000931117,-1488458.8090369534,390424.9003876012,301.6368860570967,1355.2297766424736,1.027731912566231,232,5:45
4540000,9084.000000933154,-1492168.555537953,387613.89053961047,299.4651386701293,1350.705910766506,1.0311740544061692,232,5:42
4545000,9094.000000935192,-1490126.015807705,387223.7191885117,299.16369767275114,1353.547062941194,1.0290095767257317,232,5:38
4550000,9104.000000937229,-1492608.1863588374,388611.5719095112,300.23593351798684,1351.662320578822,1.030444415820537,232,5:34
4555000,9114.000000939266,-1492048.9291259767,388038.67204143264,299.79331899197126,1352.7316501693226,1.029629853150206,232,5:31
4560000,9124.000000941303,-1493602.7123507848,388231.39716157445,299.942215758153,1350.3230041464076,1.0314664610160642,232,5:27
4565000,9134.00000094334,-1490361.465202365,389231.2631800728,300.71469843534584,1353.5909292732917,1.0289762292240248,232,5:23
4570000,9144.000000945378,-1491041.1285327422,389250.9458422137,300.7299049882875,1352.9371036132663,1.029473496288714,232,5:19
4575000,9154.000000947415,-1489453.6630508527,388997.15574011736,300.5338302603886,1356.0716686864457,1.0270938641942273,232,5:16
4580000,9164.000000949452,-1491717.5735092582,387385.93487887,299.28902327483416,1351.7205843103047,1.0304000001791327,232,5:12
4585000,9174.00000095149,-1493078.967212922,389242.32225817774,300.72324252635775,1352.8756901900217,1.0295202289575063,232,5:08
4590000,9184.000000953527,-1490605.3760126662,389770.56430202135,301.1313550341185,1353.8849324995645,1.0287527816297073,232,5:04
4595000,9194.000000955564,-1491256.323323396,388349.23969074,300.0332592687163,1350.7731864458572,1.0311226964611524,232,5:01
4600000,9204.000000957602,-1492070.1206575353,388282.8916917363,299.98199972098826,1350.3968605831897,1.0314100476462658,232,4:57
4605000,9214.000000959639,-1489084.035309691,388676.5430071921,300.28612929076854,1353.5457274295247,1.0290105920252297,232,4:53
4610000,9224.000000961676,-1490781.0876635918,389402.8771298341,300.8472850028485,1355.4177063449254,1.0275894167499047,232,4:50
4615000,9234.000000963713,-1491164.4654612653,389423.2509687112,300.863025549391,1353.4406185307112,1.0290905055202988,232,4:46
4620000,9244.00000096575,-1493644.3235659022,389914.19198634615,301.24231979945057,1350.315208693627,1.0314724157354067,232,4:42
4625000,9254.000000967788,-1491287.723610769,388630.8486083677,300.2508264293016,1352.4541683849154,1.0298411013651987,232,4:38
4630000,9264.000000969825,-1491396.8943618676,388330.5349665833,300.01880825715534,1351.7628897544976,1.0303677522678798,232,4:35
4635000,9274.000000971862,-1491141.3301320476,389726.1887849557,301.09707112248384,1354.304183507782,1.028434311343521,232,4:31
4640000,9284.0000009739,-1490609.123873949,388780.049971248,300.3660973417101,1352.8161566090785,1.0295655352066844,232,4:27
4645000,9294.000000975937,-1489774.7918147622,387774.8537986387,299.5894966610635,1354.731499425571,1.0281099176523552,232,4:24
4650000,9304.000000977974,-1493033.9693209874,389472.5002978126,300.90107490089446,1352.4392316576248,1.0298524752260894,232,4:20
4655000,9314.000000980011,-1491888.547846268,387858.3864887551,299.6540328638151,1353.7677243274184,1.0288418502571817,232,4:16
4660000,9324.000000982049,-1492855.3554108366,387473.4297878579,299.3566206331655,1355.5589562375276,1.0274823414404266,232,4:12
4665000,9334.000000984086,-1489010.728054923,388509.74373254564,300.15726247476624,1351.7502220227916,1.0303774082102508,232,4:09
4670000,9344.000000986123,-1491469.3264293065,390215.5872206583,301.47517359504644,1348.8845389365517,1.0325664281196048,232,4:05
4675000,9354.00000098816,-1491215.9646016853,388798.60041646316,300.3804291594915,1353.5854606094533,1.0289803864237428,232,4:01
4680000,9364.000000990198,-1490036.5122992955,387744.38255062106,299.56595499566976,1353.094474695872,1.0293537638076091,232,3:58
4685000,9374.000000992235,-1492811.119657238,388816.55305447546,300.394299119684,1351.146789586604,1.0308375826001996,232,3:54
4690000,9384.000000994272,-1491701.5196180334,387328.97960622684,299.2450204177736,1352.7111299829014,1.0296454722990864,232,3:50
4695000,9394.00000099631,-1492458.086621385,389411.7288451005,300.85412371581623,1351.870873394102,1.030285449392501,232,3:46
4700000,9404.000000998347,-1490434.559088206,387864.3057880518,299.65860603270295,1354.28493980997,1.0284489248702062,232,3:43
4705000,9414.000001000384,-1492117.8484442253,389031.40642895474,300.5602918695635,1354.436936674504,1.0283335108500469,232,3:39
4710000,9424.000001002421,-1490690.6910051676,388748.26117782196,300.3415377589298,1354.5065453786785,1.0282806643256843,232,3:35
4715000,9434.000001004459,-1491055.601725703,389858.32399157475,301.19915695825796,1355.339632093379,1.0276486109715668,232,3:32
4720000,9444.000001006496,-1493494.8807506887,388314.771519591,300.0066296357109,1349.1849667345653,1.0323365028936713,232,3:28
4725000,9454.000001008533,-1489894.046265184,389319.1324306326,300.7825850048057,1353.1834782263695,1.0292860596709683,232,3:24
4730000,9464.00000101057,-1490422.583510873,389104.47172088793,300.6167411050393,1352.652049542553,1.0296904446243247,232,3:20
4735000,9474.000001012608,-1489905.749392055,389062.5031803988,300.584316790266,1353.8454563869257,1.0287827785252124,232,3:17
4740000,9484.000001014645,-1491143.7716852557,389715.1817758621,301.088567259271,1352.0108565611674,1.0301787767134412,232,3:13
4745000,9494.000001016682,-1492151.2173574148,389547.9701157814,300.9593818399775,1349.4257221240928,1.0321523204130776,232,3:09
4750000,9504.00000101872,-1490603.2136903265,388184.73009640863,299.9061614281037,1354.1030378486887,1.0285870804398212,232,3:05
4755000,9514.000001020757,-1493526.199401497,388425.50916479033,300.0921840110442,1350.4941857235765,1.0313357177241198,232,3:02
4760000,9524.000001022794,-1490954.8529409878,386541.8794035505,298.63691767147213,1355.6614303959186,1.0274046742693763,232,2:58
4765000,9534.000001024831,-1491523.6035575103,387691.9440929957,299.52544176751235,1355.2140475408169,1.0277438407924457,232,2:54
4770000,9544.000001026869,-1490726.177822114,386887.41430758586,298.90387316630296,1353.679446255534,1.0289089445571402,232,2:51
4775000,9554.000001028906,-1491461.3623219626,388901.9458342216,300.46027240199464,1352.650332391844,1.029691751786741,232,2:47
4780000,9564.000001030943,-1493471.5069326507,388548.9592702036,300.18755985757275,1351.911954952854,1.0302541413386996,232,2:43
4785000,9574.00000103298,-1489417.5651472127,389040.3345067159,300.5671895791401,1352.2549071192639,1.0299928534055853,232,2:39
4790000,9584.000001035018,-1490002.3749727206,388815.6294341919,300.3935855434086,1353.6753729380223,1.0289120406264827,232,2:36
4795000,9594.000001037055,-1492163.5087703075,389066.5769811067,300.5874641524315,1353.0110125575065,1.0294172607529144,232,2:32
4800000,9604.000001039092,-1492634.623653233,389001.24743292696,300.5369914457448,1352.5375282541438,1.0297776299880708,232,2:28
4805000,9614.00000104113,-1492399.6951194433,388465.89582943043,300.1233861903831,1351.2259769631805,1.0307771712957736,232,2:25
4810000,9624.000001043167,-1491687.965440263,387773.5120014576,299.5884600070924,1354.597786394308,1.0282114029012914,232,2:21
4815000,9634.000001045204,-1490487.7258909987,388992.5953436695,300.5303069610746,1354.7266815699006,1.0281135739509015,232,2:17
4820000,9644.000001047241,-1491568.217779073,388495.6766947371,300.1463944756289,1351.6658237363147,1.0304417451833034,232,2:13
4825000,9654.000001049279,-1491098.6809470765,387791.7263098237,299.6025321301864,1350.314214501507,1.0314731751747555,232,2:10
4830000,9664.000001051316,-1489597.4597070906,388554.1096011077,300.19153893210034,1355.7532564328405,1.0273350874923535,232,2:06
4835000,9674.000001053353,-1492170.2634059638,386450.180630866,298.5660724661065,1351.2832430561668,1.0307334879439352,232,2:02
4840000,9684.00000105539,-1492005.6821449036,386820.3965610349,298.8520961808696,1350.1364588480453,1.0316089764021648,232,1:59
4845000,9694.000001057428,-1492393.3173060948,386109.5228475859,298.3028849674154,1349.5448431440157,1.0320612148542307,232,1:55
4850000,9704.000001059465,-1493507.7944463007,385470.01971804234,297.8088136814196,1350.498396719718,1.0313325019108035,232,1:51
4855000,9714.000001061502,-1489545.9499686304,388833.9226384156,300.4077186203526,1355.6799478417774,1.027390640787166,232,1:47
4860000,9724.00000106354,-1491534.3685647855,387773.9366881194,299.58878811414206,1353.0909850044625,1.0293564185640347,232,1:44
4865000,9734.000001065577,-1491875.1569048641,388126.9612292354,299.86152999914543,1355.4577628046418,1.027559049448756,232,1:40
4870000,9744.000001067614,-1491378.9588650838,388969.4897032462,300.51245586238514,1353.4565290737037,1.029078408058445,232,1:36
4875000,9754.000001069651,-1492243.398311288,388341.99467922846,300.02766187288,1351.6661452632525,1.030441500067466,232,1:32
4880000,9764.000001071689,-1492073.7198036257,390181.8217251403,301.44908683952923,1352.8520692903878,1.0295382044587094,232,1:29
4885000,9774.000001073726,-1491472.181068129,388835.67104658135,300.409069416355,1353.8911337639888,1.0287480696053302,232,1:25
4890000,9784.000001075763,-1491569.3725512568,387752.7575130103,299.57242537594885,1349.9450201004092,1.0317552711975466,232,1:21
4895000,9794.0000010778,-1491651.673764051,388179.3814378225,299.902029128348,1351.319859058743,1.0307055587014269,232,1:18
4900000,9804.000001079838,-1491046.351815709,388719.3321292517,300.31918757553046,1351.2795029287508,1.030736340850805,232,1:14
4905000,9814.000001081875,-1493124.6440468524,389596.8820130902,300.99717049633813,1350.489023360888,1.0313396600953173,232,1:10
4910000,9824.000001083912,-1491444.2230216358,389912.00526320457,301.2406303673513,1349.3564240609587,1.032205328021289,232,1:06
4915000,9834.00000108595,-1491313.2058131648,388385.81455479574,300.06151650356674,1351.2838931266776,1.0307329920825932,232,1:03
4920000,9844.000001087987,-1491961.7229252048,387447.43936505273,299.33654079144816,1352.5262319519961,1.0297862306931649,232,0:59
4925000,9854.000001090024,-1489450.718326982,389763.12664282694,301.12560880134305,1356.4960468429904,1.0267725391142908,232,0:55
4930000,9864.000001092061,-1490603.2109192265,387459.659638313,299.34598200580035,1353.5229428254252,1.0290279139325367,232,0:52
4935000,9874.000001094098,-1493705.3526703306,389141.308050946,300.6452003449122,1351.9466862832876,1.03022767424693,232,0:48
4940000,9884.000001096136,-1492568.5781968338,387599.9720596521,299.45438544473535,1352.40104662862,1.0298815530996501,232,0:44
4945000,9894.000001098173,-1491998.7307990966,387214.5219593629,299.15659202052956,1350.0056207214425,1.0317089565680153,232,0:40
4950000,9904.00000110021,-1491429.1507381238,389607.1275978779,301.0050860936479,1352.4115983060394,1.0298735178403087,232,0:37
4955000,9914.000001102248,-1493142.1496420242,389377.7371020812,300.82786216460414,1349.2924283680902,1.032254284566038,232,0:33
4960000,9924.000001104285,-1491210.1072523417,389243.3298916421,300.72402101005633,1354.2299085241286,1.0284907175277167,232,0:29
4965000,9934.000001106322,-1492222.2828673553,389951.07516127615,301.2708152310246,1351.039890958045,1.0309191457905869,232,0:26
4970000,9944.00000110836,-1491937.2057634098,388043.6674243315,299.7971783558099,1353.276175849178,1.0292155549413173,232,0:22
4975000,9954.000001110397,-1489739.5363075426,389068.5657388186,300.5890006391739,1353.603300286133,1.0289668250816573,232,0:18
4980000,9964.000001112434,-1489264.3830984244,388850.100145748,300.4202171390974,1356.0059775102357,1.0271436213524818,232,0:14
4985000,9974.000001114471,-1491402.2144235792,388035.28807258105,299.790704584371,1353.6647175157725,1.0289201397459387,232,0:11
4990000,9984.000001116508,-1490887.8065999942,388808.53217320127,300.38810229758434,1353.617958516468,1.028955682474813,232,0:07
4995000,9994.000001118546,-1491283.131213068,389422.1592577962,300.86218210861523,1352.7741816639948,1.0295974813787696,232,0:03
5000000,10004.000001120583,-1490728.9070781488,388090.932607085,299.8336947832471,1351.6480750525127,1.0304552760609402,232,0:00
