#"Step","Time (ps)","Potential Energy (kJ/mole)","Kinetic Energy (kJ/mole)","Temperature (K)","Box Volume (nm^3)","Density (g/mL)","Speed (ns/day)","Time Remaining"
5000,14.000000000001178,-1590617.7685267972,410085.5755428928,301.4660615963587,1453.2808162095891,1.0131410364356648,0,--
10000,23.99999999999741,-1592565.376464039,408525.01594679296,300.3188479819812,1444.0644301011541,1.0196071599544312,224,1:04:06
15000,33.99999999999542,-1595018.211201963,408981.40136244753,300.6543504283798,1443.0564790978954,1.0203193386353713,225,1:03:43
20000,44.00000000000764,-1594389.7498824568,408874.46075509663,300.5757352181761,1438.1712595586428,1.0237851873208113,226,1:03:32
25000,54.00000000001986,-1597574.0924287755,409349.7050038236,300.9251013517456,1438.4509036574216,1.0235861569018212,228,1:02:46
30000,64.00000000003207,-1595133.2747929962,408661.3009628861,300.4190351368252,1438.1569072159548,1.0237954043672082,228,1:02:41
35000,74.00000000000877,-1597370.1914188294,408864.6493750565,300.5685225818974,1435.954744015902,1.0253654848821243,229,1:02:29
40000,83.99999999998546,-1595148.2293491876,408623.147194114,300.3909871705158,1437.114117612415,1.024538284275451,229,1:02:15
45000,93.99999999996216,-1597821.5343731102,407121.3202737864,299.28694968694623,1435.2435948294374,1.025873543467461,230,1:02:06
50000,103.99999999993885,-1598647.0151676144,407520.95152069797,299.5807304616975,1437.2178052562406,1.0244643692708373,230,1:02:00
55000,113.99999999991554,-1597929.2381760292,406830.34073685075,299.07304200465586,1434.987144888788,1.0260568797504888,225,1:03:18
60000,123.99999999989224,-1596178.4357729303,407171.5467628632,299.3238726677893,1438.2095541590807,1.0237579274235524,225,1:03:07
65000,133.99999999991155,-1599917.4529870702,408304.52938566654,300.1567617756334,1431.3947330368276,1.0286320037260959,226,1:02:53
70000,143.9999999999593,-1598079.8579577068,407077.88473625074,299.2550189358662,1433.8576057075375,1.0268651688325119,226,1:02:46
75000,154.00000000000705,-1598350.6051261825,409020.2373958811,300.6828999476642,1434.389872644825,1.0264841243279146,226,1:02:39
80000,164.0000000000548,-1602067.7957901936,409146.4423747423,300.7756769683648,1433.5552790715342,1.0270817274100947,227,1:02:32
85000,174.00000000010255,-1597180.8580539636,408060.5188521442,299.9773823999223,1438.1489199377993,1.023801090383834,227,1:02:25
90000,184.0000000001503,-1598078.7877136944,407406.2415835037,299.4964037868415,1433.7367614107995,1.0269517194480169,227,1:02:14
95000,194.00000000019804,-1599427.4521113522,407157.88754691894,299.313831373287,1435.123707147631,1.0259592431185367,228,1:02:05
100000,204.0000000002458,-1597569.6890112152,409209.1426838131,300.8217698240119,1435.3758782725877,1.0257789995318825,228,1:01:56
105000,214.00000000029354,-1600185.3041463643,405907.59035353083,298.3947008473798,1434.2489547366777,1.0265849785032437,225,1:02:34
110000,224.0000000003413,-1597286.3133086683,407655.87388790294,299.67991589295457,1434.9723996266566,1.0260674231432796,225,1:02:27
115000,234.00000000038904,-1598126.1307515493,408820.58854412,300.53613215910457,1435.5712697616543,1.0256393836936488,225,1:02:24
120000,244.00000000043678,-1597006.5919476254,406226.9383989456,298.6294630611012,1435.187285734614,1.0259137932740263,226,1:02:17
125000,254.00000000048453,-1598604.0532819992,408831.65897205245,300.5442703588073,1435.7106986199203,1.0255397788579401,226,1:02:10
130000,264.0000000005323,-1597771.056098368,408137.2964719476,300.03382390394313,1435.7676835484342,1.0254990756775748,226,1:02:05
135000,274.00000000058003,-1597896.7358569223,409428.6027619294,300.9831014322738,1435.3016341447458,1.025832060202453,226,1:02:02
140000,284.0000000006278,-1600374.6382915387,407086.79427787,299.261568603991,1430.4959692556035,1.029278281107526,226,1:01:54
145000,294.0000000006755,-1597375.2467237934,408227.9004938558,300.1004296059684,1437.3828087839406,1.0243467664764394,226,1:01:49
150000,304.0000000007233,-1597670.5984234558,408999.9366803053,300.66797628992737,1434.4352869478284,1.0264516257819887,226,1:01:43
155000,314.000000000771,-1600533.742408665,408178.6778436601,300.0642445768408,1432.1482300387843,1.0280908089568201,225,1:02:08
160000,324.0000000008188,-1598501.2185010863,409042.6203996341,300.6993543571596,1433.3116827910528,1.0272562835038959,225,1:02:00
165000,334.0000000008665,-1599655.9532357529,408488.18234113755,300.2917705067089,1436.5667435637258,1.0249286634006904,225,1:01:53
170000,344.00000000091427,-1597766.1170349559,410138.5187812664,301.50498174013484,1434.4547970395467,1.0264376649618883,225,1:01:45
175000,354.000000000962,-1599500.8527575582,409194.31232786144,300.8108675897772,1433.5659917788332,1.0270740522657478,226,1:01:37
180000,364.00000000100977,-1598119.8643092532,408168.0265471068,300.05641449303795,1432.781176601307,1.027636638735912,226,1:01:31
185000,374.0000000010575,-1599747.155667739,406867.0368755177,299.10001842387044,1431.1678944765588,1.0287950407839226,226,1:01:26
190000,384.00000000110526,-1600648.4050022373,409067.3561579966,300.7175383463044,1432.6687849511586,1.0277172559579757,226,1:01:19
195000,394.000000001153,-1596130.0366110653,408624.51251633983,300.39199085935246,1434.2669786547858,1.0265720777784422,226,1:01:15
200000,404.00000000120076,-1600308.1890614117,408679.25907542487,300.43223667763436,1431.3963593384995,1.0286308350309705,226,1:01:10
205000,414.0000000012485,-1598376.8596253507,409997.97072623926,301.4016606990132,1434.761172714962,1.0262184817703894,225,1:01:25
210000,424.00000000129626,-1598696.2533979937,408714.4012451749,300.45807072823817,1435.7337488797973,1.0255233141349822,225,1:01:18
215000,434.000000001344,-1597083.6877136342,406683.35412499605,298.9649877895702,1437.1024878756095,1.024546575340767,225,1:01:12
220000,444.00000000139175,-1599046.0635561468,407697.5084976059,299.710522728605,1433.7130258129623,1.0269687209766158,225,1:01:07
225000,454.0000000014395,-1601220.687508679,407149.2736272312,299.30749902560626,1433.1258292570342,1.0273895022392885,225,1:01:02
230000,464.00000000148725,-1600987.1223898185,408382.2781842242,300.2139172219424,1433.6846314454133,1.0269890602665026,225,1:00:58
235000,474.000000001535,-1597827.3379713949,409321.07218989223,300.90405252154255,1434.6510272457715,1.0262972697920199,225,1:00:53
240000,484.00000000158275,-1600846.9519862514,410715.2913983009,301.9289843865674,1433.2303241249206,1.027314596672125,226,1:00:46
245000,494.0000000016305,-1599163.4517406216,407996.5195547074,299.93033461942514,1434.483613158264,1.0264170457304536,226,1:00:40
250000,504.00000000167825,-1600086.2776677124,409472.6141025837,301.01545547329334,1435.2912201395409,1.0258395033054724,226,1:00:35
255000,514.0000000016692,-1597821.629087546,407574.33033790987,299.6199708123882,1433.2418878163066,1.0273063080859113,225,1:00:47
260000,524.0000000014327,-1598830.2715505278,407530.89200752135,299.58803800819925,1432.8271136239055,1.0276036922854657,225,1:00:40
265000,534.0000000011962,-1600755.5303171175,408814.32596654445,300.5315283527048,1434.3587418067937,1.026506402792907,225,1:00:34
270000,544.0000000009597,-1598960.9138039788,406419.03427233885,298.770678431391,1435.0055341034215,1.0260437311042014,225,1:00:31
275000,554.0000000007233,-1603374.7377928188,408194.7661075181,300.076071536462,1433.0734444298057,1.0274270576219384,225,1:00:26
280000,564.0000000004868,-1600288.244408614,408689.9154729855,300.44007051133883,1433.7641056483342,1.0269321337911836,225,1:00:21
285000,574.0000000002503,-1599225.350250708,407739.81971172977,299.74162695621993,1433.5365123830347,1.0270951731247142,225,1:00:16
290000,584.0000000000139,-1597782.276997013,408488.71396093187,300.29216131617693,1430.10701302204,1.0295582211398893,225,1:00:11
295000,593.9999999997774,-1600437.7166681318,409241.6207635922,300.845645423114,1430.0102160843353,1.029627911609142,225,1:00:06
300000,603.9999999995409,-1600149.3726372924,407434.40369028726,299.51710658626837,1433.4433956709718,1.0271618933913016,226,1:00:01
305000,613.9999999993045,-1600335.403034456,408481.55636901146,300.28689955820386,1433.3599551834936,1.027221687784743,225,1:00:09
310000,623.999999999068,-1598070.2237294484,409388.7130356485,300.95377731214563,1433.2301262524081,1.027314738503724,225,1:00:03
315000,633.9999999988315,-1598542.3441848373,409380.5788526195,300.94779763310225,1434.8446769757861,1.0261587585005896,225,59:59
320000,643.9999999985951,-1598536.1652392522,407736.6526883296,299.7392987834472,1433.7092870099286,1.026971399088423,225,59:53
325000,653.9999999983586,-1595784.1089069322,409439.24696258776,300.9909262996739,1432.8760283405318,1.027568612528098,225,59:49
330000,663.9999999981221,-1601223.4292994477,408749.94926950365,300.48420313457245,1432.4412561768318,1.0278804984271481,225,59:43
335000,673.9999999978857,-1599496.8768601995,410359.71395536384,301.66758886888107,1434.786899646939,1.026200080812672,225,59:37
340000,683.9999999976492,-1600202.2594149578,407025.0159179175,299.21615350046756,1432.906621041157,1.0275466738347643,225,59:34
345000,693.9999999974127,-1600471.4653818812,407916.9358183501,299.87183025595175,1430.6458606455917,1.0291704417347758,225,59:29
350000,703.9999999971762,-1599183.0178881418,408161.7202489682,300.0517785463564,1432.448490045536,1.027875307627883,225,59:25
355000,713.9999999969398,-1597701.5832441058,407835.3832517505,299.81187854701074,1433.2861663587673,1.0272745714885378,224,59:35
360000,723.9999999967033,-1600709.3789533516,405815.1313940116,298.32673152573597,1431.125825581639,1.0288252828979918,225,59:30
365000,733.9999999964668,-1597934.4311001478,407963.0960852894,299.90576403637795,1433.1397924806076,1.0273794922811588,225,59:26
370000,743.9999999962304,-1600109.934551415,407427.18850560207,299.5118024901468,1436.7098849913266,1.0248265483156611,225,59:20
375000,753.9999999959939,-1601176.3491900004,408743.2533345346,300.479280754308,1428.9222603323872,1.0304118518135172,225,59:15
380000,763.9999999957574,-1603175.0108508933,406610.79777727806,298.9116494677787,1432.7691136839244,1.0276452907202087,225,59:09
385000,773.999999995521,-1599143.2713417048,409110.3584006921,300.74915056950465,1433.97671609382,1.0267798743465228,225,59:05
390000,783.9999999952845,-1600200.7396117877,408683.81575374975,300.43558642693176,1432.5193666363718,1.0278244515631725,225,59:00
395000,793.999999995048,-1599578.2593001341,409027.70265810046,300.6883878831935,1433.7209997938483,1.0269630092454265,225,58:54
400000,803.9999999948116,-1600413.3934085108,407422.3457142641,299.50824241069296,1432.0141341351791,1.028187080887892,225,58:49
405000,813.9999999945751,-1600893.7477690931,407362.59966288926,299.46432131744297,1433.2536951101756,1.0272978450290817,225,58:55
410000,823.9999999943386,-1602148.620324633,407615.60000675265,299.65030936919544,1433.8136928482338,1.02689661823623,225,58:50
415000,833.9999999941022,-1598337.7977202125,408873.76920841227,300.57522684171084,1435.5122398774577,1.0256815591431958,225,58:45
420000,843.9999999938657,-1600135.6151566012,408548.206158616,300.3358957940547,1434.189773819373,1.0266273398711938,225,58:39
425000,853.9999999936292,-1600470.0453539006,408144.9879181337,300.0394781140104,1430.4931035061302,1.0292803430913864,225,58:34
430000,863.9999999933927,-1601963.9839717066,410765.41840974754,301.965834238456,1429.0982183093324,1.0302849821676507,225,58:29
435000,873.9999999931563,-1604211.6092782896,409394.3046818661,300.9578878970176,1428.88787555901,1.0304366476555256,225,58:23
440000,883.9999999929198,-1600284.7849010127,408829.7523158374,300.54286871931,1432.0280169918603,1.028177113084388,225,58:18
445000,893.9999999926833,-1599460.122736075,408228.1830136924,300.1006372946742,1432.5430858494615,1.027807433445235,225,58:14
450000,903.9999999924469,-1600857.475240389,408672.5786309587,300.4273256848976,1431.2981480199462,1.0287014165452084,225,58:09
455000,913.9999999922104,-1597783.75928583,408502.2374222486,300.30210281342886,1434.4536958729486,1.026438452912643,225,58:13
460000,923.9999999919739,-1599275.3188564088,407731.25439833815,299.7353303404682,1432.6702822489979,1.0277161818805376,225,58:09
465000,933.9999999917375,-1601528.2965383949,408343.44500950864,300.1853698041863,1432.7861889171747,1.0276330437546994,225,58:04
470000,943.999999991501,-1599427.6510357643,408594.8647140179,300.3701958810991,1432.0654431688388,1.0281502422882363,225,58:00
475000,953.9999999912645,-1602376.2529299548,407753.85436529457,299.7519442460452,1430.7226552169195,1.0291152006280468,225,57:55
480000,963.9999999910281,-1600663.7034303667,407439.2864167122,299.52069602318824,1434.4399977361136,1.0264482548523566,225,57:51
485000,973.9999999907916,-1599457.0435029333,409060.6589918878,300.7126150609926,1432.589637750062,1.027774034914199,225,57:47
490000,983.9999999905551,-1599029.5842066323,407504.8679429258,299.5689069469568,1436.0412451107852,1.025303721170671,225,57:42
495000,993.9999999903187,-1600807.7047808878,408897.222678295,300.59246818258697,1435.1657509739423,1.0259291871809624,225,57:38
500000,1003.9999999900822,-1597907.7158017643,408085.2717113183,299.99557896038067,1434.76616443385,1.026214911436557,225,57:33
505000,1013.9999999898457,-1601548.6915814336,408495.88493213675,300.2974329096586,1430.8690045283931,1.0290099427039725,225,57:37
510000,1023.9999999896093,-1601075.0381200667,407518.56690478337,299.57897745985815,1431.4940705865592,1.02856062251333,225,57:33
515000,1033.9999999893728,-1599829.7370144678,407505.9484078354,299.5697012287371,1432.3362198206692,1.0279558751582754,225,57:28
520000,1043.9999999891363,-1600514.718481021,408195.86099159543,300.0768764181998,1430.3019453875086,1.0294179051596994,225,57:24
525000,1053.9999999888998,-1602596.9414669275,409574.1287599219,301.09008190681647,1431.3463147224188,1.0286667993777525,225,57:21
530000,1063.9999999886634,-1599059.880148109,409288.2681915728,300.8799373300612,1435.328570220436,1.0258128089379046,225,57:16
535000,1073.999999988427,-1600018.0238800393,408565.57766402094,300.34866610257257,1432.366419348216,1.0279342020854154,225,57:12
540000,1083.9999999881904,-1599664.0040633017,406142.1370546278,298.56712307936516,1434.9064758772636,1.0261145636453268,225,57:07
545000,1093.999999987954,-1599392.3647992145,409200.89690131065,300.8157081048878,1436.194587730782,1.0251942494039343,225,57:03
550000,1103.9999999877175,-1602122.6152617456,408910.0797790806,300.6019198184614,1432.1649608767596,1.028078798594035,225,56:59
555000,1113.999999987481,-1598693.4134033043,408921.1208503433,300.6100364372061,1435.0425788990358,1.0260172443776965,224,57:02
560000,1123.9999999872446,-1598587.3621446313,409187.4823093332,300.8058466407141,1434.846799344219,1.0261572406472845,224,56:57
565000,1133.999999987008,-1598914.575507084,408303.4460552782,300.15596538735485,1434.9476913631142,1.0260850909261932,225,56:52
570000,1143.9999999867716,-1599186.0287757274,408707.55626892287,300.4530387833089,1433.5263244169391,1.0271024726145266,225,56:48
575000,1153.9999999865352,-1599177.3203918422,408601.8415847763,300.3753247855894,1433.0387274283069,1.0274519482170192,225,56:43
580000,1163.9999999862987,-1599485.2867072783,407945.4128380441,299.8927645571931,1433.5250358972787,1.02710339582249,225,56:38
585000,1173.9999999860622,-1602325.900525311,409180.5199086442,300.8007283736007,1432.4890829976207,1.0278461803601038,225,56:34
590000,1183.9999999858258,-1598217.102607089,407867.80456970696,299.8357124188146,1431.004384687111,1.0289125932263214,225,56:30
595000,1193.9999999855893,-1599745.7863214752,406968.5431436337,299.1746386902277,1434.1056548609283,1.0266875577653551,225,56:25
600000,1203.9999999853528,-1600376.8251918033,407891.2325783223,299.85293504235835,1435.512131079346,1.0256816368800634,225,56:21
605000,1213.9999999851163,-1600308.0381030245,407046.7382301724,299.2321222160596,1436.8664009072706,1.0247149153442228,224,56:23
610000,1223.9999999848799,-1598849.8745426396,408947.8763913101,300.62970522841016,1432.6231234609106,1.0277500120266807,224,56:19
615000,1233.9999999846434,-1600067.4095159108,409616.4411881758,301.1211870269744,1433.4239573208602,1.0271758225100405,225,56:14
620000,1243.999999984407,-1599743.6731171357,407949.4478073267,299.89573078270996,1433.243398372119,1.0273052253643606,225,56:10
625000,1253.9999999841705,-1600695.5785505427,409177.24723244447,300.79832253232354,1431.1115161258374,1.0288355699579081,225,56:06
630000,1263.999999983934,-1601060.3393091075,408007.82263570325,299.93864384929066,1431.357305788858,1.0286589004799092,225,56:02
635000,1273.9999999836975,-1602240.3885867,407562.4288674365,299.61122168868144,1430.0701280750013,1.0295847759218644,225,55:58
640000,1283.999999983461,-1600367.3409645772,408865.820456095,300.56938347827986,1433.2157824920168,1.0273250199677124,225,55:54
645000,1293.9999999832246,-1598344.4538069414,409364.62983350025,300.93607303641573,1434.2987656603657,1.026549326833419,225,55:49
650000,1303.9999999829881,-1600814.9564547502,406760.39998640376,299.02162648594503,1431.8464922838818,1.0283074619389676,225,55:45
655000,1313.9999999827517,-1599887.7610770557,405842.3308325645,298.34672663921276,1433.9972310106912,1.0267651851244577,224,55:47
660000,1323.9999999825152,-1599170.2777222013,410373.807241225,301.6779492610452,1436.0566316200404,1.0252927356392876,224,55:42
665000,1333.9999999822787,-1602720.784685675,409465.3379537482,301.0101065606179,1432.320875170928,1.0279668877903798,224,55:38
670000,1343.9999999820423,-1600413.90773114,408599.04032799666,300.37326549870085,1433.2663165323495,1.0272887985876418,224,55:33
675000,1353.9999999818058,-1598723.3372389926,409012.08855904674,300.67690949617423,1432.6098974451736,1.02775950033041,224,55:29
680000,1363.9999999815693,-1601944.6217617057,408528.07489684375,300.32109670683144,1434.8825990172566,1.0261316384874108,224,55:25
685000,1373.9999999813328,-1602554.5157879451,407638.9669177885,299.6674870780976,1431.0763173665173,1.0288608752020572,225,55:20
690000,1383.9999999810964,-1599258.793625893,410975.4463643313,302.1202320131392,1433.3362680875653,1.0272386634932351,225,55:16
695000,1393.99999998086,-1601585.9215955911,408768.39441475173,300.497762707562,1430.8540587991133,1.0290206910426554,225,55:12
700000,1403.9999999806234,-1600137.477919981,409387.0298648916,300.9525399634327,1430.0788819496063,1.0295784735729958,225,55:07
705000,1413.999999980387,-1600182.0306211645,409287.4166364693,300.8793113266643,1432.375473992003,1.0279277040838752,224,55:09
710000,1423.9999999801505,-1599252.1439648885,407937.2393756596,299.8867560027313,1433.5168963195092,1.0271092277648892,224,55:05
715000,1433.999999979914,-1600204.8929399764,409754.4971256064,301.2226760385839,1433.220725055748,1.0273214771642245,224,55:01
720000,1443.9999999796776,-1600435.5322231753,409447.92645757715,300.99730685370247,1433.1263120153817,1.0273891561561457,224,54:57
725000,1453.999999979441,-1599885.4412805354,408637.4237960527,300.4014823237622,1434.3845370776412,1.0264879426031863,224,54:53
730000,1463.9999999792046,-1600887.8313402096,407622.30883692345,299.655241229105,1432.9655309671123,1.0275044308797434,224,54:48
735000,1473.9999999789682,-1598639.9876935408,408916.4142550938,300.60657647953377,1433.392739356269,1.0271981934468923,224,54:44
740000,1483.9999999787317,-1600241.3341295375,408381.13572947506,300.21307736959375,1432.2433523340362,1.0280225284112579,224,54:40
745000,1493.9999999784952,-1602712.1276569506,408720.82866892533,300.4627957179472,1431.7410633133575,1.0283831833105705,224,54:36
750000,1503.9999999782588,-1601370.7426396525,407848.37403328554,299.8214284555664,1432.1642080216752,1.0280793390309109,224,54:32
755000,1513.9999999780223,-1600346.545263527,408426.8362799791,300.2466731988423,1434.0512096502543,1.026726537001245,224,54:32
760000,1523.9999999777858,-1597940.2226539394,409813.8855023127,301.2663341945835,1436.6906269574501,1.0248402855420444,224,54:28
765000,1533.9999999775494,-1599253.7756719505,409267.56345686514,300.86471666588534,1436.411203822249,1.025039646341309,224,54:24
770000,1543.9999999773129,-1600456.96030158,407260.98120367166,299.38961857608155,1434.2067190010223,1.026615210248225,224,54:19
775000,1553.9999999770764,-1601562.9944666568,407727.5214647908,299.7325861503727,1431.550563793135,1.0285200324781658,224,54:15
780000,1563.99999997684,-1598378.1894535534,406153.24153808516,298.5752863142937,1433.3829700133242,1.0272051944031158,224,54:11
785000,1573.9999999766035,-1601468.3625333784,408599.3886681982,300.3735215739079,1435.076885274434,1.0259927168188514,224,54:06
790000,1583.999999976367,-1601397.503698607,407431.9028840094,299.5152681694491,1433.189585092797,1.0273437985326397,224,54:02
795000,1593.9999999761305,-1601938.8834843254,408855.719950686,300.5619582973728,1431.2798453718958,1.0287145711774326,224,53:58
800000,1603.999999975894,-1598567.9710173346,410900.7876970109,302.0653482138949,1434.3462387478712,1.0265153507510023,224,53:54
805000,1613.9999999756576,-1600276.722247636,409275.1288534895,300.87027821318367,1434.073321949241,1.0267107056739229,224,53:54
810000,1623.9999999754211,-1602191.544638792,408105.4894171912,300.0104415952245,1432.1330605367182,1.0281016987449831,224,53:50
815000,1633.9999999751847,-1601494.560322551,409860.35439234745,301.30049485299486,1430.091093952891,1.0295696816745254,224,53:46
820000,1643.9999999749482,-1602364.211733453,408227.8315423377,300.10037891766365,1432.5754901096823,1.027784184869673,224,53:42
825000,1653.9999999747117,-1599955.9757877747,409357.6019719343,300.9309066470714,1434.1951057239382,1.0266235231805785,224,53:38
830000,1663.9999999744753,-1598330.1027637003,408594.72769511014,300.37009515443873,1437.0774244676927,1.0245644439874457,224,53:34
835000,1673.9999999742388,-1600290.0519326841,408074.9000846705,299.9879544702149,1435.2168288539526,1.0258926754240847,224,53:29
840000,1683.9999999740023,-1599921.7956879362,408851.19866304577,300.55863456481666,1434.4893092229581,1.0264129700375513,224,53:25
845000,1693.9999999737659,-1601493.8106359327,408753.62070640473,300.4869021166606,1429.7599245601064,1.029808156652354,224,53:21
850000,1703.9999999735294,-1601695.0880754255,408117.0713941789,300.0189558498002,1432.7758350469808,1.0276404698843715,224,53:17
855000,1713.999999973293,-1601609.0307948012,408180.0497476449,300.0652531041235,1431.545743001167,1.0285234960636893,224,53:17
860000,1723.9999999730564,-1601407.35281464,409077.63533180347,300.72509487164655,1432.7582664518427,1.0276530708930591,224,53:13
865000,1733.99999997282,-1600056.682353464,408239.5625733109,300.1090027462421,1436.550206442886,1.0249404620618738,224,53:08
870000,1743.9999999725835,-1598899.9005858684,407759.1511987174,299.7558381052935,1433.819353839431,1.0268925638532977,224,53:04
875000,1753.999999972347,-1601346.510584931,408451.61391113047,300.2648879699154,1431.522983309614,1.0285398484923953,224,53:00
880000,1763.9999999721106,-1600365.1449041478,407752.37254983163,299.7508549195771,1432.846650387271,1.0275896809813503,224,52:56
885000,1773.999999971874,-1599685.0193265872,408264.809548472,300.12756254600816,1432.3259567289608,1.027963240803902,224,52:52
890000,1783.9999999716376,-1600568.1414962467,408598.41684927687,300.3728071610139,1432.5342840660526,1.0278137485041596,224,52:48
895000,1793.9999999714012,-1600226.8509224467,408120.03830549336,300.0211369142473,1433.1034791971283,1.0274055249600864,224,52:44
900000,1803.9999999711647,-1600313.6683609681,408767.8237877628,300.4973432227489,1433.3936255846274,1.0271975583581405,224,52:40
905000,1813.9999999709282,-1602954.3092879355,409279.94054249884,300.8738154283938,1432.6899822471212,1.0277020504165744,224,52:40
910000,1823.9999999706918,-1600824.1711095534,408819.1101665837,300.53504535995825,1433.1979437769055,1.027337806867413,224,52:36
915000,1833.9999999704553,-1600327.824167464,407509.83797915163,299.57256056789925,1431.5508010703272,1.0285198620026612,224,52:31
920000,1843.9999999702188,-1599747.0882100947,407795.6778743749,299.78268994722697,1433.9380337638431,1.0268075730594224,224,52:27
925000,1853.9999999699824,-1600114.7888071677,409202.7869296612,300.81709752074903,1433.355720654153,1.0272247224817928,224,52:23
930000,1863.9999999697459,-1599334.028864625,409194.94508735184,300.8113327500337,1432.5719265844486,1.0277867414846737,224,52:18
935000,1873.9999999695094,-1600610.95919324,409387.0902164115,300.9525843296238,1432.895321768296,1.027554776680847,224,52:14
940000,1883.999999969273,-1598820.3115360085,407740.4229989191,299.74207045051435,1432.0324244723458,1.0281739485816268,224,52:10
945000,1893.9999999690365,-1601929.9739088295,410132.9734203678,301.5009051809727,1431.6132901717644,1.0284749676988516,224,52:05
950000,1903.9999999688,-1602803.9764810493,407110.5120595039,299.27900424826964,1430.9734196894342,1.028934857983738,224,52:01
955000,1913.9999999685635,-1601558.260539012,406967.2053093063,299.1736552085599,1434.6673136099912,1.0262856192504797,224,52:01
960000,1923.999999968327,-1602327.4141748697,408008.1501169,299.938884590425,1431.6890252149753,1.0284205623114049,224,51:56
965000,1933.9999999680906,-1601309.5830613738,407307.19744985277,299.4235935085077,1432.271009816035,1.0280026770602362,224,51:52
970000,1943.9999999678541,-1598644.1514285654,408479.4719784848,300.28536726094603,1433.455375048667,1.0271533094057173,224,51:48
975000,1953.9999999676177,-1600595.0220992453,410519.2448627945,301.7848647674599,1429.4209410182461,1.0300523730384175,224,51:44
980000,1963.9999999673812,-1599970.4552096417,407235.79597095307,299.371104165015,1434.044011746129,1.0267316904547763,224,51:40
985000,1973.9999999671447,-1600570.5729965325,409782.8365362775,301.2435091793538,1435.2631711574857,1.0258595510252202,224,51:36
990000,1983.9999999669083,-1601586.358396206,407904.46277936845,299.86266095529305,1433.2795683104912,1.027279300508169,224,51:32
995000,1993.9999999666718,-1601670.4312445177,407654.94711355184,299.6792345936593,1432.6229754965975,1.027750118174863,224,51:28
1000000,2003.9999999664353,-1600653.0341283595,407325.6250622643,299.4371401925893,1434.8989102288422,1.0261199739372806,224,51:24
1005000,2013.9999999661989,-1601948.500515554,409428.23086755426,300.98282804169565,1431.3121188994617,1.0286913755042935,224,51:24
1010000,2023.9999999659624,-1600269.3405441726,408635.5655408688,300.40011626529747,1433.380440826988,1.0272070068970411,224,51:20
1015000,2033.999999965726,-1602007.1037358353,409723.85652407596,301.2001512242056,1434.8078134748137,1.0261851228708114,224,51:16
1020000,2043.9999999654895,-1599716.1511970991,408211.6695565536,300.08849776286945,1434.5702132067943,1.0263550844788156,224,51:12
1025000,2053.999999965253,-1603552.8063305793,408915.1501187468,300.6056471754359,1432.6123267671596,1.0277577575290229,224,51:08
1030000,2063.9999999650167,-1602252.5401278194,408781.2979166445,300.5072484542656,1433.3001515144188,1.0272645480508344,224,51:03
1035000,2073.9999999647803,-1600437.7243739115,408569.53541271144,300.3515755609434,1432.2372514337223,1.0280269074783153,224,50:59
1040000,2083.999999964544,-1603439.919977487,409503.36103477655,301.03805845449324,1429.7201875715862,1.0298367786689238,224,50:55
1045000,2093.9999999643073,-1602026.7574060885,408118.22725761856,300.0198055592747,1431.3467768637095,1.0286664672504093,224,50:51
1050000,2103.999999964071,-1601454.6840679776,408980.1782611741,300.65345129038076,1430.4844365455904,1.0292865792529904,224,50:47
1055000,2113.9999999638344,-1600168.4597822987,408672.8412720734,300.42751876016575,1430.8490091853535,1.029024322562828,224,50:46
1060000,2123.999999963598,-1601888.40719702,408094.81786335295,300.00259661969113,1431.645211053791,1.028452036159768,224,50:42
1065000,2133.9999999633615,-1603574.1767742652,408598.96786429797,300.3732122284881,1429.4959342519053,1.0299983351384543,224,50:38
1070000,2143.999999963125,-1603558.9794399822,408103.6861802393,300.0091159822929,1431.4535510819114,1.0285897375110837,224,50:34
1075000,2153.9999999628885,-1598015.400330659,408194.1140652492,300.0755922008634,1433.8113457056786,1.0268982992612545,224,50:30
1080000,2163.999999962652,-1601093.5747082448,408469.18360862765,300.2778039753147,1431.0484367584493,1.0288809201328095,224,50:25
1085000,2173.9999999624156,-1601480.0300355116,409806.95960055257,301.26124275891465,1431.865479488008,1.0282938261023864,224,50:21
1090000,2183.999999962179,-1599302.7830263628,408004.0653435482,299.9358817524606,1431.6754362499516,1.0284303237214962,224,50:17
1095000,2193.9999999619426,-1600111.0109049324,408066.6169136263,299.98186526566553,1430.7937557904945,1.0290640607060677,224,50:14
1100000,2203.999999961706,-1602119.3177237324,410139.9401139486,301.5060266039181,1431.0566634462543,1.0288750054249334,224,50:09
1105000,2213.9999999614697,-1599301.9671592293,408545.7375646389,300.33408105745247,1432.3930829631095,1.027915067364628,224,50:08
1110000,2223.9999999612332,-1600432.7925648736,408274.73792426405,300.13486118933184,1431.3966883240253,1.0286305986152666,224,50:04
1115000,2233.999999960997,-1601314.7654844038,407933.46702540934,299.8839828362491,1430.8860853773701,1.0289976591521184,224,50:00
1120000,2243.9999999607603,-1599004.486870015,406912.6503228075,299.1335502209645,1432.3537000425604,1.0279433301445742,224,49:56
1125000,2253.999999960524,-1604044.1752431765,409558.0979336724,301.0782971712837,1430.5738824883347,1.0292222236055384,224,49:52
1130000,2263.9999999602874,-1599305.1469322601,409273.5565079361,300.8691223353627,1436.1727917254568,1.0252098082137433,224,49:48
1135000,2273.999999960051,-1599744.240681422,407840.24227759475,299.8154505609313,1432.5678315382993,1.0277896794496661,224,49:44
1140000,2283.9999999598144,-1602943.2543707266,409819.2254758736,301.27025976742607,1433.6278163048437,1.0270297601797986,224,49:39
1145000,2293.999999959578,-1604861.5697435066,408553.8586248306,300.3400510895092,1430.6558028620625,1.0291632896054537,224,49:35
1150000,2303.9999999593415,-1603299.5844100583,407768.0937825716,299.7624120637446,1430.24946914051,1.0294556747862027,224,49:31
1155000,2313.999999959105,-1601010.9829068836,409939.0610889093,301.358354478519,1429.6689539520075,1.0298736839018456,224,49:30
1160000,2323.9999999588686,-1600628.4807601236,409169.95115368307,300.7929589685688,1431.4992701927279,1.0285568864931522,224,49:26
1165000,2333.999999958632,-1603431.4319748906,406303.2711298668,298.6855775141181,1430.1985693961067,1.029492312377543,224,49:22
1170000,2343.9999999583956,-1602315.7550130552,409404.6790891265,300.96551443129414,1432.6852192693113,1.0277054670233736,224,49:18
1175000,2353.999999958159,-1597251.268400508,407557.77144416014,299.607797878784,1434.0721141345964,1.0267115703976797,224,49:14
1180000,2363.9999999579227,-1602373.250885196,407254.34038388927,299.3847367126244,1434.1747784016272,1.0266380740620766,224,49:09
1185000,2373.999999957686,-1600694.034789646,409671.0288183068,301.16131601187146,1437.88533766387,1.023988765862807,224,49:05
1190000,2383.9999999574497,-1601499.749804453,407324.1590014398,299.43606244782296,1433.6911469921124,1.0269843930163798,224,49:01
1195000,2393.9999999572133,-1601187.311679204,407693.92818191275,299.7078907324177,1433.587278900708,1.0270588013976307,224,48:57
1200000,2403.999999956977,-1602159.4599531256,406799.51145139115,299.0503784831286,1434.9456613325333,1.026086542538034,224,48:52
1205000,2413.9999999567403,-1600311.5201381827,409218.8277172067,300.82888957912576,1432.471885059852,1.0278585204519617,224,48:51
1210000,2423.999999956504,-1601784.5166377043,408818.23029703554,300.5343985417739,1431.1120848387895,1.0288351611065536,224,48:47
1215000,2433.9999999562674,-1601595.8145424416,405778.8916155515,298.300090590436,1435.7859626751422,1.0254860199519786,224,48:43
1220000,2443.999999956031,-1599317.6462054467,408018.5528752024,299.9465319663928,1433.0873078013549,1.0274171185184646,224,48:38
1225000,2453.9999999557945,-1601574.652637424,408367.80475252867,300.2032773733077,1431.4988641928867,1.0285571782111151,224,48:34
1230000,2463.999999955558,-1604375.506326126,407732.13206016785,299.7359755356932,1433.395089150958,1.0271965095393096,224,48:30
1235000,2473.9999999553215,-1601322.6387322461,408728.78003610676,300.46864100364235,1433.2391331013248,1.0273082825896858,224,48:26
1240000,2483.999999955085,-1600249.7239522329,408154.35520219966,300.04636428217543,1433.838893525992,1.0268785698411949,224,48:22
1245000,2493.9999999548486,-1600715.2110180361,406854.34039292776,299.0906848631924,1433.7068613774775,1.0269731365810857,224,48:18
1250000,2503.999999954612,-1600772.6683354909,408018.7719065873,299.946692982856,1431.3496024574315,1.028664436584032,224,48:14
1255000,2513.9999999543757,-1600698.8535061125,407737.29740861244,299.7397727364368,1433.6571957277467,1.027008713627144,224,48:12
1260000,2523.999999954139,-1601055.8703061529,407969.5675730762,299.91052141886615,1427.7521082323385,1.031256353170134,224,48:08
1265000,2533.9999999539027,-1599690.0948176421,408407.5937816061,300.232527467937,1433.335582129779,1.0272391551034123,224,48:04
1270000,2543.9999999536662,-1604624.3409746177,408540.72962779517,300.33039957464246,1429.5183594904727,1.0299821772778461,224,48:00
1275000,2553.99999995343,-1602000.6531082755,408703.7004959333,300.4502042902985,1431.7937923372297,1.028345310788904,224,47:56
1280000,2563.9999999531933,-1600849.8000765294,409898.7115144674,301.3286923103777,1432.0671006565603,1.0281490522976262,224,47:52
1285000,2573.999999952957,-1600657.7715950012,408081.01693032176,299.9924511447576,1431.6839787407018,1.0284241873417794,224,47:48
1290000,2583.9999999527204,-1599578.298796013,408643.77552449744,300.40615166760836,1433.396235464715,1.0271956880710649,224,47:44
1295000,2593.999999952484,-1603614.5202316754,408021.1028909704,299.9484065585669,1431.804978229004,1.0283372769019374,224,47:39
1300000,2603.9999999522474,-1598675.3451132113,408888.2474855185,300.58587025235056,1433.1181636591732,1.0273949976373447,224,47:35
1305000,2613.999999952011,-1601393.1930465223,408576.0276971597,300.35634823167385,1429.5769619708815,1.029939955339489,224,47:34
1310000,2623.9999999517745,-1601633.1088722805,409076.8172932104,300.72449350723,1430.6700974461241,1.0291530066889503,224,47:30
1315000,2633.999999951538,-1602198.3130443767,409127.07669543225,300.7614406835015,1430.7199500560077,1.029117146447153,224,47:26
1320000,2643.9999999513016,-1600553.7054142514,409649.4908904718,301.1454828427316,1434.8080314178696,1.0261849669963552,224,47:21
1325000,2653.999999951065,-1601696.268041281,408746.8134254827,300.4818978826857,1432.1589520805271,1.0280831120230733,224,47:17
1330000,2663.9999999508286,-1603392.4877759684,406969.2929596903,299.1751899022356,1433.6137425776842,1.027039842488722,224,47:13
1335000,2673.999999950592,-1602760.096929267,407289.22528598405,299.41038163814943,1430.279082326037,1.0294343604411451,224,47:09
1340000,2683.9999999503557,-1601749.3703976572,408840.19213031756,300.5505433363724,1432.3135013008484,1.0279721799937067,224,47:05
1345000,2693.999999950119,-1600490.5152523303,408076.96513897466,299.98947255284247,1435.4252828394801,1.0257436941991667,224,47:01
1350000,2703.9999999498827,-1602314.5345269172,408651.61967164074,300.41191813267545,1431.0237447664192,1.028898673241081,224,46:57
1355000,2713.9999999496463,-1598825.9678230863,408060.8323451644,299.9776128579334,1434.5058362344325,1.026401144683827,224,46:56
1360000,2723.99999994941,-1599222.4684264176,409597.8720368739,301.1075362934591,1431.7639370622774,1.028366753941092,224,46:51
1365000,2733.9999999491733,-1598988.1681564758,409000.7919516885,300.6686050252715,1434.1720061229169,1.026640058570813,224,46:47
1370000,2743.999999948937,-1602482.6790771075,409118.68512919353,300.75527179443185,1431.5572374927679,1.0285152376759858,224,46:43
1375000,2753.9999999487004,-1600289.8849487659,408806.2727823149,300.52560821827973,1432.0742457981676,1.0281439224863798,224,46:39
1380000,2763.999999948464,-1600198.0092761815,408314.95435733127,300.16442548130226,1433.7817769089054,1.0269194769241363,224,46:35
1385000,2773.9999999482275,-1601234.9142306326,408548.36116068397,300.3360097406691,1430.8786862236109,1.0290029801565972,224,46:31
1390000,2783.999999947991,-1600183.5873938724,405546.9173525954,298.1295594339755,1433.0642915711132,1.0274336197104161,224,46:27
1395000,2793.9999999477545,-1600633.1767467745,408432.00287834543,300.25047131844036,1435.4907444777714,1.0256969179570017,224,46:22
1400000,2803.999999947518,-1601691.624619076,409159.1489407515,300.78501794166317,1434.5178146881926,1.0263925740696977,224,46:18
1405000,2813.9999999472816,-1601338.6368926447,408776.15124326746,300.50346498211775,1434.9373322076383,1.0260924984796451,224,46:17
1410000,2823.999999947045,-1601344.046084321,406720.92650344386,298.99260835861963,1430.8172122198087,1.0290471905089567,224,46:13
1415000,2833.9999999468087,-1601400.9646806205,408865.4283797564,300.56909525134216,1431.706592728749,1.028407943250708,224,46:08
1420000,2843.999999946572,-1599151.7796554277,406944.2351045694,299.1567691302166,1434.4339466344884,1.0264525848828314,224,46:04
1425000,2853.9999999463357,-1602338.604514731,409572.79125465825,301.08909866705324,1432.3680491737362,1.0279330324465112,224,46:00
1430000,2863.9999999460993,-1601695.847720813,410438.8196853656,301.72574183571425,1433.4757215793973,1.0271387301519077,224,45:56
1435000,2873.999999945863,-1601023.1328145051,407015.6342343159,299.2092567467771,1432.9385429802953,1.027523782914184,224,45:52
1440000,2883.9999999456263,-1599478.327385242,407289.9816727353,299.41093768046966,1431.7545702921602,1.0283734816828294,224,45:48
1445000,2893.99999994539,-1602068.7893546494,409291.0532679563,300.8819847222609,1433.9449097594982,1.0268026493525473,224,45:44
1450000,2903.9999999451534,-1599230.2688043378,409367.6474402506,300.93829136858034,1432.860862942492,1.0275794883133365,224,45:40
1455000,2913.999999944917,-1600956.929046739,408703.1647908305,300.449810477599,1433.4956750225194,1.0271244329659535,224,45:38
1460000,2923.9999999446804,-1600007.248528271,408028.0400416109,299.95350626362114,1431.8045666323906,1.0283375725150055,224,45:34
1465000,2933.999999944444,-1599307.7785683395,409397.4636521359,300.96021014969546,1433.8427045043088,1.0268758405237102,224,45:30
1470000,2943.9999999442075,-1599402.399264616,406390.830483568,298.7499449902998,1435.7278954008138,1.0255274952052154,224,45:26
1475000,2953.999999943971,-1598817.4251586692,408226.4516365513,300.0993645080194,1434.0476130295394,1.0267291120523785,224,45:22
1480000,2963.9999999437346,-1602079.4874793217,405917.29424113384,298.40183446278184,1430.9866790579329,1.028925323984126,224,45:18
1485000,2973.999999943498,-1602585.3307625214,409292.9200745083,300.8833570670898,1433.4481328776055,1.0271584988644793,224,45:14
1490000,2983.9999999432616,-1601153.572214217,409234.85489117395,300.8406716297576,1433.7852521338577,1.0269169878650637,224,45:10
1495000,2993.999999943025,-1602455.0163297663,408581.50025459635,300.3603712708532,1433.8792921057493,1.0268496382316563,224,45:06
1500000,3003.9999999427887,-1601461.5366904251,409370.99420684617,300.9407516759036,1432.0117027364838,1.0281888266367027,224,45:02
1505000,3013.999999942552,-1602405.2861619033,409391.71148810256,300.9559815634193,1430.9606092981792,1.0289440693191312,224,45:00
1510000,3023.9999999423158,-1602325.4164078748,408248.8915542571,300.1158607566484,1434.6315832947446,1.0263111794773252,224,44:56
1515000,3033.9999999420793,-1603592.243932033,407649.6177008692,299.6753167844315,1430.9586412121919,1.0289454844895956,224,44:52
1520000,3043.999999941843,-1601205.3195453454,408356.44505669654,300.19492652419797,1434.8237353316636,1.02617373556781,224,44:48
1525000,3053.9999999416063,-1601428.9987716414,407549.80772425176,299.6019435122332,1432.2161161759893,1.0280420781033355,224,44:44
1530000,3063.99999994137,-1601749.3737434326,407969.2825279252,299.91031187372687,1431.8817477166042,1.028282143210937,224,44:40
1535000,3073.9999999411334,-1601805.8252886347,408810.316602069,300.5285809500405,1430.2353054117157,1.029465869563893,224,44:36
1540000,3083.999999940897,-1600969.9272443745,410441.17846118775,301.7274758417357,1432.2068107814364,1.028048757541725,224,44:32
1545000,3093.9999999406605,-1601952.147700591,408574.12508347013,300.3549495639568,1432.9152959170256,1.02754045306242,224,44:28
1550000,3103.999999940424,-1602209.400359463,408185.00565143605,300.0688963358943,1429.6626814355768,1.0298782023800066,224,44:24
1555000,3113.9999999401875,-1600995.7910804702,408950.0279216572,300.63128688214005,1433.443795765149,1.0271616066960758,224,44:22
1560000,3123.999999939951,-1600774.6851594895,408320.2941299077,300.1683509063951,1433.2829357872129,1.0272768869308881,224,44:18
1565000,3133.9999999397146,-1602278.4534592964,409132.26743300655,300.76525654854686,1430.8087906690291,1.0290532473442418,224,44:14
1570000,3143.999999939478,-1600236.369089,407831.01575349685,299.808667869591,1432.0790401262482,1.028140480456198,224,44:10
1575000,3153.9999999392417,-1599234.9189821528,408558.01185561507,300.3431042525614,1431.4335099908444,1.0286041385017382,224,44:05
1580000,3163.999999939005,-1599762.2922659302,410033.53633644886,301.4278060332497,1433.4645957955959,1.027146702252146,224,44:01
1585000,3173.9999999387687,-1600390.6432232223,409263.2592033023,300.8615524815124,1431.136133885239,1.0288178723916703,224,43:57
1590000,3183.9999999385323,-1601230.3380208192,408470.56736817025,300.2788212179694,1432.1703529495553,1.0280749279122334,224,43:53
1595000,3193.999999938296,-1602287.6253286041,409628.171447566,301.12981028833923,1433.8344975311663,1.0268817181493763,224,43:49
1600000,3203.9999999380593,-1601169.5695637101,409169.75572929834,300.79281530631124,1433.4412617260875,1.0271634225135098,224,43:45
1605000,3213.999999937823,-1600583.5927117197,410267.64509497496,301.5999063206706,1431.36926203292,1.0286503080801723,224,43:43
1610000,3223.9999999375864,-1599973.8814631077,407153.51721414994,299.310618612131,1432.579890131093,1.02778102813653,224,43:39
1615000,3233.99999993735,-1601498.5708536925,406797.8427493421,299.04915177079164,1431.6542322952605,1.028445555604653,224,43:35
1620000,3243.9999999371134,-1600872.6050252076,408747.3532527991,300.48229472574656,1431.7776192866388,1.028356926755317,224,43:31
1625000,3253.999999936877,-1600971.3115761662,408383.7561619432,300.21500372717117,1430.1477147968762,1.0295289200778632,224,43:27
1630000,3263.9999999366405,-1601056.8880643658,406567.7196923181,298.879981490682,1430.9170484025544,1.028975393095207,224,43:23
1635000,3273.999999936404,-1603194.0743087875,405875.194308248,298.3708855542674,1430.9745902057987,1.0289340163300167,224,43:19
1640000,3283.9999999361676,-1602126.0958829531,409020.22356432455,300.68288977967705,1434.1514233909934,1.0266547927591023,224,43:15
1645000,3293.999999935931,-1601916.0880572684,410577.3009666001,301.8275435301614,1432.0028959495137,1.028195149975843,224,43:11
1650000,3303.9999999356946,-1599102.5249951603,407871.0429648179,299.8380930590473,1431.5662747390998,1.0285087448256562,224,43:07
1655000,3313.999999935458,-1601049.9180491883,407062.2165464345,299.2435007851241,1430.5559870865654,1.029235098561407,224,43:05
1660000,3323.9999999352217,-1603819.969300473,407259.30130658485,299.3883836339406,1427.4530956135866,1.0314723733418045,224,43:00
1665000,3333.999999934985,-1601748.7658992559,405956.4200183906,298.4305969813388,1430.016765452865,1.0296231959912523,224,42:56
1670000,3343.9999999347488,-1601598.4441128308,409221.2527888275,300.83067232115377,1430.7116372261767,1.0291231259020566,224,42:52
1675000,3353.9999999345123,-1601944.108547395,408255.8420302838,300.120970257589,1431.408765200676,1.028621920000771,224,42:48
1680000,3363.999999934276,-1603556.7342471313,410008.69914871943,301.40954748037086,1431.882917407787,1.0282813032172882,224,42:44
1685000,3373.9999999340394,-1603154.7972260593,408630.5764203156,300.39644861490035,1432.4384756491074,1.027882493661339,224,42:40
1690000,3383.999999933803,-1603103.1751448484,410353.14837988676,301.6627623197429,1430.4761514856357,1.029292540695277,224,42:36
1695000,3393.9999999335664,-1601155.1737090368,407280.2787040266,299.4038047405741,1430.0642169362359,1.0295890316877307,224,42:33
1700000,3403.99999993333,-1601199.4117031572,410081.89523782965,301.4633560950218,1434.1146106769645,1.0266811462660055,224,42:29
1705000,3413.9999999330935,-1601457.7664421536,406326.1003756367,298.7023599693468,1430.0210565079046,1.0296201064075123,224,42:26
1710000,3423.999999932857,-1603372.8229110977,408867.89422569535,300.57090796778004,1434.526577272046,1.0263863045093151,224,42:22
1715000,3433.9999999326205,-1602396.2635109182,407454.6641271061,299.53200063389704,1431.5991572825687,1.0284851209059729,224,42:18
1720000,3443.999999932384,-1598539.1330380598,408040.90447051416,299.962963286612,1432.0348661735466,1.0281721954863468,224,42:14
1725000,3453.9999999321476,-1602445.2371736318,407328.4640338243,299.4392272047307,1432.5283559875852,1.0278180017955696,224,42:10
1730000,3463.999999931911,-1599926.279731501,407797.9476014072,299.7843584908435,1431.0940836012167,1.0288481024682508,224,42:06
1735000,3473.9999999316747,-1602170.4878217028,408298.8635423466,300.15259664627223,1433.8318143873037,1.0268836397634402,224,42:02
1740000,3483.999999931438,-1601842.6930837007,407153.35897043714,299.31050228248733,1432.8921453804062,1.0275570545302717,224,41:58
1745000,3493.9999999312017,-1600938.673809153,407332.17147259915,299.44195265286334,1432.3939311531374,1.027914458686184,224,41:54
1750000,3503.9999999309653,-1601049.484123799,410315.7845333975,301.6352950487172,1431.0078859959626,1.0289100757414038,224,41:50
1755000,3513.999999930729,-1602509.110568069,409185.620752844,300.804478155362,1431.7081511549286,1.028406823820145,224,41:48
1760000,3523.9999999304923,-1603201.3948262334,409309.3960861871,300.895469071627,1433.1951374107218,1.0273398185167726,224,41:43
1765000,3533.999999930256,-1602629.7857561754,409692.38492934953,301.17701552209815,1431.0169716790647,1.028903543078917,224,41:39
1770000,3543.9999999300194,-1602084.7530792383,406897.0323407368,299.12206897942434,1432.5570464355123,1.0277974172339057,224,41:36
1775000,3553.999999929783,-1602279.972233804,408572.29437308875,300.35360375449284,1431.8681668036818,1.028291896210948,224,41:31
1780000,3563.9999999295464,-1601446.6934127957,407352.25482709624,299.4567165220286,1433.8032244770757,1.0269041157329277,224,41:27
1785000,3573.99999992931,-1601944.6904519517,406159.90337799676,298.5801836302709,1432.6227068245755,1.0277503109176565,224,41:23
1790000,3583.9999999290735,-1598868.9778754972,410483.70159359765,301.758735856764,1433.5834344495065,1.0270615556687446,224,41:19
1795000,3593.999999928837,-1602822.8183426587,406931.4901577792,299.14739994206843,1432.7621390400448,1.0276502932672062,224,41:15
1800000,3603.9999999286006,-1601603.8035515295,407616.7141173412,299.65112838491154,1433.3355359536383,1.027239188196808,224,41:11
1805000,3613.999999928364,-1600660.5471190773,409065.8861849657,300.71645772555917,1433.5648744445318,1.0270748527771785,224,41:09
1810000,3623.9999999281276,-1599589.6649728147,407048.768854718,299.23361498835123,1434.1669219693636,1.0266436980325953,224,41:05
1815000,3633.999999927891,-1600670.0785143562,410060.12823935156,301.44735452926255,1431.6173054278424,1.0284720831358125,224,41:01
1820000,3643.9999999276547,-1600036.8332906878,408896.96303467074,300.5922773108629,1430.051666444978,1.0295980676187007,224,40:57
1825000,3653.9999999274182,-1602470.3976083575,406420.9866482914,298.77211368082254,1430.1086678071624,1.0295570298334764,224,40:53
1830000,3663.9999999271818,-1603235.891349215,408539.4034998901,300.3294246987128,1428.3429958518818,1.0308297353245373,224,40:49
1835000,3673.9999999269453,-1603044.6560375374,408539.2985195231,300.3293475245333,1432.8680224488587,1.0275743538824098,224,40:45
1840000,3683.999999926709,-1600262.1517059896,408969.3694569764,300.64550541804,1429.4036333452973,1.0300648452395345,224,40:41
1845000,3693.9999999264724,-1600957.1406010268,408807.91560186405,300.5268159036238,1434.8532860013543,1.0261526016153697,224,40:37
1850000,3703.999999926236,-1600647.8011040706,409081.73469594005,300.72810843572927,1432.3448230251481,1.0279497008666894,224,40:33
1855000,3713.9999999259994,-1600821.866323704,409475.9236727313,301.01788843640514,1433.3382579052195,1.0272372374393246,224,40:30
1860000,3723.999999925763,-1603915.2134444248,408035.44851002924,299.95895244834384,1431.8980567285344,1.0282704312977444,224,40:26
1865000,3733.9999999255265,-1601370.8535394585,410643.18605737033,301.87597761323326,1432.0311902318354,1.0281748347452437,224,40:22
1870000,3743.99999992529,-1601909.200509036,410739.83616666007,301.94702797329984,1430.3083733046808,1.0294132788754986,224,40:18
1875000,3753.9999999250535,-1602697.6747583523,409550.2435503457,301.07252318129486,1433.8274776712358,1.026886745648109,224,40:14
1880000,3763.999999924817,-1601346.860297501,406566.2985844837,298.878936792191,1432.9859241812244,1.0274898081835209,224,40:10
1885000,3773.9999999245806,-1600684.6380247185,408527.11057963676,300.32038780867003,1432.7753860896407,1.027640791893485,224,40:06
1890000,3783.999999924344,-1602745.5394393625,407692.8644777866,299.7071087719862,1432.2497026774486,1.028017970340079,224,40:02
1895000,3793.9999999241077,-1603621.9456544882,408200.6180359099,300.08037346247505,1430.7771198817006,1.029076025823219,224,39:58
1900000,3803.999999923871,-1602844.3732029796,409407.82224914077,300.9678250613845,1432.6721421954458,1.0277148476624665,224,39:54
1905000,3813.9999999236347,-1602514.618687828,410530.19721001596,301.79291616253204,1432.1691072547385,1.02807582212759,224,39:52
1910000,3823.9999999233983,-1602592.073238641,407851.132873144,299.8234565605189,1430.7734851392581,1.0290786400918972,224,39:47
1915000,3833.999999923162,-1602666.6752645262,408774.18595141906,300.5020202378284,1432.8791239940283,1.0275663925248089,224,39:43
1920000,3843.9999999229253,-1600391.2132037831,407245.811391429,299.3784667974658,1434.6083315951687,1.0263278136196838,224,39:40
1925000,3853.999999922689,-1601351.1923213946,407625.15195964323,299.657331292887,1432.436369248785,1.0278840051644413,224,39:36
1930000,3863.9999999224524,-1597997.8761404091,410392.13576032803,301.69142309869875,1433.9496933425212,1.026799223991292,224,39:31
1935000,3873.999999922216,-1602475.3297282131,409406.84132810665,300.9671039572576,1432.2084178149892,1.028047604002319,224,39:27
1940000,3883.9999999219795,-1601055.386610996,404995.87755148625,297.7244737432552,1432.766717626565,1.0276470092812493,224,39:23
1945000,3893.999999921743,-1600874.1960576363,409352.02933303034,300.926810035039,1430.9545466391305,1.028948428742767,224,39:19
1950000,3903.9999999215065,-1602924.1507407455,408443.33043092024,300.2587985380889,1432.3113046685623,1.0279737565203126,224,39:15
1955000,3913.99999992127,-1598244.8478607256,408285.30439615145,300.1426289160085,1433.9617304800913,1.0267906047072113,224,39:13
1960000,3923.9999999210336,-1601471.6773403436,407956.69214636623,299.90105631106155,1435.3240591832634,1.0258160329343837,224,39:09
1965000,3933.999999920797,-1601615.8070402201,409443.9753088282,300.9944022471443,1433.1071416042143,1.0274028993522966,224,39:05
1970000,3943.9999999205606,-1600636.4852343192,408158.4403435762,300.04936739068575,1431.2398608399897,1.0287433103648456,224,39:01
1975000,3953.999999920324,-1601445.4590446828,408050.87911389355,299.9702959426106,1432.96722174389,1.0275032185138189,224,38:56
1980000,3963.9999999200877,-1602926.4607400605,408424.16632395133,300.24471043502825,1431.2971700505093,1.0287021194310701,224,38:52
1985000,3973.9999999198512,-1599779.7322377665,409006.1003711512,300.67250740176115,1434.644493751771,1.0263019436377594,224,38:48
1990000,3983.9999999196148,-1601852.1165763782,408041.38374843716,299.9633156180191,1432.5444415429236,1.0278064607760617,224,38:44
1995000,3993.9999999193783,-1598652.1720096832,407979.6476187076,299.9179315591843,1434.8734160623092,1.0261382055619002,224,38:41
2000000,4003.999999919142,-1600939.8406466655,408585.9398291026,300.3636349336625,1430.6157719353764,1.0291920872470026,224,38:36
2005000,4013.9999999189054,-1599844.6098929439,408964.84904305387,300.6421823277796,1432.4411906346893,1.0278805454583915,224,38:34
2010000,4023.999999918669,-1600578.7445196519,407129.5670174719,299.29301211266454,1428.536465723225,1.0306901277603937,224,38:30
2015000,4033.9999999184324,-1602524.4734134525,406662.32469829824,298.94952843468843,1429.5698779411007,1.0299450590601453,224,38:26
2020000,4043.999999918196,-1601785.723731704,408026.310792469,299.95223504132167,1433.7561584604925,1.0269378259882282,224,38:22
2025000,4053.9999999179595,-1600917.3661101907,410052.0097129695,301.44138635988446,1432.0999117401236,1.0281254962006015,224,38:18
2030000,4063.999999917723,-1601135.4836655483,409095.49106488866,300.7382211502848,1434.0011894940696,1.0267623507942292,224,38:14
2035000,4073.9999999174865,-1601894.661752074,406497.6288631658,298.8284556446665,1433.3612070217484,1.0272207906519069,224,38:10
2040000,4083.99999991725,-1602229.0291332705,409379.48427303473,300.94699297520594,1434.2703948196192,1.0265696326750335,224,38:06
2045000,4093.9999999170136,-1602662.964127468,407032.1880240992,299.2214259283043,1433.5500893281041,1.027085445655231,224,38:02
2050000,4103.999999918596,-1601460.641236283,409035.0915154029,300.6938196512037,1432.785756127561,1.0276333541632208,224,37:58
2055000,4113.999999920633,-1600351.4638856454,407172.3046662664,299.32442982504546,1433.7199871006603,1.0269637346300575,224,37:55
2060000,4123.99999992267,-1602040.401929127,408910.9375247199,300.6025503727046,1432.457823149102,1.0278686105604062,224,37:51
2065000,4133.9999999247075,-1600301.2715548603,408443.44252611394,300.2588809425883,1433.2710393120444,1.0272854135623772,224,37:47
2070000,4143.999999926745,-1602862.1637368537,407289.08297971706,299.41027702459456,1431.8493485617537,1.0283054106534382,224,37:43
2075000,4153.999999928782,-1600409.8686273796,410208.6890686811,301.5565659982741,1433.1844900849874,1.0273474507663283,224,37:39
2080000,4163.999999930819,-1603367.601907786,407905.80677309586,299.8636489649183,1430.3328348092934,1.0293956738838095,224,37:35
2085000,4173.999999932857,-1601852.2235117257,407607.5665480985,299.6444037356256,1432.992371706185,1.0274851851538973,224,37:31
2090000,4183.999999934894,-1598631.7885900997,409450.0596082724,300.99887499600555,1432.9442099686025,1.0275197192770773,224,37:27
2095000,4193.999999936931,-1603550.2317136116,409583.9799751673,301.09732382713526,1430.8427970828704,1.0290287901427482,224,37:23
2100000,4203.999999938968,-1597723.207943974,409334.9366782431,300.91424471787536,1434.5251925563944,1.026387295257465,224,37:19
2105000,4213.999999941006,-1602940.7655882249,408222.792688914,300.09667470715937,1434.38591927514,1.026486953462783,224,37:17
2110000,4223.999999943043,-1600908.401159591,407891.4767357791,299.85311452974173,1433.9310582636408,1.0268125680669524,224,37:13
2115000,4233.99999994508,-1600577.608151747,409589.6443533222,301.1014878794102,1432.6176694849403,1.0277539246713372,224,37:09
2120000,4243.999999947117,-1601397.4236222794,409215.28141185705,300.82628258495004,1433.1609408215509,1.0273643318262775,224,37:05
2125000,4253.999999949155,-1599615.668138747,406838.549792822,299.07907672501824,1432.5869664518018,1.0277759513709694,224,37:01
2130000,4263.999999951192,-1600848.68054518,409147.5181304992,300.7764677883073,1433.4455034190426,1.0271603830454294,224,36:57
2135000,4273.999999953229,-1600461.4224517522,407918.01506215427,299.8726236400612,1435.9044077831259,1.0254014295003369,224,36:53
2140000,4283.9999999552665,-1600736.2055120403,408419.09979520005,300.2409858795703,1431.18893850661,1.0287799135053557,224,36:49
2145000,4293.999999957304,-1600931.4004360195,410050.0644387752,301.43995633116594,1433.122746645659,1.0273917121285487,224,36:45
2150000,4303.999999959341,-1604755.1643661316,408430.9741226609,300.24971504964407,1432.1151529214546,1.0281145544498023,224,36:41
2155000,4313.999999961378,-1600618.3864745963,408108.90986341314,300.01295606662495,1431.0987893503977,1.0288447194026291,224,36:38
2160000,4323.999999963416,-1602959.6399924085,409326.5237328891,300.90806011238436,1433.7879079167647,1.0269150857227956,224,36:34
2165000,4333.999999965453,-1598861.410792727,407438.80560618365,299.5203425651174,1436.3999832197665,1.0250476535555493,224,36:30
2170000,4343.99999996749,-1602248.4432100244,408388.6628033254,300.218610744685,1435.7333541896937,1.0255235960563445,224,36:26
2175000,4353.999999969527,-1601792.5046980558,408558.3941976837,300.3433853235488,1436.69760325825,1.024835309133587,224,36:22
2180000,4363.999999971565,-1600002.2752134027,408476.0549626404,300.28285531131775,1435.1847835440146,1.0259155819160737,224,36:18
2185000,4373.999999973602,-1600903.4342559362,411104.7055800803,302.21525429390414,1437.1710630654652,1.0244976886927364,224,36:14
2190000,4383.999999975639,-1601356.9510362428,407932.8536840973,299.8835319508711,1433.9558143907252,1.0267948409499996,224,36:10
2195000,4393.999999977676,-1601789.6857357789,408972.6235545928,300.64789760164985,1430.4235962140979,1.0293303579887774,224,36:07
2200000,4403.999999979714,-1601229.3718060283,409070.8015414488,300.720071149802,1436.356640328846,1.0250785849603194,224,36:03
2205000,4413.999999981751,-1601717.2682896927,407607.5268540033,299.6443745553196,1435.1946787335435,1.025908508569667,224,36:00
2210000,4423.999999983788,-1601815.3140530325,409217.0801421972,300.82760488493784,1432.1066568224717,1.0281206538300258,224,35:56
2215000,4433.9999999858255,-1601241.9517289596,410383.82208524295,301.68531146972475,1431.6726139749085,1.028432351079712,224,35:52
2220000,4443.999999987863,-1601166.3617439214,411250.3924785512,302.3223530511576,1432.0555682051056,1.0281573320594577,224,35:48
2225000,4453.9999999899,-1600932.1241488028,407847.39995746815,299.8207123835612,1435.3140677955053,1.0258231737588093,224,35:44
2230000,4463.999999991937,-1600729.2386385724,409049.1132704208,300.70412745892486,1433.3212534337279,1.0272494242580699,224,35:40
2235000,4473.999999993975,-1602172.2763934527,408331.81108331867,300.1768173602122,1432.9669782208064,1.0275033931310682,224,35:36
2240000,4483.999999996012,-1602029.2619806696,407924.8012270554,299.87761235102323,1432.9571146075605,1.0275104658452305,224,35:32
2245000,4493.999999998049,-1604817.7566710291,408300.65364838915,300.1539126062832,1430.397506407168,1.0293491325113748,224,35:28
2250000,4504.000000000086,-1603875.3364048693,406994.5917389745,299.1937877847481,1429.8975441153611,1.0297090434388938,224,35:24
2255000,4514.000000002124,-1603493.386178594,408837.2529116967,300.54838262964523,1430.6165994944095,1.0291914918972709,224,35:21
2260000,4524.000000004161,-1602693.5816043112,407214.0456654974,299.35511487079134,1431.4131930894494,1.0286187380939158,224,35:17
2265000,4534.000000006198,-1601224.629905546,408967.51477003767,300.64414198269805,1432.2409291557524,1.028024267700937,224,35:13
2270000,4544.0000000082355,-1601411.9045349015,408999.280399168,300.66749383821104,1431.0708360197013,1.0288648159876146,224,35:09
2275000,4554.000000010273,-1599954.0801706621,408628.6427222742,300.3950270961549,1434.9623858233308,1.0260745834963843,224,35:05
2280000,4564.00000001231,-1599031.0558714224,408356.194774771,300.1947425345361,1435.293879815629,1.0258376023701756,224,35:01
2285000,4574.000000014347,-1600353.4683346217,407488.7237862953,299.55703889890185,1433.4336899416542,1.0271688482685117,224,34:57
2290000,4584.000000016385,-1598965.9315952118,408760.01921101357,300.4916058470514,1434.3386864833574,1.0265207556916411,224,34:53
2295000,4594.000000018422,-1600460.7028262923,408418.98676902795,300.2409027906811,1432.595851337561,1.027769577157401,224,34:49
2300000,4604.000000020459,-1598912.3258929262,408163.2855973897,300.05292928037824,1434.694257887467,1.0262663450920013,224,34:45
2305000,4614.000000022496,-1600769.5497271977,408363.5270176166,300.200132683581,1434.5391732677617,1.0263772923068357,224,34:43
2310000,4624.000000024534,-1599933.3565747365,408294.0380635272,300.149049293764,1434.6845418523187,1.0262732952190776,224,34:39
2315000,4634.000000026571,-1602638.0228243237,410099.23081255227,301.4760999898302,1434.2455680659652,1.0265874025687998,224,34:35
2320000,4644.000000028608,-1599074.4674386308,408689.5475531851,300.4398000425883,1433.358221922768,1.0272229299327147,224,34:31
2325000,4654.000000030645,-1602574.005075111,407931.2818361389,299.882376438847,1432.2335080747048,1.0280295943822124,224,34:27
2330000,4664.000000032683,-1600676.9201124692,406359.99711487564,298.72727846706715,1434.439251292108,1.0264487889887068,224,34:23
2335000,4674.00000003472,-1598271.6843507672,406817.16123951145,299.0633533655189,1433.5149801374016,1.027110600703681,224,34:19
2340000,4684.000000036757,-1599812.1089241086,407082.0283785983,299.2580650501742,1435.6087038666988,1.0256126397122816,224,34:15
2345000,4694.0000000387945,-1599330.3844637852,406756.2735747319,299.0185930384174,1433.3508359236928,1.0272282231710625,224,34:11
2350000,4704.000000040832,-1601487.134631439,409608.5969463949,301.11542049233634,1433.3742898906455,1.0272114148768374,224,34:07
2355000,4714.000000042869,-1599132.0933996728,408862.49504305073,300.56693886858517,1434.111285685311,1.0266835266295629,224,34:04
2360000,4724.000000044906,-1601452.0997359455,410113.0336930662,301.48624689641593,1434.37965041475,1.0264914396554041,224,34:00
2365000,4734.000000046944,-1599806.951465955,410164.2269007874,301.52388054078824,1435.4803327417003,1.025704357477666,224,33:56
2370000,4744.000000048981,-1600897.2591192322,408161.9138857757,300.05192089451305,1429.126553863667,1.0302645545183193,224,33:52
2375000,4754.000000051018,-1600860.8413792327,407588.9632584739,299.6307279060174,1433.440612498448,1.0271638877318652,224,33:48
2380000,4764.000000053055,-1602029.7693553716,410701.58026484953,301.9189049259667,1430.8369894249283,1.0290329668919305,224,33:44
2385000,4774.000000055093,-1602856.3663758868,408312.2700160506,300.1624521424625,1430.2661218251833,1.0294436887645277,224,33:40
2390000,4784.00000005713,-1600918.4524773592,411015.07447539247,302.14936381216506,1434.2406743338956,1.0265909053586622,224,33:36
2395000,4794.000000059167,-1601617.108083698,408484.5826914563,300.2891242975339,1433.373620785394,1.0272118943837445,224,33:32
2400000,4804.000000061204,-1598772.998047308,408028.2149331826,299.9536348315993,1432.8315998204282,1.0276004748577434,224,33:28
2405000,4814.000000063242,-1601495.3839510959,407820.4798470791,299.800922612497,1430.5109324875841,1.0292675147936565,224,33:25
2410000,4824.000000065279,-1603015.9247914497,409192.1323439538,300.8092650189916,1433.7052847697687,1.0269742659162295,224,33:21
2415000,4834.000000067316,-1603072.6957080113,409065.97680722736,300.7165243446698,1431.208099789941,1.0287661400063022,224,33:17
2420000,4844.0000000693535,-1599398.2288538245,407502.2335354984,299.5669703159726,1433.9877396961642,1.026771981103982,224,33:13
2425000,4854.000000071391,-1601774.8795526419,410130.39525030216,301.49900989174,1431.175890352131,1.028789292980881,224,33:09
2430000,4864.000000073428,-1602485.456407601,406729.88009235146,298.99919040721176,1432.326705924888,1.0279627031152097,224,33:05
2435000,4874.000000075465,-1599824.079298037,407459.7513183033,299.53574037893145,1435.5656137163012,1.0256434246534034,224,33:01
2440000,4884.000000077503,-1601390.3481423007,408990.2537024653,300.66085804591194,1433.2137038244084,1.0273265099529372,224,32:57
2445000,4894.00000007954,-1601137.2974668117,409976.2888087507,301.3857216788112,1435.8924173006142,1.0254099921598785,224,32:53
2450000,4904.000000081577,-1601565.4725476122,406196.62136497116,298.60717611082396,1433.2612399081852,1.0272924372537784,224,32:49
2455000,4914.000000083614,-1601254.3214701964,409015.6834484517,300.679552205929,1433.8643092214948,1.0268603680958264,224,32:46
2460000,4924.000000085652,-1602406.0663346294,407985.5293244746,299.9222553754285,1433.1027567798153,1.0274060428681953,224,32:42
2465000,4934.000000087689,-1602099.5699995896,407549.6662722214,299.601839526653,1432.641480123291,1.0277368433028624,224,32:38
2470000,4944.000000089726,-1601543.6153149065,408987.7721639195,300.6590337933736,1436.8705349709558,1.0247119671059395,224,32:35
2475000,4954.0000000917635,-1601893.3418986192,411091.01537955436,302.2051902217174,1434.7658552511095,1.0262151325792177,224,32:31
2480000,4964.000000093801,-1603263.1216992699,408361.23234668444,300.1984458029643,1432.165209163088,1.0280786203618668,224,32:27
2485000,4974.000000095838,-1600451.900482159,407841.58178113267,299.81643526968514,1431.5389941822204,1.0285283449143916,224,32:23
2490000,4984.000000097875,-1602721.1008747192,407806.8145371461,299.79087683812287,1431.39163640945,1.028634229036027,224,32:19
2495000,4994.0000000999125,-1599683.733519935,406727.0235788558,298.9970904994734,1430.2865997294134,1.029428949865853,224,32:15
2500000,5004.00000010195,-1600639.9275197722,408529.7385092713,300.32231967763676,1431.2556203397626,1.0287319829124075,224,32:11
2505000,5014.000000103987,-1601765.2517652847,409034.1433095385,300.6931225969677,1433.8612603908225,1.0268625515172445,224,32:08
2510000,5024.000000106024,-1600023.242684694,406312.90600126307,298.69266039366096,1432.867886241532,1.0275744515628427,224,32:04
2515000,5034.000000108062,-1600565.69131032,408277.1400936808,300.1366270952709,1430.9361191823943,1.0289616794409642,224,32:00
2520000,5044.000000110099,-1602109.0403266447,408860.5946718602,300.56554184939563,1431.920440941305,1.028254357063826,224,31:56
2525000,5054.000000112136,-1601845.0252606105,407524.7902402751,299.583552418239,1431.2247550870316,1.028754168157969,224,31:52
2530000,5064.000000114173,-1602046.5250656502,407585.37333070475,299.62808884370816,1431.7141726715217,1.0284024985372968,224,31:48
2535000,5074.000000116211,-1601410.0568625992,409180.1094885825,300.80042666164843,1432.2934240674515,1.0279865896370357,224,31:44
2540000,5084.000000118248,-1602905.5007631946,408462.2428667783,300.2727016302564,1431.1552154137441,1.0288041552089724,224,31:40
2545000,5094.000000120285,-1603058.218208992,410866.90772772464,302.0404420442637,1431.8713354308231,1.0282896206757577,224,31:36
2550000,5104.0000001223225,-1602989.0669851182,408918.09420072706,300.6078114573627,1430.8407738335623,1.0290302452185511,224,31:32
2555000,5114.00000012436,-1602658.7026038878,408964.8962668658,300.64221704340343,1433.3595019918655,1.027222012565978,224,31:29
2560000,5124.000000126397,-1600304.6895217411,408325.1410565631,300.17191402584336,1433.6446831962992,1.0270176771304282,224,31:25
2565000,5134.000000128434,-1601597.8535667853,408355.176414024,300.19399390736663,1432.4963796192212,1.0278409448811536,224,31:21
2570000,5144.000000130472,-1603558.6206693891,408708.4873429851,300.4537232434493,1429.5794014505416,1.0299381978172626,224,31:17
2575000,5154.000000132509,-1603240.0327412542,407954.98665947013,299.89980255709327,1432.0651527369375,1.0281504508036303,224,31:13
2580000,5164.000000134546,-1601874.8686923934,407323.39812717284,299.43550310659685,1433.5432387448388,1.0270903538673977,224,31:09
2585000,5174.000000136583,-1601401.7271592477,407279.02596998296,299.4028838186473,1435.7976179811099,1.0254776954129363,224,31:05
2590000,5184.000000138621,-1600163.250227266,409061.48528533755,300.713222493799,1435.0054877659754,1.0260437642359534,224,31:01
2595000,5194.000000140658,-1600435.3666007025,408261.13989800814,300.12486487718303,1436.0828043775937,1.0252740495731991,224,30:57
2600000,5204.000000142695,-1602589.7725525051,410339.27514038107,301.65256369017686,1430.6931275818717,1.0291364402198786,224,30:53
2605000,5214.000000144732,-1601443.7298776489,409092.518928147,300.73603624447134,1433.9819959474892,1.0267760937917443,224,30:50
2610000,5224.00000014677,-1601655.4913445776,407158.75612323516,299.3144698894818,1433.3305509337806,1.027242760860314,224,30:46
2615000,5234.000000148807,-1600327.6786287064,406232.3593644271,298.63344817350514,1435.0892348281955,1.0259838877147738,224,30:42
2620000,5244.000000150844,-1602352.9399698563,408264.0443757939,300.1270000448926,1433.8595243455113,1.0268637947910013,224,30:38
2625000,5254.0000001528815,-1601292.8051506784,409813.2400698089,301.26585971801927,1431.8669917630264,1.0282927400636177,224,30:34
2630000,5264.000000154919,-1599497.6297443165,409250.5797625473,300.8522314487923,1432.8492103637104,1.0275878450551732,224,30:30
2635000,5274.000000156956,-1602223.3970018663,409309.7064713256,300.8956972449422,1433.471860753821,1.0271414965846426,224,30:27
2640000,5284.000000158993,-1599524.104200596,409641.36815405847,301.13951157843474,1432.538292860959,1.0278108722846964,224,30:23
2645000,5294.000000161031,-1602613.8017594144,408406.4303228336,300.23167217490817,1432.5481682017191,1.027803787020252,224,30:19
2650000,5304.000000163068,-1602619.5730520226,408967.37681206,300.6440405656995,1429.561725249994,1.0299509327651946,224,30:15
2655000,5314.000000165105,-1603127.7004354205,406683.1004004836,298.96480126916066,1430.4521412517383,1.0293098174387192,224,30:11
2660000,5324.000000167142,-1603723.1596990777,409182.35189410043,300.80207512040994,1431.1226181966172,1.0288275886674352,224,30:07
2665000,5334.00000016918,-1600786.3992282096,408493.7887563235,300.2958919486872,1431.9788213103973,1.0282124361443317,224,30:03
2670000,5344.000000171217,-1603069.265487915,406881.1949506146,299.11042644452226,1433.6512611868723,1.027012964887792,224,29:59
2675000,5354.000000173254,-1600622.190951732,409042.89135208225,300.6995535423353,1434.4552945930195,1.02643730893293,224,29:55
2680000,5364.0000001752915,-1602470.147687167,407185.87830959,299.334408212578,1432.69898032234,1.0276955959271952,224,29:52
2685000,5374.000000177329,-1604740.508094984,408719.95450311573,300.46215309275016,1431.4132648999366,1.0286186864906404,224,29:48
2690000,5384.000000179366,-1600112.8310317956,408739.70888494916,300.47667512435953,1433.591764882814,1.027055587534718,224,29:44
2695000,5394.000000181403,-1602385.8155492852,408637.2885777877,300.4013829208077,1434.3050354416105,1.0265448394757388,224,29:40
2700000,5404.0000001834405,-1603674.148617559,408577.9101320683,300.3577320653709,1432.7884021841608,1.0276314563421505,224,29:36
2705000,5414.000000185478,-1602161.9052636176,408633.08163728693,300.39829027415107,1433.570488077839,1.0270708309159233,224,29:33
2710000,5424.000000187515,-1601585.9836845836,409143.77972843003,300.7737195781393,1433.3289799020329,1.0272438867923315,224,29:29
2715000,5434.000000189552,-1603623.5581956906,408496.8950409965,300.29817547062123,1431.9446148633174,1.0282369981936725,224,29:25
2720000,5444.00000019159,-1601493.416179183,407338.7232107151,299.44676902974714,1433.439861622457,1.0271644257891097,224,29:21
2725000,5454.000000193627,-1599866.1462745238,408576.3677317354,300.3565982011691,1431.5643513867926,1.028510126659917,224,29:17
2730000,5464.000000195664,-1600253.3775759721,408438.04360258847,300.25491203387963,1433.0531239768109,1.0274416263653303,224,29:13
2735000,5474.000000197701,-1601563.4325873842,408204.46378967137,300.083200590054,1434.23858205097,1.0265924029606996,224,29:09
2740000,5484.000000199739,-1602775.1253793258,408384.0996553819,300.2152562393792,1432.3604325738258,1.0279384984971396,224,29:05
2745000,5494.000000201776,-1603921.070432947,411944.3005449919,302.8324654383658,1432.1058996818667,1.0281211973875197,224,29:01
2750000,5504.000000203813,-1602355.6566346837,408454.7540540291,300.26719638203457,1431.0485595401908,1.0288808318564262,224,28:57
2755000,5514.0000002058505,-1602586.9649649384,406558.62528247014,298.87329592044273,1430.7184621011945,1.029118216734461,224,28:54
2760000,5524.000000207888,-1601650.3928598687,409136.3759737118,300.7682768585972,1431.7569076662724,1.0283718028408828,224,28:50
2765000,5534.000000209925,-1602408.3706511352,408343.39327963965,300.1853317760263,1434.0422453401916,1.0267329551490068,224,28:46
2770000,5544.000000211962,-1601227.9253705945,407410.0709046999,299.4992188343547,1434.7185197518713,1.0262489903742888,224,28:42
2775000,5554.000000214,-1602187.4172448032,409008.90345591505,300.67456803245506,1428.527470773626,1.030696617664117,224,28:38
2780000,5564.000000216037,-1598867.6735160667,409874.9012419108,301.31118867328036,1432.1919591809312,1.0280594182421632,224,28:34
2785000,5574.000000218074,-1603171.9740191307,408720.2998252699,300.4624069493011,1434.5894052968629,1.0263413537910306,224,28:30
2790000,5584.000000220111,-1602316.253110527,409283.0632656838,300.8761110347652,1433.3762875851976,1.0272099832537074,224,28:26
2795000,5594.000000222149,-1602618.6747897612,408694.0679039694,300.4431230864339,1433.6361613223169,1.0270237819675259,224,28:22
2800000,5604.000000224186,-1601808.3174062548,407547.3496669758,299.6001365214724,1430.0395135873764,1.029606817417978,224,28:19
2805000,5614.000000226223,-1600724.176708485,407342.23283184273,299.44934905626394,1432.8279326137508,1.0276031049176668,224,28:15
2810000,5624.00000022826,-1602736.6774256472,409109.6716604425,300.748645726392,1429.6607438430556,1.0298795981547113,224,28:11
2815000,5634.000000230298,-1602221.0641410984,408056.8788513938,299.9747065274804,1434.8503076415127,1.026154731629688,224,28:07
2820000,5644.000000232335,-1601605.1887043808,408346.4043424218,300.1875452975259,1432.5446018115872,1.0278063457882507,224,28:03
2825000,5654.000000234372,-1603100.501533051,409668.4108429578,301.1593914605951,1434.233034743283,1.0265963736013073,224,28:00
2830000,5664.0000002364095,-1599977.2811162528,408797.1186883794,300.5188787724987,1435.960311927659,1.0253615090448458,224,27:56
2835000,5674.000000238447,-1599973.500995447,407388.4695298334,299.48333902342137,1435.44126534127,1.0257322733553995,224,27:52
2840000,5684.000000240484,-1601111.6016399544,409275.3362790607,300.87043069786915,1434.726466459495,1.0262433061544278,224,27:48
2845000,5694.000000242521,-1601805.3410353996,408177.0078013451,300.06301687923457,1434.2692986000684,1.0265704172875905,224,27:44
2850000,5704.000000244559,-1601982.1668289313,408498.12323039246,300.29907834905,1434.5125353025676,1.026396351465899,224,27:40
2855000,5714.000000246596,-1601757.7206572555,409908.0618706916,301.33556603438444,1433.3111014756494,1.0272567001335449,224,27:37
2860000,5724.000000248633,-1602173.7900395738,407485.4586995101,299.55463863682826,1432.2024260524317,1.0280519049426253,224,27:33
2865000,5734.00000025067,-1601641.483458466,407699.98043589044,299.7123399237067,1431.171063234911,1.028792762927025,224,27:29
2870000,5744.000000252708,-1600734.5992355272,409528.0021311273,301.05617285478746,1434.429055114004,1.0264560851701596,224,27:25
2875000,5754.000000254745,-1602607.395754557,409034.7092540179,300.69353863952927,1433.3893268278434,1.0272006389395218,224,27:21
2880000,5764.000000256782,-1599969.0500213504,408302.20425326854,300.1550525018903,1434.8760878130154,1.026136294884387,224,27:17
2885000,5774.0000002588195,-1600902.606630317,408626.08093972725,300.3931438538729,1435.0784554139261,1.025991594265811,224,27:13
2890000,5784.000000260857,-1601015.5747659719,410293.9399249454,301.6192364295656,1433.3029206982353,1.0272625633452146,224,27:09
2895000,5794.000000262894,-1601021.546760262,408588.7893141124,300.36572967455254,1433.1668301274058,1.0273601100827598,224,27:05
2900000,5804.000000264931,-1601587.2390246764,409675.0090566861,301.16424200307904,1431.9509145355894,1.0282324746055795,224,27:01
2905000,5814.0000002669685,-1602619.4959786013,409415.9120542088,300.97377211687336,1432.0557602768656,1.0281571941598073,224,26:58
2910000,5824.000000269006,-1600138.6638989365,407762.46551808843,299.75827455970017,1433.2399419043213,1.0273077028612028,224,26:54
2915000,5834.000000271043,-1602778.030624724,408208.5557242397,300.08620869244083,1433.2304019911824,1.0273145408589446,224,26:50
2920000,5844.00000027308,-1602922.9048758857,410199.07580396195,301.54949900244003,1434.6179816885185,1.0263209099287116,224,26:46
2925000,5854.000000275118,-1602283.22469078,409263.76254807453,300.8619225051737,1431.7840413771414,1.0283523141873168,224,26:42
2930000,5864.000000277155,-1599871.3518432183,407915.514999246,299.870785769715,1433.0851659305704,1.0274186540829668,224,26:39
2935000,5874.000000279192,-1602381.2282625297,408050.42602772935,299.96996286554173,1434.586883055344,1.0263431582692437,224,26:35
2940000,5884.000000281229,-1599708.3531677462,408102.3551149972,300.0081374767804,1435.4137424276582,1.0257519409536073,224,26:31
2945000,5894.000000283267,-1600890.1522537256,407321.4913173467,299.4341013541754,1435.6221271741156,1.0256030500622666,224,26:27
2950000,5904.000000285304,-1602718.457403575,407724.2398272432,299.7301737213431,1430.6877389846222,1.0291403163988937,224,26:23
2955000,5914.000000287341,-1601157.683793706,408464.2596856927,300.27418425361924,1433.828775813638,1.0268858159379168,224,26:20
2960000,5924.0000002893785,-1602522.248898534,408725.36409534264,300.46612984433744,1435.251270624643,1.0258680570447087,224,26:16
2965000,5934.000000291416,-1601019.3648094637,406404.02669478976,298.75964591630714,1435.8294414177756,1.025454966930325,224,26:12
2970000,5944.000000293453,-1604277.4878804386,405343.72373464366,297.98018578272155,1433.5807632215187,1.0270634694190146,224,26:08
2975000,5954.00000029549,-1603451.9200723143,410263.330714968,301.5967346920484,1431.959132050969,1.0282265739370586,224,26:04
2980000,5964.000000297528,-1600381.6252338653,408932.23785716115,300.61820887842805,1433.2712062938833,1.02728529387951,224,26:00
2985000,5974.000000299565,-1600665.0293385042,410611.0934780402,301.85238540693746,1435.1316977902097,1.025953530699513,224,25:56
2990000,5984.000000301602,-1599487.884726083,409221.86476144707,300.83112220036537,1434.772633938478,1.0262102841513956,224,25:52
2995000,5994.000000303639,-1600563.9954137038,408906.41648107173,300.59922681951423,1432.8227249531108,1.027606839788806,224,25:48
3000000,6004.000000305677,-1601994.6142441537,408414.80196448555,300.23782641682357,1432.7255227040685,1.0276765570475384,224,25:44
3005000,6014.000000307714,-1601242.6358296284,408229.8975127394,300.10189767374175,1430.882791820845,1.0290000276633438,224,25:41
3010000,6024.000000309751,-1599289.6656969916,408207.4757836179,300.08541479608016,1436.2386670287958,1.0251627853834486,224,25:37
3015000,6034.000000311788,-1600125.4792631622,409490.09021391976,301.0283026807317,1434.6226831567587,1.026317546525066,224,25:33
3020000,6044.000000313826,-1601039.2051428994,409330.84824359126,300.9112391883808,1432.933331817617,1.027527519719986,224,25:29
3025000,6054.000000315863,-1601185.6568624545,408329.20960071334,300.1749049332406,1433.7071315301175,1.0269729430691068,224,25:25
3030000,6064.0000003179,-1601594.6362152006,409458.07581855904,301.00476794978925,1431.4610296281953,1.0285843637315677,224,25:21
3035000,6074.0000003199375,-1601082.9430464357,406210.33109620924,298.6172545406161,1432.6568924497042,1.0277257870508185,224,25:17
3040000,6084.000000321975,-1601494.9302507835,410263.0333640304,301.5965161005607,1432.993618268381,1.0274842913437838,224,25:14
3045000,6094.000000324012,-1600653.673450129,405832.89489393856,298.3397900010458,1434.7849691350243,1.026201461571131,224,25:10
3050000,6104.000000326049,-1602913.3805949483,407560.5016923728,299.60980496517027,1433.087721537036,1.0274168219008082,224,25:06
3055000,6114.000000328087,-1601782.4378997702,409204.2297856331,300.8181582069405,1434.3785706337314,1.0264922123844415,224,25:02
3060000,6124.000000330124,-1601065.9373437436,408914.6258585409,300.6052617762193,1433.316610515347,1.0272527518098462,224,24:58
3065000,6134.000000332161,-1598085.9866132047,406246.2261448947,298.6436420548409,1436.1386165218141,1.0252342047124998,224,24:55
3070000,6144.000000334198,-1602804.4358404754,408969.6727831819,300.6457284021243,1434.564188982804,1.026359394493641,224,24:51
3075000,6154.000000336236,-1603712.0636369754,409711.36966373667,301.1909717630573,1430.9296847217663,1.0289663063723113,224,24:47
3080000,6164.000000338273,-1599643.118010966,408266.1602517063,300.12855548799075,1434.9480671020535,1.026084822247394,224,24:43
3085000,6174.00000034031,-1602241.5412738724,407459.6139055518,299.53563936274486,1431.2540949923916,1.0287330792751226,224,24:39
3090000,6184.000000342347,-1599617.2874236945,408958.90340277884,300.6378115113835,1434.8538720305166,1.0261521825097302,224,24:35
3095000,6194.000000344385,-1601435.8412311971,410730.22186723613,301.93996021682364,1434.7719552463989,1.0262107695810063,224,24:31
3100000,6204.000000346422,-1603424.2768502915,407378.38163708814,299.4759231144573,1431.9322035244752,1.0282459104855837,224,24:27
3105000,6214.000000348459,-1599523.488116268,408083.2403800271,299.99408566853947,1435.1882106850614,1.0259131320928554,224,24:24
3110000,6224.0000003504965,-1603690.3644802757,409338.014818811,300.9165075502435,1433.8252223282238,1.026888360895079,224,24:20
3115000,6234.000000352534,-1602279.5778043577,409952.02936290915,301.3678878411184,1432.1231661340794,1.0281088018017606,224,24:16
3120000,6244.000000354571,-1603449.2076036893,407863.49561061047,299.8325447752644,1434.3988599601785,1.0264776928277313,224,24:12
3125000,6254.000000356608,-1602325.7440525768,407511.4314660276,299.5737319873331,1434.4160471700163,1.0264653935457095,224,24:08
3130000,6264.000000358646,-1601208.251162408,408990.7596093452,300.66122995305443,1432.403296203477,1.027907738183183,224,24:04
3135000,6274.000000360683,-1601047.2858387288,406705.091363724,298.980967478055,1436.2533567202124,1.0251523002382628,224,24:00
3140000,6284.00000036272,-1601979.599805613,405839.11449951935,298.3443622174585,1434.649342766872,1.026298474808496,224,23:56
3145000,6294.000000364757,-1601911.7884304067,409027.5726496127,300.6882923101006,1433.4385222444928,1.0271653855522083,224,23:52
3150000,6304.000000366795,-1601560.8977380563,407801.41629085026,299.78690842726576,1436.5323627582927,1.0249531932155924,224,23:48
3155000,6314.000000368832,-1600650.767225381,408092.651916852,300.0010043682192,1432.8578265481672,1.0275816658751775,224,23:45
3160000,6324.000000370869,-1602968.7860918008,408002.1286895098,299.9344580606742,1433.0604223117857,1.0274363937784556,224,23:41
3165000,6334.0000003729065,-1601358.8609682657,407960.1178478104,299.90357464573157,1432.57390570739,1.0277853215814419,224,23:37
3170000,6344.000000374944,-1602884.3672878388,408895.11214345973,300.5909166658729,1433.3615778521205,1.0272205248957473,224,23:33
3175000,6354.000000376981,-1601511.4128733715,407709.5045913266,299.71934141266553,1435.068670010471,1.0259985902667004,224,23:29
3180000,6364.000000379018,-1599373.0647593606,408663.3475838921,300.42053966858896,1435.5178496016963,1.0256775509793787,224,23:25
3185000,6374.0000003810555,-1600382.4166658316,408236.69028471626,300.10689124176093,1435.5749681321663,1.0256367414112626,224,23:22
3190000,6384.000000383093,-1601548.3655785285,408356.5938706486,300.195035921745,1434.3462229336183,1.0265153620687533,224,23:18
3195000,6394.00000038513,-1602084.0663747266,408673.99523219455,300.4283670704544,1434.2765016520987,1.0265652617683303,224,23:14
3200000,6404.000000387167,-1602080.958841864,407820.38767496846,299.8008548540465,1431.6128857321846,1.028475258249452,224,23:10
3205000,6414.000000389205,-1601284.5529898843,407639.1155390592,299.66759633399886,1433.060679374789,1.0274362094765006,224,23:06
3210000,6424.000000391242,-1602127.8849875098,407793.4883576731,299.7810803686018,1435.1544609324822,1.0259372579380646,224,23:03
3215000,6434.000000393279,-1600605.6044768775,407371.41803114465,299.47080396132566,1432.9083660786694,1.0275454224585185,224,22:59
3220000,6444.000000395316,-1602520.4003756493,407799.29697176197,299.7853504529869,1434.4500032837286,1.0264410951905596,224,22:55
3225000,6454.000000397354,-1600408.9660005467,408725.67733803816,300.46636011832754,1430.7017216317308,1.029130258323439,224,22:51
3230000,6464.000000399391,-1604374.0697901538,408167.4306729365,300.05597644827355,1430.0392255848587,1.0296070247754758,224,22:47
3235000,6474.000000401428,-1603770.1760190735,407953.11507698905,299.89842670133737,1431.3049310067543,1.0286965415056646,224,22:43
3240000,6484.0000004034655,-1602922.347049268,408292.60646752676,300.1479968851113,1433.6925196288764,1.0269834097675208,224,22:39
3245000,6494.000000405503,-1606052.3369158525,408854.59667596954,300.56113254483466,1434.5926536826046,1.0263390298194062,224,22:35
3250000,6504.00000040754,-1602643.7563563418,408834.4549452721,300.5463257615943,1432.850425897523,1.0275869733188436,224,22:31
3255000,6514.000000409577,-1601646.9936464252,408472.4255642835,300.28018723300954,1434.350301250226,1.026512443357302,224,22:28
3260000,6524.000000411615,-1602220.1641633846,408740.48331218923,300.47724442877785,1435.7436355245713,1.025516252299942,224,22:24
3265000,6534.000000413652,-1602727.3258969625,407347.2907466969,299.4530672793907,1433.166594850337,1.0273602787402463,224,22:20
3270000,6544.000000415689,-1602770.4270666009,407274.61793473084,299.3996433412785,1431.8901523864063,1.0282761075720561,224,22:16
3275000,6554.000000417726,-1600933.688543586,409928.2007736103,301.3503707388409,1435.065014756793,1.0260012035874087,224,22:12
3280000,6564.000000419764,-1602064.4504010594,408575.1106104775,300.35567405407113,1433.5850964171996,1.0270603649873344,224,22:08
3285000,6574.000000421801,-1602851.1135703651,409054.77339780267,300.7082883863305,1427.4126819543828,1.0315015769305784,224,22:04
3290000,6584.000000423838,-1602493.338504307,407986.3535074471,299.92286125676054,1433.4967155558372,1.027123687406384,224,22:00
3295000,6594.000000425875,-1602764.84982712,407941.6604976822,299.890006100573,1435.9127069099366,1.0253955030004498,224,21:57
3300000,6604.000000427913,-1600494.057471308,409029.17992307566,300.6894738644632,1434.1791888337082,1.026634916913003,224,21:53
3305000,6614.00000042995,-1602072.8307885723,409551.5677371038,301.0734966302298,1431.658825894503,1.02844225574952,224,21:49
3310000,6624.000000431987,-1599406.7619187636,410112.0784899267,301.4855446982757,1434.4673211642935,1.0264287032844972,224,21:45
3315000,6634.0000004340245,-1602232.4910869766,409540.06280114345,301.0650390107969,1430.9531776600713,1.0289494131277728,224,21:41
3320000,6644.000000436062,-1600992.111720602,408153.2582336439,300.0455578680757,1434.9145318288215,1.0261088027940468,224,21:38
3325000,6654.000000438099,-1601143.3701141113,409417.5233988267,300.9749566640625,1433.0818128635572,1.0274210579956862,224,21:34
3330000,6664.000000440136,-1602112.212548947,408168.60968219687,300.0568431729269,1435.3556166924755,1.025793479499867,224,21:30
3335000,6674.000000442174,-1601757.3172913678,409292.2010009879,300.88282845483144,1435.3714918734615,1.0257821342437898,224,21:26
3340000,6684.000000444211,-1602258.779265685,408003.6877528714,299.93560417436225,1430.8888470423292,1.0289956731510503,224,21:22
3345000,6694.000000446248,-1600644.9908140348,408827.994558333,300.54157653966826,1434.1746016666395,1.0266382005758687,224,21:18
3350000,6704.000000448285,-1604175.6785611967,406568.2687525697,298.8803851211472,1431.4837817923892,1.0285680152960293,224,21:14
3355000,6714.000000450323,-1602392.5236331327,408336.3628578354,300.1801635045749,1431.2214623507496,1.0287565349588197,224,21:11
3360000,6724.00000045236,-1598337.883517458,407500.5396343806,299.5657250790533,1433.0058757692696,1.0274755025524558,224,21:07
3365000,6734.000000454397,-1601556.7188182352,407786.56041331065,299.77598743135536,1432.1848071187942,1.0280645521779537,224,21:03
3370000,6744.0000004564345,-1599577.4552268097,407685.25525531906,299.7015150070115,1433.4284832246713,1.0271725793074504,224,20:59
3375000,6754.000000458472,-1599842.7115525184,408942.4423828019,300.6257105276907,1433.0876163860703,1.0274168972861997,224,20:55
3380000,6764.000000460509,-1603805.8668343108,407597.57318999514,299.63705732187873,1433.093091290259,1.027412972203378,224,20:51
3385000,6774.000000462546,-1601337.044623942,408694.05229238525,300.44311160989565,1432.5712334822704,1.027787238745273,224,20:47
3390000,6784.0000004645835,-1601300.862540478,409625.13467317977,301.12757786547735,1430.18573708809,1.0295015494731947,224,20:43
3395000,6794.000000466621,-1601536.5356160467,407334.1453659013,299.4434037203363,1429.512505363146,1.029986395252007,224,20:40
3400000,6804.000000468658,-1601269.9475099249,407901.85793840274,299.8607460594912,1430.4242176636615,1.0293299107949354,224,20:36
3405000,6814.000000470695,-1602735.1464401968,408872.77389129164,300.5744951545941,1433.680931987395,1.0269917103002923,224,20:32
3410000,6824.000000472733,-1602509.0575270802,408840.1084039918,300.5504817866687,1435.263282715028,1.0258594712890687,224,20:28
3415000,6834.00000047477,-1602290.515865921,408539.661115539,300.32961407961204,1431.8074628967834,1.0283354923907064,224,20:24
3420000,6844.000000476807,-1603234.8257485023,408184.7067840599,300.06867662962753,1434.9658311260355,1.026072119927245,224,20:20
3425000,6854.000000478844,-1600138.636834151,409920.634039117,301.34480820803543,1434.2518504411976,1.026582905863936,224,20:17
3430000,6864.000000480882,-1603041.326332599,408733.62649765133,300.4722037811738,1430.3126197383306,1.0294102226658792,224,20:13
3435000,6874.000000482919,-1601099.2466984866,407277.6423393838,299.4018666707828,1436.137224974307,1.025235198114855,224,20:09
3440000,6884.000000484956,-1598534.6777673783,408829.8414531762,300.54293424680975,1435.625158353961,1.0256008846033535,224,20:05
3445000,6894.0000004869935,-1601325.2445660885,409446.684528555,300.9963938748673,1433.7072755114996,1.0269728399343971,224,20:01
3450000,6904.000000489031,-1605622.9958215775,411167.2636511242,302.2612425861617,1431.4609060162798,1.0285844525536116,224,19:57
3455000,6914.000000491068,-1598568.0495504541,407367.72317245154,299.468087761184,1435.5813077808873,1.0256322121124894,224,19:53
3460000,6924.000000493105,-1602990.4898652425,409102.96657323337,300.7437166180445,1431.6593401283956,1.0284418863460945,224,19:50
3465000,6934.000000495143,-1602369.2522319667,410258.9735359333,301.59353160059237,1432.723820731512,1.0276777778531616,224,19:46
3470000,6944.00000049718,-1601907.4179046834,410028.86775712576,301.42437402221174,1435.8538833163807,1.025437511068961,224,19:42
3475000,6954.000000499217,-1601083.5882059569,407238.9390732502,299.37341475267584,1435.1529488322044,1.0259383388820948,224,19:38
3480000,6964.000000501254,-1600316.3019774128,408311.22299991787,300.16168244986955,1435.6499360460405,1.0255831838935376,224,19:34
3485000,6974.000000503292,-1598286.9870293057,408812.96293672494,300.530526349084,1436.5519170683474,1.0249392415774417,224,19:30
3490000,6984.000000505329,-1601485.8861268135,409944.7122091986,301.36250878454393,1434.0359030418322,1.0267374960720919,224,19:26
3495000,6994.000000507366,-1601901.6298990017,407002.81179992406,299.19983059519626,1431.6653318596623,1.0284375821646148,224,19:22
3500000,7004.000000509403,-1601302.8758034445,408710.45102433406,300.4551668038128,1431.3189525688333,1.028686464134446,224,19:18
3505000,7014.000000511441,-1599063.5808838485,407933.9193198596,299.88431533130563,1434.745919611623,1.026229391727572,224,19:15
3510000,7024.000000513478,-1600854.9562450582,407538.4510827349,299.59359490844116,1433.986701479929,1.0267727244939588,224,19:11
3515000,7034.000000515515,-1599932.794201254,408132.24236825947,300.0301084825174,1431.7420869788637,1.0283824480382047,224,19:07
3520000,7044.0000005175525,-1599675.9677889477,407318.7841789755,299.4321112565186,1432.8352933567326,1.0275978259282552,224,19:03
3525000,7054.00000051959,-1600442.032021137,408615.4248740185,300.3853102641226,1432.3734533985235,1.0279291541414781,224,18:59
3530000,7064.000000521627,-1602311.9751325697,408555.06078484043,300.34093483296465,1433.938744463779,1.0268070641450222,224,18:55
3535000,7074.000000523664,-1602615.1692784177,409623.3503761769,301.1262661758636,1433.7200529338675,1.0269636874741876,224,18:51
3540000,7084.000000525702,-1601248.6117754783,409396.7959375477,300.95971929291045,1433.7378292305443,1.0269509545945685,224,18:48
3545000,7094.000000527739,-1602256.5693568448,409099.3732825195,300.74107508353495,1436.516933208228,1.0249642021819632,224,18:44
3550000,7104.000000529776,-1602045.5246341983,409379.80338101415,300.94722756094,1433.6072806637392,1.0270444718200387,224,18:40
3555000,7114.000000531813,-1601372.4175859075,407971.1524175133,299.91168648498694,1436.9764027800986,1.0246364724695975,224,18:36
3560000,7124.000000533851,-1601744.2908373075,409078.8810669934,300.7260106485085,1432.3323954624052,1.0279586198225439,224,18:33
3565000,7134.000000535888,-1603051.531426384,407601.7884760158,299.6401561035744,1431.380502919217,1.0286422299059,224,18:29
3570000,7144.000000537925,-1599959.4424238876,407843.6532366671,299.8179580580468,1435.1425400809246,1.0259457797715534,224,18:25
3575000,7154.0000005399625,-1602585.2640072312,407983.9412697829,299.92108794935433,1430.530391512787,1.0292535140128065,224,18:21
3580000,7164.000000542,-1602905.9296405967,407612.08902880014,299.6477283452365,1429.964605718796,1.0296607527754407,224,18:17
3585000,7174.000000544037,-1600535.6542019807,408825.090650871,300.5394417912205,1435.2979771842608,1.025834673894779,224,18:13
3590000,7184.000000546074,-1601468.1813027635,408304.39327655104,300.1566617177883,1434.4452886454633,1.026444468828092,224,18:09
3595000,7194.0000005481115,-1601706.8719122373,408343.3287771739,300.18528435835185,1433.3419650439093,1.0272345806337615,224,18:05
3600000,7204.000000550149,-1598870.2071740003,409753.96345965844,301.22228372492765,1436.7513201272825,1.0247969928687544,224,18:01
3605000,7214.000000552186,-1598759.8659831472,408715.03577095154,300.4585371869441,1432.1138036556474,1.028115523087777,224,17:58
3610000,7224.000000554223,-1602874.6888882658,409487.36634328903,301.02630028269505,1430.8429808852627,1.0290286579563688,224,17:54
3615000,7234.000000556261,-1601207.8635072717,409066.7250370296,300.717074390575,1435.0875632090022,1.0259850828016817,224,17:50
3620000,7244.000000558298,-1602031.7101509096,407235.94910149527,299.3712167358154,1433.0393165098815,1.0274515258608392,224,17:46
3625000,7254.000000560335,-1600003.2203390421,409434.1957810619,300.9872130264162,1432.3330694064866,1.027958136145498,224,17:42
3630000,7264.000000562372,-1599749.8195780031,407584.1204292936,299.6271677987446,1435.8012483308307,1.0254751025452469,224,17:38
3635000,7274.00000056441,-1601548.2059669495,407756.5460538295,299.7539229860694,1433.3273533642973,1.027245052507157,224,17:34
3640000,7284.000000566447,-1600945.7172202384,409102.973890865,300.74372199745244,1432.9035993872997,1.027548840687002,224,17:31
3645000,7294.000000568484,-1600804.1698355721,409121.119146676,300.7570611128279,1433.1594908526226,1.0273653712405009,224,17:27
3650000,7304.0000005705215,-1601594.2462216457,409074.98167413485,300.72314408923944,1430.8436179185421,1.0290281998172035,224,17:23
3655000,7314.000000572559,-1600310.287246652,408635.99601084087,300.40043271653315,1433.4426365628487,1.027162437345358,224,17:19
3660000,7324.000000574596,-1601817.0416356102,408238.6957173279,300.10836549471514,1431.9203948294323,1.0282543901765147,224,17:15
3665000,7334.000000576633,-1602779.3280511284,408959.925411668,300.63856282041047,1433.2632077437224,1.0272910268062387,224,17:11
3670000,7344.000000578671,-1601307.6284666564,408303.66080853087,300.15612325883615,1430.8042273222727,1.029056529363339,224,17:08
3675000,7354.000000580708,-1601472.7778966743,409677.6699387528,301.16619809635534,1435.3612771057362,1.0257894342360672,224,17:04
3680000,7364.000000582745,-1603512.481995862,408418.54112701153,300.2405751860259,1432.0053636238247,1.0281933781593244,224,17:00
3685000,7374.000000584782,-1599787.5827633776,408850.9008758083,300.558415652592,1430.1892370733062,1.0294990300582043,224,16:56
3690000,7384.00000058682,-1602185.568453285,409946.09228492645,301.3635233191172,1434.6892018432973,1.0262699617972528,224,16:52
3695000,7394.000000588857,-1602138.4721269226,408308.17483889684,300.15944165635494,1432.302563460061,1.0279800301479447,224,16:48
3700000,7404.000000590894,-1600040.5605550036,409735.4917077009,301.2087045925574,1434.2601352212907,1.026576975967808,224,16:44
3705000,7414.000000592931,-1600744.9563852847,408281.4264745662,300.13977814090885,1434.176225848812,1.0266370379241436,224,16:40
3710000,7424.000000594969,-1602688.3453278663,408358.6357824899,300.1965369916622,1433.6976109933441,1.0269797627314923,224,16:37
3715000,7434.000000597006,-1602495.1178817805,407966.63167582755,299.9083631537781,1432.44080684751,1.0278808208536283,224,16:33
3720000,7444.000000599043,-1602656.8740276434,408899.1012999269,300.59384921303126,1431.7256033830909,1.0283942879050991,224,16:29
3725000,7454.0000006010805,-1604504.3622980881,410315.8868455626,301.6353702614222,1427.7921109865226,1.0312274602423197,224,16:25
3730000,7464.000000603118,-1602278.415534515,409727.92194731947,301.2031398373319,1433.7118308605882,1.0269695769217821,224,16:21
3735000,7474.000000605155,-1603906.8918581912,408638.61632245337,300.402358985266,1429.0008114449336,1.0303552108398435,224,16:17
3740000,7484.000000607192,-1601154.127100275,407341.13288210105,299.4485404506061,1433.197707573488,1.0273379761815973,224,16:13
3745000,7494.00000060923,-1602867.682971567,407541.5745503958,299.5958910620988,1429.42825711488,1.0300471010265753,224,16:09
3750000,7504.000000611267,-1602685.1157522444,409843.3973472192,301.28802922651107,1433.1326359937257,1.0273846226003454,224,16:05
3755000,7514.000000613304,-1603804.0597421993,407644.3244969597,299.67142559334604,1430.448178023217,1.0293126692652228,224,16:02
3760000,7524.000000615341,-1600728.7684367262,408757.3629236935,300.4896531315096,1432.172422440091,1.0280734423429683,224,15:58
3765000,7534.000000617379,-1601176.7807208635,407126.8355025655,299.29100409509425,1434.3158271847672,1.0265371157875272,224,15:54
3770000,7544.000000619416,-1601641.846070976,407524.85160930257,299.5835975324301,1432.4244701543907,1.027892543756918,224,15:50
3775000,7554.000000621453,-1602720.5401647445,408938.2685019414,300.6226421841555,1434.9093544409784,1.0261125051625792,224,15:46
3780000,7564.00000062349,-1600057.358928658,408839.76102205424,300.55022641590995,1434.001392697214,1.026762205298319,224,15:42
3785000,7574.000000625528,-1601239.7267999174,407335.8992873732,299.4446930799969,1432.926193215062,1.0275326386930446,224,15:38
3790000,7584.000000627565,-1601770.3263615342,407118.90020124044,299.28517061988634,1434.4504646919947,1.0264407650234204,224,15:35
3795000,7594.000000629602,-1600997.9798607808,408196.9023530586,300.07764195387756,1431.104894347135,1.0288403304206053,224,15:31
3800000,7604.0000006316395,-1601715.42818439,407231.0039570802,299.36758141358087,1433.8559458671136,1.02686635753792,224,15:27
3805000,7614.000000633677,-1600472.9865367468,407904.7734492506,299.86288933793173,1433.8698669013136,1.026856387984886,224,15:23
3810000,7624.000000635714,-1599550.898167328,408006.3797014575,299.9375831055578,1434.4082163328198,1.0264709973084971,224,15:19
3815000,7634.000000637751,-1599450.9762452068,408124.17384575144,300.02417707246923,1433.3379942336453,1.0272374264061006,224,15:15
3820000,7644.000000639789,-1600951.7949584285,408723.28018103435,300.46459789716187,1434.7908594229377,1.0261972486769477,224,15:12
3825000,7654.000000641826,-1602456.2657098975,410004.54340059357,301.40649246674633,1431.9557187741045,1.028229024866183,224,15:08
3830000,7664.000000643863,-1601436.0915096514,409102.91102308914,300.74367578148696,1434.8656883035035,1.0261437320363422,224,15:04
3835000,7674.0000006459,-1600048.932265928,408515.83412548946,300.3120981529901,1434.25847645902,1.0265781632343876,224,15:00
3840000,7684.000000647938,-1602017.9763215035,407028.94242734835,299.2190399939326,1432.1141259202561,1.028115291733836,224,14:56
3845000,7694.000000649975,-1602450.0397130726,407241.76174703974,299.3754897838431,1434.6630693260738,1.026288655397183,224,14:52
3850000,7704.000000652012,-1602743.3120112512,409046.0791316653,300.7018969735932,1434.7361729759164,1.0262363632420717,224,14:48
3855000,7714.0000006540495,-1599652.8643579716,407594.1576870963,299.63454648446157,1435.3683657710662,1.0257843683044416,224,14:45
3860000,7724.000000656087,-1600088.1675549513,408307.8158317401,300.159177739553,1433.5162459975793,1.0271096937182103,224,14:41
3865000,7734.000000658124,-1602007.9863514472,407246.7689431069,299.37917072208626,1431.1167757213595,1.0288317888136658,224,14:37
3870000,7744.000000660161,-1603392.496533269,408156.31664077146,300.047806193807,1432.4704531666184,1.0278595478963024,224,14:33
3875000,7754.0000006621985,-1602321.0785040492,408832.21108486765,300.5446762333025,1434.3669710359763,1.0265005135354042,224,14:29
3880000,7764.000000664236,-1602124.91880731,407194.17436118243,299.3405068860002,1434.1322125596973,1.0266685452512716,224,14:25
3885000,7774.000000666273,-1602693.9013820123,409731.7158145849,301.20592882160963,1431.7864067351686,1.0283506153156206,224,14:21
3890000,7784.00000066831,-1600596.094887443,409278.7336614397,300.872928214355,1433.1596812785137,1.027365234733056,224,14:17
3895000,7794.000000670348,-1603060.649404836,408923.1949719356,300.611561185466,1430.7232661017454,1.0291147612203186,224,14:14
3900000,7804.000000672385,-1600625.828349974,407916.7324496985,299.8716807536281,1430.9138429885072,1.028977698120206,224,14:10
3905000,7814.000000674422,-1599411.1659614109,408249.19565235544,300.116084308174,1431.63896306541,1.028456524551421,224,14:06
3910000,7824.000000676459,-1603434.7356781652,408627.0337927011,300.3938443243367,1428.8217978943956,1.0304843014968308,224,14:02
3915000,7834.000000678497,-1600453.6982629895,408780.59883453103,300.50673453828307,1431.7468156911455,1.0283790515405424,224,13:58
3920000,7844.000000680534,-1600453.9722011331,408883.37705946394,300.5822898577975,1434.209869995802,1.0266129547490577,224,13:54
3925000,7854.000000682571,-1603754.058609142,406930.17968363967,299.14643657368583,1434.2388756362898,1.0265921928196526,224,13:50
3930000,7864.0000006846085,-1602162.35058616,407209.790531527,299.35198679568674,1429.070266762114,1.0303051337725069,224,13:46
3935000,7874.000000686646,-1603343.2910467982,408368.415772063,300.20372655187816,1432.0286992239137,1.0281766232510605,224,13:43
3940000,7884.000000688683,-1600778.9250951977,409210.40779407974,300.822699844067,1432.8436090303428,1.0275918621454183,224,13:39
3945000,7894.00000069072,-1601727.613208685,407621.4027109556,299.6545751090483,1430.5714142638017,1.0292239993655716,224,13:35
3950000,7904.000000692758,-1604580.5781315211,407152.10538147064,299.30958073208143,1428.5500228797268,1.0306803463546723,224,13:31
3955000,7914.000000694795,-1602190.1926979227,409138.1909793248,300.76961112302047,1432.6377893655595,1.0277394909558344,224,13:27
3960000,7924.000000696832,-1601326.8559645861,409879.28700705606,301.31441277923346,1433.7349430117308,1.0269530219258978,224,13:23
3965000,7934.000000698869,-1601133.666531627,408846.0407287477,300.554842814432,1433.680411098074,1.0269920834301827,224,13:20
3970000,7944.000000700907,-1604277.7632035092,408869.97515940916,300.57243772383237,1435.6646253219412,1.0255726904439662,224,13:16
3975000,7954.000000702944,-1601203.6635043854,409073.3398236652,300.72193711629444,1434.8058987230884,1.0261864923171848,224,13:12
3980000,7964.000000704981,-1602728.760820168,408640.1944136884,300.4035190869078,1433.5232831118656,1.0271046516736306,224,13:08
3985000,7974.000000707018,-1603333.6456154054,409337.48795964464,300.9161202404541,1430.4643782242658,1.0293010121611115,224,13:04
3990000,7984.000000709056,-1601324.3070007507,409052.67796563014,300.70674797203145,1432.5956168231608,1.027769745402203,224,13:00
3995000,7994.000000711093,-1601500.074915208,406555.2691264287,298.8708287106595,1434.0611343350029,1.0267194313507544,224,12:56
4000000,8004.00000071313,-1601536.4145225044,408793.9875437586,300.51657697528015,1432.0890458632882,1.028133297031873,224,12:52
4005000,8014.0000007151675,-1601465.0625790758,408086.1207989198,299.99620314984367,1432.8461426512674,1.0275900451127544,224,12:49
4010000,8024.000000717205,-1599570.03221317,407361.5189317855,299.4635268399755,1431.1250074107936,1.0288258710750184,224,12:45
4015000,8034.000000719242,-1600635.2143614786,407495.7897707205,299.56223331348997,1434.9182281713333,1.0261061595426648,224,12:41
4020000,8044.000000721279,-1600393.539402794,408050.03686877305,299.9696767832582,1432.1907497496793,1.0280602863996968,224,12:37
4025000,8054.000000723317,-1602551.9916388039,409627.6952635064,301.1294602313228,1432.7624522618535,1.0276500686085528,224,12:33
4030000,8064.000000725354,-1602428.7698035575,407476.16624807974,299.54780748035176,1432.4484925246934,1.0278753058489258,224,12:29
4035000,8074.000000727391,-1600556.4272743808,408797.55655145214,300.51920065862174,1433.1251244077096,1.027390007536966,224,12:25
4040000,8084.000000729428,-1601710.979318737,408067.95366097963,299.9828479482664,1432.3212838165234,1.0279665945083167,224,12:21
4045000,8094.000000731466,-1603216.216345977,408938.765943061,300.62300786786676,1432.5290971371173,1.0278174700319684,224,12:18
4050000,8104.000000733503,-1601046.5828244435,407847.002655945,299.8204203154355,1435.3216162541414,1.025817778881656,224,12:14
4055000,8114.00000073554,-1602104.6938588833,408212.71432862326,300.0892658057851,1432.1006388550811,1.0281249741943916,224,12:10
4060000,8124.0000007375775,-1601873.277719859,408586.615651044,300.36413175040315,1431.1726324686588,1.0287916348895776,224,12:06
4065000,8134.000000739615,-1600046.6301895808,407334.0418645493,299.44332763342464,1434.7932161203018,1.0261955631125586,224,12:02
4070000,8144.000000741652,-1603650.4340954013,408578.74518968887,300.35834594097906,1430.14571451365,1.0295303600356305,224,11:58
4075000,8154.000000743689,-1601689.3643467128,410029.5849432739,301.42490124700674,1430.8671871631627,1.0290112496644706,224,11:54
4080000,8164.0000007457265,-1601872.053032265,411206.0619961521,302.28976439958205,1434.8463913435908,1.026157532436567,224,11:51
4085000,8174.000000747764,-1601308.1730445176,410649.11696569796,301.88033759973814,1433.2404656332437,1.0273073274665854,224,11:47
4090000,8184.000000749801,-1600494.2117004097,407819.0668176876,299.79988385270883,1433.9576815480054,1.0267935039597333,224,11:43
4095000,8194.000000751837,-1602115.4531551497,407587.5416846386,299.6296828649554,1433.3894989583287,1.0272005155867663,224,11:39
4100000,8204.000000753875,-1601793.199463158,409543.0599213246,301.0672422826773,1430.0862820705343,1.0295731459187802,224,11:35
4105000,8214.000000755912,-1602716.2029639203,408744.349104412,300.4800862872237,1432.6915491712084,1.0277009264264885,224,11:31
4110000,8224.00000075795,-1603351.2586221918,407856.8396066717,299.8276517494838,1430.909160932882,1.0289810650221387,224,11:27
4115000,8234.000000759987,-1603599.2718606787,408901.6675586722,300.5957357458994,1431.6886061549649,1.0284208633335192,224,11:24
4120000,8244.000000762024,-1601462.6227816632,410415.6753881116,301.70872777680154,1432.088544765728,1.028133656782734,224,11:20
4125000,8254.000000764061,-1601109.2925896607,407992.4539597329,299.92734588005436,1432.5181876700267,1.0278252974654773,224,11:16
4130000,8264.000000766098,-1602386.6374316067,409799.5086999302,301.25576538102104,1430.7850915142399,1.029070292316502,224,11:12
4135000,8274.000000768136,-1601381.5489679342,408279.0826045874,300.1380550926147,1435.2307153353322,1.02588274946627,224,11:08
4140000,8284.000000770173,-1602333.1621404514,408474.1985842768,300.28149063255927,1432.8117944338408,1.0276146791131389,224,11:04
4145000,8294.00000077221,-1601455.982941457,407991.478225639,299.926628589001,1433.7999441577406,1.0269064651356041,224,11:00
4150000,8304.000000774247,-1600139.9351979103,408264.5146872815,300.1273457848073,1434.0977507478615,1.026693216413475,224,10:56
4155000,8314.000000776285,-1600684.5502730012,407267.9005605079,299.39470520038293,1433.213417745213,1.027326715014331,224,10:53
4160000,8324.000000778322,-1601392.2620185558,408890.8877954139,300.58781122241396,1434.4472772670676,1.0264430458342473,224,10:49
4165000,8334.00000078036,-1601170.1827039197,408681.52648397745,300.43390351686776,1433.4277549607896,1.0271731011702978,224,10:45
4170000,8344.000000782396,-1603313.6008429835,408310.236097772,300.1609569488502,1432.537958470677,1.0278111122015272,224,10:41
4175000,8354.000000784434,-1601799.8549409742,408926.2914132953,300.61383747128855,1432.343345092334,1.0279507615345795,224,10:37
4180000,8364.000000786471,-1601831.312441633,412275.6203231042,303.07602842763765,1432.8634909038935,1.0275776036681843,224,10:33
4185000,8374.000000788508,-1602342.4972137036,408866.4355775097,300.56983567226416,1434.0294206454778,1.0267421373432581,224,10:29
4190000,8384.000000790546,-1601091.246230714,408011.7209470611,299.94150961351653,1435.1152719520971,1.0259652734124054,224,10:25
4195000,8394.000000792583,-1603405.7247418556,409054.8466191646,300.70834221352396,1430.0355607778695,1.029609663388895,224,10:22
4200000,8404.00000079462,-1601728.7031919267,408413.57292426005,300.2369229129248,1433.852407363931,1.0268688916689475,224,10:18
4205000,8414.000000796657,-1602070.4419087265,408683.8604798276,300.43561930639726,1430.9899712005777,1.0289229568334082,224,10:14
4210000,8424.000000798695,-1599505.5336673046,409638.0564151653,301.1370770210138,1431.6625536997738,1.0284395778611783,224,10:10
4215000,8434.000000800732,-1603823.3921919698,409820.9410837742,301.27152096164474,1431.538626465821,1.0285286091103643,224,10:06
4220000,8444.00000080277,-1600031.2310472447,409027.9564137719,300.6885744265089,1433.2440843243253,1.0273047336949421,224,10:02
4225000,8454.000000804806,-1599672.271434552,408717.29021159036,300.4601944930797,1434.6479839720937,1.0262994468441622,224,9:58
4230000,8464.000000806844,-1600058.8022445925,407805.49568522064,299.78990731098145,1430.1290885807891,1.0295423288171766,224,9:55
4235000,8474.000000808881,-1599259.1376423994,408834.0795518247,300.5460497987443,1436.1140462004978,1.02525174533464,224,9:51
4240000,8484.000000810918,-1601684.1587582277,410465.874536136,301.74563065842653,1434.6875267340179,1.0262711600472578,224,9:47
4245000,8494.000000812955,-1599549.2894226266,408097.526909812,300.00458812003984,1435.0573040324725,1.026006716407288,224,9:43
4250000,8504.000000814993,-1600465.2087630266,408684.3056972668,300.4359465989332,1435.0195463602872,1.0260337122941077,224,9:39
4255000,8514.00000081703,-1601750.8824686026,409244.1534730483,300.84750729290516,1434.436661261603,1.0264506423529909,224,9:35
4260000,8524.000000819067,-1601702.1961661326,407472.01172359823,299.5447533662645,1431.1673445426882,1.0287954361040375,224,9:31
4265000,8534.000000821105,-1601551.0566166854,407304.05152968527,299.4212808493469,1433.487230289981,1.0271304837984525,224,9:28
4270000,8544.000000823142,-1600228.5581771564,407972.6753259147,299.91280602009215,1437.936899473067,1.0239520474828945,224,9:24
4275000,8554.000000825179,-1603156.2303172834,407606.17344600626,299.6433796249857,1431.4894123033398,1.0285639696052797,224,9:20
4280000,8564.000000827216,-1599318.9807238216,408383.12908754393,300.2145427461936,1433.5004252724789,1.0271210293410156,224,9:16
4285000,8574.000000829254,-1599341.4791778326,409600.8152689074,301.1096999505649,1437.1913139619655,1.0244832528994936,224,9:12
4290000,8584.00000083129,-1600952.54801815,407458.2525057456,299.5346385573952,1435.2009478443365,1.0259040272918964,224,9:08
4295000,8594.000000833328,-1601146.384879699,408888.54645881,300.5860900364787,1432.4589453286158,1.0278678053344688,224,9:04
4300000,8604.000000835365,-1600156.649922357,410093.62130066345,301.47197627137365,1435.5488858361118,1.02565537606829,224,9:00
4305000,8614.000000837403,-1603022.289032043,409380.5247520005,300.9477578621337,1434.0734083240839,1.0267106438347064,224,8:57
4310000,8624.00000083944,-1603283.6711771972,406838.62145177304,299.0791294036372,1434.1518941145323,1.0266544557860249,224,8:53
4315000,8634.000000841477,-1601394.9606367722,405824.1339296381,298.33334955651185,1434.6698142394175,1.0262838304346882,224,8:49
4320000,8644.000000843514,-1602921.4601370879,409809.7045748191,301.2632606708595,1431.9195261685763,1.0282550139576156,224,8:45
4325000,8654.000000845552,-1600528.3744975552,408569.00874409144,300.35118839123027,1435.1167723509263,1.0259642007769763,224,8:41
4330000,8664.000000847589,-1601713.761262333,409467.5184044925,301.01170947458905,1433.4593252632897,1.0271504788573014,224,8:37
4335000,8674.000000849626,-1599753.207989525,407691.368849434,299.7060092912535,1435.4294620613919,1.0257407077685299,224,8:33
4340000,8684.000000851664,-1602864.3657638393,410002.6941734555,301.40513304506567,1431.2091498352975,1.0287653852241596,224,8:29
4345000,8694.0000008537,-1602248.0378256831,408628.91757221246,300.39522914649115,1430.6102266404166,1.0291960765751842,224,8:26
4350000,8704.000000855738,-1601341.6687271595,408460.96188785846,300.27175994468394,1432.9929128708927,1.0274847971277492,224,8:22
4355000,8714.000000857775,-1602010.257380559,408278.88511066046,300.1379099089752,1433.8662637390628,1.0268589683721006,224,8:18
4360000,8724.000000859813,-1604203.3808362177,409335.3599003754,300.91455584100925,1430.2751062257496,1.0294372222222379,224,8:14
4365000,8734.00000086185,-1602737.8816756103,409208.416150612,300.8212357279212,1432.293755132882,1.0279863520245893,224,8:10
4370000,8744.000000863887,-1603328.1465295423,409342.2759230625,300.9196400142788,1433.9996057717221,1.0267634847600087,224,8:06
4375000,8754.000000865924,-1601389.2399164028,408018.24225978216,299.9463036237907,1432.7175844200729,1.027682251113455,224,8:02
4380000,8764.000000867962,-1600563.0559750497,408007.7257307867,299.93857261161423,1433.0958624741493,1.0274109854903102,224,7:59
4385000,8774.000000869999,-1600792.3743148865,407695.8735141769,299.7093208038251,1430.9439486027682,1.028956049469542,224,7:55
4390000,8784.000000872036,-1602647.0214471547,408279.41310679715,300.1382980545852,1431.3924751465865,1.0286336262986628,224,7:51
4395000,8794.000000874074,-1601727.1014160775,408848.0914349891,300.5563503493734,1433.8741548229857,1.0268533172274241,224,7:47
4400000,8804.00000087611,-1604132.8428362682,409353.16450570046,300.9276445341156,1428.4588427058948,1.030746135868753,224,7:43
4405000,8814.000000878148,-1602306.5840842957,407297.2965337754,299.4163150516341,1431.5167927268465,1.0285442964046336,224,7:39
4410000,8824.000000880185,-1600261.6335807526,407961.781005542,299.90479728227643,1432.9730521145186,1.027499037887688,224,7:35
4415000,8834.000000882223,-1602728.0244838074,408016.2366525697,299.9448292424823,1428.4691477319977,1.0307387000302872,224,7:32
4420000,8844.00000088426,-1603492.3941350281,408083.941005683,299.9946007192258,1433.1255901803024,1.0273896736303558,224,7:28
4425000,8854.000000886297,-1602179.7952985084,408280.5193454662,300.13911128342,1431.826173222955,1.0283220546614371,224,7:24
4430000,8864.000000888334,-1604511.7100394908,409074.5358349441,300.72281633963553,1430.4858586393807,1.0292855560048093,224,7:20
4435000,8874.000000890372,-1603460.5611919146,407914.516477713,299.8700517269397,1432.5223932631752,1.0278222799803411,224,7:16
4440000,8884.000000892409,-1602397.2564556943,409204.24833961367,300.8181718465216,1431.7099171257619,1.028405555311466,224,7:12
4445000,8894.000000894446,-1601964.452394233,410786.20726098784,301.9811167391883,1435.1684893858842,1.025927229629108,224,7:08
4450000,8904.000000896483,-1601456.5668788329,408746.0204859161,300.4813149693074,1432.6836843560775,1.0277065680610549,224,7:04
4455000,8914.00000089852,-1602068.167858297,407459.94296086417,299.53588126105825,1433.7385772508571,1.0269504188063947,224,7:01
4460000,8924.000000900558,-1602359.638293773,407415.4302941901,299.5031586804222,1433.5038365448838,1.02711858512738,224,6:57
4465000,8934.000000902595,-1599416.5012914753,409470.6112189268,301.0139830941513,1435.133667339894,1.025952122700733,224,6:53
4470000,8944.000000904633,-1602213.6731384993,408001.35815621004,299.9338916188068,1432.8119640797727,1.027614557442847,224,6:49
4475000,8954.00000090667,-1604206.7259744732,409608.4484401478,301.1153113209924,1432.1544783669146,1.0280863235128133,224,6:45
4480000,8964.000000908707,-1599663.0463289404,410645.57447709906,301.8777334113691,1433.903274623182,1.0268324638240198,224,6:41
4485000,8974.000000910744,-1601946.3282155097,410556.42173854506,301.8121945907538,1433.3461958997675,1.0272315485111274,224,6:37
4490000,8984.000000912782,-1605290.943612039,408770.2540426274,300.4991297751331,1431.5417651447233,1.0285263540444454,224,6:34
4495000,8994.000000914819,-1600893.882787724,407740.2718535813,299.7419593390965,1434.7504417743926,1.02622615717457,224,6:30
4500000,9004.000000916856,-1601774.9096520199,408221.87863599916,300.09600275976896,1437.3995146099028,1.0243348612554959,224,6:26
4505000,9014.000000918893,-1603324.9926722404,406710.59657770256,298.98501452402627,1431.3337910700134,1.028675799839781,224,6:22
4510000,9024.00000092093,-1602709.8700170014,408684.45965077577,300.43605977472083,1432.8612674335304,1.027579198231733,224,6:18
4515000,9034.000000922968,-1601804.5781866033,408263.52148041,300.1266156489972,1429.5412681401365,1.0299656716327241,224,6:14
4520000,9044.000000925005,-1603401.537479397,408284.5518590169,300.1420757036555,1428.7063425429387,1.0305675760814372,224,6:10
4525000,9054.000000927042,-1601839.7971618492,408721.09826474596,300.46299390582584,1433.6077128512038,1.0270441621985553,224,6:07
4530000,9064.00000092908,-1603476.7787400503,408707.31915748125,300.4528644756602,1427.6281657564355,1.0313458838117735,224,6:03
4535000,9074.000000931117,-1603785.1441943338,408584.1312681465,300.36230540689763,1430.4589116066213,1.0293049457204952,224,5:59
4540000,9084.000000933154,-1601527.5152629595,408837.65881894797,300.5486810240968,1431.11772784124,1.0288311043338494,224,5:55
4545000,9094.000000935192,-1602499.820182357,408816.4341094449,300.5330781110367,1431.137868871525,1.0288166251429331,224,5:51
4550000,9104.000000937229,-1602965.5059773112,408476.92371460213,300.2834939566348,1431.222534232664,1.02875576449476,224,5:47
4555000,9114.000000939266,-1604856.4593878938,405093.4098475083,297.7961726249369,1430.559821909299,1.029232339547702,224,5:43
4560000,9124.000000941303,-1603958.3224292668,406595.0857203895,298.9000990690516,1430.3029742902058,1.0294171646376715,224,5:40
4565000,9134.00000094334,-1601811.435680544,408514.99157374166,300.3114787682269,1434.6096411180704,1.0263268767796279,224,5:36
4570000,9144.000000945378,-1602289.9360626023,409319.6328944361,300.9029944527918,1431.6285582328032,1.0284639991983326,224,5:32
4575000,9154.000000947415,-1601514.7676462373,407837.4303576552,299.8133834352379,1432.7496460570871,1.0276592539517444,224,5:28
4580000,9164.000000949452,-1602128.3964825599,408394.42699667555,300.22284817406853,1435.9172822021067,1.0253922357620968,224,5:24
4585000,9174.00000095149,-1602461.6829985622,408843.5627853992,300.5530212048298,1430.4765397925953,1.0292922612908646,224,5:20
4590000,9184.000000953527,-1602627.0963744037,408813.5277595259,300.53094156706646,1429.7210425941764,1.0298361627909423,224,5:16
4595000,9194.000000955564,-1599742.7820376325,407318.52415913827,299.4319201082293,1433.4799267251,1.027135717017272,224,5:12
4600000,9204.000000957602,-1601323.0657149367,409182.0397769944,300.8018456738741,1433.748563050211,1.026943266282519,224,5:09
4605000,9214.000000959639,-1601331.2044316921,408416.5548278213,300.2391149986169,1434.606779070207,1.0263289243069973,224,5:05
4610000,9224.000000961676,-1601008.515457444,407892.6378953499,299.8539681325592,1432.5895648952649,1.0277740871819738,224,5:01
4615000,9234.000000963713,-1603755.391296451,407228.127486889,299.3654668350842,1428.9100358144126,1.0304206671258098,224,4:57
4620000,9244.00000096575,-1602408.6259247996,408572.07036250795,300.3534390776752,1434.2338783156806,1.0265957697887926,224,4:53
4625000,9254.000000967788,-1598791.3557963986,408614.22363983956,300.38442720127284,1438.2480380424015,1.0237305342482548,224,4:49
4630000,9264.000000969825,-1601729.5382477753,409344.94659377565,300.9216033034792,1433.3629525107988,1.0272195397456803,224,4:45
4635000,9274.000000971862,-1599631.4657491725,408463.9837108507,300.2739813763329,1434.0294228987782,1.0267421357299311,224,4:42
4640000,9284.0000009739,-1600165.192601909,408861.75615218375,300.56639568800796,1431.053363762087,1.028877377777112,224,4:38
4645000,9294.000000975937,-1601184.3368676612,407906.56926675467,299.8642094966074,1430.29223131097,1.0294248966290664,224,4:34
4650000,9304.000000977974,-1602120.620962819,407813.84484990395,299.796045029411,1432.4078201671468,1.0279044917493128,224,4:30
4655000,9314.000000980011,-1604076.8477907125,410741.06728511176,301.9479330049642,1434.934957996515,1.0260941962292258,224,4:26
4660000,9324.000000982049,-1602509.456508983,408407.89220526995,300.2327468480176,1432.4901553338527,1.0278454109330357,224,4:22
4665000,9334.000000984086,-1604321.2324503968,409944.06894261437,301.36203590021137,1431.1756946809041,1.02878943363759,224,4:18
4670000,9344.000000986123,-1602761.507239703,407209.66340528685,299.35189334141955,1433.2440498697456,1.0273047583909125,224,4:15
4675000,9354.00000098816,-1601760.5476966118,410695.09940172517,301.9141406513899,1432.659450631273,1.0277239519258239,224,4:11
4680000,9364.000000990198,-1602522.4942388777,408107.25013070705,300.0117359479179,1435.0476010679108,1.0260136536732027,224,4:07
4685000,9374.000000992235,-1600650.2154970635,409553.8199117889,301.07515227059577,1430.792455871725,1.0290649956422857,224,4:03
4690000,9384.000000994272,-1599198.8641004032,410716.2817365338,301.9297124135562,1434.4192664014706,1.0264630898749774,224,3:59
4695000,9394.00000099631,-1605509.3442765074,409000.1935894265,300.6681651514372,1430.9400039925242,1.028958885948054,224,3:55
4700000,9404.000000998347,-1603113.808243785,407580.7556125716,299.6246942222385,1431.2331443412093,1.028748138057117,224,3:51
4705000,9414.000001000384,-1601404.7022889433,407183.8105841583,299.33288816632535,1433.5424445394553,1.0270909228918388,224,3:48
4710000,9424.000001002421,-1600059.3981634937,409326.7243616434,300.9082076005283,1433.6215902877668,1.0270342204257021,224,3:44
4715000,9434.000001004459,-1602106.0448952233,408367.5426267176,300.20308467685453,1432.3882431419458,1.0279185405326894,224,3:40
4720000,9444.000001006496,-1602555.9054592587,408327.7528811878,300.17383405553994,1432.665986449798,1.0277192634518133,224,3:36
4725000,9454.000001008533,-1604847.5299515696,409322.7915323716,300.9053164611608,1431.4159495446766,1.0286167572989564,224,3:32
4730000,9464.00000101057,-1604001.715621096,408702.53424081474,300.44934694159275,1432.3974761158286,1.0279119147565368,224,3:28
4735000,9474.000001012608,-1603401.5428984733,409597.23217097984,301.10706590907466,1432.3477719609932,1.0279475845107462,224,3:24
4740000,9484.000001014645,-1600084.8967114314,407443.414206689,299.52373048394867,1434.764068122907,1.02621641082283,224,3:20
4745000,9494.000001016682,-1601656.0442458736,408511.2858298236,300.3087545660337,1432.0355519217446,1.0281717031331858,224,3:17
4750000,9504.00000101872,-1603124.233140679,407914.92433437996,299.8703515544645,1431.8584009952783,1.0282989095452515,224,3:13
4755000,9514.000001020757,-1603248.291585153,409552.60584625683,301.074259775038,1433.7418513708806,1.0269480736429843,224,3:09
4760000,9524.000001022794,-1599492.951602634,407581.5329673064,299.62526567874494,1435.4497234474538,1.0257262294289962,224,3:05
4765000,9534.000001024831,-1602853.6262765015,409220.4009528416,300.830046111272,1430.9682515293198,1.0289385741389272,224,3:01
4770000,9544.000001026869,-1604065.5544612035,408749.9535495428,300.48420628095613,1431.2807528627068,1.028713918930123,224,2:57
4775000,9554.000001028906,-1601433.7262254562,407297.2067340071,299.4162490371628,1431.0805819007319,1.02885780925842,224,2:53
4780000,9564.000001030943,-1600821.235826091,409111.96498941997,300.75033162049806,1435.031685190615,1.0260250331483631,224,2:50
4785000,9574.00000103298,-1603249.258607152,408788.03213651304,300.5121989788945,1429.194279738639,1.0302157329064527,224,2:46
4790000,9584.000001035018,-1604440.654483839,409022.50584992237,300.6845675554674,1429.1452579813426,1.0302510708018413,224,2:42
4795000,9594.000001037055,-1603477.7176170796,410026.4499653018,301.4225966317781,1429.902350964808,1.0297055819043754,224,2:38
4800000,9604.000001039092,-1602623.1937130466,408387.1192219602,300.2174760122714,1428.6507906878767,1.03060764881369,224,2:34
4805000,9614.00000104113,-1605046.8541290052,409258.1521765747,300.8577981547916,1431.4307663947852,1.02860611000768,224,2:30
4810000,9624.000001043167,-1604296.34766112,407851.85700667684,299.82398889254233,1431.6214567286793,1.028469100855127,224,2:26
4815000,9634.000001045204,-1602861.7852552338,408800.77753083943,300.5215684960398,1431.1336831543706,1.028819634180766,224,2:22
4820000,9644.000001047241,-1601435.067249177,408960.92708854185,300.63929918277034,1433.2090275126684,1.0273298619406284,224,2:19
4825000,9654.000001049279,-1599920.0626930315,407241.10457527696,299.3750066774016,1434.1745496795152,1.026638237790284,224,2:15
4830000,9664.000001051316,-1602644.6469963854,409962.9972224263,301.37595063973896,1432.3690598665617,1.0279323071274784,224,2:11
4835000,9674.000001053353,-1602765.1082870653,407671.44561452314,299.691363130742,1431.438382428889,1.0286006372613086,224,2:07
4840000,9684.00000105539,-1602323.9959146082,409390.04614159896,300.95475731784325,1432.2699378662358,1.028003446445416,224,2:03
4845000,9694.000001057428,-1601285.167891954,409300.2903891235,300.88877520382096,1432.6695232358175,1.027716726353715,224,1:59
4850000,9704.000001059465,-1602825.662172799,408784.609687972,300.50968303553,1433.518788339535,1.0271078721417588,224,1:55
4855000,9714.000001061502,-1601991.2495669173,407595.46712751227,299.6355090929235,1430.643720738359,1.029171981132209,224,1:52
4860000,9724.00000106354,-1600189.0595633993,407667.44907419826,299.688425155491,1434.922612873582,1.0261030240634794,224,1:48
4865000,9734.000001065577,-1604558.931395418,407924.50912110927,299.87739761528417,1433.5278711492124,1.0271013644026985,224,1:44
4870000,9744.000001067614,-1601971.6724954024,407599.44600372674,299.63843408276335,1435.0479899966792,1.026013375601508,224,1:40
4875000,9754.000001069651,-1601256.7189830057,407830.19209338806,299.8080623726316,1435.121304989822,1.0259609604061268,224,1:36
4880000,9764.000001071689,-1602396.749123483,408935.1852583528,300.62037560040557,1434.580778169056,1.026347525892433,224,1:32
4885000,9774.000001073726,-1601552.3796440838,408675.70739382226,300.4296257312157,1435.9440129218688,1.025373147641492,224,1:28
4890000,9784.000001075763,-1602409.4014359713,408147.05644186074,300.04099874711363,1434.0359137058012,1.0267374884369296,224,1:25
4895000,9794.0000010778,-1602274.6051547313,408599.3309188074,300.37347912061904,1434.5006302560369,1.026404869619231,224,1:21
4900000,9804.000001079838,-1602296.7376119373,407608.9105522144,299.6453917528877,1430.1160777214918,1.0295516953508377,224,1:17
4905000,9814.000001081875,-1602645.7240605503,409138.34066087694,300.76972115836605,1433.154301465291,1.027369091284349,224,1:13
4910000,9824.000001083912,-1605017.273542555,408393.3937796307,300.2220886255941,1429.7885392282883,1.0297875468783315,224,1:09
4915000,9834.00000108595,-1602374.8809423428,408478.4738013906,300.2846334713779,1432.4001716474304,1.0279099804025027,224,1:05
4920000,9844.000001087987,-1601524.9276852347,407896.41601025686,299.85674553681133,1433.2477890737825,1.0273020782527473,224,1:01
4925000,9854.000001090024,-1601232.3572138958,408943.33008603373,300.6263631046481,1434.0410324515562,1.0267338235430796,224,0:57
4930000,9864.000001092061,-1601006.9236892303,409366.652865418,300.93756022714155,1434.6186422047529,1.0263204373978223,224,0:54
4935000,9874.000001094098,-1601423.1681546858,408901.36767788714,300.59551529464574,1429.942629095783,1.0296765775125558,224,0:50
4940000,9884.000001096136,-1603503.3977170018,408503.901527933,300.30332614684187,1432.8327659025426,1.0275996385657746,224,0:46
4945000,9894.000001098173,-1601211.6616983134,408542.02389930154,300.33135103198924,1432.8322039917205,1.0276000415573852,224,0:42
4950000,9904.00000110021,-1601584.3889251426,408105.00492075644,300.01008542753476,1430.6178643215271,1.0291905819762217,224,0:38
4955000,9914.000001102248,-1603403.9176529925,407976.932242793,299.9159354058652,1430.4612482713258,1.029303264346365,224,0:34
4960000,9924.000001104285,-1604114.2976759588,409186.4088347966,300.8050574977642,1431.0870823605653,1.0288531358538833,224,0:30
4965000,9934.000001106322,-1603714.3515545167,409465.43361915625,301.01017688709493,1433.5809700543978,1.0270633212372944,224,0:27
4970000,9944.00000110836,-1603925.411962823,407040.43763689697,299.227490463192,1430.066533889537,1.0295873635767379,224,0:23
4975000,9954.000001110397,-1603221.9973969003,408434.5681857013,300.2523571519138,1435.3733150840028,1.0257808312957828,224,0:19
4980000,9964.000001112434,-1601224.346101394,408175.7333276096,300.062079975816,1432.696653448761,1.027697265029809,224,0:15
4985000,9974.000001114471,-1601790.6943798913,409523.3838878524,301.0527778472705,1430.3062761236235,1.0294147882487457,224,0:11
4990000,9984.000001116508,-1600996.89544552,408032.59335801867,299.95685354147366,1432.1573193767783,1.0280842840696973,224,0:07
4995000,9994.000001118546,-1601388.781761855,410145.51621663605,301.5101257622804,1435.9496887181608,1.0253690947076357,224,0:03
5000000,10004.000001120583,-1602993.1179241491,408261.15671756654,300.12487724173894,1431.5437945132867,1.0285248959968065,224,0:00
