#"Step","Time (ps)","Potential Energy (kJ/mole)","Kinetic Energy (kJ/mole)","Temperature (K)","Box Volume (nm^3)","Density (g/mL)","Speed (ns/day)","Time Remaining"
5000,14.000000000001178,-1587279.4044200694,409652.75716358394,301.2049558236551,1452.1570105400142,1.0137579044599676,0,--
10000,23.99999999999741,-1592059.205533865,409428.9038361446,301.0403634208865,1443.660015246258,1.019724611338481,226,1:03:27
15000,33.99999999999542,-1593615.381528086,407755.2507585358,299.8097782667776,1442.7944355270574,1.0203363775894518,229,1:02:46
20000,44.00000000000764,-1595754.790089909,406162.8783314764,298.63895625188826,1440.7720724610874,1.02176858927952,230,1:02:25
25000,54.00000000001986,-1595599.8292059265,409125.55724812124,300.8173220912553,1437.1434752996856,1.024348419801936,230,1:02:17
30000,64.00000000003207,-1595707.6348256841,408701.67018401646,300.50565109140183,1434.7639563244297,1.0260472752069996,230,1:02:09
35000,74.00000000000877,-1594952.2602553805,410432.39079523156,301.77819623147025,1436.9110666225806,1.0245140998267273,231,1:02:01
40000,83.99999999998546,-1597353.9765394535,408166.9200200704,300.1124658956685,1436.3032855098986,1.0249476296569748,231,1:01:58
45000,93.99999999996216,-1596975.9540470848,408478.6622593851,300.3416802870748,1435.7119031325287,1.025369814612455,231,1:01:52
50000,103.99999999993885,-1598318.8016412742,410250.630239825,301.6445533373255,1437.5521728233566,1.0240571965194258,231,1:01:45
55000,113.99999999991554,-1599080.7369850408,407370.07921200054,299.5265735851785,1433.4219826142632,1.02700786356508,226,1:03:08
60000,123.99999999989224,-1595263.1598216314,409075.79680180945,300.78073477975545,1437.5895871760463,1.024030544658932,226,1:02:58
65000,133.99999999991155,-1598390.8029147433,408342.6514297413,300.2416757461117,1437.5051021969866,1.0240907289316625,226,1:02:46
70000,143.9999999999593,-1597046.3680965276,408317.18770112377,300.22295305690915,1437.3887156794449,1.0241736503796235,227,1:02:39
75000,154.00000000000705,-1598136.0851544412,409327.75872127915,300.9659945576917,1433.8160039213944,1.0267256355945948,227,1:02:31
80000,164.0000000000548,-1600459.9697996126,409555.40940731135,301.13337904035535,1433.2370697637998,1.0271403656859828,227,1:02:24
85000,174.00000000010255,-1597783.5261328388,407981.28907251876,299.97597722232496,1434.7681268910476,1.0260442927052043,227,1:02:20
90000,184.0000000001503,-1596032.6271868404,407458.82487870473,299.5918255190462,1436.0297791711548,1.0251428412588912,227,1:02:13
95000,194.00000000019804,-1598888.9900229815,407767.06365920685,299.81846392594264,1432.3282103067957,1.027792120101142,227,1:02:06
100000,204.0000000002458,-1600398.5460793981,409617.0787420013,301.1787225878017,1433.83831243453,1.0267096611837219,228,1:02:00
105000,214.00000000029354,-1599574.9274138631,409181.5890954951,300.858520569278,1430.7048952704656,1.0289582798090573,225,1:02:39
110000,224.0000000003413,-1599704.9315941827,408938.3806654903,300.6796969604178,1433.2316323714022,1.0271442624498341,225,1:02:34
115000,234.00000000038904,-1597188.6617713962,408499.6939580309,300.357144242219,1434.1374815544546,1.0264954837915923,225,1:02:28
120000,244.00000000043678,-1597332.8419629456,408063.07601000357,300.03611261861187,1433.835969937618,1.0267113385472846,225,1:02:21
125000,254.00000000048453,-1596705.666793326,409147.98320572835,300.83381120173294,1437.548669554015,1.0240596921206229,226,1:02:15
130000,264.0000000005323,-1599826.2820201917,407790.68927193835,299.8358351055934,1431.6468838050234,1.028281250498909,226,1:02:09
135000,274.00000000058003,-1598112.7730528414,407802.2712996063,299.8443510110061,1433.2808469740476,1.027108993369917,226,1:02:02
140000,284.0000000006278,-1601264.6561133573,407929.77347130363,299.9380993999085,1435.1952688973668,1.0257389219816127,226,1:01:56
145000,294.0000000006755,-1599802.253112074,406750.8522135568,299.071275195385,1432.1821954708992,1.0278969062786456,226,1:01:52
150000,304.0000000007233,-1599614.31488535,407047.6221291922,299.2894809019636,1431.6747008223124,1.028261271297414,226,1:01:46
155000,314.000000000771,-1597948.9405022394,410377.06381922844,301.7375160234856,1432.9942268580025,1.0273144304145,224,1:02:10
160000,324.0000000008188,-1599765.8651479874,407318.22308081307,299.4884453816443,1435.6241077152863,1.0254325209784305,225,1:02:03
165000,334.0000000008665,-1600760.581848058,410006.54751776176,301.46508688865464,1428.976757916688,1.0302026536093767,225,1:01:56
170000,344.00000000091427,-1599323.6220239438,409253.9270935636,300.91170845372795,1432.2896148796365,1.0278198156701763,225,1:01:51
175000,354.000000000962,-1598186.83675648,409394.9333472417,301.0153859749145,1432.0804042217703,1.0279699684543149,225,1:01:46
180000,364.00000000100977,-1601364.0947852684,406970.2186923658,299.2325685576373,1432.6796230695293,1.0275400195877928,225,1:01:40
185000,374.0000000010575,-1598619.9819854656,408249.8313645333,300.1734280335023,1436.686964821028,1.02467390879076,225,1:01:33
190000,384.00000000110526,-1597694.4280085256,407782.5325483331,299.829837719929,1433.2836743690116,1.0271069672233506,225,1:01:28
195000,394.000000001153,-1599998.1253328212,409486.88961489004,301.0829985639924,1434.615108257303,1.026153732439198,226,1:01:19
200000,404.00000000120076,-1598746.1558918683,409252.3653208985,300.9105601307681,1435.6959723188254,1.025381192352456,226,1:01:13
205000,414.0000000012485,-1599573.8726057922,408303.52658580063,300.212908462883,1433.6866343944178,1.0268182827649215,225,1:01:29
210000,424.00000000129626,-1599199.5090817846,409903.5717557041,301.3893720074068,1431.3532241326168,1.0284922150114222,225,1:01:22
215000,434.000000001344,-1598306.0279457616,406931.9094974861,299.20440099584357,1431.5757385664122,1.0283323531496145,225,1:01:15
220000,444.00000000139175,-1597921.3718307875,409073.80326424015,300.77926899346454,1432.1919407381647,1.0278899120135698,225,1:01:12
225000,454.0000000014395,-1601649.8483144622,407420.6971917314,299.5637914143817,1431.9937881253402,1.0280321466192297,225,1:01:06
230000,464.00000000148725,-1600654.4962014388,409568.02476386493,301.142654720421,1433.9739429792444,1.0266125511969668,225,1:01:01
235000,474.000000001535,-1600570.8412882918,407012.4118044479,299.26359184318466,1434.4672586793329,1.0262594974159556,225,1:00:56
240000,484.00000000158275,-1599857.834598489,408461.146789834,300.3288017060324,1433.7432808488047,1.026777713706433,225,1:00:52
245000,494.0000000016305,-1599097.016228673,408227.77648683835,300.15721176656496,1432.6586348399103,1.0275550728917338,225,1:00:47
250000,504.00000000167825,-1599623.8571199663,409346.0294761122,300.9794284765563,1434.1359049730468,1.0264966122437074,225,1:00:42
255000,514.0000000016692,-1598439.8164056623,406775.3749851286,299.0893060280811,1432.9186628989642,1.027368605119282,224,1:00:54
260000,524.0000000014327,-1599179.9481016751,409246.8872669815,300.9065322877737,1432.5332366194,1.0276450209462173,224,1:00:49
265000,534.0000000011962,-1598527.2481945101,409129.88360685087,300.82050312852954,1432.0362887112788,1.0280016362411482,225,1:00:44
270000,544.0000000009597,-1597811.9425353399,408840.6667738573,300.6078509691533,1434.4208819880234,1.0262926777192491,225,1:00:39
275000,554.0000000007233,-1600230.5006521037,407938.2862061347,299.9443585495759,1432.1148261741146,1.0279452604262862,225,1:00:33
280000,564.0000000004868,-1599738.6863843314,408944.8182796226,300.6844303382517,1435.1695855360006,1.025757278295505,225,1:00:28
285000,574.0000000002503,-1596852.8419873212,409990.0953283773,301.4529901045122,1435.8218527160352,1.0252912958297495,225,1:00:22
290000,584.0000000000139,-1598622.9837762015,409317.4805363081,300.9584373273399,1437.4370766462155,1.0241391931997732,225,1:00:17
295000,593.9999999997774,-1601132.8352346206,408139.1670590263,300.09206000492543,1430.0028438107945,1.029463440806049,225,1:00:12
300000,603.9999999995409,-1597974.2073488394,406380.8807285086,298.7992466471542,1432.9317289048834,1.0273592371891813,225,1:00:07
305000,613.9999999993045,-1599510.897946517,407046.102171631,299.2883633243517,1431.8248452976495,1.0281534454347776,224,1:00:16
310000,623.999999999068,-1597724.5235920055,407584.06314936106,299.68390933178966,1430.7757491899815,1.0289073244254592,224,1:00:11
315000,633.9999999988315,-1599540.8657914642,410340.92802068684,301.7109464925523,1430.5804253499887,1.0290478059573203,224,1:00:06
320000,643.9999999985951,-1598572.0089270743,407041.3464360245,299.28486657958865,1433.3144140203613,1.0270849393209152,225,1:00:01
325000,653.9999999983586,-1598507.4728792263,407340.27613891405,299.50466031069067,1431.7621045272526,1.0281984998045286,225,59:58
330000,663.9999999981221,-1598186.61187201,408935.2693817698,300.6774093300792,1436.166915575642,1.0250449526347967,225,59:54
335000,673.9999999978857,-1599929.0084914686,405779.7815773284,298.35727710072547,1434.4855562810849,1.0262464069477417,225,59:50
340000,683.9999999976492,-1600640.0474062096,407438.09184624173,299.57658116387495,1432.486603963349,1.027678474534315,225,59:45
345000,693.9999999974127,-1598763.5397153618,406786.1328221505,299.09721593169655,1433.4183510199416,1.0270104655102295,225,59:39
350000,703.9999999971762,-1598304.8763656728,409243.05569138774,300.9037150491801,1435.0940985445868,1.0258112338730088,225,59:35
355000,713.9999999969398,-1598324.2467957716,408034.19569159846,300.01487781699694,1436.000015489261,1.0251640891872296,224,59:45
360000,723.9999999967033,-1599416.905604898,408479.2124970718,300.34208485976524,1434.2909857822672,1.0263856236598936,224,59:40
365000,733.9999999964668,-1598938.7576151146,410742.0256893215,302.00586115734933,1434.6849167985265,1.0261038021065556,224,59:35
370000,743.9999999962304,-1600742.202762859,410108.51262955007,301.54005867013217,1434.148093185674,1.026487888487053,224,59:31
375000,753.9999999959939,-1598906.4439218156,406248.15515639645,298.7016576540725,1434.9713864584246,1.02589895648386,224,59:27
380000,763.9999999957574,-1599418.79134461,407533.4037804489,299.64666107040625,1435.1915721286855,1.0257415640815215,224,59:22
385000,773.999999995521,-1601607.6505206022,408383.86588751816,300.271979457528,1432.0443631559044,1.027995839952639,224,59:17
390000,783.9999999952845,-1599476.3309738357,408433.53392660164,300.3084988248614,1433.157911514969,1.0271970981869847,224,59:12
395000,793.999999995048,-1600479.337862976,407232.70099457353,299.42556364642513,1432.3301606966409,1.0277907205667545,224,59:07
400000,803.9999999948116,-1599926.0443181787,410439.880117198,301.7837028974272,1433.3081570603804,1.0270894229550387,224,59:02
405000,813.9999999945751,-1599493.8295400413,408920.36527711817,300.6664508045849,1434.0969189714756,1.0265245176091036,224,59:08
410000,823.9999999943386,-1599451.2650654642,410226.8649770167,301.6270794773083,1430.978154149686,1.0287617904458273,224,59:02
415000,833.9999999941022,-1598398.6644004155,408456.232796111,300.325188598989,1434.078379779116,1.0265377881079565,224,58:58
420000,843.9999999938657,-1600542.9795577442,406964.59157946846,299.22843111620176,1435.9020128958414,1.0252340582648678,224,58:52
425000,853.9999999936292,-1600980.087163913,409165.0514889484,300.8463609805478,1431.832049981041,1.0281482719788178,224,58:48
430000,863.9999999933927,-1598652.3866401184,407782.5231739095,299.8298308272063,1436.1422331536894,1.025062569686546,224,58:43
435000,873.9999999931563,-1598970.7873048093,408626.3665047148,300.45028263360246,1432.5138357090664,1.027658938612078,224,58:39
440000,883.9999999929198,-1598692.1655154536,407967.14744197764,299.9655793203752,1433.6042079901601,1.0268773206349295,224,58:34
445000,893.9999999926833,-1598207.0032733204,408714.1710183856,300.51484256686024,1435.2957248245577,1.025667130815039,224,58:29
450000,903.9999999924469,-1597206.8553786408,407708.26405562594,299.7752304026981,1435.7913738342183,1.0253130606437768,224,58:24
455000,913.9999999922104,-1600713.557868828,409045.18886979145,300.7582297174799,1433.5840297170375,1.0268917743471706,224,58:28
460000,923.9999999919739,-1599335.8830592642,407325.8177809087,299.49402952886845,1432.8003995843699,1.02745340410216,224,58:23
465000,933.9999999917375,-1601222.0490254415,409720.5376667712,301.2547927235934,1432.0498732753235,1.0279918845178833,224,58:18
470000,943.999999991501,-1597063.820869469,406665.70221705036,299.00866704619614,1434.7996336391498,1.0260217618107756,224,58:14
475000,953.9999999912645,-1599643.020354201,410018.40440890205,301.47380489264617,1433.6643817113606,1.0268342205688419,224,58:08
480000,963.9999999910281,-1598452.9984597713,409069.7787778824,300.77630991357455,1436.7107821678605,1.0246569220637312,224,58:03
485000,973.9999999907916,-1599666.579944794,407321.4657347158,299.49082960439983,1434.3899271912042,1.0263148255890255,224,57:59
490000,983.9999999905551,-1600127.5904366262,409973.83808114,301.4410366552792,1438.558160593638,1.0233410704398644,224,57:54
495000,993.9999999903187,-1601743.495376626,408430.7792735067,300.30647341395115,1434.4533753044575,1.0262694300812951,224,57:49
500000,1003.9999999900822,-1597349.6927314932,409252.84030526713,300.9109093720298,1436.798498445056,1.0245943669519995,224,57:44
505000,1013.9999999898457,-1599788.7392995842,408603.19087096176,300.4332423095263,1435.2076112368113,1.0257301009456472,224,57:47
510000,1023.9999999896093,-1597560.7900301833,408376.2943133571,300.26641231408564,1434.3635208668481,1.0263337198245395,224,57:43
515000,1033.9999999893728,-1600827.8687621756,408846.5603254537,300.6121843146933,1432.9203512022452,1.0273673946474053,224,57:38
520000,1043.9999999891363,-1599751.0569991022,407756.39405363676,299.8106188961749,1431.9948312156378,1.028031397782478,224,57:33
525000,1053.9999999888998,-1600075.9398811944,408136.5730184905,300.09015268744423,1429.6386443295166,1.0297256959238883,224,57:28
530000,1063.9999999886634,-1597532.270909992,409268.9503301993,300.922754573272,1433.6563243528365,1.0268399915275574,224,57:23
535000,1073.999999988427,-1600410.8084006123,408947.1770297633,300.6861646540093,1434.7897722819062,1.0260288136920537,224,57:19
540000,1083.9999999881904,-1599608.039489327,407176.5579525094,299.3842834103984,1433.4148935768478,1.0270129426926957,224,57:14
545000,1093.999999987954,-1601283.039984351,408254.6710640687,300.17698651433585,1433.440236634567,1.026994785222562,224,57:10
550000,1103.9999999877175,-1599199.6704760538,407914.4807103501,299.92685510750016,1433.4670017121298,1.026975609618903,224,57:05
555000,1113.999999987481,-1600190.0830819346,407070.22476550005,299.3060999188054,1433.6247314793675,1.0268626200615196,224,57:09
560000,1123.9999999872446,-1597938.9435890708,409890.25722484593,301.379582246179,1432.4729700285488,1.0276882557320133,224,57:04
565000,1133.999999987008,-1598004.254239875,408437.7701513967,300.31161358945144,1431.9222230263406,1.0280835259617418,224,57:00
570000,1143.9999999867716,-1600232.3342094151,407154.3714642201,299.3679703742764,1433.6925759688806,1.0268140273775468,224,56:56
575000,1153.9999999865352,-1599242.201019737,408895.2350108653,300.6479732999077,1432.150847373616,1.0279194057327181,224,56:51
580000,1163.9999999862987,-1599703.1800140906,409206.2263721522,300.87663559400903,1434.1918237025354,1.0264565894340436,224,56:47
585000,1173.9999999860622,-1599503.30371001,408860.50829505513,300.6224398237657,1431.208691344241,1.0285960788633939,224,56:43
590000,1183.9999999858258,-1599733.8815398328,407169.461615109,299.37906569379373,1432.4491169140933,1.0277053687765878,224,56:38
595000,1193.9999999855893,-1603758.812516395,409079.4090993039,300.78339078996953,1430.4783708841862,1.029121221205156,224,56:34
600000,1203.9999999853528,-1601915.5739721628,409278.25742597156,300.9295977918807,1434.453577652283,1.0262692853130078,224,56:29
605000,1213.9999999851163,-1603702.6102604829,406639.18674278556,298.98917104106766,1430.0778299011527,1.0294094609197948,224,56:31
610000,1223.9999999848799,-1600079.0706650019,408650.715123246,300.468185416974,1433.35683499672,1.0270545421826274,224,56:26
615000,1233.9999999846434,-1600484.1093754862,407533.69042874034,299.6468718339968,1433.0488755771016,1.027275254208656,224,56:22
620000,1243.999999984407,-1599457.5061083166,408735.820334601,300.53076063703116,1431.4438417797144,1.0284271062437134,224,56:17
625000,1253.9999999841705,-1601164.8597198548,408199.0595308541,300.13609708026695,1431.7825236751037,1.028183836308613,224,56:13
630000,1263.999999983934,-1598778.1994013926,409695.7011555332,301.2365312078598,1433.9010948938715,1.0266647073457003,224,56:08
635000,1273.9999999836975,-1599042.7909160005,409173.6784928199,300.85270414869336,1429.5029566325459,1.0298234369656563,224,56:03
640000,1283.999999983461,-1600455.1010782616,406316.25977895735,298.75173286892493,1433.3556666482539,1.0270553793493034,224,55:59
645000,1293.9999999832246,-1602472.3265854036,408953.13298263575,300.6905438812706,1432.983609167348,1.0273220422997702,224,55:54
650000,1303.9999999829881,-1601685.9553722115,409138.65176860796,300.82695008568663,1430.3576126892192,1.029208104946657,224,55:50
655000,1313.9999999827517,-1601712.4134258404,407805.7269607975,299.8468918514087,1434.8052641272127,1.026017735478125,224,55:51
660000,1323.9999999825152,-1601065.9559482867,407849.2649155868,299.8789039580518,1432.1638871382463,1.0279100465893753,224,55:47
665000,1333.9999999822787,-1600056.7719030054,408733.605704672,300.52913228839134,1433.0056375318486,1.0273062501606365,224,55:42
670000,1343.9999999820423,-1600852.0303124925,409881.28157738183,301.37298273122235,1433.1919548184349,1.0271726986762177,224,55:37
675000,1353.9999999818058,-1600157.2854920244,408883.95977968455,300.6396829724283,1434.6651929570926,1.0261179090276598,224,55:33
680000,1363.9999999815693,-1598895.2611068934,409112.97988994303,300.80807435021563,1435.0706108909635,1.025828023220349,224,55:29
685000,1373.9999999813328,-1599252.455670299,408465.6454454034,300.33210942782443,1432.5975737460305,1.027598870004002,224,55:24
690000,1383.9999999810964,-1599511.5903745685,406881.934236094,299.1676557374835,1431.9884237767867,1.0280359977137405,224,55:20
695000,1393.99999998086,-1601067.2394608725,408171.05470116157,300.11550599832526,1431.5171766208782,1.02837442120457,224,55:15
700000,1403.9999999806234,-1601162.0470691966,408408.63047360076,300.29018808892755,1433.5343209926027,1.0269273824798033,224,55:11
705000,1413.999999980387,-1598992.8633929295,407368.1638839381,299.52516530391017,1433.348046883321,1.0270608392378353,224,55:12
710000,1423.9999999801505,-1599633.9493946088,407545.4808819185,299.65554098821724,1435.1154236123077,1.025795990852363,224,55:08
715000,1433.999999979914,-1599934.1523515275,410072.3558388275,301.5134737042999,1432.7730122019386,1.0274730438211306,224,55:03
720000,1443.9999999796776,-1601499.2945362367,409508.9923087688,301.0992499886854,1432.1197928103377,1.0279416954799798,224,54:58
725000,1453.999999979441,-1600746.062726927,409789.6952956768,301.30564218132344,1429.9813147425975,1.0294789398817328,224,54:54
730000,1463.9999999792046,-1598304.399968367,408905.27205806854,300.6553532291443,1429.7491209606603,1.0296461290794539,224,54:49
735000,1473.9999999789682,-1600664.0559989512,408145.27780878544,300.0965530495323,1432.0476639680498,1.027993470463662,224,54:45
740000,1483.9999999787317,-1601775.5483014379,409355.1771232111,300.98615445750505,1430.2073693495115,1.0293162232980622,224,54:40
745000,1493.9999999784952,-1601221.4833125742,407922.5655108378,299.93279961032886,1432.2528666273147,1.027846187118129,224,54:35
750000,1503.9999999782588,-1600988.5300812684,406536.0992604788,298.9133740153887,1432.009567705777,1.0280208185413207,224,54:31
755000,1513.9999999780223,-1599699.0577568747,407417.71825672174,299.5616010959417,1434.3589550666904,1.0263369868133523,224,54:32
760000,1523.9999999777858,-1598753.16764104,408309.15474789287,300.2170466757589,1433.306625080689,1.0270905207523344,224,54:28
765000,1533.9999999775494,-1599095.5526532289,409857.7372447596,301.35567131431293,1432.4951429568594,1.027672348621869,224,54:23
770000,1543.9999999773129,-1599157.0110549685,407479.4100721915,299.6069611728076,1431.7569360456198,1.02820221148556,224,54:19
775000,1553.9999999770764,-1601378.1413193196,408702.15821072983,300.50600992229477,1433.1768599131112,1.0271835173511987,224,54:14
780000,1563.99999997684,-1601738.582125769,409410.83612595306,301.0270787944439,1432.069356080477,1.02797789904609,224,54:10
785000,1573.9999999766035,-1599015.6389238928,409929.946613748,301.4087646217931,1434.9311747665026,1.025927705690447,224,54:06
790000,1583.999999976367,-1598447.829491877,408247.17226881755,300.1714728829667,1436.388326350119,1.0248869480112048,224,54:02
795000,1593.9999999761305,-1597989.1087857494,410446.22155031294,301.7883655563446,1435.0504841131622,1.0258424105975976,224,53:58
800000,1603.999999975894,-1600028.332859395,408461.4853907886,300.3290506688034,1431.6281396186257,1.0282947136985314,224,53:53
805000,1613.9999999756576,-1600699.0306052184,408039.1793969483,300.01854218083554,1432.896582124019,1.0273844367537759,224,53:53
810000,1623.9999999754211,-1600043.6804228043,407937.78818230936,299.9439923681169,1433.0048076191306,1.0273068451164369,224,53:49
815000,1633.9999999751847,-1598666.6573420726,409304.4950990533,300.94888953842286,1434.362935168663,1.0263341389107987,224,53:44
820000,1643.9999999749482,-1599992.1061287746,409936.2892723793,301.4134281817947,1434.959691328284,1.0259073177095306,224,53:40
825000,1653.9999999747117,-1600549.8897785004,410047.57553422556,301.49525351556093,1434.739342189565,1.0260648778929142,224,53:35
830000,1663.9999999744753,-1601728.638278515,405063.8186430086,297.83085178017757,1433.7635612593879,1.0267631900609908,224,53:31
835000,1673.9999999742388,-1599062.600425384,409346.036547306,300.9794336757856,1436.039533864426,1.0251358776943515,224,53:26
840000,1683.9999999740023,-1601937.828440357,407774.8684924775,299.82420257756746,1429.9035796481912,1.0295349063424928,224,53:22
845000,1693.9999999737659,-1600412.386089136,407167.6232118013,299.37771397290965,1432.2611521184651,1.0278402411281293,224,53:18
850000,1703.9999999735294,-1599433.3461652556,407447.2564390556,299.5833196044819,1430.725380719572,1.028943546952034,225,53:14
855000,1713.999999973293,-1600402.8755812356,405736.8633080176,298.3257206295783,1433.2812925092917,1.0271086740932622,224,53:14
860000,1723.9999999730564,-1599170.5353046507,407681.2590021938,299.75537442520545,1435.0577209123549,1.0258372374150693,224,53:09
865000,1733.99999997282,-1599511.24262435,409431.3901844368,301.042191555604,1434.8987148375386,1.0259509139769305,224,53:05
870000,1743.9999999725835,-1600627.956461789,407414.72197030304,299.55939801954935,1432.0927821533633,1.027961083456005,224,53:00
875000,1753.999999972347,-1601790.7291967152,407849.426796853,299.87902298432175,1431.7290680065537,1.028222225034239,224,52:56
880000,1763.9999999721106,-1600105.225076722,409002.6172018605,300.7269280915681,1432.0198673117545,1.0280134246429473,224,52:52
885000,1773.999999971874,-1598367.1279584272,410104.8949265295,301.5373986854026,1433.7325463850825,1.026785401268626,224,52:48
890000,1783.9999999716376,-1600718.8833518457,407574.5000027482,299.67687784694624,1434.4213255840843,1.0262923603373328,224,52:44
895000,1793.9999999714012,-1602777.6145329038,408059.3242131469,300.0333540388471,1434.6702306195066,1.0261143059448659,224,52:39
900000,1803.9999999711647,-1599658.532981908,409832.17536422156,301.33687645705004,1433.014506371859,1.027299892224458,225,52:35
905000,1813.9999999709282,-1599781.2414161991,407522.34700218594,299.6385313645761,1433.2563811259151,1.027126526236317,224,52:35
910000,1823.9999999706918,-1598796.9343831902,408647.8134047295,300.46605187342453,1435.6114862372044,1.0254415362825096,224,52:31
915000,1833.9999999704553,-1599606.421428972,407470.4474107283,299.6003712060544,1432.3344000942882,1.0277876785302282,224,52:27
920000,1843.9999999702188,-1600594.5961184856,409609.7974132855,301.1733688528253,1432.9063586958441,1.0273774270160654,224,52:23
925000,1853.9999999699824,-1600593.1513241306,408351.2394120501,300.2479902229136,1433.1699219664101,1.0271884899258994,224,52:18
930000,1863.9999999697459,-1599093.6656958936,409850.9108569897,301.3506520832917,1432.9862650615692,1.0273201382629054,224,52:14
935000,1873.9999999695094,-1599927.6685938435,409533.165832955,301.1170240306204,1435.735154913219,1.0253532087127009,224,52:10
940000,1883.999999969273,-1599117.0250082351,406961.41514860163,299.22609558518883,1430.375972654526,1.0291948942765525,224,52:05
945000,1893.9999999690365,-1603154.604925382,410389.5972354409,301.74673145536195,1430.89861537786,1.0288189758036395,224,52:01
950000,1903.9999999688,-1600193.746886124,406439.5979169919,298.8424195731358,1429.2958744346734,1.0299726419725144,225,51:57
955000,1913.9999999685635,-1597527.8665076653,409219.61704565794,300.8864813405619,1432.8315843597125,1.0274310421554165,224,51:56
960000,1923.999999968327,-1601755.4602604043,407789.82891854283,299.8352025144489,1433.3657272885014,1.027048170557793,224,51:52
965000,1933.9999999680906,-1599736.5269772243,409207.01135745156,300.87721276933195,1432.619516286609,1.027583130912326,224,51:48
970000,1943.9999999678541,-1601929.868038291,408180.6863394291,300.12258784295625,1431.0089517529645,1.028739649845343,224,51:44
975000,1953.9999999676177,-1602568.4787002085,410680.8385708289,301.9608721685039,1428.5674341020253,1.0304978349707772,224,51:39
980000,1963.9999999673812,-1601976.1320933793,408356.2929960408,300.2517059663476,1433.4775423599528,1.026968058061307,224,51:35
985000,1973.9999999671447,-1602115.298374,408059.79255962063,300.0336983994707,1433.1560109535076,1.0271984603912412,224,51:31
990000,1983.9999999669083,-1601753.1066857288,407115.17870791536,299.3391531571946,1432.257188584146,1.0278430855055938,224,51:27
995000,1993.9999999666718,-1601750.6835747873,409421.252702031,301.0347377794806,1431.5190638554793,1.028373065453299,224,51:23
1000000,2003.9999999664353,-1600908.167760565,408166.71981191565,300.1123186888272,1431.476200634562,1.0284038584080615,224,51:19
1005000,2013.9999999661989,-1602475.152349541,407847.00400894333,299.87724158358037,1433.0897988491074,1.0272459193653778,224,51:18
1010000,2023.9999999659624,-1602612.1461846763,407580.2133718123,299.6810787098636,1431.3898354239748,1.0284659088108254,224,51:14
1015000,2033.999999965726,-1600160.9254671643,408371.77734885796,300.26309113030584,1435.4108152186475,1.0255848934283347,224,51:10
1020000,2043.9999999654895,-1599725.7786723142,407063.2157650343,299.3009464183377,1430.6378322926173,1.0290065135442266,224,51:06
1025000,2053.999999965253,-1598384.8721253797,408946.6569281875,300.68578223946577,1433.6938976857,1.026813080761695,224,51:02
1030000,2063.9999999650167,-1601199.1273077466,409564.9871832642,301.14042128169837,1434.8327390830032,1.0259980887338358,224,50:58
1035000,2073.9999999647803,-1600488.6222948274,407799.8724039693,299.84258717751123,1433.0695930692664,1.0272604031734145,224,50:54
1040000,2083.999999964544,-1603232.08292476,407512.28866433457,299.6311357809869,1433.8915012169766,1.0266715764076015,224,50:50
1045000,2093.9999999643073,-1603641.47804116,407292.49780593684,299.4695303855966,1431.2090575662737,1.0285958156631683,224,50:46
1050000,2103.999999964071,-1603256.7307939418,408781.4961525381,300.5643446480829,1431.7185322441003,1.028229791539015,224,50:42
1055000,2113.9999999638344,-1602095.219042439,407889.8594790681,299.9087518804355,1428.428510302623,1.0305980574694726,224,50:41
1060000,2123.999999963598,-1601005.8925363384,408129.4987119036,300.0849511694128,1427.149541729825,1.0315216485075165,224,50:37
1065000,2133.9999999633615,-1600074.0285157626,407595.63477551204,299.69241758928985,1433.9035505426962,1.0266629491186696,224,50:33
1070000,2143.999999963125,-1599495.3583425367,407829.796550937,299.8645894738655,1434.489848032305,1.0262433365919108,224,50:28
1075000,2153.9999999628885,-1600287.3381788265,407104.88588923344,299.3315851671294,1432.9268008856518,1.0273627704094934,224,50:24
1080000,2163.999999962652,-1601918.3578107199,407099.49787358503,299.32762352647893,1433.4870721690181,1.0269612307869636,224,50:20
1085000,2173.9999999624156,-1599575.950775857,408132.9753304381,300.0875074190994,1432.3894815467493,1.0277481557336117,224,50:15
1090000,2183.999999962179,-1600885.891173778,408239.33111579495,300.16570752655576,1433.5649204653732,1.0269054626936613,224,50:11
1095000,2193.9999999619426,-1598615.4189020004,409264.6764909795,300.919612151963,1433.4189539092256,1.0270100335544483,224,50:07
1100000,2203.999999961706,-1600469.8829497797,410168.38017380127,301.5840774170004,1433.5573245044113,1.0269109039366957,224,50:03
1105000,2213.9999999614697,-1599430.8968851166,408781.8847238772,300.5646303525265,1434.6596602556483,1.026121866205933,224,50:02
1110000,2223.9999999612332,-1601003.4026851375,408483.42327979696,300.3451809175911,1432.520172199811,1.0276543929508861,224,49:58
1115000,2233.999999960997,-1600696.8943385687,407814.4235268124,299.85328616643903,1432.5119495420902,1.0276602917151731,224,49:54
1120000,2243.9999999607603,-1599829.821413381,408607.0131891178,300.4360527414133,1436.5006804193042,1.0248067877852938,224,49:50
1125000,2253.999999960524,-1599295.9869583678,409306.36914040416,300.9502674628538,1432.8448778288769,1.0274215099840776,224,49:46
1130000,2263.9999999602874,-1601789.1380263139,409396.14992095437,301.0162804838003,1433.8265625871268,1.026718074810698,224,49:42
1135000,2273.999999960051,-1601131.3010894647,410342.0143119419,301.7117452087913,1430.4540404798117,1.0291387253924655,224,49:37
1140000,2283.9999999598144,-1598840.2832362903,409338.7247655171,300.9740575496099,1430.4837417478254,1.0291173572886458,224,49:33
1145000,2293.999999959578,-1599462.3637977587,409384.88260024006,301.00799597264137,1432.7906237104755,1.0274604143761976,224,49:29
1150000,2303.9999999593415,-1600466.0343139423,406740.23115660733,299.0634658619109,1433.2818303325735,1.027108288682001,224,49:25
1155000,2313.999999959105,-1602539.9924244247,407773.4077515875,299.82312854013566,1429.7684870875803,1.0296321825854595,224,49:24
1160000,2323.9999999588686,-1603193.370274243,409607.302310984,301.17153428155655,1431.0182555692375,1.0287329614577856,224,49:19
1165000,2333.999999958632,-1600786.2711642887,407355.9983355931,299.5162203538573,1435.5077388826119,1.025515647235587,224,49:15
1170000,2343.9999999583956,-1598308.7166294279,407683.85216631665,299.7572810982875,1433.503994042618,1.026949107968882,224,49:11
1175000,2353.999999958159,-1600463.7883702293,408164.21782351553,300.11047905442376,1432.7131902475962,1.0275159452517406,224,49:07
1180000,2363.9999999579227,-1600368.2857033154,408047.2591936763,300.024483004555,1432.6216531360485,1.0275815982044876,224,49:03
1185000,2373.999999957686,-1600812.0720764436,407201.3636420756,299.4025222639135,1431.4896265784419,1.0283942130063537,224,48:59
1190000,2383.9999999574497,-1601576.1140166353,409705.61335274857,301.2438193387759,1428.431766138536,1.0305957084191035,224,48:55
1195000,2393.9999999572133,-1602393.2832576279,407527.00616084406,299.641957099307,1430.6078076571848,1.0290281096415366,224,48:51
1200000,2403.999999956977,-1601472.5318913106,407650.07710771845,299.732447346152,1430.9299275304552,1.028796462795739,224,48:47
1205000,2413.9999999567403,-1603351.4514631825,409483.2699737266,301.0803371542065,1427.8727334040886,1.0309992014780498,224,48:46
1210000,2423.999999956504,-1600309.8100357512,409961.5756250437,301.4320204519651,1430.0879057554203,1.0294022080931202,224,48:42
1215000,2433.9999999562674,-1600837.485401418,407382.7393333509,299.5358821794095,1432.237000245038,1.0278575736418145,224,48:37
1220000,2443.999999956031,-1599736.6999177383,407821.25303123717,299.85830768903975,1430.0490574750422,1.0294301725223074,224,48:33
1225000,2453.9999999557945,-1599505.1230900409,410372.26881888683,301.7339904085818,1432.976496964906,1.0273271411428802,224,48:29
1230000,2463.999999955558,-1600959.645809072,407562.9318806572,299.66837216587254,1431.8451004913145,1.028138900951476,224,48:25
1235000,2473.9999999553215,-1600378.6241557319,407390.44121345715,299.5415451327684,1429.1592191092786,1.03007112732296,224,48:21
1240000,2483.999999955085,-1598918.7886758195,408409.1683988867,300.2905836086919,1432.9710471367564,1.0273310482395264,224,48:17
1245000,2493.9999999548486,-1600820.2180093527,407867.18417626206,299.89207943417324,1431.6360664259307,1.0282890201467696,224,48:13
1250000,2503.999999954612,-1600037.9070368884,409072.02329500753,300.7779602373419,1432.1275279337985,1.0279361434214025,224,48:09
1255000,2513.9999999543757,-1601200.761687304,407341.8458953154,299.5058145038439,1429.576040653622,1.0297707894424524,224,48:07
1260000,2523.999999954139,-1599796.377119979,406951.2157958971,299.21859631775544,1434.3008482786183,1.0263785660579403,224,48:03
1265000,2533.9999999539027,-1602353.3658604715,408603.88568973745,300.4337531882033,1431.3864839763423,1.0284683168604147,224,47:59
1270000,2543.9999999536662,-1601019.4451187607,408641.81919671595,300.4616445183455,1429.0445820288226,1.0301537589974252,224,47:55
1275000,2553.99999995343,-1600677.0440170718,407478.8202639248,299.606527505098,1431.1029587782039,1.0286720734675325,224,47:51
1280000,2563.9999999531933,-1601433.85206493,410050.9226151259,301.4977145202463,1428.7840972820854,1.0303415685772792,224,47:47
1285000,2573.999999952957,-1601546.7789511727,408279.50899925554,300.1952490770549,1432.0629093486657,1.0279825267044003,224,47:42
1290000,2583.9999999527204,-1602287.7874727268,410523.50890262565,301.8451925473315,1431.6497173037803,1.0282792153407208,224,47:38
1295000,2593.999999952484,-1599046.4507760713,409482.9655675345,301.0801133337829,1434.0569225412637,1.0265531477949659,224,47:34
1300000,2603.9999999522474,-1599481.6933720699,409003.16606802016,300.72733165581724,1433.64527673343,1.026847904319935,224,47:30
1305000,2613.999999952011,-1604154.8524923641,408631.33539516147,300.45393610450265,1429.857129832981,1.0295683514365197,224,47:28
1310000,2623.9999999517745,-1598953.6707371818,407530.0061628899,299.64416290768463,1434.6026289523788,1.0261626587335377,224,47:24
1315000,2633.999999951538,-1601090.0328035569,408576.3624398046,300.41351619690965,1432.1508196929221,1.0279194256004036,224,47:20
1320000,2643.9999999513016,-1599408.712447389,409104.638422832,300.80194112838626,1434.7066125281926,1.026088285296007,224,47:16
1325000,2653.999999951065,-1601709.7818831773,408446.10686281335,300.31774331456637,1430.7422908457988,1.0289313857365794,224,47:12
1330000,2663.9999999508286,-1602464.1294326494,409067.5576078379,300.7746767561908,1431.8609480322302,1.0281275217227024,224,47:08
1335000,2673.999999950592,-1598356.793636934,410542.4673108857,301.85913207641465,1433.6058363966708,1.0268761542238616,224,47:03
1340000,2683.9999999503557,-1598986.7733177198,409771.98013487493,301.2926167735032,1433.5663852490893,1.026904413426313,224,46:59
1345000,2693.999999950119,-1602859.789694704,409694.1959568425,301.2354244819872,1432.971452701283,1.0273307574807473,224,46:55
1350000,2703.9999999498827,-1601778.4821343273,408174.6719016594,300.1181656135655,1432.5175548012528,1.027656270611036,224,46:51
1355000,2713.9999999496463,-1601768.4195714481,408859.36204307305,300.6215970202655,1432.9345370735275,1.0273572238397075,224,46:50
1360000,2723.99999994941,-1600898.8130980823,408584.11748859775,300.41921824355353,1433.7655821366236,1.0267617428492686,224,46:46
1365000,2733.9999999491733,-1600960.0243867552,407849.45994572074,299.8790473576551,1432.8937407282367,1.0273864740338075,224,46:42
1370000,2743.999999948937,-1598475.1509221466,408591.1937895473,300.4244212279779,1432.922370081444,1.0273659471644812,224,46:38
1375000,2753.9999999487004,-1601577.8661149312,408760.4701558718,300.5488848854272,1432.130951918072,1.0279336857989452,224,46:34
1380000,2763.999999948464,-1599245.8948114691,408329.28637561086,300.2318488366901,1433.6220516418189,1.0268645395527853,224,46:30
1385000,2773.9999999482275,-1599713.1532684471,409237.48819085845,300.8996214388684,1432.719855429869,1.0275111651259976,224,46:26
1390000,2783.999999947991,-1598587.9629942747,406631.96740969527,298.98386288955027,1433.105250466472,1.027234843688361,224,46:21
1395000,2793.9999999477545,-1602629.8080533985,409998.7985771314,301.4593893331532,1431.0308125777017,1.0287239345323056,224,46:17
1400000,2803.999999947518,-1600546.396138071,409323.52446929447,300.96288124364787,1433.9867592106323,1.0266033758653832,224,46:13
1405000,2813.9999999472816,-1601471.1910073422,408474.3684512739,300.33852318325984,1433.6318829451104,1.0268574977055387,224,46:12
1410000,2823.999999947045,-1601047.5315314308,406388.40352553735,298.8047779262853,1434.969760392622,1.025900119002581,224,46:08
1415000,2833.9999999468087,-1601313.0264800526,407540.67754374485,299.6520092427642,1433.9097118554082,1.026658537689256,224,46:04
1420000,2843.999999946572,-1601544.5836054534,408517.7374963802,300.37041109585635,1434.2738482642185,1.026397887497913,224,46:00
1425000,2853.9999999463357,-1601993.028340213,409135.1118539029,300.8243472962907,1431.6599786012648,1.028271845239521,224,45:55
1430000,2863.9999999460993,-1602604.9397271946,408020.67514616036,300.0049365796436,1430.7859215878802,1.0289000092467542,224,45:52
1435000,2873.999999945863,-1600822.7095191171,408374.18403198814,300.26486068970274,1431.097309861989,1.0286761339058517,224,45:47
1440000,2883.9999999456263,-1600345.0413952544,409761.3313944555,301.28478708523306,1433.2000615275267,1.0271668886079106,224,45:43
1445000,2893.99999994539,-1603386.8469534265,407194.7212236882,299.39763829986845,1431.4365703347569,1.0284323304717728,224,45:39
1450000,2903.9999999451534,-1599002.9526788024,409037.87875229074,300.7528548150036,1434.8094113867087,1.0260147698146975,224,45:35
1455000,2913.999999944917,-1601762.2170971204,408125.30649053166,300.08186875917374,1429.393231182854,1.0299024899772833,224,45:33
1460000,2923.9999999446804,-1601147.245533973,406846.8380715112,299.1418506171276,1431.9591899723093,1.0280569853253732,224,45:29
1465000,2933.999999944444,-1600704.6865258208,408324.0638478958,300.22800887418,1431.129503920905,1.0286529932606694,224,45:25
1470000,2943.9999999442075,-1600227.9695684472,407542.6965300477,299.653493740719,1430.0820654073468,1.0294064120946587,224,45:21
1475000,2953.999999943971,-1600014.9353097882,408886.59050357435,300.64161726204105,1433.6917672157585,1.02681460660878,224,45:17
1480000,2963.9999999437346,-1600114.3872456513,406851.0346280057,299.14493621484775,1432.9345194242892,1.0273572364935115,224,45:13
1485000,2973.999999943498,-1604472.0806330368,407492.72879475774,299.6167540160682,1432.1502652437214,1.0279198235538292,224,45:09
1490000,2983.9999999432616,-1601411.8426588299,406987.663897736,299.24539547560863,1431.2729355622794,1.0285499092271757,224,45:05
1495000,2993.999999943025,-1602696.2354361033,407893.38502148783,299.91134410233616,1433.9302186874002,1.0266438553052242,224,45:01
1500000,3003.9999999427887,-1599022.1230836576,409934.38209558756,301.41202589390264,1434.9219173515362,1.0259343244746348,224,44:57
1505000,3013.999999942552,-1601193.216554923,408321.25203959935,300.22594143882424,1432.622189144976,1.027581213739613,224,44:55
1510000,3023.9999999423158,-1601284.140264743,407264.0596017245,299.44862065682344,1434.9345531157865,1.0259252902896034,224,44:51
1515000,3033.9999999420793,-1602522.6219599098,409221.1515985378,300.8876096496586,1434.7609592444114,1.0260494185227669,224,44:47
1520000,3043.999999941843,-1602498.296981983,406779.7819642762,299.09254634304614,1432.7732253097863,1.027472890996828,224,44:43
1525000,3053.9999999416063,-1599745.2380030276,409748.80265359743,301.2755750909996,1436.209640571072,1.025014459147161,224,44:39
1530000,3063.99999994137,-1602414.80278935,409099.6723581556,300.79828973518727,1436.9166365447131,1.024510128501172,224,44:35
1535000,3073.9999999411334,-1600348.4326846218,410825.58595390443,302.06730042600356,1433.2709238839873,1.0271161044435269,224,44:30
1540000,3083.999999940897,-1600596.198620025,409942.6744697645,301.4181230192215,1433.411780621696,1.0270151730672987,224,44:26
1545000,3093.9999999406605,-1600195.1229389384,407453.57073956565,299.58796231363726,1433.2860072410178,1.0271052954641349,224,44:22
1550000,3103.999999940424,-1598873.4166641766,410026.4960056145,301.479754392528,1434.133949228831,1.02649801208841,224,44:18
1555000,3113.9999999401875,-1600947.0873329416,409382.7937891078,301.0064601346572,1434.5116436032022,1.0262277441361087,224,44:16
1560000,3123.999999939951,-1599390.085539191,406819.27350262133,299.12158324528747,1435.7907749146661,1.0253134883384314,224,44:12
1565000,3133.9999999397146,-1599148.4849079065,407954.7286156019,299.9564481428487,1432.876934877877,1.0273985239893368,224,44:08
1570000,3143.999999939478,-1600975.0544896228,408593.15573404275,300.4258637848624,1434.6987212944766,1.0260939290610374,224,44:04
1575000,3153.9999999392417,-1598623.3187854327,409579.95699462324,301.15142811929496,1436.5521615538798,1.0247700622019364,224,44:00
1580000,3163.999999939005,-1600519.6600829447,407881.14881201123,299.9023471973467,1433.397626705203,1.0270253142079881,224,43:56
1585000,3173.9999999387687,-1598869.5110035809,407173.3218661738,299.38190401657107,1435.8445331183677,1.025275100469764,224,43:52
1590000,3183.9999999385323,-1599279.447836196,408855.1490192547,300.61849931463337,1435.9937496487637,1.0251685624063283,224,43:48
1595000,3193.999999938296,-1601479.1307553956,409228.23497101205,300.8928178335555,1430.9586360478622,1.0287758226315749,224,43:44
1600000,3203.9999999380593,-1602807.0943172276,409287.38301406644,300.93630755352865,1430.5233536500643,1.0290888605178343,224,43:40
1605000,3213.999999937823,-1601259.7050032215,409113.7185963699,300.8086174981202,1435.3500328861828,1.0256283235607309,224,43:38
1610000,3223.9999999375864,-1600666.5498352656,408062.21697444073,300.0354809964289,1433.79062044354,1.0267438124936916,224,43:34
1615000,3233.99999993735,-1599551.4251918672,408432.62317052414,300.30782917418946,1434.7669786251608,1.0260451138640942,224,43:30
1620000,3243.9999999371134,-1599932.686570309,409860.41997314506,301.35764384121694,1435.4990266521347,1.0255218712235599,224,43:26
1625000,3253.999999936877,-1599542.6036435366,408347.6777400931,300.2453714360857,1434.4326921587872,1.0262842279036226,224,43:21
1630000,3263.9999999366405,-1599829.7665236974,407934.79008314083,299.9417879588658,1434.1139808472358,1.0265123048882057,224,43:17
1635000,3273.999999936404,-1599385.45126326,408843.8430353223,300.6101863756104,1434.3692623477898,1.0263296116247567,224,43:13
1640000,3283.9999999361676,-1603030.8328192234,408490.78077556565,300.35059065583704,1433.3297251552228,1.0270739677797938,224,43:09
1645000,3293.999999935931,-1600070.3851797618,406459.26381207217,298.8568792953159,1428.7130552238882,1.03039280180806,224,43:05
1650000,3303.9999999356946,-1602873.2758990377,406955.72125466133,299.2219090417254,1430.9193821362107,1.02880404467941,224,43:01
1655000,3313.999999935458,-1602543.9954123236,409054.1776630337,300.7648388981191,1433.9334973024904,1.026641507936924,224,42:59
1660000,3323.9999999352217,-1602391.0454582693,409546.1952547984,301.1266041600401,1434.1614243316499,1.0264783468415646,224,42:55
1665000,3333.999999934985,-1599584.804346946,408743.1857988356,300.5361762342427,1435.4382495424184,1.02556529228699,224,42:51
1670000,3343.9999999347488,-1601678.7940755105,408777.35159268917,300.56129728188216,1431.6020712872032,1.0283134381247767,224,42:47
1675000,3353.9999999345123,-1599099.2747816276,408473.35379059915,300.337777134763,1433.2564590126713,1.0271264704196816,224,42:43
1680000,3363.999999934276,-1600281.9545658994,410876.77884873387,302.1049409724321,1434.2329316263642,1.0264271691785458,224,42:39
1685000,3373.9999999340394,-1602111.055709145,407951.85153987445,299.9543327183771,1430.044976825533,1.0294331100129432,224,42:35
1690000,3383.999999933803,-1600402.9954414042,408904.8290122602,300.6550274713145,1435.6169117512745,1.025437660911972,224,42:31
1695000,3393.9999999335664,-1598508.7141470648,407060.76386176446,299.2991436099758,1437.124469493113,1.0243619666925103,224,42:27
1700000,3403.99999993333,-1599904.3959370796,408102.82310764637,300.06533742567166,1432.6010258738786,1.0275963938067831,224,42:23
1705000,3413.9999999330935,-1601024.6378050782,408447.82178123394,300.31900424084625,1431.2133445690786,1.028592734645818,224,42:21
1710000,3423.999999932857,-1601112.4119195119,407807.33776630077,299.84807622669234,1434.2259464383835,1.0264321682421471,224,42:17
1715000,3433.9999999326205,-1603040.4315053672,408055.59279933304,300.0306104461011,1430.5098590552057,1.029098568341348,224,42:13
1720000,3443.999999932384,-1600034.9344754396,408708.16478291695,300.5104263683668,1432.4877821601183,1.027677629286297,224,42:09
1725000,3453.9999999321476,-1602207.9784786208,410122.61034373124,301.5504242817457,1432.4535565931576,1.0277021835549875,224,42:05
1730000,3463.999999931911,-1603112.050035379,406051.28066327714,298.55690195069735,1432.9166368336957,1.0273700577619518,224,42:01
1735000,3473.9999999316747,-1603048.818657522,408183.1822358082,300.1244229980857,1432.7013657495743,1.0275244256375018,224,41:57
1740000,3483.999999931438,-1601325.7716705147,407434.05027554074,299.5736095223977,1430.5798868464954,1.0290481933148132,224,41:53
1745000,3493.9999999312017,-1598565.8265096238,408585.883264518,300.4205165637742,1432.193621771449,1.0278887055306414,224,41:49
1750000,3503.9999999309653,-1603670.0045300424,409366.2902368093,300.9943255849584,1431.200814513422,1.0286017398979685,224,41:45
1755000,3513.999999930729,-1602113.40341283,408739.61485482997,300.53355062996536,1433.0619014154693,1.0272659167743086,224,41:42
1760000,3523.9999999304923,-1602555.1425463874,408641.98392512416,300.4617656380305,1430.0583617987083,1.0294234747876045,224,41:38
1765000,3533.999999930256,-1602685.4001143025,408832.76935901394,300.602044245172,1432.2229789504065,1.0278676362466541,224,41:34
1770000,3543.9999999300194,-1602473.9702860825,408314.59337561135,300.2210455298934,1433.636166724613,1.0268544294018762,224,41:30
1775000,3553.999999929783,-1601167.8320570774,407745.25855482137,299.8024313095662,1433.116452944235,1.027226813932321,224,41:26
1780000,3563.9999999295464,-1602741.6368082324,410221.23791344295,301.6229420721389,1431.2247005011855,1.028584573363207,224,41:22
1785000,3573.99999992931,-1601166.7927719774,408424.0305422782,300.30151128137425,1430.5053049589396,1.0291018445360822,224,41:18
1790000,3583.9999999290735,-1600695.9118593717,407397.8799979109,299.5470146400611,1433.1611697392595,1.0271947629028542,224,41:14
1795000,3593.999999928837,-1602577.7143991273,408600.0457748532,300.43092981798833,1431.6411089109715,1.0282853983368274,224,41:10
1800000,3603.9999999286006,-1602279.7543970328,408474.75595700106,300.33880810419197,1428.6718132951867,1.0304225464884487,224,41:06
1805000,3613.999999928364,-1599967.6542496225,406612.53213993105,298.96957273900597,1431.3341310627954,1.02850593443112,224,41:04
1810000,3623.9999999281276,-1600354.9249691414,409118.1439273597,300.81187130662505,1435.0906225169067,1.0258137185580785,224,41:00
1815000,3633.999999927891,-1600355.3542655315,409532.84254629776,301.1167863279769,1431.3307135777309,1.0285083901205263,224,40:56
1820000,3643.9999999276547,-1599946.7652746243,409043.4785302245,300.756972157889,1430.6030187533747,1.029031554284509,224,40:52
1825000,3653.9999999274182,-1601372.024149144,408553.4502067408,300.3966695431838,1429.2857880377428,1.0299799104369332,224,40:48
1830000,3663.9999999271818,-1601928.6698365854,409937.32949464617,301.41419302493676,1431.2852349840914,1.0285410706191338,224,40:44
1835000,3673.9999999269453,-1599332.6120239655,407634.7538710186,299.72118064587346,1432.9462849578517,1.0273488011416958,224,40:40
1840000,3683.999999926709,-1600702.8434348563,408357.0807388913,300.25228516921237,1431.2649174683238,1.0285556712700439,224,40:36
1845000,3693.9999999264724,-1601282.8507075934,407558.0115140077,299.66475437301415,1432.9792575186648,1.0273251620550559,224,40:32
1850000,3703.999999926236,-1603252.5406221636,406105.6429056673,298.59687282000374,1432.9948759007798,1.0273139651155503,224,40:28
1855000,3713.9999999259994,-1598643.324188481,407946.0900330014,299.95009646122304,1433.9348877067578,1.0266405124616442,224,40:25
1860000,3723.999999925763,-1604055.1706338227,408261.5176274949,300.1820205798908,1431.2963717363466,1.0285330676594995,224,40:21
1865000,3733.9999999255265,-1599702.191699828,408947.5816691946,300.6864621728223,1431.4977267955132,1.028388393775066,224,40:17
1870000,3743.99999992529,-1602206.289798446,407617.7486209633,299.70867721338794,1428.9603699472523,1.030214468443402,224,40:13
1875000,3753.9999999250535,-1603752.0155872293,406906.4744650236,299.185699406033,1431.3492205918233,1.0284950917451217,224,40:10
1880000,3763.999999924817,-1601870.2013626406,408052.2664175071,300.02816466080264,1428.516767051528,1.0305343849693815,224,40:06
1885000,3773.9999999245806,-1602389.6115470883,408759.7769179561,300.5483751691074,1431.5579811114155,1.028345108878494,224,40:01
1890000,3783.999999924344,-1600717.0759513183,410855.82141414925,302.0895316213467,1434.7164603341757,1.0260812422888104,224,39:57
1895000,3793.9999999241077,-1601047.2434793357,407407.79482828476,299.554304707057,1432.8585358745597,1.0274117165749115,224,39:53
1900000,3803.999999923871,-1599811.837031898,408703.30293753836,300.50685160438223,1432.131107281476,1.0279335742845204,224,39:49
1905000,3813.9999999236347,-1602010.0786085548,409185.8536754575,300.86165618254245,1433.3230856108798,1.0270787254671714,224,39:47
1910000,3823.9999999233983,-1599926.5340705803,408152.3686227568,300.10176670493104,1436.6366052356545,1.0247098275143964,224,39:43
1915000,3833.999999923162,-1600869.5987385372,408898.3293479909,300.6502484699411,1432.5687769940907,1.0276195262616479,224,39:39
1920000,3843.9999999229253,-1600759.5046483735,407446.9050677211,299.58306125204706,1432.8587378788304,1.0274115717305183,224,39:35
1925000,3853.999999922689,-1599176.138382893,409394.4379951346,301.015021757887,1436.5766991297073,1.024752558525925,224,39:31
1930000,3863.9999999224524,-1600675.7376687909,409730.404104918,301.2620472092869,1434.2481000788594,1.0264163137960254,224,39:27
1935000,3873.999999922216,-1598786.1255842634,409100.0599048411,300.79857468623476,1436.1705841524765,1.0250423342437718,224,39:23
1940000,3883.9999999219795,-1599923.66491191,408884.82293807756,300.64031762600035,1434.6885375514917,1.0261012125072897,224,39:19
1945000,3893.999999921743,-1602179.6500261258,407999.5949537249,299.98943696852115,1433.297475634356,1.0270970771788672,224,39:15
1950000,3903.9999999215065,-1600302.2730157478,407230.083003605,299.42363871893417,1431.987910827189,1.028036365964511,224,39:11
1955000,3913.99999992127,-1602644.3612541016,408648.8013183469,300.4667782556404,1431.8275419213833,1.0281515090682098,224,39:09
1960000,3923.9999999210336,-1602562.4509649863,407893.04899924144,299.91109703560926,1432.863432979193,1.027408205184669,224,39:05
1965000,3933.999999920797,-1601607.6155331489,409315.1959468603,300.95675753963764,1431.5325496400335,1.0283633776417256,224,39:01
1970000,3943.9999999205606,-1603032.429472264,407720.96983552707,299.78457256824413,1430.9339805763395,1.0287935487834046,224,38:57
1975000,3953.999999920324,-1601774.8322377242,405822.30972443556,298.3885467271265,1433.6924263152393,1.0268141345598514,224,38:53
1980000,3963.9999999200877,-1601815.1431786958,406629.69586805964,298.9821926954992,1431.5612743478484,1.0283427432210552,224,38:49
1985000,3973.9999999198512,-1600011.526266628,408178.69328106294,300.12112240900854,1433.5566486758025,1.0269113880583158,224,38:45
1990000,3983.9999999196148,-1600087.7165729646,408566.4391651193,300.4062199210737,1433.7546494594437,1.02676957212095,224,38:41
1995000,3993.9999999193783,-1603319.6340154167,408773.3896941431,300.55838422086725,1434.50781424313,1.0262304836091944,224,38:37
2000000,4003.999999919142,-1600026.6282042526,407527.9678797551,299.64266422136836,1436.9362752029162,1.024496126485504,224,38:33
2005000,4013.9999999189054,-1599391.2602300067,409445.9701928426,301.05291178318936,1433.8656815753436,1.0266900636986487,224,38:31
2010000,4023.999999918669,-1600876.1864608927,408376.6578777426,300.26667963169245,1433.0994891569235,1.0272389733513454,224,38:27
2015000,4033.9999999184324,-1599948.0371776521,410177.88448541885,301.59106564229813,1433.813694392688,1.026727289402435,224,38:23
2020000,4043.999999918196,-1603616.668363642,406488.15656199143,298.8781232374373,1430.0339573218478,1.0294410425811815,224,38:19
2025000,4053.9999999179595,-1599179.5070706895,409374.6890487509,301.0005009706616,1435.1508989271374,1.025770634330095,224,38:15
2030000,4063.999999917723,-1602505.3581851479,408254.1977090298,300.17663847106974,1430.3830713873506,1.0291897865681876,224,38:11
2035000,4073.9999999174865,-1601477.7396685062,408720.82884681324,300.51973786142946,1434.0939721710542,1.0265266269289528,224,38:07
2040000,4083.99999991725,-1600915.4689719612,409413.86479602836,301.0293056815337,1433.038420577328,1.0272827488873721,224,38:03
2045000,4093.9999999170136,-1602172.580386131,408924.4496771436,300.66945393713485,1434.4158349364504,1.0262962887725764,224,37:59
2050000,4103.999999918596,-1599016.9107431192,408127.3207357317,300.08334977114276,1432.6343518854387,1.0275724898083525,224,37:55
2055000,4113.999999920633,-1601459.9949066592,407447.2521673533,299.58331646363183,1431.0136231147512,1.0287362916557272,224,37:53
2060000,4123.99999992267,-1599647.8141719615,409071.14332185034,300.77731322039574,1431.4883397447654,1.028395137479344,224,37:49
2065000,4133.9999999247075,-1600089.6682144124,407001.5783927402,299.25562637184885,1431.1324474994337,1.0286508775090002,224,37:45
2070000,4143.999999926745,-1600925.8539854009,407232.8113975151,299.42564482228096,1431.1489993579553,1.0286389807157241,224,37:41
2075000,4153.999999928782,-1600494.9650341645,406134.0901085822,298.6177891652436,1431.3244237002516,1.0285129098448131,224,37:37
2080000,4163.999999930819,-1604678.328479929,406823.78901073453,299.12490335823185,1430.17247421275,1.0293413378426575,224,37:33
2085000,4173.999999932857,-1600324.2000834364,408927.9715220033,300.67204344033445,1432.4544285048523,1.027701558009396,224,37:29
2090000,4183.999999934894,-1603155.423934522,408033.9041616022,300.0146634640404,1434.4771576876894,1.0262524154270327,224,37:25
2095000,4193.999999936931,-1603863.4641540097,408364.4224654499,300.2576833128476,1431.6889380076861,1.0282510459293583,224,37:21
2100000,4203.999999938968,-1598718.359410611,409932.0857998681,301.41033749894217,1434.2402655426006,1.0264219205942866,224,37:17
2105000,4213.999999941006,-1601328.4677665094,409164.40014647937,300.84588206864936,1431.845024460356,1.0281389555456428,224,37:14
2110000,4223.999999943043,-1600158.2692288067,410435.32183876575,301.7803513367949,1432.4315078225923,1.0277180025100516,224,37:10
2115000,4233.99999994508,-1601066.4971018257,408807.7894014601,300.5836772578152,1432.3842598066467,1.0277519023775192,224,37:06
2120000,4243.999999947117,-1602431.2235848662,409408.1860901313,301.02513030536704,1432.001796281177,1.02802639757502,224,37:03
2125000,4253.999999949155,-1600938.2011771677,406993.0273611609,299.24933906377134,1433.4596944361394,1.0269808447812478,224,36:58
2130000,4263.999999951192,-1602507.0422197264,406723.74266398675,299.0513423851259,1431.5429108524036,1.0283559345596713,224,36:54
2135000,4273.999999953229,-1601491.911073801,408657.36586739286,300.47307550269153,1431.9812950865953,1.0280411154831965,224,36:50
2140000,4283.9999999552665,-1601225.846519989,408472.83642544854,300.3373967322279,1433.5519672905011,1.0269147415243831,224,36:47
2145000,4293.999999957304,-1601192.5105468063,409869.3174330505,301.3641858672888,1433.3916078426537,1.027029626723959,224,36:43
2150000,4303.999999959341,-1602284.257672376,407942.7021167001,299.94760543153507,1431.8012632957266,1.0281703792908572,224,36:39
2155000,4313.999999961378,-1600061.2476386558,408894.3436733138,300.6473179270751,1433.963240026458,1.0266202137264924,224,36:36
2160000,4323.999999963416,-1599729.6693986198,409674.41490188806,301.2208800863265,1433.9656881887815,1.026618461011662,224,36:32
2165000,4333.999999965453,-1602076.11019882,408149.277184595,300.0994936664157,1431.705907000825,1.0282388588001037,224,36:28
2170000,4343.99999996749,-1600046.5194744589,407384.29113970953,299.53702317445357,1435.9907255944477,1.0251707213098367,224,36:24
2175000,4353.999999969527,-1600903.5429329453,408275.34635345516,300.1921884128155,1431.8840197173593,1.0281109556921249,224,36:20
2180000,4363.999999971565,-1600908.8891070122,406909.73168041324,299.18809433539786,1433.1030757799185,1.0272364024832863,224,36:16
2185000,4373.999999973602,-1599803.749653902,408139.40224069275,300.09223292670424,1435.052838521425,1.0258407275572363,224,36:12
2190000,4383.999999975639,-1600975.9409946874,409041.9157357685,300.755823083638,1431.860227219049,1.0281280392926824,224,36:08
2195000,4393.999999977676,-1600955.0388949225,408065.1135429264,300.0376107533205,1433.0570838393141,1.0272693701829978,224,36:04
2200000,4403.999999979714,-1598430.0218180176,408617.6025263906,300.44383875239373,1433.8048967168766,1.0267335892929288,224,36:00
2205000,4413.999999981751,-1602825.653923558,406049.3063771299,298.5554503193795,1432.7051062742037,1.0275217429637231,224,35:57
2210000,4423.999999983788,-1601035.5320601761,408259.8046718994,300.18076109681533,1433.1444092029747,1.0272067758828334,224,35:53
2215000,4433.9999999858255,-1602046.5739418343,407290.96399641247,299.4684026230662,1433.1993487846967,1.0271673994271737,224,35:49
2220000,4443.999999987863,-1601380.6337819695,407384.49560654315,299.53717351256927,1429.5737205402638,1.0297724606993663,224,35:45
2225000,4453.9999999899,-1602184.2731776936,407425.067848239,299.56700502243694,1433.3981544100088,1.0270249361091381,224,35:41
2230000,4463.999999991937,-1599019.642312467,408070.27107153414,300.04140292400484,1437.107759411387,1.0243738775405788,224,35:37
2235000,4473.999999993975,-1601636.20907614,407009.13400029775,299.26118177554326,1432.4624311064304,1.0276958166468784,224,35:34
2240000,4483.999999996012,-1602970.7477780813,407826.6006757163,299.86223964602266,1432.6348398023463,1.0275721398447906,224,35:30
2245000,4493.999999998049,-1604750.0474686278,408208.361450461,300.14293649300197,1431.852189149004,1.028133810953513,224,35:26
2250000,4504.000000000086,-1602628.5898030512,410188.5578435445,301.5989134312035,1431.4997296314546,1.0283869549391413,224,35:22
2255000,4514.000000002124,-1599444.1671860348,408079.0667503052,300.047870113568,1434.280960378969,1.0263927979375287,224,35:19
2260000,4524.000000004161,-1602375.1599000487,409070.83894246834,300.7770894196848,1431.853527186379,1.0281328501838256,224,35:15
2265000,4534.000000006198,-1600621.8280992843,408381.8741335241,300.27051498264456,1432.3959221675923,1.0277435345698045,224,35:11
2270000,4544.0000000082355,-1602718.6358169522,408754.68016184645,300.5446276825544,1433.2985403872913,1.0270963141803733,224,35:07
2275000,4554.000000010273,-1601139.0092692347,407707.48000239127,299.7746539126934,1431.9016973738721,1.0280982630663915,224,35:03
2280000,4564.00000001231,-1601992.9533004854,409489.7239999424,301.0850825993359,1431.4735174099742,1.0284057860989935,224,34:59
2285000,4574.000000014347,-1603536.8769638715,407939.05977456423,299.9449273304288,1432.4476174394815,1.0277064445702784,224,34:55
2290000,4584.000000016385,-1602933.731005473,408144.19648933696,300.09575798890836,1432.252159539393,1.027846694555049,224,34:51
2295000,4594.000000018422,-1600171.9487558035,408058.02108207287,300.03239588702047,1431.5411827730375,1.0283571759355346,224,34:47
2300000,4604.000000020459,-1599361.765000348,408987.8112571143,300.7160417400051,1435.5187854348665,1.0255077557246572,224,34:43
2305000,4614.000000022496,-1600625.2807990843,408401.92388295126,300.28525694101023,1434.7656137229515,1.0260460899477342,224,34:40
2310000,4624.000000024534,-1603012.3119573593,408665.8136448549,300.4792868912218,1433.2870031431555,1.0271045817924436,224,34:36
2315000,4634.000000026571,-1600465.5127335303,407644.63960239483,299.7284493172796,1431.1076750816012,1.0286686834154217,224,34:32
2320000,4644.000000028608,-1601268.851154849,408692.96862188855,300.4992531028847,1432.7194134052913,1.0275114821351656,224,34:28
2325000,4654.000000030645,-1600788.2720820466,408659.3125178715,300.47450681436015,1432.6351328869623,1.027571929626865,224,34:24
2330000,4664.000000032683,-1600145.7373575019,407668.4188602426,299.74593346741483,1433.0304634968966,1.027288453002998,224,34:20
2335000,4674.00000003472,-1601449.1181648886,408937.0289792387,300.6787031074763,1434.8721740762815,1.0259698909414026,224,34:17
2340000,4684.000000036757,-1604805.881302096,408164.4722555983,300.11066613043613,1429.1828051045472,1.03005412792117,224,34:13
2345000,4694.0000000387945,-1601525.8817390008,408635.7482840471,300.4571807647145,1431.7356075594635,1.0282175285570345,224,34:09
2350000,4704.000000040832,-1602231.7268580133,409477.625877838,301.0761872257047,1433.7022727236547,1.0268070825857225,224,34:05
2355000,4714.000000042869,-1601108.4490986355,409214.55067345867,300.88275619435507,1433.0297725657913,1.0272889483071148,224,34:02
2360000,4724.000000044906,-1602949.0757759623,408697.77784877364,300.5027891781244,1433.559591909266,1.0269092797120858,224,33:58
2365000,4734.000000046944,-1600598.1002869038,407158.27338985226,299.37083933906945,1435.1676324999614,1.0257586741888394,224,33:54
2370000,4744.000000048981,-1600000.8300874587,409119.66482642177,300.81298957649335,1434.4802125782458,1.0262502299045104,224,33:50
2375000,4754.000000051018,-1603435.2473121611,409169.77933823405,300.84983722136474,1432.2037591897679,1.0278814299333485,224,33:46
2380000,4764.000000053055,-1603631.337100667,410056.85024015384,301.50207291892286,1431.3624556202108,1.0284855818116438,224,33:42
2385000,4774.000000055093,-1600162.1954793502,407969.7161614805,299.967468020087,1435.2516060979267,1.0256986591739459,224,33:38
2390000,4784.00000005713,-1598595.2309623426,408805.5258262831,300.5820129212539,1435.9652336267116,1.0251889206494444,224,33:34
2395000,4794.000000059167,-1600349.7712285165,409265.326848011,300.92009033929975,1433.9773359598046,1.0266101220955146,224,33:30
2400000,4804.000000061204,-1601917.105895306,406843.8168146993,299.1396291807802,1433.3120612543228,1.0270866252695854,224,33:26
2405000,4814.000000063242,-1601401.680521354,406360.2995627689,298.7841139548702,1432.8703151097893,1.0274032705040006,224,33:23
2410000,4824.000000065279,-1602678.134105388,408776.183556752,300.560438461316,1432.5181428822507,1.0276558487349654,224,33:19
2415000,4834.000000067316,-1601442.0054043774,407679.6043856293,299.7541578370085,1432.289244450742,1.0278200814922924,224,33:15
2420000,4844.0000000693535,-1600244.1145763136,407931.3108214744,299.93922976576636,1433.6395941231142,1.0268519745036253,224,33:11
2425000,4854.000000071391,-1602097.47177748,409595.56475231855,301.1629040190293,1431.0479584907366,1.028711609011687,224,33:07
2430000,4864.000000073428,-1602308.0826360816,410154.63400974916,301.573970289284,1433.7387801629425,1.026780936890463,224,33:03
2435000,4874.000000075465,-1600915.7619570605,407783.6125181755,299.8306317882295,1434.7568119765704,1.0260523843924678,224,32:59
2440000,4884.000000077503,-1603932.5164865293,409457.22202889365,301.06118490895614,1429.062630058839,1.0301407488986563,224,32:55
2445000,4894.00000007954,-1602189.8926878069,407919.6189634256,299.93063310548393,1434.4100000643923,1.0263004635256374,224,32:51
2450000,4904.000000081577,-1601102.4230188597,408329.246780175,300.2318197233953,1436.7880886746404,1.024601790309844,224,32:47
2455000,4914.000000083614,-1597957.821234323,409543.6103390117,301.1247035517036,1435.8510258114954,1.0252704643365724,224,32:44
2460000,4924.000000085652,-1597548.539053698,410278.7132145942,301.6652018769162,1435.8883159323354,1.0252438379903,224,32:40
2465000,4934.000000087689,-1603472.0168537954,409302.4335872566,300.94737377279256,1430.1326278895995,1.0293700173278886,224,32:36
2470000,4944.000000089726,-1604923.8119683238,409500.2494323958,301.09282162308637,1430.9876198998672,1.0287549853540368,224,32:32
2475000,4954.0000000917635,-1603952.3978299154,407961.8226607286,299.96166417401565,1433.2568623819361,1.027126181349899,224,32:29
2480000,4964.000000093801,-1599732.2524298104,408892.502461223,300.64596414097997,1434.2163968103926,1.0264390026678214,224,32:25
2485000,4974.000000095838,-1601514.9715748532,408443.67656100006,300.31595638908493,1435.0844834795068,1.02581810680759,224,32:21
2490000,4984.000000097875,-1604044.3485981086,408318.89261120197,300.2242066243655,1434.0937261409779,1.0265268030376824,224,32:17
2495000,4994.0000000999125,-1600309.3290592143,408975.7511251731,300.70717429936167,1433.8176804872655,1.026724435042263,224,32:13
2500000,5004.00000010195,-1600321.0889531756,409562.7023727959,301.13874133148653,1433.1011571835652,1.0272377777190858,224,32:09
2505000,5014.000000103987,-1602043.033764448,409558.90606923564,301.1359500273242,1433.0121037094686,1.02730161464872,224,32:06
2510000,5024.000000106024,-1601612.1620213445,409398.6368359129,301.01810903517,1434.1076584339767,1.0265168303748167,224,32:02
2515000,5034.000000108062,-1597202.7694377648,406984.70742451947,299.2432216726279,1437.9262788741391,1.0237907670096562,224,31:58
2520000,5044.000000110099,-1602362.6661645193,407334.2192957157,299.5002069019046,1437.696178320917,1.0239546227849063,224,31:54
2525000,5054.000000112136,-1599796.5868980587,407185.1429315978,299.39059567902547,1437.4832344883837,1.0241063079082418,224,31:50
2530000,5064.000000114173,-1600526.6872194652,407659.5617726543,299.73942112585456,1434.0039688119627,1.0265910555125757,224,31:46
2535000,5074.000000116211,-1602059.3799043158,407899.1145462815,299.91555684405995,1433.2623434263298,1.0271222534408015,224,31:42
2540000,5084.000000118248,-1602768.4843368903,407746.58371762594,299.80340566064046,1434.2061960586057,1.0264463031867561,224,31:38
2545000,5094.000000120285,-1601016.4409629218,408538.3340832651,300.3855551268296,1434.13470179721,1.0264974734291445,224,31:34
2550000,5104.0000001223225,-1602207.0335631287,407976.5719317093,299.9725088551181,1433.2023137586937,1.027165274448306,224,31:30
2555000,5114.00000012436,-1600767.69381293,408205.0918201452,300.14053243532726,1434.576096534206,1.0261816375641766,224,31:27
2560000,5124.000000126397,-1602243.609184483,407498.78290042013,299.6212054120291,1432.6537709507188,1.0275585614624645,224,31:23
2565000,5134.000000128434,-1601873.6454108907,407482.1447751036,299.60897191496764,1432.6401575579812,1.02756832564378,224,31:19
2570000,5144.000000130472,-1604321.6800469253,408366.0406803842,300.25887313605585,1429.2625819801533,1.0299966335873318,224,31:15
2575000,5154.000000132509,-1602043.7207634784,407340.2036015907,299.5046069762485,1432.9445949208375,1.0273500128127586,224,31:11
2580000,5164.000000134546,-1600062.2079882156,406807.1206903359,299.11264765966393,1431.8011702822623,1.0281704460834336,224,31:07
2585000,5174.000000136583,-1601411.7577043697,408456.0845470759,300.32507959607545,1432.6935891261649,1.0275300030132666,224,31:04
2590000,5184.000000138621,-1602465.970360184,408296.27505850524,300.20757663996596,1435.970315856167,1.0251852922698934,224,31:00
2595000,5194.000000140658,-1600042.5237839054,408020.8574045101,300.0050705885505,1432.4896981689321,1.0276762547288407,224,30:56
2600000,5204.000000142695,-1602333.6861252906,408620.7768629821,300.44617274355113,1434.4138072713756,1.0262977395290673,224,30:52
2605000,5214.000000144732,-1600974.526523469,409217.1122771756,300.88463966205035,1435.2729025203398,1.025683439969378,224,30:49
2610000,5224.00000014677,-1601143.5616583321,407762.0884053247,299.8148057762059,1431.7454350305834,1.0282104708931372,224,30:45
2615000,5234.000000148807,-1600639.6417381838,407918.53641183337,299.929837138903,1436.7349503865144,1.0246396856677413,224,30:41
2620000,5244.000000150844,-1601372.9383311216,410227.4056464725,301.62747701477565,1432.4552721293728,1.027700952758921,224,30:37
2625000,5254.0000001528815,-1601431.5547446413,407398.0274080307,299.54712302614627,1434.1181203141066,1.026509341942812,224,30:33
2630000,5264.000000154919,-1601326.759245908,409654.6628687054,301.2063570294736,1431.7409083953469,1.0282137217143723,224,30:29
2635000,5274.000000156956,-1600270.6018230394,409734.97336901864,301.2654068473401,1434.787190744934,1.0260306597716216,224,30:25
2640000,5284.000000158993,-1600361.6009426266,409523.58774208365,301.1099815577276,1434.3294034937762,1.0263581324945514,224,30:21
2645000,5294.000000161031,-1597555.1927754898,409542.5344940267,301.1239125162827,1434.9136242141922,1.0259402539007096,224,30:17
2650000,5304.000000163068,-1600533.7602377534,409365.9384808535,300.9940669497234,1433.5354037296704,1.0269266068503071,224,30:13
2655000,5314.000000165105,-1601595.6501469063,408877.28084923164,300.6347721621949,1433.4218094921177,1.0270079876024036,224,30:10
2660000,5324.000000167142,-1599827.4857355533,407714.11645526777,299.7795334904834,1434.8655583449702,1.025974621378406,224,30:06
2665000,5334.00000016918,-1601798.6494731726,407608.0945730064,299.70157889160805,1433.3777052931546,1.0270395880413212,224,30:02
2670000,5344.000000171217,-1600281.1778903333,409032.93232104427,300.74921785765616,1435.3076116235134,1.0256586365390519,224,29:58
2675000,5354.000000173254,-1601112.8607350579,407923.868474156,299.93375763880994,1435.6606785854092,1.0254063999317904,224,29:54
2680000,5364.0000001752915,-1601863.6033554114,408819.8800589237,300.5925671429277,1433.3774101787874,1.0270397994958453,224,29:50
2685000,5374.000000177329,-1600916.7762898337,408952.8614913387,300.69034426214756,1431.0992867300101,1.0286747129304017,224,29:46
2690000,5384.000000179366,-1601375.856570405,408148.62753456086,300.09901599891214,1434.8352278170364,1.0259963091313338,224,29:42
2695000,5394.000000181403,-1602015.5811087769,408482.51776726334,300.34451512233426,1433.2357579516604,1.0271413058070988,224,29:38
2700000,5404.0000001834405,-1602343.397723414,408379.85466151696,300.26903012756657,1433.562233121856,1.0269073877218702,224,29:34
2705000,5414.000000185478,-1600542.8882152801,407924.08205418044,299.9339146775719,1434.8627976770683,1.0259765953477706,224,29:31
2710000,5424.000000187515,-1600206.1310952203,409766.6692640512,301.28871185504755,1435.8525172275877,1.0252693993909383,224,29:27
2715000,5434.000000189552,-1602809.8108586594,408277.97498079686,300.1941211609015,1431.9880000911544,1.0280363018811511,224,29:23
2720000,5444.00000019159,-1601732.3250873787,408972.52095466945,300.7047992552619,1430.1707941944292,1.029342547007544,224,29:19
2725000,5454.000000193627,-1602422.8100000778,408233.9343499838,300.16173945218225,1432.1061695545584,1.027951474023597,224,29:16
2730000,5464.000000195664,-1602911.8893831214,409588.7850350381,301.15791910337026,1431.9633964963443,1.0280539653135288,224,29:12
2735000,5474.000000197701,-1601286.351592321,409656.9513005073,301.2080396423396,1432.2108910579082,1.0278763114728844,224,29:08
2740000,5484.000000199739,-1600405.0094565526,409603.53960562206,301.1687676811065,1433.613334360284,1.0268707835427615,224,29:04
2745000,5494.000000201776,-1600496.9399233768,409062.4626263435,300.77093057445734,1435.0892543022026,1.0258146965693131,224,29:00
2750000,5504.000000203813,-1600457.6139915735,410034.87692584214,301.4859166230093,1436.3783526203147,1.024894064482628,224,28:56
2755000,5514.0000002058505,-1601990.470883484,408180.12691481004,300.12217651539964,1434.4376795988348,1.0262806595847398,224,28:53
2760000,5524.000000207888,-1601179.0473321583,408367.5796358129,300.26000468221,1432.6365494325591,1.0275709135963211,224,28:49
2765000,5534.000000209925,-1601631.1540359762,408973.68125535664,300.70565238833893,1431.7186608093562,1.0282296992061914,224,28:45
2770000,5544.000000211962,-1600296.9725317843,408492.9924421456,300.3522168256183,1432.2884106345405,1.0278206798445726,224,28:41
2775000,5554.000000214,-1599811.108813949,408922.0283219354,300.66767358981446,1432.7856026327333,1.0274640150255956,224,28:37
2780000,5564.000000216037,-1601804.8277019206,409602.57104092423,301.1680555255505,1432.456750013974,1.0276998924662366,224,28:33
2785000,5574.000000218074,-1598937.1559447655,409040.20071579167,300.754562082687,1436.6140006599012,1.024725950934404,224,28:29
2790000,5584.000000220111,-1600308.6660668533,406872.0102134412,299.16035891169037,1436.2302580740018,1.0249997447665833,224,28:25
2795000,5594.000000222149,-1600145.7193661593,408251.4192963464,300.1745955904716,1433.4579856223609,1.026982069036884,224,28:22
2800000,5604.000000224186,-1600853.7562571308,408165.27585470537,300.1112569919141,1433.544553713953,1.0269200522146054,224,28:18
2805000,5614.000000226223,-1602328.4627486216,407218.7701790365,299.41532075020376,1433.002788708669,1.0273082924552372,224,28:14
2810000,5624.00000022826,-1604636.6457594307,407956.6601043857,299.95786830659375,1431.3369094071454,1.0285039380152985,224,28:10
2815000,5634.000000230298,-1603440.5487503912,408333.11882842565,300.2346667202771,1431.4071647129854,1.0284534577183544,224,28:06
2820000,5644.000000232335,-1602363.603610713,406615.8691768012,298.9720263586276,1431.0012000884562,1.0287452224784277,224,28:03
2825000,5654.000000234372,-1602378.4664345654,408222.043913962,300.15299678368063,1434.444330308344,1.0262759013000176,224,27:59
2830000,5664.0000002364095,-1599427.9862091094,409175.9907108662,300.8544042508465,1435.6164161836277,1.0254380148879523,224,27:55
2835000,5674.000000238447,-1602942.6876125326,407509.24872947636,299.6289006112519,1433.976602198887,1.0266106474083994,224,27:51
2840000,5684.000000240484,-1599805.1927379724,407674.2012764771,299.7501850985732,1432.2171189012265,1.0278718418624224,224,27:47
2845000,5694.000000242521,-1600403.7174530104,407583.74520555866,299.6836755575814,1434.3282105423345,1.0263589861314002,224,27:43
2850000,5704.000000244559,-1599361.553910168,409474.21418009815,301.0736787102632,1435.814185571085,1.025296770811861,224,27:39
2855000,5714.000000246596,-1601622.5448060278,408966.8207129458,300.70060804447047,1431.1297354729963,1.028652826827993,224,27:36
2860000,5724.000000248633,-1600733.6859169183,409067.407034648,300.7745660443984,1438.0114029263107,1.0237301630266236,224,27:32
2865000,5734.00000025067,-1602331.4293234684,408384.58291968494,300.272506669022,1430.7529136567632,1.0289237463017744,224,27:28
2870000,5744.000000252708,-1601355.0872004842,408631.78724574693,300.45426833621167,1434.398277115762,1.0263088512013656,224,27:24
2875000,5754.000000254745,-1603366.9650589824,408671.5862547042,300.4835313120496,1432.2290656032199,1.027863268039368,224,27:20
2880000,5764.000000256782,-1601688.998657952,408268.6378053607,300.18725582564963,1432.5600545961422,1.0276257831068103,224,27:16
2885000,5774.0000002588195,-1601877.9479874503,409680.94568224216,301.2256819663911,1432.7741418147214,1.0274722337515947,224,27:12
2890000,5784.000000260857,-1601873.1700571459,408613.97476032085,300.4411713686165,1434.0760859730046,1.0265394300561592,224,27:08
2895000,5794.000000262894,-1602265.2008633902,409223.64060810616,300.88943974112993,1432.2173841600822,1.0278716514918043,224,27:04
2900000,5804.000000264931,-1602217.0859488621,409261.61531644163,300.91736136535087,1432.818778601667,1.0274402247774832,224,27:00
2905000,5814.0000002669685,-1599511.0147191882,408194.7698529092,300.1329430132351,1433.2775963397178,1.0271113228249802,224,26:57
2910000,5824.000000269006,-1600308.7660571877,409376.66390786297,301.00195302326273,1435.0891210722034,1.0258147918033227,224,26:53
2915000,5834.000000271043,-1601669.3482255973,407766.75657678756,299.81823813777225,1433.4284888346615,1.0270032020562827,224,26:49
2920000,5844.00000027308,-1600629.8048377847,409195.2200745616,300.8685430050502,1430.6532584106221,1.0289954182101106,224,26:45
2925000,5854.000000275118,-1600704.4229501802,407545.84782774665,299.65581079209386,1430.12290249347,1.029377017447364,224,26:41
2930000,5864.000000277155,-1600873.7256609239,407593.6629505945,299.69096776763774,1430.336380743147,1.0292233825353947,224,26:37
2935000,5874.000000279192,-1603262.1549651176,408200.787451206,300.13736756646324,1429.1014614532835,1.0301127580226879,224,26:34
2940000,5884.000000281229,-1601168.840465363,408336.22076347034,300.23694747682464,1432.5101442423622,1.0276615868088605,224,26:30
2945000,5894.000000283267,-1601363.8270108886,408462.47693982226,300.32977972402796,1435.7249867829407,1.025360470496889,224,26:26
2950000,5904.000000285304,-1600525.6856544502,407933.2836825536,299.940680349276,1435.0343492173172,1.0258539447190336,224,26:22
2955000,5914.000000287341,-1600651.5639557373,406651.6999188062,298.9983715909592,1433.3045496662228,1.0270920079718686,224,26:18
2960000,5924.0000002893785,-1598370.976957691,409345.96533400484,300.9793813148558,1432.1749755284734,1.0279020881569845,224,26:15
2965000,5934.000000291416,-1601808.5771521935,409640.2256079395,301.19574175979665,1431.6641194033407,1.0282688711689039,224,26:11
2970000,5944.000000293453,-1600859.6131770061,406161.6907859991,298.6380830865628,1434.7454334881986,1.0260605216723309,224,26:07
2975000,5954.00000029549,-1601728.337808174,409071.6543843395,300.7776889887796,1433.5048834468173,1.0269484708082697,224,26:03
2980000,5964.000000297528,-1601564.6356326276,407405.77039251744,299.5528162022802,1433.362990599067,1.027050131478994,224,25:59
2985000,5974.000000299565,-1602190.6572381603,408461.6475186068,300.32916987635525,1431.4608317559334,1.0284148998656621,224,25:55
2990000,5984.000000301602,-1601596.2568005929,408133.39239635057,300.0878140747182,1433.2469981064075,1.027133250512206,224,25:51
2995000,5994.000000303639,-1600007.5080271317,407199.26488322305,299.4009791116793,1435.2163151355526,1.0257238803844397,224,25:47
3000000,6004.000000305677,-1601675.0075423252,407508.0492683631,299.6280186847292,1432.5901236348127,1.0276042139790458,224,25:43
3005000,6014.000000307714,-1602378.9665833572,408652.89501310664,300.46978822231995,1434.6966848615957,1.0260953855162158,224,25:40
3010000,6024.000000309751,-1602003.5521973027,408335.9097317656,300.23671878486726,1432.1241030635347,1.0279386016915504,224,25:36
3015000,6034.000000311788,-1601128.6982466253,407319.48068932415,299.4893700621435,1432.1226206030647,1.0279396657612891,224,25:32
3020000,6044.000000313826,-1602291.5956010688,409353.6176717777,300.9850078412749,1432.2825144197086,1.0278249110290463,224,25:28
3025000,6054.000000315863,-1603496.7264903327,409216.1146410573,300.8839061311814,1431.4275916401618,1.028438781360285,224,25:24
3030000,6064.0000003179,-1601807.6152941696,408831.6141714448,300.60119487161194,1431.1152613452123,1.0286632304990762,224,25:20
3035000,6074.0000003199375,-1600989.1523546185,407467.77610810497,299.5984070801585,1434.5582138204427,1.0261944295947243,224,25:16
3040000,6084.000000321975,-1602537.3304223837,407611.71173896664,299.7042384814539,1431.4974550085228,1.0283885890269577,224,25:12
3045000,6094.000000324012,-1602065.6596106607,409195.4746856536,300.86873021268246,1433.1023548973262,1.0272369192062112,224,25:08
3050000,6104.000000326049,-1601050.5800315188,407674.1172505566,299.7501233169222,1431.9384065937775,1.0280719067056365,224,25:04
3055000,6114.000000328087,-1600686.941130896,409528.8636194595,301.1138607465873,1433.2037144195153,1.0271642706062543,224,25:01
3060000,6124.000000330124,-1601891.5978526166,408099.95592803793,300.0632292775091,1434.1994000481639,1.026451167043061,224,24:57
3065000,6134.000000332161,-1599354.162221402,408418.4140569443,300.2973816540562,1435.263577407681,1.025690103981327,224,24:53
3070000,6144.000000334198,-1602314.7263333183,408184.2501416204,300.1252081960793,1432.341621296033,1.0277824969017209,224,24:50
3075000,6154.000000336236,-1603757.649507111,406398.0042235047,298.811837021474,1433.8732338306384,1.026684656089882,224,24:46
3080000,6164.000000338273,-1598346.4487044606,407729.49370934244,299.7908399080609,1436.3552334075052,1.0249105609198832,224,24:42
3085000,6174.00000034031,-1601168.1128909355,406966.6930773277,299.2299762823426,1433.839055997727,1.0267091287505212,224,24:38
3090000,6184.000000342347,-1601282.7168680392,406979.64295064996,299.23949792220407,1432.9336330451345,1.0273578719926149,224,24:34
3095000,6194.000000344385,-1604422.8181187296,409007.5777142191,300.7305754023202,1433.2756569008225,1.0271127126620572,224,24:30
3100000,6204.000000346422,-1600727.118227371,407487.0021652006,299.612543403122,1435.1437378259636,1.0257757527353808,224,24:26
3105000,6214.000000348459,-1600302.3328297408,408497.10133607924,300.35523796777863,1434.8090128368683,1.0260150548129232,224,24:23
3110000,6224.0000003504965,-1600287.354205233,409166.97994309006,300.8477789130147,1431.4529133415026,1.0284205887816635,224,24:19
3115000,6234.000000352534,-1601713.1427254593,408506.0538659876,300.3618204851141,1430.9591530294288,1.0287754509521072,224,24:15
3120000,6244.000000354571,-1601423.9228078835,407978.83934010484,299.97417601012603,1431.4946855355186,1.0283905786217946,224,24:11
3125000,6254.000000356608,-1602033.1069675172,409951.0934499828,301.42431323403247,1432.4443305194945,1.027708802769324,224,24:07
3130000,6264.000000358646,-1601980.1235991977,405588.7435044203,298.21681273595624,1432.8824855192395,1.027394544095102,224,24:03
3135000,6274.000000360683,-1601703.145840359,405880.77696403954,298.43153587345614,1434.0852050973442,1.0265329024518934,224,23:59
3140000,6284.00000036272,-1599449.9184840685,408863.20702953276,300.6244241194525,1434.55709165817,1.0261952323210013,224,23:55
3145000,6294.000000364757,-1601583.5968866786,410658.56499604986,301.9444951003894,1433.9757298026543,1.0266112719735452,224,23:51
3150000,6304.000000366795,-1601969.308648847,412164.4715939617,303.05174147519523,1432.7003222829617,1.027525174005751,224,23:47
3155000,6314.000000368832,-1600417.1037468305,408289.652425151,300.20270722324165,1431.5830399684746,1.0283271084186036,224,23:44
3160000,6324.000000370869,-1602325.8211938506,410458.27288767666,301.79722653060827,1435.4745636828127,1.0255393478899595,224,23:40
3165000,6334.0000003729065,-1600482.1100828191,407920.96695176326,299.9316242394641,1434.388407172429,1.0263159131729718,224,23:36
3170000,6344.000000374944,-1600522.9422712512,408170.87823295756,300.11537624673286,1431.4345519930637,1.0284337805749915,224,23:32
3175000,6354.000000376981,-1602340.2287471686,409655.86162784114,301.20723843985405,1434.122369392506,1.0265063005575263,224,23:28
3180000,6364.000000379018,-1601212.1518862257,409686.9597348514,301.2301039125853,1432.8645882176172,1.0274073768430059,224,23:24
3185000,6374.0000003810555,-1602264.9184093326,406326.313839869,298.7591253078132,1433.6154700692814,1.026869253776086,224,23:21
3190000,6384.000000383093,-1603366.405780849,409416.0535583419,301.0309150105189,1431.1824772709901,1.0286149190136789,224,23:17
3195000,6394.00000038513,-1600473.407032608,410558.2619819925,301.87074540777826,1435.6052504478253,1.0254459904578055,224,23:13
3200000,6404.000000387167,-1601804.8380322251,409845.8313097535,301.3469172498892,1432.037049164896,1.0280010903421692,224,23:09
3205000,6414.000000389205,-1602374.0394658437,409132.75318608363,300.8226130410614,1431.8128929522888,1.0281620281519217,224,23:06
3210000,6424.000000391242,-1603060.8177345442,408589.5243105554,300.42319371189944,1434.0454299475625,1.0265613747018643,224,23:02
3215000,6434.000000393279,-1603120.7800714364,408402.3713623616,300.2855859587299,1431.3075695472573,1.02852502094819,224,22:58
3220000,6444.000000395316,-1602150.4239867767,407931.9455049082,299.9396964287933,1432.899876347102,1.027382074806802,224,22:54
3225000,6454.000000397354,-1598735.8242758056,408998.88600387657,300.724184657515,1433.9891893843273,1.026601636086215,224,22:50
3230000,6464.000000399391,-1601550.5452502677,406227.45086281945,298.686434429712,1431.7078183623291,1.0282374860785566,224,22:46
3235000,6474.000000401428,-1599407.0965356836,408770.1455414038,300.5559988960637,1432.9791213572469,1.0273252596713076,224,22:42
3240000,6484.0000004034655,-1601579.2446039524,408750.63318529597,300.5416520663239,1432.8420246371447,1.0274235558694629,224,22:38
3245000,6494.000000405503,-1604114.4032157743,406588.8899457253,298.952189367512,1431.3601337254204,1.0284872501795537,224,22:34
3250000,6504.00000040754,-1601719.8312803134,407750.3107886431,299.8061460602629,1430.61419529734,1.0290235150685934,224,22:30
3255000,6514.000000409577,-1601068.457152538,407361.82042686036,299.5205011568357,1432.9654135136102,1.0273350871339182,224,22:27
3260000,6524.000000411615,-1598227.723182642,408386.89394654945,300.2742058953361,1433.5356281802638,1.0269264460630332,224,22:23
3265000,6534.000000413652,-1602024.9561955212,407701.04660024145,299.7699236317995,1435.014396333699,1.0258682085092925,224,22:19
3270000,6544.000000415689,-1601834.5119398246,409471.48245099676,301.0716701546538,1431.7379607634966,1.0282158385790487,224,22:15
3275000,6554.000000417726,-1602267.9286154062,408715.3993050477,300.5157456879141,1429.7102588569562,1.0296741167184869,224,22:11
3280000,6564.000000419764,-1602080.115358116,406971.6268446753,299.2336039283183,1432.1558471423948,1.0279158171851712,224,22:07
3285000,6574.000000421801,-1601176.7145716697,408392.162018853,300.27807934536844,1435.8273974623698,1.0252873364540165,224,22:04
3290000,6584.000000423838,-1601490.2349427193,406683.1807908827,299.0215184989619,1433.2644040215198,1.0271207767536188,224,22:00
3295000,6594.000000425875,-1601825.047416442,409808.7692489721,301.3196666670842,1432.5056849488303,1.0276647858500338,224,21:56
3300000,6604.000000427913,-1599249.6427887352,407384.32966459333,299.5370515006047,1432.6373400488187,1.0275703465203072,224,21:52
3305000,6614.00000042995,-1601285.7452192698,408452.86085280904,300.32270931375155,1428.9755076272963,1.0302035549904305,224,21:48
3310000,6624.000000431987,-1601344.0588396396,408937.9251287209,300.6793620183721,1431.6511936583297,1.0282781549534528,224,21:44
3315000,6634.0000004340245,-1600404.58771759,407111.34821455134,299.3363367143309,1430.8134621547872,1.0288802047856596,224,21:41
3320000,6644.000000436062,-1600619.4195218505,410468.21787449275,301.80453877069993,1433.8509457865134,1.026700615065942,224,21:37
3325000,6654.000000438099,-1600134.1195500484,408781.7556573847,300.564535453941,1432.4829125951633,1.0276811227611053,224,21:33
3330000,6664.000000440136,-1602186.2233575955,409399.4490971202,301.0187062656214,1433.164497707824,1.0271923776415068,224,21:29
3335000,6674.000000442174,-1603400.1417975128,408079.14606961317,300.04792843459296,1431.7077494753391,1.02823753555247,224,21:25
3340000,6684.000000444211,-1601097.3680959083,407502.0771796212,299.623627593264,1434.3947880382357,1.0263113476348285,224,21:21
3345000,6694.000000446248,-1598840.6896736603,406496.6879088139,298.88439607192413,1435.5301957494808,1.0254996044742226,224,21:17
3350000,6704.000000448285,-1603358.5812299754,408969.6559242133,300.7026926873043,1433.245628434892,1.0271342320851673,224,21:13
3355000,6714.000000450323,-1601920.7917368822,408258.48678537674,300.1797920957653,1433.7975999842602,1.0267388144380047,224,21:10
3360000,6724.00000045236,-1602274.8338111965,408331.6138181282,300.23356013292425,1433.7713404457156,1.026757619171167,224,21:06
3365000,6734.000000454397,-1602126.7789910734,409355.88190741464,300.98667266345194,1432.8816078320535,1.0273951734081042,224,21:02
3370000,6744.0000004564345,-1602885.7757859295,406017.10547124245,298.531773992867,1433.364021812131,1.0270493925825956,224,20:58
3375000,6754.000000458472,-1601164.8450673912,408030.38923829515,300.0120790500436,1433.5022390865818,1.0269503652048224,224,20:54
3380000,6764.000000460509,-1601719.7718580868,409731.8239927792,301.26309120875476,1432.1558675914716,1.0279158025080468,224,20:50
3385000,6774.000000462546,-1604390.6288093217,408427.3774870925,300.30397218599967,1431.644768369552,1.0282827699139763,224,20:46
3390000,6784.0000004645835,-1603530.937351835,408387.6693994591,300.2747760617888,1432.8720785208282,1.0274020060964548,224,20:42
3395000,6794.000000466621,-1602752.6877583507,408279.29177494004,300.19508935875876,1431.8798939880326,1.0281139180268422,224,20:38
3400000,6804.000000468658,-1602436.703616676,407685.9388635716,299.7588153820034,1433.8903771729158,1.0266723812279046,224,20:35
3405000,6814.000000470695,-1600679.553332367,408501.5457415656,300.3585058011687,1432.9048708950036,1.027378493753314,224,20:31
3410000,6824.000000472733,-1599551.0278789336,408305.1392959706,300.2140942386089,1433.3374843661486,1.0270684078306265,224,20:27
3415000,6834.00000047477,-1602247.3424689602,408757.7287400085,300.54686920744246,1433.5867835587962,1.0268898017442685,224,20:23
3420000,6844.000000476807,-1603266.824612909,406877.8310445827,299.1646387881373,1433.151796862109,1.0272014808027607,224,20:19
3425000,6854.000000478844,-1601703.9176692786,407173.26580015663,299.381862792969,1431.8791131240396,1.0281144787006675,224,20:16
3430000,6864.000000480882,-1601784.1385832196,408422.6001443013,300.3004595541445,1432.530795903099,1.0276467718265205,224,20:12
3435000,6874.000000482919,-1601837.7590298,407602.62804489676,299.69755952318206,1432.4929639876589,1.0276739118172578,224,20:08
3440000,6884.000000484956,-1602361.1162699591,410296.4205285204,301.67822151517237,1430.656729159719,1.0289929218845804,224,20:04
3445000,6894.0000004869935,-1601690.0720340582,407575.8902082624,299.6779000219058,1433.613922223573,1.0268703624673055,224,20:00
3450000,6904.000000489031,-1601827.536805869,408950.4237679942,300.6885518798447,1434.0006472702792,1.0265934333810862,224,19:56
3455000,6914.000000491068,-1602923.1431820793,408568.0880329245,300.4074322823864,1434.8977833639422,1.0259515799799022,224,19:53
3460000,6924.000000493105,-1600945.4345980072,407573.63340534084,299.6762406647737,1434.8500319606933,1.0259857233583167,224,19:49
3465000,6934.000000495143,-1601941.4413224412,407948.7846281709,299.9520777134051,1431.9281965694483,1.0280792371284921,224,19:45
3470000,6944.00000049718,-1599621.583420951,407344.95594496396,299.50810122680775,1433.5417617830653,1.0269220522189928,224,19:41
3475000,6954.000000499217,-1601521.9503539559,408455.24447769416,300.32446191913664,1435.3326384992329,1.0256407528579186,224,19:37
3480000,6964.000000501254,-1602183.166720043,410475.58697238064,301.809957039624,1434.1683378681275,1.0264733986110766,224,19:33
3485000,6974.000000503292,-1599562.4614120433,408642.1683033746,300.4619012056346,1431.9943775733752,1.028031723453093,224,19:29
3490000,6984.000000505329,-1602222.538289179,408177.96024945914,300.12058343362514,1431.4041096877231,1.0284556527318192,224,19:25
3495000,6994.000000507366,-1602382.3656503903,408273.9755788992,300.19118052483634,1434.1700505326532,1.0264721728118238,224,19:21
3500000,7004.000000509403,-1601044.1412599683,409803.3927818662,301.3157135177185,1434.5084338284023,1.0262300403651683,224,19:17
3505000,7014.000000511441,-1601164.905500668,408115.93204754696,300.0749760222504,1433.1473647723976,1.0272046574817448,224,19:14
3510000,7024.000000513478,-1604506.387851106,407474.1494777515,299.60309322101625,1433.0539158430095,1.0272716411272607,224,19:10
3515000,7034.000000515515,-1601339.5119180018,408145.7783907786,300.0969211119327,1435.8437344196518,1.0252756707866353,224,19:06
3520000,7044.0000005175525,-1599339.2982157785,407993.8877328255,299.98524062615843,1432.6526399425397,1.0275593726689671,224,19:02
3525000,7054.00000051959,-1599096.9045700775,409497.6807247504,301.09093293209304,1434.0525290133132,1.026556292861033,224,18:58
3530000,7064.000000521627,-1603895.1107115159,406394.8742018994,298.80953561375037,1428.0411778287898,1.0308775900917282,224,18:54
3535000,7074.000000523664,-1600480.3965760795,407911.31465568335,299.924527205785,1432.7625203205266,1.0274805678351782,224,18:51
3540000,7084.000000525702,-1600779.7248889925,408086.66982300085,300.0534604169051,1434.0883389663427,1.0265306592012153,224,18:47
3545000,7094.000000527739,-1603938.8643406583,408367.3136141432,300.25980908473423,1430.6774029168535,1.0289780525997807,224,18:43
3550000,7104.000000529776,-1601318.345782224,408309.88921513094,300.2175867067196,1432.384923545325,1.0277514261377334,224,18:39
3555000,7114.000000531813,-1603622.207298073,408884.0201740563,300.63972737853504,1429.4755624240133,1.0298431723138677,224,18:35
3560000,7124.000000533851,-1602089.4084399566,408338.36852839525,300.23852666170256,1431.1830521159047,1.0286145058631357,224,18:31
3565000,7134.000000535888,-1601755.862900665,408241.6199949429,300.16739046834147,1432.9502236320468,1.0273459773225948,224,18:27
3570000,7144.000000537925,-1600822.6478499994,410346.0921887133,301.7147435449951,1434.9132072738469,1.0259405520064637,224,18:24
3575000,7154.0000005399625,-1600157.2613075357,408915.3112862307,300.6627347619723,1434.5278624497473,1.0262161415519149,224,18:20
3580000,7164.000000542,-1602616.7247286784,406524.7660763239,298.9050410768865,1435.6077281356163,1.0254442206602754,224,18:16
3585000,7174.000000544037,-1602012.3146707267,408137.39463234186,300.0907567946044,1433.2357028693868,1.0271413452823077,224,18:12
3590000,7184.000000546074,-1601040.9539866801,409002.8319648341,300.72708600011583,1433.19461007791,1.0271707956478213,224,18:08
3595000,7194.0000005481115,-1601438.4485779256,406726.23666656646,299.05317614780347,1436.1587474903802,1.0250507825297053,224,18:04
3600000,7204.000000550149,-1601651.2925897986,409217.22869985725,300.88472526403416,1432.4006374938222,1.027740151336148,224,18:00
3605000,7214.000000552186,-1600920.5054714568,409408.9889505105,301.02572062368137,1432.5556510873137,1.0276289419084983,224,17:57
3610000,7224.000000554223,-1602287.9276334746,408492.86394411174,300.35212234500284,1433.456469871842,1.026983154977501,224,17:53
3615000,7234.000000556261,-1601946.7028269852,408251.1689017452,300.17441148309416,1433.3223843100009,1.0270792279997634,224,17:49
3620000,7244.000000558298,-1601757.0791078312,408306.21276805934,300.21488352931283,1432.7234174526086,1.0275086105379378,224,17:45
3625000,7254.000000560335,-1601935.4619545992,407974.5817832006,299.97104556069826,1433.26766773624,1.0271184378819105,224,17:41
3630000,7264.000000562372,-1601380.342761265,409560.5368331929,301.1371490774396,1434.5524339204198,1.0261985641952218,224,17:37
3635000,7274.00000056441,-1601123.2559753777,409874.2414501348,301.3678063441986,1431.0211248591456,1.0287308987816635,224,17:33
3640000,7284.000000566447,-1601100.7268298091,408805.28530650743,300.5818360745292,1432.5352839963798,1.0276435522377096,224,17:29
3645000,7294.000000568484,-1601700.0740761189,408309.3240783331,300.21717117917524,1432.8645249498852,1.027407422207891,224,17:26
3650000,7304.0000005705215,-1599981.8423027694,407104.00558988657,299.33093791034605,1432.9589797473864,1.0273396997110242,224,17:22
3655000,7314.000000572559,-1597754.7111328328,408649.03030571307,300.46694662294243,1433.5041554937202,1.0269489923068067,224,17:18
3660000,7324.000000574596,-1602267.314677041,408462.8741546564,300.33007178376516,1434.6979579818858,1.0260944749811114,224,17:14
3665000,7334.000000576633,-1602583.0461986922,408147.0608590073,300.09786407101063,1431.6887966793893,1.0282511474325409,224,17:10
3670000,7344.000000578671,-1600168.6722724568,407488.3517574229,299.61353571638875,1437.0514414279603,1.024414022708243,224,17:06
3675000,7354.000000580708,-1603799.8169804793,407132.25019145897,299.35170528910794,1432.9963934397542,1.0273128771930766,224,17:02
3680000,7364.000000582745,-1602841.936286725,409159.86532986007,300.84254775875985,1430.5341553796063,1.0290810900360852,224,16:59
3685000,7374.000000584782,-1600416.2992421854,407783.64124014386,299.8306529066012,1433.2292755514836,1.0271459514985428,224,16:55
3690000,7384.00000058682,-1603237.801787693,408146.4740288254,300.09743259299444,1431.3018265412823,1.028529147838292,224,16:51
3695000,7394.000000588857,-1601546.7036644062,407195.69080160145,299.3983512004103,1433.7960829957894,1.0267399007507394,224,16:47
3700000,7404.000000590894,-1602098.9607192222,407450.54950420867,299.58574089306506,1430.9780766850386,1.0287618461368757,224,16:43
3705000,7414.000000592931,-1601604.2905776491,407995.8218347002,299.9866627112281,1430.8332414339343,1.0288659819480916,224,16:39
3710000,7424.000000594969,-1604155.871032753,408130.12108737987,300.08540878278063,1430.417384430549,1.0291650982261762,224,16:36
3715000,7434.000000597006,-1602026.3399892868,409388.86821383965,301.01092647059903,1430.2857669177913,1.0292598038812126,224,16:32
3720000,7444.000000599043,-1601106.8367934898,408454.696991114,300.3240593692494,1433.606270982262,1.0268758429350582,224,16:28
3725000,7454.0000006010805,-1603078.5747324266,408161.0478312974,300.10814825754926,1432.2310088013794,1.027861873472431,224,16:24
3730000,7464.000000603118,-1602227.0727683613,409607.62215311825,301.1717694515492,1434.7156155223342,1.0260818464821253,224,16:20
3735000,7474.000000605155,-1602835.3931506816,407609.911810319,299.702915049793,1433.517513437337,1.0269394228898947,224,16:16
3740000,7484.000000607192,-1602313.5012107668,408664.594003821,300.47839012702997,1434.90213982809,1.0259484651185107,224,16:12
3745000,7494.00000060923,-1603234.3459870182,407040.32924524817,299.28411867078665,1432.1786710036479,1.0278994358436064,224,16:08
3750000,7504.000000611267,-1600751.0972691458,406958.5495871398,299.2239886267992,1436.878676184406,1.0245371946510569,224,16:04
3755000,7514.000000613304,-1601160.9594288403,407181.0501066638,299.38758635190175,1434.8868833001163,1.0259593735821952,224,16:01
3760000,7524.000000615341,-1602201.9316281145,409403.633940153,301.0217832507968,1432.0711430873112,1.027976616286124,224,15:57
3765000,7534.000000617379,-1601033.4675744819,410465.1360993179,301.802272837079,1434.6602299610142,1.026121458731661,224,15:53
3770000,7544.000000619416,-1603910.3406674322,409158.3172173534,300.8414094796905,1432.5793091951477,1.0276119712904213,224,15:49
3775000,7554.000000621453,-1601092.1325026946,408737.41856029525,300.53193576277175,1432.8366409566574,1.0274274162677748,224,15:45
3780000,7564.00000062349,-1601702.3629564913,407760.2245935303,299.8134353732503,1431.1195310762166,1.0286601614924746,224,15:41
3785000,7574.000000625528,-1600453.2539871866,410925.66825994104,302.14088783885836,1430.505298710251,1.029101849031373,224,15:37
3790000,7584.000000627565,-1603181.790436211,409429.7206823561,301.040964022549,1430.2697447670123,1.0292713338431858,224,15:33
3795000,7594.000000629602,-1602859.4048964018,408969.3127243952,300.7024403431317,1431.1308283508936,1.0286520413009705,224,15:30
3800000,7604.0000006316395,-1603499.873733473,408934.71186663955,300.6769994065104,1430.3049654605002,1.0292459884440992,224,15:26
3805000,7614.000000633677,-1602576.137841612,408149.4206773174,300.0995991721602,1431.8612557508625,1.0281273007697338,224,15:22
3810000,7624.000000635714,-1600042.6644669082,406579.56431049074,298.9453325174121,1433.7716390566377,1.0267574053288568,224,15:18
3815000,7634.000000637751,-1602741.3656060277,407692.2436831425,299.7634511201184,1433.311659143641,1.0270869134152238,224,15:14
3820000,7644.000000639789,-1603333.3019980127,407564.14743367885,299.669265924276,1429.1709628286746,1.030062663068793,224,15:10
3825000,7654.000000641826,-1601724.1657145796,407595.73823489156,299.69249365976003,1432.4007745849783,1.0277400529739522,224,15:06
3830000,7664.000000643863,-1602755.3634734787,410253.74857457227,301.6468461520652,1431.4459339745833,1.0284256030993308,224,15:03
3835000,7674.0000006459,-1603352.3625800665,407482.57190019055,299.6092859667852,1428.7064857266153,1.030397539774024,224,14:59
3840000,7684.000000647938,-1601447.195629903,408631.7415282466,300.45423472155284,1429.2878735062009,1.0299784075971936,224,14:55
3845000,7694.000000649975,-1602554.458317306,408927.62485930254,300.6717885500117,1432.3059180755113,1.0278081165299526,224,14:51
3850000,7704.000000652012,-1600995.9551755777,408576.2907938951,300.41346351789645,1436.076213969506,1.025109693783394,224,14:47
3855000,7714.0000006540495,-1601796.9524339493,408007.29285561,299.99509699681755,1431.2693615256321,1.0285524776291608,224,14:43
3860000,7724.000000656087,-1603277.3906970602,408958.38898652175,300.6944084577701,1429.9963915495669,1.0294680858296894,224,14:40
3865000,7734.000000658124,-1601673.970758373,408736.9882689348,300.53161938289156,1433.5975903930137,1.0268820607799132,224,14:36
3870000,7744.000000660161,-1601589.2177723404,408977.80402784224,300.7086837349677,1435.1762914945793,1.0257524853750386,224,14:32
3875000,7754.0000006621985,-1603400.712778152,408012.9755399289,299.9992752981943,1433.694636432883,1.0268125516704563,224,14:28
3880000,7764.000000664236,-1603073.8832820589,408112.22038649727,300.0722469530986,1434.056035934409,1.026553782462674,224,14:24
3885000,7774.000000666273,-1603069.1122572357,407689.8451816635,299.76168757643575,1433.3136914877293,1.02708545707386,224,14:20
3890000,7784.00000066831,-1603227.6631694874,408104.5264341094,300.0665898287449,1432.574806348294,1.0276152012643895,224,14:16
3895000,7794.000000670348,-1602623.4576124642,407980.1413554921,299.9751333416229,1430.883955603813,1.0288295163185857,224,14:12
3900000,7804.000000672385,-1604607.5878409334,408613.3057926159,300.44067949742924,1430.762583226752,1.0289167924924598,224,14:09
3905000,7814.000000674422,-1599799.455632098,408285.7478906282,300.1998363402123,1432.8321825624907,1.0274306132062963,224,14:05
3910000,7824.000000676459,-1602558.9433809575,410343.8108734721,301.7130661647152,1434.0182792617431,1.0265808108874148,224,14:01
3915000,7834.000000678497,-1602692.4867047463,408605.65852002415,300.4350566952806,1431.0882067205598,1.0286826773070816,224,13:57
3920000,7844.000000680534,-1599987.4104656698,408177.5053394576,300.1202489524224,1434.5534848801171,1.0261978123979945,224,13:53
3925000,7854.000000682571,-1598938.1584371207,410570.2590829007,301.87956650365976,1433.202291195776,1.027165290618979,224,13:49
3930000,7864.0000006846085,-1602407.034988746,408774.4914831553,300.559194332126,1430.1081053088928,1.0293876683077223,224,13:45
3935000,7874.000000686646,-1601074.494516259,408240.1670660305,300.16632217481424,1432.6866257380148,1.0275349971900238,224,13:42
3940000,7884.000000688683,-1600600.4790945519,408241.19781695644,300.1670800539733,1433.2671771406094,1.0271187894561498,224,13:38
3945000,7894.00000069072,-1601351.2895767493,409414.2370631951,301.0295793980254,1433.8181902446368,1.0267240700166604,224,13:34
3950000,7904.000000692758,-1603119.3824295616,409442.0479472594,301.05002787776715,1431.0475134871938,1.028711928903449,224,13:30
3955000,7914.000000694795,-1602100.8124599028,408926.489602351,300.6709538308161,1434.850747647724,1.025985211608452,224,13:26
3960000,7924.000000696832,-1604220.0466542076,408570.63046290225,300.4093016522265,1432.5735442892665,1.0276161065659333,224,13:22
3965000,7934.000000698869,-1600857.9889902575,406641.69334647,298.99101406894636,1432.3313980591367,1.0277898326788726,224,13:19
3970000,7944.000000700907,-1603092.2759457445,409106.0291222229,300.8029636664781,1431.698281486032,1.0282443354083597,224,13:15
3975000,7954.000000702944,-1604430.0170655781,406975.10966071975,299.2361647348416,1429.1070392280367,1.0301087375142326,224,13:11
3980000,7964.000000704981,-1603594.9992004596,408603.92518086557,300.43378222480396,1433.2177009617808,1.0271542466744574,224,13:07
3985000,7974.000000707018,-1600733.8597372696,406859.1730306344,299.15092012966676,1432.9324967042464,1.027358686705631,224,13:03
3990000,7984.000000709056,-1601269.8314226838,408540.82304956636,300.387385186488,1432.1711097578873,1.0279048627092922,224,12:59
3995000,7994.000000711093,-1602968.4856825853,407954.1282574384,299.9560067181276,1432.2273489196878,1.0278645000476427,224,12:55
4000000,8004.00000071313,-1600382.6507400684,407380.7554785807,299.5344235125802,1433.2307235712494,1.0271449137538058,224,12:51
4005000,8014.0000007151675,-1602636.8315786868,408643.2037450573,300.4626625337615,1429.9408737525748,1.0295080551747497,224,12:48
4010000,8024.000000717205,-1601742.4221039787,408466.5608901728,300.33278252594596,1431.4681403570564,1.0284096491205843,224,12:44
4015000,8034.000000719242,-1602002.5740732346,407499.25011409033,299.62154893973747,1433.9487870102353,1.0266305612080326,224,12:40
4020000,8044.000000721279,-1601067.6782069085,407574.44434557663,299.6768369239557,1432.0453171629956,1.0279951551172433,224,12:36
4025000,8054.000000723317,-1602155.0406581713,406322.3204830226,298.7561891164866,1435.0638595363455,1.025832849297402,224,12:32
4030000,8064.000000725354,-1600558.2802202832,409065.87342026894,300.7734384253522,1432.685364288459,1.0275359019131391,224,12:28
4035000,8074.000000727391,-1600679.1646340434,408428.75637380814,300.30498603859803,1436.0491094028419,1.0251290421147645,224,12:24
4040000,8084.000000729428,-1599204.2626401447,408701.09920261335,300.50523126650063,1434.9092751677224,1.025943363408688,224,12:21
4045000,8094.000000731466,-1598631.5956221186,407485.89768103295,299.61173131019916,1434.2497396321628,1.0264151404548623,224,12:17
4050000,8104.000000733503,-1600058.876617873,406336.01417733694,298.7662576648337,1432.1082096013245,1.027950009700534,224,12:13
4055000,8114.00000073554,-1602446.4349947758,409384.17547018314,301.0074760418614,1432.8354991028727,1.0274282350441692,224,12:09
4060000,8124.0000007375775,-1602122.7642979575,408373.66322473827,300.26447775629896,1436.6516046845097,1.0246991289688347,224,12:05
4065000,8134.000000739615,-1601704.3044685684,407740.8752391003,299.79920839358425,1434.1686127819146,1.0264732018478184,224,12:01
4070000,8144.000000741652,-1603744.385925198,406754.02422310715,299.0736074755412,1429.566842398632,1.029777415291641,224,11:57
4075000,8154.000000743689,-1601942.2708510337,408406.82518129825,300.2888607135377,1431.981195014092,1.0280411873267712,224,11:54
4080000,8164.0000007457265,-1601300.0803573597,408217.0716801437,300.14934085450307,1431.4511790063843,1.0284218348080525,224,11:50
4085000,8174.000000747764,-1602239.6768879406,408694.1191768587,300.5000990702385,1431.9043315335934,1.0280963717563547,224,11:46
4090000,8184.000000749801,-1602300.1796277706,408528.268635177,300.378154315304,1431.6127251863254,1.0283057855330926,224,11:42
4095000,8194.000000751837,-1601865.0375851616,409764.9423933405,301.2874421406199,1428.7319761290578,1.030379156166459,224,11:38
4100000,8204.000000753875,-1604044.7508842042,408169.66092934686,300.1144812011757,1430.7232421411397,1.0289450849689004,224,11:34
4105000,8214.000000755912,-1603309.581466983,408510.99306932517,300.3654521280045,1433.957472154129,1.026624343147649,224,11:30
4110000,8224.00000075795,-1600656.4915620359,409701.64743082336,301.24090331949526,1434.4814043396173,1.0262493772999541,224,11:27
4115000,8234.000000759987,-1601973.7493618084,407905.05392484413,299.9199238847457,1433.1224423910958,1.0272225208445611,224,11:23
4120000,8244.000000762024,-1603176.5395316994,407987.80723568954,299.9807698253664,1430.9427176118324,1.028787267186217,224,11:19
4125000,8254.000000764061,-1602287.7209097622,409113.69487594266,300.8086000572264,1433.377608790676,1.0270396571869986,224,11:15
4130000,8264.000000766098,-1600066.3855978632,408455.75599633495,300.32483802291455,1428.797795986493,1.030331690101384,224,11:11
4135000,8274.000000768136,-1602420.9404950682,408592.4529496839,300.4253470493392,1432.5949560667093,1.027600747662653,224,11:07
4140000,8284.000000770173,-1603009.0512568522,408286.1670747115,300.2001445532564,1432.7397682334808,1.0274968843553416,224,11:03
4145000,8294.00000077221,-1600870.5435526604,407129.9237222482,299.3499947085159,1435.539731097102,1.0254927927538624,224,10:59
4150000,8304.000000774247,-1601743.2003999716,409959.9467818027,301.43082281409283,1434.0922438127727,1.0265278640919069,224,10:56
4155000,8314.000000776285,-1601737.094501865,407676.0257016703,299.7515265417836,1433.4640059762608,1.0269777558518447,224,10:52
4160000,8324.000000778322,-1601476.3369025253,408415.9849110743,300.295595578504,1431.8324015164123,1.028148019553685,224,10:48
4165000,8334.00000078036,-1600446.9381334828,408292.8275351317,300.2050417830481,1434.8568746368226,1.0259808305441676,224,10:44
4170000,8344.000000782396,-1598988.597789012,409569.2355362515,301.1435449637718,1433.4594801064816,1.0269809983345612,224,10:40
4175000,8354.000000784434,-1599467.359263298,408511.03382027196,300.36548209091075,1431.6789207970228,1.028258240424711,224,10:36
4180000,8364.000000786471,-1603935.0870948527,408033.00664277485,300.0140035463076,1431.0738249970202,1.0286930151594107,224,10:33
4185000,8374.000000788508,-1601912.784844119,407241.99585655896,299.4323978699102,1434.9917732339206,1.0258843816465004,224,10:29
4190000,8384.000000790546,-1602881.7395332037,409783.5897132873,301.30115293612306,1430.417841897356,1.029164769085377,224,10:25
4195000,8394.000000792583,-1600929.5129218716,407382.0532685379,299.53537773724946,1430.100025173102,1.0293934843989012,224,10:21
4200000,8404.00000079462,-1600784.0026835836,408168.7582064708,300.1138174570674,1431.768141426006,1.0281941645144337,224,10:17
4205000,8414.000000796657,-1604048.0836293725,407459.4680710116,299.59229843838335,1430.6453547513563,1.029001102937737,224,10:13
4210000,8424.000000798695,-1602761.0724861044,407696.24242454255,299.7663912705402,1432.8404274938296,1.0274247011070152,224,10:09
4215000,8434.000000800732,-1603161.850299945,407904.4750821862,299.91949827970785,1430.7216510622443,1.0289462292395615,224,10:06
4220000,8444.00000080277,-1601002.458328046,407668.9333743174,299.7463117736424,1429.4541119835299,1.0298586261780311,224,10:02
4225000,8454.000000804806,-1600915.1717773546,407210.1512790321,299.4089835405801,1430.8609703627044,1.0288460433571884,224,9:58
4230000,8464.000000806844,-1601266.1714938935,408648.19425103255,300.46633189788884,1430.0087628190133,1.0294591797114843,224,9:54
4235000,8474.000000808881,-1600677.3589876052,407326.1315276238,299.49426021708865,1430.054865451852,1.0294259916291726,224,9:50
4240000,8484.000000810918,-1601353.3421654692,407886.7123062496,299.90643786195716,1432.6394480641156,1.027568834532059,224,9:46
4245000,8494.000000812955,-1602722.3316465467,410156.9529105718,301.57567530507504,1431.3994211151032,1.0284590214554215,224,9:42
4250000,8504.000000814993,-1601973.3666859614,407929.1133803722,299.9376140555373,1433.5535523982735,1.0269136060449755,224,9:38
4255000,8514.00000081703,-1603152.1822461905,407401.22370556416,299.54947316450256,1433.5587486958464,1.0269098837359434,224,9:35
4260000,8524.000000819067,-1599753.5233541988,410440.4011738249,301.7840860141902,1436.0056355090603,1.025160077056402,224,9:31
4265000,8534.000000821105,-1600223.355779281,410198.6724890297,301.60635041604803,1430.1796163905335,1.0293361974122175,224,9:27
4270000,8544.000000823142,-1600680.3309310386,407153.27409382386,299.36716351188886,1434.3641813909708,1.0263332471982787,224,9:23
4275000,8554.000000825179,-1601389.5072337901,408695.13876560994,300.5008487421971,1431.9556597496505,1.0280595198103202,224,9:19
4280000,8564.000000827216,-1601899.746391342,409275.2498304118,300.927386400228,1432.5049172990841,1.02766533655433,224,9:15
4285000,8574.000000829254,-1600358.6352558136,406858.36556148896,299.1503264226697,1434.672694658627,1.0261125436015794,224,9:11
4290000,8584.00000083129,-1602658.9998660786,409071.76848444896,300.7777728830481,1433.492595122705,1.02695727411545,224,9:08
4295000,8594.000000833328,-1601598.9784799702,407228.92440072517,299.4227868342022,1433.5031453385634,1.026949715973039,224,9:04
4300000,8604.000000835365,-1601822.6809788682,408835.1301250171,300.60378004313077,1430.178974141393,1.0293366596552656,224,9:00
4305000,8614.000000837403,-1600840.8719497602,408695.4824405033,300.5011014356777,1431.5772241669104,1.028331286011195,224,8:56
4310000,8624.00000083944,-1603250.5272334982,408493.8689827955,300.35286131874847,1433.5592983323124,1.0269094900116513,224,8:52
4315000,8634.000000841477,-1602257.152989055,409352.32671466854,300.9840586405866,1430.4353486165398,1.0291521734104843,224,8:48
4320000,8644.000000843514,-1601472.112667446,407655.80459908093,299.73665859275695,1430.0442434854233,1.029433637915904,224,8:45
4325000,8654.000000845552,-1602782.5729894228,408804.3114635703,300.58112003804763,1431.0097232945502,1.0287390951912354,224,8:41
4330000,8664.000000847589,-1600730.8046292532,409289.47075713065,300.9378426061956,1431.8462224306554,1.0281380953415837,224,8:37
4335000,8674.000000849626,-1602513.8513868097,407784.30547675426,299.8311412991615,1429.4622407372,1.0298527698029214,224,8:33
4340000,8684.000000851664,-1604120.8236696096,408949.52702332503,300.6878925313263,1431.7219050131011,1.0282273692937771,224,8:29
4345000,8694.0000008537,-1601226.9183179233,408315.1678045961,300.22146788969434,1431.9899969813434,1.028034868298787,224,8:25
4350000,8704.000000855738,-1601843.5845214594,409862.88982358295,301.3594598455744,1433.5564512985936,1.0269115294471698,224,8:21
4355000,8714.000000857775,-1598878.3943773918,407398.9730337408,299.5478183153766,1435.5554120540965,1.025481591020898,224,8:18
4360000,8724.000000859813,-1600502.4447077708,406870.11137811025,299.1589627570155,1432.2507193131507,1.0278477281253329,224,8:14
4365000,8734.00000086185,-1599720.5269887932,408436.68444463727,300.310815302974,1435.9311541203278,1.025213251852417,224,8:10
4370000,8744.000000863887,-1602220.4441113416,407200.5897994289,299.4019532814371,1432.7687467367296,1.0274761026891661,224,8:06
4375000,8754.000000865924,-1601715.1645999989,407084.7717041649,299.31679583123685,1431.9211878451397,1.0280842691959002,224,8:02
4380000,8764.000000867962,-1602203.3421026347,409561.8051432384,301.1380816264449,1432.6459897331758,1.0275641425039514,224,7:58
4385000,8774.000000869999,-1602260.0304504745,409260.315319801,300.91640551817574,1431.5494828850383,1.0283512135291777,224,7:54
4390000,8784.000000872036,-1600194.1573581034,407970.7619476817,299.9682369542173,1435.3391970996283,1.0256360663225956,224,7:50
4395000,8794.000000874074,-1602807.3340181895,408883.9366095646,300.6396659361584,1431.7645282724366,1.028196759231192,224,7:47
4400000,8804.00000087611,-1600933.0637930585,407946.1341699227,299.9501289137312,1432.4581534045644,1.027698885620518,224,7:43
4405000,8814.000000878148,-1602881.5623728372,407546.84733733436,299.6565457004667,1431.3972759973535,1.0284605627226424,224,7:39
4410000,8824.000000880185,-1599639.3076485852,407962.0454615921,299.96182799257434,1435.0291352012384,1.0258576720433303,224,7:35
4415000,8834.000000882223,-1601752.3019046085,406459.87676327454,298.8573299793076,1433.710083253574,1.0268014887717893,224,7:31
4420000,8844.00000088426,-1604000.746614878,408431.03093429236,300.30665845231476,1432.4168855242583,1.0277284935894206,224,7:27
4425000,8854.000000886297,-1601290.1936279945,408715.53056238213,300.5158421973576,1431.4367626282472,1.0284321923162865,224,7:23
4430000,8864.000000888334,-1602574.3460863233,409666.2947356253,301.2149095801412,1431.4294416525606,1.028437452182303,224,7:20
4435000,8874.000000890372,-1599956.7338096835,408162.0940025846,300.10891747482134,1431.2956074552926,1.0285336168740242,224,7:16
4440000,8884.000000892409,-1600126.454725366,409640.0675643446,301.1956255552473,1431.9717723211531,1.0280479520665684,224,7:12
4445000,8894.000000894446,-1600350.634524404,410778.1327167774,302.03240953379645,1433.3467428815616,1.0270617736168668,224,7:08
4450000,8904.000000896483,-1599963.8547321884,407507.8616764626,299.62788075422804,1433.5508172565437,1.0269155653436783,224,7:04
4455000,8914.00000089852,-1603713.3895436423,409174.93126581947,300.8536252737912,1429.5673648906838,1.029777038918671,224,7:00
4460000,8924.000000900558,-1600486.2480531586,407378.7195609092,299.53292656551565,1434.9883530866796,1.0258868267364762,224,6:56
4465000,8934.000000902595,-1602628.7438200256,407712.97133170615,299.7786915166757,1430.1707833157468,1.0293425548373019,224,6:53
4470000,8944.000000904633,-1602336.3307361882,406764.09149635944,299.0810096290534,1433.4528811249909,1.026985726099728,224,6:49
4475000,8954.00000090667,-1601753.4562265594,408638.9818080693,300.45955827455236,1433.018797307817,1.027296816146143,224,6:45
4480000,8964.000000908707,-1599635.674897004,408033.511379494,300.014374663549,1431.4638218544674,1.0284127516717385,224,6:41
4485000,8974.000000910744,-1603209.3177953744,408842.27336111525,300.60903224289206,1429.3141732836157,1.0299594557086806,224,6:37
4490000,8984.000000912782,-1601430.526134396,409775.73365399556,301.2953766195952,1433.7624994224097,1.0267639504764174,224,6:33
4495000,8994.000000914819,-1603064.5502605373,409810.0214052469,301.3205873387234,1430.2970836602112,1.0292516602107704,224,6:29
4500000,9004.000000916856,-1600896.6839737445,407888.06389968464,299.9074316466535,1432.7359968671256,1.0274995890177416,224,6:26
4505000,9014.000000918893,-1602244.4955713311,410445.02968143567,301.7874892121574,1431.5135024686144,1.0283770606517013,224,6:22
4510000,9024.00000092093,-1602478.756392897,408585.49311377865,300.4202296980467,1430.5053751499308,1.029101794040866,224,6:18
4515000,9034.000000922968,-1600547.519126865,407722.4700796305,299.78567565116253,1433.8213624925654,1.0267217984482562,224,6:14
4520000,9044.000000925005,-1603505.0421422208,407922.99607200397,299.9331161885888,1432.6905345545497,1.0275321937613067,224,6:10
4525000,9054.000000927042,-1602718.0629624398,407716.5672000771,299.78133544706526,1431.9881467050059,1.0280361966258373,224,6:06
4530000,9064.00000092908,-1600918.873226448,409108.95513791277,300.8051150749849,1431.8467011691753,1.0281377515831984,224,6:02
4535000,9074.000000931117,-1598625.5334062194,409604.01718276384,301.1691188287538,1431.4856694765288,1.028397055829579,224,5:59
4540000,9084.000000933154,-1601822.571488427,407562.8715003729,299.6683277701239,1431.528749656104,1.028366107425748,224,5:55
4545000,9094.000000935192,-1602196.1100311512,409524.74249289726,301.1108306101549,1430.7595079591733,1.028919004041246,224,5:51
4550000,9104.000000937229,-1600644.9126357483,408459.288622755,300.32743545346074,1433.0285033420337,1.0272898581700634,224,5:47
4555000,9114.000000939266,-1601533.2728980742,410215.07311299205,301.6184092857363,1431.7296927127845,1.0282217763903128,224,5:43
4560000,9124.000000941303,-1602886.0797396991,407473.0982947876,299.6023203188139,1427.7178633833066,1.0311110379072592,224,5:39
4565000,9134.00000094334,-1601179.26280786,408334.9957028722,300.23604672779544,1430.9271592804112,1.0287984530898189,224,5:35
4570000,9144.000000945378,-1602197.163742438,408185.22298974375,300.12592350110504,1432.3217457737846,1.0277967588606305,224,5:32
4575000,9154.000000947415,-1600197.6686526053,409388.49840510415,301.0106545617155,1431.467335205731,1.0284102275657725,224,5:28
4580000,9164.000000949452,-1603461.6047641868,408314.80350914755,300.22120003455956,1432.17836056672,1.0278996586496143,224,5:24
4585000,9174.00000095149,-1601194.014204788,404766.21520414896,297.6120332098465,1430.9504926146014,1.0287816773185785,224,5:20
4590000,9184.000000953527,-1602575.3187043043,407920.98089467175,299.93163449125194,1433.5126473125076,1.026942908883153,224,5:16
4595000,9194.000000955564,-1603537.0102922535,408065.5696507418,300.0379461152386,1430.9675863960833,1.0287693878933308,224,5:12
4600000,9204.000000957602,-1603120.9832802163,408632.88783135486,300.4550775626446,1431.2912241077274,1.0285367667712983,224,5:08
4605000,9214.000000959639,-1600971.9989805473,406892.67013085436,299.17554950763514,1433.4591270941837,1.0269812512451015,224,5:05
4610000,9224.000000961676,-1601212.3176807277,408211.09247318015,300.14494452923043,1433.9976518477122,1.0265955777926432,224,5:01
4615000,9234.000000963713,-1601365.719803716,410291.603797195,301.6746799221507,1433.791121181232,1.0267434539133382,224,4:57
4620000,9244.00000096575,-1603217.1275862632,408143.13522123283,300.09497767141545,1429.541499546665,1.0297956711426275,224,4:53
4625000,9254.000000967788,-1600570.8257680591,407768.3295636241,299.81939470616425,1434.5816663817022,1.0261776533537559,224,4:49
4630000,9264.000000969825,-1600692.8270974336,408654.761572599,300.47116064557264,1434.5248572208234,1.026218291402728,224,4:45
4635000,9274.000000971862,-1602455.3580416506,408404.60080670484,300.28722519994864,1432.405333261006,1.0277367821581898,224,4:41
4640000,9284.0000009739,-1603068.1398923993,407217.14312492113,299.4141244278201,1430.8341537180736,1.0288653259544434,224,4:37
4645000,9294.000000975937,-1600400.1155317556,406764.86465518654,299.0815781087384,1433.655633989393,1.0268404859927385,224,4:34
4650000,9304.000000977974,-1600292.2236432163,407184.27859404776,299.38996015845595,1430.3043276504065,1.0292464474117944,224,4:30
4655000,9314.000000980011,-1600439.9792739488,409538.9379754284,301.12126810780114,1431.2282783894536,1.0285820020328795,224,4:26
4660000,9324.000000982049,-1602002.3139491696,406214.9993971774,298.67727925354615,1432.5035924393355,1.0276662869969302,224,4:22
4665000,9334.000000984086,-1601172.138761281,408314.2882173086,300.2208211564662,1433.4999342912663,1.026952016345736,224,4:18
4670000,9344.000000986123,-1601477.2825708482,408265.960719717,300.1852874476785,1433.4999466218796,1.0269520075121477,224,4:14
4675000,9354.00000098816,-1602630.609569287,408284.9701556906,300.19926449585535,1432.33311149253,1.027788603181763,224,4:10
4680000,9364.000000990198,-1600949.8607666548,408559.60237123776,300.40119303876173,1434.5297547532,1.0262147878592909,224,4:07
4685000,9374.000000992235,-1602012.7368755424,409872.91281972383,301.366829443501,1430.5977026345392,1.0290353781785486,224,4:03
4690000,9384.000000994272,-1602026.963802999,409614.1727975644,301.17658593706415,1433.3757622922642,1.0270409802365057,224,3:59
4695000,9394.00000099631,-1601767.4919151608,408054.8006661886,300.0300280151895,1432.4255655284985,1.0277222659096747,224,3:55
4700000,9404.000000998347,-1600913.1633305298,408278.3353166514,300.1943861046697,1432.5844605240925,1.0276082761733532,224,3:51
4705000,9414.000001000384,-1598515.6097113108,409043.42674327374,300.7569340805517,1434.36120065645,1.026335380013178,224,3:47
4710000,9424.000001002421,-1599822.453848837,408080.7764020283,300.04912716740864,1430.0540257471228,1.0294265960915623,224,3:43
4715000,9434.000001004459,-1603088.6063468317,407784.8463866691,299.83153901343087,1431.5096733430744,1.0283798114433595,224,3:40
4720000,9444.000001006496,-1605586.2155884076,409614.05452636664,301.1764989759238,1430.744068486968,1.0289301073312853,224,3:36
4725000,9454.000001008533,-1602561.6085943049,407972.6378642932,299.9696162574691,1433.9181279081297,1.0266525119530496,224,3:32
4730000,9464.00000101057,-1603208.8746263757,409074.0624155756,300.7794595393969,1432.7136959888505,1.027515582543403,224,3:28
4735000,9474.000001012608,-1602294.6772021046,409259.88424131856,300.9160885595492,1432.502214819057,1.02766727529133,224,3:24
4740000,9484.000001014645,-1601790.9834418679,408542.27049296105,300.3884494466843,1433.1258311373042,1.0272200918907686,224,3:20
4745000,9494.000001016682,-1599801.853749575,408351.80710814416,300.24840763222903,1432.7232944709908,1.0275086987368747,224,3:16
4750000,9504.00000101872,-1601214.4539474268,409373.54073621705,300.9996566521016,1431.8753023381898,1.0281172149194573,224,3:13
4755000,9514.000001020757,-1602124.0166891376,409008.5232755345,300.73127064420305,1432.868697112154,1.027404430649425,224,3:09
4760000,9524.000001022794,-1601957.6585919112,406153.8453840477,298.6323146060464,1431.1553361174936,1.02863442618715,224,3:05
4765000,9534.000001024831,-1600038.2663920913,406870.8108495155,299.1594770566266,1433.284743219766,1.0271062012736243,224,3:01
4770000,9544.000001026869,-1603719.8865255266,408546.43834160443,300.3915139364126,1433.172627621609,1.027186550719258,224,2:57
4775000,9554.000001028906,-1603712.5550258793,408834.98340158025,300.60367216194226,1432.5638033553907,1.027623093996804,224,2:53
4780000,9564.000001030943,-1601564.8622049456,409693.11226951866,301.234627680338,1431.0137732645649,1.0287361837150732,224,2:49
4785000,9574.00000103298,-1600833.8671121327,407998.32520817174,299.9885033640316,1432.517324525558,1.0276564358057303,224,2:46
4790000,9584.000001035018,-1599441.6056842003,408706.8053950467,300.5094268526642,1435.702137162868,1.0253767894091355,224,2:42
4795000,9594.000001037055,-1600499.3568518246,407530.1128397457,299.64424134386525,1431.6004802596817,1.028314580954081,224,2:38
4800000,9604.000001039092,-1600904.5445436994,407998.2534616927,299.9884506110728,1433.2691078385474,1.0271174058666217,224,2:34
4805000,9614.00000104113,-1602548.3990605045,407380.8906905169,299.5345229297196,1432.2518835706012,1.0278468926023434,224,2:30
4810000,9624.000001043167,-1601930.0788418036,408255.2906568344,300.17744208166295,1434.1407337664566,1.0264931559998676,224,2:26
4815000,9634.000001045204,-1602401.4169815127,408471.6090571448,300.3364942864143,1432.3616765629408,1.027768106365702,224,2:22
4820000,9644.000001047241,-1603279.2502864795,408593.64956122753,300.42622688066183,1430.7348869758168,1.028936710324852,224,2:19
4825000,9654.000001049279,-1601603.732998062,406756.2468718512,299.07524172016684,1429.3689950722792,1.0299199528092842,224,2:15
4830000,9664.000001051316,-1603574.8687110236,407540.16326138994,299.65163110691316,1430.1145477004738,1.0293830311138286,224,2:11
4835000,9674.000001053353,-1603321.1307807583,408414.6774645616,300.2946342536692,1431.1887172850588,1.0286104342301639,224,2:07
4840000,9684.00000105539,-1603897.3706704248,409183.4570763627,300.85989403762375,1435.2629498086555,1.025690552485979,224,2:03
4845000,9694.000001057428,-1601700.010355155,407044.2580212265,299.28700737780565,1435.803282517711,1.0253045566036563,224,1:59
4850000,9704.000001059465,-1601169.3380939765,409844.34794062027,301.34582657461254,1433.011851650653,1.027301795345361,224,1:55
4855000,9714.000001061502,-1601936.5998204583,408571.73992354085,300.41011740419395,1437.447985388325,1.024131421043524,224,1:51
4860000,9724.00000106354,-1601862.1471900018,407446.7167329644,299.5829227753468,1436.239085937766,1.0249934445912199,224,1:48
4865000,9734.000001065577,-1600592.0384272458,409910.37906726165,301.3943772122812,1431.8882649885056,1.028107907542432,224,1:44
4870000,9744.000001067614,-1602266.6934133125,410789.6026279998,302.0408430034671,1431.6838970194517,1.0282546664222867,224,1:40
4875000,9754.000001069651,-1602331.4311669692,408651.9346822491,300.46908212085117,1434.2166965612228,1.0264387881423986,224,1:36
4880000,9764.000001071689,-1601769.2500405395,406165.15542329417,298.6406305268159,1433.8251939292015,1.0267190548644982,224,1:32
4885000,9774.000001073726,-1602805.6047311258,409582.70856106473,301.15345126068473,1431.7053977166054,1.0282392245637766,224,1:28
4890000,9784.000001075763,-1600962.5582921626,409845.53424585424,301.34669882802564,1431.66156965554,1.028270702485989,224,1:24
4895000,9794.0000010778,-1603433.7120297048,408676.64778042096,300.4872528947883,1430.8825419309933,1.0288305327740115,224,1:21
4900000,9804.000001079838,-1602834.5868611522,409451.8570258722,301.0572401887759,1430.319366871271,1.0292356253080002,224,1:17
4905000,9814.000001081875,-1604268.771950882,408635.83510741335,300.4572446032405,1429.4103135123894,1.0298901820111543,224,1:13
4910000,9824.000001083912,-1600292.5956894523,408287.6369043669,300.2012252733752,1431.0235523587532,1.0287291537063645,224,1:09
4915000,9834.00000108595,-1602655.768502214,407488.00455507316,299.61328042927886,1432.322992613697,1.0277958641615805,224,1:05
4920000,9844.000001087987,-1603279.8662094893,407303.5283291991,299.4776407869398,1433.0835120473819,1.027250425795997,224,1:01
4925000,9854.000001090024,-1602428.955729154,408402.639235074,300.28578291722,1431.1133559511704,1.0286646000682877,224,0:57
4930000,9864.000001092061,-1602313.074374253,409747.9072534687,301.27491673108017,1431.6779340724709,1.0282589491089948,224,0:54
4935000,9874.000001094098,-1604295.2642948981,406642.59202458477,298.9916748390672,1432.5063431454773,1.027664313666773,224,0:50
4940000,9884.000001096136,-1602663.6518554185,407666.7036559306,299.7446723309279,1430.246442166679,1.0292881034696082,224,0:46
4945000,9894.000001098173,-1602035.5345616853,408035.9580884472,300.0161736526911,1431.9385496629432,1.0280718039879675,224,0:42
4950000,9904.00000110021,-1603701.9935461655,408290.1849254899,300.2030987542108,1434.4472837358371,1.0262737882690984,224,0:38
4955000,9914.000001102248,-1604258.8332809191,408998.9654745974,300.7242430898691,1432.5742389663665,1.0276156082592087,224,0:34
4960000,9924.000001104285,-1602992.4541786117,406963.4578416451,299.227597513974,1429.0914911039022,1.0301199448152505,224,0:30
4965000,9934.000001106322,-1603935.8779006246,408178.1965021375,300.1207571428858,1429.2621683554842,1.0299969316656175,224,0:27
4970000,9944.00000110836,-1600319.1456512436,409014.9942118251,300.73602852278555,1435.0161896904356,1.0258669264696363,224,0:23
4975000,9954.000001110397,-1602438.201734013,409155.85625251656,300.83960000863976,1430.7401374553733,1.0289329343693019,224,0:19
4980000,9964.000001112434,-1603269.0971318856,409356.9906040348,300.9874878536603,1430.015613965496,1.0294542476145412,224,0:15
4985000,9974.000001114471,-1604074.75406121,408389.68518026685,300.27625820284254,1430.789952491077,1.0288971105708662,224,0:11
4990000,9984.000001116508,-1601533.5122543667,409072.9178664973,300.77861798798887,1433.7851257456264,1.026747747286279,224,0:07
4995000,9994.000001118546,-1602105.6117996126,408216.8914537836,300.1492083396551,1436.1230195055855,1.0250762838260947,224,0:03
5000000,10004.000001120583,-1601387.5778914206,408048.1424847363,300.0251324610522,1432.9153853527475,1.0273709550473513,224,0:00
