#"Step","Time (ps)","Potential Energy (kJ/mole)","Kinetic Energy (kJ/mole)","Temperature (K)","Box Volume (nm^3)","Density (g/mL)","Speed (ns/day)","Time Remaining"
5000,14.000000000001178,-1587373.9030040996,409751.6220736343,301.08897973388713,1455.7495140617125,1.0119316858253429,0,--
10000,23.99999999999741,-1592100.806248824,409927.6202879,301.21830471983856,1446.0528664901763,1.0187172917677696,233,1:01:47
15000,33.99999999999542,-1593497.6810928965,407817.42593784863,299.66771594930043,1443.249535768808,1.0206960219939882,229,1:02:37
20000,44.00000000000764,-1594156.8237505862,408904.3744358629,300.46641495782217,1440.6515560889618,1.0225366804885647,229,1:02:35
25000,54.00000000001986,-1592281.2940831296,407765.68524385063,299.62969644693027,1438.9050242446358,1.023777827641694,230,1:02:19
30000,64.00000000003207,-1595647.1491606394,407679.9785707514,299.56671845399586,1439.7690508265373,1.0231634435107557,230,1:02:11
35000,74.00000000000877,-1594930.6139040412,407161.15453823155,299.18548213863414,1436.3689851290749,1.025585399820865,231,1:01:59
40000,83.99999999998546,-1594862.499715615,408347.2960746681,300.0570690361267,1437.814822359911,1.0245540920812293,231,1:01:54
45000,93.99999999996216,-1597570.9610477984,409913.5396750589,301.20795816566783,1436.6737356874287,1.0253678502718817,231,1:01:42
50000,103.99999999993885,-1597002.381048333,409114.5057029879,300.62082120155753,1437.1048072856013,1.0250602826152357,232,1:01:33
55000,113.99999999991554,-1598467.1613116404,408120.90948495275,299.8907182429855,1435.9493787147017,1.0258850915917808,226,1:02:53
60000,123.99999999989224,-1596239.9318493027,407958.2251713116,299.7711764245418,1435.937772111059,1.0258933837628428,227,1:02:48
65000,133.99999999991155,-1597089.8373748455,408550.697710961,300.20653028984344,1435.2020715876333,1.026419268106487,227,1:02:34
70000,143.9999999999593,-1598946.2281092163,408884.1098856508,300.45152439383304,1433.9828969686882,1.0272919314574354,228,1:02:22
75000,154.00000000000705,-1597043.4072702145,408141.45549751725,299.905815627907,1434.348308340761,1.0270302208589637,227,1:02:24
80000,164.0000000000548,-1596816.1079668505,408748.07762196544,300.351566728561,1435.4066447923362,1.0262729835119386,228,1:02:16
85000,174.00000000010255,-1599136.3162776073,409055.28122507967,300.5773025510677,1432.4818093221209,1.0283684234712913,228,1:02:09
90000,184.0000000001503,-1599350.2794507816,408571.9566618106,300.2221515478854,1432.7859926967133,1.0281500987675531,228,1:02:06
95000,194.00000000019804,-1599610.445520264,408261.93483836646,299.99434487309145,1432.605940686182,1.0282793181761523,228,1:02:00
100000,204.0000000002458,-1598345.6295749843,410187.1118289866,301.408981313039,1436.4133962124595,1.0255536907329177,228,1:01:54
105000,214.00000000029354,-1598889.831323132,407197.9771748858,299.2125397254846,1437.344499369313,1.0248893431952302,225,1:02:34
110000,224.0000000003413,-1596161.7552336324,408822.64689485356,300.40636086501803,1434.3536476762015,1.0270263977719127,226,1:02:25
115000,234.00000000038904,-1598285.269577166,408647.49938805687,300.2776609861561,1433.2989805595248,1.027782116560791,226,1:02:17
120000,244.00000000043678,-1598788.870297363,409933.2357660333,301.22243102097025,1436.836887286481,1.025251420629889,226,1:02:10
125000,254.00000000048453,-1599744.379303541,408838.5392993355,300.4180387391086,1434.6944092000674,1.0267824635388725,226,1:02:02
130000,264.0000000005323,-1597884.3454188593,409590.69769784284,300.97073113275616,1433.323668405685,1.0277644138413429,227,1:01:55
135000,274.00000000058003,-1598165.0183406873,408695.5027573379,300.3129342705118,1436.7847964903133,1.0252885912367211,227,1:01:50
140000,284.0000000006278,-1598513.2412183117,408604.1969749767,300.24584200443167,1435.1415651418342,1.0264625425703595,227,1:01:43
145000,294.0000000006755,-1598786.7593365517,408810.56990289106,300.3974865885238,1436.1666987873102,1.0257298551399252,227,1:01:36
150000,304.0000000007233,-1598152.0762440274,407296.2687924283,299.28476524271986,1434.5971334381734,1.0268520866017605,227,1:01:29
155000,314.000000000771,-1597780.6076495098,407326.4298107672,299.30692781572793,1433.9317106229007,1.027328602185643,226,1:01:51
160000,324.0000000008188,-1596902.2297371337,408124.4530001879,299.8933220481429,1436.2305183438878,1.025684276367098,226,1:01:45
165000,334.0000000008665,-1599364.1435841154,408049.19518940913,299.838021968183,1431.237979400727,1.0292621360709708,226,1:01:39
170000,344.00000000091427,-1599491.9272621963,408518.0612668554,300.18254875291103,1435.1609275396036,1.0264486941052409,226,1:01:31
175000,354.000000000962,-1598110.7411391009,408923.7519273306,300.4806537034952,1433.61944801471,1.0275523688966983,226,1:01:25
180000,364.00000000100977,-1597697.7663748171,409589.2506344392,300.9696678182496,1433.70889968971,1.0274882580576237,226,1:01:18
185000,374.0000000010575,-1600060.4362922292,410164.2259145235,301.392164548285,1432.4916033502557,1.0283613924567647,227,1:01:11
190000,384.00000000110526,-1598765.9382064035,409609.5945890398,300.9846167292593,1434.0501684366063,1.0272437410679143,227,1:01:06
195000,394.000000001153,-1597193.623299691,408724.3471546087,300.3341293791519,1432.2765833751107,1.0285157748181135,227,1:01:01
200000,404.00000000120076,-1600045.808777947,408944.62411822827,300.4959907670323,1435.3058470036472,1.026345055988718,227,1:00:55
205000,414.0000000012485,-1600454.960490127,409715.20032375015,301.0622167220478,1431.759847859633,1.0288869757774588,226,1:01:12
210000,424.00000000129626,-1599463.9287859416,409390.23076995753,300.82342632775766,1433.5811996749972,1.0275797842758112,226,1:01:06
215000,434.000000001344,-1597524.5063517615,409589.5014228638,300.96985209971876,1435.0587644676687,1.026521767873626,226,1:01:00
220000,444.00000000139175,-1599938.9897322021,409530.5600439382,300.92654147277113,1435.3166381436158,1.0263373396194786,226,1:00:55
225000,454.0000000014395,-1596173.6418288155,410171.8739012483,301.3977843540306,1432.8222422384251,1.028124087187894,226,1:00:50
230000,464.00000000148725,-1600981.290573543,408298.7692916145,300.0214111428755,1430.6983234287616,1.0296503712770606,226,1:00:46
235000,474.000000001535,-1599308.7697491199,408433.4339455632,300.1203638768719,1433.071613160154,1.0279451817871317,226,1:00:42
240000,484.00000000158275,-1599101.5765326964,408557.9230810693,300.21183955330196,1431.8427450459596,1.0288274078984896,226,1:00:36
245000,494.0000000016305,-1597933.676250006,409011.06010407716,300.54480849494183,1435.0035572271497,1.0265612600643255,226,1:00:31
250000,504.00000000167825,-1600535.7548543336,409107.64866417117,300.6157825910674,1433.4759492429998,1.02765523250099,226,1:00:25
255000,514.0000000016692,-1597441.034090994,407116.7976622494,299.1528883285937,1436.58935514794,1.025428077011047,225,1:00:37
260000,524.0000000014327,-1597150.8720663218,409673.2272899867,301.03137457956103,1433.488381538083,1.0276463198978194,225,1:00:32
265000,534.0000000011962,-1601641.2338585025,409254.40493238624,300.72362034615134,1432.5914024263027,1.028289753386032,226,1:00:26
270000,544.0000000009597,-1600521.481356969,408646.76260809845,300.2771195939711,1433.149932697918,1.027889006093544,226,1:00:20
275000,554.0000000007233,-1600987.481369298,408974.4999969749,300.5179438170409,1432.771466968514,1.0281605223621229,226,1:00:15
280000,564.0000000004868,-1598609.495719309,407858.4489706375,299.6978600229845,1432.4330490925472,1.0284034292821713,226,1:00:09
285000,574.0000000002503,-1598451.3846522635,409505.69045844045,300.9082670896558,1431.8207045243373,1.0288432450020164,226,1:00:04
290000,584.0000000000139,-1598640.9216244444,406715.7583727825,298.85820124501925,1433.8279066629227,1.0274029770646713,226,59:59
295000,593.9999999997774,-1598922.0230432795,409521.6833502543,300.9200188026932,1430.9414795811342,1.0294754054757742,226,59:53
300000,603.9999999995409,-1596011.2523661423,410197.1907438673,301.41638738548573,1432.936088774587,1.0280424028985613,226,59:48
305000,613.9999999993045,-1600232.5412192782,410094.1645315223,301.3406828476884,1432.7094720258974,1.028205012018839,225,59:58
310000,623.999999999068,-1601324.3077194206,408597.83624825324,300.24116808829234,1430.0929459856757,1.0300862360303171,226,59:53
315000,633.9999999988315,-1598367.9829485314,409017.17252475535,300.54929995368553,1433.869449006849,1.0273732109462472,226,59:48
320000,643.9999999985951,-1597830.6420803135,408922.6362152919,300.4798338687921,1435.1261796363765,1.026473546930307,226,59:44
325000,653.9999999983586,-1599974.359536781,408520.597766897,300.18441259473246,1434.221829570624,1.0271207908925173,226,59:39
330000,663.9999999981221,-1600281.3851256706,407533.68208739377,299.4592185527389,1431.6625209108165,1.0289569213327603,226,59:34
335000,673.9999999978857,-1600293.537904215,408541.42138333374,300.19971396534226,1433.5473661902174,1.0276040364252772,226,59:29
340000,683.9999999976492,-1600218.8574470952,408286.4525366341,300.01236068647484,1434.025341170133,1.02726152572859,226,59:23
345000,693.9999999974127,-1599969.5826923344,408026.1788779531,299.82110938660867,1432.2597685313085,1.02852784967526,226,59:18
350000,703.9999999971762,-1601658.4984369902,410183.58022567787,301.40638626086644,1435.2169951207077,1.02640859529398,226,59:13
355000,713.9999999969398,-1598698.3768513063,408749.8600984677,300.3528765074674,1435.359747261739,1.0263065149445547,225,59:20
360000,723.9999999967033,-1599721.6680387491,410542.1690305242,301.6698803670003,1430.319840645551,1.0299228312731958,226,59:15
365000,733.9999999964668,-1599761.3262271406,409473.91467037937,300.8849179701108,1432.7464061474345,1.028178506386917,226,59:09
370000,743.9999999962304,-1600420.9835084686,407696.59105860343,299.5789254514762,1432.9242438568626,1.0280509009595937,226,59:05
375000,753.9999999959939,-1600392.055180572,409168.9419985617,300.66082145491066,1434.1305930045282,1.0271861342959587,226,59:00
380000,763.9999999957574,-1598426.517329216,408435.36793571076,300.1217849892946,1434.3128672503021,1.0270555982168557,226,58:55
385000,773.999999995521,-1598263.892914069,409449.02588208206,300.86662947661483,1434.660255816194,1.026806907023307,226,58:50
390000,783.9999999952845,-1600752.4877140624,409591.2336535112,300.97112495754334,1434.7615770966725,1.0267343950517818,226,58:46
395000,793.999999995048,-1601292.0080409115,408613.9291674278,300.25299330228586,1435.2656524159054,1.0263737987628077,226,58:41
400000,803.9999999948116,-1599536.2533998117,408098.2299827555,299.87405315172145,1434.528082839025,1.026901513833381,226,58:36
405000,813.9999999945751,-1599638.9298622059,407967.8209103693,299.778227455281,1431.5887719812376,1.0290099285042444,225,58:44
410000,823.9999999943386,-1599196.7203362798,408446.86227378785,300.1302311267542,1433.2755991152637,1.0277988830712135,225,58:39
415000,833.9999999941022,-1599989.8514993368,408334.33678920247,300.0475464428561,1435.2151772829998,1.0264098953389333,225,58:34
420000,843.9999999938657,-1599276.5658817487,408172.3308028383,299.9285030650696,1434.5344827316567,1.0268969325148338,226,58:29
425000,853.9999999936292,-1599909.728888834,409510.43333930185,300.9117521988844,1432.8244908631898,1.028122473685823,226,58:23
430000,863.9999999933927,-1600850.7902099257,409559.29771556397,300.9476581584988,1432.6306535597942,1.0282615803616186,226,58:19
435000,873.9999999931563,-1597267.8323806077,408490.2185326874,300.1620896748451,1432.1397334161802,1.0286140559692185,226,58:14
440000,883.9999999929198,-1598408.3182538329,407660.9055206644,299.55270341444077,1434.424976488417,1.0269753274306486,226,58:09
445000,893.9999999926833,-1600765.8399477666,408218.5526962989,299.96246730582845,1432.0030594556279,1.028712229472397,226,58:05
450000,903.9999999924469,-1597863.3004649924,407670.9588217072,299.5600906656214,1436.4412745400155,1.0255337868759182,226,58:00
455000,913.9999999922104,-1601805.8058399884,409061.3320528519,300.58174875081977,1433.3279066581863,1.027761374812327,225,58:05
460000,923.9999999919739,-1601621.3624844523,408203.8846370476,299.95168909103495,1433.9111316831836,1.0273433460096546,225,58:01
465000,933.9999999917375,-1596867.5833861325,409064.65899853746,300.58419341882876,1435.1231917870857,1.0264756839930185,225,57:57
470000,943.999999991501,-1597531.8996440684,408207.6533455296,299.9544583701071,1432.8916188232297,1.0280743083093051,225,57:51
475000,953.9999999912645,-1601632.234920808,408606.38971429167,300.24745324794503,1431.663442982734,1.0289562586265315,226,57:46
480000,963.9999999910281,-1599155.102112771,406503.29695832497,298.70208278918955,1433.3681807704775,1.0277324972513675,226,57:42
485000,973.9999999907916,-1601863.8155897437,408568.595936992,300.219682058682,1431.974114420166,1.028733023222551,226,57:37
490000,983.9999999905551,-1600904.3299263865,408005.49125254515,299.8059079433644,1434.2653577824333,1.0270896190238687,226,57:33
495000,993.9999999903187,-1602006.975940626,409759.0446745081,301.09443392419087,1433.61214699459,1.0275576019581896,226,57:29
500000,1003.9999999900822,-1601462.5803431496,409563.77154985105,300.95094557001454,1431.8498233680891,1.0288223219099384,226,57:25
505000,1013.9999999898457,-1598697.4800809529,409275.515283766,300.739132412038,1435.3058904993738,1.026345024886202,225,57:28
510000,1023.9999999896093,-1597839.0465623233,409890.6998703622,301.19117528276263,1436.4053399868712,1.0255594426552026,225,57:23
515000,1033.9999999893728,-1600759.275516755,410079.4781529469,301.3298911716997,1434.0901252906463,1.0272151198344917,225,57:19
520000,1043.9999999891363,-1598072.9859640058,408819.89338868996,300.40433756525096,1436.3466126473456,1.0256013743011314,225,57:14
525000,1053.9999999888998,-1601564.8778745802,408180.87535669224,299.93478167597334,1432.238096422894,1.028543412986361,225,57:10
530000,1063.9999999886634,-1599650.282621597,408504.86056944355,300.17284876808753,1432.9075430596208,1.0280628830792597,225,57:06
535000,1073.999999988427,-1601144.6800345127,407233.9635403139,299.23898281311955,1432.1070245553797,1.028637549181246,225,57:01
540000,1083.9999999881904,-1598285.0182940913,410212.2002161901,301.42741647351016,1439.0888936610072,1.023647021662653,226,56:56
545000,1093.999999987954,-1601883.716016328,409687.0549524374,301.0415352636319,1432.9965208483436,1.0279990484776584,226,56:52
550000,1103.9999999877175,-1600624.7813766422,409879.52766718046,301.1829658527662,1429.7826682203308,1.030309775497211,226,56:47
555000,1113.999999987481,-1600782.708700505,409648.9906058363,301.01356525774304,1433.6793913596073,1.0275094060652452,225,56:50
560000,1123.9999999872446,-1598304.9051048579,409133.7585579247,300.6349683632467,1434.8195944168538,1.0266928787675251,225,56:46
565000,1133.999999987008,-1599148.4669473404,407974.41436547,299.783072382213,1433.1188527783186,1.0279112978299234,225,56:41
570000,1143.9999999867716,-1598284.2717134114,407506.2030802575,299.4390267443919,1435.3018325843018,1.0263479265901163,225,56:36
575000,1153.9999999865352,-1598968.7186206458,407252.2588260444,299.25242634480503,1434.165332808849,1.0271612527537197,225,56:32
580000,1163.9999999862987,-1598502.9175208462,406174.50469092675,298.4604834324028,1436.9973538597721,1.0251369328879398,225,56:28
585000,1173.9999999860622,-1600895.7158193933,409823.8250970366,301.14203513008033,1435.6996557904192,1.0260635321340046,226,56:23
590000,1183.9999999858258,-1599196.5045046825,408785.6730507808,300.3791921696694,1433.242282892712,1.0278227746188853,226,56:18
595000,1193.9999999855893,-1601879.2326923786,409043.9865667861,300.5690031400126,1432.9043020294182,1.0280652084144895,226,56:13
600000,1203.9999999853528,-1600235.2251057178,409256.024155522,300.7248101650944,1435.6121092517335,1.026126103569653,226,56:08
605000,1213.9999999851163,-1600250.1381652327,408640.7583882086,300.2727076420877,1436.84753408623,1.0252438236884538,225,56:11
610000,1223.9999999848799,-1600356.3736286815,407062.7644071073,299.1131842327805,1435.0103929051008,1.0265563700355107,225,56:07
615000,1233.9999999846434,-1598201.372121715,408081.7406089946,299.86193661952325,1435.5757633873397,1.0261520829997621,225,56:03
620000,1243.999999984407,-1600993.267335114,407082.60721334047,299.12776489570393,1434.5282390942407,1.0269014019786866,225,55:58
625000,1253.9999999841705,-1602519.4762121579,408966.23831261403,300.5118730610485,1431.5972694318102,1.0290038206684773,225,55:54
630000,1263.999999983934,-1599380.9259711634,407769.6309821216,299.6325958089982,1436.6838758253534,1.0253606132090871,225,55:50
635000,1273.9999999836975,-1598984.524441423,408848.07379470137,300.4250447674617,1435.1139688528351,1.026482280763692,225,55:45
640000,1283.999999983461,-1599052.0934579484,408614.5262374485,300.25343203441935,1436.5349706517347,1.0254668977780332,225,55:41
645000,1293.9999999832246,-1600039.8537234291,408037.1840636207,299.82919609071405,1432.5368507288993,1.0283289111580929,225,55:37
650000,1303.9999999829881,-1601893.5978109892,408381.22233466513,300.0819983407551,1432.535805578462,1.028329661406992,226,55:32
655000,1313.9999999827517,-1599111.8656722512,408892.49067061685,300.45768266596394,1431.6112399637116,1.0289937790242782,225,55:34
660000,1323.9999999825152,-1600164.478229734,407050.315872846,299.10403694384246,1435.1919987171923,1.0264264720125251,225,55:30
665000,1333.9999999822787,-1601199.9857635899,407990.30071035423,299.79474580365957,1430.6181467369845,1.0297080763751292,225,55:26
670000,1343.9999999820423,-1599096.3446414704,409579.8707431167,300.9627753942636,1435.939708925036,1.0258920000246314,225,55:21
675000,1353.9999999818058,-1600606.9627965894,407290.3884369681,299.2804443074737,1434.1848955747341,1.0271472419276566,225,55:17
680000,1363.9999999815693,-1599857.7915636152,409113.1283999931,300.61980914759323,1434.4900992650673,1.0269287049514082,225,55:12
685000,1373.9999999813328,-1600133.2359166304,408890.3281239659,300.45609360827706,1433.3740239158928,1.0277283077025623,225,55:08
690000,1383.9999999810964,-1599758.283735048,408525.33040505927,300.18789017753863,1438.438316728073,1.0241099967739358,225,55:03
695000,1393.99999998086,-1597820.392809474,407543.07696678286,299.4661219900838,1437.7351452449366,1.0246108713249322,225,54:59
700000,1403.9999999806234,-1599717.3937459318,408090.6301750356,299.8684687483188,1433.8021123216424,1.0274214602171194,226,54:54
705000,1413.999999980387,-1602170.4371010428,407771.7016666264,299.6341173655981,1433.8500465171846,1.0273871130960257,225,54:56
710000,1423.9999999801505,-1598600.235054601,406726.05503352184,298.86576731897634,1435.7480671343058,1.026028934758852,225,54:51
715000,1433.999999979914,-1598993.693746279,408151.2574633722,299.9130181958522,1431.6825690892442,1.028942512613678,225,54:47
720000,1443.9999999796776,-1598552.7510522213,408827.2335503383,300.4097311785101,1434.8256244316392,1.026688563976143,225,54:43
725000,1453.999999979441,-1599923.7857898017,410183.7150904727,301.4064853606657,1434.6518766782613,1.0268129041274434,225,54:39
730000,1463.9999999792046,-1596871.6324622761,407707.9124182402,299.5872444829055,1431.7645649797178,1.0288835859859127,225,54:35
735000,1473.9999999789682,-1601364.2235208591,409382.73444873584,300.8179179671148,1436.4212326691904,1.025548095781423,225,54:31
740000,1483.9999999787317,-1598429.5654475363,407895.5934752164,299.72515412112574,1434.743733450317,1.0267471643603483,225,54:26
745000,1493.9999999784952,-1601392.4542940687,409526.52250616887,300.92357465565044,1432.3832978831206,1.0284391489910376,225,54:22
750000,1503.9999999782588,-1599604.3787884675,408653.02497174824,300.2817212320867,1432.576511963522,1.0283004416181596,225,54:18
755000,1513.9999999780223,-1601848.6507532,408085.04925416544,299.8643678401582,1431.4867737688778,1.0290832488975106,225,54:19
760000,1523.9999999777858,-1600095.7046366557,409715.2177879631,301.0622295549001,1431.6728292340551,1.0289495126425017,225,54:14
765000,1533.9999999775494,-1598939.2538656741,409640.3967863422,301.00725044602757,1432.9740035238926,1.0280152021469176,225,54:10
770000,1543.9999999773129,-1596579.452135709,407207.1988650599,299.21931590192014,1432.2250741871105,1.0285527648229396,225,54:06
775000,1553.9999999770764,-1600430.5470902557,407916.06592836196,299.74019745396004,1433.9661644696127,1.0273039186031012,225,54:02
780000,1563.99999997684,-1602275.9259922802,407939.8250058151,299.75765582631146,1431.7281277495022,1.0289097708930617,225,53:58
785000,1573.9999999766035,-1600890.9019778809,408067.6067317179,299.85155092619175,1430.4801771643688,1.0298073915459958,225,53:53
790000,1583.999999976367,-1598975.9468037104,407334.19459105533,299.312633442378,1431.7810486607505,1.028871740746819,225,53:49
795000,1593.9999999761305,-1599224.1524194656,407223.0152004999,299.2309378798312,1435.157456340966,1.0264511767647517,225,53:45
800000,1603.999999975894,-1598961.7127756886,409283.7854910852,300.7452094307727,1436.666488911078,1.0253730223918869,225,53:40
805000,1613.9999999756576,-1598927.2461490594,407875.36236510944,299.71028812921054,1437.6659772082896,1.024660166726938,225,53:41
810000,1623.9999999754211,-1599427.9438306186,407790.6777871183,299.64806118046164,1432.58563411367,1.0282938937994448,225,53:37
815000,1633.9999999751847,-1598461.2876026481,411192.58928762894,302.1478147083431,1436.9250784804722,1.025188495882955,225,53:32
820000,1643.9999999749482,-1600329.3160685683,408780.9877772002,300.37574939076103,1435.3179627714915,1.026336392432106,225,53:28
825000,1653.9999999747117,-1600126.5120814824,408700.4719982747,300.31658571105066,1430.4384190298945,1.029837454242136,225,53:24
830000,1663.9999999744753,-1599815.8220483158,408951.72779884073,300.5012106120134,1436.315333902625,1.0256237088977305,225,53:19
835000,1673.9999999742388,-1597699.4510303233,409622.9737652367,300.9944478618133,1435.1426748091433,1.0264617488987982,225,53:15
840000,1683.9999999740023,-1601246.095059406,407925.31773607165,299.74699576101716,1436.4773467728487,1.0255080340900342,225,53:10
845000,1693.9999999737659,-1599900.9129150743,408561.50903964625,300.21447454618817,1433.2346501340178,1.0278282483375247,225,53:06
850000,1703.9999999735294,-1598367.0902555743,409641.8170486338,301.0082940668488,1434.9171692878795,1.0266230632915012,225,53:02
855000,1713.999999973293,-1598157.5495419726,409091.2680607408,300.6037459842339,1435.9730951085962,1.025868148172015,225,53:02
860000,1723.9999999730564,-1598729.7399638342,409213.7022421491,300.69371166290097,1436.0833793062043,1.025789366502926,225,52:58
865000,1733.99999997282,-1600147.500270659,408146.90837888676,299.90982245155254,1431.9341403286228,1.028761741490302,225,52:54
870000,1743.9999999725835,-1599037.840268433,409550.2837770808,300.9410346397741,1435.2396538868472,1.0263923909254193,225,52:49
875000,1753.999999972347,-1598135.0182939796,409293.81656130444,300.75258034655496,1435.8711182742795,1.0259410062334702,225,52:45
880000,1763.9999999721106,-1600288.835995906,409435.8859985957,300.8569741783814,1433.7275039888889,1.0274749251900444,225,52:41
885000,1773.999999971874,-1602351.4300045231,408508.96642070514,300.17586578254384,1430.3051630312705,1.02993340021362,225,52:37
890000,1783.9999999716376,-1600315.855469972,410088.47985785024,301.33650570108585,1432.2668912027377,1.0285227348003898,225,52:34
895000,1793.9999999714012,-1600965.8787171626,408941.7532613198,300.49388123693905,1432.207159680738,1.0285656302907145,225,52:29
900000,1803.9999999711647,-1598350.6740157362,408988.66850871226,300.52835496006884,1437.2284101175323,1.0249721265831537,225,52:25
905000,1813.9999999709282,-1599164.9711743975,408513.135677961,300.17892938826446,1434.7568459087095,1.0267377807637406,225,52:25
910000,1823.9999999706918,-1599404.6316565424,409419.29242992925,300.84478108287976,1433.1584881874273,1.0278828699308789,225,52:21
915000,1833.9999999704553,-1600550.2129021399,407118.7724512612,299.15433942036907,1432.328439748366,1.0284785381785007,225,52:16
920000,1843.9999999702188,-1598129.9175923066,409415.7666005888,300.84219027346825,1434.5709976292972,1.0268707943617277,225,52:12
925000,1853.9999999699824,-1601269.4286971008,409622.78555411776,300.99430956268105,1434.3329596315698,1.0270412110464822,225,52:08
930000,1863.9999999697459,-1598528.837683158,408061.52139931,299.84707937213966,1434.7681643984931,1.0267296811129603,225,52:03
935000,1873.9999999695094,-1600118.21826478,409119.7426267831,300.6246693377393,1433.9043985705237,1.027348170054058,225,51:59
940000,1883.999999969273,-1598617.854386148,409583.2893107977,300.9652873868947,1434.2310682135414,1.0271141746627965,225,51:55
945000,1893.9999999690365,-1600931.5390119832,409580.7681572754,300.96343482182624,1434.3557930943946,1.0270248616111295,225,51:51
950000,1903.9999999688,-1599833.4150881981,409292.44895637955,300.751575418815,1433.0031631624615,1.0279942834549645,225,51:47
955000,1913.9999999685635,-1601589.1726511177,408676.21616886667,300.29876232113435,1435.3529545529432,1.0263113718693058,225,51:47
960000,1923.999999968327,-1600113.9021712122,408322.11211008264,300.0385636445816,1433.378119971244,1.0277253708417466,225,51:43
965000,1933.9999999680906,-1596726.3853351148,408680.6118459038,300.3019923020376,1435.420091525318,1.0262633695885601,225,51:39
970000,1943.9999999678541,-1598437.456360653,407856.3427274049,299.69631233752875,1433.5528316189161,1.027600118678775,225,51:34
975000,1953.9999999676177,-1599362.3715278246,408383.87310623843,300.0839461502707,1435.5473245896292,1.0261724115051405,225,51:30
980000,1963.9999999673812,-1601786.040359593,408450.43478347815,300.1328562372841,1433.6896178840047,1.0275020768289316,225,51:26
985000,1973.9999999671447,-1600395.4772943184,409359.48673471704,300.80083534896755,1433.855214200373,1.0273834103434327,225,51:22
990000,1983.9999999669083,-1599609.9157189988,408021.4708804166,299.817649909944,1434.7197555428754,1.026764323982203,225,51:18
995000,1993.9999999666718,-1600115.8941343864,408539.6552963139,300.198416229567,1434.6796647668784,1.0267930159470546,225,51:13
1000000,2003.9999999664353,-1600137.2598490752,407503.3361495162,299.4369200992797,1431.5761088354182,1.02901903071173,225,51:09
1005000,2013.9999999661989,-1600903.8780144723,408981.32390711864,300.5229580843001,1432.900543942851,1.028067904734249,225,51:09
1010000,2023.9999999659624,-1599947.4635216706,408544.61032953253,300.2020572301536,1432.359507279514,1.028456230727852,225,51:05
1015000,2033.999999965726,-1600027.210928834,409681.73464805423,301.0376258586843,1432.262774446501,1.028525691085688,225,51:01
1020000,2043.9999999654895,-1600708.0398589214,407540.047660418,299.46389602998124,1430.929364805408,1.0294841213942254,225,50:56
1025000,2053.999999965253,-1599164.784588146,410580.88485476817,301.69832908420653,1434.1691608822612,1.027158511062719,225,50:52
1030000,2063.9999999650167,-1600069.3147047646,408526.1059885452,300.1884600828859,1429.8352053925744,1.0302719182938527,225,50:48
1035000,2073.9999999647803,-1600657.022432709,406884.92073873174,298.98250319144046,1431.370226801635,1.029167040309022,225,50:44
1040000,2083.999999964544,-1600031.0568994721,411799.57278275664,302.5938313472485,1430.515084054613,1.0297822625739281,225,50:40
1045000,2093.9999999643073,-1598508.195519764,408318.63639756583,300.03600966143875,1433.4013048586569,1.02770874765539,225,50:36
1050000,2103.999999964071,-1601881.295547083,407744.53347641637,299.6141539481743,1431.1253505245081,1.0293431385056477,225,50:32
1055000,2113.9999999638344,-1601456.4277160196,410229.3959745983,301.44005206316007,1431.5535808165866,1.0290352241399139,225,50:31
1060000,2123.999999963598,-1601830.4822146734,408869.86006514676,300.44105350443124,1433.4895396835368,1.0276454896413856,225,50:27
1065000,2133.9999999633615,-1601972.7196820723,408801.82047176966,300.39105743206,1434.4015803908749,1.02699207811976,225,50:23
1070000,2143.999999963125,-1600976.2726009572,408823.9134938484,300.4072915727408,1434.6354246752292,1.0268246793343856,225,50:19
1075000,2153.9999999628885,-1599281.6031317823,409721.5137899577,301.0668559107578,1436.6164333538356,1.0254087491292578,225,50:14
1080000,2163.999999962652,-1600870.8806332583,409001.72617794643,300.5379498465699,1429.0808724475037,1.0308157419957396,225,50:10
1085000,2173.9999999624156,-1601616.0855815923,409440.8364006574,300.86061177595457,1432.4089919880425,1.0284207011709332,225,50:06
1090000,2183.999999962179,-1599011.268199238,408955.05473228864,300.50365527103,1434.648558078196,1.0268152793303122,225,50:02
1095000,2193.9999999619426,-1600032.19290776,407740.7269547508,299.61135688365306,1430.9855595506003,1.0294436935943114,225,49:58
1100000,2203.999999961706,-1598814.486895387,409589.9354868558,300.9701710536349,1434.2621009103113,1.0270919513029864,225,49:54
1105000,2213.9999999614697,-1598347.9386359416,409071.4953031462,300.5892167936463,1436.3318323175404,1.025611928078622,225,49:53
1110000,2223.9999999612332,-1599387.0832132138,409773.2305098933,301.1048577967828,1434.8770153086575,1.0266517925837766,225,49:49
1115000,2233.999999960997,-1600265.6456740042,407524.82711901877,299.4527118466028,1432.0169827236466,1.028702227470844,225,49:44
1120000,2243.9999999607603,-1601322.6629831167,409450.1695180163,300.867469830034,1432.7565763240937,1.0281712080382512,225,49:41
1125000,2253.999999960524,-1600449.4660637379,406717.07205886825,298.8591665527372,1433.6416087763857,1.0275364853292732,225,49:37
1130000,2263.9999999602874,-1601904.3865368636,408083.24762116617,299.8630439848947,1433.338637609635,1.0277536802891178,225,49:32
1135000,2273.999999960051,-1601610.4590181224,409693.69639361114,301.0464154511387,1432.0558037876629,1.0286743407677414,225,49:28
1140000,2283.9999999598144,-1602584.63284738,405477.6847795537,297.94845423014647,1432.5958010223553,1.0282865961582592,225,49:24
1145000,2293.999999959578,-1601540.0326510118,409409.23338123644,300.83738960827696,1431.4200395755452,1.0291312257586613,225,49:20
1150000,2303.9999999593415,-1602098.7600937188,409308.6295007099,300.7634650205188,1433.639500576454,1.0275379963453601,225,49:16
1155000,2313.999999959105,-1602104.6925159236,409758.2822817992,301.09387371153883,1433.2956514960151,1.02778450375281,225,49:15
1160000,2323.9999999588686,-1600693.0843400229,407282.3931222083,299.27456928213155,1434.3303560646316,1.0270430753105477,225,49:10
1165000,2333.999999958632,-1600260.0847283155,407087.1139220661,299.13107646363693,1433.6565860425071,1.0275257507589863,225,49:06
1170000,2343.9999999583956,-1600537.378142191,408811.5283755823,300.39819088241586,1434.568756125876,1.0268723988399993,225,49:02
1175000,2353.999999958159,-1598411.128197791,409600.8555232454,300.9781951893261,1435.9010643651154,1.0259196099664658,225,48:58
1180000,2363.9999999579227,-1600347.1658859272,409825.9733965271,301.1436137188324,1431.9291596772243,1.0287653198122964,225,48:54
1185000,2373.999999957686,-1600760.4243409997,408585.9849898693,300.232459682753,1431.8024732299054,1.0288563453733834,225,48:49
1190000,2383.9999999574497,-1601513.8844976285,409747.3202530048,301.0858187194712,1430.8553009966877,1.0295374094625536,225,48:45
1195000,2393.9999999572133,-1600671.8439408056,408081.73302226095,299.86193104472676,1434.4146769636645,1.0269827014194781,225,48:41
1200000,2403.999999956977,-1601992.730930524,407121.39440819697,299.1562660566438,1432.7510892159664,1.028175145698208,225,48:37
1205000,2413.9999999567403,-1601323.439259597,407976.481349682,299.78459121980626,1433.7909717693042,1.0274294432793485,225,48:36
1210000,2423.999999956504,-1599421.6979453927,410372.8129064928,301.54543604549093,1432.6689146354652,1.0282341194502147,225,48:32
1215000,2433.9999999562674,-1599703.3358922051,408536.42162491026,300.1960401002944,1433.7114337502783,1.0274864419896075,225,48:27
1220000,2443.999999956031,-1600894.502218295,408320.1021509926,300.03708670953336,1432.436619948882,1.0284008656218675,225,48:23
1225000,2453.9999999557945,-1599290.2473062063,409444.55117312877,300.8633414223869,1434.0578748097894,1.0272382208418778,225,48:19
1230000,2463.999999955558,-1599425.9917322928,408533.1291039742,300.19362072788437,1435.4863353038672,1.0262160103335702,225,48:15
1235000,2473.9999999553215,-1599181.3890840225,410421.2443278992,301.581023866192,1435.9293070453405,1.025899431591849,225,48:11
1240000,2483.999999955085,-1598564.6601668084,408605.57512851217,300.2468546833805,1436.2633760251658,1.0256608115850756,225,48:07
1245000,2493.9999999548486,-1600206.9767652983,409447.1763123777,300.8652703970524,1433.5128264603075,1.0276287959985557,225,48:03
1250000,2503.999999954612,-1598176.2554204576,406877.2740589578,298.9768843460535,1432.9381008161379,1.028040959386082,225,47:59
1255000,2513.9999999543757,-1600963.4214477194,408250.9242216678,299.98625417821813,1430.714446176665,1.0296387681277326,225,47:57
1260000,2523.999999954139,-1601785.1011348907,408763.8429470475,300.36315122362686,1431.2513689162363,1.0292525072093792,225,47:53
1265000,2533.9999999539027,-1599444.6626736224,409072.42565117613,300.5899004212979,1432.8100923795366,1.0281328054141583,225,47:49
1270000,2543.9999999536662,-1602690.4595685322,406975.26237071893,299.04888699161893,1430.8923496475936,1.0295107526898852,225,47:45
1275000,2553.99999995343,-1601041.1445243927,407805.12786437396,299.65867922022915,1432.9133619304712,1.0280587082524337,225,47:40
1280000,2563.9999999531933,-1600480.158249638,408164.16972655465,299.9225062367487,1431.5099558205163,1.0290665837944009,225,47:36
1285000,2573.999999952957,-1599737.2635224517,407558.7502354401,299.4776388413051,1433.5166206757497,1.0276260760823788,225,47:32
1290000,2583.9999999527204,-1600952.3291457454,409495.17016775615,300.9005366905115,1430.260760602843,1.0299653744838704,225,47:28
1295000,2593.999999952484,-1602624.043441916,408638.7775128124,300.27125207798525,1431.0294663026198,1.029412108270573,225,47:24
1300000,2603.9999999522474,-1602662.2719709836,407596.6865393708,299.50551476034985,1430.9940691939346,1.0294375718368185,225,47:20
1305000,2613.999999952011,-1601077.4477044847,407865.47579670337,299.7030233945906,1433.4399374944876,1.027681049879746,225,47:19
1310000,2623.9999999517745,-1601390.100592007,407069.8802530061,299.1184130169175,1431.211271803022,1.029281342962088,225,47:14
1315000,2633.999999951538,-1602824.3251069458,408012.3971700549,299.81098247033424,1432.0715396952098,1.0286630374746633,225,47:10
1320000,2643.9999999513016,-1601277.8806395065,407810.8222341484,299.66286349161027,1432.3075580743246,1.028493532411738,225,47:06
1325000,2653.999999951065,-1599136.3937127953,408782.0604732462,300.3765376169465,1434.3784114604232,1.0270086667046425,225,47:02
1330000,2663.9999999508286,-1599517.4289090177,408257.1047631285,299.99079569269264,1431.49504183522,1.0290773050916817,225,46:58
1335000,2673.999999950592,-1602305.0852601016,407909.94642456935,299.7357007904836,1433.052191783088,1.0279591129691872,225,46:54
1340000,2683.9999999503557,-1598763.8975471575,407037.3466387365,299.0945070402238,1435.3254061152093,1.0263310700330832,225,46:50
1345000,2693.999999950119,-1601715.9131694045,408189.00454366143,299.94075507175444,1432.5924900075909,1.028288972739266,225,46:46
1350000,2703.9999999498827,-1600595.9719694052,408396.2118561405,300.0930127687271,1433.1798145240123,1.02786757458843,225,46:42
1355000,2713.9999999496463,-1602196.110562414,409305.90949353005,300.76146633609017,1431.5195581839596,1.0290596810096724,225,46:40
1360000,2723.99999994941,-1601942.7616882212,407623.85941475304,299.5254816204781,1430.9265058879269,1.0294861782504923,225,46:36
1365000,2733.9999999491733,-1599241.8534625685,409340.6036036627,300.7869598635343,1438.072673945485,1.0243703858597455,225,46:32
1370000,2743.999999948937,-1599473.0421284037,408611.08753114095,300.250905243754,1433.2937873920393,1.027785840462141,225,46:28
1375000,2753.9999999487004,-1599605.6008461537,409589.02895870205,300.9695049290311,1434.8373222642947,1.0266801936676597,225,46:24
1380000,2763.999999948464,-1599568.9103605775,409080.28253807465,300.5956737286693,1435.0089361267812,1.026557412164954,225,46:20
1385000,2773.9999999482275,-1599789.3437530864,407177.60692458216,299.1975714921685,1434.0419725498525,1.0272496120072117,225,46:16
1390000,2783.999999947991,-1600532.9474197617,409534.2077848961,300.9292218638768,1431.266726598692,1.0292414631929996,225,46:12
1395000,2793.9999999477545,-1597871.3681568727,409366.40452280786,300.8059185985414,1433.918835853222,1.0273378262915038,225,46:07
1400000,2803.999999947518,-1603539.4256093446,408192.0887598084,299.9430213800323,1431.5360504398623,1.0290478255516184,225,46:03
1405000,2813.9999999472816,-1602965.7026985511,408030.02185215836,299.8239332367663,1432.5151992150413,1.0283444536652038,225,46:02
1410000,2823.999999947045,-1600299.11155809,408304.5907427124,300.0256887946948,1435.6845124282875,1.026074354881971,225,45:57
1415000,2833.9999999468087,-1599317.8953121193,408722.7164356292,300.33293111296496,1435.7203920013876,1.026048712625981,225,45:53
1420000,2843.999999946572,-1600894.0998128047,409675.3697569398,301.03294888251503,1435.2844356893486,1.026360366819119,225,45:49
1425000,2853.9999999463357,-1599232.4594834922,407869.89143900666,299.7062680461413,1430.3819300424734,1.0298781248307225,225,45:45
1430000,2863.9999999460993,-1601821.74045394,406500.8848363506,298.7003103414306,1431.1811926419123,1.0293029753867602,225,45:41
1435000,2873.999999945863,-1597841.2447740315,409922.3065526404,301.21440014193894,1433.6228933847165,1.0275498994201517,225,45:37
1440000,2883.9999999456263,-1598617.9019998675,407821.82956221316,299.67095176996736,1432.261452614938,1.0285266403102304,225,45:33
1445000,2893.99999994539,-1598657.7502565011,408477.2257977414,300.1525425026117,1433.606451606808,1.027561684207544,225,45:29
1450000,2903.9999999451534,-1599406.0498558106,406989.57380266144,299.05940315363017,1433.5342111848474,1.027613466361802,225,45:25
1455000,2913.999999944917,-1597279.9907851545,409088.05204920494,300.60138283158244,1437.3673618865441,1.0248730414821887,225,45:23
1460000,2923.9999999446804,-1601244.6695420882,408862.92503021087,300.43595758172887,1432.7225889196498,1.0281955985734152,225,45:19
1465000,2933.999999944444,-1599258.645776594,406444.24403856776,298.6586902010894,1431.4160143294844,1.0291341197506043,225,45:15
1470000,2943.9999999442075,-1600980.5758524248,408008.91642352776,299.80842478815765,1432.4623916814382,1.0283823634453193,225,45:11
1475000,2953.999999943971,-1600400.1153766578,408461.12508675986,300.14071156313213,1435.2217122532559,1.0264052218044686,225,45:07
1480000,2963.9999999437346,-1601136.3871133337,407755.99440409173,299.6225755353864,1435.519971810139,1.0261919644673019,225,45:03
1485000,2973.999999943498,-1598890.8440149045,407080.60409523733,299.12629298747106,1434.3801034662729,1.0270074552372865,225,44:59
1490000,2983.9999999432616,-1600282.8696205523,407804.05590585805,299.6578915359871,1433.7123692845466,1.0274857715282255,225,44:55
1495000,2993.999999943025,-1602983.3109274711,408068.8296168371,299.85244951258665,1431.2257830744045,1.029270907025932,225,44:51
1500000,3003.9999999427887,-1601926.8268683841,410075.7296100331,301.3271367104588,1436.4421207262371,1.0255331827495506,225,44:47
1505000,3013.999999942552,-1599907.8761715852,408963.6199403591,300.5099490588278,1433.0569922413486,1.0279556695089185,225,44:45
1510000,3023.9999999423158,-1602007.8850270128,411200.4604571984,302.1535985107427,1431.4741705347153,1.0290923093314504,225,44:41
1515000,3033.9999999420793,-1600563.7139880955,409002.6178418919,300.538605048827,1432.035387375587,1.028689006494174,225,44:37
1520000,3043.999999941843,-1601139.5083810166,408372.2812316769,300.0754283421721,1433.1305222123458,1.027902927941145,225,44:33
1525000,3053.9999999416063,-1601000.0862091398,406874.98840264295,298.9752048263377,1432.6408363520557,1.0282542717788965,225,44:28
1530000,3063.99999994137,-1602505.9892971087,408345.3149119882,300.05561326092567,1431.8019344845611,1.0288567325020448,225,44:24
1535000,3073.9999999411334,-1600006.6329287486,406776.8062565651,298.90305974966645,1434.5482776491735,1.0268870576582656,225,44:20
1540000,3083.999999940897,-1601026.8952671895,408222.6793837148,299.9654996308683,1434.948494319218,1.0266006520344018,225,44:16
1545000,3093.9999999406605,-1599817.6358422143,408879.71479235357,300.4482948418669,1433.956313301123,1.0273109761012262,225,44:12
1550000,3103.999999940424,-1604309.1794798113,409665.91356943385,301.02600039544393,1432.2027627264686,1.028568788053119,225,44:08
1555000,3113.9999999401875,-1600866.1321747713,406711.61509330955,298.8551567279946,1432.5144512023655,1.02834499063339,225,44:06
1560000,3123.999999939951,-1600214.703232116,408252.8543101082,299.98767242363317,1433.2578604565456,1.027811603583077,225,44:02
1565000,3133.9999999397146,-1601039.0124399494,407848.67647479696,299.6906791098568,1432.1737225658117,1.028589644323822,225,43:58
1570000,3143.999999939478,-1599249.6628132807,408171.57664855197,299.9279489060806,1436.192305026103,1.0257115671408072,225,43:54
1575000,3153.9999999392417,-1601211.444495975,409590.67265975266,300.9707127345544,1433.9623998769268,1.0273066155921007,225,43:50
1580000,3163.999999939005,-1601079.8464887543,408692.18717232574,300.31049795042236,1435.2264192323362,1.026401855598383,225,43:46
1585000,3173.9999999387687,-1598774.5689356178,407056.64765732957,299.1086895929776,1435.4836647292564,1.0262179195064085,225,43:42
1590000,3183.9999999385323,-1601648.8905093847,407452.3390323918,299.39944698352565,1436.3853726701068,1.0255736990453344,225,43:38
1595000,3193.999999938296,-1598554.5806745235,408549.3810876907,300.2055628238573,1434.4358971128972,1.0269675088784749,225,43:34
1600000,3203.9999999380593,-1602290.5861671073,408627.0091081409,300.2626045540592,1434.7225876377775,1.0267622971834112,225,43:30
1605000,3213.999999937823,-1600214.632630485,408161.55754952086,299.92058678682923,1431.4877539772463,1.0290825442348197,225,43:28
1610000,3223.9999999375864,-1600043.142735866,408229.2674486798,299.9703405970826,1433.565760834657,1.0275908508349183,225,43:24
1615000,3233.99999993735,-1599138.1006699037,409339.02694183565,300.78580131900316,1434.5635860621564,1.0268760996140784,225,43:20
1620000,3243.9999999371134,-1601233.9951222334,408034.66995881515,299.82734870510274,1429.4671259248132,1.030537207318313,225,43:16
1625000,3253.999999936877,-1602685.4042063728,406561.67180310306,298.7449771220232,1433.8356999296996,1.0273973928645512,225,43:12
1630000,3263.9999999366405,-1603883.530529745,409785.8112767972,301.1141022513921,1432.734344710056,1.0281871620813343,225,43:07
1635000,3273.999999936404,-1600543.1290687239,409151.60779065464,300.64808413139053,1435.5639051346786,1.0261605593696579,225,43:03
1640000,3283.9999999361676,-1601729.232356622,407979.54462921026,299.7868421436784,1434.1954243448251,1.0271397013951906,225,43:00
1645000,3293.999999935931,-1602323.1853753412,407849.62088303245,299.6913730690671,1431.5533808181845,1.0290353679036068,225,42:56
1650000,3303.9999999356946,-1601706.8569567427,409791.2249994764,301.1180803008988,1433.2781547947027,1.0277970504021925,225,42:52
1655000,3313.999999935458,-1597329.194560459,409294.46230075695,300.75305484140125,1435.5179116486129,1.0261934371909693,225,42:50
1660000,3323.9999999352217,-1600278.2649468742,408489.4972057211,300.1615596376502,1435.0489869925955,1.026528761914309,225,42:46
1665000,3333.999999934985,-1600200.6015791744,407549.21728764067,299.47063395011696,1433.3533942103677,1.0277430994018273,225,42:42
1670000,3343.9999999347488,-1599534.4780980013,407904.32869886316,299.7315728378162,1433.0407906858118,1.027967291286175,225,42:38
1675000,3353.9999999345123,-1600922.1611012854,407583.62770552083,299.4959190180792,1433.1955047593515,1.0278563217732424,225,42:34
1680000,3363.999999934276,-1601050.3472506115,410559.68874756724,301.6827540042126,1432.9092378392163,1.0280616671334406,225,42:30
1685000,3373.9999999340394,-1601557.3432119517,408718.6445346199,300.32993904544304,1435.9282451206686,1.0259001902842984,225,42:26
1690000,3383.999999933803,-1601291.3630641121,410563.50536160346,301.6855584846936,1436.4854239005854,1.0255022678224144,225,42:22
1695000,3393.9999999335664,-1601001.0796375154,408929.21143095684,300.4846653932314,1431.1427707359774,1.0293306090952257,225,42:18
1700000,3403.99999993333,-1600800.8409268,407637.10598743166,299.5352153148381,1432.27870303297,1.028514252697076,225,42:14
1705000,3413.9999999330935,-1600576.75667697,410485.4022588829,301.62816765999554,1432.2334049109113,1.0285467821465344,225,42:11
1710000,3423.999999932857,-1600312.2324668253,410594.09899282176,301.708038945328,1433.4274519757678,1.0276900012438128,225,42:07
1715000,3433.9999999326205,-1601253.3061360614,408945.85350540787,300.49689413119654,1433.7147912625223,1.0274840357939468,225,42:03
1720000,3443.999999932384,-1597253.388460598,408428.8987601241,300.1170313840074,1431.6059311788845,1.0289975948135552,225,41:59
1725000,3453.9999999321476,-1599693.319828568,408997.73254681146,300.5350152924179,1434.696704587552,1.0267808207779958,225,41:55
1730000,3463.999999931911,-1603638.5312077133,409609.233805065,300.9843516221236,1432.753029748385,1.0281737531293837,225,41:51
1735000,3473.9999999316747,-1601916.7145267269,408881.0681937004,300.4492893326968,1435.778845186436,1.0260069403046594,225,41:47
1740000,3483.999999931438,-1602700.1286484124,408262.19677963015,299.9945373497617,1433.4379116072516,1.0276825023081384,225,41:43
1745000,3493.9999999312017,-1600771.7931933505,409772.8969151515,301.1046126685269,1432.8213458579444,1.0281247303876664,225,41:39
1750000,3503.9999999309653,-1599749.274403872,408526.98369218945,300.18910502699475,1434.1467788115983,1.0271745414542495,225,41:35
1755000,3513.999999930729,-1602074.0635456173,408661.47222053754,300.28792834240056,1432.404341308123,1.0284240402110114,225,41:33
1760000,3523.9999999304923,-1601135.2458385192,407587.1734701898,299.4985244761397,1430.69114102692,1.0296555403610863,225,41:29
1765000,3533.999999930256,-1602229.8093627747,408953.9673188763,300.50285623039844,1433.0506935842382,1.0279601876605204,225,41:25
1770000,3543.9999999300194,-1601766.6729451483,409674.8895177522,301.03259599867215,1431.5110288059532,1.0290658124601704,225,41:21
1775000,3553.999999929783,-1601970.4988610093,409868.4841534876,301.17485098490147,1434.7541070378393,1.0267397407526928,225,41:17
1780000,3563.9999999295464,-1601157.932851025,409614.0333432059,300.98787836360356,1431.4005804153733,1.0291452162723123,225,41:13
1785000,3573.99999992931,-1599451.775457617,408878.77968192025,300.4476077147608,1435.040796365235,1.0265346209216522,225,41:09
1790000,3583.9999999290735,-1599257.7574302722,408411.8486668782,300.10450283035874,1433.510883614571,1.0276301887499104,225,41:05
1795000,3593.999999928837,-1600489.1617009444,407806.9102538299,299.6599889351732,1436.6937946191604,1.0253535342194386,225,41:01
1800000,3603.9999999286006,-1600011.863036247,408509.6573053703,300.17637345047666,1437.948637483416,1.0244587473458224,225,40:57
1805000,3613.999999928364,-1600219.0486561703,409693.793156852,301.04648655359176,1432.6445311020757,1.028251619940001,225,40:55
1810000,3623.9999999281276,-1601388.722852828,408279.32038445596,300.00711992034496,1432.6644026831193,1.0282373577126707,225,40:51
1815000,3633.999999927891,-1601498.8220848488,408188.0510841913,299.9400544616199,1432.4559139340145,1.0283870139208702,225,40:47
1820000,3643.9999999276547,-1601446.1652424354,409685.5179965319,301.04040589534986,1432.8797955707314,1.028082791353153,225,40:43
1825000,3653.9999999274182,-1601995.2793736141,409459.731922872,300.87449636651786,1433.9477660464038,1.027317099538074,225,40:39
1830000,3663.9999999271818,-1599545.4208522523,410664.43992234423,301.75972605908794,1434.1842607035253,1.0271476966155437,225,40:35
1835000,3673.9999999269453,-1601548.862660925,409115.21771846095,300.62134439658786,1434.2393741208064,1.027108226482012,225,40:31
1840000,3683.999999926709,-1599882.9978996227,409295.863097734,300.75408415894367,1432.554407646604,1.0283163082957023,225,40:27
1845000,3693.9999999264724,-1602655.2133406186,408750.1869006834,300.3531166445173,1434.4303073054232,1.0269715108509845,225,40:23
1850000,3703.999999926236,-1602813.4068378983,407353.3474825157,299.3267071500538,1431.9611371241313,1.0287423462220633,225,40:19
1855000,3713.9999999259994,-1598963.6423028614,408554.26769941056,300.20915354774417,1431.7818180988932,1.0288711878321564,225,40:17
1860000,3723.999999925763,-1601591.2674891986,408606.2453844257,300.24734719313096,1433.1903220385464,1.0278600387201555,225,40:13
1865000,3733.9999999255265,-1600874.941288054,410957.8808383819,301.9753489419818,1431.4360666660984,1.029119703078934,225,40:08
1870000,3743.99999992529,-1599083.7958520716,407739.4179997961,299.6103950524104,1434.2813336102847,1.0270781787251235,225,40:04
1875000,3753.9999999250535,-1599265.833100224,407430.2002552995,299.38317922167147,1433.6009257448081,1.0275656449779098,225,40:00
1880000,3763.999999924817,-1600877.0154053774,408791.00471357483,300.38310992087395,1432.7750342738912,1.0281579624609016,225,39:57
1885000,3773.9999999245806,-1600235.584496501,409198.1283880784,300.68226786236414,1432.994318608235,1.028000628316955,225,39:52
1890000,3783.999999924344,-1599108.7980539976,408907.0649658052,300.46839198212575,1433.4119866886738,1.0277010891383334,225,39:48
1895000,3793.9999999241077,-1602678.6048750887,409320.9143599804,300.7724920396804,1433.2698559201722,1.0278030015206987,225,39:44
1900000,3803.999999923871,-1602753.7160296263,408023.0816435543,299.81883351240856,1430.799592657474,1.0295774946146141,225,39:40
1905000,3813.9999999236347,-1599567.0981250461,408308.1539734785,300.02830708699224,1433.0368293945312,1.0279701328585507,225,39:38
1910000,3823.9999999233983,-1601774.8568929434,407963.9215756273,299.77536219092116,1429.123231233428,1.0307851889248858,225,39:34
1915000,3833.999999923162,-1600285.8502195235,407933.7844283249,299.7532171585539,1431.6867378019706,1.0289395165911306,225,39:30
1920000,3843.9999999229253,-1601031.1564433686,407997.22305062466,299.79983239821365,1433.6247505065255,1.027548568328925,225,39:26
1925000,3853.999999922689,-1601766.8211528994,408226.6945435152,299.96845000446694,1433.0340564382766,1.0279721220061195,225,39:22
1930000,3863.9999999224524,-1599865.2560643852,408155.06393403,299.91581522289243,1434.2164040427865,1.0271246764096733,225,39:18
1935000,3873.999999922216,-1601218.3209131304,408366.9760028125,300.07153001484403,1431.9243980267217,1.0287687408175594,225,39:14
1940000,3883.9999999219795,-1601378.1734845042,408295.1165958976,300.0187271109707,1431.8959569671158,1.0287891747554696,225,39:10
1945000,3893.999999921743,-1600747.5586750256,408414.9888867958,300.106810290684,1431.673727821636,1.0289488668240896,225,39:06
1950000,3903.9999999215065,-1601597.325586304,407745.91419037385,299.615168508543,1430.5243961482236,1.0297755591378641,225,39:02
1955000,3913.99999992127,-1602150.6480245162,408204.8624195166,299.95240757391616,1435.2170153078098,1.026408580856989,225,39:00
1960000,3923.9999999210336,-1597206.5940846559,411187.27547583886,302.14391007420824,1435.0770975027353,1.0265086541115847,225,38:56
1965000,3933.999999920797,-1601121.959628285,408862.8782565079,300.4359232120138,1433.974486301576,1.027297956816007,225,38:52
1970000,3943.9999999205606,-1597775.7774433196,408003.1762393601,299.80420685197043,1434.9786032258658,1.0265791117667442,225,38:48
1975000,3953.999999920324,-1599696.946705291,407970.4819125792,299.78018278235544,1435.151014362499,1.0264557842076705,225,38:44
1980000,3963.9999999200877,-1599301.157508215,408555.86570493213,300.2103277758038,1436.653296450796,1.0253824381590073,225,38:40
1985000,3973.9999999198512,-1599123.5097852312,407876.4760530888,299.71110647661754,1438.1318045972153,1.0243282675446261,225,38:36
1990000,3983.9999999196148,-1601496.5748562198,407462.5554143409,299.40695406794447,1432.402331023973,1.028425483537724,225,38:32
1995000,3993.9999999193783,-1601663.2769729113,410396.31291228125,301.56270404977795,1432.0708232979664,1.0286635520660874,225,38:28
2000000,4003.999999919142,-1602433.240113291,410438.5415670411,301.59373402474876,1434.8792207992572,1.0266502145618464,225,38:24
2005000,4013.9999999189054,-1601799.1816218775,407695.75113281136,299.57830826685466,1429.0118104671274,1.0308655597621315,225,38:21
2010000,4023.999999918669,-1600906.4584631594,408128.66194423,299.8964148160519,1433.849343482291,1.0273876168372262,225,38:17
2015000,4033.9999999184324,-1600316.0833304198,407324.7113531327,299.3056650784304,1435.6975807435606,1.0260650151273158,225,38:13
2020000,4043.999999918196,-1599891.6366974749,409286.16833050305,300.7469603614598,1432.9853151058312,1.0280070872848388,225,38:09
2025000,4053.9999999179595,-1600817.4301367057,407023.43632061814,299.08428562006486,1432.0061213405222,1.0287100299018859,225,38:05
2030000,4063.999999917723,-1599247.078855385,406768.78846070357,298.8971682050194,1435.074005015159,1.0265108661684188,225,38:01
2035000,4073.9999999174865,-1600588.5188558511,408257.5456813993,299.99111968319113,1433.194348800845,1.0278571508019498,225,37:57
2040000,4083.99999991725,-1599227.5034067445,406460.87362766394,298.6709097647095,1431.645457137075,1.0289691854642238,225,37:53
2045000,4093.9999999170136,-1601177.4924137155,408350.80807926174,300.0596496869965,1434.6294851282132,1.0268289305180698,225,37:49
2050000,4103.999999918596,-1598684.0750291403,409569.34833498276,300.9550434391993,1434.3473360245323,1.027030917062823,225,37:45
2055000,4113.999999920633,-1601038.0728925262,409224.62532909255,300.7017380401651,1432.069032907175,1.0286648381142518,225,37:43
2060000,4123.99999992267,-1601980.8315996397,407834.2835544236,299.68010306945285,1432.140394400455,1.0286135812268546,225,37:39
2065000,4133.9999999247075,-1601815.6374204028,409283.1347804321,300.7447312830459,1435.025812203818,1.0265453397256827,225,37:35
2070000,4143.999999926745,-1599013.6518347813,408305.3229544452,300.0262268301088,1434.473999185279,1.0269402308724747,225,37:31
2075000,4153.999999928782,-1600829.4232898057,408735.73028343485,300.34249379910733,1432.6571899443873,1.0282425343923873,225,37:27
2080000,4163.999999930819,-1600955.6973207593,407501.2711191452,299.43540269738537,1432.570298319418,1.0283049017783235,225,37:23
2085000,4173.999999932857,-1600493.1688163774,408933.1997042886,300.48759601042406,1434.6647164392837,1.0268037145013569,225,37:19
2090000,4183.999999934894,-1599797.4871745287,408542.8083265315,300.2007331030097,1436.3866475948464,1.025572788754722,225,37:15
2095000,4193.999999936931,-1600695.0759833483,407262.78937487805,299.2601642817248,1434.6063948660114,1.0268454575245902,225,37:11
2100000,4203.999999938968,-1599478.4264865424,408723.4167681683,300.333445723276,1432.3965246537152,1.0284296523687964,225,37:08
2105000,4213.999999941006,-1600667.7832323546,408382.03115906613,300.0825926718098,1431.6455961858226,1.02896908552547,225,37:05
2110000,4223.999999943043,-1600426.980097427,408746.21414075117,300.35019742670266,1434.8801964380896,1.0266495164967262,225,37:01
2115000,4233.99999994508,-1602064.8205981636,408694.0331966671,300.3118544248219,1433.2487392323599,1.0278181445970689,225,36:57
2120000,4243.999999947117,-1601994.790526865,409970.30667402124,301.24967103970994,1431.5692941916084,1.0290239291111274,225,36:53
2125000,4253.999999949155,-1603170.4306357158,408941.06720911013,300.4933771199357,1431.2605003624433,1.0292459405753522,225,36:49
2130000,4263.999999951192,-1600093.318466968,408946.16403200134,300.4971223087806,1434.324721550607,1.0270471098841174,225,36:45
2135000,4273.999999953229,-1601344.6774902986,406697.7984981574,298.84500417626896,1432.1074302266936,1.0286372578003502,225,36:41
2140000,4283.9999999552665,-1600669.8129114704,406606.46179297986,298.7778891878402,1431.9265243770858,1.0287672131394634,225,36:37
2145000,4293.999999957304,-1599716.5262518628,408465.3697842824,300.1438306030028,1432.373116676939,1.028446459063322,225,36:33
2150000,4303.999999959341,-1601655.788467504,407369.26962811773,299.3384068781726,1431.3122628596664,1.0292087185508345,225,36:29
2155000,4313.999999961378,-1600473.578233664,409561.1589650822,300.94902582048786,1432.813004391008,1.0281307158640816,225,36:26
2160000,4323.999999963416,-1602477.2416144246,408863.3886187549,300.43629823053715,1431.7352977581722,1.028904618200389,225,36:23
2165000,4333.999999965453,-1599742.9635551544,408212.04493885126,299.9576853502614,1434.709488688005,1.0267716715604995,225,36:19
2170000,4343.99999996749,-1599700.3400893593,408870.8637777873,300.4417910410232,1433.9831660232262,1.0272917387093177,225,36:15
2175000,4353.999999969527,-1601968.8733898094,406678.30086933594,298.8306771526458,1432.0242932440847,1.0286969759198095,225,36:11
2180000,4363.999999971565,-1600630.6792792017,407912.7876440065,299.73778854271063,1432.58132003554,1.0282969904056454,225,36:07
2185000,4373.999999973602,-1601411.4146539513,409017.90394248243,300.54983740565723,1432.6481708555143,1.0282490075872646,225,36:03
2190000,4383.999999975639,-1600625.4776392793,409172.0560329993,300.6631096739223,1432.1044069382835,1.0286394293369256,225,35:59
2195000,4393.999999977676,-1599863.276346528,409638.0684221644,301.00553954421054,1433.9905350621154,1.0272864596279097,225,35:55
2200000,4403.999999979714,-1600817.8472684594,409606.9114015312,300.9826451002385,1433.0387049053468,1.0279687874872807,225,35:51
2205000,4413.999999981751,-1599347.1470823074,410679.3360060556,301.77067182819553,1432.2358450602799,1.0285450297760783,225,35:48
2210000,4423.999999983788,-1601291.8081589164,409277.37043796445,300.7404955951342,1433.2059146384458,1.0278488560909376,225,35:44
2215000,4433.9999999858255,-1600209.9889467712,410378.7554818931,301.5498027004787,1436.9463411537415,1.0251733260416025,225,35:40
2220000,4443.999999987863,-1601313.9159332337,407727.52160134865,299.6016534775683,1432.727192189931,1.0281922950399387,225,35:36
2225000,4453.9999999899,-1602668.866086362,409926.7118715313,301.21763720775834,1432.6682029784458,1.028234630210506,225,35:32
2230000,4463.999999991937,-1600601.60095629,407818.99868261046,299.6688716155387,1434.058150501728,1.027238023359442,225,35:28
2235000,4473.999999993975,-1601360.6670883372,408918.6126389072,300.4768773106157,1432.34615779299,1.0284658159545224,225,35:24
2240000,4483.999999996012,-1600023.0061306246,410029.05987948086,301.292843395193,1433.174000500093,1.027871744386837,225,35:21
2245000,4493.999999998049,-1598431.2192306155,408118.91744400584,299.88925447434127,1434.5813334097825,1.0268633960282416,225,35:17
2250000,4504.000000000086,-1601444.2858296912,408048.49228513276,299.8375054681375,1433.3788959289643,1.0277248144840117,225,35:13
2255000,4514.000000002124,-1601842.7842024043,409168.99584949634,300.6608610250358,1433.9254546279244,1.0273330842614394,225,35:10
2260000,4524.000000004161,-1600982.514802007,409974.88865607034,301.25303791912177,1432.6881334105326,1.0282203262179002,225,35:06
2265000,4534.000000006198,-1603333.2929534279,408056.0126650391,299.8430315073067,1434.040786476998,1.0272504616294058,225,35:02
2270000,4544.0000000082355,-1600311.4662207616,408372.1371525595,300.07532247161015,1434.21817468037,1.0271234083560488,225,34:58
2275000,4554.000000010273,-1599913.51252958,407666.5814783134,299.55687415643547,1434.1017708945667,1.0272067783480856,225,34:54
2280000,4564.00000001231,-1602479.7983314646,406624.5652880965,298.7911917901501,1432.830433356544,1.028118209670469,225,34:50
2285000,4574.000000014347,-1602414.1021632869,408629.94968015683,300.26476531140685,1431.9910260079696,1.0287208740480571,225,34:46
2290000,4584.000000016385,-1600138.629972905,409926.3714667758,301.2173870754464,1434.888601727698,1.0266435025897915,225,34:42
2295000,4594.000000018422,-1599606.3252004404,411062.2061767337,302.05200808862725,1433.039048196545,1.0279685412325557,225,34:38
2300000,4604.000000020459,-1601037.9644124992,408813.90323837625,300.39993595181187,1432.365182950091,1.0284521555249373,225,34:34
2305000,4614.000000022496,-1601109.8446266511,408331.4842164642,300.0454503481268,1430.1208434545442,1.0300661420649484,225,34:31
2310000,4624.000000024534,-1600947.811308695,408049.85118209827,299.8385039971948,1433.9733470410465,1.0272987729818142,225,34:27
2315000,4634.000000026571,-1600206.9068479221,409855.83608919266,301.16555707959634,1435.8710212997703,1.0259410755225107,225,34:23
2320000,4644.000000028608,-1601803.387744586,409397.0685127415,300.82845075935865,1430.270163874119,1.0299586030052603,225,34:20
2325000,4654.000000030645,-1602575.5790908607,407503.7216250913,299.4372033500134,1429.6359538560375,1.0304155095782053,225,34:16
2330000,4664.000000032683,-1599522.4152064072,407736.37110884255,299.6081561710024,1430.7852686204499,1.0295878020356335,225,34:12
2335000,4674.00000003472,-1602802.9502840051,408269.65408361686,300.00001704020815,1429.381457258451,1.030598971620445,225,34:08
2340000,4684.000000036757,-1601469.1546873236,408561.5941996691,300.21453712249786,1433.2566355790525,1.0278124819626147,225,34:04
2345000,4694.0000000387945,-1600205.6789630512,407950.0059531368,299.76513687306436,1433.5781109205843,1.0275819982755712,225,34:00
2350000,4704.000000040832,-1598789.3714870932,410254.3003539562,301.4583520131,1435.8879698450958,1.0259289657972501,225,33:56
2355000,4714.000000042869,-1600161.1263807975,408842.65545874287,300.42106332807816,1430.6228965368289,1.0297046576494309,225,33:53
2360000,4724.000000044906,-1603125.2961861063,409361.2378724824,300.8021220999034,1432.23805696808,1.0285434413203305,225,33:49
2365000,4734.000000046944,-1598740.285361643,406779.40787213313,298.904971438931,1435.5755137391297,1.0261522614487733,225,33:45
2370000,4744.000000048981,-1599611.891551788,408585.8851417125,300.23238631347755,1434.3990120441683,1.0269939169886515,225,33:41
2375000,4754.000000051018,-1598509.3799908804,407460.7981651834,299.40566282630573,1437.3915552348114,1.0248557914083782,225,33:37
2380000,4764.000000053055,-1601808.8478287421,409635.7879993585,301.0038638701216,1434.3256820736879,1.027046422102767,225,33:33
2385000,4774.000000055093,-1602228.6685690638,407665.4713788705,299.55605844591554,1431.9627338559335,1.0287411991072803,225,33:29
2390000,4784.00000005713,-1600350.6860651448,409610.29140994884,300.9851287591947,1433.5618949118086,1.0275936219653197,225,33:25
2395000,4794.000000059167,-1600536.1299540792,408738.4895334204,300.34452131948365,1431.8247304745453,1.028840352139791,225,33:21
2400000,4804.000000061204,-1600190.00192245,409362.5613953826,300.8030946357964,1434.2624280299883,1.0270917170487937,225,33:18
2405000,4814.000000063242,-1600041.9099810636,408120.94501065346,299.89074434757276,1430.6633198262846,1.0296755634182073,225,33:15
2410000,4824.000000065279,-1600483.1007949384,409401.0244441922,300.8313576114618,1431.388747728546,1.0291537237815849,225,33:11
2415000,4834.000000067316,-1601429.0104190893,409301.8862052449,300.7585099896118,1433.3547897771662,1.0277420987534482,225,33:07
2420000,4844.0000000693535,-1601499.385606072,409597.48151548,300.97571593970025,1430.4648267092768,1.0298184425077683,225,33:03
2425000,4854.000000071391,-1601050.5264125587,409003.32588722813,300.53912532656693,1431.757352351767,1.0288887690949766,225,32:59
2430000,4864.000000073428,-1602361.515963938,409180.27594109566,300.6691497323599,1432.3495144228618,1.0284634058031974,225,32:55
2435000,4874.000000075465,-1600362.6694993265,408862.5442207906,300.43567775972537,1434.984367637256,1.0265749879418034,225,32:51
2440000,4884.000000077503,-1599913.9646658907,408932.97204756044,300.4874287263224,1432.9370642027586,1.0280417030900724,225,32:47
2445000,4894.00000007954,-1600116.8034498282,407084.2349844593,299.12896099577773,1432.0557776632072,1.028674359533461,225,32:43
2450000,4904.000000081577,-1600095.9363893457,408510.8566721296,300.1772547553805,1432.700711441245,1.028211299219631,225,32:39
2455000,4914.000000083614,-1601539.6410344746,408869.9797812647,300.4411414728537,1432.379659180644,1.0284417615554193,225,32:36
2460000,4924.000000085652,-1602118.2578771375,409403.5327477262,300.83320073424943,1433.1304815492765,1.0279029571064502,225,32:32
2465000,4934.000000087689,-1602439.2155204043,410042.4001720686,301.30264595574005,1432.9157414633305,1.0280570010344818,225,32:28
2470000,4944.000000089726,-1600836.6504827328,407808.76912437764,299.66135484907454,1433.645554072229,1.0275336576181888,225,32:24
2475000,4954.0000000917635,-1601324.966761616,410135.2106515947,301.370843886105,1433.4819580975745,1.0276509247866095,225,32:20
2480000,4964.000000093801,-1599187.4956808127,407762.2030665786,299.62713771343033,1431.250494265447,1.0292531361953754,225,32:16
2485000,4974.000000095838,-1598999.9591270648,406537.3979867995,298.7271405151829,1431.966144686203,1.0287387487269872,225,32:12
2490000,4984.000000097875,-1600626.7166388258,407076.49311774457,299.1232722062165,1433.3110044793611,1.027773494587095,225,32:09
2495000,4994.0000000999125,-1600854.8538233032,408130.77969883924,299.8979709601652,1434.4664272320952,1.0269456516639293,225,32:05
2500000,5004.00000010195,-1601811.5453765672,407461.52154182945,299.4061943696226,1432.0049674038564,1.0287108588558695,225,32:01
2505000,5014.000000103987,-1600622.1197845126,405820.1706455662,298.20011575975593,1434.6606352090562,1.0268066354864698,225,31:58
2510000,5024.000000106024,-1596915.093383764,407524.1942774836,299.45224682925596,1435.1638026586334,1.0264466377809607,225,31:54
2515000,5034.000000108062,-1598895.424364415,409043.0028576532,300.56828030216843,1437.1651097748968,1.0250172717695791,225,31:50
2520000,5044.000000110099,-1598180.6141107092,409305.39266763197,300.761086568021,1433.3751164081036,1.027727524386905,225,31:46
2525000,5054.000000112136,-1599666.964569022,409060.3145383082,300.5810010724719,1433.8160052999426,1.027411505003899,225,31:42
2530000,5064.000000114173,-1600556.6427428229,409065.7006944482,300.5849588658509,1435.7083911497043,1.0260572891993964,225,31:38
2535000,5074.000000116211,-1601738.8261602558,407948.84366235416,299.7642828119038,1433.2616564648995,1.027808881413391,225,31:34
2540000,5084.000000118248,-1600130.78921266,408685.2330117982,300.3053879740724,1434.1701396811925,1.027157810042927,225,31:30
2545000,5094.000000120285,-1600161.618292301,407481.6365002112,299.42097501226147,1433.4198774781248,1.0276954317778906,225,31:26
2550000,5104.0000001223225,-1601008.1871864405,407590.9046069562,299.50126614719534,1433.0240168846526,1.0279793238262713,225,31:22
2555000,5114.00000012436,-1600777.1995237293,408073.20332443423,299.85566335015835,1433.88156554317,1.0273645294727383,225,31:19
2560000,5124.000000126397,-1598256.742796165,407332.5547471846,299.31142847114336,1434.0602285252803,1.0272365348412027,225,31:15
2565000,5134.000000128434,-1600509.239668331,407989.23441639286,299.79396228178035,1434.186792758254,1.0271458831877565,225,31:11
2570000,5144.000000130472,-1602829.9189327275,408558.3362117158,300.21214312521755,1432.0820867448915,1.0286554615401116,225,31:07
2575000,5154.000000132509,-1601046.168575773,409215.12385451316,300.69475627576696,1432.283135239398,1.0285110699552213,225,31:03
2580000,5164.000000134546,-1600789.5211653123,410034.609316215,301.29692116854244,1432.2655321686652,1.028523710734956,225,31:00
2585000,5174.000000136583,-1602092.3440449378,409450.5109069898,300.8677206855577,1432.2922828231324,1.028504501190419,225,30:56
2590000,5184.000000138621,-1600745.6193672065,409609.7544968741,300.9847342308971,1430.1684421980715,1.0300318594918854,225,30:52
2595000,5194.000000140658,-1599517.676256692,407869.6017509089,299.7060551808612,1434.813251800912,1.026697417280542,225,30:48
2600000,5204.000000142695,-1600542.0521234404,407813.0327544741,299.6644878007617,1433.4800674224682,1.02765228019717,225,30:44
2605000,5214.000000144732,-1599722.8052013973,408622.370794588,300.2591962817788,1434.0267935397617,1.0272604853272198,225,30:41
2610000,5224.00000014677,-1599373.8474649172,407075.06867233117,299.1222255116017,1435.7760692065212,1.0260089240225383,225,30:37
2615000,5234.000000148807,-1600793.6265243152,409059.4907900002,300.5803957752034,1432.9138167126928,1.0280583819642666,225,30:33
2620000,5244.000000150844,-1600885.2110041464,408758.1388033781,300.3589597703045,1436.2127831267467,1.0256969421319297,225,30:29
2625000,5254.0000001528815,-1598011.4304848472,407973.86557345383,299.7826691251681,1432.008249221938,1.028708501298293,225,30:25
2630000,5264.000000154919,-1601561.3526606401,407810.29838036385,299.6624785593903,1434.143427056226,1.027176942077313,225,30:21
2635000,5274.000000156956,-1600234.080176617,409523.70971687045,300.9215077941313,1432.0609182362089,1.0286706669701262,225,30:18
2640000,5284.000000158993,-1602233.7252825964,408727.18915581045,300.33621770582624,1435.098584135947,1.0264932849828132,225,30:14
2645000,5294.000000161031,-1600941.6857257253,409104.8604551494,300.61373379134477,1431.9715358240442,1.0287348756944177,225,30:10
2650000,5304.000000163068,-1600403.4466931578,410226.2549376929,301.4377440025052,1432.747398913976,1.028177793950642,225,30:06
2655000,5314.000000165105,-1600337.228484571,408937.1787155053,300.4905198217357,1433.039064390167,1.0279685296163101,225,30:03
2660000,5324.000000167142,-1601939.1639683722,409552.95736338873,300.94299921375097,1430.8825976534733,1.0295177691864332,225,29:59
2665000,5334.00000016918,-1603348.5625944054,409363.9472159387,300.8041129485372,1432.7665360999756,1.0281640607783578,225,29:55
2670000,5344.000000171217,-1602415.1072455524,407306.09074618435,299.2919824979449,1432.1835632504558,1.0285825767756545,225,29:51
2675000,5354.000000173254,-1600588.0942968782,410920.6218408494,301.94797071344374,1434.3720900763237,1.0270131928079465,225,29:47
2680000,5364.0000001752915,-1599834.3473883513,409456.794696075,300.87233806726556,1430.6134713692518,1.0297114415495878,225,29:43
2685000,5374.000000177329,-1600705.7574831713,410393.3946047524,301.56055965256496,1434.406665291861,1.0269884374834206,225,29:39
2690000,5384.000000179366,-1602189.5012905523,407532.0315921769,299.45800575480433,1432.1664681810573,1.0285948544618893,225,29:35
2695000,5394.000000181403,-1602543.362064721,407845.57122099295,299.6883973429295,1430.8105155203366,1.0295696347801648,225,29:31
2700000,5404.0000001834405,-1601319.438638159,409209.96244654094,300.69096362925467,1433.9030058479802,1.0273491678976714,225,29:27
2705000,5414.000000185478,-1599499.2362815402,408304.08701526077,300.02531865147563,1431.388598305291,1.0291538312153727,225,29:24
2710000,5424.000000187515,-1603026.258507168,409920.7415048671,301.21325013151335,1430.779138571159,1.0295922132153927,225,29:20
2715000,5434.000000189552,-1602540.5537759066,407345.9746398746,299.32128952252293,1430.8013596378337,1.0295762231290932,225,29:16
2720000,5444.00000019159,-1602456.7713569226,408846.7216507812,300.42405120059965,1434.1503795175845,1.0271719625381377,225,29:12
2725000,5454.000000193627,-1599355.6208547447,410416.1706761762,301.5772957037187,1435.0214083063495,1.0265484900622541,225,29:08
2730000,5464.000000195664,-1604086.41704942,409345.5048933163,300.79056137289194,1432.689052339643,1.0282196667156949,225,29:04
2735000,5474.000000197701,-1599828.83346086,409527.38524021837,300.92420859997367,1432.5931191489994,1.0282885211531425,225,29:00
2740000,5484.000000199739,-1599647.876509673,408100.56319656153,299.8757676170866,1435.2333902006885,1.0263968703361244,225,28:56
2745000,5494.000000201776,-1599359.1685910942,409549.8855006731,300.94074198287956,1434.7273931634495,1.0267588581101756,225,28:53
2750000,5504.000000203813,-1600052.8303290568,407294.2529808652,299.28328400722455,1434.276368057117,1.0270817345330678,225,28:49
2755000,5514.0000002058505,-1600758.9884398058,408300.6071328798,300.0227616042811,1431.9139858483393,1.0287762215208345,225,28:45
2760000,5524.000000207888,-1598746.2500653537,409864.6723481447,301.17205003788916,1433.2970075111823,1.0277835313853465,225,28:42
2765000,5534.000000209925,-1603190.4088774584,406405.73397912015,298.630392681607,1432.8016571186915,1.028138858288507,225,28:38
2770000,5544.000000211962,-1601184.987540382,407047.43314298155,299.10191868940007,1432.6607346207647,1.0282399903239041,225,28:34
2775000,5554.000000214,-1602941.0443252465,408431.9353962108,300.119262730052,1432.5217757960327,1.0283397326266126,225,28:30
2780000,5564.000000216037,-1599790.3954770043,408715.1094106622,300.3273414062677,1432.360100536626,1.0284558047602668,225,28:26
2785000,5574.000000218074,-1601262.9886006964,407515.075796902,299.4455464921075,1432.9115394563087,1.0280600158072841,225,28:22
2790000,5584.000000220111,-1599091.295444223,408057.0305801679,299.8437794800079,1432.325405231263,1.0284807171077461,225,28:18
2795000,5594.000000222149,-1598807.2488568872,407855.2282597341,299.69549341719784,1432.5850380610495,1.0282943216395055,225,28:14
2800000,5604.000000224186,-1601555.786759018,408366.37190062104,300.0710861154116,1432.4753437468123,1.0283730650824128,225,28:10
2805000,5614.000000226223,-1601240.2091076123,408763.4929042657,300.3628940092112,1429.7841532417765,1.03030870538316,225,28:07
2810000,5624.00000022826,-1601014.2295618644,407508.83348803886,299.4409595904199,1434.0480538217837,1.0272452558182992,225,28:03
2815000,5634.000000230298,-1601594.5690565435,406993.3112026995,299.0621494269911,1430.896616328743,1.0295076828705345,225,27:59
2820000,5644.000000232335,-1600402.4868040672,408785.559499128,300.3791087309484,1431.965066243877,1.028739523491285,225,27:56
2825000,5654.000000234372,-1601188.7710868064,408541.62839890836,300.1998660821486,1433.400942903092,1.0277090071674981,225,27:52
2830000,5664.0000002364095,-1599631.1648667715,407288.7198256447,299.2792181976699,1433.3618034321937,1.0277370698566821,225,27:48
2835000,5674.000000238447,-1599646.1797586288,408853.56997870083,300.42908341024844,1433.9661968862997,1.0273038953795486,225,27:44
2840000,5684.000000240484,-1601347.0292483205,408311.9790193306,300.0311177632434,1434.8530430792648,1.026668944955162,225,27:40
2845000,5694.000000242521,-1603572.4686580086,407998.4348407116,299.8007228318844,1428.1134126128736,1.0315140568623864,225,27:36
2850000,5704.000000244559,-1602250.9524068115,409523.1040877253,300.9210627726803,1436.114094692048,1.0257674270788213,225,27:32
2855000,5714.000000246596,-1600441.623055323,408532.98108199146,300.1935119600715,1436.4683625090743,1.0255144480389395,225,27:29
2860000,5724.000000248633,-1602004.2948160376,409688.7792893962,301.0428023211069,1432.0102302120506,1.0287070782209107,225,27:25
2865000,5734.00000025067,-1600070.583955586,408951.0970436583,300.50074712773636,1433.9323158432533,1.027328168580673,225,27:21
2870000,5744.000000252708,-1600717.0256053824,409175.31023241393,300.6655008873521,1433.7624152030617,1.027449906821038,225,27:17
2875000,5754.000000254745,-1600164.793939285,409135.48249419965,300.6362351262958,1434.670496877333,1.0267995774013932,225,27:14
2880000,5764.000000256782,-1602788.8383011427,409480.660153643,300.8898746086309,1433.6932995021514,1.0274994382797433,225,27:10
2885000,5774.0000002588195,-1599592.012316404,408353.1854707493,300.06139661449805,1433.6508268835985,1.0275298784614717,225,27:06
2890000,5784.000000260857,-1603642.1884513851,409719.6045492542,301.0654529844373,1434.5302117475824,1.0268999898644868,225,27:02
2895000,5794.000000262894,-1600419.9055303596,408516.5281256422,300.1814221876973,1433.3036536355417,1.0277787656281765,225,26:58
2900000,5804.000000264931,-1599563.1690510279,409439.748034333,300.8598120351151,1434.3832837987827,1.0270051781435454,225,26:54
2905000,5814.0000002669685,-1601543.478914708,408704.4038772604,300.3194748891978,1431.0118441412556,1.0294247849415288,225,26:51
2910000,5824.000000269006,-1602732.9231516588,408654.93103933486,300.28312182677394,1430.5108371701779,1.0297853197798919,225,26:47
2915000,5834.000000271043,-1600373.9989518588,407314.0188435897,299.29780813140286,1434.2987198055137,1.0270657287511507,225,26:43
2920000,5844.00000027308,-1601299.1093184156,409202.834211588,300.68572574153524,1429.3884232782707,1.030593949071818,225,26:39
2925000,5854.000000275118,-1601977.030084013,408936.63815574266,300.49012261382086,1432.6664155211058,1.0282359130810452,225,26:35
2930000,5864.000000277155,-1599894.374973584,408611.8711419202,300.2514810476248,1431.997536498134,1.0287161970308405,225,26:31
2935000,5874.000000279192,-1601029.383636049,407361.71016439644,299.3328521198835,1435.8852534020957,1.0259309066748734,225,26:27
2940000,5884.000000281229,-1601869.5535061825,407797.1456339974,299.6528138094032,1431.6307583122516,1.028979750086224,225,26:23
2945000,5894.000000283267,-1599902.813514484,408078.7185422574,299.8597159791607,1431.8060167959945,1.028853799064447,225,26:19
2950000,5904.000000285304,-1601584.9024866065,408626.3735060288,300.2621375082169,1435.3682225171567,1.026300455029256,225,26:15
2955000,5914.000000287341,-1600463.6984159173,407341.66952580353,299.31812608805814,1433.189842710071,1.0278603824866062,225,26:12
2960000,5924.0000002893785,-1603149.9862521486,408269.10409895243,299.9996129067953,1431.4782433053267,1.0290893814092599,225,26:08
2965000,5934.000000291416,-1598512.5759644434,409166.96029526537,300.6593652824601,1432.8347674772317,1.0281150997596105,225,26:04
2970000,5944.000000293453,-1602508.7471339619,409068.935777625,300.58733603250647,1431.1382143152016,1.029333886251356,225,26:01
2975000,5954.00000029549,-1601525.7357573593,407794.25997311785,299.6506934012259,1430.0297914348555,1.030131727833308,225,25:57
2980000,5964.000000297528,-1601314.713144525,409057.81154438877,300.5791618512343,1432.1981492266327,1.0285721013529843,225,25:53
2985000,5974.000000299565,-1599047.8069060622,410342.09625293274,301.5228651869927,1435.0450174171763,1.026531601465188,225,25:49
2990000,5984.000000301602,-1601903.4463421796,409674.6788114214,301.03244116986673,1433.0761629625003,1.0279419182150193,225,25:45
2995000,5994.000000303639,-1598110.9732383694,407986.28223919723,299.7917929968479,1435.041267222306,1.026534284101314,225,25:41
3000000,6004.000000305677,-1600553.2325215945,410749.51398525276,301.8222392046694,1432.80143372974,1.0281390185862678,225,25:37
3005000,6014.000000307714,-1599629.4455995793,410058.76557848824,301.3146713956806,1433.8068738144511,1.0274180482793032,225,25:34
3010000,6024.000000309751,-1599420.4756042631,408240.8073436919,299.97882021016585,1433.8273070546354,1.0274034067114888,225,25:30
3015000,6034.000000311788,-1601891.8917174889,410298.5937533243,301.4908991799842,1431.0312688543688,1.0294108116052683,225,25:26
3020000,6044.000000313826,-1600142.410354888,407220.3017138784,299.2289439867643,1432.198716746871,1.0285716937730323,225,25:22
3025000,6054.000000315863,-1601524.445162057,410245.8781834321,301.45216333050877,1432.1415007648868,1.028612786597637,225,25:18
3030000,6064.0000003179,-1602860.1188026033,409532.3701197811,300.927871531908,1430.257671372205,1.029967599118392,225,25:14
3035000,6074.0000003199375,-1600216.4305817047,406441.44243057066,298.6566315556857,1435.2178739308765,1.0264079668052135,225,25:10
3040000,6084.000000321975,-1600315.8885530718,408634.6382180546,300.26821048896323,1438.4817405500985,1.0240790816993952,225,25:07
3045000,6094.000000324012,-1602983.7364108237,409899.2838886066,301.19748289243637,1433.6918523266277,1.0275004754426702,225,25:03
3050000,6104.000000326049,-1599932.5787529321,410901.9048943991,301.93421734187217,1434.4205893543883,1.0269784684050873,225,24:59
3055000,6114.000000328087,-1599237.626288237,410381.1787249619,301.55158332011246,1434.1221294351371,1.0271921963048678,225,24:55
3060000,6124.000000330124,-1602091.3073860398,408618.9908968757,300.2567127041699,1432.848368887995,1.0281053403069793,225,24:51
3065000,6134.000000332161,-1599528.392542989,408753.34930884955,300.3554404089564,1435.8500874606157,1.0259560331323927,225,24:48
3070000,6144.000000334198,-1600028.766086339,409274.1344559589,300.73811776801165,1435.0083650701263,1.0265578206799537,225,24:44
3075000,6154.000000336236,-1602282.4879077626,408800.9698868732,300.3904324150379,1434.0808171846745,1.0272217871206561,225,24:40
3080000,6164.000000338273,-1600076.0376547836,409101.214480881,300.61105469841755,1433.2370153865966,1.0278265521258103,225,24:36
3085000,6174.00000034031,-1602549.9626123607,407348.4262822316,299.32309101019547,1434.495153498198,1.0269250867188398,225,24:32
3090000,6184.000000342347,-1600589.1317100907,410588.13524929946,301.703656735824,1432.5448568227841,1.0283231641144537,225,24:28
3095000,6194.000000344385,-1600825.7558566397,406412.9036845907,298.63566104221576,1432.5562439054352,1.0283149901939452,225,24:24
3100000,6204.000000346422,-1598357.133311809,407773.59796331415,299.63551078054576,1435.3884283225948,1.0262860079103395,225,24:20
3105000,6214.000000348459,-1601402.6533918325,409983.7109771301,301.2595206357327,1431.3516481758481,1.0291803986681216,225,24:17
3110000,6224.0000003504965,-1600279.5252213702,408144.9780416921,299.9084040233508,1432.3780277925503,1.0284429328856213,225,24:13
3115000,6234.000000352534,-1601483.0318484623,408441.205652476,300.1260745932647,1434.698965582611,1.0267792026361988,225,24:09
3120000,6244.000000354571,-1600306.6170871323,409863.274097565,301.17102259146117,1435.0336956250621,1.0265397003533365,225,24:05
3125000,6254.000000356608,-1599686.3617527904,408712.44642920716,300.32538462482705,1436.3931962897911,1.0255681130410284,225,24:01
3130000,6264.000000358646,-1599623.6037342623,408560.18026531354,300.2134981514979,1433.9344674053452,1.0273266271152894,225,23:57
3135000,6274.000000360683,-1600095.6042859508,408991.90147330414,300.5307305699702,1434.8519457475375,1.0266697301207743,225,23:54
3140000,6284.00000036272,-1598937.6547911642,409880.6481058075,301.1837891606065,1434.2882986875468,1.0270731911094009,225,23:50
3145000,6294.000000364757,-1599492.4498298801,408359.1598115611,300.0657866109806,1432.3881612761213,1.0284356571276627,225,23:46
3150000,6304.000000366795,-1599668.8714080593,411022.93011604913,302.0231477049157,1431.0164733262638,1.029421454862616,225,23:42
3155000,6314.000000368832,-1602826.9102953244,408708.6628051275,300.32260438564686,1432.131840335069,1.0286197250940485,225,23:39
3160000,6324.000000370869,-1600999.3227899866,408612.90314670675,300.25223937352644,1432.968765848251,1.0280189596678853,225,23:35
3165000,6334.0000003729065,-1601022.8970318167,409323.42925418296,300.77434000534737,1432.2824688458143,1.0285115484873495,225,23:31
3170000,6344.000000374944,-1600135.7380330171,408197.58851661335,299.9470626481469,1434.6301148917908,1.0268284797681142,225,23:27
3175000,6354.000000376981,-1599152.0232432727,408101.24298857036,299.87626713404114,1433.8874668905687,1.027360301222521,225,23:23
3180000,6364.000000379018,-1600401.1890304862,408846.5612596316,300.4239333438176,1433.6930210472244,1.0274996378428833,225,23:19
3185000,6374.0000003810555,-1601110.1168791335,408683.49122088175,300.3041080912808,1434.7124424276449,1.0267695576761435,225,23:15
3190000,6384.000000383093,-1600587.6500124112,408624.7998646883,300.260981183165,1434.528213928501,1.026901419993483,225,23:11
3195000,6394.00000038513,-1601947.4234827273,409401.98064628243,300.83206023689695,1431.5038698593419,1.0290709588152491,225,23:08
3200000,6404.000000387167,-1600493.620381495,407325.7513657799,299.30642928857634,1436.5413692385753,1.0254623301831571,225,23:04
3205000,6414.000000389205,-1599738.6295122607,408642.34578031464,300.2738740713192,1433.6498745947656,1.027530560988807,225,23:00
3210000,6424.000000391242,-1601887.9410480466,407793.00082432496,299.64976816797497,1431.2555000500815,1.0292495364051675,225,22:56
3215000,6434.000000393279,-1599064.8851229632,409241.14027883357,300.7138733658112,1430.9390407817743,1.0294771600466457,225,22:52
3220000,6444.000000395316,-1601701.2637668727,408127.72576698544,299.8957269050437,1432.3125513414855,1.0284899469212834,225,22:49
3225000,6454.000000397354,-1599999.212091649,407194.9473931454,299.21031341607204,1431.2123262703512,1.02928058462349,225,22:45
3230000,6464.000000399391,-1599733.2116080401,410374.7769240757,301.5468792223287,1433.291931465833,1.0277871713108215,225,22:41
3235000,6474.000000401428,-1600257.5212256564,407731.5568665933,299.6046186248185,1432.0465485479067,1.0286809890346325,225,22:37
3240000,6484.0000004034655,-1601493.3623118158,409501.72929724713,300.90535639469323,1433.5049618488538,1.027634433859194,225,22:33
3245000,6494.000000405503,-1601754.7948849285,409863.3798597212,301.17110030639384,1432.7513065067787,1.0281749897653454,225,22:29
3250000,6504.00000040754,-1600523.6863802616,407116.3269953446,299.1525424785457,1434.6156863953752,1.026838806987578,225,22:25
3255000,6514.000000409577,-1601565.028264789,407768.4915508267,299.6317585451838,1433.2919948508304,1.0277871258586126,225,22:22
3260000,6524.000000411615,-1598765.8031230485,411526.5560232753,302.3932163084441,1434.6336626522507,1.0268259404846898,225,22:18
3265000,6534.000000413652,-1601893.2095860895,408426.02536884433,300.11491999163655,1434.5362317254965,1.0268956805168927,225,22:14
3270000,6544.000000415689,-1601901.5490156813,408181.81973648694,299.93547561428505,1434.311248686246,1.027056757208864,225,22:10
3275000,6554.000000417726,-1599955.446650059,409197.5896626925,300.6818720023649,1437.3347046977747,1.024896327270997,225,22:06
3280000,6564.000000419764,-1599724.6490510665,407714.50936595397,299.5920919762392,1431.550852712499,1.029037185170635,225,22:02
3285000,6574.000000421801,-1600000.9237782592,409045.49813936127,300.57011385640754,1433.8489346910512,1.0273879097460867,225,21:58
3290000,6584.000000423838,-1600541.5830617845,408242.9729016915,299.98041148061736,1431.2588152427834,1.0292471523775442,225,21:54
3295000,6594.000000425875,-1602003.2651254022,407735.7313486899,299.60768606979656,1434.1846277734248,1.0271474337240063,225,21:51
3300000,6604.000000427913,-1601221.7158341128,407945.13470113766,299.76155743563106,1433.0289826604471,1.0279757616409246,225,21:47
3305000,6614.00000042995,-1598773.895274694,409143.06150048657,300.6418042446284,1433.7188016599637,1.0274811617161685,225,21:43
3310000,6624.000000431987,-1600752.1463336898,409076.95561866905,300.5932290799711,1433.937780261908,1.0273242536610117,225,21:39
3315000,6634.0000004340245,-1601386.5935355807,408951.7007268317,300.50119071927065,1430.324665818286,1.0299193568483445,225,21:35
3320000,6644.000000436062,-1601993.403473991,408731.78808240255,300.33959703623253,1431.585141672145,1.0290125379362587,225,21:32
3325000,6654.000000438099,-1600274.0778862191,408575.6012264817,300.22482960502856,1436.996367653398,1.025137636436397,225,21:28
3330000,6664.000000440136,-1601678.140126899,408644.9497606687,300.27578749824863,1431.3149699850132,1.0292067719513314,225,21:24
3335000,6674.000000442174,-1599670.2484424002,408600.1995447693,300.2429046586889,1435.4326816837254,1.0262543682480196,225,21:20
3340000,6684.000000444211,-1599398.6199949738,407698.8545438516,299.58058867970345,1432.5071160830196,1.0283502562499796,225,21:16
3345000,6694.000000446248,-1601704.0630858736,409477.014803083,300.8871959740099,1431.7875577632544,1.0288670633548502,225,21:12
3350000,6704.000000448285,-1600111.0314080287,406812.7259636341,298.9294538561718,1434.3553630552826,1.0270251695270551,225,21:08
3355000,6714.000000450323,-1599760.963334524,409318.5224621664,300.77073445280666,1433.1915241802483,1.0278591765650313,225,21:05
3360000,6724.00000045236,-1603004.69472605,408951.3561520065,300.5009375227561,1434.0368933623952,1.0272532504026874,225,21:01
3365000,6734.000000454397,-1600458.5607609442,409772.79058497807,301.1045345362104,1429.9970089825083,1.0301553434381425,225,20:57
3370000,6744.0000004564345,-1598481.9260026934,407490.05358348635,299.4271599566988,1433.6839310144383,1.027506152532205,225,20:53
3375000,6754.000000458472,-1600677.128236127,409169.7775026369,300.66143539041695,1434.5777270135388,1.0268659774682183,225,20:49
3380000,6764.000000460509,-1601423.444411859,407619.5196250306,299.5222927060495,1433.731412297703,1.0274721243242253,225,20:45
3385000,6774.000000462546,-1599450.4661041675,408140.67424438,299.9052415564516,1435.0426456348969,1.0265332980764135,225,20:42
3390000,6784.0000004645835,-1601225.3320847508,408870.88991601183,300.4418102476131,1434.2132783722489,1.0271269148866053,225,20:38
3395000,6794.000000466621,-1601461.9172701444,407668.3415967822,299.5581675064686,1432.9056190559443,1.0280642634889257,225,20:34
3400000,6804.000000468658,-1601231.873671608,410476.95036294474,301.62195713491707,1431.1591137393373,1.0293188547393042,225,20:30
3405000,6814.000000470695,-1602272.6488282364,408197.1839519008,299.94676537055244,1433.2886604762853,1.0277895168823643,225,20:26
3410000,6824.000000472733,-1600655.8477524668,407457.72711390007,299.4034061916817,1431.9696311249038,1.0287362440407783,225,20:23
3415000,6834.00000047477,-1600580.6345313573,409504.7288449191,300.907560487855,1432.874738271412,1.028086419948355,225,20:19
3420000,6844.000000476807,-1601171.7214631122,409666.5382951112,301.02645944918936,1430.7310084394758,1.0296268489425207,225,20:15
3425000,6854.000000478844,-1600468.8214217285,408688.7932181155,300.3080040439791,1435.4736856062739,1.0262250535660071,225,20:11
3430000,6864.000000480882,-1599767.8341156691,407368.8210764612,299.3380772785972,1432.9770024520988,1.0280130507210534,225,20:07
3435000,6874.000000482919,-1601812.1142793968,408303.34733553417,300.02477512851635,1431.6807299186792,1.0289438344173054,225,20:03
3440000,6884.000000484956,-1602417.6132501299,407487.73836921726,299.4254587175467,1430.5434986695482,1.029761808203624,225,19:59
3445000,6894.0000004869935,-1600713.3781876983,407388.74053857976,299.35271426891785,1435.616249937758,1.0261231439583944,225,19:55
3450000,6904.000000489031,-1599833.407666725,407855.7681255148,299.6958901151688,1434.9149080276618,1.0266246811309134,225,19:52
3455000,6914.000000491068,-1601452.5500655556,409817.35570614436,301.1372813665848,1434.0711565403215,1.0272287070174213,225,19:48
3460000,6924.000000493105,-1599911.2838534415,408784.46213876095,300.3783023812099,1433.941710472336,1.0273214379255706,225,19:44
3465000,6934.000000495143,-1602132.0262481337,409308.0733185209,300.7630563331121,1434.2467139484884,1.0271029702054455,225,19:40
3470000,6944.00000049718,-1599469.106693564,408415.09947247256,300.10689154998056,1433.4963268897195,1.0276406240259737,225,19:36
3475000,6954.000000499217,-1600873.8236613143,408798.29652539827,300.3884680062702,1433.3727841912812,1.0277291965851274,225,19:33
3480000,6964.000000501254,-1601405.0071965978,409805.8699164021,301.12884151051435,1432.7068333475495,1.0282069057086292,225,19:29
3485000,6974.000000503292,-1600684.1639437657,408109.4934072088,299.88232961188476,1428.6677486860324,1.0311138200318042,225,19:25
3490000,6984.000000505329,-1601714.139910031,409055.7772669527,300.57766704685827,1431.7196285269927,1.0289158788857935,225,19:21
3495000,6994.000000507366,-1600484.3263360746,409691.8189962885,301.04503592360555,1431.5394798861553,1.0290453603284793,225,19:17
3500000,7004.000000509403,-1600082.2512638513,409194.11390930973,300.67931798919335,1433.6492521855475,1.0275310070843162,225,19:13
3505000,7014.000000511441,-1601556.1591534168,410449.2578389795,301.6016084325867,1433.4502721968024,1.027673640639306,225,19:10
3510000,7024.000000513478,-1599631.0552538466,407951.6099599828,299.7663155109483,1436.16085323185,1.0257340301324005,225,19:06
3515000,7034.000000515515,-1602918.3859373964,408473.0713599837,300.1494897863845,1430.332585108192,1.0299136545172562,225,19:02
3520000,7044.0000005175525,-1600343.6474003503,407820.3123825324,299.66983693342365,1433.95618267274,1.027311069685656,225,18:58
3525000,7054.00000051959,-1602268.9236280806,409557.4382880011,300.94629183529804,1432.7158397836229,1.0282004421242188,225,18:54
3530000,7064.000000521627,-1601419.939362594,407147.7672465666,299.1756450427652,1433.9427469589862,1.0273206953541127,225,18:50
3535000,7074.000000523664,-1602032.3751214622,409015.1308626016,300.54779972295614,1434.3673024540528,1.0270166207662008,225,18:46
3540000,7084.000000525702,-1602233.8504001843,407714.5691296852,299.5921358911376,1434.4725830314237,1.0269412446983115,225,18:42
3545000,7094.000000527739,-1602712.8526249481,410042.87074535986,301.30299173699996,1430.4272525531449,1.02984549355764,225,18:39
3550000,7104.000000529776,-1599293.5099802772,407187.742331827,299.20501907568524,1436.4646108301897,1.0255171264209,225,18:35
3555000,7114.000000531813,-1600336.4445467852,411101.4335516655,302.08083269763324,1430.9838117813213,1.0294449509321286,225,18:31
3560000,7124.000000533851,-1601612.2112660846,408516.7154916923,300.18155986586584,1431.5656057825677,1.0290265803770897,225,18:27
3565000,7134.000000535888,-1602193.9939543363,410125.19698360295,301.3634857576276,1432.0656233670834,1.02866728721571,225,18:23
3570000,7144.000000537925,-1601908.9515283154,407361.75784752925,299.3328871578554,1435.1301929537553,1.026470676414346,225,18:19
3575000,7154.0000005399625,-1601403.6539226258,409168.6501887728,300.6606070305939,1436.4231664019355,1.0255467151743838,225,18:16
3580000,7164.000000542,-1601784.6685205083,408574.6667125014,300.2241429162011,1432.9828139717517,1.0280088815726243,225,18:12
3585000,7174.000000544037,-1601034.0505238334,407988.04662850994,299.79308948513346,1432.684896117818,1.0282226495830589,225,18:08
3590000,7184.000000546074,-1598835.6165985428,407550.4967185069,299.47157408680806,1432.5878328750898,1.0282923155555912,225,18:04
3595000,7194.0000005481115,-1600703.3447956247,410724.79923880054,301.8040785986027,1431.4524873175724,1.029107897716116,225,18:00
3600000,7204.000000550149,-1599533.4501932496,409819.55241465033,301.1388955266935,1434.86902505339,1.0266575096281552,225,17:56
3605000,7214.000000552186,-1602784.33832845,407785.1157132979,299.64397412127363,1432.9710580162005,1.0280173152577643,225,17:53
3610000,7224.000000554223,-1601595.5319640134,409361.23007453897,300.80211636990816,1432.1066641242214,1.0286378080677052,225,17:49
3615000,7234.000000556261,-1597420.4160742182,407177.5975539253,299.19756460653,1436.5320459386362,1.025468985581418,225,17:45
3620000,7244.000000558298,-1597620.2387288762,410894.44579665083,301.9287363333544,1431.7581997091568,1.0288881601677837,225,17:41
3625000,7254.000000560335,-1602292.0778074302,410267.96137885493,301.46839025047916,1432.7533815048096,1.0281735007016262,225,17:37
3630000,7264.000000562372,-1599678.3692703713,407958.99012595357,299.77173851972407,1433.9475922039796,1.027317224083278,225,17:33
3635000,7274.00000056441,-1598771.76123928,409126.1317856787,300.6293641460807,1432.7882239455582,1.028148497652551,225,17:29
3640000,7284.000000566447,-1600382.8211339917,407878.7108861563,299.7127486509786,1434.5079573112546,1.0269159208185974,225,17:25
3645000,7294.000000568484,-1602437.4651058149,408231.524990715,299.9719994581864,1432.0514186430767,1.0286774907144944,225,17:22
3650000,7304.0000005705215,-1602573.2864064453,408122.97831218294,299.8922384348442,1433.4090487378808,1.0277031955400144,225,17:18
3655000,7314.000000572559,-1600614.6215496892,407467.19359573734,299.41036224311506,1437.6873647466427,1.024644923525146,225,17:14
3660000,7324.000000574596,-1600700.112767064,408347.5376010095,300.05724651173813,1434.683627542476,1.0267901798163361,225,17:10
3665000,7334.000000576633,-1600732.7061357722,409080.94372355763,300.59615957339025,1434.1811528340727,1.0271499224438103,225,17:06
3670000,7344.000000578671,-1600252.6702260831,409021.26627921633,300.55230807930974,1433.8506478585732,1.027386682221029,225,17:02
3675000,7354.000000580708,-1602340.2913511647,409316.23258605483,300.76905183234834,1434.0558252927426,1.0272396889452862,225,16:59
3680000,7364.000000582745,-1602071.2148218649,408396.12774664233,300.0929509643519,1430.9098060579454,1.029498193154627,225,16:55
3685000,7374.000000584782,-1601419.9949421575,409337.0751062167,300.7843670935762,1431.704878429835,1.0289264792611987,225,16:51
3690000,7384.00000058682,-1598751.3667004928,409137.3393131654,300.6375995326772,1433.658652555722,1.0275242696563969,225,16:47
3695000,7394.000000588857,-1601371.0828285767,408698.20679848944,300.3149212229669,1431.3104896856946,1.0292099935824395,225,16:43
3700000,7404.000000590894,-1601714.5613789596,408243.7904944717,299.98101225475165,1432.9238954953723,1.0280511508914605,225,16:39
3705000,7414.000000592931,-1601722.0792884035,409644.7850687842,301.0104749933193,1433.9253964372922,1.0273331259520058,225,16:36
3710000,7424.000000594969,-1601339.1818716293,408536.3272660895,300.1959707646297,1434.2051159598072,1.0271327605173428,225,16:32
3715000,7434.000000597006,-1602219.2151432913,408757.88080631755,300.35877019186836,1434.6533270411815,1.0268118660708385,225,16:28
3720000,7444.000000599043,-1601074.5673884246,408688.0486187545,300.30745690603055,1433.7834491728318,1.0274348338682202,225,16:24
3725000,7454.0000006010805,-1597869.2353688264,410850.7496612131,301.8966280410902,1434.1091874854724,1.0272014660800124,225,16:20
3730000,7464.000000603118,-1598919.4251585556,409624.4967386036,300.99556695560693,1434.45133034466,1.0269564597565968,225,16:16
3735000,7474.000000605155,-1603361.6290975576,409140.9042104363,300.6402190495365,1432.7679757305023,1.0281630276896838,225,16:12
3740000,7484.000000607192,-1603906.0696208114,409462.5873532689,300.87659456107906,1433.619514206015,1.027552321453823,225,16:08
3745000,7494.00000060923,-1603391.9771192446,408809.29453877994,300.396549440119,1428.529751860165,1.0312134262416761,225,16:05
3750000,7504.000000611267,-1600624.3069302095,408721.4709345121,300.33201590814235,1431.8877295449856,1.028795086030948,225,16:01
3755000,7514.000000613304,-1601747.5183530608,408055.9774417273,299.8430056249174,1431.9335258728215,1.028762182941395,225,15:57
3760000,7524.000000615341,-1602188.1593060158,407794.89556619443,299.65116044042884,1432.1228332229912,1.0286261944365758,225,15:53
3765000,7534.000000617379,-1600926.1166193746,408751.09109253343,300.3537810523853,1433.285330657633,1.0277919046502644,225,15:49
3770000,7544.000000619416,-1601243.2555363579,408604.52842581435,300.2460855573285,1435.8826230198833,1.0259327860697243,225,15:46
3775000,7554.000000621453,-1603428.44603026,407384.3382145192,299.34947940372524,1431.7332559128968,1.0289060855575416,225,15:42
3780000,7564.00000062349,-1601470.3985004863,411384.83592673123,302.28907917517216,1432.6387910638903,1.0282557397527545,225,15:38
3785000,7574.000000625528,-1601000.9541959902,409680.47232579166,301.0366982935408,1435.4921202685384,1.026211874732071,225,15:34
3790000,7584.000000627565,-1602511.8896339647,409329.60462234647,300.7788777184391,1430.0184017073648,1.0301399325666492,225,15:30
3795000,7594.000000629602,-1601185.1511118207,408635.7384731409,300.2690189657661,1436.1569620925893,1.0257368092673145,225,15:26
3800000,7604.0000006316395,-1602198.221831927,409489.64509214833,300.896476817925,1431.6835946015688,1.0289417755840493,225,15:22
3805000,7614.000000633677,-1602423.629697268,407497.5800108864,299.4326904396179,1433.4201011495493,1.0276952714158998,225,15:19
3810000,7624.000000635714,-1601489.640550402,408034.21955013386,299.82701774096984,1433.8941250672062,1.0273555307543,225,15:15
3815000,7634.000000637751,-1602071.583542306,408257.68371479504,299.9912211113053,1432.2302996450012,1.0285490121728509,225,15:11
3820000,7644.000000639789,-1605084.3224098338,406050.8337640308,298.36960898262413,1431.2961144789247,1.0292203304416807,225,15:07
3825000,7654.000000641826,-1602398.1142706843,410792.7041683353,301.8539757188363,1427.8996549672397,1.031668475287705,225,15:03
3830000,7664.000000643863,-1602399.593352695,409527.59300547326,300.9243612676515,1433.4824119375435,1.02765059943273,225,14:59
3835000,7674.0000006459,-1602045.1268714704,410237.1429602511,301.44574461416056,1434.762429579297,1.0267337850042828,225,14:56
3840000,7684.000000647938,-1598121.862888541,408591.461768075,300.23648406599733,1435.7357056670323,1.0260377687127953,225,14:52
3845000,7694.000000649975,-1600007.6027813666,407925.9171731111,299.7474362324562,1437.3226711350676,1.0249049079150445,225,14:48
3850000,7704.000000652012,-1602836.9750132207,408204.37146116595,299.952046813541,1432.8991236920879,1.0280689237272835,225,14:44
3855000,7714.0000006540495,-1598915.8927426422,408514.55067464185,300.1799691398701,1436.5735702473405,1.0254393442935608,225,14:40
3860000,7724.000000656087,-1600346.0398472948,408475.0856587598,300.150969910271,1433.1816769686936,1.027866238856521,225,14:36
3865000,7734.000000658124,-1600291.6470498508,409473.5068938583,300.88461833245213,1434.001806630008,1.0272783849316147,225,14:33
3870000,7744.000000660161,-1598164.304306875,408452.58859632723,300.13443887729903,1435.3395868298712,1.0263209301970566,225,14:29
3875000,7754.0000006621985,-1601469.1374926455,408776.8749728615,300.3727272671245,1433.2669818072418,1.0278050625616173,225,14:25
3880000,7764.000000664236,-1600273.308763641,408335.88677874714,300.04868538836723,1433.7188229329142,1.0274811464708111,225,14:21
3885000,7774.000000666273,-1602016.7769796643,408054.3103658112,299.841780643344,1434.6804687152567,1.0267924405655686,225,14:17
3890000,7784.00000066831,-1602958.8900033534,409697.2306679531,301.0490124660092,1433.4977093194166,1.0276396329948005,225,14:13
3895000,7794.000000670348,-1600251.4075301392,407236.1170272882,299.24056521367885,1432.548769053288,1.0283203558070946,225,14:09
3900000,7804.000000672385,-1602496.873912192,408728.4818129265,300.3371675612783,1434.079433712735,1.0272227780926237,225,14:05
3905000,7814.000000674422,-1599917.2220746316,409924.4129383055,301.21594793205537,1435.5816833802942,1.0261478513958262,225,14:02
3910000,7824.000000676459,-1601226.3768962258,406098.65038205567,298.4047450405672,1435.4487036520234,1.0262429135614732,225,13:58
3915000,7834.000000678497,-1601449.3647445152,407480.84190896415,299.4203911398495,1434.26278259113,1.0270914631435706,225,13:54
3920000,7844.000000680534,-1601566.3333462924,407746.8035834292,299.6158220421306,1434.7017237551843,1.0267772286828754,225,13:50
3925000,7854.000000682571,-1600747.2707683826,408542.7591697519,300.2006969821896,1435.6480144295672,1.0261004404266973,225,13:46
3930000,7864.0000006846085,-1601269.8635760183,407698.20956257253,299.5801147419695,1434.7382400190058,1.0267510956454176,225,13:42
3935000,7874.000000686646,-1600624.6934653763,408662.3772280872,300.28859334965165,1433.795212518352,1.027426404442006,225,13:39
3940000,7884.000000688683,-1599416.6447955864,409391.75797515333,300.82454853113524,1436.4845063102416,1.025502922887592,225,13:35
3945000,7894.00000069072,-1602782.057335034,408634.5461309827,300.268142822599,1435.8491461274045,1.0259567057423877,225,13:31
3950000,7904.000000692758,-1602658.0595307266,409662.40879438055,301.0234250569019,1435.9718589864212,1.0258690312661778,225,13:27
3955000,7914.000000694795,-1600451.959569946,407695.1256192864,299.5778486341921,1433.721994640745,1.027478873456928,225,13:23
3960000,7924.000000696832,-1600391.759735437,410361.5993467377,301.53719622633236,1433.9485959161557,1.0273165049983612,225,13:19
3965000,7934.000000698869,-1600270.9688386293,409674.858676644,301.03257333636327,1433.3103600005393,1.0277739567188633,225,13:16
3970000,7944.000000700907,-1601784.2264292035,407051.57006533147,299.1049585351566,1430.7861237235416,1.0295871867069704,225,13:12
3975000,7954.000000702944,-1603925.0181539329,409698.2822411953,301.0497851709786,1434.7778904340817,1.0267227211441146,225,13:08
3980000,7964.000000704981,-1601835.173412363,410418.4756857964,301.57898944440797,1432.3482758015139,1.0284642951656182,225,13:04
3985000,7974.000000707018,-1600106.383761826,408728.7862927562,300.33739129564896,1436.1251402307648,1.025759537687073,225,13:00
3990000,7984.000000709056,-1602520.59851747,408911.69411679415,300.4717935216761,1432.7660950120464,1.0281643773064764,225,12:56
3995000,7994.000000711093,-1601840.8867771877,409964.2141911179,301.24519423141294,1435.2381331140546,1.0263934784868398,225,12:52
4000000,8004.00000071313,-1602212.1794392467,409277.2928650494,300.7404385938959,1434.053835400382,1.0272411143425475,225,12:49
4005000,8014.0000007151675,-1598786.3296326762,408066.4324072726,299.85068802259343,1434.2253797841197,1.0271182484064165,225,12:45
4010000,8024.000000717205,-1600636.9041754967,409033.9189785641,300.5616053904911,1437.0267374948785,1.0251159713784674,225,12:41
4015000,8034.000000719242,-1598920.7649333049,408660.15320810035,300.28695912083424,1433.3045765356428,1.0277781038448108,225,12:37
4020000,8044.000000721279,-1600175.4661564445,407287.21620641963,299.27811332546446,1435.0178813328696,1.0265510131034978,225,12:33
4025000,8054.000000723317,-1602093.44241298,408312.85985225136,300.0317650067713,1435.258163943016,1.026379153877699,225,12:29
4030000,8064.000000725354,-1600597.4990137387,411352.0895964006,302.26501689290626,1433.3190783337068,1.027767705161962,225,12:26
4035000,8074.000000727391,-1601664.9760140963,408800.0963601103,300.38979054013697,1436.3121260303346,1.0256259995348533,225,12:22
4040000,8084.000000729428,-1599161.2039303249,409032.2461821653,300.56037620545834,1433.972466259224,1.0272994039744636,225,12:18
4045000,8094.000000731466,-1599860.1079363823,409304.951556725,300.76076243597186,1436.1363458637818,1.0257515340703023,225,12:14
4050000,8104.000000733503,-1601686.3532548798,409106.648099451,300.6150473675941,1437.07340263759,1.0250826834594144,225,12:10
4055000,8114.00000073554,-1600758.0271350676,408109.0978781778,299.88203897378605,1433.8052447114646,1.02741921564134,225,12:06
4060000,8124.0000007375775,-1601693.2809500461,409377.5132833073,300.81408141031494,1435.3485332562946,1.0263145332109058,225,12:03
4065000,8134.000000739615,-1600007.595421846,409007.0530017806,300.5418640420656,1435.12781961636,1.026472373936482,225,11:59
4070000,8144.000000741652,-1599737.304194197,408173.3896193176,299.9292810924313,1434.0913815020197,1.0272142200317782,225,11:55
4075000,8154.000000743689,-1600719.0296301562,408900.3847506471,300.46348330316516,1434.5524851159869,1.02688404585266,225,11:51
4080000,8164.0000007457265,-1600323.7536465349,409071.31515548273,300.5890844196098,1433.2993208881917,1.027781872519848,225,11:47
4085000,8174.000000747764,-1601893.8149259975,407884.3575246232,299.7168978489887,1432.2076066361728,1.028565309301637,225,11:43
4090000,8184.000000749801,-1601636.8403978255,406981.72070751415,299.0536326324698,1434.707289033482,1.0267732457791352,225,11:39
4095000,8194.000000751837,-1600954.012479146,409281.7639794401,300.7437240068086,1432.8195463074708,1.02812602166147,225,11:36
4100000,8204.000000753875,-1601239.5659338543,409416.9963756164,300.8430939226265,1434.7147661007607,1.0267678947136691,225,11:32
4105000,8214.000000755912,-1602232.7911075195,409455.2618698409,300.8712117335012,1432.023806739752,1.0286973254011056,225,11:28
4110000,8224.00000075795,-1604312.322959654,410412.0653679279,301.5742790882731,1430.4906263028452,1.029799869231735,225,11:24
4115000,8234.000000759987,-1599473.4138741447,408410.8220137275,300.1037484368847,1432.5897885220922,1.0282909118203414,225,11:20
4120000,8244.000000762024,-1601601.6860960955,408688.56768715754,300.3078383219115,1433.0413903809506,1.027966861105308,225,11:16
4125000,8254.000000764061,-1602155.5592286037,408027.4437374255,299.82203881611554,1435.4813534664179,1.026219571815814,225,11:13
4130000,8264.000000766098,-1601235.1347201588,409575.29495522473,300.95941306637116,1431.7616879349332,1.0288856534697546,225,11:09
4135000,8274.000000768136,-1602405.175797997,409032.19226823724,300.56033658904505,1431.9869666161537,1.028723790262516,225,11:05
4140000,8284.000000770173,-1602814.4361234764,408177.1209203877,299.93202288421867,1432.0748770135317,1.028660640270399,225,11:01
4145000,8294.00000077221,-1600974.6952088038,407843.8918419711,299.6871633209292,1431.1047430143549,1.0293579607604697,225,10:57
4150000,8304.000000774247,-1600906.4166192766,408746.52416260797,300.350425233402,1429.8846980842825,1.0302362574251855,225,10:53
4155000,8314.000000776285,-1602609.3162775459,407232.8474810997,299.238162723309,1432.1798380401199,1.0285852521983525,225,10:50
4160000,8324.000000778322,-1602159.5813882668,409455.32194418216,300.8712558766385,1434.3725618483527,1.0270128550183715,225,10:46
4165000,8334.00000078036,-1603853.0882713813,405488.8324301099,297.9566456186648,1430.1086852108492,1.0300748992980922,225,10:42
4170000,8344.000000782396,-1599160.4095956823,408293.2237879427,300.01733625957377,1434.002436120467,1.0272779339826303,225,10:38
4175000,8354.000000784434,-1601650.9089568676,406467.4196567263,298.6757198425848,1432.3784315648677,1.028442642978445,225,10:34
4180000,8364.000000786471,-1600632.0884971991,408776.1641890957,300.37220497716316,1433.6912885619306,1.0275008794825768,225,10:30
4185000,8374.000000788508,-1600305.6908539264,407997.8351889502,299.80028220266587,1436.4697248361028,1.025513475455928,225,10:26
4190000,8384.000000790546,-1600715.7011402966,408190.91706834815,299.94216041117386,1435.7595717810436,1.0260207132566803,225,10:23
4195000,8394.000000792583,-1602462.7136239698,407691.6168195531,299.5752703382809,1433.2834139528372,1.0277932790983695,225,10:19
4200000,8404.00000079462,-1600895.778991215,407034.0017112639,299.0920491590447,1431.7579499298884,1.0288883396638584,225,10:15
4205000,8414.000000796657,-1601419.769671075,408080.7408371663,299.86120197867365,1432.7953078353014,1.028143414378927,225,10:11
4210000,8424.000000798695,-1601269.8086434398,409353.58161205775,300.7964962145727,1432.5510525645534,1.0283187166465824,225,10:07
4215000,8434.000000800732,-1599225.8196024578,408809.0986890481,300.3964055280689,1432.774646566022,1.0281582406797645,225,10:03
4220000,8444.00000080277,-1601132.6588671766,407811.6914697167,299.6635022133049,1433.0575045239357,1.0279553020402104,225,10:00
4225000,8454.000000804806,-1600533.241588979,409232.770369899,300.70772308548084,1431.414546034928,1.0291351754000877,225,9:56
4230000,8464.000000806844,-1601916.1937192092,408971.521066293,300.515754873419,1431.540104281522,1.029044911489391,225,9:52
4235000,8474.000000808881,-1601405.3863240397,407871.1704503865,299.7072078745902,1432.7268511123702,1.0281925398132672,225,9:48
4240000,8484.000000810918,-1602642.351462951,409277.6028976208,300.7406664084684,1434.4093219803133,1.0269865353845702,225,9:44
4245000,8494.000000812955,-1600027.6054235548,409508.8784828078,300.91060967709757,1431.3427400348526,1.029186803901365,225,9:40
4250000,8504.000000814993,-1601610.175140733,408784.5823298226,300.378390698625,1430.9241120371466,1.0294879005195283,225,9:36
4255000,8514.00000081703,-1602649.3175569307,407872.68487998523,299.7083206903503,1432.1442894903173,1.0286107836439842,225,9:33
4260000,8524.000000819067,-1600043.2251845263,411165.69686761906,302.1280539292097,1433.06341805402,1.0279510601870394,225,9:29
4265000,8534.000000821105,-1601686.323920983,409428.8061232794,300.85177182573466,1434.8606366843662,1.0266635115922704,225,9:25
4270000,8544.000000823142,-1599642.2856015526,408351.0650164046,300.0598384865961,1433.6934084509467,1.0274993601983171,225,9:21
4275000,8554.000000825179,-1602374.1479422646,408314.28354000347,300.03281114465005,1435.57622490431,1.0261517531067252,225,9:17
4280000,8564.000000827216,-1601931.287737824,408251.41533757135,299.98661505436445,1432.7984796833994,1.0281411383332864,225,9:13
4285000,8574.000000829254,-1599808.8058635565,410060.24565870955,301.31575897122576,1434.0219033305136,1.027263988424846,225,9:09
4290000,8584.00000083129,-1604074.4972695373,408146.5506419159,299.9095595833813,1433.016945970532,1.0279843961693003,225,9:06
4295000,8594.000000833328,-1601736.2222879054,408631.78772882826,300.2661159252162,1435.1358929102116,1.0264665995612845,225,9:02
4300000,8604.000000835365,-1602517.8212897116,406917.9660126362,299.0067851399891,1432.9480560875518,1.0280338171685173,225,8:58
4305000,8614.000000837403,-1601712.0937042516,408542.86453771405,300.20077440746513,1432.0969361535606,1.0286447954148357,225,8:54
4310000,8624.00000083944,-1603133.4614805467,410120.9643523982,301.36037558418985,1433.8097606072245,1.027415979704323,225,8:50
4315000,8634.000000841477,-1602250.2756026387,407892.53142827353,299.72290410296773,1431.5491956383992,1.0290383763213637,225,8:47
4320000,8644.000000843514,-1600944.5396988243,409897.99767019344,301.19653776819797,1434.4203396984724,1.02697864714715,225,8:43
4325000,8654.000000845552,-1602391.3961384064,410057.401095676,301.3136687620956,1430.788579359634,1.0295854196454406,225,8:39
4330000,8664.000000847589,-1603011.1573300092,409528.08035211527,300.9247193741124,1430.3657624293483,1.0298897656791863,225,8:35
4335000,8674.000000849626,-1601751.4684564807,408742.64669178147,300.34757603483337,1433.1512030627455,1.0278880949586706,225,8:31
4340000,8684.000000851664,-1599563.709915028,408607.6979855377,300.24841457679275,1433.6440342989736,1.027534746883121,225,8:27
4345000,8694.0000008537,-1600945.2146953465,408648.9192065248,300.2787042808519,1434.0910578354694,1.0272144518684396,225,8:23
4350000,8704.000000855738,-1601344.083426523,409560.8024769832,300.9487638699983,1433.3889119769776,1.0277176330826485,225,8:19
4355000,8714.000000857775,-1603477.9172371905,407438.9842155683,299.38963375044665,1432.0634435154764,1.0286688530276504,225,8:16
4360000,8724.000000859813,-1601117.0470609171,409716.4436470936,301.0631303266239,1433.787076120802,1.0274322348402705,225,8:12
4365000,8734.00000086185,-1601193.7590134358,407985.82541624346,299.79145731945295,1432.97934770413,1.0280113682476113,225,8:08
4370000,8744.000000863887,-1603289.0622447971,409583.27104960475,300.96527396841464,1431.2513992362324,1.0292524854054306,225,8:04
4375000,8754.000000865924,-1599586.0323027037,410268.7787105845,301.4689908327913,1434.243354313772,1.0271053761366187,225,8:00
4380000,8764.000000867962,-1601838.1477603484,410856.3188481905,301.9007203270865,1433.1051618851845,1.0279211177818042,225,7:56
4385000,8774.000000869999,-1603647.130438121,409114.38553181,300.6207328987531,1435.9806213873817,1.025862771379623,225,7:53
4390000,8784.000000872036,-1600582.4405246954,408780.0453714396,300.37505690298633,1432.633392085953,1.0282596148055654,225,7:49
4395000,8794.000000874074,-1599068.7052405318,407862.21407905227,299.7006266566966,1434.8669280499512,1.0266590100490556,225,7:45
4400000,8804.00000087611,-1600631.5661323518,407223.4972841672,299.23129211901346,1431.1666650062136,1.0293134237426476,225,7:41
4405000,8814.000000878148,-1597712.3136395626,406537.9372233929,298.72753675082174,1436.998037282374,1.0251364453425629,225,7:37
4410000,8824.000000880185,-1602869.6983800475,407879.28090853145,299.7131675082719,1432.3985055562212,1.028428230125707,225,7:33
4415000,8834.000000882223,-1601280.0847119894,410230.39163600514,301.44078368363694,1435.260294029357,1.0263776306165695,225,7:30
4420000,8844.00000088426,-1602303.8813071465,407571.9317937166,299.48732476252906,1434.261343065832,1.0270924940046138,225,7:26
4425000,8854.000000886297,-1601567.242519158,407934.13657351094,299.75347591783407,1432.6076793798104,1.0282780701982692,225,7:22
4430000,8864.000000888334,-1600539.413093008,409266.7429799853,300.73268644854943,1435.0243371569288,1.0265463949011744,225,7:18
4435000,8874.000000890372,-1602370.885263293,409768.5254693583,301.101400492948,1430.6940598087285,1.0296534397443684,225,7:14
4440000,8884.000000892409,-1599382.1555914357,409326.79532883235,300.776813425652,1433.5446830337335,1.0276059597852294,225,7:10
4445000,8894.000000894446,-1601544.2794421716,408059.65453514975,299.8457075844638,1432.971787424281,1.0280167919786996,225,7:06
4450000,8904.000000896483,-1601427.7853502668,409111.80274537863,300.61883504529845,1431.0792938395468,1.0293762660429207,225,7:03
4455000,8914.00000089852,-1602501.1228916189,407856.80748909526,299.6966538483749,1434.777467702817,1.0267230236494187,225,6:59
4460000,8924.000000900558,-1601515.9981824541,409146.10162682843,300.64403815534223,1433.013425715427,1.0279869214543071,225,6:55
4465000,8934.000000902595,-1599767.206213192,410406.43494987476,301.5701418091612,1431.6900202583479,1.0289371575266473,225,6:51
4470000,8944.000000904633,-1599897.5280594314,409061.87306201155,300.5821462889554,1433.4205768051781,1.0276949303931402,225,6:47
4475000,8954.00000090667,-1600781.8858117461,407769.91286975786,299.63280294243276,1435.0978627648428,1.0264938009633702,225,6:43
4480000,8964.000000908707,-1601238.3444412062,409284.93804359995,300.74605633617114,1434.5368612681561,1.0268952298664733,225,6:40
4485000,8974.000000910744,-1601477.4836246967,408414.9188078713,300.10675879609374,1433.702934612625,1.0274925330343396,225,6:36
4490000,8984.000000912782,-1602522.5682695853,409664.07055261347,301.0246461309964,1432.0493174177302,1.0286790000781671,225,6:32
4495000,8994.000000914819,-1600047.0738080833,408557.1384789276,300.2112630209696,1432.2091053861895,1.0285642329488414,225,6:28
4500000,9004.000000916856,-1602973.9725848092,408607.76755050744,300.24846569372465,1429.7403655848877,1.030340259926325,225,6:24
4505000,9014.000000918893,-1601691.6165236589,409118.6373236487,300.62385715158774,1431.4746658118022,1.029091953274963,225,6:20
4510000,9024.00000092093,-1601388.7128227884,408875.32765650953,300.4450711371051,1434.2890603306175,1.0270726457080586,225,6:17
4515000,9034.000000922968,-1603786.5181555757,408369.48767339316,300.0733756117662,1434.0749844979612,1.0272259650492404,225,6:13
4520000,9044.000000925005,-1602040.098232828,406678.6464287874,298.8309310726722,1431.6787769213406,1.0289452380314419,225,6:09
4525000,9054.000000927042,-1602848.3830520306,411166.84402269614,302.12889686852503,1434.0487900126432,1.0272447284662503,225,6:05
4530000,9064.00000092908,-1603434.2729117684,408697.65574614715,300.3145163050152,1434.054800694446,1.0272404228837904,225,6:01
4535000,9074.000000931117,-1601890.7097118534,409578.66677152907,300.9618907056927,1431.4552714512874,1.029105896134892,225,5:57
4540000,9084.000000933154,-1601787.7307840781,407608.1870939274,299.51396546573153,1431.8242469284269,1.028840699592881,225,5:53
4545000,9094.000000935192,-1600777.4675836256,409113.92135218636,300.6203918156145,1431.21430764061,1.029279159689483,225,5:50
4550000,9104.000000937229,-1600880.8963776743,409499.3381488298,300.9035993584826,1431.9397445538843,1.028757715194809,225,5:46
4555000,9114.000000939266,-1602944.595011252,408934.7233837824,300.4887156230858,1432.7524003738554,1.0281742047820015,225,5:42
4560000,9124.000000941303,-1599669.9912590226,409541.38612105395,300.9344965663881,1437.384833159818,1.0248605842497442,225,5:38
4565000,9134.00000094334,-1602406.4044603072,408040.3169980857,299.83149819762673,1434.0429852598209,1.02724888657155,225,5:34
4570000,9144.000000945378,-1600481.013082102,409879.0613167008,301.1826231744641,1434.8365477201323,1.0266807478835054,225,5:30
4575000,9154.000000947415,-1601839.3949637124,407476.37284596264,299.41710723431504,1433.0296798163524,1.0279752615400664,225,5:27
4580000,9164.000000949452,-1600242.0585590135,409209.6943114009,300.6907666012714,1434.5320335731055,1.026898685723089,225,5:23
4585000,9174.00000095149,-1601788.4112988599,408327.7819345428,300.04272987985684,1435.2850296330898,1.0263599420948983,225,5:19
4590000,9184.000000953527,-1600232.175302444,408841.62794350856,300.4203083011377,1433.4058289774603,1.027705503998656,225,5:15
4595000,9194.000000955564,-1601413.2171982378,408904.0638398847,300.4661867292536,1430.6917231325876,1.0296551214250458,225,5:11
4600000,9204.000000957602,-1601306.7976754494,408091.80128193606,299.86932928763775,1430.4758134289511,1.0298105330230802,225,5:07
4605000,9214.000000959639,-1601885.508758084,407264.7727983356,299.2616217181644,1431.2470479048277,1.029255614577763,225,5:03
4610000,9224.000000961676,-1602744.6436480004,408127.494152838,299.8955567129967,1432.5397453347773,1.0283268333051603,225,5:00
4615000,9234.000000963713,-1600057.3673357898,408737.58185825683,300.34385435204723,1433.405088535538,1.0277060348717815,225,4:56
4620000,9244.00000096575,-1600692.881105111,408256.099348067,299.9900569051473,1430.6222208835875,1.0297051439576117,225,4:52
4625000,9254.000000967788,-1602605.4605058813,409385.9096563102,300.820251136668,1427.7243654706185,1.0317951388455224,225,4:48
4630000,9264.000000969825,-1606318.7180576762,408530.48072087823,300.1916746734422,1429.888117246479,1.030233793914354,225,4:44
4635000,9274.000000971862,-1599195.7892838297,407550.58225716406,299.4716369413415,1436.0062327139353,1.0258444750060847,225,4:40
4640000,9284.0000009739,-1600040.32139148,408079.75555602874,299.860477985707,1435.7982716267777,1.0259930583666395,225,4:36
4645000,9294.000000975937,-1603367.7935560672,408905.41642259015,300.4671806185388,1432.0568142866862,1.0286736149065843,225,4:33
4650000,9304.000000977974,-1602463.2700300487,409176.6208487707,300.66646393940715,1433.1278736892175,1.0279048275795013,225,4:29
4655000,9314.000000980011,-1601419.735632022,408496.99024738563,300.16706558844663,1433.6336644833873,1.027542179287994,225,4:25
4660000,9324.000000982049,-1602542.3783487044,407703.518512003,299.58401580320117,1432.9770980984197,1.0280129821046977,225,4:21
4665000,9334.000000984086,-1600694.2919421606,408975.62958794,300.5187738500972,1433.6729284817607,1.0275140379918486,225,4:17
4670000,9344.000000986123,-1600956.924643674,408447.83193194174,300.13094363981946,1432.3945846270362,1.0284310452677814,225,4:13
4675000,9354.00000098816,-1601435.1273373934,407390.6671249578,299.35412994098766,1434.045139471509,1.0272473434460951,225,4:10
4680000,9364.000000990198,-1601751.2714040568,408724.01028006984,300.33388184087323,1434.3419615122273,1.0270347653712804,225,4:06
4685000,9374.000000992235,-1601666.2330716923,408940.73362603865,300.49313200025523,1432.789114544556,1.0281478585717452,225,4:02
4690000,9384.000000994272,-1601435.1668102136,407467.3613900916,299.41048553983484,1434.1987539986421,1.0271373167747762,225,3:58
4695000,9394.00000099631,-1602337.150528377,408845.4435236001,300.42311202186744,1433.648643092251,1.027531443636362,225,3:54
4700000,9404.000000998347,-1602089.613396029,407175.8591961989,299.1962872464756,1435.636822371774,1.0261084397864602,225,3:50
4705000,9414.000001000384,-1599847.115639708,409304.05154268816,300.76010109799654,1433.8963571111835,1.0273539315433715,225,3:46
4710000,9424.000001002421,-1603049.9523278568,408116.5747274304,299.8875330262603,1433.2187720862732,1.0278396352285688,225,3:43
4715000,9434.000001004459,-1601173.7720859693,409014.8050196718,300.5475602907977,1433.744731008167,1.0274625796657948,225,3:39
4720000,9444.000001006496,-1603402.622311145,408684.7354815503,300.3050223846113,1432.32575041505,1.028480469248718,225,3:35
4725000,9454.000001008533,-1601362.206595622,406938.6401413609,299.0219766657557,1432.218201528184,1.0285577004482047,225,3:31
4730000,9464.00000101057,-1602134.147497666,407702.8285403018,299.583508806122,1433.2522798626183,1.0278156055297505,225,3:27
4735000,9474.000001012608,-1598838.803660471,409155.03590647643,300.6506031400768,1431.7360900169326,1.0289040488505603,225,3:23
4740000,9484.000001014645,-1603351.7414771598,407545.1105201186,299.4676162623847,1431.4238387548712,1.0291284943146466,225,3:20
4745000,9494.000001016682,-1601300.361975436,408885.2837091999,300.4523869293686,1432.1803652227168,1.0285848735782726,225,3:16
4750000,9504.00000101872,-1600982.9788039,407940.09616367077,299.75785507541195,1434.821901784159,1.0266912277210936,225,3:12
4755000,9514.000001020757,-1602417.9533806033,409433.18609622796,300.85499026713984,1432.7307826696574,1.028189718349583,225,3:08
4760000,9524.000001022794,-1603863.2944207238,407249.41003927175,299.2503330320355,1432.7871180201619,1.0281492912495342,225,3:04
4765000,9534.000001024831,-1601848.2301926436,406800.21640475106,298.9202617258223,1432.485337233936,1.0283658908149234,225,3:00
4770000,9544.000001026869,-1599475.407119695,408418.4784609411,300.10937445946945,1435.4007409375288,1.0262772046095838,225,2:56
4775000,9554.000001028906,-1603326.7050809981,410170.8307986321,301.3970178733492,1430.7217883615965,1.0296334842225667,225,2:53
4780000,9564.000001030943,-1601736.9021285716,409194.8922617779,300.6798899292124,1432.6305986702798,1.0282616197582215,225,2:49
4785000,9574.00000103298,-1601672.6810870413,407562.9192291669,299.4807022533823,1430.3332878189426,1.0299131485293138,225,2:45
4790000,9584.000001035018,-1597872.5858128434,407966.3098193024,299.77711709270255,1435.329274248132,1.0263283041276756,225,2:41
4795000,9594.000001037055,-1599541.3174355542,407273.24434760836,299.2678466846805,1436.4617299126357,1.0255191831622874,225,2:37
4800000,9604.000001039092,-1601026.3550686548,408383.167133891,300.0834273957806,1434.645286842609,1.026817620644025,225,2:33
4805000,9614.00000104113,-1602855.4211306302,408934.6883664369,300.48868989204226,1430.2634544872396,1.0299634345561999,225,2:30
4810000,9624.000001043167,-1602623.0916501032,407883.4075080756,299.71619976874285,1434.1756077824753,1.0271538937840614,225,2:26
4815000,9634.000001045204,-1598575.5969230728,408077.3459854959,299.85870741276904,1432.4558325044266,1.028387072380705,225,2:22
4820000,9644.000001047241,-1601418.145350121,410530.3868079799,301.6612226895836,1430.904772489409,1.0295018146742507,225,2:18
4825000,9654.000001049279,-1600255.5008281954,408860.83917234425,300.4344248756135,1433.0195379578254,1.027982536793052,225,2:14
4830000,9664.000001051316,-1599825.5203253608,408022.69551113714,299.8185497790216,1436.3385820544067,1.0256071084554996,225,2:10
4835000,9674.000001053353,-1602380.7902263151,408041.46049744403,299.8323384506888,1435.91369939295,1.025910582597458,225,2:06
4840000,9684.00000105539,-1601817.8951362614,407281.3496450774,299.2738025262536,1432.1483249948574,1.02860788522668,225,2:03
4845000,9694.000001057428,-1602559.4444059767,409648.23291958065,301.0130085034329,1430.6138130159454,1.0297111956428966,225,1:59
4850000,9704.000001059465,-1603787.8730135234,406686.2785384755,298.83653921183605,1433.1388460905973,1.0278969577318733,225,1:55
4855000,9714.000001061502,-1604172.127724046,408220.39404203056,299.9638203423457,1434.0018384831435,1.0272783621129289,225,1:51
4860000,9724.00000106354,-1603447.3231537472,409794.4542918722,301.1204532124392,1432.7153773005798,1.0282007740291295,225,1:47
4865000,9734.000001065577,-1602086.2094138572,408582.10599700734,300.2296093657799,1433.0242028373207,1.0279791904332012,225,1:43
4870000,9744.000001067614,-1601811.68043755,408251.89698508446,299.98696897305695,1432.9971801993302,1.027998575474504,225,1:40
4875000,9754.000001069651,-1599452.4804788474,409582.93267128215,300.9650253251429,1433.58123121525,1.0275797616680054,225,1:36
4880000,9764.000001071689,-1601382.635458951,407776.78246454394,299.63785077915605,1432.3982445442905,1.0284284175261307,225,1:32
4885000,9774.000001073726,-1602996.5030850247,407180.1173244213,299.19941615533895,1432.7826458892666,1.0281525004021743,225,1:28
4890000,9784.000001075763,-1602686.373009936,409851.69584601274,301.1625147936657,1434.7810153339171,1.0267204849801088,225,1:24
4895000,9794.0000010778,-1600231.2964347024,410217.74472187157,301.43149062348016,1431.5920879050677,1.0290075450609633,225,1:20
4900000,9804.000001079838,-1600965.1951765334,408807.3695362961,300.39513493190805,1434.4801138997552,1.0269358533657842,225,1:16
4905000,9814.000001081875,-1604536.2552556628,409469.8946172952,300.88196400088555,1431.7371700294136,1.0289032727100524,225,1:13
4910000,9824.000001083912,-1603489.8730975613,408666.9383925528,300.29194493212583,1432.5671844310525,1.0283071369451655,225,1:09
4915000,9834.00000108595,-1604064.267907817,408025.91330668214,299.82091424257817,1433.8042273445976,1.0274199446545822,225,1:05
4920000,9844.000001087987,-1599921.803099716,409601.9272606586,300.97898271109995,1434.9322012377681,1.0266123086743641,225,1:01
4925000,9854.000001090024,-1601327.1011309857,409879.937675538,301.18326713039727,1431.0372230322328,1.0294065284916154,225,0:57
4930000,9864.000001092061,-1601913.4933809107,407626.30007235706,299.5272750364606,1431.285902375165,1.029227673841618,225,0:53
4935000,9874.000001094098,-1602496.8964083595,408787.939943022,300.3808579013842,1434.5039534847626,1.0269187870311016,225,0:50
4940000,9884.000001096136,-1600921.9714576164,409921.2866304711,301.21365069444727,1428.3853640349562,1.0313176660831713,225,0:46
4945000,9894.000001098173,-1604334.5112978267,409406.97752179357,300.8357319835563,1430.0782932479756,1.0300967904059037,225,0:42
4950000,9904.00000110021,-1601854.20953691,409316.45462989446,300.76921499205173,1430.9728795593085,1.0294528155960325,225,0:38
4955000,9914.000001102248,-1599235.430505773,409380.9799989504,300.8166287824784,1431.7209173933918,1.0289149526332761,225,0:34
4960000,9924.000001104285,-1601544.6141202478,407380.60468435264,299.34673597397875,1433.8619769732754,1.027378564716169,225,0:30
4965000,9934.000001106322,-1600722.0450715953,408599.59633121686,300.2424614122359,1433.6999972238764,1.0274946381783807,225,0:26
4970000,9944.00000110836,-1600096.018988818,408518.72774903575,300.18303848969026,1435.0603508565957,1.0265206331040917,225,0:23
4975000,9954.000001110397,-1602894.706710835,408701.35777058336,300.3172365840828,1431.215456762871,1.0292783332816984,225,0:19
4980000,9964.000001112434,-1602391.7408219716,407047.61275246274,299.1020506679757,1433.1280138886443,1.027904727022073,225,0:15
4985000,9974.000001114471,-1601590.1359729478,409302.2665698565,300.75878948476606,1435.327503937448,1.0263295699850892,225,0:11
4990000,9984.000001116508,-1602646.6780589605,409358.1813822417,300.7998761648575,1431.6884369367535,1.0289382954407205,225,0:07
4995000,9994.000001118546,-1603639.2834126316,411052.2505253783,302.0446925912681,1431.8006614425215,1.0288576472787372,225,0:03
5000000,10004.000001120583,-1603126.4920914648,409364.5450239642,300.8045522229629,1434.0908801861433,1.027214579115574,225,0:00
