#"Step","Time (ps)","Potential Energy (kJ/mole)","Kinetic Energy (kJ/mole)","Temperature (K)","Box Volume (nm^3)","Density (g/mL)","Speed (ns/day)","Time Remaining"
5000,14.000000000001178,-1586914.001853087,408195.20849315624,300.0021328931299,1455.173151680427,1.0121656476332495,0,--
10000,23.99999999999741,-1589012.5852094302,408768.0032955096,300.423107120266,1444.6291294345458,1.019553216447772,227,1:03:26
15000,33.99999999999542,-1593052.1011749199,409533.9535094423,300.9860404744277,1445.3636550237734,1.0190350853017058,229,1:02:48
20000,44.00000000000764,-1595115.048453616,408913.2480279258,300.5298544034524,1440.591314062374,1.02241090940339,231,1:02:06
25000,54.00000000001986,-1594039.986010003,407735.1603455343,299.6640215614717,1441.9472719884234,1.0214494691321565,232,1:01:51
30000,64.00000000003207,-1596972.873057682,406851.48954171105,299.0145697295871,1439.5146067115163,1.0231756375531558,232,1:01:42
35000,74.00000000000877,-1593930.4184892727,407965.44200892805,299.8332665421742,1438.9367625864306,1.0235865215102995,231,1:01:53
40000,83.99999999998546,-1593766.825301881,406879.6230671423,299.0352463996204,1439.1818784063971,1.0234121882635494,231,1:01:42
45000,93.99999999996216,-1596873.8060556175,407306.3914165844,299.3488988198841,1437.6974725995783,1.024468849365054,232,1:01:28
50000,103.99999999993885,-1595910.1191404639,408574.87835665455,300.28117038909954,1434.2899669601898,1.026902724984353,232,1:01:22
55000,113.99999999991554,-1600076.9965305412,409531.6687230593,300.98436127591225,1432.9693380264073,1.0278491216830166,226,1:02:54
60000,123.99999999989224,-1597638.8870250732,409612.7884171208,301.04398000913534,1438.2286085987068,1.0240905143196861,227,1:02:44
65000,133.99999999991155,-1599632.9228444742,410020.5992712369,301.34369966166,1433.3774431744134,1.0275564768392387,227,1:02:29
70000,143.9999999999593,-1598445.4528830945,407583.2806744295,299.5523979453034,1435.7701599097584,1.0258440498454922,228,1:02:16
75000,154.00000000000705,-1596566.7078574887,407432.7097008465,299.44173615337934,1434.22808252746,1.0269470340404774,228,1:02:05
80000,164.0000000000548,-1597862.156445508,408320.25202206406,300.0940333480992,1435.2818120416787,1.0261930884458013,229,1:01:54
85000,174.00000000010255,-1596996.9542059079,407731.0226858872,299.66098059799754,1438.2318135726623,1.0240882322234375,229,1:01:46
90000,184.0000000001503,-1598638.2339970926,408635.5691553546,300.32577495249996,1435.425044389617,1.026090690869508,229,1:01:38
95000,194.00000000019804,-1599097.9578990005,409168.34607121977,300.71733812568317,1434.4510535809334,1.0267874054066042,230,1:01:32
100000,204.0000000002458,-1597864.4082307247,409352.6235820119,300.85277245987334,1436.7025419938927,1.0251783040942075,230,1:01:26
105000,214.00000000029354,-1599209.6266114786,408911.15415032336,300.52831551290774,1434.6165846511099,1.0266689310909722,227,1:02:06
110000,224.0000000003413,-1599794.0842583897,408522.6818348987,300.2428086750702,1436.495924623239,1.0253257598871637,227,1:02:02
115000,234.00000000038904,-1599042.1791411033,409026.29833612405,300.6129404683499,1436.4326264553833,1.0253709421260384,227,1:01:56
120000,244.00000000043678,-1598413.3727218453,409017.34040597756,300.6063568581205,1434.2783006291377,1.0269110777476504,227,1:01:49
125000,254.00000000048453,-1599628.7726469608,408597.14252387773,300.2975333877704,1433.7588254657694,1.0272831450649724,227,1:01:43
130000,264.0000000005323,-1596011.8703173855,408031.9325292971,299.88213359772226,1435.5524611810515,1.025999617093323,228,1:01:36
135000,274.00000000058003,-1598260.5542892423,409185.2310440971,300.7297476977988,1436.0472193386345,1.0256461317250163,228,1:01:29
140000,284.0000000006278,-1598082.1268756576,409915.0749796412,301.2661448254148,1436.040387865891,1.025651010886948,228,1:01:24
145000,294.0000000006755,-1599655.1573194573,407376.9703373191,299.4007706359102,1433.1019182184725,1.0277540325395058,228,1:01:15
150000,304.0000000007233,-1600645.284136462,408308.99282365345,300.0857584260336,1433.5513066076517,1.0274318531190507,228,1:01:11
155000,314.000000000771,-1601447.3284369204,407565.59253380535,299.5393980868932,1432.0275659674635,1.0285250860335748,227,1:01:34
160000,324.0000000008188,-1597348.5519204484,409043.3687869623,300.6254863570678,1434.9228919114555,1.0264497721735577,227,1:01:28
165000,334.0000000008665,-1597407.7385584181,409249.9197512955,300.77729051488694,1435.5066002042172,1.026032395308808,227,1:01:20
170000,344.00000000091427,-1597748.7059965776,409035.6125368179,300.6197859188016,1435.716471729939,1.025882410971034,227,1:01:13
175000,354.000000000962,-1598342.1535961842,409884.6457729013,301.24378094966545,1434.785985611029,1.0265477153109255,227,1:01:06
180000,364.00000000100977,-1599541.9671171363,409147.4779685056,300.70200116142337,1436.4415295939148,1.0253645868241652,228,1:00:59
185000,374.0000000010575,-1596784.5253612641,410483.82064715226,301.68414315017935,1438.5735465464977,1.0238449601864201,228,1:00:55
190000,384.00000000110526,-1597042.6007827073,405739.49825676787,298.19731428341714,1436.5377442218867,1.0252959112375657,228,1:00:52
195000,394.000000001153,-1600348.0713247275,409719.20213569247,301.1221885276979,1435.5311192469926,1.0260148705530905,228,1:00:47
200000,404.00000000120076,-1599231.3066625474,408782.06327990134,300.4334404735691,1435.4376452768981,1.0260816834053532,228,1:00:42
205000,414.0000000012485,-1600295.975469444,408423.9989471879,300.1702819129296,1431.9797395850949,1.028559437521016,227,1:00:57
210000,424.00000000129626,-1599274.1625755457,409072.5168779716,300.64690867974724,1434.1761838875163,1.02698419624897,227,1:00:53
215000,434.000000001344,-1599658.3728417056,408880.12730065826,300.5055124008603,1436.1332263901638,1.0255847078974205,227,1:00:46
220000,444.00000000139175,-1599187.6422143606,406052.1988919047,298.42713289849695,1433.089132389731,1.0277632020229326,227,1:00:40
225000,454.0000000014395,-1596928.167895969,408575.31413411757,300.2814906627471,1436.0708272781699,1.0256292708631405,227,1:00:33
230000,464.00000000148725,-1597235.2696199082,408708.4320116775,300.37932534175184,1434.912892564489,1.0264569251007276,227,1:00:27
235000,474.000000001535,-1597357.6677145893,408184.60386296874,299.99433904447955,1436.3587366634797,1.025423689704762,227,1:00:21
240000,484.00000000158275,-1597592.4900955437,408068.4431692178,299.9089670088491,1435.064651902148,1.026348376386297,227,1:00:18
245000,494.0000000016305,-1599797.4085767576,408544.05584905855,300.25851745778743,1432.5137247877963,1.0281760307094572,227,1:00:13
250000,504.00000000167825,-1600005.3104745476,409096.7204462583,300.6646970367847,1433.4578209038941,1.0274988590598266,227,1:00:09
255000,514.0000000016692,-1597899.18547393,409702.8307278699,301.1101563990421,1432.159233501015,1.0284305271618333,226,1:00:21
260000,524.0000000014327,-1597758.2150197942,408927.02709014073,300.5399812936455,1432.8917498275823,1.0279047776402965,227,1:00:15
265000,534.0000000011962,-1600215.1602088576,408211.19753000897,300.01388399911764,1430.3921479805238,1.0297010351801728,227,1:00:10
270000,544.0000000009597,-1600147.4883402502,408576.13192954735,300.28209169962383,1432.4528858678,1.0282196992446613,227,1:00:05
275000,554.0000000007233,-1598204.790616218,409358.82425798,300.85732963246403,1433.3652918564107,1.0275651879232774,227,59:59
280000,564.0000000004868,-1601659.8951717624,409911.200961121,301.2632976243827,1432.090583161872,1.028479827188874,227,59:56
285000,574.0000000002503,-1599998.936270466,408227.72822145675,300.02603319290864,1431.969316685067,1.028566924114524,227,59:51
290000,584.0000000000139,-1599486.2029409492,410141.43022776174,301.43250409621174,1434.089047757712,1.0270465964383944,227,59:46
295000,593.9999999997774,-1600255.6129638525,408342.16518853814,300.11013837957404,1433.2503397992325,1.0276476025084735,227,59:41
300000,603.9999999995409,-1599889.0893859416,410005.98251102876,301.33295710724684,1431.115290500086,1.029180727273522,227,59:36
305000,613.9999999993045,-1599947.90747423,408456.59682452807,300.194239648166,1433.0993925719595,1.0277558438188923,226,59:46
310000,623.999999999068,-1597311.5565437516,407949.1954632366,299.8213261806556,1436.3749961476892,1.0254120821090191,226,59:40
315000,633.9999999988315,-1599965.8604175383,407632.75620022777,299.5887598695903,1434.11399983222,1.0270287269083567,226,59:35
320000,643.9999999985951,-1599022.3584986636,408064.53964571794,299.90609812319985,1433.7678359493057,1.0272766891258491,227,59:29
325000,653.9999999983586,-1600248.8599580824,410796.9989497132,301.9143128258376,1430.5693313566373,1.0295735014061698,227,59:25
330000,663.9999999981221,-1601030.0250458447,409451.3966894895,300.9253655288247,1432.0449834894484,1.0285125763997962,227,59:20
335000,673.9999999978857,-1599284.11912933,408627.65935021883,300.3199616593448,1434.625158701208,1.0266627951949188,227,59:15
340000,683.9999999976492,-1597100.6605686424,409186.8776995783,300.73095790347054,1435.1687706516084,1.026273916774546,227,59:11
345000,693.9999999974127,-1600018.783798324,408369.20358690125,300.13001018847865,1436.5532011832286,1.0252848793041496,227,59:07
350000,703.9999999971762,-1598068.9263248611,407721.26793487323,299.6538113660979,1435.7669253339293,1.025846360924198,227,59:02
355000,713.9999999969398,-1601349.4655247815,407964.6268521577,299.8326674445742,1431.7408295717662,1.0287310699448822,226,59:09
360000,723.9999999967033,-1600671.0224813642,408443.96936934144,300.1849591289189,1432.1289667612848,1.028452262103182,226,59:04
365000,733.9999999964668,-1597672.5834826156,408063.813679817,299.90556457622483,1434.2220089431908,1.026951382913464,226,58:59
370000,743.9999999962304,-1600614.8370613297,408059.62657681375,299.9024872744695,1435.2643074535865,1.0262056039714942,226,58:53
375000,753.9999999959939,-1599030.4361854997,408117.3340788385,299.9448992708162,1434.4494601963288,1.0267885459607256,227,58:48
380000,763.9999999957574,-1601160.634244685,407589.3591106715,299.5568652780876,1434.877103729843,1.026482527082297,227,58:44
385000,773.999999995521,-1599653.1695487471,407371.7895796625,299.3969630499448,1431.4826865550724,1.0289165837092165,227,58:38
390000,783.9999999952845,-1601386.7372270096,407755.17367856804,299.67873031471396,1432.3664509665957,1.0282817462634672,227,58:33
395000,793.999999995048,-1598918.708037871,408620.7231675924,300.31486392782136,1433.7142357354298,1.027315094443223,227,58:29
400000,803.9999999948116,-1603436.275990475,410469.15196039097,301.67336243246496,1433.1684851411094,1.0277062960564036,227,58:24
405000,813.9999999945751,-1600020.8266942054,409584.9035537332,301.0234860927011,1436.8008736097277,1.0251081430572735,226,58:29
410000,823.9999999943386,-1598985.4995851964,409517.0034162111,300.97358304225725,1433.0618595640976,1.027782761546071,226,58:25
415000,833.9999999941022,-1601123.0438621612,409015.5000756512,300.60500431156515,1434.1858606264996,1.026977266981098,226,58:19
420000,843.9999999938657,-1600880.982723629,408356.884322491,300.1209561733363,1431.8639829984993,1.028642589643712,226,58:15
425000,853.9999999936292,-1599507.0530358115,408945.49351358274,300.55355314922895,1433.3270282057103,1.0275926194826137,226,58:10
430000,863.9999999933927,-1599519.3546964657,410132.46967084013,301.4259185554399,1427.526773802107,1.0317678817093177,227,58:05
435000,873.9999999931563,-1600510.1643983983,410051.56221727136,301.3664558078805,1434.5043675533545,1.0267492444106165,227,58:01
440000,883.9999999929198,-1599172.2003589394,408163.19107634615,299.9786017660296,1434.9746777967307,1.0264127292828609,227,57:56
445000,893.9999999926833,-1600086.6937239636,408341.77028384514,300.10984814527507,1432.698125146325,1.028043695763689,227,57:51
450000,903.9999999924469,-1600804.0031764843,408283.465719715,300.0669973395025,1435.106318054727,1.0263185779055075,227,57:47
455000,913.9999999922104,-1600568.4548377814,406466.8398598666,298.7318723275378,1433.5491878656915,1.0274333716319815,226,57:51
460000,923.9999999919739,-1600943.289817541,409239.63123162766,300.76972899093846,1431.6363394934415,1.0288061533910817,226,57:46
465000,933.9999999917375,-1601310.181721109,407053.45543605415,299.163004100726,1431.6774936925858,1.0287765799057793,226,57:41
470000,943.999999991501,-1601358.061564223,409291.7668900763,300.8080459736196,1434.4341439805246,1.0267995095278029,226,57:36
475000,953.9999999912645,-1599120.3366478337,410500.1819687395,301.69616786597953,1432.3963246149729,1.0282603007132434,227,57:31
480000,963.9999999910281,-1600807.4899988333,409562.1174658446,301.0067395096334,1430.6961457423981,1.0294822418249059,227,57:26
485000,973.9999999907916,-1599476.2053040275,407046.0938345848,299.15759370859905,1433.1688024433054,1.0277060685232169,227,57:22
490000,983.9999999905551,-1600898.9754502913,409240.72825341544,300.770535244587,1433.6162246703484,1.0273853281953582,227,57:17
495000,993.9999999903187,-1599375.300133029,410392.8925712517,301.61731576920465,1431.6508788066858,1.0287957052188679,227,57:12
500000,1003.9999999900822,-1600647.8373214267,410334.24220810144,301.57421081923474,1428.54977437681,1.0310290211145519,227,57:08
505000,1013.9999999898457,-1601451.437110613,406947.06268770417,299.0848109941798,1430.9941044852346,1.029267885082565,226,57:11
510000,1023.9999999896093,-1600571.985096177,409887.6003943912,301.24595244195746,1429.6052635834053,1.030267803993159,226,57:06
515000,1033.9999999893728,-1601698.0884392746,408925.4210647234,300.53880094894606,1431.5914571547207,1.0288384078628612,226,57:02
520000,1043.9999999891363,-1600086.7015686836,408212.636815917,300.0149417989969,1432.7430082145986,1.0280114905774689,226,56:58
525000,1053.9999999888998,-1598306.5300307935,408120.03614192427,299.94688514588796,1435.520161525797,1.0260227024074908,227,56:53
530000,1063.9999999886634,-1599760.0392370103,408167.3674098672,299.9816711527787,1432.825508308478,1.0279522991099874,227,56:48
535000,1073.999999988427,-1597896.0785028376,406803.5821145883,298.97936027582773,1432.467976355927,1.0282088673535337,227,56:44
540000,1083.9999999881904,-1601478.557907883,406366.4653653454,298.6581023228492,1435.8300291283708,1.0258012756448998,227,56:39
545000,1093.999999987954,-1600199.012558923,407827.23680145835,299.73169294171254,1435.2270705130256,1.0262322288574537,227,56:35
550000,1103.9999999877175,-1600802.8887317749,408773.5606910052,300.4271915153479,1431.8920075421534,1.0286224573718603,227,56:30
555000,1113.999999987481,-1600030.6035243263,407781.3293733046,299.6979533826114,1433.2080508379852,1.027677924798118,226,56:33
560000,1123.9999999872446,-1599549.2956957147,408874.44987280463,300.50133978827205,1432.8953293852987,1.0279022098013182,226,56:28
565000,1133.999999987008,-1600135.1506082118,408610.12392066035,300.3070740355823,1433.9811404411269,1.0271238818636377,226,56:23
570000,1143.9999999867716,-1601576.6417263662,408519.4786634346,300.2404545115443,1433.367893693802,1.0275633226955578,227,56:19
575000,1153.9999999865352,-1601322.6263519004,407802.4373122996,299.7134666139961,1434.0728073363057,1.027058227416574,227,56:14
580000,1163.9999999862987,-1601939.149366755,408848.6205545164,300.4823565899972,1431.8183203815365,1.0286753944429619,227,56:10
585000,1173.9999999860622,-1597736.945626053,409544.5261737784,300.9938108298488,1432.2699289353745,1.0283510431472542,227,56:05
590000,1183.9999999858258,-1602192.0432766648,407421.08204430836,299.43319043385736,1433.2831450772874,1.027624081499761,227,56:01
595000,1193.9999999855893,-1602910.7806335315,408759.5102345054,300.41686516454723,1431.9922259569148,1.0285504689139644,227,55:56
600000,1203.9999999853528,-1599720.2315629572,409016.306568295,300.6055970414853,1434.991999617641,1.0264003394315713,227,55:52
605000,1213.9999999851163,-1600173.6577363163,407874.6103252946,299.76651000447526,1432.691108939204,1.0280487303223975,226,55:54
610000,1223.9999999848799,-1598130.0320445318,410072.18556957954,301.3816128933904,1434.4986460358055,1.0267533396140778,226,55:50
615000,1233.9999999846434,-1601415.5836827327,408253.33739427646,300.044854595776,1432.7609413032787,1.0279986235173102,226,55:47
620000,1243.999999984407,-1598930.2472171392,406523.6828705616,298.77364896796314,1432.8051222336333,1.02796692490395,226,55:42
625000,1253.9999999841705,-1599356.4360923562,407835.5442334502,299.73779846981427,1433.769382918553,1.027275580742963,226,55:38
630000,1263.999999983934,-1600073.1791384844,408431.46934239415,300.1757722627642,1433.8930388811793,1.0271869906268423,226,55:34
635000,1273.9999999836975,-1598922.5351343201,408793.3594049321,300.44174253476956,1434.0072703704127,1.0271051660070618,227,55:29
640000,1283.999999983461,-1599008.4557719165,408971.69594847516,300.57281056869675,1430.5157824688652,1.02961204171209,227,55:24
645000,1293.9999999832246,-1598427.0262507265,408061.51661518,299.9038763538348,1435.453850291215,1.0260700998435646,227,55:19
650000,1303.9999999829881,-1600565.5913807238,409308.17216889083,300.8201029956832,1434.5283364478216,1.026732088915212,227,55:15
655000,1313.9999999827517,-1598564.5760015948,410402.167220402,301.62413215134,1433.0537244947172,1.027788595998702,226,55:17
660000,1323.9999999825152,-1600278.9189346293,409387.0196926977,300.87805180258556,1433.7812123957228,1.0272671051590143,226,55:13
665000,1333.9999999822787,-1600755.9921255289,406686.425441925,298.89325624777854,1435.3333216425083,1.0261562616017763,226,55:08
670000,1343.9999999820423,-1598845.1084259972,409510.7015815774,300.9689515233371,1433.7331036465494,1.0273015749884202,226,55:05
675000,1353.9999999818058,-1601131.3994877422,409239.1996225056,300.7694117808034,1434.0961717052032,1.0270414945308874,226,55:01
680000,1363.9999999815693,-1599479.026695948,408446.9644225206,300.1871603363882,1432.5624504954492,1.0281410593860982,226,54:56
685000,1373.9999999813328,-1598898.008667782,407514.83283063775,299.50209235939207,1434.9040431965084,1.026463255485738,226,54:52
690000,1383.9999999810964,-1600851.914007185,408292.1190774236,300.0733571049168,1433.8591452448743,1.0272112713258168,227,54:47
695000,1393.99999998086,-1597174.0091609247,408216.6916154203,300.0179218645982,1436.3989233443772,1.0253950010348298,227,54:42
700000,1403.9999999806234,-1600354.125113423,409903.6812815904,301.25777105314694,1433.4862912172841,1.0274784520181237,227,54:37
705000,1413.999999980387,-1598295.46007765,408556.974008233,300.2680116292641,1430.131770045596,1.0298885084149814,226,54:39
710000,1423.9999999801505,-1601397.1357649928,410026.7259405733,301.3482024432464,1435.588086880906,1.0259741557825586,226,54:34
715000,1433.999999979914,-1598770.4922967488,409477.133631877,300.944280835643,1435.9183206794146,1.0257382013151242,226,54:29
720000,1443.9999999796776,-1598928.4866491063,410482.8674106816,301.6834425712201,1435.062771248507,1.0263497214186188,226,54:26
725000,1453.999999979441,-1599847.7537642466,409249.48680006666,300.77697231837357,1434.126612861901,1.0270196942722563,226,54:21
730000,1463.9999999792046,-1598729.0157170603,410608.561775272,301.7758213563826,1432.2311628636692,1.0283788774321874,227,54:17
735000,1473.9999999789682,-1601192.0271976842,409089.2991113082,300.6592427436729,1433.3421926944166,1.0275817477474816,227,54:12
740000,1483.9999999787317,-1599933.2050619507,406766.3843847498,298.9520218895406,1431.7162299695738,1.0287487454971695,227,54:08
745000,1493.9999999784952,-1600927.8752976134,408694.09889392945,300.3687912497146,1435.9849693747767,1.0256905934958511,227,54:04
750000,1503.9999999782588,-1598170.1154715968,409741.1149839127,301.1382933252728,1434.8198510781128,1.0265234861243577,227,53:59
755000,1513.9999999780223,-1603073.2975977687,407530.2014437566,299.5133874863787,1431.2045970763868,1.0291165068208101,226,54:00
760000,1523.9999999777858,-1599618.7255306514,407444.46213593555,299.4503735786113,1431.4970700738277,1.0289062452731212,226,53:56
765000,1533.9999999775494,-1600924.2948524365,407316.2988045205,299.3561802319399,1433.7808066445089,1.027267395869333,226,53:51
770000,1543.9999999773129,-1597397.9866025802,407740.20745873696,299.66773092575187,1432.910619299938,1.0278912415407486,226,53:47
775000,1553.9999999770764,-1598351.0364118116,408168.1054378841,299.9822135647782,1437.3666296643917,1.0247046543949858,226,53:43
780000,1563.99999997684,-1599870.5520651322,409322.8061500724,300.83085820661137,1434.348734138467,1.0268606514118135,226,53:39
785000,1573.9999999766035,-1600503.7363719335,409390.36993588216,300.88051405613515,1433.8089551845528,1.027247228553929,227,53:35
790000,1583.999999976367,-1601108.3368491288,409269.9939951949,300.7920440344303,1434.0593684773503,1.027067852185925,227,53:30
795000,1593.9999999761305,-1600002.786616032,407357.84445558337,299.3867141129653,1431.7466214089707,1.0287269084244042,227,53:26
800000,1603.999999975894,-1600059.1872955728,408690.7356718632,300.3663194573656,1434.7334242931504,1.0265853227855046,227,53:22
805000,1613.9999999756576,-1601421.8895243024,409554.6259784218,301.0012336581226,1431.771261367649,1.028709204626878,226,53:22
810000,1623.9999999754211,-1602038.2761024125,407717.66719588917,299.6511650112345,1431.8242175556745,1.0286711576952814,226,53:18
815000,1633.9999999751847,-1601507.5918063885,408298.62857289286,300.0781412436921,1432.1187273011883,1.02845961540127,226,53:14
820000,1643.9999999749482,-1598864.297224584,410500.0680866388,301.69608416859063,1434.6672172272827,1.0266326976758404,226,53:09
825000,1653.9999999747117,-1602518.3609636081,406942.82392078417,299.08169572214734,1433.6385869477583,1.0273693027647337,226,53:05
830000,1663.9999999744753,-1599718.0536839133,408447.86256272043,300.1878204224695,1432.034551531288,1.0285200688168983,227,53:01
835000,1673.9999999742388,-1600309.6373978937,407102.03553956136,299.1987079364524,1434.216200631003,1.026955541877943,227,52:57
840000,1683.9999999740023,-1599444.4982871898,409707.69639097305,301.1137324069877,1434.1364958580623,1.0270126168206155,227,52:53
845000,1693.9999999737659,-1600615.2031439329,407846.20038312423,299.7456301825931,1435.8199064310484,1.025808507663191,227,52:49
850000,1703.9999999735294,-1599160.8731290381,408156.39432612935,299.973606510036,1435.0165980331712,1.0263827453339949,227,52:45
855000,1713.999999973293,-1597673.3905358734,408987.0492014911,300.584094406811,1435.579127574943,1.0259805587848003,226,52:45
860000,1723.9999999730564,-1599285.1125959577,410362.04223440454,301.59464238484816,1433.2838459228067,1.0276235790132962,226,52:41
865000,1733.99999997282,-1597257.3495069826,407904.5014542858,299.7884784212165,1435.1351879107926,1.0262979319971142,226,52:36
870000,1743.9999999725835,-1600121.5760221463,408717.22826835496,300.3857901304358,1433.6813974935324,1.0273386249302858,226,52:32
875000,1753.999999972347,-1598497.7329440238,409917.9648997435,301.26826876557027,1434.3060077027194,1.02689124048793,226,52:28
880000,1763.9999999721106,-1600671.8824455263,409060.5840530143,300.6381386773951,1434.6951797078614,1.0266126884102653,226,52:23
885000,1773.999999971874,-1602292.679689113,408021.8434242348,299.87471863308105,1433.9977600227314,1.02711197782191,227,52:19
890000,1783.9999999716376,-1601321.7700033728,410253.7079603243,301.51502235841656,1434.7452724160862,1.0265768452464306,227,52:15
895000,1793.9999999714012,-1600401.6321090227,408648.95810122526,300.33561512757996,1434.3136702410623,1.0268857545236898,227,52:10
900000,1803.9999999711647,-1601937.707457658,410843.48271055997,301.94847595933055,1434.0456288081564,1.027077692578898,227,52:06
905000,1813.9999999709282,-1600215.9680168629,407631.57687853335,299.587893129814,1433.5997254394292,1.0273971523241383,226,52:07
910000,1823.9999999706918,-1600086.9660957875,408422.455132543,300.1691472898948,1433.9131752372518,1.0271725659020028,226,52:02
915000,1833.9999999704553,-1599190.5430659018,407151.32504914014,299.23493314854517,1433.4255270186943,1.0275220077547338,226,51:58
920000,1843.9999999702188,-1599164.488171108,409208.0335173276,300.746506323236,1434.5589403140639,1.0267101853386962,226,51:54
925000,1853.9999999699824,-1600951.1978891548,410145.15845632704,301.43524414925065,1433.5528438473577,1.027430751374496,226,51:49
930000,1863.9999999697459,-1597897.767219589,408694.8307526375,300.36932912759465,1434.803475655871,1.026535201844184,226,51:45
935000,1873.9999999695094,-1600288.6076992908,408910.8910418609,300.5281221419463,1434.6394919779234,1.0266525379546718,227,51:41
940000,1883.999999969273,-1601478.2941181073,407272.51420215284,299.3240008387846,1433.9865069397092,1.0271200379928416,227,51:36
945000,1893.9999999690365,-1599141.9621508643,407290.53917953384,299.33724825459734,1435.8317140424865,1.0258000718916795,227,51:32
950000,1903.9999999688,-1599141.4177759914,407377.2650999692,299.4009872710443,1433.0247104544712,1.0278094053395819,227,51:28
955000,1913.9999999685635,-1599745.4198480882,409186.35884273204,300.73057657082063,1435.1523692264868,1.026285645393166,226,51:28
960000,1923.999999968327,-1600070.133755114,407627.97345800704,299.58524480415724,1434.627627349353,1.0266610285558575,226,51:24
965000,1933.9999999680906,-1600914.0877640294,407940.59542484244,299.8150056021492,1433.2048619211728,1.0276802114073107,226,51:20
970000,1943.9999999678541,-1600423.5968706692,408431.3052292402,300.1756516481779,1434.3849517276433,1.0268347236319872,226,51:15
975000,1953.9999999676177,-1598596.5368727185,409478.6913342237,300.9454256654124,1432.7676709638606,1.0279937950430535,226,51:11
980000,1963.9999999673812,-1599484.5484675178,408638.8789886921,300.3282075069252,1433.3338035597708,1.0275877620629328,226,51:07
985000,1973.9999999671447,-1601055.6301501645,407927.9384008764,299.80570335139544,1431.8823312339525,1.0286294085491343,227,51:02
990000,1983.9999999669083,-1599715.305310239,409881.0977820391,301.24117336191335,1432.5011577995888,1.028185050650546,227,50:58
995000,1993.9999999666718,-1599526.552317977,411623.4811842049,302.5217340497689,1438.0045478765087,1.0242500815898825,227,50:54
1000000,2003.9999999664353,-1599606.3108488591,408088.06842600694,299.92339054634493,1432.1190503657135,1.028459383396244,227,50:50
1005000,2013.9999999661989,-1601295.4118176503,407804.2467996042,299.71479649254326,1433.836153526111,1.0272277427703418,226,50:49
1010000,2023.9999999659624,-1601071.5850982433,409626.07336298097,301.053743749646,1432.3824564848112,1.0282702561882113,226,50:45
1015000,2033.999999965726,-1600234.6621172624,408829.6330795223,300.4684017887699,1434.4539596544273,1.0267853252285386,226,50:41
1020000,2043.9999999654895,-1599467.0640121866,408757.67121680954,300.4155135827067,1433.0673337131125,1.0277788355365534,226,50:36
1025000,2053.999999965253,-1599310.243811286,409828.63355968636,301.20261490194395,1436.8579182917053,1.0250674452490427,226,50:32
1030000,2063.9999999650167,-1598280.0121759716,409690.3828699692,301.1010078744087,1434.723971226258,1.0265920867205343,227,50:28
1035000,2073.9999999647803,-1601396.2479298925,409604.138540602,301.0376228022135,1432.633572495287,1.0280900181082289,227,50:24
1040000,2083.999999964544,-1600221.5818400048,409906.1707104376,301.2596006531723,1433.6522650395962,1.0273595009096972,227,50:20
1045000,2093.9999999643073,-1598820.300599848,408518.43572849734,300.2396880089026,1436.8131749721354,1.0250993665322565,227,50:16
1050000,2103.999999964071,-1601302.3284585848,410692.7870033409,301.8377224947065,1431.203136508265,1.0291175570524125,227,50:12
1055000,2113.9999999638344,-1599165.0361805242,409090.800753635,300.6603463722592,1431.6288286545062,1.0288115508776083,226,50:11
1060000,2123.999999963598,-1600665.086384979,409554.4292663201,301.00108908501426,1434.5288997803793,1.0267316857224889,226,50:07
1065000,2133.9999999633615,-1603967.1785112685,410475.84358800016,301.67828042883906,1431.68004984635,1.028774743104933,226,50:03
1070000,2143.999999963125,-1600667.8078058008,408567.2274469002,300.27554737051156,1432.965128753727,1.0278521409450632,226,49:58
1075000,2153.9999999628885,-1605256.0859921575,409554.9329706222,301.0014592813366,1432.2094586539124,1.028394461850186,226,49:54
1080000,2163.999999962652,-1602512.5395125076,408942.7889362122,300.55156542628936,1431.8573565949378,1.0286473500347442,227,49:50
1085000,2173.9999999624156,-1599427.714863779,409063.2197860973,300.6400758033833,1434.438777732454,1.0267961925969709,227,49:46
1090000,2183.999999962179,-1599635.708424841,408043.4276352963,299.8905818995294,1432.3366652109119,1.0283031296083278,227,49:42
1095000,2193.9999999619426,-1602949.7444286598,410060.8174993801,301.3732579562531,1434.283657167133,1.0269072426009704,227,49:37
1100000,2203.999999961706,-1599202.481571409,408297.8539730524,300.0775719533147,1435.9499199464976,1.0257156290966014,227,49:33
1105000,2213.9999999614697,-1599798.0087932767,409011.79491560976,300.602281212685,1432.2652406175648,1.0283544093090333,226,49:33
1110000,2223.9999999612332,-1602231.3546858141,409728.8942803395,301.1293117471917,1432.4403043293707,1.0282287303963402,226,49:29
1115000,2233.999999960997,-1601297.2634097515,409511.957345075,300.96987444384143,1431.091938481678,1.0291975210563966,226,49:25
1120000,2243.9999999607603,-1600561.7773998696,407718.81798446045,299.65201078065735,1430.632667942365,1.0295279204042844,226,49:21
1125000,2253.999999960524,-1600016.7363071488,409376.3058829573,300.870177712673,1433.0581853333567,1.0277853966875161,226,49:16
1130000,2263.9999999602874,-1602608.643249819,409227.89365586103,300.76110248653146,1433.231719307668,1.0276609536667376,226,49:12
1135000,2273.999999960051,-1601675.093530191,410529.3644586011,301.71761547001665,1430.4328385452511,1.0296717439646101,227,49:08
1140000,2283.9999999598144,-1602119.1425449075,409703.0399908349,301.1103101963787,1433.2199390703397,1.027669400444233,227,49:04
1145000,2293.999999959578,-1602153.450130757,409732.4990133283,301.13196103743974,1431.4567048519011,1.0289352590943506,227,49:00
1150000,2303.9999999593415,-1600289.9830248198,406965.3324529341,299.098238316261,1434.7021079548597,1.0266077308471326,227,48:56
1155000,2313.999999959105,-1600623.2488176534,409027.0896451997,300.6135220391414,1433.4148055742312,1.0275296932621654,226,48:55
1160000,2323.9999999588686,-1600604.7295496408,407965.6174774314,299.8333955023486,1434.2806155069961,1.026909420349725,226,48:51
1165000,2333.999999958632,-1599956.693152422,409532.11054694536,300.9846859933646,1433.4976516632892,1.0274703092677941,226,48:47
1170000,2343.9999999583956,-1600300.5168011496,409768.00536829716,301.15805635164304,1433.4141213386868,1.027530183750105,226,48:42
1175000,2353.999999958159,-1601818.1127704745,408891.40996499377,300.5138045691537,1433.1989142863017,1.0276844761793535,226,48:38
1180000,2363.9999999579227,-1601307.4919791883,409592.563900562,301.0291160470453,1435.5528676681254,1.0259993265741847,226,48:34
1185000,2373.999999957686,-1601885.0501769772,408258.0672317289,300.04833077897075,1432.413700726659,1.0282478272456839,226,48:30
1190000,2383.9999999574497,-1601583.5349558266,408675.7840802842,300.3553308194038,1434.801455191123,1.0265366473948423,227,48:26
1195000,2393.9999999572133,-1599344.8314179415,407064.251418366,299.1709385831816,1432.9235618855535,1.0278819573257696,227,48:22
1200000,2403.999999956977,-1601718.972547507,408414.8163846463,300.1635332096362,1430.8791043443346,1.0293506076210721,227,48:18
1205000,2413.9999999567403,-1599516.5425670482,409006.00220805756,300.59802387554646,1433.3302139199475,1.0275903355591982,226,48:17
1210000,2423.999999956504,-1597927.174871468,408675.6358469308,300.3552218756405,1431.8456278528774,1.0286557760404564,226,48:13
1215000,2433.9999999562674,-1600840.7135112379,407889.8264945842,299.777693093219,1434.7214302227653,1.0265939048951451,226,48:09
1220000,2443.999999956031,-1599769.7455890784,409909.2931278327,301.26189546668024,1432.6340309388916,1.0280896891189102,226,48:05
1225000,2453.9999999557945,-1601280.0748063559,408958.19500114676,300.5628880784021,1435.6844601011314,1.025905285194342,226,48:01
1230000,2463.999999955558,-1600740.5269365832,408848.09212670557,300.48196822318886,1434.8776556234263,1.0264821322687614,226,47:57
1235000,2473.9999999553215,-1600155.7544289771,408646.22535852226,300.3336067045939,1435.3228258966594,1.0261637653320372,226,47:53
1240000,2483.999999955085,-1601440.5387276653,409237.7156514225,300.7683211396572,1433.8216835852609,1.027238109418334,226,47:49
1245000,2493.9999999548486,-1601930.0414466066,408890.20996054786,300.5129226286366,1434.6592240469834,1.0266384175430507,226,47:45
1250000,2503.999999954612,-1601653.444765131,408887.2553432632,300.5107511394353,1432.7346269332722,1.028017504289532,226,47:41
1255000,2513.9999999543757,-1598889.5588690033,410157.1094584567,301.444027510874,1435.061333561548,1.0263507496461761,226,47:39
1260000,2523.999999954139,-1600733.3957321336,408410.9018413841,300.1606562250379,1432.1510914549049,1.028436373981225,226,47:35
1265000,2533.9999999539027,-1601730.448385573,409743.81774905015,301.1402797163158,1434.123065126136,1.027022234915099,226,47:31
1270000,2543.9999999536662,-1602852.1087047718,409585.7808443474,301.02413085542725,1433.2569590036862,1.0276428565279676,226,47:27
1275000,2553.99999995343,-1600642.4383139675,409920.5952495332,301.27020193511936,1433.703326294657,1.0273229115647795,226,47:23
1280000,2563.9999999531933,-1602206.9150398895,409296.7523166811,300.8117100014762,1432.4734210826866,1.0282049592067912,226,47:19
1285000,2573.999999952957,-1600557.0342050102,408858.27188286826,300.4894498116485,1434.3908408757377,1.0268305077784114,226,47:14
1290000,2583.9999999527204,-1600157.8014768017,409278.21042886004,300.7980826835203,1434.1049814285675,1.0270351854031963,226,47:10
1295000,2593.999999952484,-1600621.908506196,408569.8370865537,300.27746531919354,1433.0769579159837,1.027771933219155,226,47:06
1300000,2603.9999999522474,-1602109.1657381654,408162.25621115614,299.97791468900095,1434.1091796063208,1.0270321788843562,226,47:02
1305000,2613.999999952011,-1600900.2770048445,408947.43543852156,300.5549803625118,1434.6664261044639,1.0266332637952804,226,47:01
1310000,2623.9999999517745,-1602749.2641359717,408898.45318817964,300.518980969891,1431.4067431775093,1.028971172945274,226,46:57
1315000,2633.999999951538,-1601525.3493690211,407827.41057093936,299.73182065319435,1433.9236354543373,1.0271650728613988,226,46:53
1320000,2643.9999999513016,-1600023.5424785418,408183.9526790055,299.9938604583183,1432.0774645951124,1.028489248593517,226,46:48
1325000,2653.999999951065,-1601446.0085854745,410179.575849115,301.460539133195,1429.6817478789553,1.030212687316085,226,46:44
1330000,2663.9999999508286,-1602280.7975351065,406569.61399286176,298.8074059410229,1431.6516228273529,1.0287951705599783,226,46:40
1335000,2673.999999950592,-1601886.283315138,410084.5096945057,301.3906704807579,1430.0985560567815,1.029912427539474,226,46:36
1340000,2683.9999999503557,-1600711.4973586192,408789.0742562388,300.43859317455906,1433.0654310532668,1.0277802001033614,226,46:32
1345000,2693.999999950119,-1602242.4983028816,406911.4557602159,299.05864176443384,1432.9511506723597,1.0278621673865458,227,46:28
1350000,2703.9999999498827,-1602564.300906199,409007.55744384666,300.59916689252503,1433.9749934381105,1.0271282848229841,227,46:24
1355000,2713.9999999496463,-1599928.818833082,406915.3076739433,299.0614727195992,1434.7154652081806,1.0265981730917069,226,46:22
1360000,2723.99999994941,-1600740.2124037817,407642.5549746712,299.5959614564086,1433.964202410032,1.0271360142838335,226,46:18
1365000,2733.9999999491733,-1601252.242180067,407279.273964958,299.3289689109648,1433.1611266346451,1.0277115727718282,226,46:14
1370000,2743.999999948937,-1600910.1620268133,410721.11070200504,301.8585389321214,1431.6564685184608,1.028791688423223,226,46:10
1375000,2753.9999999487004,-1601665.1324931234,406499.2149676031,298.75566633876457,1432.4859053940386,1.0281959982593947,226,46:06
1380000,2763.999999948464,-1603068.5743782343,408191.55980347167,299.999451297009,1432.489505069483,1.028193414525361,226,46:02
1385000,2773.9999999482275,-1600642.0154307066,407643.3388655442,299.59653757520897,1432.227680932145,1.0283813775548143,226,45:58
1390000,2783.999999947991,-1598762.3568232208,409016.17940401135,300.6055035823864,1436.694773689992,1.025183847301272,226,45:54
1395000,2793.9999999477545,-1601300.3725269744,408730.326376924,300.3954165553075,1435.2776814461606,1.0261960417339535,226,45:50
1400000,2803.999999947518,-1601206.1376236957,409449.3464867942,300.9238587370529,1430.0404225328268,1.0299542951942857,227,45:46
1405000,2813.9999999472816,-1597625.9307308504,409320.6161642255,300.82924868153265,1434.3212708256224,1.0268803129729234,226,45:45
1410000,2823.999999947045,-1600034.1575523177,408723.3656483705,300.3903007838113,1433.6171372889066,1.027384674177704,226,45:41
1415000,2833.9999999468087,-1602072.1651652902,406678.31732927077,298.8872972089672,1431.226253447735,1.029100934908837,226,45:37
1420000,2843.999999946572,-1600458.9375894535,410239.0880295716,301.5042774738189,1436.1333124885389,1.0255846464120584,226,45:33
1425000,2853.9999999463357,-1596976.2573775845,408012.35599998944,299.8677458723773,1435.7383710161557,1.0258667632088818,226,45:29
1430000,2863.9999999460993,-1601579.871578657,406787.3428508856,298.96742526619005,1433.5299013670265,1.0274471945681696,226,45:25
1435000,2873.999999945863,-1601042.2300422275,408443.87633131776,300.18489075083664,1432.1518825681344,1.0284358058783367,226,45:21
1440000,2883.9999999456263,-1600269.0159731507,409910.5304862475,301.26280486041117,1431.8979411825949,1.0286181948642916,226,45:17
1445000,2893.99999994539,-1598592.7814828185,408452.09251889086,300.1909292190619,1432.0763850636301,1.0284900238919121,226,45:13
1450000,2903.9999999451534,-1602568.7594265342,409860.9167277725,301.2263413423354,1428.2958475514736,1.0312123206225703,226,45:09
1455000,2913.999999944917,-1600990.9436806636,408379.27569872665,300.1374126639793,1432.7557741661972,1.0280023309250228,226,45:07
1460000,2923.9999999446804,-1601128.2496144548,408846.3161725628,300.4806629897621,1433.4500648947214,1.027504418577225,226,45:03
1465000,2933.999999944444,-1600811.5544102406,410354.0972842088,301.5888032619117,1430.6541874694165,1.0295124345138942,226,44:58
1470000,2943.9999999442075,-1599402.8656609328,409524.9061740562,300.9793911560223,1432.1804619596257,1.0284152832764015,226,44:54
1475000,2953.999999943971,-1601581.9674335858,407091.4800287077,299.1909501879439,1436.0174576738534,1.0256673883860639,226,44:50
1480000,2963.9999999437346,-1599529.3859744817,407749.6776465986,299.674691018615,1429.5930860644996,1.030276579990877,226,44:46
1485000,2973.999999943498,-1599101.392825148,408343.0279455655,300.1107724608739,1435.0634491621413,1.026349236578405,226,44:42
1490000,2983.9999999432616,-1598420.8477041647,409047.51411190315,300.62853295413197,1436.3646658720177,1.02541945683059,226,44:38
1495000,2993.999999943025,-1600161.3186721671,408798.49053486926,300.4455136469563,1431.7866680276718,1.0286981352592608,226,44:34
1500000,3003.9999999427887,-1599856.821595869,405892.6350134952,298.30986179178245,1431.582185428915,1.0288450711950214,226,44:30
1505000,3013.999999942552,-1598913.3445688104,409404.50115992734,300.8908997668582,1430.572792359299,1.0295710105461116,226,44:28
1510000,3023.9999999423158,-1598796.6784920562,406465.83280297986,298.7311321933871,1434.862420781345,1.0264930310789593,226,44:24
1515000,3033.9999999420793,-1601244.4578886293,408781.3208064103,300.43289479437857,1429.9983253647522,1.029984615620754,226,44:20
1520000,3043.999999941843,-1600659.6544443686,408986.63216870424,300.58378790952014,1431.524160171572,1.0288867742983872,226,44:16
1525000,3053.9999999416063,-1602419.2990554199,409957.41320970515,301.2972612105606,1431.973870047975,1.0285636534972464,226,44:12
1530000,3063.99999994137,-1601549.8362921271,409155.64642354124,300.70800454872966,1432.9060453516072,1.0278945226501024,226,44:08
1535000,3073.9999999411334,-1600578.5386020597,409125.82296744507,300.68608586802753,1433.5336082807496,1.0274445377360708,226,44:04
1540000,3083.999999940897,-1597806.9325223556,409006.45049945934,300.5983533462847,1434.7621979706007,1.0265647349591773,226,44:00
1545000,3093.9999999406605,-1602015.7624071725,407513.9702438604,299.5014584032171,1430.7582068550216,1.0294375866112941,226,43:56
1550000,3103.999999940424,-1599946.4013910862,408788.3328592299,300.4380482865266,1434.9921139213807,1.026400257674051,226,43:52
1555000,3113.9999999401875,-1601949.7391690947,409608.57439115836,301.0408829204128,1432.5577391928864,1.028144440669432,226,43:50
1560000,3123.999999939951,-1602255.1356226895,408883.9175507167,300.50829803645354,1434.703008484139,1.0266070864696448,226,43:46
1565000,3133.9999999397146,-1600837.5342778163,408025.5627908933,299.8774521730819,1432.6077834855223,1.0281085252138176,226,43:42
1570000,3143.999999939478,-1600187.2972849235,408105.99200323806,299.9365634383499,1435.7595977126584,1.0258515964898365,226,43:38
1575000,3153.9999999392417,-1601913.204236853,407808.6256196954,299.71801469633294,1431.3394410669287,1.0290195555508803,226,43:34
1580000,3163.999999939005,-1601030.6201711781,408881.7830041214,300.5067292563256,1431.744213590016,1.0287286384737564,226,43:30
1585000,3173.9999999387687,-1600607.7651211414,408093.2422440076,299.9271930320261,1431.0676733658565,1.0292149720809125,226,43:26
1590000,3183.9999999385323,-1601253.6736371107,408117.5506071935,299.9450584078345,1431.3639607093583,1.0290019281743026,226,43:22
1595000,3193.999999938296,-1599891.5652875882,408376.4097889068,300.13530637012593,1435.4998865077962,1.0260371939647221,226,43:18
1600000,3203.9999999380593,-1600117.2611885918,408361.7724320948,300.124548678286,1436.6840918458715,1.025191469613034,226,43:14
1605000,3213.999999937823,-1604894.5381136844,408381.4440261731,300.1390062712662,1429.5298676607385,1.030322142131475,226,43:12
1610000,3223.9999999375864,-1601586.4861545404,407790.71260971506,299.70484957070477,1432.9593241060174,1.0278563045800495,226,43:08
1615000,3233.99999993735,-1600999.2358187502,408147.82060058374,299.9673052700974,1433.3565629739808,1.0275714456095686,226,43:04
1620000,3243.9999999371134,-1601744.316957903,409596.3181545468,301.0318752274066,1431.505602285253,1.0289001126770578,226,43:00
1625000,3253.999999936877,-1603673.9812129186,407624.1868926509,299.5824618766277,1430.0709987558275,1.0299322738315437,226,42:56
1630000,3263.9999999366405,-1601815.9319806062,409038.1477620798,300.62164917679706,1431.6539134737498,1.028793524487608,226,42:52
1635000,3273.999999936404,-1601366.942216225,408544.0175369902,300.2584893004206,1430.9436223301468,1.0293041965487826,226,42:48
1640000,3283.9999999361676,-1602607.9192990633,409968.1461295221,301.30514934538,1432.5688836797656,1.0281364423509152,226,42:44
1645000,3293.999999935931,-1600135.6767126638,407660.68463005323,299.6092858050782,1429.357832994654,1.030446149655406,226,42:40
1650000,3303.9999999356946,-1601466.5103121353,406919.2465595138,299.0643675945213,1427.6809930933027,1.0316564292825041,226,42:36
1655000,3313.999999935458,-1602765.6869327668,408141.1659237899,299.96241443064037,1432.1986320929439,1.0284022358942964,226,42:34
1660000,3323.9999999352217,-1602736.3555454137,411446.9583344236,302.3919989859148,1433.7653739957536,1.0272784530877495,226,42:30
1665000,3333.999999934985,-1602346.2118298002,408466.94456836954,300.2018446987851,1434.2903701244466,1.026902436332569,226,42:25
1670000,3343.9999999347488,-1601950.881927926,409016.43964159343,300.60569484340095,1432.760659507508,1.0279988257043693,226,42:21
1675000,3353.9999999345123,-1599166.319750579,409444.0220191825,300.9199455317854,1432.5360992621634,1.0281599718483536,226,42:17
1680000,3363.999999934276,-1603124.3486669548,407812.0861822625,299.72055802886,1431.2639857823724,1.0290738047768437,226,42:13
1685000,3373.9999999340394,-1602755.8439000426,407720.0611515773,299.6529244434805,1431.0239760713184,1.029246399863067,226,42:09
1690000,3383.999999933803,-1601414.0531245703,406783.61674769956,298.9646867751938,1432.4836960575572,1.0281975840581967,226,42:05
1695000,3393.9999999335664,-1601880.9941346673,407985.03153989534,299.8476638230592,1434.2664494764738,1.026919562977127,226,42:01
1700000,3403.99999993333,-1600005.492959775,407877.88860890607,299.7689193715016,1431.7711300591752,1.0287092989703335,227,41:57
1705000,3413.9999999330935,-1599214.0421066266,408740.2851842344,300.40273575791457,1437.076399888528,1.0249116021969225,226,41:55
1710000,3423.999999932857,-1600441.7043646649,408591.0068879372,300.29302401619884,1433.0825466395102,1.0277679251226246,226,41:51
1715000,3433.9999999326205,-1602758.4733680217,407667.9260294116,299.61460785493927,1431.4019134094144,1.02897464485075,226,41:47
1720000,3443.999999932384,-1600213.1330675352,408722.42739287694,300.3896112150868,1433.8226074519444,1.0272374475295758,226,41:43
1725000,3453.9999999321476,-1602922.890426197,409613.7103652111,301.0446575927712,1431.7663703703681,1.0287127187574143,226,41:39
1730000,3463.999999931911,-1601516.149354183,408525.5645795211,300.2449273416231,1432.2834153482693,1.028341360170673,226,41:35
1735000,3473.9999999316747,-1601007.424995929,410772.97736306104,301.8966582157854,1430.6872481979503,1.0294886442472495,226,41:31
1740000,3483.999999931438,-1600298.2386925109,407638.21824060986,299.59277418365,1432.0979959233575,1.0284745036176708,226,41:27
1745000,3493.9999999312017,-1601536.9976765653,408726.9619455378,300.39294387417164,1430.9049412824404,1.0293320212935173,226,41:23
1750000,3503.9999999309653,-1600093.9307085052,410530.32023946,301.7183179189682,1430.9223345863704,1.029319509444161,227,41:19
1755000,3513.999999930729,-1601400.0931970403,409249.1667813683,300.7767371213647,1432.2128889394876,1.0283919987480066,226,41:16
1760000,3523.9999999304923,-1599801.908217962,408678.5146749746,300.357337663713,1434.881048534774,1.0264797050551062,226,41:12
1765000,3533.999999930256,-1602893.8120289212,408022.03820375574,299.8748617858436,1433.7115238372535,1.0273170376332474,226,41:09
1770000,3543.9999999300194,-1600127.5181596903,410176.76400552585,301.458472575194,1434.6288671187635,1.0266601413417722,226,41:05
1775000,3553.999999929783,-1598565.4311193405,407931.00211539655,299.80795502135993,1435.6586919606625,1.0259236988128748,226,41:01
1780000,3563.9999999295464,-1599631.820751382,411138.70348721306,302.1654477924817,1434.9754260495752,1.0264121940707378,226,40:57
1785000,3573.99999992931,-1597463.6622676589,407466.0246687021,299.4662209126464,1431.761813661649,1.0287159927267087,226,40:53
1790000,3583.9999999290735,-1601860.1352316514,408038.6161584782,299.88704571567,1433.6768767069022,1.0273418644180645,226,40:49
1795000,3593.999999928837,-1601280.4067352023,408299.47303397924,300.078761878432,1430.19916301648,1.0298399786381112,226,40:45
1800000,3603.9999999286006,-1598930.747277283,408742.9462621169,300.4046915110051,1432.5475594546745,1.0281517467034837,227,40:41
1805000,3613.999999928364,-1600002.0432903701,407959.3385092144,299.82878078904895,1436.0991095000884,1.0256090723444917,226,40:38
1810000,3623.9999999281276,-1600739.6920632916,408734.7002699212,300.39863113794087,1434.1309573876442,1.027016583040693,226,40:35
1815000,3633.999999927891,-1603167.0350884553,409309.4807927687,300.8210647658029,1430.249696579102,1.0298035923461402,226,40:31
1820000,3643.9999999276547,-1601550.1338033387,409008.1722117698,300.5996187148011,1436.6135112535528,1.025241837106169,226,40:27
1825000,3653.9999999274182,-1602806.222772373,409903.77834549756,301.257842390043,1431.552050538584,1.0288667289009892,226,40:23
1830000,3663.9999999271818,-1601020.2378472555,407555.3729850518,299.5318872529601,1431.346616398973,1.0290143970819903,226,40:19
1835000,3673.9999999269453,-1601875.1566605903,406944.9209066848,299.0832368971287,1430.8802712966651,1.0293497681356767,226,40:14
1840000,3683.999999926709,-1602013.5371362055,408393.26653676666,300.14769519832964,1429.435282297335,1.0303903182814855,226,40:11
1845000,3693.9999999264724,-1600711.3645384107,409490.1551450776,300.9538509669243,1432.3675760855629,1.0282809385522935,226,40:07
1850000,3703.999999926236,-1602218.6626071986,408444.5877969833,300.18541364089685,1432.6765833040658,1.0280591535127634,227,40:03
1855000,3713.9999999259994,-1598804.9756816588,407632.9759282849,299.5889213582223,1431.1795141604362,1.029134543162575,226,40:00
1860000,3723.999999925763,-1602745.2636093376,408502.7666445868,300.2281720515963,1430.3775871825246,1.0297115172157605,226,39:56
1865000,3733.9999999255265,-1602983.8889891626,406362.2566563887,298.6550091418478,1430.835844979766,1.0293817286286708,226,39:52
1870000,3743.99999992529,-1601629.5384874353,408493.60069392365,300.2214355571649,1431.6315829993064,1.0288095715263705,226,39:48
1875000,3753.9999999250535,-1598508.6219064593,408724.15812550334,300.39088321306366,1431.8534013181547,1.0286501915162656,226,39:44
1880000,3763.999999924817,-1599788.8803386232,409439.18430808815,300.91639006710477,1433.7940652851041,1.0272578964791994,226,39:40
1885000,3773.9999999245806,-1602875.7101908773,408654.0114808006,300.3393290973164,1429.2358421809454,1.0305341022245829,226,39:36
1890000,3783.999999924344,-1602991.8429452814,408949.54219242313,300.55652871646305,1431.5799728148183,1.028846661352156,226,39:32
1895000,3793.9999999241077,-1602044.4361502435,410089.2185330617,301.39413123086183,1432.0631648106341,1.028499518513835,227,39:28
1900000,3803.999999923871,-1601072.09075992,408925.46636219916,300.5388342402221,1433.5729506519244,1.0274163409816979,227,39:24
1905000,3813.9999999236347,-1602361.4096272048,409216.0343482788,300.75238651560556,1432.9692038147064,1.0278492179512255,226,39:22
1910000,3823.9999999233983,-1600075.9462071834,408871.37900031847,300.4990828575768,1433.8630199806978,1.0272084954872214,226,39:18
1915000,3833.999999923162,-1603157.8177750176,408244.4633205789,300.0383326156514,1431.8249620794447,1.0286706228043911,226,39:14
1920000,3843.9999999229253,-1599634.7916941894,407323.6744395024,299.3616009379648,1429.618749552152,1.0302580852066576,226,39:10
1925000,3853.999999922689,-1601117.1624843152,408100.8909136404,299.93281440424187,1430.3675464939256,1.0297187454367283,226,39:06
1930000,3863.9999999224524,-1599434.1759474566,407541.12089128967,299.5214127093156,1433.4738119979538,1.0274873968128262,226,39:02
1935000,3873.999999922216,-1600515.099720873,409529.8469655461,300.9830223794034,1433.610251875188,1.0273896085512695,227,38:58
1940000,3883.9999999219795,-1602010.924354122,410064.6503376903,301.3760748919843,1432.2661640616961,1.0283537462843328,227,38:54
1945000,3893.999999921743,-1603574.4334510705,407698.5690819472,299.637128896166,1428.6612328517938,1.0309485843253992,227,38:50
1950000,3903.9999999215065,-1601777.167891086,408177.62402957835,299.98920923192713,1433.0466113453476,1.0277936975869866,227,38:46
1955000,3913.99999992127,-1602400.1862577582,408090.1607759447,299.924928314136,1430.7672442660346,1.0294310841905685,226,38:44
1960000,3923.9999999210336,-1600715.791034123,410217.91160456766,301.4887139087989,1433.3016678672184,1.0276108013470784,226,38:40
1965000,3933.999999920797,-1600659.6486522797,408311.66197091347,300.0877201096946,1433.9078768944132,1.0271763613427674,226,38:36
1970000,3943.9999999205606,-1599974.6473144274,408081.4243627472,299.9185075072805,1434.5971632621277,1.0266828300008386,226,38:32
1975000,3953.999999920324,-1602584.5159492781,410512.10571597476,301.70493119668066,1430.9710602072225,1.0292844603550861,226,38:28
1980000,3963.9999999200877,-1600003.6841288814,408460.96384939033,300.19744918307924,1432.0183648176626,1.0285316946173912,226,38:24
1985000,3973.9999999198512,-1603222.3582588648,409982.71804455505,301.31585894093445,1433.1157878576303,1.0277440859757356,226,38:20
1990000,3983.9999999196148,-1601014.2763897711,408361.76007035037,300.12453959305026,1435.179647879193,1.026266138643792,226,38:16
1995000,3993.9999999193783,-1602291.0185260708,408302.91647179576,300.0812926251628,1431.2674179183032,1.0290713370890192,226,38:12
2000000,4003.999999919142,-1603007.854128668,407621.9750647615,299.58083629878985,1432.275656722321,1.0283469306877193,226,38:08
2005000,4013.9999999189054,-1599946.713815746,408351.4307710979,300.1169480982395,1433.2000803260912,1.027683640063722,226,38:06
2010000,4023.999999918669,-1599957.5748241898,407161.61343511625,299.2424945742371,1434.1059831794269,1.0270344679991887,226,38:02
2015000,4033.9999999184324,-1600028.5253211427,408136.6996137318,299.9591319263,1433.9641797103393,1.0271360305434247,226,37:58
2020000,4043.999999918196,-1600686.156840003,405812.1670560145,298.2507220508656,1431.8912719612997,1.0286229857883682,226,37:54
2025000,4053.9999999179595,-1601537.3462484675,407474.623682942,299.47254073845295,1434.3880806079294,1.0268324837619223,226,37:50
2030000,4063.999999917723,-1602999.0441241646,408860.62673916767,300.4911805078884,1434.657320812911,1.0266397794942206,226,37:46
2035000,4073.9999999174865,-1599589.1600833964,409146.3556324299,300.70117630309693,1433.6749804160052,1.0273432232609345,226,37:43
2040000,4083.99999991725,-1602444.291449532,408391.5392823049,300.1464257566218,1436.295635049892,1.02546874024161,226,37:39
2045000,4093.9999999170136,-1601254.9504616158,406107.70099471556,298.46792404174613,1434.6230090407398,1.026664333561731,226,37:35
2050000,4103.999999918596,-1599370.8305605408,409422.069330319,300.90381145342104,1435.2966164954553,1.0261825037151127,226,37:31
2055000,4113.999999920633,-1601201.9081118973,408230.3218049593,300.02793934115937,1435.8253773651286,1.025804599018858,226,37:28
2060000,4123.99999992267,-1600408.3636807082,408278.92214342946,300.0636580485254,1431.204184026052,1.0291168038272906,226,37:24
2065000,4133.9999999247075,-1600850.4342077496,408803.5187667641,300.4492091344626,1434.3304670009325,1.0268737291544814,226,37:20
2070000,4143.999999926745,-1601587.0555713493,409404.6445208207,300.8910051296182,1431.061442873916,1.0292194530314827,226,37:16
2075000,4153.999999928782,-1599890.8325518835,409913.4268199998,301.264933514264,1434.1380831430615,1.0270114801366796,226,37:12
2080000,4163.999999930819,-1603808.8265012745,408531.19227623986,300.24906340442783,1430.1049649523284,1.0299078120732443,226,37:08
2085000,4173.999999932857,-1602865.9721495844,409360.983674279,300.85891669052364,1433.7588943714823,1.0272830956942742,226,37:04
2090000,4183.999999934894,-1601096.3622326981,407576.68343567936,299.547549319805,1432.4561080195,1.0282173863780864,226,37:00
2095000,4193.999999936931,-1600415.1605492588,409684.5114693355,301.09669270197037,1432.0635875800654,1.0284992148833538,226,36:56
2100000,4203.999999938968,-1599391.042373566,407403.504594381,299.42027192732104,1435.3826728287647,1.0261209803978486,226,36:52
2105000,4213.999999941006,-1601195.9497275297,407916.4652709848,299.7972712008782,1433.5129561754673,1.0274593397597802,226,36:50
2110000,4223.999999943043,-1601478.3632905018,407903.52483766753,299.7877606590713,1434.2604959660302,1.0269238256451432,226,36:46
2115000,4233.99999994508,-1600557.9634068655,407030.79800704366,299.146352075206,1434.371568382036,1.0268443044716322,226,36:42
2120000,4243.999999947117,-1601260.402816684,408424.82912415685,300.1708920495902,1431.435101624961,1.0289507877913093,226,36:38
2125000,4253.999999949155,-1603035.881576241,409747.01115038904,301.14262669931054,1431.0502493498973,1.0292275034774214,226,36:34
2130000,4263.999999951192,-1601323.2891611466,410417.0945322495,301.6351029449687,1430.4599871741934,1.0296522018757994,226,36:30
2135000,4273.999999953229,-1602970.9399491875,409483.6733101567,300.9490871572056,1431.3354348723897,1.0290224356951312,226,36:26
2140000,4283.9999999552665,-1603019.3008264517,409510.1202556648,300.9685242791901,1433.231468749745,1.0276611333227108,226,36:22
2145000,4293.999999957304,-1602728.4991651708,407701.1206241616,299.6390041462683,1431.9100091170942,1.0286095258160124,226,36:19
2150000,4303.999999959341,-1600689.1899497416,408707.41175721714,300.3785755080746,1434.193062682105,1.0269721098320537,226,36:15
2155000,4313.999999961378,-1597392.5250550685,408514.324515876,300.23666648260956,1433.964292565442,1.0271359497063057,226,36:12
2160000,4323.999999963416,-1602774.8965876522,408565.757080009,300.27446672773493,1430.9228529443735,1.0293191365687089,226,36:08
2165000,4333.999999965453,-1601473.962634691,408883.30046171433,300.5078445083056,1430.6374493873684,1.0295244795387226,226,36:04
2170000,4343.99999996749,-1601930.788448655,408231.84746926837,300.02906062464643,1433.4392030267213,1.0275122044793692,226,36:00
2175000,4353.999999969527,-1600048.0877486244,407970.36728217936,299.83688636046145,1433.6886660497642,1.027333416499236,226,35:56
2180000,4363.999999971565,-1600278.2869067881,407956.81357388286,299.82692509361425,1434.5261137517393,1.0267336797634858,226,35:52
2185000,4373.999999973602,-1601708.2943126792,407204.5339163126,299.27403888351813,1434.3650764881017,1.0268489519385993,226,35:48
2190000,4383.999999975639,-1601525.1263139704,407908.08372375736,299.791111201954,1432.4542428023522,1.028218725233209,226,35:44
2195000,4393.999999977676,-1599151.76065211,405015.21462905454,297.66500369129704,1430.6335737273946,1.0295272685735186,226,35:40
2200000,4403.999999979714,-1601828.35849048,408640.1376972123,300.3291325918671,1431.3668191627391,1.0289998732475003,226,35:36
2205000,4413.999999981751,-1601260.4457587553,407733.3820478881,299.6627146056925,1436.0246986230188,1.025662216604947,226,35:34
2210000,4423.999999983788,-1600440.7576304125,407612.76050441863,299.5740640787858,1434.6456693228236,1.0266481173601272,226,35:30
2215000,4433.9999999858255,-1601428.3951597065,409424.3236367834,300.9054682507902,1432.6040909477151,1.0281111751640886,226,35:26
2220000,4443.999999987863,-1601182.7050853623,410320.3018471277,301.56396538288857,1432.0405708221126,1.0285157456423044,226,35:22
2225000,4453.9999999899,-1600540.7859903844,408918.20580936904,300.5334981135609,1432.7503917024865,1.02800619285748,226,35:18
2230000,4463.999999991937,-1600110.7587134968,409154.4338122646,300.7071133428512,1434.8922161437235,1.0264717160759955,226,35:14
2235000,4473.999999993975,-1598304.8151186733,406779.56477480114,298.9617087869992,1433.6546181899769,1.0273578146378641,226,35:10
2240000,4483.999999996012,-1601923.644967448,408458.82795847685,300.19587941494785,1435.0192701275664,1.0263808341460143,226,35:06
2245000,4493.999999998049,-1599104.199116096,409208.8861352978,300.747132952859,1432.945920168192,1.0278659192639017,226,35:02
2250000,4504.000000000086,-1599815.3538657445,406469.31057341397,298.7336881727966,1434.9715610535854,1.0264149586405185,226,34:58
2255000,4514.000000002124,-1601965.373657614,411765.7422518389,302.6262884953622,1430.5657671185095,1.0295760665766873,226,34:56
2260000,4524.000000004161,-1602674.6772264615,409603.6926399805,301.0372950885737,1431.4865305624933,1.028913820733178,226,34:52
2265000,4534.000000006198,-1602367.1367684444,407890.47095652705,299.77816673904675,1432.606209724932,1.0281096546216537,226,34:48
2270000,4544.0000000082355,-1601080.525664066,409594.9815520812,301.03089289448803,1432.057535811525,1.028503561244472,226,34:44
2275000,4554.000000010273,-1600281.2207899047,407850.4028564335,299.7487187807196,1432.8166078230151,1.0279586846267692,226,34:40
2280000,4564.00000001231,-1603879.2575497152,409380.26658639184,300.87308862258425,1433.7727322626847,1.0272731809906448,226,34:36
2285000,4574.000000014347,-1602563.4404585464,407838.67127466504,299.74009668158783,1429.9427906093852,1.0300246171816807,226,34:32
2290000,4584.000000016385,-1601408.191289029,409427.6961771755,300.9079468916214,1430.2186099965395,1.0298259756896184,226,34:29
2295000,4594.000000018422,-1600726.6208715178,408962.65968778945,300.5661693896171,1431.093338562389,1.0291965141621864,226,34:25
2300000,4604.000000020459,-1600704.1679542828,409822.67146219,301.19823307205417,1431.173996519541,1.0291385108107123,226,34:21
2305000,4614.000000022496,-1602743.4890797632,409573.9554979769,301.0154398442161,1430.423057275186,1.0296787848867728,226,34:18
2310000,4624.000000024534,-1602684.1354851983,409593.9363821582,301.03012474924867,1432.6336112262002,1.0280899903140568,226,34:14
2315000,4634.000000026571,-1600535.3034983259,408091.02442837186,299.92556305350786,1433.0726334835704,1.0277750346183148,226,34:10
2320000,4644.000000028608,-1600682.4790294785,409230.0933263616,300.7627191293242,1435.1253056743665,1.0263049990586226,226,34:06
2325000,4654.000000030645,-1601436.6418129,408554.3740011269,300.2661007600007,1431.923785617182,1.0285996295915312,226,34:02
2330000,4664.000000032683,-1601404.4090316063,407256.0994168776,299.3119368299695,1435.7254596221967,1.0258759887678774,226,33:58
2335000,4674.00000003472,-1601191.290694124,411141.58526334097,302.1675657472419,1433.478911918169,1.0274837412977698,226,33:54
2340000,4684.000000036757,-1600074.9608722413,409054.6746879871,300.63379560311273,1432.9483433201206,1.0278641811166083,226,33:51
2345000,4694.0000000387945,-1602681.3038256355,408152.61218666134,299.9708268353027,1431.9109301297,1.0286088642089808,226,33:47
2350000,4704.000000040832,-1600910.1680568736,408257.1751419814,300.0476751396555,1431.4443046183796,1.0289441724956265,226,33:43
2355000,4714.000000042869,-1601373.4813009175,410307.60564736684,301.5546343399742,1438.5141991267265,1.0238871999895933,226,33:40
2360000,4724.000000044906,-1601466.212147276,407688.5237486197,299.62974610146097,1433.3580705712502,1.0275703648161947,226,33:36
2365000,4734.000000046944,-1601721.513682546,407630.3830766098,299.5870157478265,1432.3750752722449,1.02827555499679,226,33:32
2370000,4744.000000048981,-1603935.3699345943,408233.9410892892,300.0305993258822,1433.900749106513,1.0271814673413828,226,33:28
2375000,4754.000000051018,-1601735.669528067,411496.87745829986,302.42868693159244,1432.1786670232448,1.0284165721798388,226,33:24
2380000,4764.000000053055,-1601008.6460312093,409500.3507826859,300.961344227416,1433.6644549100545,1.0273507656863419,226,33:20
2385000,4774.000000055093,-1601173.6354920017,408773.5959977502,300.4272174639592,1434.863643793925,1.0264921561429365,226,33:16
2390000,4784.00000005713,-1600266.056781074,408915.2610237473,300.5313338501177,1431.8987679536688,1.0286176009453716,226,33:12
2395000,4794.000000059167,-1602148.1364305746,408049.28642488626,299.8948878035102,1430.7804307537176,1.029421596654941,226,33:09
2400000,4804.000000061204,-1601524.2961492268,408115.91556410806,299.94385673666636,1431.3997732676996,1.0289761833109357,226,33:05
2405000,4814.000000063242,-1600677.8691423107,408998.50304467673,300.59251238260794,1434.5391499965979,1.0267243494139768,226,33:02
2410000,4824.000000065279,-1602246.9253298724,407894.2598877184,299.7809514053416,1436.0611735339542,1.0256361655294846,226,32:58
2415000,4834.000000067316,-1601235.750468552,408088.3252170342,299.92357927432187,1433.4768913905032,1.0274851895661987,226,32:54
2420000,4844.0000000693535,-1600424.5873745559,407900.99388100527,299.7859005382734,1433.4446773814116,1.0275082803891376,226,32:50
2425000,4854.000000071391,-1599111.5023666378,408620.8732203358,300.3149742087412,1435.0387128493235,1.0263669281539345,226,32:46
2430000,4864.000000073428,-1600225.8287441554,408812.47827643814,300.4557939055622,1432.3731742236812,1.028276919726179,226,32:42
2435000,4874.000000075465,-1599181.791417379,408844.80240501696,300.47955044977385,1432.039596814644,1.0285164451914088,226,32:38
2440000,4884.000000077503,-1598493.8296456244,408014.15164238756,299.86906557564214,1436.6737672169486,1.0251988371321887,226,32:34
2445000,4894.00000007954,-1603176.1261899965,408685.17536380736,300.3622329217042,1432.509645098472,1.0281789588843497,226,32:30
2450000,4904.000000081577,-1603405.1963063646,408731.1602061405,300.3960293761791,1434.989076492009,1.0264024302468884,226,32:26
2455000,4914.000000083614,-1601369.7767796777,408959.010900414,300.56348772169855,1434.0249618294345,1.027092494687218,226,32:23
2460000,4924.000000085652,-1603118.6472685523,407536.39117117715,299.5179366123595,1434.1049863306032,1.0270351818926005,226,32:19
2465000,4934.000000087689,-1599710.528318203,408618.61478699313,300.31331437833234,1434.019580927694,1.0270963486679208,226,32:16
2470000,4944.000000089726,-1602491.8707846794,408646.48958344496,300.33380089609517,1432.983583912237,1.0278389034073836,226,32:12
2475000,4954.0000000917635,-1601678.2601378532,409059.0512338604,300.6370121354712,1433.790413055331,1.0272605131669943,226,32:08
2480000,4964.000000093801,-1600476.869986277,409106.1808407276,300.6716499320165,1435.8661034331512,1.025775503695988,226,32:04
2485000,4974.000000095838,-1597586.4421484368,408544.32537169795,300.2587155428335,1436.3851062731856,1.025404864654041,226,32:00
2490000,4984.000000097875,-1600512.0488778055,408716.23427946214,300.3850596005773,1432.6442651952461,1.028082344843929,226,31:56
2495000,4994.0000000999125,-1602101.9779681023,409589.2342046882,301.0266688946946,1432.02111487927,1.0285297194191936,226,31:52
2500000,5004.00000010195,-1600278.553090862,409168.5118901186,300.7174599939028,1436.1728308722277,1.025556425959275,226,31:48
2505000,5014.000000103987,-1601542.1117337523,406729.37981430144,298.9248254653046,1432.4747497644248,1.028204005502614,226,31:45
2510000,5024.000000106024,-1599084.86669569,408151.91982191824,299.9703179834217,1434.59146933724,1.0266869049274239,226,31:41
2515000,5034.000000108062,-1600627.8206726871,409710.65720663057,301.115908451669,1431.5824731152834,1.0288448644415105,226,31:37
2520000,5044.000000110099,-1602733.5981529457,408357.01249194413,300.1210503711821,1432.9741870595735,1.027845643550245,226,31:34
2525000,5054.000000112136,-1600064.3982326835,410197.6752611937,301.4738412546182,1437.4162779508058,1.0246692611474266,226,31:30
2530000,5064.000000114173,-1598443.2345935525,408222.8084995242,300.0224174545504,1435.6147147501708,1.0259551259513593,226,31:26
2535000,5074.000000116211,-1600906.2871009763,407410.89877048996,299.42570626010473,1432.1840799284173,1.0284126853042193,226,31:22
2540000,5084.000000118248,-1601941.0062953383,407918.4008102171,299.79869372100063,1432.6108150740233,1.0281063496041194,226,31:18
2545000,5094.000000120285,-1602297.21219749,409110.11334823736,300.6745401193975,1433.1844197310866,1.0276948696982746,226,31:14
2550000,5104.0000001223225,-1600606.4357115664,407501.8231701704,299.49253093924995,1432.5163474808771,1.028174148294526,226,31:10
2555000,5114.00000012436,-1599008.62847298,408113.53234511765,299.9421051953317,1434.8168186239402,1.0265256556594429,226,31:07
2560000,5124.000000126397,-1600458.0935883112,408317.10444392107,300.0917200427573,1432.9761589563664,1.0278442291474192,226,31:03
2565000,5134.000000128434,-1599880.5291979946,408233.6313700249,300.0303716984187,1434.8543542258994,1.0264988018827523,226,30:59
2570000,5144.000000130472,-1603205.6192351924,410594.98987094825,301.7658467164068,1428.6118456901063,1.0309842242541727,226,30:55
2575000,5154.000000132509,-1601387.5117377453,409219.468449667,300.7549104005498,1434.324664968243,1.0268778829943268,226,30:51
2580000,5164.000000134546,-1599290.7167118378,408065.8539342107,299.90706405651525,1436.0287018511422,1.0256593573585926,226,30:47
2585000,5174.000000136583,-1600584.581148602,408474.2907181482,300.20724373472746,1434.5617682415755,1.0267081614021578,226,30:43
2590000,5184.000000138621,-1602211.6866911286,407140.82170637714,299.22721374085523,1432.1458916955523,1.0284401079734706,226,30:40
2595000,5194.000000140658,-1600163.7299948623,408764.3165699687,300.42039756977977,1433.5294322304114,1.0274475308103759,226,30:36
2600000,5204.000000142695,-1599598.9808572307,408531.54031185055,300.24931919240214,1435.5669026214791,1.0259892957963341,226,30:32
2605000,5214.000000144732,-1600429.2208364327,408083.92902380554,299.9203483021846,1430.848776694283,1.0293724252900784,226,30:29
2610000,5224.00000014677,-1601430.1800436368,407757.1672780708,299.6801955060992,1431.2057743607393,1.0291156602879201,226,30:25
2615000,5234.000000148807,-1601355.1212954158,409609.0031240233,301.0411980166493,1430.847910071284,1.029373048751043,226,30:21
2620000,5244.000000150844,-1603384.8316482464,408917.9163173747,300.5332853520831,1431.1204657466774,1.029177005529491,226,30:17
2625000,5254.0000001528815,-1602430.307834087,409137.73903406184,300.6948435538757,1431.5885368589422,1.0288405065891235,226,30:13
2630000,5264.000000154919,-1602947.723058818,409107.10512847116,300.6723292351752,1432.0133569121342,1.028535291503925,226,30:09
2635000,5274.000000156956,-1600951.9082283415,407767.9039131374,299.68808637143286,1432.6578013138267,1.0280726312580903,226,30:05
2640000,5284.000000158993,-1600792.546677433,408660.42886237596,300.3440455371965,1434.0147554688297,1.0270998048465696,226,30:01
2645000,5294.000000161031,-1603308.6070792126,408937.191743489,300.54745178232633,1432.6980760653464,1.0280437309821286,226,29:58
2650000,5304.000000163068,-1601564.7856971696,408636.27724758704,300.3262953632633,1434.1847547455275,1.0269780588697401,226,29:54
2655000,5314.000000165105,-1599693.941045871,409679.30643274204,301.092867272256,1434.1403923835499,1.0270098264516536,226,29:51
2660000,5324.000000167142,-1600201.7359817876,408727.8220409779,300.39357599934397,1434.262160031228,1.0269226341836053,226,29:47
2665000,5334.00000016918,-1601235.43944857,407783.15786450787,299.69929722803033,1432.5310875866844,1.0281635688412314,226,29:43
2670000,5344.000000171217,-1602056.1981630977,406953.59913494665,299.0896149410991,1435.2917934208622,1.026185952041637,226,29:39
2675000,5354.000000173254,-1603523.1555452133,407338.05713104026,299.3721714641452,1433.7478650731007,1.027290998207722,226,29:35
2680000,5364.0000001752915,-1602892.3520609317,409329.53800332505,300.8358057667299,1431.6869468719794,1.0287697870733188,226,29:31
2685000,5374.000000177329,-1600846.2308255304,408463.401859724,300.19924099318604,1430.6462821834634,1.0295181232646975,226,29:27
2690000,5384.000000179366,-1604054.501135855,408567.3583542993,300.2756435806044,1431.3937210526678,1.0289805340252305,226,29:23
2695000,5394.000000181403,-1601500.5163975274,408147.32504128595,299.96694105992725,1433.0077983123344,1.0278215353913323,226,29:19
2700000,5404.0000001834405,-1601229.5460023638,408619.87458255317,300.31424026219173,1432.0595464143416,1.0285021172317823,226,29:15
2705000,5414.000000185478,-1600541.4505022727,409043.1613531916,300.62533390409345,1433.7810581944045,1.0272672156402773,226,29:12
2710000,5424.000000187515,-1601144.5497489497,408646.54323118215,300.3338403243767,1432.736091223929,1.0280164536309806,226,29:08
2715000,5434.000000189552,-1602272.72665203,408877.0803087411,300.50327302113453,1430.9732833827875,1.0292828612476195,226,29:05
2720000,5444.00000019159,-1601982.662867901,408660.3290728062,300.343972197081,1432.3051315611506,1.028325768744377,226,29:01
2725000,5454.000000193627,-1602863.1971369525,408969.9205899262,300.57150577300035,1429.3419874788488,1.0304575730592478,226,28:57
2730000,5464.000000195664,-1598675.1563335145,408187.91089124,299.99676953732774,1432.6384645930304,1.0280865074410355,226,28:53
2735000,5474.000000197701,-1601597.852908291,408967.36288916634,300.5696259966892,1434.9346834720996,1.0264413373333687,226,28:49
2740000,5484.000000199739,-1601142.7000218388,408121.2265203522,299.9477600117852,1430.5163230286798,1.0296116526449501,226,28:45
2745000,5494.000000201776,-1599766.2922087656,406197.3053801028,298.5337785794121,1429.8493779540054,1.0300919091189162,226,28:41
2750000,5504.000000203813,-1599987.2554013021,408233.7399353364,300.0304514882456,1431.7655665561856,1.0287132962918182,226,28:37
2755000,5514.0000002058505,-1602663.8693540394,408590.6853915452,300.2927877331624,1433.2482373441326,1.0276491099814196,226,28:34
2760000,5524.000000207888,-1601490.3201602288,406787.8322719383,298.96778496507096,1435.3746724346524,1.0261266997214562,226,28:30
2765000,5534.000000209925,-1600104.0721307592,408250.65970319905,300.04288663285587,1435.331723469415,1.0261574041776003,226,28:26
2770000,5544.000000211962,-1601052.2315130364,405936.45329492114,298.3420659372843,1435.2555416021376,1.0262118715424038,226,28:22
2775000,5554.000000214,-1603291.0131978476,408141.2217570996,299.96245546520333,1431.625881198601,1.0288136690124652,226,28:19
2780000,5564.000000216037,-1602976.0431815851,406769.67107453826,298.95443743466757,1433.8820170165518,1.0271948863364078,226,28:15
2785000,5574.000000218074,-1601826.626248967,409487.2114573928,300.9516875104073,1435.322898663675,1.0261637133082906,226,28:11
2790000,5584.000000220111,-1600790.5062544951,409064.70347502525,300.64116623716023,1431.7967708481274,1.028690876720357,226,28:07
2795000,5594.000000222149,-1599677.0469399635,406845.6829652271,299.010302199509,1435.225755349404,1.0262331692414246,226,28:03
2800000,5604.000000224186,-1601200.5576828,408695.42109158024,300.36976299584757,1433.659788319329,1.0273541097332306,226,27:59
2805000,5614.000000226223,-1601972.0817150408,408801.775224316,300.4479277219366,1434.2218149656192,1.0269515218079734,226,27:56
2810000,5624.00000022826,-1603377.6299792463,408225.4384992867,300.0243503668479,1434.4296141317886,1.0268027521033984,226,27:52
2815000,5634.000000230298,-1601581.280352706,409023.023853602,300.61053389492554,1432.5542893052577,1.0281469166543302,226,27:48
2820000,5644.000000232335,-1601187.4538239306,408091.22916658234,299.92571352538636,1435.1198887872329,1.0263088728662313,226,27:44
2825000,5654.000000234372,-1600994.5632518148,409451.29213048436,300.92528868342356,1432.0363139421308,1.0285188030145553,226,27:40
2830000,5664.0000002364095,-1603138.8759121383,408439.495245876,300.1816708821327,1431.9889127844206,1.0285528486566369,226,27:37
2835000,5674.000000238447,-1600896.2032841286,408734.0709214624,300.3981685997335,1433.528676397729,1.0274480725354465,226,27:33
2840000,5684.000000240484,-1601663.9206089145,407103.5601118859,299.199828417388,1430.6937835170288,1.0294839416079737,226,27:29
2845000,5694.000000242521,-1601850.558471582,407864.4360509659,299.75903244487694,1431.087015026169,1.0292010618670893,226,27:25
2850000,5704.000000244559,-1602636.9725630702,409271.8409796441,300.7934014714179,1432.7405691241145,1.0280132406591642,226,27:21
2855000,5714.000000246596,-1602822.5980741428,407965.4930089307,299.83330402450923,1428.457117564866,1.031095898769431,226,27:18
2860000,5724.000000248633,-1601005.8422041787,406753.9345837401,298.9428719368237,1431.0896967307533,1.0291991332575743,226,27:14
2865000,5734.00000025067,-1603159.1241788035,409712.5762955564,301.1173188816764,1430.600424508616,1.0295511243085511,226,27:10
2870000,5744.000000252708,-1602927.3900385676,408009.8864851856,299.8659309081323,1430.3692036960813,1.0297175524215822,226,27:06
2875000,5754.000000254745,-1602397.5554113612,408454.69157817925,300.1928393917288,1432.0224136490149,1.028528786596307,226,27:02
2880000,5764.000000256782,-1602156.7948202584,408897.6961939611,300.5184246187251,1432.7864676373395,1.0279803088299018,226,26:58
2885000,5774.0000002588195,-1603763.254994532,407296.5363045977,299.3416558279175,1430.308793979949,1.0297610429918,226,26:54
2890000,5784.000000260857,-1601883.8485676562,408593.5540021502,300.2948960119517,1433.0256631151335,1.027808722062503,226,26:51
2895000,5794.000000262894,-1600082.6666612579,408232.54144380125,300.02957065963875,1434.939842383039,1.0264376470605872,226,26:47
2900000,5804.000000264931,-1602138.8974479754,408933.6257838397,300.5448309884553,1433.3970704057542,1.0275424067053567,226,26:43
2905000,5814.0000002669685,-1602252.6012246571,410251.27461195877,301.51323397461255,1431.6688911665335,1.028782761556708,226,26:40
2910000,5824.000000269006,-1601276.837493984,407961.59326700366,299.83043791811826,1433.1765583862666,1.0277005068709544,226,26:36
2915000,5834.000000271043,-1602493.48551152,407407.3423533483,299.4230924794778,1431.3329515561381,1.029024221015685,226,26:32
2920000,5844.00000027308,-1599031.2635335978,409569.95092517755,301.01249669261574,1433.3539083041062,1.027573348742455,226,26:28
2925000,5854.000000275118,-1600463.973001507,408866.2180452907,300.4952898255081,1433.3332170270603,1.0275881825609916,226,26:24
2930000,5864.000000277155,-1601726.5094295293,410100.4068972572,301.40235409348344,1432.6837192081914,1.0280540329607137,226,26:20
2935000,5874.000000279192,-1600909.3669261206,409824.49603503745,301.19957403768643,1432.8163610041624,1.0279588617043,226,26:16
2940000,5884.000000281229,-1601954.6635411019,408593.12328310893,300.29457945597954,1433.188268718491,1.0276921097087497,226,26:12
2945000,5894.000000283267,-1600096.088077819,410365.2586456597,301.5970062789281,1433.6205576379348,1.0273822230310927,226,26:08
2950000,5904.000000285304,-1601764.7994247451,408930.823072194,300.54277114195514,1431.3554954803508,1.0290080138301712,226,26:05
2955000,5914.000000287341,-1601284.2364973174,408298.0393447486,300.077708191818,1432.1758740924747,1.0284185777270212,226,26:01
2960000,5924.0000002893785,-1603013.6467334004,406762.18700526113,298.94893703510587,1431.6790041269373,1.0287754945371443,226,25:57
2965000,5934.000000291416,-1603200.2164150132,408970.4636394577,300.5719048860089,1431.845843454053,1.0286556211499032,226,25:54
2970000,5944.000000293453,-1601189.004574758,407436.77251606877,299.4447221101149,1434.183694122623,1.026978818351567,226,25:50
2975000,5954.00000029549,-1600093.2220645193,408269.9497131211,300.05706378143515,1434.4421305175883,1.0267937926207449,226,25:46
2980000,5964.000000297528,-1600721.9965384612,408248.03563947167,300.0409580832338,1433.9142512650758,1.027171795098407,226,25:42
2985000,5974.000000299565,-1601582.0735523524,409536.57817634905,300.987969467355,1430.6995420344217,1.0294797979698382,226,25:38
2990000,5984.000000301602,-1602197.623962718,407264.0752418599,299.31779864425954,1431.3998223035487,1.0289761480610216,226,25:34
2995000,5994.000000303639,-1600516.7682787916,408641.2778900907,300.3299705740098,1431.5278302606152,1.0288841364830423,226,25:30
3000000,6004.000000305677,-1601484.322034521,408784.78567396046,300.4354412908431,1431.312979831641,1.0290385794324202,226,25:26
3005000,6014.000000307714,-1598704.452124834,406156.0856298811,298.5034842184629,1433.9975131540104,1.0271121546435698,226,25:23
3010000,6024.000000309751,-1601737.6058957316,407501.4086290373,299.49222627319426,1433.0959308778886,1.0277583263996006,226,25:19
3015000,6034.000000311788,-1601181.7366331052,407098.98082083726,299.1964628779276,1432.5304079932073,1.0281640566027832,226,25:15
3020000,6044.000000313826,-1601846.1923447,409408.02515981125,300.8934897224958,1435.728435709297,1.0258738622541017,226,25:12
3025000,6054.000000315863,-1601408.9956944361,407660.1334476019,299.6088807147989,1433.2291721391084,1.0276627800499303,226,25:08
3030000,6064.0000003179,-1599714.4672099994,410955.079502062,302.0304937654636,1436.764577043705,1.0251340400664213,226,25:04
3035000,6074.0000003199375,-1601693.4263094803,407690.72055038135,299.6313606358806,1435.7462255230437,1.0258611510210072,226,25:00
3040000,6084.000000321975,-1599501.131763734,409387.572472629,300.8784580669291,1433.4314262609196,1.0275177790200316,226,24:56
3045000,6094.000000324012,-1601925.2821358452,408161.6671260745,299.9774817422704,1432.3289636440772,1.0283086587468706,226,24:52
3050000,6104.000000326049,-1601791.4230633583,407377.4456032102,299.40111993148753,1432.7688588381432,1.0279929427580643,226,24:48
3055000,6114.000000328087,-1598751.747569668,408182.5437859646,299.992824995607,1436.055773088215,1.0256400225471325,226,24:45
3060000,6124.000000330124,-1600305.9504573457,409205.1941312793,300.7444195229677,1436.8509012841123,1.0250724512702243,226,24:41
3065000,6134.000000332161,-1602331.2378880577,409472.3645058405,300.94077577739336,1430.7535319994006,1.029440950203961,226,24:37
3070000,6144.000000334198,-1601533.2733086422,407761.88875765016,299.68366554669433,1432.7162605311935,1.0280306827417822,226,24:33
3075000,6154.000000336236,-1602084.7596267825,407672.3397920055,299.61785173964125,1433.518621110173,1.0274552794776275,226,24:29
3080000,6164.000000338273,-1602181.387261144,408440.3835939791,300.182323771535,1431.2997642066264,1.02904808085786,226,24:26
3085000,6174.00000034031,-1602757.6051760064,408425.4350068418,300.1713373416808,1430.1709925370471,1.0298602636852061,226,24:22
3090000,6184.000000342347,-1602835.7335259253,407892.86247141834,299.7799243774347,1431.7938202872058,1.0286929965891944,226,24:18
3095000,6194.000000344385,-1600315.2477216208,408860.15226326615,300.4908317929121,1433.499913812264,1.0274686878579256,226,24:14
3100000,6204.000000346422,-1602469.16107692,408410.81947089825,300.16059568703804,1430.7525362818503,1.0294416666328299,226,24:10
3105000,6214.000000348459,-1599824.0040306635,408849.13155341387,300.48273214746575,1434.3951932952154,1.02682739204216,226,24:07
3110000,6224.0000003504965,-1600966.4900755184,409548.7510087733,300.9969158626449,1435.6137900208446,1.025955786805134,226,24:03
3115000,6234.000000352534,-1598562.6556871906,409150.1120667285,300.70393708587494,1435.7252401085955,1.025876145618037,226,23:59
3120000,6244.000000354571,-1599085.0287802378,408131.0575613016,299.9549853127981,1434.896271499957,1.026468815024153,226,23:55
3125000,6254.000000356608,-1599667.9920209637,410508.4479029642,301.7022428953923,1434.8811666204463,1.0264796205794373,226,23:51
3130000,6264.000000358646,-1599602.9040624034,407998.1761550375,299.85732442783024,1435.2758262955974,1.0261973681327752,226,23:47
3135000,6274.000000360683,-1600112.0673655365,408870.8733378144,300.49871122207844,1436.0024376006033,1.0256781165010729,226,23:43
3140000,6284.00000036272,-1600266.2613423327,407252.3105766592,299.3091522305351,1435.1533605466475,1.0262849364949542,226,23:39
3145000,6294.000000364757,-1600574.5061209984,408874.3021646952,300.50123123053555,1433.197009419218,1.027685842078332,226,23:35
3150000,6304.000000366795,-1599524.336122688,409364.40451355104,300.86143082850595,1431.3444368699866,1.0290159639771752,226,23:32
3155000,6314.000000368832,-1602457.4756749524,409523.80603000504,300.9785826076734,1432.9445792487882,1.027866881119214,226,23:28
3160000,6324.000000370869,-1601579.0162628228,407587.01658949605,299.55514364751883,1431.9927814222442,1.028550069942592,226,23:25
3165000,6334.0000003729065,-1600309.2248565033,407956.2818059365,299.82653427198085,1433.5449731569868,1.0274363923480776,226,23:21
3170000,6344.000000374944,-1600827.6776458202,406890.61162314075,299.0433224136655,1434.4333561376877,1.0268000734833431,226,23:17
3175000,6354.000000376981,-1602047.5848015752,408891.76061843144,300.514062281094,1432.781035807137,1.0279842060161077,226,23:13
3180000,6364.000000379018,-1603608.3935256498,406990.48797101737,299.11672630661957,1431.5994407804076,1.028832670321684,226,23:09
3185000,6374.0000003810555,-1603766.7750770748,408641.39187784353,300.3300543490475,1433.428616332553,1.0275197932475428,226,23:05
3190000,6384.000000383093,-1601876.6065689642,407549.3432411549,299.52745570650336,1432.7017342841207,1.028041106005284,226,23:01
3195000,6394.00000038513,-1601657.2612343254,410765.3184901506,301.8910293446941,1431.5365963484012,1.0288778360582505,226,22:57
3200000,6404.000000387167,-1601812.2729621995,409181.99678027106,300.72737068301285,1433.6512325264137,1.0273602408122646,226,22:54
3205000,6414.000000389205,-1599503.014621337,407340.5398917952,299.3739961634715,1430.746694602425,1.029445869800467,226,22:50
3210000,6424.000000391242,-1602034.670219984,408955.88999441906,300.5611940189907,1433.039058442367,1.0277991146243215,226,22:46
3215000,6434.000000393279,-1600510.3629021281,407866.28173927026,299.7603889292659,1431.771946656907,1.0287087122556111,226,22:42
3220000,6444.000000395316,-1599848.7483385568,408552.35047106363,300.26461357121866,1433.2722626836266,1.0276318839320564,226,22:39
3225000,6454.000000397354,-1601938.7375039784,408787.6017707521,300.43751097472557,1431.3317271351177,1.0290251012860394,226,22:35
3230000,6464.000000399391,-1602145.9073266126,409738.87862818677,301.1366497207578,1433.8535559154118,1.0272152755159234,226,22:31
3235000,6474.000000401428,-1599569.130015755,407297.7735734287,299.342565155809,1432.1814225723717,1.028414593483325,226,22:27
3240000,6484.0000004034655,-1602765.9355143355,408864.2424571543,300.4938378715354,1430.675848763263,1.0294968470757042,226,22:23
3245000,6494.000000405503,-1599967.9681559736,410351.2397790903,301.58670314507435,1436.588999567162,1.0252593302140747,226,22:19
3250000,6504.00000040754,-1601109.2111281212,410644.341410447,301.8021175172471,1431.8176741802017,1.0286758586999865,226,22:16
3255000,6514.000000409577,-1601749.4763073958,408045.27558691986,299.89194004733963,1433.403984677452,1.0275374501770806,226,22:12
3260000,6524.000000411615,-1600903.581533243,408727.9624558641,300.39367919694274,1433.710869947175,1.0273175061743127,226,22:08
3265000,6534.000000413652,-1600460.1577786328,409269.74274546246,300.7918593790153,1433.5471274809875,1.0274348483242806,226,22:04
3270000,6544.000000415689,-1598226.2723727683,407672.4742719418,299.61795057536216,1437.538084285399,1.0245824382602733,226,22:01
3275000,6554.000000417726,-1601053.6922445316,407980.40345056215,299.8442624194114,1434.9565623618876,1.0264256871057018,226,21:57
3280000,6564.000000419764,-1601057.0292634796,408157.06340113,299.9740982451742,1433.5012474321636,1.0274677319796583,226,21:53
3285000,6574.000000421801,-1598662.3157479092,408314.91495221236,300.0901108808443,1434.898137469202,1.0264674801842855,226,21:49
3290000,6584.000000423838,-1601435.6299477573,409710.35805190005,301.11568858858544,1434.5803424661497,1.0266948681013939,226,21:45
3295000,6594.000000425875,-1599875.9695970379,408738.0990824761,300.40112908743794,1433.6619104494703,1.0273525890266357,226,21:41
3300000,6604.000000427913,-1602080.2822237602,409317.3798416945,300.8268701537062,1432.8899327013455,1.0279060811826675,226,21:37
3305000,6614.00000042995,-1600119.9710742943,410838.0156972385,301.9444579904204,1435.2897170978558,1.026187436545759,226,21:34
3310000,6624.000000431987,-1598490.5710529406,408858.3856896008,300.4895334536457,1436.4711203036754,1.025343464738619,226,21:30
3315000,6634.0000004340245,-1596203.9284991138,408802.0554834197,300.4481336977225,1435.1123444083648,1.0263142681671655,226,21:26
3320000,6644.000000436062,-1599445.292979693,406985.05605316104,299.11273413104107,1433.2205665326405,1.0276689505317622,226,21:22
3325000,6654.000000438099,-1601408.4652138855,407537.2497809498,299.51856764564394,1431.0735972246316,1.0292107116961524,226,21:19
3330000,6664.000000440136,-1600180.4698893353,408474.7346503581,300.20757000168766,1430.4403813118795,1.0296663144662752,226,21:15
3335000,6674.000000442174,-1600607.0205745725,408596.7708520256,300.2972602283945,1434.4663300578836,1.026776470542674,226,21:11
3340000,6684.000000444211,-1601021.320588938,408150.0016477534,299.9689082257158,1434.391464208501,1.0268300615563626,226,21:07
3345000,6694.000000446248,-1599840.989781811,409906.2244996027,301.25964018539594,1431.54038540619,1.0288751127836449,226,21:03
3350000,6704.000000448285,-1601991.629025815,407586.61285785545,299.5548469258749,1431.0514939335606,1.0292266083595714,226,20:59
3355000,6714.000000450323,-1600094.645000008,408776.1293798333,300.42907936731467,1431.441592106845,1.0289461222943133,226,20:56
3360000,6724.00000045236,-1599846.836538829,408533.0319650648,300.2504154795131,1434.0741150589467,1.027057290849012,226,20:52
3365000,6734.000000454397,-1600308.0903855525,407150.6100302722,299.234407647067,1436.1041443715924,1.0256054766373746,226,20:48
3370000,6744.0000004564345,-1601393.7299958682,408858.79231122456,300.4898322992761,1432.4923239669588,1.0281913912183092,226,20:44
3375000,6754.000000458472,-1600645.623728062,409335.52342577616,300.84020473924164,1434.7341196458622,1.0265848252446166,226,20:40
3380000,6764.000000460509,-1599656.7121031377,407627.8735826044,299.58517140095904,1432.0855586634764,1.0284834356291734,226,20:37
3385000,6774.000000462546,-1601531.8783343742,406893.362538413,299.0453441925398,1433.5908685212457,1.0274034997226325,226,20:33
3390000,6784.0000004645835,-1602305.4602981918,407371.2732950642,299.39658360776275,1432.0870031559043,1.0284823982365208,226,20:29
3395000,6794.000000466621,-1602744.2769184252,409543.33566156344,300.9929358656251,1431.2087262723473,1.0291135377055127,226,20:25
3400000,6804.000000468658,-1601514.5008540563,408736.56622650695,300.40000251845674,1433.8140928185007,1.0272435477278992,226,20:21
3405000,6814.000000470695,-1602094.7135187574,409380.2812236119,300.8730993801756,1432.6504753592756,1.028077888376628,226,20:18
3410000,6824.000000472733,-1600818.1947944835,409302.99863639683,300.8163007198346,1433.4769574141799,1.0274851422418592,226,20:14
3415000,6834.00000047477,-1602087.74815882,408511.0177685731,300.23423619625834,1432.2923952358442,1.02833491289089,226,20:10
3420000,6844.000000476807,-1597593.7259244956,408262.38821949053,300.0515064790224,1433.8789509951866,1.0271970827571488,226,20:06
3425000,6854.000000478844,-1599837.6385923503,410310.22158075374,301.5565569142212,1434.2290144755877,1.0269463667402374,226,20:02
3430000,6864.000000480882,-1600297.361896188,407831.7092679679,299.7349799707228,1434.9296268565226,1.0264449544579708,226,19:58
3435000,6874.000000482919,-1600448.4859432215,409370.8872640928,300.8661953111581,1434.356656596204,1.026854979698244,226,19:54
3440000,6884.000000484956,-1600527.3909379784,409611.81689808314,301.04326599344535,1431.385627068671,1.028986352549476,226,19:51
3445000,6894.0000004869935,-1601085.8069540635,408572.11848387966,300.2791420269292,1433.5288724041736,1.0274479320524414,226,19:47
3450000,6904.000000489031,-1601621.3225417472,408513.04957957123,300.2357294710945,1435.5117066979315,1.026028745440992,226,19:43
3455000,6914.000000491068,-1602035.2079702122,409617.4454564334,301.04740268950417,1434.8184203855424,1.0265245096960545,226,19:39
3460000,6924.000000493105,-1600266.8733445155,407773.8060420001,299.6924241275127,1434.892146919734,1.0264717655964195,226,19:36
3465000,6934.000000495143,-1602107.1474317648,409464.97480382386,300.9353447328335,1434.008330653517,1.0271044065817287,226,19:32
3470000,6944.00000049718,-1604361.3876133421,409547.54281471367,300.99602790319,1431.5441932561032,1.0288723760172724,226,19:28
3475000,6954.000000499217,-1600830.1360199125,409653.40031566715,301.07382763088896,1434.5182475507404,1.0267393098720685,226,19:24
3480000,6964.000000501254,-1600088.8706411384,408625.40778750356,300.3183068784878,1432.915771942376,1.0278875453318461,226,19:20
3485000,6974.000000503292,-1604271.8494479936,407977.4839041352,299.84211670545653,1433.2755841016306,1.027629502537244,226,19:16
3490000,6984.000000505329,-1602511.9951189756,407171.8832426871,299.2500423457728,1431.9920639769841,1.0285505852585572,226,19:12
3495000,6994.000000507366,-1601199.3163556978,409014.6673313067,300.60439228801783,1433.1612531118988,1.0277114820757274,226,19:09
3500000,7004.000000509403,-1600148.927991745,407840.0094647172,299.74108018129954,1432.1917487465357,1.0284071785626525,226,19:05
3505000,7014.000000511441,-1601953.1609902177,409244.4349370897,300.7732594632576,1433.9743652296947,1.0271287347966016,226,19:01
3510000,7024.000000513478,-1600636.0880087558,408684.44628730335,300.36169708859865,1433.8442397175977,1.027221949700217,226,18:57
3515000,7034.000000515515,-1601429.1964022135,408253.2023169985,300.0447553210401,1432.9812297145697,1.0278405920100664,226,18:54
3520000,7044.0000005175525,-1600619.9266771385,408427.2044651046,300.1726378009754,1436.3146938429638,1.0254551330588628,226,18:50
3525000,7054.00000051959,-1601758.9795052214,410099.3656385135,301.40158882275637,1433.7146884835217,1.0273147700307352,226,18:46
3530000,7064.000000521627,-1600350.2648845967,407997.0672688965,299.8565094545025,1434.0881118516988,1.0270472667034065,226,18:42
3535000,7074.000000523664,-1603322.3202378098,408059.8556121447,299.902655603461,1432.5510381355434,1.0281492500302647,226,18:38
3540000,7084.000000525702,-1602772.2719672518,408293.6971840762,300.07451693078406,1434.6897355878293,1.026616584027947,226,18:34
3545000,7094.000000527739,-1599942.1820140863,409031.29141922406,300.6166101233301,1433.0162793339607,1.0278154524341494,226,18:30
3550000,7104.000000529776,-1598342.6760564763,410087.169403307,301.3926252276453,1435.1420177642592,1.0262930478362424,226,18:27
3555000,7114.000000531813,-1600988.5797146047,408867.70147832006,300.496380071213,1434.8703966944554,1.0264873251843762,226,18:23
3560000,7124.000000533851,-1601266.3785696225,408621.9816212237,300.31578882543323,1434.9204931693694,1.0264514880792681,226,18:19
3565000,7134.000000535888,-1601596.2689342191,409460.29420306924,300.9319047360369,1434.0270716868042,1.0270909835451256,226,18:15
3570000,7144.000000537925,-1603914.58625892,408402.56811352714,300.1545313708504,1429.9368631414966,1.0300288869071492,226,18:12
3575000,7154.0000005399625,-1601071.7285873396,409898.66940104496,301.2540875830273,1432.3057222638322,1.0283253446486134,226,18:08
3580000,7164.000000542,-1602615.0134083265,407939.6461525537,299.8143079366563,1432.2062052320025,1.0283967979670536,226,18:04
3585000,7174.000000544037,-1600909.7480377872,408800.2332183481,300.4467944281848,1433.2049992722427,1.0276801129196715,226,18:00
3590000,7184.000000546074,-1599932.9637206774,408915.9377293192,300.5318311933267,1432.8469016285558,1.0279369511251228,226,17:56
3595000,7194.0000005481115,-1599877.450172441,409508.61242993624,300.9674161061268,1435.2327821327922,1.026228144886995,226,17:52
3600000,7204.000000550149,-1601685.3043078203,408711.51678945014,300.3815924921055,1433.5654538133094,1.0274217138612398,226,17:48
3605000,7214.000000552186,-1601418.1443761997,407984.6067626581,299.8473516340023,1435.2474730626807,1.0262176406039296,226,17:45
3610000,7224.000000554223,-1600109.81417498,408190.54214496864,299.9987033712247,1432.2804494783998,1.0283434895906876,226,17:41
3615000,7234.000000556261,-1601064.8444717154,408346.7627319152,300.11351733354144,1433.2242699477922,1.0276662950612665,226,17:37
3620000,7244.000000558298,-1601051.2911632583,406704.3202170212,298.9064079717204,1434.5715909317587,1.0267011314036258,226,17:33
3625000,7254.000000560335,-1601573.6773198927,409605.679235992,301.0387551327591,1435.1903023500342,1.0262585199171104,226,17:30
3630000,7264.000000562372,-1601788.9058727855,410381.406769205,301.608874305316,1432.2486349384135,1.0283663321853818,226,17:26
3635000,7274.00000056441,-1600688.227265642,409248.22210448794,300.7760428332567,1432.8347415927567,1.0279456749156353,226,17:22
3640000,7284.000000566447,-1602025.3616264286,409105.0992683944,300.67085503290923,1432.7862830870033,1.02798044123912,226,17:18
3645000,7294.000000568484,-1601477.2938807802,409203.79049399274,300.7433879229611,1432.7889998736835,1.0279784920312671,226,17:14
3650000,7304.0000005705215,-1601984.9504282307,407971.4220350926,299.83766154869755,1434.3130070119976,1.0268862293576175,226,17:10
3655000,7314.000000572559,-1602786.6678627348,409572.6575312062,301.0144859065129,1432.9683373393023,1.0278498394625621,226,17:07
3660000,7324.000000574596,-1600465.145007315,407360.06491908,299.38834603752287,1431.511109997638,1.0288961540030008,226,17:03
3665000,7334.000000576633,-1601909.3060943065,408057.14628821734,299.90066439205043,1434.7946119065723,1.0265415434840255,226,16:59
3670000,7344.000000578671,-1598091.5728877317,410614.4586222189,301.78015523053057,1435.9188916463477,1.0257377934490541,226,16:55
3675000,7354.000000580708,-1601540.790731905,407391.00040963525,299.41108200540185,1431.6662703127993,1.0287846448790983,226,16:51
3680000,7364.000000582745,-1600747.6156196548,408262.38126081304,300.05150136475834,1430.912293161862,1.0293267326920137,226,16:48
3685000,7374.000000584782,-1603065.581485997,408555.3594813108,300.2668250364032,1432.1424197653785,1.0284426012117083,226,16:44
3690000,7384.00000058682,-1600138.194302938,407848.5872479467,299.74738440342367,1434.2905670780135,1.0269022953206273,226,16:40
3695000,7394.000000588857,-1599915.7789660897,408518.075617215,300.2394233459411,1431.920199091024,1.028602205921888,226,16:36
3700000,7404.000000590894,-1600846.381466182,408084.5683414254,299.920818167204,1436.4873336950404,1.0253318918590766,226,16:32
3705000,7414.000000592931,-1600602.5834331932,407835.01762803196,299.7374114423691,1434.0471677562912,1.0270765903701737,226,16:29
3710000,7424.000000594969,-1600431.3530669296,410954.79593534826,302.0302853587573,1434.6070287337761,1.0266757697326616,226,16:25
3715000,7434.000000597006,-1600508.3232943201,408576.682516632,300.28249635233976,1430.883483076628,1.0293474576435933,226,16:21
3720000,7444.000000599043,-1601747.8348794673,409118.4779121091,300.68068763644334,1431.921798577555,1.0286010569517587,226,16:17
3725000,7454.0000006010805,-1600226.6644242145,407815.7159106259,299.7232256894013,1435.6732956184053,1.0259132631248853,226,16:13
3730000,7464.000000603118,-1598944.369381166,408492.2143305247,300.2204166525624,1431.8577665910907,1.0286470554932985,226,16:09
3735000,7474.000000605155,-1600440.7289340943,408729.52859595243,300.3948302280111,1433.9833440376174,1.0271223034864612,226,16:05
3740000,7484.000000607192,-1602283.2822453976,410285.83770534245,301.53863604087576,1432.6439929714343,1.0280825401949696,226,16:02
3745000,7494.00000060923,-1601761.4358839868,409212.7643013748,300.7499832021285,1433.601626205993,1.0273957901311002,226,15:58
3750000,7504.000000611267,-1600556.7576761134,409270.6921004271,300.7925571052707,1431.691737485504,1.0287663446853197,226,15:54
3755000,7514.000000613304,-1598882.289601218,410034.6086839501,301.3539958474238,1433.4858753189253,1.0274787501212368,226,15:50
3760000,7524.000000615341,-1602840.7550142342,408841.0192678451,300.4767700417804,1431.722628717538,1.0287441477463142,226,15:47
3765000,7534.000000617379,-1599666.094541924,407509.3349467914,299.4980517022604,1433.4734999247028,1.0274876205011834,226,15:43
3770000,7544.000000619416,-1601391.0528758494,407662.1918705234,299.6103935480071,1431.0353180433428,1.0292382423537965,226,15:39
3775000,7554.000000621453,-1601979.5735558048,408806.72436961904,300.4515650849336,1431.2533095830215,1.029081480984132,226,15:35
3780000,7564.00000062349,-1600389.7998689692,407913.9356788518,299.79541208293784,1435.3071573256461,1.026174967477687,226,15:31
3785000,7574.000000625528,-1600156.0723935934,408582.7564427318,300.2869603704053,1436.2696477119196,1.0254872946981326,226,15:27
3790000,7584.000000627565,-1603237.8878373625,410637.3502799294,301.7969794018969,1433.6253904918885,1.0273787596519761,226,15:23
3795000,7594.000000629602,-1599852.9006122807,407318.94636031095,299.3581260469998,1435.8611437757984,1.0257790468624295,226,15:20
3800000,7604.0000006316395,-1602468.6511252504,409210.512468939,300.74832822304097,1430.817206462915,1.0293951378528599,226,15:16
3805000,7614.000000633677,-1601515.3068416258,407608.2605677976,299.5707568606801,1435.5599329604056,1.0259942769869432,226,15:12
3810000,7624.000000635714,-1601451.7874821369,408970.0154385217,300.5715754817582,1432.434435068958,1.0282329434632944,226,15:08
3815000,7634.000000637751,-1598506.449619569,409058.40956436517,300.6365405419464,1433.7274719410614,1.027305610246188,226,15:05
3820000,7644.000000639789,-1599203.403623742,408724.7348652289,300.39130708660304,1432.038474204142,1.0285172514709773,226,15:01
3825000,7654.000000641826,-1601729.4721384225,407861.22842146805,299.75667500492943,1431.8064543088117,1.0286839195735786,226,14:57
3830000,7664.000000643863,-1601262.391033532,409075.9861435345,300.64945840852107,1432.264578334226,1.028354884823126,226,14:53
3835000,7674.0000006459,-1600274.7304590736,410253.0987877428,301.51457464842395,1435.6242723151577,1.0259482957291493,226,14:49
3840000,7684.000000647938,-1602458.9244614039,408240.68120337714,300.0355529572826,1431.321018452092,1.0290328001205378,226,14:45
3845000,7694.000000649975,-1603180.0464774445,408072.27998111176,299.9117868649566,1433.3786152938007,1.0275556365735508,226,14:41
3850000,7704.000000652012,-1601335.6725805253,407835.5146663544,299.7377767395449,1430.335131091313,1.0297420817493066,226,14:38
3855000,7714.0000006540495,-1602328.5779706128,406970.659380291,299.1021533293126,1431.468753046736,1.028926598889615,226,14:34
3860000,7724.000000656087,-1600366.3608574597,409397.1337772091,300.88548512581553,1432.0288402720498,1.028524170790671,226,14:30
3865000,7734.000000658124,-1602336.2340927497,408386.16949224006,300.14247924172133,1433.1271197917936,1.0277359594612356,226,14:26
3870000,7744.000000660161,-1601687.293791308,407139.3986302916,299.2261678543479,1432.3779992884972,1.0282734559039273,226,14:23
3875000,7754.0000006621985,-1601829.9102664208,409068.05132743827,300.6436267336179,1430.704824540535,1.029475996882966,226,14:19
3880000,7764.000000664236,-1601230.5653844336,407811.82715828484,299.7203676597813,1434.734340156234,1.026584667464465,226,14:15
3885000,7774.000000666273,-1601522.4402525863,408890.0694533611,300.51281936320174,1432.0401938049672,1.0285160164224625,226,14:11
3890000,7784.00000066831,-1598984.777189223,408645.3671829537,300.3329759904267,1432.9651721531347,1.027852109815085,226,14:07
3895000,7794.000000670348,-1602046.9479559101,406968.085443873,299.1002616206417,1432.0758368856718,1.0284904175830472,226,14:03
3900000,7804.000000672385,-1601358.7547457283,408410.78630805004,300.1605713140788,1433.299453093361,1.0276123892396387,226,13:59
3905000,7814.000000674422,-1601938.9583131364,407143.55104364594,299.2292196610253,1433.011058283113,1.0278191971901358,226,13:56
3910000,7824.000000676459,-1599623.804959328,408396.569890192,300.1501229903583,1435.159887174623,1.0262802692937334,226,13:52
3915000,7834.000000678497,-1598912.3738488005,409801.0278993808,301.1823261851749,1433.5781915943987,1.0274125849047904,226,13:48
3920000,7844.000000680534,-1601921.8003514344,408339.20895950857,300.1079657058245,1433.382030329005,1.0275531884204423,226,13:44
3925000,7854.000000682571,-1599366.1048849449,409782.2704623146,301.1685404497954,1432.9555275445466,1.027859027846451,226,13:40
3930000,7864.0000006846085,-1599536.3196314843,409759.36411988497,301.15170548592835,1436.2717198736304,1.0254858151901274,226,13:37
3935000,7874.000000686646,-1598648.655789271,408291.30815647414,300.07276112042365,1433.0024018780773,1.027825405985922,226,13:33
3940000,7884.000000688683,-1602850.0115197431,408611.465527287,300.3080600462975,1435.1727748835267,1.026271053398898,226,13:29
3945000,7894.00000069072,-1598257.614734104,408748.5721881022,300.4088262724133,1436.758173821011,1.0251386087973804,226,13:25
3950000,7904.000000692758,-1603641.239710332,408158.1492304767,299.97489627296386,1432.7848888008407,1.027981441597873,226,13:21
3955000,7914.000000694795,-1603127.0254022097,407948.0119710229,299.82045637576573,1430.9400510888972,1.0293067654150339,226,13:18
3960000,7924.000000696832,-1601833.8595462153,408937.2165804605,300.54747003620156,1430.2488290244678,1.0298042170002988,226,13:14
3965000,7934.000000698869,-1600404.1912220344,408174.96381081815,299.98725411024657,1434.9989480361053,1.0263953694912937,226,13:10
3970000,7944.000000700907,-1601755.5394573174,408187.57198627293,299.99652045989893,1432.7196030720322,1.0280282843418909,226,13:06
3975000,7954.000000702944,-1600091.6204837002,409218.10948100244,300.7539116296446,1431.8195188943253,1.0286745333842884,226,13:02
3980000,7964.000000704981,-1601218.8072932689,410481.6685004812,301.6825614349162,1433.0856089019148,1.027765728955795,226,12:58
3985000,7974.000000707018,-1602726.094219165,408168.6786024808,299.9826348107848,1431.840603381833,1.0286593856958535,226,12:55
3990000,7984.000000709056,-1602262.4480121573,407984.37499561626,299.8471812973461,1432.927265975885,1.0278793002700277,226,12:51
3995000,7994.000000711093,-1599319.2480494669,407909.7499305785,299.79233577683823,1436.4056342248957,1.0253902103941,226,12:47
4000000,8004.00000071313,-1600570.950140074,409315.92909153213,300.82580392819955,1431.3104881679187,1.0290403708104046,226,12:43
4005000,8014.0000007151675,-1602718.4287384357,412596.23873619846,303.2366599830331,1434.9240276505966,1.0264489597408715,226,12:40
4010000,8024.000000717205,-1600087.1021594051,410549.9432726458,301.73273982223185,1433.6359144927835,1.0273712178940744,226,12:36
4015000,8034.000000719242,-1601126.7771966662,408207.2999503545,300.0110194818839,1435.4615842253984,1.026064571615776,226,12:32
4020000,8044.000000721279,-1603335.735226865,406833.5397560865,299.0013775757835,1430.5615267119167,1.029579118400086,226,12:28
4025000,8054.000000723317,-1602733.537889501,409835.1604670664,301.2074118375631,1431.0339864382704,1.0292392000800819,226,12:24
4030000,8064.000000725354,-1602517.5122496197,409702.58611518744,301.1099766215119,1430.7271333148904,1.0294599446622568,226,12:20
4035000,8074.000000727391,-1603313.3326277891,408456.9839642901,300.1945241756468,1432.9783909594487,1.0278426281801596,226,12:16
4040000,8084.000000729428,-1602549.7500322452,408872.5323113818,300.4999304808994,1433.1526841111122,1.0277176268923935,226,12:13
4045000,8094.000000731466,-1599272.1058086231,408699.82795049937,300.3730018067096,1435.7154979171112,1.0258831068034975,226,12:09
4050000,8104.000000733503,-1601334.4983354239,407796.0123985105,299.70874463833275,1434.3443217229783,1.0268638103017496,226,12:05
4055000,8114.00000073554,-1602969.392389655,409096.1561866506,300.6642823354793,1431.3031273376967,1.0290456629049418,226,12:01
4060000,8124.0000007375775,-1603375.9141884195,408839.6593983441,300.4757706088075,1429.9498362992686,1.030019542014818,226,11:57
4065000,8134.000000739615,-1601991.4096522033,407932.3567924408,299.80895063814864,1430.344256181623,1.0297355123591398,226,11:54
4070000,8144.000000741652,-1600893.4715219224,409815.9575113224,301.1932986692525,1433.6392450303567,1.027368831171993,226,11:50
4075000,8154.000000743689,-1600335.7277883198,408191.42454340274,299.99935188793137,1431.846104697775,1.0286554334692426,226,11:46
4080000,8164.0000007457265,-1601655.1893689847,409480.17944807885,300.94651935127945,1435.179399856973,1.0262663159991845,226,11:42
4085000,8174.000000747764,-1601188.3897946998,409845.1665641756,301.21476579569946,1431.8353736795364,1.028663142819368,226,11:38
4090000,8184.000000749801,-1604023.0171793662,410015.4524552495,301.33991702104663,1429.198622328268,1.0305609398711246,226,11:34
4095000,8194.000000751837,-1600730.5107645988,407755.62769143586,299.6790639904306,1434.004229114739,1.027107344305668,226,11:31
4100000,8204.000000753875,-1602672.206240653,408626.33296383615,300.318986834713,1434.2071443866278,1.026962026548157,226,11:27
4105000,8214.000000755912,-1603791.8420831189,406835.7223109276,299.00298163946155,1436.4922098073782,1.0253284114131302,226,11:23
4110000,8224.00000075795,-1601823.806311259,409542.397961182,300.99224670487894,1433.0075272004692,1.0278217298457286,226,11:19
4115000,8234.000000759987,-1603962.9316540342,407544.8792643371,299.5241749169726,1432.9319907721672,1.02787591105105,226,11:15
4120000,8244.000000762024,-1600873.7275584731,409387.2082140667,300.87819035593355,1432.6914246635652,1.0280485037697547,226,11:12
4125000,8254.000000764061,-1601328.8168239035,408690.6510582677,300.36625727079746,1432.699021148939,1.0280430528304385,226,11:08
4130000,8264.000000766098,-1600880.7657247903,407189.11818410445,299.2627091264648,1430.333441000154,1.0297432984991488,226,11:04
4135000,8274.000000768136,-1602372.6133228792,407865.08125513775,299.7595066362042,1430.686903301091,1.0294888924269172,226,11:00
4140000,8284.000000770173,-1600455.8259607442,410236.2427343854,301.50218633064327,1432.3002821704279,1.02832925038402,226,10:56
4145000,8294.00000077221,-1600707.9822154501,407439.3967347288,299.44665077360435,1431.6262632775865,1.028813394437953,226,10:52
4150000,8304.000000774247,-1602637.2230310664,409112.647215207,300.6764023791191,1431.3755227284296,1.0289936163513538,226,10:49
4155000,8314.000000776285,-1600290.688361859,407858.0866357484,299.7543659567158,1433.7622262165714,1.0272807084447881,226,10:45
4160000,8324.000000778322,-1602011.3092188612,407370.41655808175,299.3959539508811,1432.5867731997416,1.0281236034306014,226,10:41
4165000,8334.00000078036,-1602630.9237350347,408421.0784355119,300.16813548956725,1433.3055615375883,1.027608009773644,226,10:37
4170000,8344.000000782396,-1600843.903257382,407659.54045957595,299.60844489960834,1434.4619888583225,1.0267795779387556,226,10:33
4175000,8354.000000784434,-1598571.2196446508,409403.0951231868,300.8898664033784,1437.817034908297,1.024383659206733,226,10:30
4180000,8364.000000786471,-1599745.9848943893,408383.5702731502,300.14056895160866,1434.7226081787069,1.026593062026717,226,10:26
4185000,8374.000000788508,-1601809.6088648345,408166.8254839765,299.98127286558747,1433.418215961261,1.0275272485646587,226,10:22
4190000,8384.000000790546,-1602708.7391101755,409520.29428302054,300.9760016572762,1432.6315026465866,1.028091503480276,226,10:18
4195000,8394.000000792583,-1603586.5772257848,409141.607279081,300.69768651168647,1432.2527400140928,1.028363384715636,226,10:14
4200000,8404.00000079462,-1600049.8894571597,408387.314363024,300.14332066187995,1432.54324304981,1.028154844633841,226,10:10
4205000,8414.000000796657,-1601967.3017344559,409409.27714763524,300.89440986807745,1431.7985395726193,1.0286896059614492,226,10:07
4210000,8424.000000798695,-1602426.466877562,408885.16131112864,300.5092121353175,1431.4173963130654,1.0289635149627616,226,10:03
4215000,8434.000000800732,-1600996.9183310336,407997.559100979,299.85687092536426,1432.4108067454893,1.0282499046733573,226,9:59
4220000,8444.00000080277,-1601323.6715341192,407296.4689116044,299.34160629759157,1435.3594245871507,1.0261376002827838,226,9:55
4225000,8454.000000804806,-1602391.218119732,409246.1231387145,300.77450020317235,1429.9865271777828,1.0299931135686993,226,9:51
4230000,8464.000000806844,-1600383.1667229645,409278.12217877514,300.7980178243227,1432.1321520781678,1.0284499746422455,226,9:48
4235000,8474.000000808881,-1599529.2092093518,408157.9187244007,299.9747268630516,1432.661937386222,1.0280696632286344,226,9:44
4240000,8484.000000810918,-1601206.8982669879,407545.90174840466,299.52492638929454,1432.8142652032502,1.0279603653165772,226,9:40
4245000,8494.000000812955,-1600088.0736981202,407533.7259296192,299.51597779918524,1435.5857154635157,1.0259758505702183,226,9:36
4250000,8504.000000814993,-1601065.3288869597,408001.3432329185,299.8596520644599,1433.8487315493524,1.027218731712105,226,9:32
4255000,8514.00000081703,-1599615.762714805,409279.62933893176,300.7991255082254,1433.5420237709686,1.0274385062076505,226,9:29
4260000,8524.000000819067,-1602513.2837197408,407696.1619195147,299.6353597576535,1435.6257870594923,1.025947213239978,226,9:25
4265000,8534.000000821105,-1600334.1481654644,410282.8290386399,301.53642482817867,1435.4771311397615,1.0260534588382333,226,9:21
4270000,8544.000000823142,-1601653.0990635268,409125.1684912338,300.6856048622361,1432.3773791858844,1.028273901062491,226,9:17
4275000,8554.000000825179,-1602974.2590193031,410239.4177385514,301.5045197926779,1432.5048370806574,1.0281824098344778,226,9:13
4280000,8564.000000827216,-1602275.3555798698,407739.97399590386,299.66755934277785,1431.177474216849,1.0291360100501197,226,9:09
4285000,8574.000000829254,-1600236.7184413308,408400.40692142764,300.1529430076704,1431.8975214540744,1.028618496380557,226,9:06
4290000,8584.00000083129,-1601922.7918617306,408322.27179013594,300.0955177720143,1432.9108181775603,1.027891098876904,226,9:02
4295000,8594.000000833328,-1601830.1442482313,408583.31213938375,300.28736877838594,1433.5731093839174,1.0274162272213025,226,8:58
4300000,8604.000000835365,-1601202.2768655578,408320.6971781496,300.09436051454395,1432.293599789216,1.0283340480652101,226,8:54
4305000,8614.000000837403,-1600604.4581942111,408568.6406230764,300.27658598110327,1434.6588668562642,1.026638673147866,226,8:50
4310000,8624.00000083944,-1599475.8628346818,406877.15424452815,299.0334319440987,1437.777779735477,1.0244116276161372,226,8:46
4315000,8634.000000841477,-1600049.733335021,409039.00517990516,300.6222793340626,1437.907314120508,1.0243193431351427,226,8:43
4320000,8644.000000843514,-1600077.298163808,408274.72139180114,300.0605707157443,1432.7810530852453,1.0279841936195018,226,8:39
4325000,8654.000000845552,-1601401.6859032959,408127.20851013623,299.9521564614662,1433.371480972062,1.0275607510275586,226,8:35
4330000,8664.000000847589,-1599892.0281712525,407095.81830288656,299.1941385926083,1434.2162196823786,1.0269555282364045,226,8:31
4335000,8674.000000849626,-1602243.7833677744,408371.00617178105,300.1313349941045,1433.878216956746,1.027197608605255,226,8:27
4340000,8684.000000851664,-1603237.727619132,408994.0973631919,300.5892744370985,1432.6059286750276,1.0281098563171194,226,8:23
4345000,8694.0000008537,-1601593.6505528474,409777.43490074587,301.1649865649036,1435.8495189058144,1.0257873517355343,226,8:20
4350000,8704.000000855738,-1601443.691689509,409022.7352221834,300.61032176592596,1434.8142255308408,1.026527510865885,226,8:16
4355000,8714.000000857775,-1599106.9212263292,407939.17816122284,299.81396398750036,1433.0725236897945,1.0277751133605277,226,8:12
4360000,8724.000000859813,-1599821.942696371,407242.921931688,299.3022520674324,1436.073254071703,1.0256275376712751,226,8:08
4365000,8734.00000086185,-1601922.025543104,408187.8520345864,299.9967262807651,1433.6601795691224,1.0273538293654776,226,8:04
4370000,8744.000000863887,-1598643.0665077707,407766.9766645407,299.687404892202,1437.7709276694077,1.0244165097124571,226,8:01
4375000,8754.000000865924,-1602325.1380108967,408339.00663657143,300.10781700904556,1434.588805736765,1.026688811176599,226,7:57
4380000,8764.000000867962,-1600800.3536701417,408405.686568987,300.1568232725431,1433.9436550355954,1.0271507323992966,226,7:53
4385000,8774.000000869999,-1601727.092902192,407058.8648296877,299.16697972217867,1432.082469265917,1.0284856543521057,226,7:49
4390000,8784.000000872036,-1599635.154528658,409504.6909154247,300.96453399802476,1434.9234963542133,1.0264493397950145,226,7:45
4395000,8794.000000874074,-1599019.2480613077,408981.0725397082,300.5797018729323,1431.832483436917,1.0286652192396832,226,7:41
4400000,8804.00000087611,-1601965.31917453,407217.7177365419,299.2837283019781,1432.4012513093458,1.0282567640476385,226,7:38
4405000,8814.000000878148,-1599692.4539339403,409221.7247254696,300.7565686452795,1432.746724733619,1.0280088239343057,226,7:34
4410000,8824.000000880185,-1600668.5914497552,407400.3220800719,299.41793294572386,1431.025663582197,1.0292451861430474,226,7:30
4415000,8834.000000882223,-1601513.6117047751,408720.90519239445,300.38849247733106,1432.5837291442692,1.0281257880605241,226,7:26
4420000,8844.00000088426,-1598182.2759559304,409820.791135633,301.19685113036087,1437.7438242274836,1.0244358213679197,226,7:22
4425000,8854.000000886297,-1601588.3771858374,408078.4606340263,299.91632932165,1433.1610793115383,1.027711606706956,226,7:19
4430000,8864.000000888334,-1602488.2929500937,409290.9061641801,300.807413385095,1435.280397771151,1.026194099617307,226,7:15
4435000,8874.000000890372,-1602856.3080834858,409077.8342821599,300.6508166937679,1434.5862156058095,1.0266906648529015,226,7:11
4440000,8884.000000892409,-1601097.6480106702,409777.14192424814,301.16477124249815,1434.823503105526,1.0265208733347684,226,7:07
4445000,8894.000000894446,-1599842.7156243995,408090.8025178846,299.92539996090386,1433.0870760324835,1.0277646767751263,226,7:03
4450000,8904.000000896483,-1603439.456930005,409118.369154468,300.68060770526426,1433.5445231599015,1.0274367148657075,226,6:59
4455000,8914.00000089852,-1603334.6262347847,407342.91434195015,299.3757412601706,1434.6039862311463,1.026677947102695,226,6:56
4460000,8924.000000900558,-1600730.7187562194,406158.36359780416,298.50515840576674,1433.479286263773,1.0274834729757747,226,6:52
4465000,8934.000000902595,-1603213.4936734512,407246.9635146893,299.30522241959585,1429.828631386252,1.0301068555755166,226,6:48
4470000,8944.000000904633,-1604058.8041836573,409277.8445631075,300.797813791324,1431.7321412102142,1.0287373127239736,226,6:44
4475000,8954.00000090667,-1602490.2905679308,408905.76697964955,300.5243562241685,1432.950156318228,1.027862880641636,226,6:40
4480000,8964.000000908707,-1601098.63345333,407704.50346684066,299.64149035874175,1435.8780622652605,1.0257669604377875,226,6:37
4485000,8974.000000910744,-1602737.1820493732,408470.0003627839,300.20409054788604,1433.174378923497,1.0277020697198485,226,6:33
4490000,8984.000000912782,-1601946.652651867,408341.76634429616,300.10984524991255,1431.2327193461265,1.02909628572636,226,6:29
4495000,8994.000000914819,-1602241.2949184375,408295.56715241575,300.07589125972925,1431.138603651854,1.029163961988573,226,6:25
4500000,9004.000000916856,-1601248.1812793473,409257.8744731036,300.78313681944746,1432.6847554199271,1.0280532894044991,226,6:21
4505000,9014.000000918893,-1600397.0516224168,411004.4635085896,302.06678842787227,1435.0646773200392,1.0263483582075965,226,6:18
4510000,9024.00000092093,-1600268.156278899,410238.54431323847,301.50387787074607,1433.6589039755029,1.0273547434504013,226,6:14
4515000,9034.000000922968,-1602917.5819415655,408229.55023177335,300.02737227521476,1433.1234687479828,1.0277385777346055,226,6:10
4520000,9044.000000925005,-1600687.9377977476,408957.29498548125,300.5622266139516,1434.8388676828165,1.026509881118392,226,6:06
4525000,9054.000000927042,-1602169.2858897066,409790.62787569384,301.1746827116031,1430.8273817525153,1.0293878173376292,226,6:02
4530000,9064.00000092908,-1598820.2666995814,407775.4199360984,299.6936102552812,1432.243283900142,1.0283701742893472,226,5:58
4535000,9074.000000931117,-1600275.8881056765,408664.9535635351,300.3473709559428,1435.7151817890763,1.0258833326912045,226,5:55
4540000,9084.000000933154,-1600801.1456823237,409363.5372224133,300.86079341487215,1433.5199313689266,1.0274543403680663,226,5:51
4545000,9094.000000935192,-1600858.64146782,407176.98557130026,299.2537922904924,1433.6882098647575,1.0273337433862804,226,5:47
4550000,9104.000000937229,-1599196.5072478587,409544.6065701134,300.9938699169509,1434.0289931900877,1.0270896073116556,226,5:43
4555000,9114.000000939266,-1601602.6819091644,407002.87914262246,299.12583316979,1434.7348001755684,1.0265843383103976,226,5:39
4560000,9124.000000941303,-1601047.4650131203,408867.6146981288,300.4963162923103,1433.8046688048732,1.0272502995242931,226,5:36
4565000,9134.00000094334,-1601444.6344819106,409467.61074162263,300.93728200927717,1434.690822864969,1.0266158060089305,226,5:32
4570000,9144.000000945378,-1599150.535508263,408019.50548817706,299.87300037233405,1432.0506417739116,1.028508512565347,226,5:28
4575000,9154.000000947415,-1604257.4626273485,408970.7038891143,300.57208145694335,1430.9698374732066,1.0292853398572872,226,5:24
4580000,9164.000000949452,-1599917.580280535,409262.38067440485,300.7864486417655,1432.2031875540235,1.028398964817678,226,5:20
4585000,9174.00000095149,-1601692.151225213,408899.69378634996,300.5198927446728,1433.2017416875333,1.027682448777161,226,5:16
4590000,9184.000000953527,-1602504.835575102,408358.28327474714,300.12198433009047,1430.0380633660006,1.029955994333678,226,5:13
4595000,9194.000000955564,-1600386.0013495106,406926.95539952687,299.07003318882016,1433.00866230527,1.0278209156947673,226,5:09
4600000,9204.000000957602,-1600458.0197313158,406630.5671906155,298.85220335400646,1430.6931364517911,1.0294844072167437,226,5:05
4605000,9214.000000959639,-1602116.5308561549,408692.4330135095,300.36756691471817,1430.674718474095,1.0294976604186112,226,5:01
4610000,9224.000000961676,-1602265.0339099672,406309.14776852576,298.6159768864393,1433.2546348768021,1.0276445229257813,226,4:57
4615000,9234.000000963713,-1602601.8202126147,408641.24528905784,300.3299466139554,1432.9560800337404,1.0278586315460945,226,4:54
4620000,9244.00000096575,-1600561.1335734231,407192.1338488192,299.2649254823349,1432.9869747848893,1.0278364712353614,226,4:50
4625000,9254.000000967788,-1601976.5626667617,407349.7878864709,299.38079295596185,1430.801090492034,1.0294067325477316,226,4:46
4630000,9264.000000969825,-1600863.57473154,408564.8819474055,300.27382355103384,1435.4701643478807,1.02605843860102,226,4:42
4635000,9274.000000971862,-1603770.2432936206,410370.677557876,301.60098889604126,1430.8378775067983,1.0293802663762222,226,4:38
4640000,9284.0000009739,-1601275.650399468,410164.80257345014,301.4496815481057,1431.2329443554697,1.0290961239383851,226,4:34
4645000,9294.000000975937,-1603083.497336788,410493.31965144427,301.6911244216119,1429.309446781219,1.030481033205251,226,4:31
4650000,9304.000000977974,-1601643.8861192074,408225.95492518763,300.0247299128801,1432.0543808331863,1.028505827154552,226,4:27
4655000,9314.000000980011,-1603242.3317733472,407384.6771255244,299.4064347222376,1432.7873801786839,1.027979654109916,226,4:23
4660000,9324.000000982049,-1602129.568427138,407740.044016639,299.6676108043566,1430.6280701782784,1.029531229109459,226,4:19
4665000,9334.000000984086,-1602221.7717185626,407250.3272018451,299.3076945537614,1433.4449680225798,1.0275080720545215,226,4:15
4670000,9344.000000986123,-1602491.490594619,407390.72608729935,299.4108803928298,1433.594237282676,1.0274010854570104,226,4:12
4675000,9354.00000098816,-1601026.0348506132,409895.0903622902,301.2514571766977,1433.0738674435402,1.0277741496442185,226,4:08
4680000,9364.000000990198,-1601504.9154049773,407447.78597253276,299.45281642470013,1434.2905664018663,1.0269022958047254,226,4:04
4685000,9374.000000992235,-1601859.5543795526,408318.0964957734,300.0924491489924,1432.2920094753647,1.0283351898532458,226,4:00
4690000,9384.000000994272,-1600426.374232296,409597.1130354651,301.0324594233157,1428.2806589959198,1.0312232866925237,226,3:56
4695000,9394.00000099631,-1600982.990726905,409115.09403428994,300.678200663196,1432.978884013445,1.027842274523926,226,3:52
4700000,9404.000000998347,-1600795.3248880515,407953.1313246266,299.82421883296314,1432.3436282536086,1.0282981307250603,226,3:49
4705000,9414.000001000384,-1600797.8166595725,408825.4168793071,300.46530310208533,1434.2625168859593,1.0269223786779385,226,3:45
4710000,9424.000001002421,-1602145.0557045704,408038.21163460286,299.886748411775,1435.0675371622312,1.0263463128722636,226,3:41
4715000,9434.000001004459,-1600443.9501935942,409262.0845153887,300.78623098037536,1433.6207073310866,1.0273821157557985,226,3:37
4720000,9444.000001006496,-1602807.3754514912,408583.712556985,300.2876630643843,1432.507650703353,1.0281803903567024,226,3:33
4725000,9454.000001008533,-1601923.6117223958,408929.8269717032,300.5420390601825,1431.7328617552453,1.0287367949936213,226,3:30
4730000,9464.00000101057,-1602871.86953005,408888.4527987529,300.51163120660283,1432.1177035591645,1.0284603505903716,226,3:26
4735000,9474.000001012608,-1602129.213705373,407212.16015046125,299.2796437668262,1436.4985815306443,1.0253238634734536,226,3:22
4740000,9484.000001014645,-1601433.156430347,409687.1911097046,301.09866209751783,1433.949106976216,1.0271468271248527,226,3:18
4745000,9494.000001016682,-1601792.4941194756,408999.37054258893,300.59314994821017,1433.9823806189106,1.0271229935568935,226,3:14
4750000,9504.00000101872,-1600810.4470792282,409226.83585306734,300.76032505679274,1432.5384291156106,1.0281582996683925,226,3:10
4755000,9514.000001020757,-1602335.481967654,409624.2565204338,301.05240846538015,1432.9428773294949,1.027868101926061,226,3:07
4760000,9524.000001022794,-1602476.0084021287,407547.2935077666,299.52594925964763,1429.3362182118483,1.0304617323219851,226,3:03
4765000,9534.000001024831,-1601505.6279818434,406615.1403330255,298.84086542037926,1432.728638465193,1.0280218011604425,226,2:59
4770000,9544.000001026869,-1601642.3020936549,407511.9701980944,299.49998847416555,1430.4633151525977,1.0296498063859918,226,2:55
4775000,9554.000001028906,-1602587.9803484902,407631.45550951036,299.5878039299287,1435.6976905464405,1.0258958311262207,226,2:51
4780000,9564.000001030943,-1601682.0383840362,407880.317547031,299.77070451400937,1433.5856134172227,1.0274072658822633,226,2:48
4785000,9574.00000103298,-1600256.9143657023,406531.2200125418,298.7791883731863,1436.6208041796472,1.0252366325226594,226,2:44
4790000,9584.000001035018,-1602457.8730283724,408954.33376023296,300.56005026824255,1433.6724840477902,1.0273450121122916,226,2:40
4795000,9594.000001037055,-1599910.436148541,409333.31268231396,300.83857995840117,1434.524073879196,1.0267351397639701,226,2:36
4800000,9604.000001039092,-1601460.5354802338,409267.6378243549,300.79031237207187,1433.381258178721,1.0275537419545993,226,2:32
4805000,9614.00000104113,-1600666.2202951815,408176.10918675206,299.988095901664,1435.4523941503955,1.0260711407018765,226,2:28
4810000,9624.000001043167,-1603018.3435236542,408576.6197094136,300.2824501923186,1429.6954294426343,1.0302028286285674,226,2:25
4815000,9634.000001045204,-1602830.8599166702,407772.44908126106,299.69142683232775,1433.471895665324,1.0274887704062894,226,2:21
4820000,9644.000001047241,-1602043.277570773,410480.838533837,301.68195145283335,1432.4468529288827,1.0282240297275873,226,2:17
4825000,9654.000001049279,-1603735.212651779,407929.242549597,299.80666183250855,1431.367457504683,1.0289994143480221,226,2:13
4830000,9664.000001051316,-1601653.2571650408,407016.46786993847,299.1358201737853,1434.7858195183994,1.0265478341453933,226,2:09
4835000,9674.000001053353,-1604108.5930489236,409368.6549804816,300.86455469943445,1429.1589182177638,1.0305895703508539,226,2:06
4840000,9684.00000105539,-1604226.4750835225,408544.0382418707,300.2585045174251,1431.5338371110938,1.028879819188538,226,2:02
4845000,9694.000001057428,-1603865.6702849604,407538.1463119916,299.51922654907827,1431.3789677280288,1.0289911398006457,226,1:58
4850000,9704.000001059465,-1603782.7163951956,408048.3426901781,299.89419420784947,1435.452130196963,1.0260713293776214,226,1:54
4855000,9714.000001061502,-1601636.8675328223,407174.93600070104,299.2522859632782,1432.8098328733856,1.027963545263645,226,1:50
4860000,9724.00000106354,-1600909.7024001973,408157.0317424864,299.9740749777267,1430.7513055100007,1.0294425521870272,226,1:46
4865000,9734.000001065577,-1602046.5372304143,410052.51936635724,301.36715926240737,1432.6348462527646,1.0280891040320763,226,1:43
4870000,9744.000001067614,-1601599.0839343304,410131.9983294782,301.4255721441863,1435.573965727504,1.0259842478703134,226,1:39
4875000,9754.000001069651,-1602408.5217897296,408746.6275533121,300.4073970675315,1432.0741572842737,1.028491623843166,226,1:35
4880000,9764.000001071689,-1601376.0318145761,410454.95857783564,301.66293103848733,1434.3379514148332,1.026868370899821,226,1:31
4885000,9774.000001073726,-1600661.9408764476,409457.0276088568,300.9295039601076,1435.9120946030966,1.0257426488884454,226,1:27
4890000,9784.000001075763,-1602044.799378316,408902.893962494,300.522244706795,1435.6354708209074,1.0259402929400556,226,1:24
4895000,9794.0000010778,-1601261.5492724674,407547.69020652113,299.526240812488,1432.6678976298547,1.0280653862111384,226,1:20
4900000,9804.000001079838,-1601846.9053866062,408255.9892713146,300.046803586727,1430.3046763148504,1.0297640075427639,226,1:16
4905000,9814.000001081875,-1601652.4091472318,410818.1267362945,301.9298406441603,1433.6343698838264,1.0273723247919133,226,1:12
4910000,9824.000001083912,-1602748.698182486,408458.701058239,300.1957861499089,1434.0252807625475,1.027092266257628,226,1:08
4915000,9834.00000108595,-1601295.947144908,409490.4214465445,300.95404668457707,1435.8596362431533,1.02578012384472,226,1:04
4920000,9844.000001087987,-1602235.3632543916,409800.3847142172,301.1818534777131,1430.090295603324,1.0299183764950741,226,1:01
4925000,9854.000001090024,-1603876.2151508797,408885.3112229605,300.5093223126747,1431.500176853396,1.0289040122416817,226,0:57
4930000,9864.000001092061,-1601000.0827950025,407137.76680738316,299.2249685498415,1430.9890645206158,1.0292715101792569,226,0:53
4935000,9874.000001094098,-1601337.4951979993,408721.57539761346,300.38898504312067,1432.6643582966435,1.0280679260006877,226,0:49
4940000,9884.000001096136,-1600909.4067500243,408445.4206771388,300.18602576425815,1432.5532066274966,1.0281476936947898,226,0:45
4945000,9894.000001098173,-1602851.6626753407,408943.59860813,300.5521604928096,1433.3194673863695,1.0275980400760885,226,0:42
4950000,9904.00000110021,-1602082.4936666237,408895.8307726619,300.5170536316169,1433.051768055277,1.0277899991623491,226,0:38
4955000,9914.000001102248,-1598621.8548157979,409031.9189443204,300.6170713214613,1432.7163701162633,1.0280306041101588,226,0:34
4960000,9924.000001104285,-1600766.2403711956,407850.274239555,299.7486242540396,1433.2674889257528,1.0276353066468218,226,0:30
4965000,9934.000001106322,-1598742.227486807,409215.19379085023,300.75176874985,1433.4353239955776,1.0275149850386136,226,0:26
4970000,9944.00000110836,-1600694.6616480574,409267.0187232677,300.7898573651468,1431.2012413902967,1.0291189197532806,226,0:22
4975000,9954.000001110397,-1600843.48387272,409425.21081246715,300.9061202785255,1434.2700051932047,1.0269170171279787,226,0:19
4980000,9964.000001112434,-1602127.5127115538,410392.98065321683,301.61738050484297,1432.5373030925632,1.0281591078357883,226,0:15
4985000,9974.000001114471,-1601872.1767627755,409105.37570722075,300.67105820099107,1436.1759206868635,1.0255542195587852,226,0:11
4990000,9984.000001116508,-1599834.7470514597,410128.77305109845,301.4232017332335,1436.9674549495526,1.0249893067625837,226,0:07
4995000,9994.000001118546,-1600604.5848605726,407983.22651665413,299.8463372253652,1436.074429921884,1.025626697892848,226,0:03
5000000,10004.000001120583,-1600399.7338748034,408382.3491769548,300.13967150975867,1433.5192286015126,1.0274548440665279,226,0:00
