activity_id,measurement_group_id,fc1_measurement_group_id,replicate_count,representation_count,measurement_representation_type,aggregation_method,aggregated_pEC50,aggregated_EC50_nM,canonical_molecule_id,parent_id,source_id,assay_id,assay_family,readout,cell_system,orthosteric_agonist,agonist_conc_or_ecxx,endpoint_type,endpoint_relation,potency_nM,pEC50,receptor_species,final_species_valid,final_identity_valid,potency_regression_eligible,unit_human_decision,row_human_decision,identity_decision,decision_provenance,divergent_duplicate_classification,divergent_duplicate_disposition,notes
ACTL00004,MG00016,MG00016,1,1,single,single,5.9208,1200.05,CM00034,PARENT0869,PMID_18772318,,GIRK/thallium,PAM potentiation (literature narrative),,acetylcholine,EC20,EC50,=,1200.0,5.9208,human_M4,yes,yes,yes,RU003:confirmed_quantitative_pam,"row:correct_direction=PAM,potency_regression_eligible=yes",,human_decisions.jsonl:RU003;human_row_decisions.jsonl:ACTL00004,,,"Literature narrative extraction (see compound notes) | human-confirmed M4 PAM EC50 in GIRK/thallium flux (HEK293 hM4 + GIRK1/2, EC20 ACh); receptor_species annotation 'human_M4' is narrative-origin and is resolved human by human decision RU003"
ACTL00005,MG00223,MG00223,1,1,single,single,5.7212,1900.2,CM00414,PARENT0232,PMID_18772318,,GIRK/thallium,PAM potentiation (literature narrative),,acetylcholine,EC20,EC50,=,1900.0,5.7212,human_M4,yes,yes,yes,RU003:confirmed_quantitative_pam,"row:correct_direction=PAM,potency_regression_eligible=yes",,human_decisions.jsonl:RU003;human_row_decisions.jsonl:ACTL00005,,,"Literature narrative extraction (see compound notes) | human-confirmed M4 PAM EC50 in GIRK/thallium flux (HEK293 hM4 + GIRK1/2, EC20 ACh); receptor_species annotation 'human_M4' is narrative-origin and is resolved human by human decision RU003"
ACT_10958292,MG00367,MG00367,1,1,single,single,5.74,1819.7,CM00675,PARENT0103,PMID_22738637,ASSY_CHEMBL2060895,calcium,PAM_functional_calcium,CHO-K1,acetylcholine,,EC50,=,1819.7,5.74,Homo sapiens,yes,yes,yes,,,,,,,cat=PAM_functional_calcium; standard_type=EC50; source_kind=primary_article; legacy pEC50=5.74 (generic negative-log potency)
ACT_10958295,MG00100,MG00100,1,1,single,single,5.87,1348.96,CM00182,PARENT0106,PMID_22738637,ASSY_CHEMBL2060895,calcium,PAM_functional_calcium,CHO-K1,acetylcholine,,EC50,=,1348.96,5.87,Homo sapiens,yes,yes,yes,,,,,,,cat=PAM_functional_calcium; standard_type=EC50; source_kind=primary_article; legacy pEC50=5.87 (generic negative-log potency)
ACT_10958311,MG00411,MG00411,1,1,single,single,5.63,2344.23,CM00759,PARENT0122,PMID_22738637,ASSY_CHEMBL2060895,calcium,PAM_functional_calcium,CHO-K1,acetylcholine,,EC50,=,2344.23,5.63,Homo sapiens,yes,yes,yes,,,,,,,cat=PAM_functional_calcium; standard_type=EC50; source_kind=primary_article; legacy pEC50=5.63 (generic negative-log potency)
ACT_10958312,MG00219,MG00219,1,1,single,single,5.89,1288.25,CM00408,PARENT0123,PMID_22738637,ASSY_CHEMBL2060895,calcium,PAM_functional_calcium,CHO-K1,acetylcholine,,EC50,=,1288.25,5.89,Homo sapiens,yes,yes,yes,,,,,,,cat=PAM_functional_calcium; standard_type=EC50; source_kind=primary_article; legacy pEC50=5.89 (generic negative-log potency)
ACT_10958314,MG00460,MG00460,1,1,single,single,5.95,1122.02,CM00847,PARENT0125,PMID_22738637,ASSY_CHEMBL2060895,calcium,PAM_functional_calcium,CHO-K1,acetylcholine,,EC50,=,1122.02,5.95,Homo sapiens,yes,yes,yes,,,,,,,cat=PAM_functional_calcium; standard_type=EC50; source_kind=primary_article; legacy pEC50=5.95 (generic negative-log potency)
ACT_10958326,MG00393,MG00393,1,1,single,single,5.15,7079.46,CM00717,PARENT0137,PMID_22738637,ASSY_CHEMBL2060895,calcium,PAM_functional_calcium,CHO-K1,acetylcholine,,EC50,=,7079.46,5.15,Homo sapiens,yes,yes,yes,,,,,,,cat=PAM_functional_calcium; standard_type=EC50; source_kind=primary_article; legacy pEC50=5.15 (generic negative-log potency)
ACT_10958338,MG00471,MG00471,1,1,single,single,5.11,7762.47,CM00865,PARENT0149,PMID_22738637,ASSY_CHEMBL2060895,calcium,PAM_functional_calcium,CHO-K1,acetylcholine,,EC50,=,7762.47,5.11,Homo sapiens,yes,yes,yes,,,,,,,cat=PAM_functional_calcium; standard_type=EC50; source_kind=primary_article; legacy pEC50=5.11 (generic negative-log potency)
ACT_10958347,MG00333,MG00333,1,1,single,single,5.55,2818.38,CM00620,PARENT0158,PMID_22738637,ASSY_CHEMBL2060895,calcium,PAM_functional_calcium,CHO-K1,acetylcholine,,EC50,=,2818.38,5.55,Homo sapiens,yes,yes,yes,,,,,,,cat=PAM_functional_calcium; standard_type=EC50; source_kind=primary_article; legacy pEC50=5.55 (generic negative-log potency)
ACT_12628030,MG00399,MG00399,2,2,rounding_or_pEC50_conversion_duplicate,log_mean_pEC50,5.8504,1411.24,CM00733,PARENT0196,PMID_23177787,ASSY_CHEMBL2320373,calcium,PAM_functional_calcium,CHO-K1,acetylcholine,,EC50,=,1412.54,5.85,Homo sapiens,yes,yes,yes,,,,,,,cat=PAM_functional_calcium; standard_type=EC50; source_kind=primary_article; legacy pEC50=5.85 (generic negative-log potency)
ACT_12628031,MG00065,MG00065,2,2,rounding_or_pEC50_conversion_duplicate,log_mean_pEC50,6.0317,929.61,CM00115,PARENT0197,PMID_23177787,ASSY_CHEMBL2320373,calcium,PAM_functional_calcium,CHO-K1,acetylcholine,,EC50,=,933.25,6.03,Homo sapiens,yes,yes,yes,,,,,,,cat=PAM_functional_calcium; standard_type=EC50; source_kind=primary_article; legacy pEC50=6.03 (generic negative-log potency)
ACT_12628032,MG00056,MG00056,2,2,rounding_or_pEC50_conversion_duplicate,log_mean_pEC50,6.3794,417.45,CM00099,PARENT0198,PMID_23177787,ASSY_CHEMBL2320373,calcium,PAM_functional_calcium,CHO-K1,acetylcholine,,EC50,=,416.87,6.38,Homo sapiens,yes,yes,yes,,,,,,,cat=PAM_functional_calcium; standard_type=EC50; source_kind=primary_article; legacy pEC50=6.38 (generic negative-log potency)
ACT_12628033,MG00041,MG00041,2,2,rounding_or_pEC50_conversion_duplicate,log_mean_pEC50,6.5114,308.03,CM00074,PARENT0199,PMID_23177787,ASSY_CHEMBL2320373,calcium,PAM_functional_calcium,CHO-K1,acetylcholine,,EC50,=,309.03,6.51,Homo sapiens,yes,yes,yes,,,,,,,cat=PAM_functional_calcium; standard_type=EC50; source_kind=primary_article; legacy pEC50=6.51 (generic negative-log potency)
ACT_12628034,MG00256,MG00256,2,2,rounding_or_pEC50_conversion_duplicate,log_mean_pEC50,6.5396,288.67,CM00465,PARENT0200,PMID_23177787,ASSY_CHEMBL2320373,calcium,PAM_functional_calcium,CHO-K1,acetylcholine,,EC50,=,288.4,6.54,Homo sapiens,yes,yes,yes,,,,,,,cat=PAM_functional_calcium; standard_type=EC50; source_kind=primary_article; legacy pEC50=6.54 (generic negative-log potency)
ACT_12628035,MG00300,MG00300,2,2,rounding_or_pEC50_conversion_duplicate,log_mean_pEC50,6.6479,224.96,CM00554,PARENT0201,PMID_23177787,ASSY_CHEMBL2320373,calcium,PAM_functional_calcium,CHO-K1,acetylcholine,,EC50,=,223.87,6.65,Homo sapiens,yes,yes,yes,,,,,,,cat=PAM_functional_calcium; standard_type=EC50; source_kind=primary_article; legacy pEC50=6.65 (generic negative-log potency)
ACT_12628036,MG00326,MG00326,2,2,rounding_or_pEC50_conversion_duplicate,log_mean_pEC50,6.8313,147.47,CM00600,PARENT0202,PMID_23177787,ASSY_CHEMBL2320373,calcium,PAM_functional_calcium,CHO-K1,acetylcholine,,EC50,=,147.91,6.83,Homo sapiens,yes,yes,yes,,,,,,,cat=PAM_functional_calcium; standard_type=EC50; source_kind=primary_article; legacy pEC50=6.83 (generic negative-log potency)
ACT_12628037,MG00369,MG00369,2,2,rounding_or_pEC50_conversion_duplicate,log_mean_pEC50,5.6984,2002.63,CM00680,PARENT0203,PMID_23177787,ASSY_CHEMBL2320373,calcium,PAM_functional_calcium,CHO-K1,acetylcholine,,EC50,=,1995.26,5.7,Homo sapiens,yes,yes,yes,,,,,,,cat=PAM_functional_calcium; standard_type=EC50; source_kind=primary_article; legacy pEC50=5.7 (generic negative-log potency)
ACT_12628038,MG00286,MG00286,2,2,rounding_or_pEC50_conversion_duplicate,log_mean_pEC50,7.282,52.24,CM00524,PARENT0204,PMID_23177787,ASSY_CHEMBL2320373,calcium,PAM_functional_calcium,CHO-K1,acetylcholine,,EC50,=,52.48,7.28,Homo sapiens,yes,yes,yes,,,,,,,cat=PAM_functional_calcium; standard_type=EC50; source_kind=primary_article; legacy pEC50=7.28 (generic negative-log potency)
ACT_12628042,MG00315,MG00315,2,2,rounding_or_pEC50_conversion_duplicate,log_mean_pEC50,5.7585,1743.81,CM00588,PARENT0206,PMID_23177787,ASSY_CHEMBL2320373,calcium,PAM_functional_calcium,CHO-K1,acetylcholine,,EC50,=,1737.8,5.76,Homo sapiens,yes,yes,yes,,,,,,,cat=PAM_functional_calcium; standard_type=EC50; source_kind=primary_article; legacy pEC50=5.76 (generic negative-log potency)
ACT_12628043,MG00345,MG00345,2,2,rounding_or_pEC50_conversion_duplicate,log_mean_pEC50,6.6019,250.09,CM00640,PARENT0207,PMID_23177787,ASSY_CHEMBL2320373,calcium,PAM_functional_calcium,CHO-K1,acetylcholine,,EC50,=,251.19,6.6,Homo sapiens,yes,yes,yes,,,,,,,cat=PAM_functional_calcium; standard_type=EC50; source_kind=primary_article; legacy pEC50=6.6 (generic negative-log potency)
ACT_12628044,MG00289,MG00289,2,2,rounding_or_pEC50_conversion_duplicate,log_mean_pEC50,6.7474,178.9,CM00532,PARENT0208,PMID_23177787,ASSY_CHEMBL2320373,calcium,PAM_functional_calcium,CHO-K1,acetylcholine,,EC50,=,177.83,6.75,Homo sapiens,yes,yes,yes,,,,,,,cat=PAM_functional_calcium; standard_type=EC50; source_kind=primary_article; legacy pEC50=6.75 (generic negative-log potency)
ACT_12628045,MG00350,MG00350,2,2,rounding_or_pEC50_conversion_duplicate,log_mean_pEC50,6.9815,104.35,CM00647,PARENT0209,PMID_23177787,ASSY_CHEMBL2320373,calcium,PAM_functional_calcium,CHO-K1,acetylcholine,,EC50,=,104.71,6.98,Homo sapiens,yes,yes,yes,,,,,,,cat=PAM_functional_calcium; standard_type=EC50; source_kind=primary_article; legacy pEC50=6.98 (generic negative-log potency)
ACT_12628046,MG00368,MG00368,2,2,rounding_or_pEC50_conversion_duplicate,log_mean_pEC50,6.8029,157.43,CM00679,PARENT0210,PMID_23177787,ASSY_CHEMBL2320373,calcium,PAM_functional_calcium,CHO-K1,acetylcholine,,EC50,=,154.88,6.81,Homo sapiens,yes,yes,yes,,,,,,,cat=PAM_functional_calcium; standard_type=EC50; source_kind=primary_article; legacy pEC50=6.81 (generic negative-log potency)
ACT_12628047,MG00362,MG00362,2,2,rounding_or_pEC50_conversion_duplicate,log_mean_pEC50,6.8029,157.43,CM00669,PARENT0211,PMID_23177787,ASSY_CHEMBL2320373,calcium,PAM_functional_calcium,CHO-K1,acetylcholine,,EC50,=,154.88,6.81,Homo sapiens,yes,yes,yes,,,,,,,cat=PAM_functional_calcium; standard_type=EC50; source_kind=primary_article; legacy pEC50=6.81 (generic negative-log potency)
ACT_12628048,MG00288,MG00288,2,2,rounding_or_pEC50_conversion_duplicate,log_mean_pEC50,6.9683,107.57,CM00531,PARENT0212,PMID_23177787,ASSY_CHEMBL2320373,calcium,PAM_functional_calcium,CHO-K1,acetylcholine,,EC50,=,107.15,6.97,Homo sapiens,yes,yes,yes,,,,,,,cat=PAM_functional_calcium; standard_type=EC50; source_kind=primary_article; legacy pEC50=6.97 (generic negative-log potency)
ACT_12628049,MG00026,MG00026,2,2,rounding_or_pEC50_conversion_duplicate,log_mean_pEC50,7.0935,80.63,CM00046,PARENT0213,PMID_23177787,ASSY_CHEMBL2320373,calcium,PAM_functional_calcium,CHO-K1,acetylcholine,,EC50,=,81.28,7.09,Homo sapiens,yes,yes,yes,,,,,,,cat=PAM_functional_calcium; standard_type=EC50; source_kind=primary_article; legacy pEC50=7.09 (generic negative-log potency)
ACT_12628050,MG00342,MG00342,2,2,rounding_or_pEC50_conversion_duplicate,log_mean_pEC50,6.4884,324.79,CM00633,PARENT0214,PMID_23177787,ASSY_CHEMBL2320373,calcium,PAM_functional_calcium,CHO-K1,acetylcholine,,EC50,=,323.59,6.49,Homo sapiens,yes,yes,yes,,,,,,,cat=PAM_functional_calcium; standard_type=EC50; source_kind=primary_article; legacy pEC50=6.49 (generic negative-log potency)
ACT_12628051,MG00089,MG00089,2,2,rounding_or_pEC50_conversion_duplicate,log_mean_pEC50,6.0908,811.33,CM00155,PARENT0215,PMID_23177787,ASSY_CHEMBL2320373,calcium,PAM_functional_calcium,CHO-K1,acetylcholine,,EC50,=,812.83,6.09,Homo sapiens,yes,yes,yes,,,,,,,cat=PAM_functional_calcium; standard_type=EC50; source_kind=primary_article; legacy pEC50=6.09 (generic negative-log potency)
ACT_12628052,MG00340,MG00340,2,2,rounding_or_pEC50_conversion_duplicate,log_mean_pEC50,6.5685,270.08,CM00630,PARENT0216,PMID_23177787,ASSY_CHEMBL2320373,calcium,PAM_functional_calcium,CHO-K1,acetylcholine,,EC50,=,269.15,6.57,Homo sapiens,yes,yes,yes,,,,,,,cat=PAM_functional_calcium; standard_type=EC50; source_kind=primary_article; legacy pEC50=6.57 (generic negative-log potency)
ACT_12628053,MG00381,MG00381,2,2,rounding_or_pEC50_conversion_duplicate,log_mean_pEC50,6.5308,294.58,CM00701,PARENT0217,PMID_23177787,ASSY_CHEMBL2320373,calcium,PAM_functional_calcium,CHO-K1,acetylcholine,,EC50,=,295.12,6.53,Homo sapiens,yes,yes,yes,,,,,,,cat=PAM_functional_calcium; standard_type=EC50; source_kind=primary_article; legacy pEC50=6.53 (generic negative-log potency)
ACT_12628054,MG00151,MG00151,2,2,rounding_or_pEC50_conversion_duplicate,log_mean_pEC50,6.0718,847.62,CM00279,PARENT0218,PMID_23177787,ASSY_CHEMBL2320373,calcium,PAM_functional_calcium,CHO-K1,acetylcholine,,EC50,=,851.14,6.07,Homo sapiens,yes,yes,yes,,,,,,,cat=PAM_functional_calcium; standard_type=EC50; source_kind=primary_article; legacy pEC50=6.07 (generic negative-log potency)
ACT_12628056,MG00124,MG00124,2,2,rounding_or_pEC50_conversion_duplicate,log_mean_pEC50,6.8914,128.41,CM00226,PARENT0219,PMID_23177787,ASSY_CHEMBL2320373,calcium,PAM_functional_calcium,CHO-K1,acetylcholine,,EC50,=,128.82,6.89,Homo sapiens,yes,yes,yes,,,,,,,cat=PAM_functional_calcium; standard_type=EC50; source_kind=primary_article; legacy pEC50=6.89 (generic negative-log potency)
ACT_12628057,MG00430,MG00430,2,2,rounding_or_pEC50_conversion_duplicate,log_mean_pEC50,5.8616,1375.31,CM00800,PARENT0220,PMID_23177787,ASSY_CHEMBL2320373,calcium,PAM_functional_calcium,CHO-K1,acetylcholine,,EC50,=,1380.38,5.86,Homo sapiens,yes,yes,yes,,,,,,,cat=PAM_functional_calcium; standard_type=EC50; source_kind=primary_article; legacy pEC50=5.86 (generic negative-log potency)
ACT_12628058,MG00284,MG00284,2,2,rounding_or_pEC50_conversion_duplicate,log_mean_pEC50,6.4493,355.39,CM00519,PARENT0221,PMID_23177787,ASSY_CHEMBL2320373,calcium,PAM_functional_calcium,CHO-K1,acetylcholine,,EC50,=,354.81,6.45,Homo sapiens,yes,yes,yes,,,,,,,cat=PAM_functional_calcium; standard_type=EC50; source_kind=primary_article; legacy pEC50=6.45 (generic negative-log potency)
ACT_12628059,MG00162,MG00162,2,2,rounding_or_pEC50_conversion_duplicate,log_mean_pEC50,6.1723,672.51,CM00307,PARENT0222,PMID_23177787,ASSY_CHEMBL2320373,calcium,PAM_functional_calcium,CHO-K1,acetylcholine,,EC50,=,676.08,6.17,Homo sapiens,yes,yes,yes,,,,,,,cat=PAM_functional_calcium; standard_type=EC50; source_kind=primary_article; legacy pEC50=6.17 (generic negative-log potency)
ACT_12628060,MG00292,MG00292,2,2,rounding_or_pEC50_conversion_duplicate,log_mean_pEC50,6.681,208.45,CM00538,PARENT0223,PMID_23177787,ASSY_CHEMBL2320373,calcium,PAM_functional_calcium,CHO-K1,acetylcholine,,EC50,=,208.93,6.68,Homo sapiens,yes,yes,yes,,,,,,,cat=PAM_functional_calcium; standard_type=EC50; source_kind=primary_article; legacy pEC50=6.68 (generic negative-log potency)
ACT_12628061,MG00185,MG00185,2,2,rounding_or_pEC50_conversion_duplicate,log_mean_pEC50,7.2123,61.33,CM00343,PARENT0224,PMID_23177787,ASSY_CHEMBL2320373,calcium,PAM_functional_calcium,CHO-K1,acetylcholine,,EC50,=,61.66,7.21,Homo sapiens,yes,yes,yes,,,,,,,cat=PAM_functional_calcium; standard_type=EC50; source_kind=primary_article; legacy pEC50=7.21 (generic negative-log potency)
ACT_12628062,MG00220,MG00220,2,2,rounding_or_pEC50_conversion_duplicate,log_mean_pEC50,6.2209,601.31,CM00409,PARENT0225,PMID_23177787,ASSY_CHEMBL2320373,calcium,PAM_functional_calcium,CHO-K1,acetylcholine,,EC50,=,602.56,6.22,Homo sapiens,yes,yes,yes,,,,,,,cat=PAM_functional_calcium; standard_type=EC50; source_kind=primary_article; legacy pEC50=6.22 (generic negative-log potency)
ACT_12628063,MG00428,MG00428,2,2,rounding_or_pEC50_conversion_duplicate,log_mean_pEC50,7.2509,56.12,CM00796,PARENT0194,PMID_23177787,ASSY_CHEMBL2320373,calcium,PAM_functional_calcium,CHO-K1,acetylcholine,,EC50,=,56.23,7.25,Homo sapiens,yes,yes,yes,,,,,,,cat=PAM_functional_calcium; standard_type=EC50; source_kind=primary_article; legacy pEC50=7.25 (generic negative-log potency)
ACT_12628064,MG00391,MG00391,2,2,rounding_or_pEC50_conversion_duplicate,log_mean_pEC50,7.1118,77.3,CM00713,PARENT0195,PMID_23177787,ASSY_CHEMBL2320373,calcium,PAM_functional_calcium,CHO-K1,acetylcholine,,EC50,=,77.62,7.11,Homo sapiens,yes,yes,yes,,,,,,,cat=PAM_functional_calcium; standard_type=EC50; source_kind=primary_article; legacy pEC50=7.11 (generic negative-log potency)
ACT_12628065,MG00463,MG00463,2,2,rounding_or_pEC50_conversion_duplicate,log_mean_pEC50,6.9083,123.51,CM00852,PARENT0226,PMID_23177787,ASSY_CHEMBL2320373,calcium,PAM_functional_calcium,CHO-K1,acetylcholine,,EC50,=,123.03,6.91,Homo sapiens,yes,yes,yes,,,,,,,cat=PAM_functional_calcium; standard_type=EC50; source_kind=primary_article; legacy pEC50=6.91 (generic negative-log potency)
ACT_12628066,MG00084,MG00084,2,2,rounding_or_pEC50_conversion_duplicate,log_mean_pEC50,6.9703,107.08,CM00144,PARENT0227,PMID_23177787,ASSY_CHEMBL2320373,calcium,PAM_functional_calcium,CHO-K1,acetylcholine,,EC50,=,107.15,6.97,Homo sapiens,yes,yes,yes,,,,,,,cat=PAM_functional_calcium; standard_type=EC50; source_kind=primary_article; legacy pEC50=6.97 (generic negative-log potency)
ACT_12628067,MG00407,MG00407,1,1,single,single,6.301,500.03,CM00750,PARENT0231,PMID_23177787,ASSY_CHEMBL2320373,calcium,PAM_functional_calcium,CHO-K1,acetylcholine,,EC50,=,500.0,6.301,Homo sapiens,yes,yes,yes,,,,,,,cat=PAM_functional_calcium; standard_type=EC50; source_kind=primary_article; legacy pEC50=6.3 (generic negative-log potency)
ACT_12628068,MG00224,MG00224,1,1,single,single,6.2076,620.01,CM00414,PARENT0232,PMID_23177787,ASSY_CHEMBL2320373,calcium,PAM_functional_calcium,CHO-K1,acetylcholine,,EC50,=,620.0,6.2076,Homo sapiens,yes,yes,yes,,,,,,,cat=PAM_functional_calcium; standard_type=EC50; source_kind=primary_article; legacy pEC50=6.21 (generic negative-log potency)
ACT_12628069,MG00399,MG00399,2,2,rounding_or_pEC50_conversion_duplicate,log_mean_pEC50,5.8504,1411.24,CM00733,PARENT0196,PMID_23177787,ASSY_CHEMBL2320373,calcium,PAM_functional_calcium,CHO-K1,acetylcholine,,EC50,=,1410.0,5.8508,Homo sapiens,yes,yes,yes,,,,,,,cat=PAM_functional_calcium; standard_type=EC50; source_kind=primary_article; legacy pEC50=5.85 (generic negative-log potency)
ACT_12628070,MG00065,MG00065,2,2,rounding_or_pEC50_conversion_duplicate,log_mean_pEC50,6.0317,929.61,CM00115,PARENT0197,PMID_23177787,ASSY_CHEMBL2320373,calcium,PAM_functional_calcium,CHO-K1,acetylcholine,,EC50,=,926.0,6.0334,Homo sapiens,yes,yes,yes,,,,,,,cat=PAM_functional_calcium; standard_type=EC50; source_kind=primary_article; legacy pEC50=6.03 (generic negative-log potency)
ACT_12628071,MG00056,MG00056,2,2,rounding_or_pEC50_conversion_duplicate,log_mean_pEC50,6.3794,417.45,CM00099,PARENT0198,PMID_23177787,ASSY_CHEMBL2320373,calcium,PAM_functional_calcium,CHO-K1,acetylcholine,,EC50,=,418.0,6.3788,Homo sapiens,yes,yes,yes,,,,,,,cat=PAM_functional_calcium; standard_type=EC50; source_kind=primary_article; legacy pEC50=6.38 (generic negative-log potency)
ACT_12628072,MG00041,MG00041,2,2,rounding_or_pEC50_conversion_duplicate,log_mean_pEC50,6.5114,308.03,CM00074,PARENT0199,PMID_23177787,ASSY_CHEMBL2320373,calcium,PAM_functional_calcium,CHO-K1,acetylcholine,,EC50,=,307.0,6.5129,Homo sapiens,yes,yes,yes,,,,,,,cat=PAM_functional_calcium; standard_type=EC50; source_kind=primary_article; legacy pEC50=6.51 (generic negative-log potency)
ACT_12628073,MG00256,MG00256,2,2,rounding_or_pEC50_conversion_duplicate,log_mean_pEC50,6.5396,288.67,CM00465,PARENT0200,PMID_23177787,ASSY_CHEMBL2320373,calcium,PAM_functional_calcium,CHO-K1,acetylcholine,,EC50,=,289.0,6.5391,Homo sapiens,yes,yes,yes,,,,,,,cat=PAM_functional_calcium; standard_type=EC50; source_kind=primary_article; legacy pEC50=6.54 (generic negative-log potency)
ACT_12628074,MG00300,MG00300,2,2,rounding_or_pEC50_conversion_duplicate,log_mean_pEC50,6.6479,224.96,CM00554,PARENT0201,PMID_23177787,ASSY_CHEMBL2320373,calcium,PAM_functional_calcium,CHO-K1,acetylcholine,,EC50,=,226.0,6.6459,Homo sapiens,yes,yes,yes,,,,,,,cat=PAM_functional_calcium; standard_type=EC50; source_kind=primary_article; legacy pEC50=6.65 (generic negative-log potency)
ACT_12628075,MG00326,MG00326,2,2,rounding_or_pEC50_conversion_duplicate,log_mean_pEC50,6.8313,147.47,CM00600,PARENT0202,PMID_23177787,ASSY_CHEMBL2320373,calcium,PAM_functional_calcium,CHO-K1,acetylcholine,,EC50,=,147.0,6.8327,Homo sapiens,yes,yes,yes,,,,,,,cat=PAM_functional_calcium; standard_type=EC50; source_kind=primary_article; legacy pEC50=6.83 (generic negative-log potency)
ACT_12628076,MG00369,MG00369,2,2,rounding_or_pEC50_conversion_duplicate,log_mean_pEC50,5.6984,2002.63,CM00680,PARENT0203,PMID_23177787,ASSY_CHEMBL2320373,calcium,PAM_functional_calcium,CHO-K1,acetylcholine,,EC50,=,2010.0,5.6968,Homo sapiens,yes,yes,yes,,,,,,,cat=PAM_functional_calcium; standard_type=EC50; source_kind=primary_article; legacy pEC50=5.7 (generic negative-log potency)
ACT_12628077,MG00286,MG00286,2,2,rounding_or_pEC50_conversion_duplicate,log_mean_pEC50,7.282,52.24,CM00524,PARENT0204,PMID_23177787,ASSY_CHEMBL2320373,calcium,PAM_functional_calcium,CHO-K1,acetylcholine,,EC50,=,52.0,7.284,Homo sapiens,yes,yes,yes,,,,,,,cat=PAM_functional_calcium; standard_type=EC50; source_kind=primary_article; legacy pEC50=7.28 (generic negative-log potency)
ACT_12628081,MG00315,MG00315,2,2,rounding_or_pEC50_conversion_duplicate,log_mean_pEC50,5.7585,1743.81,CM00588,PARENT0206,PMID_23177787,ASSY_CHEMBL2320373,calcium,PAM_functional_calcium,CHO-K1,acetylcholine,,EC50,=,1750.0,5.757,Homo sapiens,yes,yes,yes,,,,,,,cat=PAM_functional_calcium; standard_type=EC50; source_kind=primary_article; legacy pEC50=5.76 (generic negative-log potency)
ACT_12628082,MG00345,MG00345,2,2,rounding_or_pEC50_conversion_duplicate,log_mean_pEC50,6.6019,250.09,CM00640,PARENT0207,PMID_23177787,ASSY_CHEMBL2320373,calcium,PAM_functional_calcium,CHO-K1,acetylcholine,,EC50,=,249.0,6.6038,Homo sapiens,yes,yes,yes,,,,,,,cat=PAM_functional_calcium; standard_type=EC50; source_kind=primary_article; legacy pEC50=6.6 (generic negative-log potency)
ACT_12628083,MG00289,MG00289,2,2,rounding_or_pEC50_conversion_duplicate,log_mean_pEC50,6.7474,178.9,CM00532,PARENT0208,PMID_23177787,ASSY_CHEMBL2320373,calcium,PAM_functional_calcium,CHO-K1,acetylcholine,,EC50,=,180.0,6.7447,Homo sapiens,yes,yes,yes,,,,,,,cat=PAM_functional_calcium; standard_type=EC50; source_kind=primary_article; legacy pEC50=6.75 (generic negative-log potency)
ACT_12628084,MG00350,MG00350,2,2,rounding_or_pEC50_conversion_duplicate,log_mean_pEC50,6.9815,104.35,CM00647,PARENT0209,PMID_23177787,ASSY_CHEMBL2320373,calcium,PAM_functional_calcium,CHO-K1,acetylcholine,,EC50,=,104.0,6.983,Homo sapiens,yes,yes,yes,,,,,,,cat=PAM_functional_calcium; standard_type=EC50; source_kind=primary_article; legacy pEC50=6.98 (generic negative-log potency)
ACT_12628085,MG00368,MG00368,2,2,rounding_or_pEC50_conversion_duplicate,log_mean_pEC50,6.8029,157.43,CM00679,PARENT0210,PMID_23177787,ASSY_CHEMBL2320373,calcium,PAM_functional_calcium,CHO-K1,acetylcholine,,EC50,=,160.0,6.7959,Homo sapiens,yes,yes,yes,,,,,,,cat=PAM_functional_calcium; standard_type=EC50; source_kind=primary_article; legacy pEC50=6.8 (generic negative-log potency)
ACT_12628086,MG00362,MG00362,2,2,rounding_or_pEC50_conversion_duplicate,log_mean_pEC50,6.8029,157.43,CM00669,PARENT0211,PMID_23177787,ASSY_CHEMBL2320373,calcium,PAM_functional_calcium,CHO-K1,acetylcholine,,EC50,=,160.0,6.7959,Homo sapiens,yes,yes,yes,,,,,,,cat=PAM_functional_calcium; standard_type=EC50; source_kind=primary_article; legacy pEC50=6.8 (generic negative-log potency)
ACT_12628087,MG00288,MG00288,2,2,rounding_or_pEC50_conversion_duplicate,log_mean_pEC50,6.9683,107.57,CM00531,PARENT0212,PMID_23177787,ASSY_CHEMBL2320373,calcium,PAM_functional_calcium,CHO-K1,acetylcholine,,EC50,=,108.0,6.9666,Homo sapiens,yes,yes,yes,,,,,,,cat=PAM_functional_calcium; standard_type=EC50; source_kind=primary_article; legacy pEC50=6.97 (generic negative-log potency)
ACT_12628088,MG00026,MG00026,2,2,rounding_or_pEC50_conversion_duplicate,log_mean_pEC50,7.0935,80.63,CM00046,PARENT0213,PMID_23177787,ASSY_CHEMBL2320373,calcium,PAM_functional_calcium,CHO-K1,acetylcholine,,EC50,=,80.0,7.0969,Homo sapiens,yes,yes,yes,,,,,,,cat=PAM_functional_calcium; standard_type=EC50; source_kind=primary_article; legacy pEC50=7.1 (generic negative-log potency)
ACT_12628089,MG00342,MG00342,2,2,rounding_or_pEC50_conversion_duplicate,log_mean_pEC50,6.4884,324.79,CM00633,PARENT0214,PMID_23177787,ASSY_CHEMBL2320373,calcium,PAM_functional_calcium,CHO-K1,acetylcholine,,EC50,=,326.0,6.4868,Homo sapiens,yes,yes,yes,,,,,,,cat=PAM_functional_calcium; standard_type=EC50; source_kind=primary_article; legacy pEC50=6.49 (generic negative-log potency)
ACT_12628090,MG00089,MG00089,2,2,rounding_or_pEC50_conversion_duplicate,log_mean_pEC50,6.0908,811.33,CM00155,PARENT0215,PMID_23177787,ASSY_CHEMBL2320373,calcium,PAM_functional_calcium,CHO-K1,acetylcholine,,EC50,=,810.0,6.0915,Homo sapiens,yes,yes,yes,,,,,,,cat=PAM_functional_calcium; standard_type=EC50; source_kind=primary_article; legacy pEC50=6.09 (generic negative-log potency)
ACT_12628091,MG00340,MG00340,2,2,rounding_or_pEC50_conversion_duplicate,log_mean_pEC50,6.5685,270.08,CM00630,PARENT0216,PMID_23177787,ASSY_CHEMBL2320373,calcium,PAM_functional_calcium,CHO-K1,acetylcholine,,EC50,=,271.0,6.567,Homo sapiens,yes,yes,yes,,,,,,,cat=PAM_functional_calcium; standard_type=EC50; source_kind=primary_article; legacy pEC50=6.57 (generic negative-log potency)
ACT_12628092,MG00381,MG00381,2,2,rounding_or_pEC50_conversion_duplicate,log_mean_pEC50,6.5308,294.58,CM00701,PARENT0217,PMID_23177787,ASSY_CHEMBL2320373,calcium,PAM_functional_calcium,CHO-K1,acetylcholine,,EC50,=,294.0,6.5317,Homo sapiens,yes,yes,yes,,,,,,,cat=PAM_functional_calcium; standard_type=EC50; source_kind=primary_article; legacy pEC50=6.53 (generic negative-log potency)
ACT_12628093,MG00151,MG00151,2,2,rounding_or_pEC50_conversion_duplicate,log_mean_pEC50,6.0718,847.62,CM00279,PARENT0218,PMID_23177787,ASSY_CHEMBL2320373,calcium,PAM_functional_calcium,CHO-K1,acetylcholine,,EC50,=,844.0,6.0737,Homo sapiens,yes,yes,yes,,,,,,,cat=PAM_functional_calcium; standard_type=EC50; source_kind=primary_article; legacy pEC50=6.07 (generic negative-log potency)
ACT_12628095,MG00124,MG00124,2,2,rounding_or_pEC50_conversion_duplicate,log_mean_pEC50,6.8914,128.41,CM00226,PARENT0219,PMID_23177787,ASSY_CHEMBL2320373,calcium,PAM_functional_calcium,CHO-K1,acetylcholine,,EC50,=,128.0,6.8928,Homo sapiens,yes,yes,yes,,,,,,,cat=PAM_functional_calcium; standard_type=EC50; source_kind=primary_article; legacy pEC50=6.89 (generic negative-log potency)
ACT_12628096,MG00430,MG00430,2,2,rounding_or_pEC50_conversion_duplicate,log_mean_pEC50,5.8616,1375.31,CM00800,PARENT0220,PMID_23177787,ASSY_CHEMBL2320373,calcium,PAM_functional_calcium,CHO-K1,acetylcholine,,EC50,=,1370.0,5.8633,Homo sapiens,yes,yes,yes,,,,,,,cat=PAM_functional_calcium; standard_type=EC50; source_kind=primary_article; legacy pEC50=5.86 (generic negative-log potency)
ACT_12628097,MG00284,MG00284,2,2,rounding_or_pEC50_conversion_duplicate,log_mean_pEC50,6.4493,355.39,CM00519,PARENT0221,PMID_23177787,ASSY_CHEMBL2320373,calcium,PAM_functional_calcium,CHO-K1,acetylcholine,,EC50,=,356.0,6.4486,Homo sapiens,yes,yes,yes,,,,,,,cat=PAM_functional_calcium; standard_type=EC50; source_kind=primary_article; legacy pEC50=6.45 (generic negative-log potency)
ACT_12628098,MG00162,MG00162,2,2,rounding_or_pEC50_conversion_duplicate,log_mean_pEC50,6.1723,672.51,CM00307,PARENT0222,PMID_23177787,ASSY_CHEMBL2320373,calcium,PAM_functional_calcium,CHO-K1,acetylcholine,,EC50,=,669.0,6.1746,Homo sapiens,yes,yes,yes,,,,,,,cat=PAM_functional_calcium; standard_type=EC50; source_kind=primary_article; legacy pEC50=6.17 (generic negative-log potency)
ACT_12628099,MG00292,MG00292,2,2,rounding_or_pEC50_conversion_duplicate,log_mean_pEC50,6.681,208.45,CM00538,PARENT0223,PMID_23177787,ASSY_CHEMBL2320373,calcium,PAM_functional_calcium,CHO-K1,acetylcholine,,EC50,=,208.0,6.6819,Homo sapiens,yes,yes,yes,,,,,,,cat=PAM_functional_calcium; standard_type=EC50; source_kind=primary_article; legacy pEC50=6.68 (generic negative-log potency)
ACT_12628100,MG00185,MG00185,2,2,rounding_or_pEC50_conversion_duplicate,log_mean_pEC50,7.2123,61.33,CM00343,PARENT0224,PMID_23177787,ASSY_CHEMBL2320373,calcium,PAM_functional_calcium,CHO-K1,acetylcholine,,EC50,=,61.0,7.2147,Homo sapiens,yes,yes,yes,,,,,,,cat=PAM_functional_calcium; standard_type=EC50; source_kind=primary_article; legacy pEC50=7.21 (generic negative-log potency)
ACT_12628101,MG00220,MG00220,2,2,rounding_or_pEC50_conversion_duplicate,log_mean_pEC50,6.2209,601.31,CM00409,PARENT0225,PMID_23177787,ASSY_CHEMBL2320373,calcium,PAM_functional_calcium,CHO-K1,acetylcholine,,EC50,=,600.0,6.2218,Homo sapiens,yes,yes,yes,,,,,,,cat=PAM_functional_calcium; standard_type=EC50; source_kind=primary_article; legacy pEC50=6.22 (generic negative-log potency)
ACT_12628102,MG00428,MG00428,2,2,rounding_or_pEC50_conversion_duplicate,log_mean_pEC50,7.2509,56.12,CM00796,PARENT0194,PMID_23177787,ASSY_CHEMBL2320373,calcium,PAM_functional_calcium,CHO-K1,acetylcholine,,EC50,=,56.0,7.2518,Homo sapiens,yes,yes,yes,,,,,,,cat=PAM_functional_calcium; standard_type=EC50; source_kind=primary_article; legacy pEC50=7.25 (generic negative-log potency)
ACT_12628103,MG00391,MG00391,2,2,rounding_or_pEC50_conversion_duplicate,log_mean_pEC50,7.1118,77.3,CM00713,PARENT0195,PMID_23177787,ASSY_CHEMBL2320373,calcium,PAM_functional_calcium,CHO-K1,acetylcholine,,EC50,=,77.0,7.1135,Homo sapiens,yes,yes,yes,,,,,,,cat=PAM_functional_calcium; standard_type=EC50; source_kind=primary_article; legacy pEC50=7.11 (generic negative-log potency)
ACT_12628104,MG00463,MG00463,2,2,rounding_or_pEC50_conversion_duplicate,log_mean_pEC50,6.9083,123.51,CM00852,PARENT0226,PMID_23177787,ASSY_CHEMBL2320373,calcium,PAM_functional_calcium,CHO-K1,acetylcholine,,EC50,=,124.0,6.9066,Homo sapiens,yes,yes,yes,,,,,,,cat=PAM_functional_calcium; standard_type=EC50; source_kind=primary_article; legacy pEC50=6.91 (generic negative-log potency)
ACT_12628105,MG00084,MG00084,2,2,rounding_or_pEC50_conversion_duplicate,log_mean_pEC50,6.9703,107.08,CM00144,PARENT0227,PMID_23177787,ASSY_CHEMBL2320373,calcium,PAM_functional_calcium,CHO-K1,acetylcholine,,EC50,=,107.0,6.9706,Homo sapiens,yes,yes,yes,,,,,,,cat=PAM_functional_calcium; standard_type=EC50; source_kind=primary_article; legacy pEC50=6.97 (generic negative-log potency)
ACT_13488845,MG00252,MG00252,2,2,rounding_or_pEC50_conversion_duplicate,log_mean_pEC50,6.6199,239.94,CM00457,PARENT0251,PMID_24074052,ASSY_CHEMBL2439843,ERK,PAM_functional_ERK,,acetylcholine,,EC50,=,239.88,6.62,Homo sapiens,yes,yes,yes,,,,,,,cat=PAM_functional_ERK; standard_type=EC50; source_kind=primary_article; legacy pEC50=6.62 (generic negative-log potency)
ACT_13488846,MG00172,MG00172,2,2,rounding_or_pEC50_conversion_duplicate,log_mean_pEC50,6.458,348.34,CM00326,PARENT0252,PMID_24074052,ASSY_CHEMBL2439843,ERK,PAM_functional_ERK,,acetylcholine,,EC50,=,346.74,6.46,Homo sapiens,yes,yes,yes,,,,,,,cat=PAM_functional_ERK; standard_type=EC50; source_kind=primary_article; legacy pEC50=6.46 (generic negative-log potency)
ACT_13488847,MG00090,MG00090,2,2,rounding_or_pEC50_conversion_duplicate,log_mean_pEC50,7.0,100.0,CM00156,PARENT0253,PMID_24074052,ASSY_CHEMBL2439843,ERK,PAM_functional_ERK,,acetylcholine,,EC50,=,100.0,7.0,Homo sapiens,yes,yes,yes,,,,,,,cat=PAM_functional_ERK; standard_type=EC50; source_kind=primary_article; legacy pEC50=7 (generic negative-log potency)
ACT_13488848,MG00324,MG00324,2,2,rounding_or_pEC50_conversion_duplicate,log_mean_pEC50,6.8519,140.64,CM00597,PARENT0254,PMID_24074052,ASSY_CHEMBL2439843,ERK,PAM_functional_ERK,,acetylcholine,,EC50,=,141.25,6.85,Homo sapiens,yes,yes,yes,,,,,,,cat=PAM_functional_ERK; standard_type=EC50; source_kind=primary_article; legacy pEC50=6.85 (generic negative-log potency)
ACT_13488849,MG00203,MG00203,2,2,rounding_or_pEC50_conversion_duplicate,log_mean_pEC50,6.2383,577.7,CM00378,PARENT0255,PMID_24074052,ASSY_CHEMBL2439843,ERK,PAM_functional_ERK,,acetylcholine,,EC50,=,575.44,6.24,Homo sapiens,yes,yes,yes,,,,,,,cat=PAM_functional_ERK; standard_type=EC50; source_kind=primary_article; legacy pEC50=6.24 (generic negative-log potency)
ACT_13488850,MG00073,MG00073,2,2,rounding_or_pEC50_conversion_duplicate,log_mean_pEC50,6.883,130.92,CM00126,PARENT0256,PMID_24074052,ASSY_CHEMBL2439843,ERK,PAM_functional_ERK,,acetylcholine,,EC50,=,131.83,6.88,Homo sapiens,yes,yes,yes,,,,,,,cat=PAM_functional_ERK; standard_type=EC50; source_kind=primary_article; legacy pEC50=6.88 (generic negative-log potency)
ACT_13488851,MG00119,MG00119,2,2,rounding_or_pEC50_conversion_duplicate,log_mean_pEC50,6.9693,107.32,CM00213,PARENT0257,PMID_24074052,ASSY_CHEMBL2439843,ERK,PAM_functional_ERK,,acetylcholine,,EC50,=,104.71,6.98,Homo sapiens,yes,yes,yes,,,,,,,cat=PAM_functional_ERK; standard_type=EC50; source_kind=primary_article; legacy pEC50=6.98 (generic negative-log potency)
ACT_13488852,MG00457,MG00457,2,2,rounding_or_pEC50_conversion_duplicate,log_mean_pEC50,6.6588,219.38,CM00843,PARENT0258,PMID_24074052,ASSY_CHEMBL2439843,ERK,PAM_functional_ERK,,acetylcholine,,EC50,=,218.78,6.66,Homo sapiens,yes,yes,yes,,,,,,,cat=PAM_functional_ERK; standard_type=EC50; source_kind=primary_article; legacy pEC50=6.66 (generic negative-log potency)
ACT_13488853,MG00093,MG00093,2,2,rounding_or_pEC50_conversion_duplicate,log_mean_pEC50,6.5093,309.53,CM00164,PARENT0259,PMID_24074052,ASSY_CHEMBL2439843,ERK,PAM_functional_ERK,,acetylcholine,,EC50,=,309.03,6.51,Homo sapiens,yes,yes,yes,,,,,,,cat=PAM_functional_ERK; standard_type=EC50; source_kind=primary_article; legacy pEC50=6.51 (generic negative-log potency)
ACT_13488854,MG00047,MG00047,2,2,rounding_or_pEC50_conversion_duplicate,log_mean_pEC50,6.893,127.94,CM00082,PARENT0260,PMID_24074052,ASSY_CHEMBL2439843,ERK,PAM_functional_ERK,,acetylcholine,,EC50,=,125.89,6.9,Homo sapiens,yes,yes,yes,,,,,,,cat=PAM_functional_ERK; standard_type=EC50; source_kind=primary_article; legacy pEC50=6.9 (generic negative-log potency)
ACT_13488855,MG00180,MG00180,2,2,rounding_or_pEC50_conversion_duplicate,log_mean_pEC50,6.2509,561.18,CM00334,PARENT0261,PMID_24074052,ASSY_CHEMBL2439843,ERK,PAM_functional_ERK,,acetylcholine,,EC50,=,562.34,6.25,Homo sapiens,yes,yes,yes,,,,,,,cat=PAM_functional_ERK; standard_type=EC50; source_kind=primary_article; legacy pEC50=6.25 (generic negative-log potency)
ACT_13488856,MG00225,MG00225,2,2,rounding_or_pEC50_conversion_duplicate,log_mean_pEC50,6.888,129.42,CM00414,PARENT0262,PMID_24074052,ASSY_CHEMBL2439843,ERK,PAM_functional_ERK,,acetylcholine,,EC50,=,128.82,6.89,Homo sapiens,yes,yes,yes,,,,,,,cat=PAM_functional_ERK; standard_type=EC50; source_kind=primary_article; legacy pEC50=6.89 (generic negative-log potency)
ACT_13488858,MG00252,MG00252,2,2,rounding_or_pEC50_conversion_duplicate,log_mean_pEC50,6.6199,239.94,CM00457,PARENT0251,PMID_24074052,ASSY_CHEMBL2439843,ERK,PAM_functional_ERK,,acetylcholine,,EC50,=,240.0,6.6198,Homo sapiens,yes,yes,yes,,,,,,,cat=PAM_functional_ERK; standard_type=EC50; source_kind=primary_article; legacy pEC50=6.62 (generic negative-log potency)
ACT_13488859,MG00172,MG00172,2,2,rounding_or_pEC50_conversion_duplicate,log_mean_pEC50,6.458,348.34,CM00326,PARENT0252,PMID_24074052,ASSY_CHEMBL2439843,ERK,PAM_functional_ERK,,acetylcholine,,EC50,=,350.0,6.4559,Homo sapiens,yes,yes,yes,,,,,,,cat=PAM_functional_ERK; standard_type=EC50; source_kind=primary_article; legacy pEC50=6.46 (generic negative-log potency)
ACT_13488860,MG00090,MG00090,2,2,rounding_or_pEC50_conversion_duplicate,log_mean_pEC50,7.0,100.0,CM00156,PARENT0253,PMID_24074052,ASSY_CHEMBL2439843,ERK,PAM_functional_ERK,,acetylcholine,,EC50,=,100.0,7.0,Homo sapiens,yes,yes,yes,,,,,,,cat=PAM_functional_ERK; standard_type=EC50; source_kind=primary_article; legacy pEC50=7 (generic negative-log potency)
ACT_13488861,MG00324,MG00324,2,2,rounding_or_pEC50_conversion_duplicate,log_mean_pEC50,6.8519,140.64,CM00597,PARENT0254,PMID_24074052,ASSY_CHEMBL2439843,ERK,PAM_functional_ERK,,acetylcholine,,EC50,=,140.0,6.8539,Homo sapiens,yes,yes,yes,,,,,,,cat=PAM_functional_ERK; standard_type=EC50; source_kind=primary_article; legacy pEC50=6.85 (generic negative-log potency)
ACT_13488862,MG00203,MG00203,2,2,rounding_or_pEC50_conversion_duplicate,log_mean_pEC50,6.2383,577.7,CM00378,PARENT0255,PMID_24074052,ASSY_CHEMBL2439843,ERK,PAM_functional_ERK,,acetylcholine,,EC50,=,580.0,6.2366,Homo sapiens,yes,yes,yes,,,,,,,cat=PAM_functional_ERK; standard_type=EC50; source_kind=primary_article; legacy pEC50=6.24 (generic negative-log potency)
ACT_13488863,MG00073,MG00073,2,2,rounding_or_pEC50_conversion_duplicate,log_mean_pEC50,6.883,130.92,CM00126,PARENT0256,PMID_24074052,ASSY_CHEMBL2439843,ERK,PAM_functional_ERK,,acetylcholine,,EC50,=,130.0,6.8861,Homo sapiens,yes,yes,yes,,,,,,,cat=PAM_functional_ERK; standard_type=EC50; source_kind=primary_article; legacy pEC50=6.89 (generic negative-log potency)
ACT_13488864,MG00119,MG00119,2,2,rounding_or_pEC50_conversion_duplicate,log_mean_pEC50,6.9693,107.32,CM00213,PARENT0257,PMID_24074052,ASSY_CHEMBL2439843,ERK,PAM_functional_ERK,,acetylcholine,,EC50,=,110.0,6.9586,Homo sapiens,yes,yes,yes,,,,,,,cat=PAM_functional_ERK; standard_type=EC50; source_kind=primary_article; legacy pEC50=6.96 (generic negative-log potency)
ACT_13488865,MG00457,MG00457,2,2,rounding_or_pEC50_conversion_duplicate,log_mean_pEC50,6.6588,219.38,CM00843,PARENT0258,PMID_24074052,ASSY_CHEMBL2439843,ERK,PAM_functional_ERK,,acetylcholine,,EC50,=,220.0,6.6576,Homo sapiens,yes,yes,yes,,,,,,,cat=PAM_functional_ERK; standard_type=EC50; source_kind=primary_article; legacy pEC50=6.66 (generic negative-log potency)
ACT_13488866,MG00093,MG00093,2,2,rounding_or_pEC50_conversion_duplicate,log_mean_pEC50,6.5093,309.53,CM00164,PARENT0259,PMID_24074052,ASSY_CHEMBL2439843,ERK,PAM_functional_ERK,,acetylcholine,,EC50,=,310.0,6.5086,Homo sapiens,yes,yes,yes,,,,,,,cat=PAM_functional_ERK; standard_type=EC50; source_kind=primary_article; legacy pEC50=6.51 (generic negative-log potency)
ACT_13488867,MG00047,MG00047,2,2,rounding_or_pEC50_conversion_duplicate,log_mean_pEC50,6.893,127.94,CM00082,PARENT0260,PMID_24074052,ASSY_CHEMBL2439843,ERK,PAM_functional_ERK,,acetylcholine,,EC50,=,130.0,6.8861,Homo sapiens,yes,yes,yes,,,,,,,cat=PAM_functional_ERK; standard_type=EC50; source_kind=primary_article; legacy pEC50=6.89 (generic negative-log potency)
ACT_13488872,MG00180,MG00180,2,2,rounding_or_pEC50_conversion_duplicate,log_mean_pEC50,6.2509,561.18,CM00334,PARENT0261,PMID_24074052,ASSY_CHEMBL2439843,ERK,PAM_functional_ERK,,acetylcholine,,EC50,=,560.0,6.2518,Homo sapiens,yes,yes,yes,,,,,,,cat=PAM_functional_ERK; standard_type=EC50; source_kind=primary_article; legacy pEC50=6.25 (generic negative-log potency)
ACT_13488873,MG00225,MG00225,2,2,rounding_or_pEC50_conversion_duplicate,log_mean_pEC50,6.888,129.42,CM00414,PARENT0262,PMID_24074052,ASSY_CHEMBL2439843,ERK,PAM_functional_ERK,,acetylcholine,,EC50,=,130.0,6.8861,Homo sapiens,yes,yes,yes,,,,,,,cat=PAM_functional_ERK; standard_type=EC50; source_kind=primary_article; legacy pEC50=6.89 (generic negative-log potency)
ACT_16608310,MG00053,MG00053,2,2,rounding_or_pEC50_conversion_duplicate,log_mean_pEC50,5.6341,2322.2,CM00096,PARENT0283,PMID_27185330,ASSY_CHEMBL3810554,calcium,PAM_functional_calcium,CHO,,,EC50,=,2300.0,5.6383,Homo sapiens,yes,yes,yes,,,,,,,cat=PAM_functional_calcium; standard_type=EC50; source_kind=primary_article; legacy pEC50=5.64 (generic negative-log potency)
ACT_16608311,MG00377,MG00377,2,2,rounding_or_pEC50_conversion_duplicate,log_mean_pEC50,6.4095,389.49,CM00691,PARENT0284,PMID_27185330,ASSY_CHEMBL3810554,calcium,PAM_functional_calcium,CHO,,,EC50,=,390.0,6.4089,Homo sapiens,yes,yes,yes,,,,,,,cat=PAM_functional_calcium; standard_type=EC50; source_kind=primary_article; legacy pEC50=6.41 (generic negative-log potency)
ACT_16608312,MG00233,MG00233,2,2,rounding_or_pEC50_conversion_duplicate,log_mean_pEC50,6.2421,572.66,CM00425,PARENT0285,PMID_27185330,ASSY_CHEMBL3810554,calcium,PAM_functional_calcium,CHO,,,EC50,=,570.0,6.2441,Homo sapiens,yes,yes,yes,,,,,,,cat=PAM_functional_calcium; standard_type=EC50; source_kind=primary_article; legacy pEC50=6.24 (generic negative-log potency)
ACT_16608313,MG00009,MG00009,2,2,rounding_or_pEC50_conversion_duplicate,log_mean_pEC50,6.0703,850.55,CM00018,PARENT0286,PMID_27185330,ASSY_CHEMBL3810554,calcium,PAM_functional_calcium,CHO,,,EC50,=,850.0,6.0706,Homo sapiens,yes,yes,yes,,,,,,,cat=PAM_functional_calcium; standard_type=EC50; source_kind=primary_article; legacy pEC50=6.07 (generic negative-log potency)
ACT_16608314,MG00307,MG00307,2,2,rounding_or_pEC50_conversion_duplicate,log_mean_pEC50,5.2088,6183.01,CM00566,PARENT0287,PMID_27185330,ASSY_CHEMBL3810554,calcium,PAM_functional_calcium,CHO,,,EC50,=,6200.0,5.2076,Homo sapiens,yes,yes,yes,,,,,,,cat=PAM_functional_calcium; standard_type=EC50; source_kind=primary_article; legacy pEC50=5.21 (generic negative-log potency)
ACT_16608315,MG00165,MG00165,2,2,rounding_or_pEC50_conversion_duplicate,log_mean_pEC50,5.7979,1592.58,CM00315,PARENT0288,PMID_27185330,ASSY_CHEMBL3810554,calcium,PAM_functional_calcium,CHO,,,EC50,=,1600.0,5.7959,Homo sapiens,yes,yes,yes,,,,,,,cat=PAM_functional_calcium; standard_type=EC50; source_kind=primary_article; legacy pEC50=5.8 (generic negative-log potency)
ACT_16608316,MG00028,MG00028,2,2,rounding_or_pEC50_conversion_duplicate,log_mean_pEC50,5.4201,3801.02,CM00048,PARENT0289,PMID_27185330,ASSY_CHEMBL3810554,calcium,PAM_functional_calcium,CHO,,,EC50,=,3800.0,5.4202,Homo sapiens,yes,yes,yes,,,,,,,cat=PAM_functional_calcium; standard_type=EC50; source_kind=primary_article; legacy pEC50=5.42 (generic negative-log potency)
ACT_16608317,MG00110,MG00110,2,2,rounding_or_pEC50_conversion_duplicate,log_mean_pEC50,5.9493,1123.83,CM00201,PARENT0290,PMID_27185330,ASSY_CHEMBL3810554,calcium,PAM_functional_calcium,CHO,,,EC50,=,1100.0,5.9586,Homo sapiens,yes,yes,yes,,,,,,,cat=PAM_functional_calcium; standard_type=EC50; source_kind=primary_article; legacy pEC50=5.96 (generic negative-log potency)
ACT_16608318,MG00337,MG00337,2,2,rounding_or_pEC50_conversion_duplicate,log_mean_pEC50,6.0116,973.64,CM00625,PARENT0291,PMID_27185330,ASSY_CHEMBL3810554,calcium,PAM_functional_calcium,CHO,,,EC50,=,970.0,6.0132,Homo sapiens,yes,yes,yes,,,,,,,cat=PAM_functional_calcium; standard_type=EC50; source_kind=primary_article; legacy pEC50=6.01 (generic negative-log potency)
ACT_16608319,MG00083,MG00083,2,2,rounding_or_pEC50_conversion_duplicate,log_mean_pEC50,5.7256,1881.05,CM00142,PARENT0292,PMID_27185330,ASSY_CHEMBL3810554,calcium,PAM_functional_calcium,CHO,,,EC50,=,1900.0,5.7212,Homo sapiens,yes,yes,yes,,,,,,,cat=PAM_functional_calcium; standard_type=EC50; source_kind=primary_article; legacy pEC50=5.72 (generic negative-log potency)
ACT_16608320,MG00285,MG00285,2,2,rounding_or_pEC50_conversion_duplicate,log_mean_pEC50,5.7698,1699.03,CM00522,PARENT0293,PMID_27185330,ASSY_CHEMBL3810554,calcium,PAM_functional_calcium,CHO,,,EC50,=,1700.0,5.7696,Homo sapiens,yes,yes,yes,,,,,,,cat=PAM_functional_calcium; standard_type=EC50; source_kind=primary_article; legacy pEC50=5.77 (generic negative-log potency)
ACT_16608321,MG00253,MG00253,2,2,rounding_or_pEC50_conversion_duplicate,log_mean_pEC50,6.0881,816.39,CM00459,PARENT0294,PMID_27185330,ASSY_CHEMBL3810554,calcium,PAM_functional_calcium,CHO,,,EC50,=,820.0,6.0862,Homo sapiens,yes,yes,yes,,,,,,,cat=PAM_functional_calcium; standard_type=EC50; source_kind=primary_article; legacy pEC50=6.09 (generic negative-log potency)
ACT_16608322,MG00241,MG00241,2,2,rounding_or_pEC50_conversion_duplicate,log_mean_pEC50,6.0189,957.41,CM00437,PARENT0295,PMID_27185330,ASSY_CHEMBL3810554,calcium,PAM_functional_calcium,CHO,,,EC50,=,960.0,6.0177,Homo sapiens,yes,yes,yes,,,,,,,cat=PAM_functional_calcium; standard_type=EC50; source_kind=primary_article; legacy pEC50=6.02 (generic negative-log potency)
ACT_16608323,MG00270,MG00270,2,2,rounding_or_pEC50_conversion_duplicate,log_mean_pEC50,5.3583,4382.28,CM00488,PARENT0296,PMID_27185330,ASSY_CHEMBL3810554,calcium,PAM_functional_calcium,CHO,,,EC50,=,4400.0,5.3565,Homo sapiens,yes,yes,yes,,,,,,,cat=PAM_functional_calcium; standard_type=EC50; source_kind=primary_article; legacy pEC50=5.36 (generic negative-log potency)
ACT_16608324,MG00176,MG00176,2,2,rounding_or_pEC50_conversion_duplicate,log_mean_pEC50,6.2209,601.31,CM00330,PARENT0297,PMID_27185330,ASSY_CHEMBL3810554,calcium,PAM_functional_calcium,CHO,,,EC50,=,600.0,6.2218,Homo sapiens,yes,yes,yes,,,,,,,cat=PAM_functional_calcium; standard_type=EC50; source_kind=primary_article; legacy pEC50=6.22 (generic negative-log potency)
ACT_16608325,MG00371,MG00371,2,2,rounding_or_pEC50_conversion_duplicate,log_mean_pEC50,5.7524,1768.48,CM00682,PARENT0298,PMID_27185330,ASSY_CHEMBL3810554,calcium,PAM_functional_calcium,CHO,,,EC50,=,1800.0,5.7447,Homo sapiens,yes,yes,yes,,,,,,,cat=PAM_functional_calcium; standard_type=EC50; source_kind=primary_article; legacy pEC50=5.75 (generic negative-log potency)
ACT_16608326,MG00161,MG00161,2,2,rounding_or_pEC50_conversion_duplicate,log_mean_pEC50,5.3683,4282.53,CM00302,PARENT0299,PMID_27185330,ASSY_CHEMBL3810554,calcium,PAM_functional_calcium,CHO,,,EC50,=,4300.0,5.3665,Homo sapiens,yes,yes,yes,,,,,,,cat=PAM_functional_calcium; standard_type=EC50; source_kind=primary_article; legacy pEC50=5.37 (generic negative-log potency)
ACT_16608327,MG00318,MG00318,2,2,rounding_or_pEC50_conversion_duplicate,log_mean_pEC50,5.6391,2295.62,CM00591,PARENT0300,PMID_27185330,ASSY_CHEMBL3810554,calcium,PAM_functional_calcium,CHO,,,EC50,=,2300.0,5.6383,Homo sapiens,yes,yes,yes,,,,,,,cat=PAM_functional_calcium; standard_type=EC50; source_kind=primary_article; legacy pEC50=5.64 (generic negative-log potency)
ACT_16608328,MG00105,MG00105,2,2,rounding_or_pEC50_conversion_duplicate,log_mean_pEC50,5.9254,1187.41,CM00190,PARENT0301,PMID_27185330,ASSY_CHEMBL3810554,calcium,PAM_functional_calcium,CHO,,,EC50,=,1200.0,5.9208,Homo sapiens,yes,yes,yes,,,,,,,cat=PAM_functional_calcium; standard_type=EC50; source_kind=primary_article; legacy pEC50=5.92 (generic negative-log potency)
ACT_16608329,MG00343,MG00343,2,2,rounding_or_pEC50_conversion_duplicate,log_mean_pEC50,6.2309,587.62,CM00637,PARENT0302,PMID_27185330,ASSY_CHEMBL3810554,calcium,PAM_functional_calcium,CHO,,,EC50,=,600.0,6.2218,Homo sapiens,yes,yes,yes,,,,,,,cat=PAM_functional_calcium; standard_type=EC50; source_kind=primary_article; legacy pEC50=6.22 (generic negative-log potency)
ACT_16608406,MG00146,MG00146,2,2,rounding_or_pEC50_conversion_duplicate,log_mean_pEC50,6.1606,690.88,CM00273,PARENT0304,PMID_27185330,ASSY_CHEMBL3810554,calcium,PAM_functional_calcium,CHO,,,EC50,=,690.0,6.1612,Homo sapiens,yes,yes,yes,,,,,,,cat=PAM_functional_calcium; standard_type=EC50; source_kind=primary_article; legacy pEC50=6.16 (generic negative-log potency)
ACT_16608407,MG00348,MG00348,2,2,rounding_or_pEC50_conversion_duplicate,log_mean_pEC50,5.9693,1073.25,CM00643,PARENT0305,PMID_27185330,ASSY_CHEMBL3810554,calcium,PAM_functional_calcium,CHO,,,EC50,=,1100.0,5.9586,Homo sapiens,yes,yes,yes,,,,,,,cat=PAM_functional_calcium; standard_type=EC50; source_kind=primary_article; legacy pEC50=5.96 (generic negative-log potency)
ACT_16608408,MG00039a,MG00039,1,1,distinct_measurements_split,single,6.3872,410.0,CM00071,PARENT0306,PMID_27185330,ASSY_CHEMBL3810554,calcium,PAM_functional_calcium,CHO,,,EC50,=,410.0,6.3872,Homo sapiens,yes,yes,yes,,,,fc1_divergent_duplicate_reconciliation.csv:MG00039,B_distinct_measurements_should_split,split_into_two_measurements,"cat=PAM_functional_calcium; standard_type=EC50; source_kind=primary_article; legacy pEC50=6.39 (generic negative-log potency) | MG00039a: HTS-hit characterization, compound 5 / VU0473619, EC50 = 410.0 nM (distinct measurement; not averaged with MG00039b)"
ACT_16608410,MG00053,MG00053,2,2,rounding_or_pEC50_conversion_duplicate,log_mean_pEC50,5.6341,2322.2,CM00096,PARENT0283,PMID_27185330,ASSY_CHEMBL3810554,calcium,PAM_functional_calcium,CHO,,,EC50,=,2344.23,5.63,Homo sapiens,yes,yes,yes,,,,,,,cat=PAM_functional_calcium; standard_type=EC50; source_kind=primary_article; legacy pEC50=5.63 (generic negative-log potency)
ACT_16608411,MG00377,MG00377,2,2,rounding_or_pEC50_conversion_duplicate,log_mean_pEC50,6.4095,389.49,CM00691,PARENT0284,PMID_27185330,ASSY_CHEMBL3810554,calcium,PAM_functional_calcium,CHO,,,EC50,=,389.05,6.41,Homo sapiens,yes,yes,yes,,,,,,,cat=PAM_functional_calcium; standard_type=EC50; source_kind=primary_article; legacy pEC50=6.41 (generic negative-log potency)
ACT_16608412,MG00233,MG00233,2,2,rounding_or_pEC50_conversion_duplicate,log_mean_pEC50,6.2421,572.66,CM00425,PARENT0285,PMID_27185330,ASSY_CHEMBL3810554,calcium,PAM_functional_calcium,CHO,,,EC50,=,575.44,6.24,Homo sapiens,yes,yes,yes,,,,,,,cat=PAM_functional_calcium; standard_type=EC50; source_kind=primary_article; legacy pEC50=6.24 (generic negative-log potency)
ACT_16608413,MG00009,MG00009,2,2,rounding_or_pEC50_conversion_duplicate,log_mean_pEC50,6.0703,850.55,CM00018,PARENT0286,PMID_27185330,ASSY_CHEMBL3810554,calcium,PAM_functional_calcium,CHO,,,EC50,=,851.14,6.07,Homo sapiens,yes,yes,yes,,,,,,,cat=PAM_functional_calcium; standard_type=EC50; source_kind=primary_article; legacy pEC50=6.07 (generic negative-log potency)
ACT_16608414,MG00307,MG00307,2,2,rounding_or_pEC50_conversion_duplicate,log_mean_pEC50,5.2088,6183.01,CM00566,PARENT0287,PMID_27185330,ASSY_CHEMBL3810554,calcium,PAM_functional_calcium,CHO,,,EC50,=,6165.95,5.21,Homo sapiens,yes,yes,yes,,,,,,,cat=PAM_functional_calcium; standard_type=EC50; source_kind=primary_article; legacy pEC50=5.21 (generic negative-log potency)
ACT_16608415,MG00165,MG00165,2,2,rounding_or_pEC50_conversion_duplicate,log_mean_pEC50,5.7979,1592.58,CM00315,PARENT0288,PMID_27185330,ASSY_CHEMBL3810554,calcium,PAM_functional_calcium,CHO,,,EC50,=,1584.89,5.8,Homo sapiens,yes,yes,yes,,,,,,,cat=PAM_functional_calcium; standard_type=EC50; source_kind=primary_article; legacy pEC50=5.8 (generic negative-log potency)
ACT_16608416,MG00028,MG00028,2,2,rounding_or_pEC50_conversion_duplicate,log_mean_pEC50,5.4201,3801.02,CM00048,PARENT0289,PMID_27185330,ASSY_CHEMBL3810554,calcium,PAM_functional_calcium,CHO,,,EC50,=,3801.89,5.42,Homo sapiens,yes,yes,yes,,,,,,,cat=PAM_functional_calcium; standard_type=EC50; source_kind=primary_article; legacy pEC50=5.42 (generic negative-log potency)
ACT_16608417,MG00110,MG00110,2,2,rounding_or_pEC50_conversion_duplicate,log_mean_pEC50,5.9493,1123.83,CM00201,PARENT0290,PMID_27185330,ASSY_CHEMBL3810554,calcium,PAM_functional_calcium,CHO,,,EC50,=,1148.15,5.94,Homo sapiens,yes,yes,yes,,,,,,,cat=PAM_functional_calcium; standard_type=EC50; source_kind=primary_article; legacy pEC50=5.94 (generic negative-log potency)
ACT_16608418,MG00337,MG00337,2,2,rounding_or_pEC50_conversion_duplicate,log_mean_pEC50,6.0116,973.64,CM00625,PARENT0291,PMID_27185330,ASSY_CHEMBL3810554,calcium,PAM_functional_calcium,CHO,,,EC50,=,977.24,6.01,Homo sapiens,yes,yes,yes,,,,,,,cat=PAM_functional_calcium; standard_type=EC50; source_kind=primary_article; legacy pEC50=6.01 (generic negative-log potency)
ACT_16608419,MG00083,MG00083,2,2,rounding_or_pEC50_conversion_duplicate,log_mean_pEC50,5.7256,1881.05,CM00142,PARENT0292,PMID_27185330,ASSY_CHEMBL3810554,calcium,PAM_functional_calcium,CHO,,,EC50,=,1862.09,5.73,Homo sapiens,yes,yes,yes,,,,,,,cat=PAM_functional_calcium; standard_type=EC50; source_kind=primary_article; legacy pEC50=5.73 (generic negative-log potency)
ACT_16608420,MG00285,MG00285,2,2,rounding_or_pEC50_conversion_duplicate,log_mean_pEC50,5.7698,1699.03,CM00522,PARENT0293,PMID_27185330,ASSY_CHEMBL3810554,calcium,PAM_functional_calcium,CHO,,,EC50,=,1698.24,5.77,Homo sapiens,yes,yes,yes,,,,,,,cat=PAM_functional_calcium; standard_type=EC50; source_kind=primary_article; legacy pEC50=5.77 (generic negative-log potency)
ACT_16608421,MG00253,MG00253,2,2,rounding_or_pEC50_conversion_duplicate,log_mean_pEC50,6.0881,816.39,CM00459,PARENT0294,PMID_27185330,ASSY_CHEMBL3810554,calcium,PAM_functional_calcium,CHO,,,EC50,=,812.83,6.09,Homo sapiens,yes,yes,yes,,,,,,,cat=PAM_functional_calcium; standard_type=EC50; source_kind=primary_article; legacy pEC50=6.09 (generic negative-log potency)
ACT_16608422,MG00241,MG00241,2,2,rounding_or_pEC50_conversion_duplicate,log_mean_pEC50,6.0189,957.41,CM00437,PARENT0295,PMID_27185330,ASSY_CHEMBL3810554,calcium,PAM_functional_calcium,CHO,,,EC50,=,954.99,6.02,Homo sapiens,yes,yes,yes,,,,,,,cat=PAM_functional_calcium; standard_type=EC50; source_kind=primary_article; legacy pEC50=6.02 (generic negative-log potency)
ACT_16608423,MG00270,MG00270,2,2,rounding_or_pEC50_conversion_duplicate,log_mean_pEC50,5.3583,4382.28,CM00488,PARENT0296,PMID_27185330,ASSY_CHEMBL3810554,calcium,PAM_functional_calcium,CHO,,,EC50,=,4365.16,5.36,Homo sapiens,yes,yes,yes,,,,,,,cat=PAM_functional_calcium; standard_type=EC50; source_kind=primary_article; legacy pEC50=5.36 (generic negative-log potency)
ACT_16608424,MG00176,MG00176,2,2,rounding_or_pEC50_conversion_duplicate,log_mean_pEC50,6.2209,601.31,CM00330,PARENT0297,PMID_27185330,ASSY_CHEMBL3810554,calcium,PAM_functional_calcium,CHO,,,EC50,=,602.56,6.22,Homo sapiens,yes,yes,yes,,,,,,,cat=PAM_functional_calcium; standard_type=EC50; source_kind=primary_article; legacy pEC50=6.22 (generic negative-log potency)
ACT_16608425,MG00371,MG00371,2,2,rounding_or_pEC50_conversion_duplicate,log_mean_pEC50,5.7524,1768.48,CM00682,PARENT0298,PMID_27185330,ASSY_CHEMBL3810554,calcium,PAM_functional_calcium,CHO,,,EC50,=,1737.8,5.76,Homo sapiens,yes,yes,yes,,,,,,,cat=PAM_functional_calcium; standard_type=EC50; source_kind=primary_article; legacy pEC50=5.76 (generic negative-log potency)
ACT_16608426,MG00161,MG00161,2,2,rounding_or_pEC50_conversion_duplicate,log_mean_pEC50,5.3683,4282.53,CM00302,PARENT0299,PMID_27185330,ASSY_CHEMBL3810554,calcium,PAM_functional_calcium,CHO,,,EC50,=,4265.8,5.37,Homo sapiens,yes,yes,yes,,,,,,,cat=PAM_functional_calcium; standard_type=EC50; source_kind=primary_article; legacy pEC50=5.37 (generic negative-log potency)
ACT_16608427,MG00318,MG00318,2,2,rounding_or_pEC50_conversion_duplicate,log_mean_pEC50,5.6391,2295.62,CM00591,PARENT0300,PMID_27185330,ASSY_CHEMBL3810554,calcium,PAM_functional_calcium,CHO,,,EC50,=,2290.87,5.64,Homo sapiens,yes,yes,yes,,,,,,,cat=PAM_functional_calcium; standard_type=EC50; source_kind=primary_article; legacy pEC50=5.64 (generic negative-log potency)
ACT_16608428,MG00105,MG00105,2,2,rounding_or_pEC50_conversion_duplicate,log_mean_pEC50,5.9254,1187.41,CM00190,PARENT0301,PMID_27185330,ASSY_CHEMBL3810554,calcium,PAM_functional_calcium,CHO,,,EC50,=,1174.9,5.93,Homo sapiens,yes,yes,yes,,,,,,,cat=PAM_functional_calcium; standard_type=EC50; source_kind=primary_article; legacy pEC50=5.93 (generic negative-log potency)
ACT_16608429,MG00343,MG00343,2,2,rounding_or_pEC50_conversion_duplicate,log_mean_pEC50,6.2309,587.62,CM00637,PARENT0302,PMID_27185330,ASSY_CHEMBL3810554,calcium,PAM_functional_calcium,CHO,,,EC50,=,575.44,6.24,Homo sapiens,yes,yes,yes,,,,,,,cat=PAM_functional_calcium; standard_type=EC50; source_kind=primary_article; legacy pEC50=6.24 (generic negative-log potency)
ACT_16608430,MG00146,MG00146,2,2,rounding_or_pEC50_conversion_duplicate,log_mean_pEC50,6.1606,690.88,CM00273,PARENT0304,PMID_27185330,ASSY_CHEMBL3810554,calcium,PAM_functional_calcium,CHO,,,EC50,=,691.83,6.16,Homo sapiens,yes,yes,yes,,,,,,,cat=PAM_functional_calcium; standard_type=EC50; source_kind=primary_article; legacy pEC50=6.16 (generic negative-log potency)
ACT_16608431,MG00348,MG00348,2,2,rounding_or_pEC50_conversion_duplicate,log_mean_pEC50,5.9693,1073.25,CM00643,PARENT0305,PMID_27185330,ASSY_CHEMBL3810554,calcium,PAM_functional_calcium,CHO,,,EC50,=,1047.13,5.98,Homo sapiens,yes,yes,yes,,,,,,,cat=PAM_functional_calcium; standard_type=EC50; source_kind=primary_article; legacy pEC50=5.98 (generic negative-log potency)
ACT_16608432,MG00039b,MG00039,1,1,distinct_measurements_split,single,5.92,1202.26,CM00071,PARENT0306,PMID_27185330,ASSY_CHEMBL3810554,calcium,PAM_functional_calcium,CHO,,,EC50,=,1202.26,5.92,Homo sapiens,yes,yes,yes,,,,fc1_divergent_duplicate_reconciliation.csv:MG00039,B_distinct_measurements_should_split,split_into_two_measurements,"cat=PAM_functional_calcium; standard_type=EC50; source_kind=primary_article; legacy pEC50=5.92 (generic negative-log potency) | MG00039b: resynthesized-batch confirmation, compound 5 / VU0473619, EC50 = 1.20 uM / pEC50 5.92 (distinct measurement; not averaged with MG00039a)"
ACT_16827962,MG00316,MG00316,2,2,rounding_or_pEC50_conversion_duplicate,log_mean_pEC50,7.2202,60.23,CM00589,PARENT0308,PMID_27939174,ASSY_CHEMBL3874695,calcium,PAM_functional_calcium,CHO,,,EC50,=,60.2,7.2204,Homo sapiens,yes,yes,yes,,,,,,,cat=PAM_functional_calcium; standard_type=EC50; source_kind=primary_article; legacy pEC50=7.22 (generic negative-log potency)
ACT_16827963,MG00019,MG00019,2,2,rounding_or_pEC50_conversion_duplicate,log_mean_pEC50,6.44,363.08,CM00038,PARENT0309,PMID_27939174,ASSY_CHEMBL3874695,calcium,PAM_functional_calcium,CHO,,,EC50,=,363.0,6.4401,Homo sapiens,yes,yes,yes,,,,,,,cat=PAM_functional_calcium; standard_type=EC50; source_kind=primary_article; legacy pEC50=6.44 (generic negative-log potency)
ACT_16827964,MG00400,MG00400,2,2,rounding_or_pEC50_conversion_duplicate,log_mean_pEC50,6.6088,246.15,CM00736,PARENT0310,PMID_27939174,ASSY_CHEMBL3874695,calcium,PAM_functional_calcium,CHO,,,EC50,=,290.0,6.5376,Homo sapiens,yes,yes,yes,,,,,,,cat=PAM_functional_calcium; standard_type=EC50; source_kind=primary_article; legacy pEC50=6.54 (generic negative-log potency)
ACT_16827965,MG00192,MG00192,2,2,rounding_or_pEC50_conversion_duplicate,log_mean_pEC50,6.6002,251.07,CM00360,PARENT0311,PMID_27939174,ASSY_CHEMBL3874695,calcium,PAM_functional_calcium,CHO,,,EC50,=,251.0,6.6003,Homo sapiens,yes,yes,yes,,,,,,,cat=PAM_functional_calcium; standard_type=EC50; source_kind=primary_article; legacy pEC50=6.6 (generic negative-log potency)
ACT_16827966,MG00359,MG00359,2,2,rounding_or_pEC50_conversion_duplicate,log_mean_pEC50,6.2,630.96,CM00666,PARENT0312,PMID_27939174,ASSY_CHEMBL3874695,calcium,PAM_functional_calcium,CHO,,,EC50,=,631.0,6.2,Homo sapiens,yes,yes,yes,,,,,,,cat=PAM_functional_calcium; standard_type=EC50; source_kind=primary_article; legacy pEC50=6.2 (generic negative-log potency)
ACT_16827967,MG00295,MG00295,2,2,rounding_or_pEC50_conversion_duplicate,log_mean_pEC50,6.2598,549.79,CM00542,PARENT0313,PMID_27939174,ASSY_CHEMBL3874695,calcium,PAM_functional_calcium,CHO,,,EC50,=,550.0,6.2596,Homo sapiens,yes,yes,yes,,,,,,,cat=PAM_functional_calcium; standard_type=EC50; source_kind=primary_article; legacy pEC50=6.26 (generic negative-log potency)
ACT_16828075,MG00316,MG00316,2,2,rounding_or_pEC50_conversion_duplicate,log_mean_pEC50,7.2202,60.23,CM00589,PARENT0308,PMID_27939174,ASSY_CHEMBL3874695,calcium,PAM_functional_calcium,CHO,,,EC50,=,60.26,7.22,Homo sapiens,yes,yes,yes,,,,,,,cat=PAM_functional_calcium; standard_type=EC50; source_kind=primary_article; legacy pEC50=7.22 (generic negative-log potency)
ACT_16828076,MG00019,MG00019,2,2,rounding_or_pEC50_conversion_duplicate,log_mean_pEC50,6.44,363.08,CM00038,PARENT0309,PMID_27939174,ASSY_CHEMBL3874695,calcium,PAM_functional_calcium,CHO,,,EC50,=,363.08,6.44,Homo sapiens,yes,yes,yes,,,,,,,cat=PAM_functional_calcium; standard_type=EC50; source_kind=primary_article; legacy pEC50=6.44 (generic negative-log potency)
ACT_16828077,MG00400,MG00400,2,2,rounding_or_pEC50_conversion_duplicate,log_mean_pEC50,6.6088,246.15,CM00736,PARENT0310,PMID_27939174,ASSY_CHEMBL3874695,calcium,PAM_functional_calcium,CHO,,,EC50,=,208.93,6.68,Homo sapiens,yes,yes,yes,,,,,,,cat=PAM_functional_calcium; standard_type=EC50; source_kind=primary_article; legacy pEC50=6.68 (generic negative-log potency)
ACT_16828078,MG00192,MG00192,2,2,rounding_or_pEC50_conversion_duplicate,log_mean_pEC50,6.6002,251.07,CM00360,PARENT0311,PMID_27939174,ASSY_CHEMBL3874695,calcium,PAM_functional_calcium,CHO,,,EC50,=,251.19,6.6,Homo sapiens,yes,yes,yes,,,,,,,cat=PAM_functional_calcium; standard_type=EC50; source_kind=primary_article; legacy pEC50=6.6 (generic negative-log potency)
ACT_16828079,MG00359,MG00359,2,2,rounding_or_pEC50_conversion_duplicate,log_mean_pEC50,6.2,630.96,CM00666,PARENT0312,PMID_27939174,ASSY_CHEMBL3874695,calcium,PAM_functional_calcium,CHO,,,EC50,=,630.96,6.2,Homo sapiens,yes,yes,yes,,,,,,,cat=PAM_functional_calcium; standard_type=EC50; source_kind=primary_article; legacy pEC50=6.2 (generic negative-log potency)
ACT_16828080,MG00295,MG00295,2,2,rounding_or_pEC50_conversion_duplicate,log_mean_pEC50,6.2598,549.79,CM00542,PARENT0313,PMID_27939174,ASSY_CHEMBL3874695,calcium,PAM_functional_calcium,CHO,,,EC50,=,549.54,6.26,Homo sapiens,yes,yes,yes,,,,,,,cat=PAM_functional_calcium; standard_type=EC50; source_kind=primary_article; legacy pEC50=6.26 (generic negative-log potency)
ACT_16828081,MG00226,MG00226,1,1,single,single,6.284,520.0,CM00414,PARENT0232,PMID_27939174,ASSY_CHEMBL3874687,unspecified,PAM_functional_unspecified,,,,EC50,=,520.0,6.284,Homo sapiens,yes,yes,yes,,,,,,,cat=PAM_functional_unspecified; standard_type=EC50; source_kind=primary_article; legacy pEC50=6.28 (generic negative-log potency)
ACT_16828082,MG00043,MG00043,1,1,single,single,6.8239,150.0,CM00077,PARENT0307,PMID_27939174,ASSY_CHEMBL3874687,unspecified,PAM_functional_unspecified,,,,EC50,=,150.0,6.8239,Homo sapiens,yes,yes,yes,,,,,,,cat=PAM_functional_unspecified; standard_type=EC50; source_kind=primary_article; legacy pEC50=6.82 (generic negative-log potency)
ACT_18137884,MG00294,MG00294,2,2,rounding_or_pEC50_conversion_duplicate,log_mean_pEC50,6.7514,177.26,CM00541,PARENT0316,PMID_28442253,ASSY_CHEMBL4030176,calcium,PAM_functional_calcium,,acetylcholine,,EC50,=,169.82,6.77,Homo sapiens,yes,yes,yes,,,,,,,cat=PAM_functional_calcium; standard_type=EC50; source_kind=primary_article; legacy pEC50=6.77 (generic negative-log potency)
ACT_18137885,MG00294,MG00294,2,2,rounding_or_pEC50_conversion_duplicate,log_mean_pEC50,6.7514,177.26,CM00541,PARENT0316,PMID_28442253,ASSY_CHEMBL4030176,calcium,PAM_functional_calcium,,acetylcholine,,EC50,=,185.0,6.7328,Homo sapiens,yes,yes,yes,,,,,,,cat=PAM_functional_calcium; standard_type=EC50; source_kind=primary_article; legacy pEC50=6.73 (generic negative-log potency)
ACT_18137886,MG00427,MG00427,2,2,rounding_or_pEC50_conversion_duplicate,log_mean_pEC50,6.7341,184.46,CM00791,PARENT0317,PMID_28442253,ASSY_CHEMBL4030176,calcium,PAM_functional_calcium,,acetylcholine,,EC50,=,181.97,6.74,Homo sapiens,yes,yes,yes,,,,,,,cat=PAM_functional_calcium; standard_type=EC50; source_kind=primary_article; legacy pEC50=6.74 (generic negative-log potency)
ACT_18137887,MG00427,MG00427,2,2,rounding_or_pEC50_conversion_duplicate,log_mean_pEC50,6.7341,184.46,CM00791,PARENT0317,PMID_28442253,ASSY_CHEMBL4030176,calcium,PAM_functional_calcium,,acetylcholine,,EC50,=,187.0,6.7282,Homo sapiens,yes,yes,yes,,,,,,,cat=PAM_functional_calcium; standard_type=EC50; source_kind=primary_article; legacy pEC50=6.73 (generic negative-log potency)
ACT_18137890,MG00251,MG00251,2,2,rounding_or_pEC50_conversion_duplicate,log_mean_pEC50,5.7913,1616.96,CM00456,PARENT0319,PMID_28442253,ASSY_CHEMBL4030176,calcium,PAM_functional_calcium,,acetylcholine,,EC50,=,1584.89,5.8,Homo sapiens,yes,yes,yes,,,,,,,cat=PAM_functional_calcium; standard_type=EC50; source_kind=primary_article; legacy pEC50=5.8 (generic negative-log potency)
ACT_18137891,MG00251,MG00251,2,2,rounding_or_pEC50_conversion_duplicate,log_mean_pEC50,5.7913,1616.96,CM00456,PARENT0319,PMID_28442253,ASSY_CHEMBL4030176,calcium,PAM_functional_calcium,,acetylcholine,,EC50,=,1650.0,5.7825,Homo sapiens,yes,yes,yes,,,,,,,cat=PAM_functional_calcium; standard_type=EC50; source_kind=primary_article; legacy pEC50=5.78 (generic negative-log potency)
ACT_18137892,MG00138,MG00138,2,2,rounding_or_pEC50_conversion_duplicate,log_mean_pEC50,6.5131,306.83,CM00250,PARENT0320,PMID_28442253,ASSY_CHEMBL4030176,calcium,PAM_functional_calcium,,acetylcholine,,EC50,=,295.12,6.53,Homo sapiens,yes,yes,yes,,,,,,,cat=PAM_functional_calcium; standard_type=EC50; source_kind=primary_article; legacy pEC50=6.53 (generic negative-log potency)
ACT_18137893,MG00138,MG00138,2,2,rounding_or_pEC50_conversion_duplicate,log_mean_pEC50,6.5131,306.83,CM00250,PARENT0320,PMID_28442253,ASSY_CHEMBL4030176,calcium,PAM_functional_calcium,,acetylcholine,,EC50,=,319.0,6.4962,Homo sapiens,yes,yes,yes,,,,,,,cat=PAM_functional_calcium; standard_type=EC50; source_kind=primary_article; legacy pEC50=6.5 (generic negative-log potency)
ACT_18137894,MG00132,MG00132,2,2,rounding_or_pEC50_conversion_duplicate,log_mean_pEC50,6.6523,222.69,CM00242,PARENT0321,PMID_28442253,ASSY_CHEMBL4030176,calcium,PAM_functional_calcium,,acetylcholine,,EC50,=,213.8,6.67,Homo sapiens,yes,yes,yes,,,,,,,cat=PAM_functional_calcium; standard_type=EC50; source_kind=primary_article; legacy pEC50=6.67 (generic negative-log potency)
ACT_18137895,MG00132,MG00132,2,2,rounding_or_pEC50_conversion_duplicate,log_mean_pEC50,6.6523,222.69,CM00242,PARENT0321,PMID_28442253,ASSY_CHEMBL4030176,calcium,PAM_functional_calcium,,acetylcholine,,EC50,=,232.0,6.6345,Homo sapiens,yes,yes,yes,,,,,,,cat=PAM_functional_calcium; standard_type=EC50; source_kind=primary_article; legacy pEC50=6.63 (generic negative-log potency)
ACT_18137897,MG00461,MG00461,1,1,divergent_duplicate_resolved_single_value,single,6.9872,103.0,CM00848,PARENT0322,PMID_28442253,ASSY_CHEMBL4030176,calcium,PAM_functional_calcium,,acetylcholine,,EC50,=,103.0,6.9872,Homo sapiens,yes,yes,yes,,,,fc1_divergent_duplicate_reconciliation.csv:MG00461,A_correct_value_identified,keep_single_correct_measurement,"cat=PAM_functional_calcium; standard_type=EC50; source_kind=primary_article; legacy pEC50=6.99 (generic negative-log potency) | MG00461: preferred value ACT_18137897 = 103.0 nM (pEC50 6.9872), corroborated by primary narrative; rejected representation ACT_18137896 (pEC50 7.20 / 63.1 nM) preserved in provenance only"
ACT_18137898,MG00258,MG00258,2,2,rounding_or_pEC50_conversion_duplicate,log_mean_pEC50,7.5068,31.13,CM00467,PARENT0323,PMID_28442253,ASSY_CHEMBL4030176,calcium,PAM_functional_calcium,,acetylcholine,,EC50,=,26.92,7.5699,Homo sapiens,yes,yes,yes,,,,,,,cat=PAM_functional_calcium; standard_type=EC50; source_kind=primary_article; legacy pEC50=7.57 (generic negative-log potency)
ACT_18137899,MG00258,MG00258,2,2,rounding_or_pEC50_conversion_duplicate,log_mean_pEC50,7.5068,31.13,CM00467,PARENT0323,PMID_28442253,ASSY_CHEMBL4030176,calcium,PAM_functional_calcium,,acetylcholine,,EC50,=,36.0,7.4437,Homo sapiens,yes,yes,yes,,,,,,,cat=PAM_functional_calcium; standard_type=EC50; source_kind=primary_article; legacy pEC50=7.44 (generic negative-log potency)
ACT_18137900,MG00212,MG00212,2,2,rounding_or_pEC50_conversion_duplicate,log_mean_pEC50,7.2559,55.48,CM00391,PARENT0324,PMID_28442253,ASSY_CHEMBL4030176,calcium,PAM_functional_calcium,,acetylcholine,,EC50,=,54.95,7.26,Homo sapiens,yes,yes,yes,,,,,,,cat=PAM_functional_calcium; standard_type=EC50; source_kind=primary_article; legacy pEC50=7.26 (generic negative-log potency)
ACT_18137901,MG00212,MG00212,2,2,rounding_or_pEC50_conversion_duplicate,log_mean_pEC50,7.2559,55.48,CM00391,PARENT0324,PMID_28442253,ASSY_CHEMBL4030176,calcium,PAM_functional_calcium,,acetylcholine,,EC50,=,56.0,7.2518,Homo sapiens,yes,yes,yes,,,,,,,cat=PAM_functional_calcium; standard_type=EC50; source_kind=primary_article; legacy pEC50=7.25 (generic negative-log potency)
ACT_18137904,MG00094,MG00094,2,2,rounding_or_pEC50_conversion_duplicate,log_mean_pEC50,7.0779,83.58,CM00165,PARENT0326,PMID_28442253,ASSY_CHEMBL4030176,calcium,PAM_functional_calcium,,acetylcholine,,EC50,=,83.18,7.08,Homo sapiens,yes,yes,yes,,,,,,,cat=PAM_functional_calcium; standard_type=EC50; source_kind=primary_article; legacy pEC50=7.08 (generic negative-log potency)
ACT_18137905,MG00094,MG00094,2,2,rounding_or_pEC50_conversion_duplicate,log_mean_pEC50,7.0779,83.58,CM00165,PARENT0326,PMID_28442253,ASSY_CHEMBL4030176,calcium,PAM_functional_calcium,,acetylcholine,,EC50,=,84.0,7.0757,Homo sapiens,yes,yes,yes,,,,,,,cat=PAM_functional_calcium; standard_type=EC50; source_kind=primary_article; legacy pEC50=7.08 (generic negative-log potency)
ACT_18137906,MG00364,MG00364,2,2,rounding_or_pEC50_conversion_duplicate,log_mean_pEC50,6.6541,221.77,CM00671,PARENT0327,PMID_28442253,ASSY_CHEMBL4030176,calcium,PAM_functional_calcium,,acetylcholine,,EC50,=,213.8,6.67,Homo sapiens,yes,yes,yes,,,,,,,cat=PAM_functional_calcium; standard_type=EC50; source_kind=primary_article; legacy pEC50=6.67 (generic negative-log potency)
ACT_18137907,MG00364,MG00364,2,2,rounding_or_pEC50_conversion_duplicate,log_mean_pEC50,6.6541,221.77,CM00671,PARENT0327,PMID_28442253,ASSY_CHEMBL4030176,calcium,PAM_functional_calcium,,acetylcholine,,EC50,=,230.0,6.6383,Homo sapiens,yes,yes,yes,,,,,,,cat=PAM_functional_calcium; standard_type=EC50; source_kind=primary_article; legacy pEC50=6.64 (generic negative-log potency)
ACT_18137908,MG00230,MG00230,2,2,rounding_or_pEC50_conversion_duplicate,log_mean_pEC50,7.2733,53.3,CM00415,PARENT0328,PMID_28442253,ASSY_CHEMBL4030176,calcium,PAM_functional_calcium,,acetylcholine,,EC50,=,48.98,7.31,Homo sapiens,yes,yes,yes,,,,,,,cat=PAM_functional_calcium; standard_type=EC50; source_kind=primary_article; legacy pEC50=7.31 (generic negative-log potency)
ACT_18137909,MG00230,MG00230,2,2,rounding_or_pEC50_conversion_duplicate,log_mean_pEC50,7.2733,53.3,CM00415,PARENT0328,PMID_28442253,ASSY_CHEMBL4030176,calcium,PAM_functional_calcium,,acetylcholine,,EC50,=,58.0,7.2366,Homo sapiens,yes,yes,yes,,,,,,,cat=PAM_functional_calcium; standard_type=EC50; source_kind=primary_article; legacy pEC50=7.24 (generic negative-log potency)
ACT_18137910,MG00375,MG00375,2,2,rounding_or_pEC50_conversion_duplicate,log_mean_pEC50,5.7877,1630.42,CM00689,PARENT0329,PMID_28442253,ASSY_CHEMBL4030176,calcium,PAM_functional_calcium,,acetylcholine,,EC50,=,1548.82,5.81,Homo sapiens,yes,yes,yes,,,,,,,cat=PAM_functional_calcium; standard_type=EC50; source_kind=primary_article; legacy pEC50=5.81 (generic negative-log potency)
ACT_18137911,MG00375,MG00375,2,2,rounding_or_pEC50_conversion_duplicate,log_mean_pEC50,5.7877,1630.42,CM00689,PARENT0329,PMID_28442253,ASSY_CHEMBL4030176,calcium,PAM_functional_calcium,,acetylcholine,,EC50,=,1716.0,5.7655,Homo sapiens,yes,yes,yes,,,,,,,cat=PAM_functional_calcium; standard_type=EC50; source_kind=primary_article; legacy pEC50=5.76 (generic negative-log potency)
ACT_18137912,MG00125,MG00125,2,2,rounding_or_pEC50_conversion_duplicate,log_mean_pEC50,7.1969,63.55,CM00227,PARENT0330,PMID_28442253,ASSY_CHEMBL4030176,calcium,PAM_functional_calcium,,acetylcholine,,EC50,=,63.1,7.2,Homo sapiens,yes,yes,yes,,,,,,,cat=PAM_functional_calcium; standard_type=EC50; source_kind=primary_article; legacy pEC50=7.2 (generic negative-log potency)
ACT_18137913,MG00125,MG00125,2,2,rounding_or_pEC50_conversion_duplicate,log_mean_pEC50,7.1969,63.55,CM00227,PARENT0330,PMID_28442253,ASSY_CHEMBL4030176,calcium,PAM_functional_calcium,,acetylcholine,,EC50,=,64.0,7.1938,Homo sapiens,yes,yes,yes,,,,,,,cat=PAM_functional_calcium; standard_type=EC50; source_kind=primary_article; legacy pEC50=7.19 (generic negative-log potency)
ACT_18137914,MG00250,MG00250,2,2,rounding_or_pEC50_conversion_duplicate,log_mean_pEC50,6.8408,144.28,CM00454,PARENT0331,PMID_28442253,ASSY_CHEMBL4030176,calcium,PAM_functional_calcium,,acetylcholine,,EC50,=,144.54,6.84,Homo sapiens,yes,yes,yes,,,,,,,cat=PAM_functional_calcium; standard_type=EC50; source_kind=primary_article; legacy pEC50=6.84 (generic negative-log potency)
ACT_18137915,MG00250,MG00250,2,2,rounding_or_pEC50_conversion_duplicate,log_mean_pEC50,6.8408,144.28,CM00454,PARENT0331,PMID_28442253,ASSY_CHEMBL4030176,calcium,PAM_functional_calcium,,acetylcholine,,EC50,=,144.0,6.8416,Homo sapiens,yes,yes,yes,,,,,,,cat=PAM_functional_calcium; standard_type=EC50; source_kind=primary_article; legacy pEC50=6.84 (generic negative-log potency)
ACT_18137916,MG00088,MG00088,2,2,rounding_or_pEC50_conversion_duplicate,log_mean_pEC50,6.0563,878.42,CM00154,PARENT0332,PMID_28442253,ASSY_CHEMBL4030176,calcium,PAM_functional_calcium,,acetylcholine,,EC50,=,776.25,6.11,Homo sapiens,yes,yes,yes,,,,,,,cat=PAM_functional_calcium; standard_type=EC50; source_kind=primary_article; legacy pEC50=6.11 (generic negative-log potency)
ACT_18137917,MG00088,MG00088,2,2,rounding_or_pEC50_conversion_duplicate,log_mean_pEC50,6.0563,878.42,CM00154,PARENT0332,PMID_28442253,ASSY_CHEMBL4030176,calcium,PAM_functional_calcium,,acetylcholine,,EC50,=,994.0,6.0026,Homo sapiens,yes,yes,yes,,,,,,,cat=PAM_functional_calcium; standard_type=EC50; source_kind=primary_article; legacy pEC50=6 (generic negative-log potency)
ACT_18137918,MG00032,MG00032,2,2,rounding_or_pEC50_conversion_duplicate,log_mean_pEC50,7.0405,91.1,CM00055,PARENT0333,PMID_28442253,ASSY_CHEMBL4030176,calcium,PAM_functional_calcium,,acetylcholine,,EC50,=,91.2,7.04,Homo sapiens,yes,yes,yes,,,,,,,cat=PAM_functional_calcium; standard_type=EC50; source_kind=primary_article; legacy pEC50=7.04 (generic negative-log potency)
ACT_18137919,MG00032,MG00032,2,2,rounding_or_pEC50_conversion_duplicate,log_mean_pEC50,7.0405,91.1,CM00055,PARENT0333,PMID_28442253,ASSY_CHEMBL4030176,calcium,PAM_functional_calcium,,acetylcholine,,EC50,=,91.0,7.041,Homo sapiens,yes,yes,yes,,,,,,,cat=PAM_functional_calcium; standard_type=EC50; source_kind=primary_article; legacy pEC50=7.04 (generic negative-log potency)
ACT_18160824,MG00354,MG00354,2,2,rounding_or_pEC50_conversion_duplicate,log_mean_pEC50,7.5314,29.42,CM00656,PARENT0334,PMID_28522253,ASSY_CHEMBL4035868,calcium,PAM_functional_calcium,,acetylcholine,,EC50,=,28.84,7.54,Homo sapiens,yes,yes,yes,,,,,,,cat=PAM_functional_calcium; standard_type=EC50; source_kind=primary_article; legacy pEC50=7.54 (generic negative-log potency)
ACT_18160825,MG00087,MG00087,2,2,rounding_or_pEC50_conversion_duplicate,log_mean_pEC50,7.4609,34.6,CM00152,PARENT0335,PMID_28522253,ASSY_CHEMBL4035868,calcium,PAM_functional_calcium,,acetylcholine,,EC50,=,37.0,7.4318,Homo sapiens,yes,yes,yes,,,,,,,cat=PAM_functional_calcium; standard_type=EC50; source_kind=primary_article; legacy pEC50=7.43 (generic negative-log potency)
ACT_18160826,MG00087,MG00087,2,2,rounding_or_pEC50_conversion_duplicate,log_mean_pEC50,7.4609,34.6,CM00152,PARENT0335,PMID_28522253,ASSY_CHEMBL4035868,calcium,PAM_functional_calcium,,acetylcholine,,EC50,=,32.36,7.49,Homo sapiens,yes,yes,yes,,,,,,,cat=PAM_functional_calcium; standard_type=EC50; source_kind=primary_article; legacy pEC50=7.49 (generic negative-log potency)
ACT_18160827,MG00248,MG00248,2,2,rounding_or_pEC50_conversion_duplicate,log_mean_pEC50,6.5591,275.99,CM00451,PARENT0336,PMID_28522253,ASSY_CHEMBL4035868,calcium,PAM_functional_calcium,,acetylcholine,,EC50,=,325.0,6.4881,Homo sapiens,yes,yes,yes,,,,,,,cat=PAM_functional_calcium; standard_type=EC50; source_kind=primary_article; legacy pEC50=6.49 (generic negative-log potency)
ACT_18160828,MG00248,MG00248,2,2,rounding_or_pEC50_conversion_duplicate,log_mean_pEC50,6.5591,275.99,CM00451,PARENT0336,PMID_28522253,ASSY_CHEMBL4035868,calcium,PAM_functional_calcium,,acetylcholine,,EC50,=,234.42,6.63,Homo sapiens,yes,yes,yes,,,,,,,cat=PAM_functional_calcium; standard_type=EC50; source_kind=primary_article; legacy pEC50=6.63 (generic negative-log potency)
ACT_18160829,MG00037,MG00037,2,2,rounding_or_pEC50_conversion_duplicate,log_mean_pEC50,6.0298,933.68,CM00064,PARENT0337,PMID_28522253,ASSY_CHEMBL4035868,calcium,PAM_functional_calcium,,acetylcholine,,EC50,=,934.0,6.0297,Homo sapiens,yes,yes,yes,,,,,,,cat=PAM_functional_calcium; standard_type=EC50; source_kind=primary_article; legacy pEC50=6.03 (generic negative-log potency)
ACT_18160830,MG00037,MG00037,2,2,rounding_or_pEC50_conversion_duplicate,log_mean_pEC50,6.0298,933.68,CM00064,PARENT0337,PMID_28522253,ASSY_CHEMBL4035868,calcium,PAM_functional_calcium,,acetylcholine,,EC50,=,933.25,6.03,Homo sapiens,yes,yes,yes,,,,,,,cat=PAM_functional_calcium; standard_type=EC50; source_kind=primary_article; legacy pEC50=6.03 (generic negative-log potency)
ACT_18160831,MG00081,MG00081,2,2,rounding_or_pEC50_conversion_duplicate,log_mean_pEC50,5.8949,1273.8,CM00138,PARENT0338,PMID_28522253,ASSY_CHEMBL4035868,calcium,PAM_functional_calcium,,acetylcholine,,EC50,=,1289.0,5.8897,Homo sapiens,yes,yes,yes,,,,,,,cat=PAM_functional_calcium; standard_type=EC50; source_kind=primary_article; legacy pEC50=5.89 (generic negative-log potency)
ACT_18160832,MG00081,MG00081,2,2,rounding_or_pEC50_conversion_duplicate,log_mean_pEC50,5.8949,1273.8,CM00138,PARENT0338,PMID_28522253,ASSY_CHEMBL4035868,calcium,PAM_functional_calcium,,acetylcholine,,EC50,=,1258.93,5.9,Homo sapiens,yes,yes,yes,,,,,,,cat=PAM_functional_calcium; standard_type=EC50; source_kind=primary_article; legacy pEC50=5.9 (generic negative-log potency)
ACT_18160833,MG00450,MG00450,2,2,rounding_or_pEC50_conversion_duplicate,log_mean_pEC50,6.8654,136.33,CM00835,PARENT0339,PMID_28522253,ASSY_CHEMBL4035868,calcium,PAM_functional_calcium,,acetylcholine,,EC50,=,141.0,6.8508,Homo sapiens,yes,yes,yes,,,,,,,cat=PAM_functional_calcium; standard_type=EC50; source_kind=primary_article; legacy pEC50=6.85 (generic negative-log potency)
ACT_18160834,MG00450,MG00450,2,2,rounding_or_pEC50_conversion_duplicate,log_mean_pEC50,6.8654,136.33,CM00835,PARENT0339,PMID_28522253,ASSY_CHEMBL4035868,calcium,PAM_functional_calcium,,acetylcholine,,EC50,=,131.83,6.88,Homo sapiens,yes,yes,yes,,,,,,,cat=PAM_functional_calcium; standard_type=EC50; source_kind=primary_article; legacy pEC50=6.88 (generic negative-log potency)
ACT_18160835,MG00327,MG00327,2,2,rounding_or_pEC50_conversion_duplicate,log_mean_pEC50,6.5499,281.9,CM00601,PARENT0340,PMID_28522253,ASSY_CHEMBL4035868,calcium,PAM_functional_calcium,,acetylcholine,,EC50,=,282.0,6.5498,Homo sapiens,yes,yes,yes,,,,,,,cat=PAM_functional_calcium; standard_type=EC50; source_kind=primary_article; legacy pEC50=6.55 (generic negative-log potency)
ACT_18160836,MG00327,MG00327,2,2,rounding_or_pEC50_conversion_duplicate,log_mean_pEC50,6.5499,281.9,CM00601,PARENT0340,PMID_28522253,ASSY_CHEMBL4035868,calcium,PAM_functional_calcium,,acetylcholine,,EC50,=,281.84,6.55,Homo sapiens,yes,yes,yes,,,,,,,cat=PAM_functional_calcium; standard_type=EC50; source_kind=primary_article; legacy pEC50=6.55 (generic negative-log potency)
ACT_18160837,MG00199,MG00199,2,2,rounding_or_pEC50_conversion_duplicate,log_mean_pEC50,7.5564,27.77,CM00374,PARENT0341,PMID_28522253,ASSY_CHEMBL4035868,calcium,PAM_functional_calcium,,acetylcholine,,EC50,=,28.0,7.5528,Homo sapiens,yes,yes,yes,,,,,,,cat=PAM_functional_calcium; standard_type=EC50; source_kind=primary_article; legacy pEC50=7.55 (generic negative-log potency)
ACT_18160838,MG00199,MG00199,2,2,rounding_or_pEC50_conversion_duplicate,log_mean_pEC50,7.5564,27.77,CM00374,PARENT0341,PMID_28522253,ASSY_CHEMBL4035868,calcium,PAM_functional_calcium,,acetylcholine,,EC50,=,27.54,7.56,Homo sapiens,yes,yes,yes,,,,,,,cat=PAM_functional_calcium; standard_type=EC50; source_kind=primary_article; legacy pEC50=7.56 (generic negative-log potency)
ACT_18160839,MG00317,MG00317,2,2,rounding_or_pEC50_conversion_duplicate,log_mean_pEC50,7.606,24.77,CM00590,PARENT0342,PMID_28522253,ASSY_CHEMBL4035868,calcium,PAM_functional_calcium,,acetylcholine,,EC50,=,25.0,7.6021,Homo sapiens,yes,yes,yes,,,,,,,cat=PAM_functional_calcium; standard_type=EC50; source_kind=primary_article; legacy pEC50=7.6 (generic negative-log potency)
ACT_18160840,MG00317,MG00317,2,2,rounding_or_pEC50_conversion_duplicate,log_mean_pEC50,7.606,24.77,CM00590,PARENT0342,PMID_28522253,ASSY_CHEMBL4035868,calcium,PAM_functional_calcium,,acetylcholine,,EC50,=,24.55,7.6099,Homo sapiens,yes,yes,yes,,,,,,,cat=PAM_functional_calcium; standard_type=EC50; source_kind=primary_article; legacy pEC50=7.61 (generic negative-log potency)
ACT_18160841,MG00188,MG00188,2,2,rounding_or_pEC50_conversion_duplicate,log_mean_pEC50,7.9642,10.86,CM00353,PARENT0343,PMID_28522253,ASSY_CHEMBL4035868,calcium,PAM_functional_calcium,,acetylcholine,,EC50,=,11.0,7.9586,Homo sapiens,yes,yes,yes,,,,,,,cat=PAM_functional_calcium; standard_type=EC50; source_kind=primary_article; legacy pEC50=7.96 (generic negative-log potency)
ACT_18160842,MG00188,MG00188,2,2,rounding_or_pEC50_conversion_duplicate,log_mean_pEC50,7.9642,10.86,CM00353,PARENT0343,PMID_28522253,ASSY_CHEMBL4035868,calcium,PAM_functional_calcium,,acetylcholine,,EC50,=,10.72,7.9698,Homo sapiens,yes,yes,yes,,,,,,,cat=PAM_functional_calcium; standard_type=EC50; source_kind=primary_article; legacy pEC50=7.97 (generic negative-log potency)
ACT_18160843,MG00370,MG00370,2,2,rounding_or_pEC50_conversion_duplicate,log_mean_pEC50,8.0935,8.06,CM00681,PARENT0344,PMID_28522253,ASSY_CHEMBL4035868,calcium,PAM_functional_calcium,,acetylcholine,,EC50,=,8.0,8.0969,Homo sapiens,yes,yes,yes,,,,,,,cat=PAM_functional_calcium; standard_type=EC50; source_kind=primary_article; legacy pEC50=8.1 (generic negative-log potency)
ACT_18160844,MG00370,MG00370,2,2,rounding_or_pEC50_conversion_duplicate,log_mean_pEC50,8.0935,8.06,CM00681,PARENT0344,PMID_28522253,ASSY_CHEMBL4035868,calcium,PAM_functional_calcium,,acetylcholine,,EC50,=,8.128,8.09,Homo sapiens,yes,yes,yes,,,,,,,cat=PAM_functional_calcium; standard_type=EC50; source_kind=primary_article; legacy pEC50=8.09 (generic negative-log potency)
ACT_18160845,MG00379,MG00379,2,2,rounding_or_pEC50_conversion_duplicate,log_mean_pEC50,7.2962,50.56,CM00696,PARENT0345,PMID_28522253,ASSY_CHEMBL4035868,calcium,PAM_functional_calcium,,acetylcholine,,EC50,=,51.0,7.2924,Homo sapiens,yes,yes,yes,,,,,,,cat=PAM_functional_calcium; standard_type=EC50; source_kind=primary_article; legacy pEC50=7.29 (generic negative-log potency)
ACT_18160846,MG00379,MG00379,2,2,rounding_or_pEC50_conversion_duplicate,log_mean_pEC50,7.2962,50.56,CM00696,PARENT0345,PMID_28522253,ASSY_CHEMBL4035868,calcium,PAM_functional_calcium,,acetylcholine,,EC50,=,50.12,7.3,Homo sapiens,yes,yes,yes,,,,,,,cat=PAM_functional_calcium; standard_type=EC50; source_kind=primary_article; legacy pEC50=7.3 (generic negative-log potency)
ACT_18160847,MG00005,MG00005,2,2,rounding_or_pEC50_conversion_duplicate,log_mean_pEC50,6.7664,171.24,CM00012,PARENT0346,PMID_28522253,ASSY_CHEMBL4035868,calcium,PAM_functional_calcium,,acetylcholine,,EC50,=,185.0,6.7328,Homo sapiens,yes,yes,yes,,,,,,,cat=PAM_functional_calcium; standard_type=EC50; source_kind=primary_article; legacy pEC50=6.73 (generic negative-log potency)
ACT_18160848,MG00005,MG00005,2,2,rounding_or_pEC50_conversion_duplicate,log_mean_pEC50,6.7664,171.24,CM00012,PARENT0346,PMID_28522253,ASSY_CHEMBL4035868,calcium,PAM_functional_calcium,,acetylcholine,,EC50,=,158.49,6.8,Homo sapiens,yes,yes,yes,,,,,,,cat=PAM_functional_calcium; standard_type=EC50; source_kind=primary_article; legacy pEC50=6.8 (generic negative-log potency)
ACT_18160849,MG00264,MG00264,2,2,rounding_or_pEC50_conversion_duplicate,log_mean_pEC50,7.8029,15.74,CM00478,PARENT0347,PMID_28522253,ASSY_CHEMBL4035868,calcium,PAM_functional_calcium,,acetylcholine,,EC50,=,16.0,7.7959,Homo sapiens,yes,yes,yes,,,,,,,cat=PAM_functional_calcium; standard_type=EC50; source_kind=primary_article; legacy pEC50=7.8 (generic negative-log potency)
ACT_18160850,MG00264,MG00264,2,2,rounding_or_pEC50_conversion_duplicate,log_mean_pEC50,7.8029,15.74,CM00478,PARENT0347,PMID_28522253,ASSY_CHEMBL4035868,calcium,PAM_functional_calcium,,acetylcholine,,EC50,=,15.49,7.8099,Homo sapiens,yes,yes,yes,,,,,,,cat=PAM_functional_calcium; standard_type=EC50; source_kind=primary_article; legacy pEC50=7.81 (generic negative-log potency)
ACT_18160851,MG00353,MG00353,2,2,rounding_or_pEC50_conversion_duplicate,log_mean_pEC50,7.7698,16.99,CM00651,PARENT0348,PMID_28522253,ASSY_CHEMBL4035868,calcium,PAM_functional_calcium,,acetylcholine,,EC50,=,17.0,7.7696,Homo sapiens,yes,yes,yes,,,,,,,cat=PAM_functional_calcium; standard_type=EC50; source_kind=primary_article; legacy pEC50=7.77 (generic negative-log potency)
ACT_18160852,MG00353,MG00353,2,2,rounding_or_pEC50_conversion_duplicate,log_mean_pEC50,7.7698,16.99,CM00651,PARENT0348,PMID_28522253,ASSY_CHEMBL4035868,calcium,PAM_functional_calcium,,acetylcholine,,EC50,=,16.98,7.7701,Homo sapiens,yes,yes,yes,,,,,,,cat=PAM_functional_calcium; standard_type=EC50; source_kind=primary_article; legacy pEC50=7.77 (generic negative-log potency)
ACT_18160855,MG00031,MG00031,2,2,rounding_or_pEC50_conversion_duplicate,log_mean_pEC50,7.1196,75.93,CM00054,PARENT0350,PMID_28522253,ASSY_CHEMBL4035868,calcium,PAM_functional_calcium,,acetylcholine,,EC50,=,76.0,7.1192,Homo sapiens,yes,yes,yes,,,,,,,cat=PAM_functional_calcium; standard_type=EC50; source_kind=primary_article; legacy pEC50=7.12 (generic negative-log potency)
ACT_18160856,MG00031,MG00031,2,2,rounding_or_pEC50_conversion_duplicate,log_mean_pEC50,7.1196,75.93,CM00054,PARENT0350,PMID_28522253,ASSY_CHEMBL4035868,calcium,PAM_functional_calcium,,acetylcholine,,EC50,=,75.86,7.12,Homo sapiens,yes,yes,yes,,,,,,,cat=PAM_functional_calcium; standard_type=EC50; source_kind=primary_article; legacy pEC50=7.12 (generic negative-log potency)
ACT_18160859,MG00184,MG00184,2,2,rounding_or_pEC50_conversion_duplicate,log_mean_pEC50,7.4501,35.47,CM00342,PARENT0352,PMID_28522253,ASSY_CHEMBL4035868,calcium,PAM_functional_calcium,,acetylcholine,,EC50,=,38.0,7.4202,Homo sapiens,yes,yes,yes,,,,,,,cat=PAM_functional_calcium; standard_type=EC50; source_kind=primary_article; legacy pEC50=7.42 (generic negative-log potency)
ACT_18160860,MG00184,MG00184,2,2,rounding_or_pEC50_conversion_duplicate,log_mean_pEC50,7.4501,35.47,CM00342,PARENT0352,PMID_28522253,ASSY_CHEMBL4035868,calcium,PAM_functional_calcium,,acetylcholine,,EC50,=,33.11,7.48,Homo sapiens,yes,yes,yes,,,,,,,cat=PAM_functional_calcium; standard_type=EC50; source_kind=primary_article; legacy pEC50=7.48 (generic negative-log potency)
ACT_18160861,MG00254,MG00254,2,2,rounding_or_pEC50_conversion_duplicate,log_mean_pEC50,7.3986,39.94,CM00463,PARENT0353,PMID_28522253,ASSY_CHEMBL4035868,calcium,PAM_functional_calcium,,acetylcholine,,EC50,=,41.0,7.3872,Homo sapiens,yes,yes,yes,,,,,,,cat=PAM_functional_calcium; standard_type=EC50; source_kind=primary_article; legacy pEC50=7.39 (generic negative-log potency)
ACT_18160862,MG00254,MG00254,2,2,rounding_or_pEC50_conversion_duplicate,log_mean_pEC50,7.3986,39.94,CM00463,PARENT0353,PMID_28522253,ASSY_CHEMBL4035868,calcium,PAM_functional_calcium,,acetylcholine,,EC50,=,38.9,7.4101,Homo sapiens,yes,yes,yes,,,,,,,cat=PAM_functional_calcium; standard_type=EC50; source_kind=primary_article; legacy pEC50=7.41 (generic negative-log potency)
ACT_18160863,MG00215,MG00215,2,2,rounding_or_pEC50_conversion_duplicate,log_mean_pEC50,7.119,76.03,CM00402,PARENT0354,PMID_28522253,ASSY_CHEMBL4035868,calcium,PAM_functional_calcium,,acetylcholine,,EC50,=,78.0,7.1079,Homo sapiens,yes,yes,yes,,,,,,,cat=PAM_functional_calcium; standard_type=EC50; source_kind=primary_article; legacy pEC50=7.11 (generic negative-log potency)
ACT_18160864,MG00215,MG00215,2,2,rounding_or_pEC50_conversion_duplicate,log_mean_pEC50,7.119,76.03,CM00402,PARENT0354,PMID_28522253,ASSY_CHEMBL4035868,calcium,PAM_functional_calcium,,acetylcholine,,EC50,=,74.13,7.13,Homo sapiens,yes,yes,yes,,,,,,,cat=PAM_functional_calcium; standard_type=EC50; source_kind=primary_article; legacy pEC50=7.13 (generic negative-log potency)
ACT_18160865,MG00054,MG00054,2,2,rounding_or_pEC50_conversion_duplicate,log_mean_pEC50,7.4743,33.55,CM00097,PARENT0355,PMID_28522253,ASSY_CHEMBL4035868,calcium,PAM_functional_calcium,,acetylcholine,,EC50,=,34.0,7.4685,Homo sapiens,yes,yes,yes,,,,,,,cat=PAM_functional_calcium; standard_type=EC50; source_kind=primary_article; legacy pEC50=7.47 (generic negative-log potency)
ACT_18160866,MG00054,MG00054,2,2,rounding_or_pEC50_conversion_duplicate,log_mean_pEC50,7.4743,33.55,CM00097,PARENT0355,PMID_28522253,ASSY_CHEMBL4035868,calcium,PAM_functional_calcium,,acetylcholine,,EC50,=,33.11,7.48,Homo sapiens,yes,yes,yes,,,,,,,cat=PAM_functional_calcium; standard_type=EC50; source_kind=primary_article; legacy pEC50=7.48 (generic negative-log potency)
ACT_18160867,MG00120,MG00120,2,2,rounding_or_pEC50_conversion_duplicate,log_mean_pEC50,6.9483,112.64,CM00214,PARENT0356,PMID_28522253,ASSY_CHEMBL4035868,calcium,PAM_functional_calcium,,acetylcholine,,EC50,=,124.0,6.9066,Homo sapiens,yes,yes,yes,,,,,,,cat=PAM_functional_calcium; standard_type=EC50; source_kind=primary_article; legacy pEC50=6.91 (generic negative-log potency)
ACT_18160868,MG00120,MG00120,2,2,rounding_or_pEC50_conversion_duplicate,log_mean_pEC50,6.9483,112.64,CM00214,PARENT0356,PMID_28522253,ASSY_CHEMBL4035868,calcium,PAM_functional_calcium,,acetylcholine,,EC50,=,102.33,6.99,Homo sapiens,yes,yes,yes,,,,,,,cat=PAM_functional_calcium; standard_type=EC50; source_kind=primary_article; legacy pEC50=6.99 (generic negative-log potency)
ACT_18160869,MG00042,MG00042,2,2,rounding_or_pEC50_conversion_duplicate,log_mean_pEC50,7.0073,98.33,CM00076,PARENT0357,PMID_28522253,ASSY_CHEMBL4035868,calcium,PAM_functional_calcium,,acetylcholine,,EC50,=,106.0,6.9747,Homo sapiens,yes,yes,yes,,,,,,,cat=PAM_functional_calcium; standard_type=EC50; source_kind=primary_article; legacy pEC50=6.97 (generic negative-log potency)
ACT_18160870,MG00042,MG00042,2,2,rounding_or_pEC50_conversion_duplicate,log_mean_pEC50,7.0073,98.33,CM00076,PARENT0357,PMID_28522253,ASSY_CHEMBL4035868,calcium,PAM_functional_calcium,,acetylcholine,,EC50,=,91.2,7.04,Homo sapiens,yes,yes,yes,,,,,,,cat=PAM_functional_calcium; standard_type=EC50; source_kind=primary_article; legacy pEC50=7.04 (generic negative-log potency)
ACT_18160871,MG00095,MG00095,2,2,rounding_or_pEC50_conversion_duplicate,log_mean_pEC50,6.4139,385.57,CM00168,PARENT0358,PMID_28522253,ASSY_CHEMBL4035868,calcium,PAM_functional_calcium,,acetylcholine,,EC50,=,419.0,6.3778,Homo sapiens,yes,yes,yes,,,,,,,cat=PAM_functional_calcium; standard_type=EC50; source_kind=primary_article; legacy pEC50=6.38 (generic negative-log potency)
ACT_18160872,MG00095,MG00095,2,2,rounding_or_pEC50_conversion_duplicate,log_mean_pEC50,6.4139,385.57,CM00168,PARENT0358,PMID_28522253,ASSY_CHEMBL4035868,calcium,PAM_functional_calcium,,acetylcholine,,EC50,=,354.81,6.45,Homo sapiens,yes,yes,yes,,,,,,,cat=PAM_functional_calcium; standard_type=EC50; source_kind=primary_article; legacy pEC50=6.45 (generic negative-log potency)
ACT_18160873,MG00020,MG00020,2,2,rounding_or_pEC50_conversion_duplicate,log_mean_pEC50,6.3588,437.72,CM00039,PARENT0359,PMID_28522253,ASSY_CHEMBL4035868,calcium,PAM_functional_calcium,,acetylcholine,,EC50,=,439.0,6.3575,Homo sapiens,yes,yes,yes,,,,,,,cat=PAM_functional_calcium; standard_type=EC50; source_kind=primary_article; legacy pEC50=6.36 (generic negative-log potency)
ACT_18160874,MG00020,MG00020,2,2,rounding_or_pEC50_conversion_duplicate,log_mean_pEC50,6.3588,437.72,CM00039,PARENT0359,PMID_28522253,ASSY_CHEMBL4035868,calcium,PAM_functional_calcium,,acetylcholine,,EC50,=,436.52,6.36,Homo sapiens,yes,yes,yes,,,,,,,cat=PAM_functional_calcium; standard_type=EC50; source_kind=primary_article; legacy pEC50=6.36 (generic negative-log potency)
ACT_18160875,MG00050,MG00050,2,2,rounding_or_pEC50_conversion_duplicate,log_mean_pEC50,6.7486,178.4,CM00090,PARENT0360,PMID_28522253,ASSY_CHEMBL4035868,calcium,PAM_functional_calcium,,acetylcholine,,EC50,=,179.0,6.7471,Homo sapiens,yes,yes,yes,,,,,,,cat=PAM_functional_calcium; standard_type=EC50; source_kind=primary_article; legacy pEC50=6.75 (generic negative-log potency)
ACT_18160876,MG00050,MG00050,2,2,rounding_or_pEC50_conversion_duplicate,log_mean_pEC50,6.7486,178.4,CM00090,PARENT0360,PMID_28522253,ASSY_CHEMBL4035868,calcium,PAM_functional_calcium,,acetylcholine,,EC50,=,177.83,6.75,Homo sapiens,yes,yes,yes,,,,,,,cat=PAM_functional_calcium; standard_type=EC50; source_kind=primary_article; legacy pEC50=6.75 (generic negative-log potency)
ACT_18160877,MG00091,MG00091,2,2,rounding_or_pEC50_conversion_duplicate,log_mean_pEC50,6.2494,563.12,CM00162,PARENT0361,PMID_28522253,ASSY_CHEMBL4035868,calcium,PAM_functional_calcium,,acetylcholine,,EC50,=,564.0,6.2487,Homo sapiens,yes,yes,yes,,,,,,,cat=PAM_functional_calcium; standard_type=EC50; source_kind=primary_article; legacy pEC50=6.25 (generic negative-log potency)
ACT_18160878,MG00091,MG00091,2,2,rounding_or_pEC50_conversion_duplicate,log_mean_pEC50,6.2494,563.12,CM00162,PARENT0361,PMID_28522253,ASSY_CHEMBL4035868,calcium,PAM_functional_calcium,,acetylcholine,,EC50,=,562.34,6.25,Homo sapiens,yes,yes,yes,,,,,,,cat=PAM_functional_calcium; standard_type=EC50; source_kind=primary_article; legacy pEC50=6.25 (generic negative-log potency)
ACT_18160879,MG00179,MG00179,2,2,rounding_or_pEC50_conversion_duplicate,log_mean_pEC50,6.1659,682.5,CM00333,PARENT0362,PMID_28522253,ASSY_CHEMBL4035868,calcium,PAM_functional_calcium,,acetylcholine,,EC50,=,773.0,6.1118,Homo sapiens,yes,yes,yes,,,,,,,cat=PAM_functional_calcium; standard_type=EC50; source_kind=primary_article; legacy pEC50=6.11 (generic negative-log potency)
ACT_18160918,MG00296,MG00296,2,2,rounding_or_pEC50_conversion_duplicate,log_mean_pEC50,6.6618,217.87,CM00543,PARENT0363,PMID_28522253,ASSY_CHEMBL4035868,calcium,PAM_functional_calcium,,acetylcholine,,EC50,=,217.0,6.6635,Homo sapiens,yes,yes,yes,,,,,,,cat=PAM_functional_calcium; standard_type=EC50; source_kind=primary_article; legacy pEC50=6.66 (generic negative-log potency)
ACT_18160919,MG00296,MG00296,2,2,rounding_or_pEC50_conversion_duplicate,log_mean_pEC50,6.6618,217.87,CM00543,PARENT0363,PMID_28522253,ASSY_CHEMBL4035868,calcium,PAM_functional_calcium,,acetylcholine,,EC50,=,218.78,6.66,Homo sapiens,yes,yes,yes,,,,,,,cat=PAM_functional_calcium; standard_type=EC50; source_kind=primary_article; legacy pEC50=6.66 (generic negative-log potency)
ACT_18160920,MG00152,MG00152,2,2,rounding_or_pEC50_conversion_duplicate,log_mean_pEC50,7.202,62.81,CM00284,PARENT0364,PMID_28522253,ASSY_CHEMBL4035868,calcium,PAM_functional_calcium,,acetylcholine,,EC50,=,67.0,7.1739,Homo sapiens,yes,yes,yes,,,,,,,cat=PAM_functional_calcium; standard_type=EC50; source_kind=primary_article; legacy pEC50=7.17 (generic negative-log potency)
ACT_18160921,MG00152,MG00152,2,2,rounding_or_pEC50_conversion_duplicate,log_mean_pEC50,7.202,62.81,CM00284,PARENT0364,PMID_28522253,ASSY_CHEMBL4035868,calcium,PAM_functional_calcium,,acetylcholine,,EC50,=,58.88,7.23,Homo sapiens,yes,yes,yes,,,,,,,cat=PAM_functional_calcium; standard_type=EC50; source_kind=primary_article; legacy pEC50=7.23 (generic negative-log potency)
ACT_18160922,MG00136,MG00136,2,2,rounding_or_pEC50_conversion_duplicate,log_mean_pEC50,7.6441,22.69,CM00248,PARENT0365,PMID_28522253,ASSY_CHEMBL4035868,calcium,PAM_functional_calcium,,acetylcholine,,EC50,=,23.0,7.6383,Homo sapiens,yes,yes,yes,,,,,,,cat=PAM_functional_calcium; standard_type=EC50; source_kind=primary_article; legacy pEC50=7.64 (generic negative-log potency)
ACT_18160923,MG00136,MG00136,2,2,rounding_or_pEC50_conversion_duplicate,log_mean_pEC50,7.6441,22.69,CM00248,PARENT0365,PMID_28522253,ASSY_CHEMBL4035868,calcium,PAM_functional_calcium,,acetylcholine,,EC50,=,22.39,7.6499,Homo sapiens,yes,yes,yes,,,,,,,cat=PAM_functional_calcium; standard_type=EC50; source_kind=primary_article; legacy pEC50=7.65 (generic negative-log potency)
ACT_18160924,MG00157,MG00157,2,2,rounding_or_pEC50_conversion_duplicate,log_mean_pEC50,7.5714,26.83,CM00295,PARENT0366,PMID_28522253,ASSY_CHEMBL4035868,calcium,PAM_functional_calcium,,acetylcholine,,EC50,=,30.0,7.5229,Homo sapiens,yes,yes,yes,,,,,,,cat=PAM_functional_calcium; standard_type=EC50; source_kind=primary_article; legacy pEC50=7.52 (generic negative-log potency)
ACT_18160925,MG00157,MG00157,2,2,rounding_or_pEC50_conversion_duplicate,log_mean_pEC50,7.5714,26.83,CM00295,PARENT0366,PMID_28522253,ASSY_CHEMBL4035868,calcium,PAM_functional_calcium,,acetylcholine,,EC50,=,23.99,7.62,Homo sapiens,yes,yes,yes,,,,,,,cat=PAM_functional_calcium; standard_type=EC50; source_kind=primary_article; legacy pEC50=7.62 (generic negative-log potency)
ACT_18160926,MG00179,MG00179,2,2,rounding_or_pEC50_conversion_duplicate,log_mean_pEC50,6.1659,682.5,CM00333,PARENT0362,PMID_28522253,ASSY_CHEMBL4035868,calcium,PAM_functional_calcium,,acetylcholine,,EC50,=,602.56,6.22,Homo sapiens,yes,yes,yes,,,,,,,cat=PAM_functional_calcium; standard_type=EC50; source_kind=primary_article; legacy pEC50=6.22 (generic negative-log potency)
ACT_18160927,MG00123,MG00123,2,2,rounding_or_pEC50_conversion_duplicate,log_mean_pEC50,6.5759,265.52,CM00223,PARENT0367,PMID_28522253,ASSY_CHEMBL4035868,calcium,PAM_functional_calcium,,acetylcholine,,EC50,=,268.0,6.5719,Homo sapiens,yes,yes,yes,,,,,,,cat=PAM_functional_calcium; standard_type=EC50; source_kind=primary_article; legacy pEC50=6.57 (generic negative-log potency)
ACT_18160928,MG00123,MG00123,2,2,rounding_or_pEC50_conversion_duplicate,log_mean_pEC50,6.5759,265.52,CM00223,PARENT0367,PMID_28522253,ASSY_CHEMBL4035868,calcium,PAM_functional_calcium,,acetylcholine,,EC50,=,263.03,6.58,Homo sapiens,yes,yes,yes,,,,,,,cat=PAM_functional_calcium; standard_type=EC50; source_kind=primary_article; legacy pEC50=6.58 (generic negative-log potency)
ACT_18160966,MG00201,MG00201,2,2,rounding_or_pEC50_conversion_duplicate,log_mean_pEC50,7.7256,18.81,CM00376,PARENT0368,PMID_28522253,ASSY_CHEMBL4035868,calcium,PAM_functional_calcium,,acetylcholine,,EC50,=,19.0,7.7212,Homo sapiens,yes,yes,yes,,,,,,,cat=PAM_functional_calcium; standard_type=EC50; source_kind=primary_article; legacy pEC50=7.72 (generic negative-log potency)
ACT_18160967,MG00201,MG00201,2,2,rounding_or_pEC50_conversion_duplicate,log_mean_pEC50,7.7256,18.81,CM00376,PARENT0368,PMID_28522253,ASSY_CHEMBL4035868,calcium,PAM_functional_calcium,,acetylcholine,,EC50,=,18.62,7.73,Homo sapiens,yes,yes,yes,,,,,,,cat=PAM_functional_calcium; standard_type=EC50; source_kind=primary_article; legacy pEC50=7.73 (generic negative-log potency)
ACT_18160968,MG00354,MG00354,2,2,rounding_or_pEC50_conversion_duplicate,log_mean_pEC50,7.5314,29.42,CM00656,PARENT0334,PMID_28522253,ASSY_CHEMBL4035868,calcium,PAM_functional_calcium,,acetylcholine,,EC50,=,30.0,7.5229,Homo sapiens,yes,yes,yes,,,,,,,cat=PAM_functional_calcium; standard_type=EC50; source_kind=primary_article; legacy pEC50=7.52 (generic negative-log potency)
ACT_18216492,MG00068,MG00068,2,2,rounding_or_pEC50_conversion_duplicate,log_mean_pEC50,5.6875,2053.53,CM00118,PARENT0369,PMID_28866269,ASSY_CHEMBL4046910,calcium,PAM_functional_calcium,,acetylcholine,,EC50,=,2065.0,5.6851,Homo sapiens,yes,yes,yes,,,,,,,cat=PAM_functional_calcium; standard_type=EC50; source_kind=primary_article; legacy pEC50=5.68 (generic negative-log potency)
ACT_18216493,MG00352,MG00352,2,2,rounding_or_pEC50_conversion_duplicate,log_mean_pEC50,6.6658,215.87,CM00650,PARENT0370,PMID_28866269,ASSY_CHEMBL4046910,calcium,PAM_functional_calcium,,acetylcholine,,EC50,=,223.0,6.6517,Homo sapiens,yes,yes,yes,,,,,,,cat=PAM_functional_calcium; standard_type=EC50; source_kind=primary_article; legacy pEC50=6.65 (generic negative-log potency)
ACT_18216494,MG00425,MG00425,2,2,rounding_or_pEC50_conversion_duplicate,log_mean_pEC50,6.2467,566.63,CM00787,PARENT0371,PMID_28866269,ASSY_CHEMBL4046910,calcium,PAM_functional_calcium,,acetylcholine,,EC50,=,571.0,6.2434,Homo sapiens,yes,yes,yes,,,,,,,cat=PAM_functional_calcium; standard_type=EC50; source_kind=primary_article; legacy pEC50=6.24 (generic negative-log potency)
ACT_18216495,MG00412,MG00412,2,2,rounding_or_pEC50_conversion_duplicate,log_mean_pEC50,5.5251,2984.7,CM00762,PARENT0372,PMID_28866269,ASSY_CHEMBL4046910,calcium,PAM_functional_calcium,,acetylcholine,,EC50,=,3018.0,5.5203,Homo sapiens,yes,yes,yes,,,,,,,cat=PAM_functional_calcium; standard_type=EC50; source_kind=primary_article; legacy pEC50=5.52 (generic negative-log potency)
ACT_18216496,MG00173,MG00173,2,2,rounding_or_pEC50_conversion_duplicate,log_mean_pEC50,6.0417,908.45,CM00327,PARENT0373,PMID_28866269,ASSY_CHEMBL4046910,calcium,PAM_functional_calcium,,acetylcholine,,EC50,=,905.0,6.0434,Homo sapiens,yes,yes,yes,,,,,,,cat=PAM_functional_calcium; standard_type=EC50; source_kind=primary_article; legacy pEC50=6.04 (generic negative-log potency)
ACT_18216497,MG00112,MG00112,2,2,rounding_or_pEC50_conversion_duplicate,log_mean_pEC50,5.6631,2172.2,CM00203,PARENT0374,PMID_28866269,ASSY_CHEMBL4046910,calcium,PAM_functional_calcium,,acetylcholine,,EC50,=,2207.0,5.6562,Homo sapiens,yes,yes,yes,,,,,,,cat=PAM_functional_calcium; standard_type=EC50; source_kind=primary_article; legacy pEC50=5.66 (generic negative-log potency)
ACT_18216499,MG00437,MG00437,2,2,rounding_or_pEC50_conversion_duplicate,log_mean_pEC50,5.2594,5503.01,CM00815,PARENT0375,PMID_28866269,ASSY_CHEMBL4046910,calcium,PAM_functional_calcium,,acetylcholine,,EC50,=,5640.0,5.2487,Homo sapiens,yes,yes,yes,,,,,,,cat=PAM_functional_calcium; standard_type=EC50; source_kind=primary_article; legacy pEC50=5.25 (generic negative-log potency)
ACT_18216500,MG00099,MG00099,2,2,rounding_or_pEC50_conversion_duplicate,log_mean_pEC50,6.7428,180.8,CM00178,PARENT0376,PMID_28866269,ASSY_CHEMBL4046910,calcium,PAM_functional_calcium,,acetylcholine,,EC50,=,197.0,6.7055,Homo sapiens,yes,yes,yes,,,,,,,cat=PAM_functional_calcium; standard_type=EC50; source_kind=primary_article; legacy pEC50=6.71 (generic negative-log potency)
ACT_18216502,MG00147,MG00147,2,2,rounding_or_pEC50_conversion_duplicate,log_mean_pEC50,6.2444,569.64,CM00275,PARENT0378,PMID_28866269,ASSY_CHEMBL4046910,calcium,PAM_functional_calcium,,acetylcholine,,EC50,=,577.0,6.2388,Homo sapiens,yes,yes,yes,,,,,,,cat=PAM_functional_calcium; standard_type=EC50; source_kind=primary_article; legacy pEC50=6.24 (generic negative-log potency)
ACT_18216503,MG00104,MG00104,2,2,rounding_or_pEC50_conversion_duplicate,log_mean_pEC50,6.3004,500.73,CM00187,PARENT0379,PMID_28866269,ASSY_CHEMBL4046910,calcium,PAM_functional_calcium,,acetylcholine,,EC50,=,512.0,6.2907,Homo sapiens,yes,yes,yes,,,,,,,cat=PAM_functional_calcium; standard_type=EC50; source_kind=primary_article; legacy pEC50=6.29 (generic negative-log potency)
ACT_18216504,MG00002,MG00002,2,2,rounding_or_pEC50_conversion_duplicate,log_mean_pEC50,5.8884,1293.0,CM00004,PARENT0380,PMID_28866269,ASSY_CHEMBL4046910,calcium,PAM_functional_calcium,,acetylcholine,,EC50,=,1298.0,5.8867,Homo sapiens,yes,yes,yes,,,,,,,cat=PAM_functional_calcium; standard_type=EC50; source_kind=primary_article; legacy pEC50=5.89 (generic negative-log potency)
ACT_18216505,MG00445,MG00445,2,2,rounding_or_pEC50_conversion_duplicate,log_mean_pEC50,5.4937,3208.48,CM00827,PARENT0381,PMID_28866269,ASSY_CHEMBL4046910,calcium,PAM_functional_calcium,,acetylcholine,,EC50,=,3256.0,5.4873,Homo sapiens,yes,yes,yes,,,,,,,cat=PAM_functional_calcium; standard_type=EC50; source_kind=primary_article; legacy pEC50=5.49 (generic negative-log potency)
ACT_18216506,MG00211,MG00211,2,2,rounding_or_pEC50_conversion_duplicate,log_mean_pEC50,6.1942,639.44,CM00389,PARENT0382,PMID_28866269,ASSY_CHEMBL4046910,calcium,PAM_functional_calcium,,acetylcholine,,EC50,=,648.0,6.1884,Homo sapiens,yes,yes,yes,,,,,,,cat=PAM_functional_calcium; standard_type=EC50; source_kind=primary_article; legacy pEC50=6.19 (generic negative-log potency)
ACT_18216507,MG00397,MG00397,2,2,rounding_or_pEC50_conversion_duplicate,log_mean_pEC50,6.1879,648.78,CM00730,PARENT0383,PMID_28866269,ASSY_CHEMBL4046910,calcium,PAM_functional_calcium,,acetylcholine,,EC50,=,652.0,6.1858,Homo sapiens,yes,yes,yes,,,,,,,cat=PAM_functional_calcium; standard_type=EC50; source_kind=primary_article; legacy pEC50=6.19 (generic negative-log potency)
ACT_18216508,MG00029,MG00029,2,2,rounding_or_pEC50_conversion_duplicate,log_mean_pEC50,5.1957,6372.36,CM00050,PARENT0384,PMID_28866269,ASSY_CHEMBL4046910,calcium,PAM_functional_calcium,,acetylcholine,,EC50,=,6436.0,5.1914,Homo sapiens,yes,yes,yes,,,,,,,cat=PAM_functional_calcium; standard_type=EC50; source_kind=primary_article; legacy pEC50=5.19 (generic negative-log potency)
ACT_18216509,MG00140,MG00140,2,2,rounding_or_pEC50_conversion_duplicate,log_mean_pEC50,5.8496,1413.84,CM00257,PARENT0385,PMID_28866269,ASSY_CHEMBL4046910,calcium,PAM_functional_calcium,,acetylcholine,,EC50,=,1415.0,5.8492,Homo sapiens,yes,yes,yes,,,,,,,cat=PAM_functional_calcium; standard_type=EC50; source_kind=primary_article; legacy pEC50=5.85 (generic negative-log potency)
ACT_18216510,MG00036,MG00036,2,2,rounding_or_pEC50_conversion_duplicate,log_mean_pEC50,6.2092,617.73,CM00063,PARENT0386,PMID_28866269,ASSY_CHEMBL4046910,calcium,PAM_functional_calcium,,acetylcholine,,EC50,=,619.0,6.2083,Homo sapiens,yes,yes,yes,,,,,,,cat=PAM_functional_calcium; standard_type=EC50; source_kind=primary_article; legacy pEC50=6.21 (generic negative-log potency)
ACT_18216511,MG00319,MG00319,2,2,rounding_or_pEC50_conversion_duplicate,log_mean_pEC50,6.05,891.25,CM00592,PARENT0387,PMID_28866269,ASSY_CHEMBL4046910,calcium,PAM_functional_calcium,,acetylcholine,,EC50,=,912.0,6.04,Homo sapiens,yes,yes,yes,,,,,,,cat=PAM_functional_calcium; standard_type=EC50; source_kind=primary_article; legacy pEC50=6.04 (generic negative-log potency)
ACT_18216512,MG00238,MG00238,2,2,rounding_or_pEC50_conversion_duplicate,log_mean_pEC50,6.0284,936.7,CM00434,PARENT0388,PMID_28866269,ASSY_CHEMBL4046910,calcium,PAM_functional_calcium,,acetylcholine,,EC50,=,940.0,6.0269,Homo sapiens,yes,yes,yes,,,,,,,cat=PAM_functional_calcium; standard_type=EC50; source_kind=primary_article; legacy pEC50=6.03 (generic negative-log potency)
ACT_18216513,MG00303,MG00303,2,2,rounding_or_pEC50_conversion_duplicate,log_mean_pEC50,5.7677,1707.26,CM00558,PARENT0389,PMID_28866269,ASSY_CHEMBL4046910,calcium,PAM_functional_calcium,,acetylcholine,,EC50,=,1756.0,5.7555,Homo sapiens,yes,yes,yes,,,,,,,cat=PAM_functional_calcium; standard_type=EC50; source_kind=primary_article; legacy pEC50=5.75 (generic negative-log potency)
ACT_18216514,MG00216,MG00216,2,2,rounding_or_pEC50_conversion_duplicate,log_mean_pEC50,6.8313,147.47,CM00403,PARENT0390,PMID_28866269,ASSY_CHEMBL4046910,calcium,PAM_functional_calcium,,acetylcholine,,EC50,=,147.0,6.8327,Homo sapiens,yes,yes,yes,,,,,,,cat=PAM_functional_calcium; standard_type=EC50; source_kind=primary_article; legacy pEC50=6.83 (generic negative-log potency)
ACT_18216515,MG00247,MG00247,2,2,rounding_or_pEC50_conversion_duplicate,log_mean_pEC50,6.249,563.64,CM00450,PARENT0391,PMID_28866269,ASSY_CHEMBL4046910,calcium,PAM_functional_calcium,,acetylcholine,,EC50,=,565.0,6.248,Homo sapiens,yes,yes,yes,,,,,,,cat=PAM_functional_calcium; standard_type=EC50; source_kind=primary_article; legacy pEC50=6.25 (generic negative-log potency)
ACT_18216516,MG00182,MG00182,2,2,rounding_or_pEC50_conversion_duplicate,log_mean_pEC50,6.6228,238.34,CM00338,PARENT0392,PMID_28866269,ASSY_CHEMBL4046910,calcium,PAM_functional_calcium,,acetylcholine,,EC50,=,248.0,6.6055,Homo sapiens,yes,yes,yes,,,,,,,cat=PAM_functional_calcium; standard_type=EC50; source_kind=primary_article; legacy pEC50=6.61 (generic negative-log potency)
ACT_18216517,MG00189,MG00189,2,2,rounding_or_pEC50_conversion_duplicate,log_mean_pEC50,5.9715,1067.82,CM00355,PARENT0393,PMID_28866269,ASSY_CHEMBL4046910,calcium,PAM_functional_calcium,,acetylcholine,,EC50,=,1089.0,5.963,Homo sapiens,yes,yes,yes,,,,,,,cat=PAM_functional_calcium; standard_type=EC50; source_kind=primary_article; legacy pEC50=5.96 (generic negative-log potency)
ACT_18216518,MG00190,MG00190,2,2,rounding_or_pEC50_conversion_duplicate,log_mean_pEC50,6.1939,639.88,CM00356,PARENT0394,PMID_28866269,ASSY_CHEMBL4046910,calcium,PAM_functional_calcium,,acetylcholine,,EC50,=,664.0,6.1778,Homo sapiens,yes,yes,yes,,,,,,,cat=PAM_functional_calcium; standard_type=EC50; source_kind=primary_article; legacy pEC50=6.18 (generic negative-log potency)
ACT_18216519,MG00320,MG00320,2,2,rounding_or_pEC50_conversion_duplicate,log_mean_pEC50,6.2082,619.16,CM00593,PARENT0395,PMID_28866269,ASSY_CHEMBL4046910,calcium,PAM_functional_calcium,,acetylcholine,,EC50,=,651.0,6.1864,Homo sapiens,yes,yes,yes,,,,,,,cat=PAM_functional_calcium; standard_type=EC50; source_kind=primary_article; legacy pEC50=6.19 (generic negative-log potency)
ACT_18216520,MG00366,MG00366,2,2,rounding_or_pEC50_conversion_duplicate,log_mean_pEC50,5.9786,1050.51,CM00674,PARENT0396,PMID_28866269,ASSY_CHEMBL4046910,calcium,PAM_functional_calcium,,acetylcholine,,EC50,=,897.0,6.0472,Homo sapiens,yes,yes,yes,,,,,,,cat=PAM_functional_calcium; standard_type=EC50; source_kind=primary_article; legacy pEC50=6.05 (generic negative-log potency)
ACT_18216562,MG00366,MG00366,2,2,rounding_or_pEC50_conversion_duplicate,log_mean_pEC50,5.9786,1050.51,CM00674,PARENT0396,PMID_28866269,ASSY_CHEMBL4046910,calcium,PAM_functional_calcium,,acetylcholine,,EC50,=,1230.27,5.91,Homo sapiens,yes,yes,yes,,,,,,,cat=PAM_functional_calcium; standard_type=EC50; source_kind=primary_article; legacy pEC50=5.91 (generic negative-log potency)
ACT_18216563,MG00320,MG00320,2,2,rounding_or_pEC50_conversion_duplicate,log_mean_pEC50,6.2082,619.16,CM00593,PARENT0395,PMID_28866269,ASSY_CHEMBL4046910,calcium,PAM_functional_calcium,,acetylcholine,,EC50,=,588.84,6.23,Homo sapiens,yes,yes,yes,,,,,,,cat=PAM_functional_calcium; standard_type=EC50; source_kind=primary_article; legacy pEC50=6.23 (generic negative-log potency)
ACT_18216564,MG00190,MG00190,2,2,rounding_or_pEC50_conversion_duplicate,log_mean_pEC50,6.1939,639.88,CM00356,PARENT0394,PMID_28866269,ASSY_CHEMBL4046910,calcium,PAM_functional_calcium,,acetylcholine,,EC50,=,616.6,6.21,Homo sapiens,yes,yes,yes,,,,,,,cat=PAM_functional_calcium; standard_type=EC50; source_kind=primary_article; legacy pEC50=6.21 (generic negative-log potency)
ACT_18216565,MG00189,MG00189,2,2,rounding_or_pEC50_conversion_duplicate,log_mean_pEC50,5.9715,1067.82,CM00355,PARENT0393,PMID_28866269,ASSY_CHEMBL4046910,calcium,PAM_functional_calcium,,acetylcholine,,EC50,=,1047.13,5.98,Homo sapiens,yes,yes,yes,,,,,,,cat=PAM_functional_calcium; standard_type=EC50; source_kind=primary_article; legacy pEC50=5.98 (generic negative-log potency)
ACT_18216566,MG00182,MG00182,2,2,rounding_or_pEC50_conversion_duplicate,log_mean_pEC50,6.6228,238.34,CM00338,PARENT0392,PMID_28866269,ASSY_CHEMBL4046910,calcium,PAM_functional_calcium,,acetylcholine,,EC50,=,229.09,6.64,Homo sapiens,yes,yes,yes,,,,,,,cat=PAM_functional_calcium; standard_type=EC50; source_kind=primary_article; legacy pEC50=6.64 (generic negative-log potency)
ACT_18216567,MG00247,MG00247,2,2,rounding_or_pEC50_conversion_duplicate,log_mean_pEC50,6.249,563.64,CM00450,PARENT0391,PMID_28866269,ASSY_CHEMBL4046910,calcium,PAM_functional_calcium,,acetylcholine,,EC50,=,562.34,6.25,Homo sapiens,yes,yes,yes,,,,,,,cat=PAM_functional_calcium; standard_type=EC50; source_kind=primary_article; legacy pEC50=6.25 (generic negative-log potency)
ACT_18216568,MG00216,MG00216,2,2,rounding_or_pEC50_conversion_duplicate,log_mean_pEC50,6.8313,147.47,CM00403,PARENT0390,PMID_28866269,ASSY_CHEMBL4046910,calcium,PAM_functional_calcium,,acetylcholine,,EC50,=,147.91,6.83,Homo sapiens,yes,yes,yes,,,,,,,cat=PAM_functional_calcium; standard_type=EC50; source_kind=primary_article; legacy pEC50=6.83 (generic negative-log potency)
ACT_18216569,MG00303,MG00303,2,2,rounding_or_pEC50_conversion_duplicate,log_mean_pEC50,5.7677,1707.26,CM00558,PARENT0389,PMID_28866269,ASSY_CHEMBL4046910,calcium,PAM_functional_calcium,,acetylcholine,,EC50,=,1659.59,5.78,Homo sapiens,yes,yes,yes,,,,,,,cat=PAM_functional_calcium; standard_type=EC50; source_kind=primary_article; legacy pEC50=5.78 (generic negative-log potency)
ACT_18216570,MG00238,MG00238,2,2,rounding_or_pEC50_conversion_duplicate,log_mean_pEC50,6.0284,936.7,CM00434,PARENT0388,PMID_28866269,ASSY_CHEMBL4046910,calcium,PAM_functional_calcium,,acetylcholine,,EC50,=,933.25,6.03,Homo sapiens,yes,yes,yes,,,,,,,cat=PAM_functional_calcium; standard_type=EC50; source_kind=primary_article; legacy pEC50=6.03 (generic negative-log potency)
ACT_18216571,MG00319,MG00319,2,2,rounding_or_pEC50_conversion_duplicate,log_mean_pEC50,6.05,891.25,CM00592,PARENT0387,PMID_28866269,ASSY_CHEMBL4046910,calcium,PAM_functional_calcium,,acetylcholine,,EC50,=,870.96,6.06,Homo sapiens,yes,yes,yes,,,,,,,cat=PAM_functional_calcium; standard_type=EC50; source_kind=primary_article; legacy pEC50=6.06 (generic negative-log potency)
ACT_18216572,MG00036,MG00036,2,2,rounding_or_pEC50_conversion_duplicate,log_mean_pEC50,6.2092,617.73,CM00063,PARENT0386,PMID_28866269,ASSY_CHEMBL4046910,calcium,PAM_functional_calcium,,acetylcholine,,EC50,=,616.6,6.21,Homo sapiens,yes,yes,yes,,,,,,,cat=PAM_functional_calcium; standard_type=EC50; source_kind=primary_article; legacy pEC50=6.21 (generic negative-log potency)
ACT_18216573,MG00140,MG00140,2,2,rounding_or_pEC50_conversion_duplicate,log_mean_pEC50,5.8496,1413.84,CM00257,PARENT0385,PMID_28866269,ASSY_CHEMBL4046910,calcium,PAM_functional_calcium,,acetylcholine,,EC50,=,1412.54,5.85,Homo sapiens,yes,yes,yes,,,,,,,cat=PAM_functional_calcium; standard_type=EC50; source_kind=primary_article; legacy pEC50=5.85 (generic negative-log potency)
ACT_18216574,MG00029,MG00029,2,2,rounding_or_pEC50_conversion_duplicate,log_mean_pEC50,5.1957,6372.36,CM00050,PARENT0384,PMID_28866269,ASSY_CHEMBL4046910,calcium,PAM_functional_calcium,,acetylcholine,,EC50,=,6309.57,5.2,Homo sapiens,yes,yes,yes,,,,,,,cat=PAM_functional_calcium; standard_type=EC50; source_kind=primary_article; legacy pEC50=5.2 (generic negative-log potency)
ACT_18216575,MG00397,MG00397,2,2,rounding_or_pEC50_conversion_duplicate,log_mean_pEC50,6.1879,648.78,CM00730,PARENT0383,PMID_28866269,ASSY_CHEMBL4046910,calcium,PAM_functional_calcium,,acetylcholine,,EC50,=,645.65,6.19,Homo sapiens,yes,yes,yes,,,,,,,cat=PAM_functional_calcium; standard_type=EC50; source_kind=primary_article; legacy pEC50=6.19 (generic negative-log potency)
ACT_18216576,MG00211,MG00211,2,2,rounding_or_pEC50_conversion_duplicate,log_mean_pEC50,6.1942,639.44,CM00389,PARENT0382,PMID_28866269,ASSY_CHEMBL4046910,calcium,PAM_functional_calcium,,acetylcholine,,EC50,=,630.96,6.2,Homo sapiens,yes,yes,yes,,,,,,,cat=PAM_functional_calcium; standard_type=EC50; source_kind=primary_article; legacy pEC50=6.2 (generic negative-log potency)
ACT_18216577,MG00445,MG00445,2,2,rounding_or_pEC50_conversion_duplicate,log_mean_pEC50,5.4937,3208.48,CM00827,PARENT0381,PMID_28866269,ASSY_CHEMBL4046910,calcium,PAM_functional_calcium,,acetylcholine,,EC50,=,3162.28,5.5,Homo sapiens,yes,yes,yes,,,,,,,cat=PAM_functional_calcium; standard_type=EC50; source_kind=primary_article; legacy pEC50=5.5 (generic negative-log potency)
ACT_18216578,MG00002,MG00002,2,2,rounding_or_pEC50_conversion_duplicate,log_mean_pEC50,5.8884,1293.0,CM00004,PARENT0380,PMID_28866269,ASSY_CHEMBL4046910,calcium,PAM_functional_calcium,,acetylcholine,,EC50,=,1288.25,5.89,Homo sapiens,yes,yes,yes,,,,,,,cat=PAM_functional_calcium; standard_type=EC50; source_kind=primary_article; legacy pEC50=5.89 (generic negative-log potency)
ACT_18216579,MG00104,MG00104,2,2,rounding_or_pEC50_conversion_duplicate,log_mean_pEC50,6.3004,500.73,CM00187,PARENT0379,PMID_28866269,ASSY_CHEMBL4046910,calcium,PAM_functional_calcium,,acetylcholine,,EC50,=,489.78,6.31,Homo sapiens,yes,yes,yes,,,,,,,cat=PAM_functional_calcium; standard_type=EC50; source_kind=primary_article; legacy pEC50=6.31 (generic negative-log potency)
ACT_18216580,MG00147,MG00147,2,2,rounding_or_pEC50_conversion_duplicate,log_mean_pEC50,6.2444,569.64,CM00275,PARENT0378,PMID_28866269,ASSY_CHEMBL4046910,calcium,PAM_functional_calcium,,acetylcholine,,EC50,=,562.34,6.25,Homo sapiens,yes,yes,yes,,,,,,,cat=PAM_functional_calcium; standard_type=EC50; source_kind=primary_article; legacy pEC50=6.25 (generic negative-log potency)
ACT_18216581,MG00099,MG00099,2,2,rounding_or_pEC50_conversion_duplicate,log_mean_pEC50,6.7428,180.8,CM00178,PARENT0376,PMID_28866269,ASSY_CHEMBL4046910,calcium,PAM_functional_calcium,,acetylcholine,,EC50,=,165.96,6.78,Homo sapiens,yes,yes,yes,,,,,,,cat=PAM_functional_calcium; standard_type=EC50; source_kind=primary_article; legacy pEC50=6.78 (generic negative-log potency)
ACT_18216582,MG00437,MG00437,2,2,rounding_or_pEC50_conversion_duplicate,log_mean_pEC50,5.2594,5503.01,CM00815,PARENT0375,PMID_28866269,ASSY_CHEMBL4046910,calcium,PAM_functional_calcium,,acetylcholine,,EC50,=,5370.32,5.27,Homo sapiens,yes,yes,yes,,,,,,,cat=PAM_functional_calcium; standard_type=EC50; source_kind=primary_article; legacy pEC50=5.27 (generic negative-log potency)
ACT_18216584,MG00112,MG00112,2,2,rounding_or_pEC50_conversion_duplicate,log_mean_pEC50,5.6631,2172.2,CM00203,PARENT0374,PMID_28866269,ASSY_CHEMBL4046910,calcium,PAM_functional_calcium,,acetylcholine,,EC50,=,2137.96,5.67,Homo sapiens,yes,yes,yes,,,,,,,cat=PAM_functional_calcium; standard_type=EC50; source_kind=primary_article; legacy pEC50=5.67 (generic negative-log potency)
ACT_18216585,MG00173,MG00173,2,2,rounding_or_pEC50_conversion_duplicate,log_mean_pEC50,6.0417,908.45,CM00327,PARENT0373,PMID_28866269,ASSY_CHEMBL4046910,calcium,PAM_functional_calcium,,acetylcholine,,EC50,=,912.01,6.04,Homo sapiens,yes,yes,yes,,,,,,,cat=PAM_functional_calcium; standard_type=EC50; source_kind=primary_article; legacy pEC50=6.04 (generic negative-log potency)
ACT_18216586,MG00412,MG00412,2,2,rounding_or_pEC50_conversion_duplicate,log_mean_pEC50,5.5251,2984.7,CM00762,PARENT0372,PMID_28866269,ASSY_CHEMBL4046910,calcium,PAM_functional_calcium,,acetylcholine,,EC50,=,2951.21,5.53,Homo sapiens,yes,yes,yes,,,,,,,cat=PAM_functional_calcium; standard_type=EC50; source_kind=primary_article; legacy pEC50=5.53 (generic negative-log potency)
ACT_18216587,MG00425,MG00425,2,2,rounding_or_pEC50_conversion_duplicate,log_mean_pEC50,6.2467,566.63,CM00787,PARENT0371,PMID_28866269,ASSY_CHEMBL4046910,calcium,PAM_functional_calcium,,acetylcholine,,EC50,=,562.34,6.25,Homo sapiens,yes,yes,yes,,,,,,,cat=PAM_functional_calcium; standard_type=EC50; source_kind=primary_article; legacy pEC50=6.25 (generic negative-log potency)
ACT_18216588,MG00352,MG00352,2,2,rounding_or_pEC50_conversion_duplicate,log_mean_pEC50,6.6658,215.87,CM00650,PARENT0370,PMID_28866269,ASSY_CHEMBL4046910,calcium,PAM_functional_calcium,,acetylcholine,,EC50,=,208.93,6.68,Homo sapiens,yes,yes,yes,,,,,,,cat=PAM_functional_calcium; standard_type=EC50; source_kind=primary_article; legacy pEC50=6.68 (generic negative-log potency)
ACT_18216589,MG00068,MG00068,2,2,rounding_or_pEC50_conversion_duplicate,log_mean_pEC50,5.6875,2053.53,CM00118,PARENT0369,PMID_28866269,ASSY_CHEMBL4046910,calcium,PAM_functional_calcium,,acetylcholine,,EC50,=,2041.74,5.69,Homo sapiens,yes,yes,yes,,,,,,,cat=PAM_functional_calcium; standard_type=EC50; source_kind=primary_article; legacy pEC50=5.69 (generic negative-log potency)
ACT_18461648,MG00415,MG00415,2,2,rounding_or_pEC50_conversion_duplicate,log_mean_pEC50,6.6995,199.76,CM00765,PARENT0399,PMID_29089231,ASSY_CHEMBL4180723,calcium,PAM_functional_calcium,CHO,acetylcholine,,EC50,=,200.0,6.699,Homo sapiens,yes,yes,yes,,,,,,,cat=PAM_functional_calcium; standard_type=EC50; source_kind=primary_article; legacy pEC50=6.7 (generic negative-log potency)
ACT_18461649,MG00075,MG00075,2,2,rounding_or_pEC50_conversion_duplicate,log_mean_pEC50,6.34,457.09,CM00130,PARENT0400,PMID_29089231,ASSY_CHEMBL4180723,calcium,PAM_functional_calcium,CHO,acetylcholine,,EC50,=,457.0,6.3401,Homo sapiens,yes,yes,yes,,,,,,,cat=PAM_functional_calcium; standard_type=EC50; source_kind=primary_article; legacy pEC50=6.34 (generic negative-log potency)
ACT_18461650,MG00349,MG00349,2,2,rounding_or_pEC50_conversion_duplicate,log_mean_pEC50,6.07,851.14,CM00646,PARENT0401,PMID_29089231,ASSY_CHEMBL4180723,calcium,PAM_functional_calcium,CHO,acetylcholine,,EC50,=,851.0,6.0701,Homo sapiens,yes,yes,yes,,,,,,,cat=PAM_functional_calcium; standard_type=EC50; source_kind=primary_article; legacy pEC50=6.07 (generic negative-log potency)
ACT_18461651,MG00394,MG00394,2,2,rounding_or_pEC50_conversion_duplicate,log_mean_pEC50,5.9601,1096.23,CM00718,PARENT0402,PMID_29089231,ASSY_CHEMBL4180723,calcium,PAM_functional_calcium,CHO,acetylcholine,,EC50,=,1096.0,5.9602,Homo sapiens,yes,yes,yes,,,,,,,cat=PAM_functional_calcium; standard_type=EC50; source_kind=primary_article; legacy pEC50=5.96 (generic negative-log potency)
ACT_18461652,MG00259,MG00259,2,2,rounding_or_pEC50_conversion_duplicate,log_mean_pEC50,5.6401,2290.34,CM00470,PARENT0403,PMID_29089231,ASSY_CHEMBL4180723,calcium,PAM_functional_calcium,CHO,acetylcholine,,EC50,=,2290.0,5.6402,Homo sapiens,yes,yes,yes,,,,,,,cat=PAM_functional_calcium; standard_type=EC50; source_kind=primary_article; legacy pEC50=5.64 (generic negative-log potency)
ACT_18461654,MG00389,MG00389,2,2,rounding_or_pEC50_conversion_duplicate,log_mean_pEC50,6.4801,331.05,CM00711,PARENT0405,PMID_29089231,ASSY_CHEMBL4180723,calcium,PAM_functional_calcium,CHO,acetylcholine,,EC50,=,331.0,6.4802,Homo sapiens,yes,yes,yes,,,,,,,cat=PAM_functional_calcium; standard_type=EC50; source_kind=primary_article; legacy pEC50=6.48 (generic negative-log potency)
ACT_18461655,MG00004,MG00004,2,2,rounding_or_pEC50_conversion_duplicate,log_mean_pEC50,6.3902,407.19,CM00011,PARENT0406,PMID_29089231,ASSY_CHEMBL4180723,calcium,PAM_functional_calcium,CHO,acetylcholine,,EC50,=,407.0,6.3904,Homo sapiens,yes,yes,yes,,,,,,,cat=PAM_functional_calcium; standard_type=EC50; source_kind=primary_article; legacy pEC50=6.39 (generic negative-log potency)
ACT_18461656,MG00049,MG00049,2,2,rounding_or_pEC50_conversion_duplicate,log_mean_pEC50,7.2421,57.27,CM00088,PARENT0407,PMID_29089231,ASSY_CHEMBL4180723,calcium,PAM_functional_calcium,CHO,acetylcholine,,EC50,=,57.0,7.2441,Homo sapiens,yes,yes,yes,,,,,,,cat=PAM_functional_calcium; standard_type=EC50; source_kind=primary_article; legacy pEC50=7.24 (generic negative-log potency)
ACT_18461657,MG00017,MG00017,2,2,rounding_or_pEC50_conversion_duplicate,log_mean_pEC50,6.8205,151.18,CM00036,PARENT0408,PMID_29089231,ASSY_CHEMBL4180723,calcium,PAM_functional_calcium,CHO,acetylcholine,,EC50,=,151.0,6.821,Homo sapiens,yes,yes,yes,,,,,,,cat=PAM_functional_calcium; standard_type=EC50; source_kind=primary_article; legacy pEC50=6.82 (generic negative-log potency)
ACT_18461660,MG00174,MG00174,2,2,rounding_or_pEC50_conversion_duplicate,log_mean_pEC50,5.98,1047.13,CM00328,PARENT0411,PMID_29089231,ASSY_CHEMBL4180723,calcium,PAM_functional_calcium,CHO,acetylcholine,,EC50,=,1047.0,5.9801,Homo sapiens,yes,yes,yes,,,,,,,cat=PAM_functional_calcium; standard_type=EC50; source_kind=primary_article; legacy pEC50=5.98 (generic negative-log potency)
ACT_18461661,MG00297,MG00297,2,2,rounding_or_pEC50_conversion_duplicate,log_mean_pEC50,6.3799,416.97,CM00544,PARENT0412,PMID_29089231,ASSY_CHEMBL4180723,calcium,PAM_functional_calcium,CHO,acetylcholine,,EC50,=,417.0,6.3799,Homo sapiens,yes,yes,yes,,,,,,,cat=PAM_functional_calcium; standard_type=EC50; source_kind=primary_article; legacy pEC50=6.38 (generic negative-log potency)
ACT_18461662,MG00357,MG00357,2,2,rounding_or_pEC50_conversion_duplicate,log_mean_pEC50,6.3498,446.89,CM00660,PARENT0413,PMID_29089231,ASSY_CHEMBL4180723,calcium,PAM_functional_calcium,CHO,acetylcholine,,EC50,=,447.0,6.3497,Homo sapiens,yes,yes,yes,,,,,,,cat=PAM_functional_calcium; standard_type=EC50; source_kind=primary_article; legacy pEC50=6.35 (generic negative-log potency)
ACT_18461663,MG00339,MG00339,2,2,rounding_or_pEC50_conversion_duplicate,log_mean_pEC50,5.6499,2239.24,CM00629,PARENT0414,PMID_29089231,ASSY_CHEMBL4180723,calcium,PAM_functional_calcium,CHO,acetylcholine,,EC50,=,2240.0,5.6498,Homo sapiens,yes,yes,yes,,,,,,,cat=PAM_functional_calcium; standard_type=EC50; source_kind=primary_article; legacy pEC50=5.65 (generic negative-log potency)
ACT_18461664,MG00139,MG00139,2,2,rounding_or_pEC50_conversion_duplicate,log_mean_pEC50,6.5002,316.08,CM00251,PARENT0415,PMID_29089231,ASSY_CHEMBL4180723,calcium,PAM_functional_calcium,CHO,acetylcholine,,EC50,=,316.0,6.5003,Homo sapiens,yes,yes,yes,,,,,,,cat=PAM_functional_calcium; standard_type=EC50; source_kind=primary_article; legacy pEC50=6.5 (generic negative-log potency)
ACT_18461665,MG00312,MG00312,2,2,rounding_or_pEC50_conversion_duplicate,log_mean_pEC50,6.44,363.08,CM00580,PARENT0416,PMID_29089231,ASSY_CHEMBL4180723,calcium,PAM_functional_calcium,CHO,acetylcholine,,EC50,=,363.0,6.4401,Homo sapiens,yes,yes,yes,,,,,,,cat=PAM_functional_calcium; standard_type=EC50; source_kind=primary_article; legacy pEC50=6.44 (generic negative-log potency)
ACT_18461666,MG00030,MG00030,2,2,rounding_or_pEC50_conversion_duplicate,log_mean_pEC50,5.8205,1511.82,CM00051,PARENT0417,PMID_29089231,ASSY_CHEMBL4180723,calcium,PAM_functional_calcium,CHO,acetylcholine,,EC50,=,1510.0,5.821,Homo sapiens,yes,yes,yes,,,,,,,cat=PAM_functional_calcium; standard_type=EC50; source_kind=primary_article; legacy pEC50=5.82 (generic negative-log potency)
ACT_18461667,MG00398,MG00398,2,2,rounding_or_pEC50_conversion_duplicate,log_mean_pEC50,5.8386,1450.11,CM00732,PARENT0418,PMID_29089231,ASSY_CHEMBL4180723,calcium,PAM_functional_calcium,CHO,acetylcholine,,EC50,=,1455.0,5.8371,Homo sapiens,yes,yes,yes,,,,,,,cat=PAM_functional_calcium; standard_type=EC50; source_kind=primary_article; legacy pEC50=5.84 (generic negative-log potency)
ACT_18461668,MG00106,MG00106,2,2,rounding_or_pEC50_conversion_duplicate,log_mean_pEC50,6.4397,363.33,CM00194,PARENT0419,PMID_29089231,ASSY_CHEMBL4180723,calcium,PAM_functional_calcium,CHO,acetylcholine,,EC50,=,324.0,6.4895,Homo sapiens,yes,yes,yes,,,,,,,cat=PAM_functional_calcium; standard_type=EC50; source_kind=primary_article; legacy pEC50=6.49 (generic negative-log potency)
ACT_18461669,MG00360,MG00360,1,1,single,single,7.041,90.99,CM00666,PARENT0312,PMID_29089231,ASSY_CHEMBL4180723,calcium,PAM_functional_calcium,CHO,acetylcholine,,EC50,=,91.0,7.041,Homo sapiens,yes,yes,yes,,,,,,,cat=PAM_functional_calcium; standard_type=EC50; source_kind=primary_article; legacy pEC50=7.04 (generic negative-log potency)
ACT_18461691,MG00277,MG00277,2,2,rounding_or_pEC50_conversion_duplicate,log_mean_pEC50,6.7498,177.91,CM00503,PARENT0421,PMID_29089231,ASSY_CHEMBL4180723,calcium,PAM_functional_calcium,CHO,acetylcholine,,EC50,=,178.0,6.7496,Homo sapiens,yes,yes,yes,,,,,,,cat=PAM_functional_calcium; standard_type=EC50; source_kind=primary_article; legacy pEC50=6.75 (generic negative-log potency)
ACT_18461692,MG00304,MG00304,2,2,rounding_or_pEC50_conversion_duplicate,log_mean_pEC50,7.1413,72.23,CM00563,PARENT0420,PMID_29089231,ASSY_CHEMBL4180723,calcium,PAM_functional_calcium,CHO,acetylcholine,,EC50,=,72.0,7.1427,Homo sapiens,yes,yes,yes,,,,,,,cat=PAM_functional_calcium; standard_type=EC50; source_kind=primary_article; legacy pEC50=7.14 (generic negative-log potency)
ACT_18461719,MG00304,MG00304,2,2,rounding_or_pEC50_conversion_duplicate,log_mean_pEC50,7.1413,72.23,CM00563,PARENT0420,PMID_29089231,ASSY_CHEMBL4180723,calcium,PAM_functional_calcium,CHO,acetylcholine,,EC50,=,72.44,7.14,Homo sapiens,yes,yes,yes,,,,,,,cat=PAM_functional_calcium; standard_type=EC50; source_kind=primary_article; legacy pEC50=7.14 (generic negative-log potency)
ACT_18461720,MG00277,MG00277,2,2,rounding_or_pEC50_conversion_duplicate,log_mean_pEC50,6.7498,177.91,CM00503,PARENT0421,PMID_29089231,ASSY_CHEMBL4180723,calcium,PAM_functional_calcium,CHO,acetylcholine,,EC50,=,177.83,6.75,Homo sapiens,yes,yes,yes,,,,,,,cat=PAM_functional_calcium; standard_type=EC50; source_kind=primary_article; legacy pEC50=6.75 (generic negative-log potency)
ACT_18461721,MG00415,MG00415,2,2,rounding_or_pEC50_conversion_duplicate,log_mean_pEC50,6.6995,199.76,CM00765,PARENT0399,PMID_29089231,ASSY_CHEMBL4180723,calcium,PAM_functional_calcium,CHO,acetylcholine,,EC50,=,199.53,6.7,Homo sapiens,yes,yes,yes,,,,,,,cat=PAM_functional_calcium; standard_type=EC50; source_kind=primary_article; legacy pEC50=6.7 (generic negative-log potency)
ACT_18461722,MG00075,MG00075,2,2,rounding_or_pEC50_conversion_duplicate,log_mean_pEC50,6.34,457.09,CM00130,PARENT0400,PMID_29089231,ASSY_CHEMBL4180723,calcium,PAM_functional_calcium,CHO,acetylcholine,,EC50,=,457.09,6.34,Homo sapiens,yes,yes,yes,,,,,,,cat=PAM_functional_calcium; standard_type=EC50; source_kind=primary_article; legacy pEC50=6.34 (generic negative-log potency)
ACT_18461723,MG00349,MG00349,2,2,rounding_or_pEC50_conversion_duplicate,log_mean_pEC50,6.07,851.14,CM00646,PARENT0401,PMID_29089231,ASSY_CHEMBL4180723,calcium,PAM_functional_calcium,CHO,acetylcholine,,EC50,=,851.14,6.07,Homo sapiens,yes,yes,yes,,,,,,,cat=PAM_functional_calcium; standard_type=EC50; source_kind=primary_article; legacy pEC50=6.07 (generic negative-log potency)
ACT_18461724,MG00394,MG00394,2,2,rounding_or_pEC50_conversion_duplicate,log_mean_pEC50,5.9601,1096.23,CM00718,PARENT0402,PMID_29089231,ASSY_CHEMBL4180723,calcium,PAM_functional_calcium,CHO,acetylcholine,,EC50,=,1096.48,5.96,Homo sapiens,yes,yes,yes,,,,,,,cat=PAM_functional_calcium; standard_type=EC50; source_kind=primary_article; legacy pEC50=5.96 (generic negative-log potency)
ACT_18461725,MG00259,MG00259,2,2,rounding_or_pEC50_conversion_duplicate,log_mean_pEC50,5.6401,2290.34,CM00470,PARENT0403,PMID_29089231,ASSY_CHEMBL4180723,calcium,PAM_functional_calcium,CHO,acetylcholine,,EC50,=,2290.87,5.64,Homo sapiens,yes,yes,yes,,,,,,,cat=PAM_functional_calcium; standard_type=EC50; source_kind=primary_article; legacy pEC50=5.64 (generic negative-log potency)
ACT_18461727,MG00389,MG00389,2,2,rounding_or_pEC50_conversion_duplicate,log_mean_pEC50,6.4801,331.05,CM00711,PARENT0405,PMID_29089231,ASSY_CHEMBL4180723,calcium,PAM_functional_calcium,CHO,acetylcholine,,EC50,=,331.13,6.48,Homo sapiens,yes,yes,yes,,,,,,,cat=PAM_functional_calcium; standard_type=EC50; source_kind=primary_article; legacy pEC50=6.48 (generic negative-log potency)
ACT_18461728,MG00004,MG00004,2,2,rounding_or_pEC50_conversion_duplicate,log_mean_pEC50,6.3902,407.19,CM00011,PARENT0406,PMID_29089231,ASSY_CHEMBL4180723,calcium,PAM_functional_calcium,CHO,acetylcholine,,EC50,=,407.38,6.39,Homo sapiens,yes,yes,yes,,,,,,,cat=PAM_functional_calcium; standard_type=EC50; source_kind=primary_article; legacy pEC50=6.39 (generic negative-log potency)
ACT_18461729,MG00049,MG00049,2,2,rounding_or_pEC50_conversion_duplicate,log_mean_pEC50,7.2421,57.27,CM00088,PARENT0407,PMID_29089231,ASSY_CHEMBL4180723,calcium,PAM_functional_calcium,CHO,acetylcholine,,EC50,=,57.54,7.24,Homo sapiens,yes,yes,yes,,,,,,,cat=PAM_functional_calcium; standard_type=EC50; source_kind=primary_article; legacy pEC50=7.24 (generic negative-log potency)
ACT_18461730,MG00017,MG00017,2,2,rounding_or_pEC50_conversion_duplicate,log_mean_pEC50,6.8205,151.18,CM00036,PARENT0408,PMID_29089231,ASSY_CHEMBL4180723,calcium,PAM_functional_calcium,CHO,acetylcholine,,EC50,=,151.36,6.82,Homo sapiens,yes,yes,yes,,,,,,,cat=PAM_functional_calcium; standard_type=EC50; source_kind=primary_article; legacy pEC50=6.82 (generic negative-log potency)
ACT_18461733,MG00174,MG00174,2,2,rounding_or_pEC50_conversion_duplicate,log_mean_pEC50,5.98,1047.13,CM00328,PARENT0411,PMID_29089231,ASSY_CHEMBL4180723,calcium,PAM_functional_calcium,CHO,acetylcholine,,EC50,=,1047.13,5.98,Homo sapiens,yes,yes,yes,,,,,,,cat=PAM_functional_calcium; standard_type=EC50; source_kind=primary_article; legacy pEC50=5.98 (generic negative-log potency)
ACT_18461734,MG00297,MG00297,2,2,rounding_or_pEC50_conversion_duplicate,log_mean_pEC50,6.3799,416.97,CM00544,PARENT0412,PMID_29089231,ASSY_CHEMBL4180723,calcium,PAM_functional_calcium,CHO,acetylcholine,,EC50,=,416.87,6.38,Homo sapiens,yes,yes,yes,,,,,,,cat=PAM_functional_calcium; standard_type=EC50; source_kind=primary_article; legacy pEC50=6.38 (generic negative-log potency)
ACT_18461735,MG00357,MG00357,2,2,rounding_or_pEC50_conversion_duplicate,log_mean_pEC50,6.3498,446.89,CM00660,PARENT0413,PMID_29089231,ASSY_CHEMBL4180723,calcium,PAM_functional_calcium,CHO,acetylcholine,,EC50,=,446.68,6.35,Homo sapiens,yes,yes,yes,,,,,,,cat=PAM_functional_calcium; standard_type=EC50; source_kind=primary_article; legacy pEC50=6.35 (generic negative-log potency)
ACT_18461736,MG00339,MG00339,2,2,rounding_or_pEC50_conversion_duplicate,log_mean_pEC50,5.6499,2239.24,CM00629,PARENT0414,PMID_29089231,ASSY_CHEMBL4180723,calcium,PAM_functional_calcium,CHO,acetylcholine,,EC50,=,2238.72,5.65,Homo sapiens,yes,yes,yes,,,,,,,cat=PAM_functional_calcium; standard_type=EC50; source_kind=primary_article; legacy pEC50=5.65 (generic negative-log potency)
ACT_18461737,MG00139,MG00139,2,2,rounding_or_pEC50_conversion_duplicate,log_mean_pEC50,6.5002,316.08,CM00251,PARENT0415,PMID_29089231,ASSY_CHEMBL4180723,calcium,PAM_functional_calcium,CHO,acetylcholine,,EC50,=,316.23,6.5,Homo sapiens,yes,yes,yes,,,,,,,cat=PAM_functional_calcium; standard_type=EC50; source_kind=primary_article; legacy pEC50=6.5 (generic negative-log potency)
ACT_18461738,MG00312,MG00312,2,2,rounding_or_pEC50_conversion_duplicate,log_mean_pEC50,6.44,363.08,CM00580,PARENT0416,PMID_29089231,ASSY_CHEMBL4180723,calcium,PAM_functional_calcium,CHO,acetylcholine,,EC50,=,363.08,6.44,Homo sapiens,yes,yes,yes,,,,,,,cat=PAM_functional_calcium; standard_type=EC50; source_kind=primary_article; legacy pEC50=6.44 (generic negative-log potency)
ACT_18461739,MG00030,MG00030,2,2,rounding_or_pEC50_conversion_duplicate,log_mean_pEC50,5.8205,1511.82,CM00051,PARENT0417,PMID_29089231,ASSY_CHEMBL4180723,calcium,PAM_functional_calcium,CHO,acetylcholine,,EC50,=,1513.56,5.82,Homo sapiens,yes,yes,yes,,,,,,,cat=PAM_functional_calcium; standard_type=EC50; source_kind=primary_article; legacy pEC50=5.82 (generic negative-log potency)
ACT_18461740,MG00398,MG00398,2,2,rounding_or_pEC50_conversion_duplicate,log_mean_pEC50,5.8386,1450.11,CM00732,PARENT0418,PMID_29089231,ASSY_CHEMBL4180723,calcium,PAM_functional_calcium,CHO,acetylcholine,,EC50,=,1445.44,5.84,Homo sapiens,yes,yes,yes,,,,,,,cat=PAM_functional_calcium; standard_type=EC50; source_kind=primary_article; legacy pEC50=5.84 (generic negative-log potency)
ACT_18461741,MG00106,MG00106,2,2,rounding_or_pEC50_conversion_duplicate,log_mean_pEC50,6.4397,363.33,CM00194,PARENT0419,PMID_29089231,ASSY_CHEMBL4180723,calcium,PAM_functional_calcium,CHO,acetylcholine,,EC50,=,407.38,6.39,Homo sapiens,yes,yes,yes,,,,,,,cat=PAM_functional_calcium; standard_type=EC50; source_kind=primary_article; legacy pEC50=6.39 (generic negative-log potency)
ACT_19124235,MG00227,MG00227,1,1,single,single,6.1675,679.99,CM00414,PARENT0232,PMID_30580918,ASSY_CHEMBL4373344,calcium,PAM_functional_calcium,,acetylcholine,,EC50,=,680.0,6.1675,Homo sapiens,yes,yes,yes,,,,,,,cat=PAM_functional_calcium; standard_type=EC50; source_kind=primary_article; legacy pEC50=6.17 (generic negative-log potency)
ACT_19124236,MG00255,MG00255,1,1,single,single,5.2924,5100.35,CM00464,PARENT0460,PMID_30580918,ASSY_CHEMBL4373344,calcium,PAM_functional_calcium,,acetylcholine,,EC50,=,5100.0,5.2924,Homo sapiens,yes,yes,yes,,,,,,,cat=PAM_functional_calcium; standard_type=EC50; source_kind=primary_article; legacy pEC50=5.29 (generic negative-log potency)
ACT_19124309,MG00066,MG00066,1,1,single,single,7.2218,60.01,CM00116,PARENT0464,PMID_30580918,ASSY_CHEMBL4373344,calcium,PAM_functional_calcium,,acetylcholine,,EC50,=,60.0,7.2218,Homo sapiens,yes,yes,yes,,,,,,,cat=PAM_functional_calcium; standard_type=EC50; source_kind=primary_article; legacy pEC50=7.22 (generic negative-log potency)
ACT_19124310,MG00097,MG00097,1,1,single,single,6.1612,689.92,CM00175,PARENT0465,PMID_30580918,ASSY_CHEMBL4373344,calcium,PAM_functional_calcium,,acetylcholine,,EC50,=,690.0,6.1612,Homo sapiens,yes,yes,yes,,,,,,,cat=PAM_functional_calcium; standard_type=EC50; source_kind=primary_article; legacy pEC50=6.16 (generic negative-log potency)
ACT_19124311,MG00236,MG00236,1,1,single,single,6.7447,180.01,CM00430,PARENT0466,PMID_30580918,ASSY_CHEMBL4373344,calcium,PAM_functional_calcium,,acetylcholine,,EC50,=,180.0,6.7447,Homo sapiens,yes,yes,yes,,,,,,,cat=PAM_functional_calcium; standard_type=EC50; source_kind=primary_article; legacy pEC50=6.75 (generic negative-log potency)
ACT_19124312,MG00003,MG00003,1,1,single,single,6.2076,620.01,CM00009,PARENT0467,PMID_30580918,ASSY_CHEMBL4373344,calcium,PAM_functional_calcium,,acetylcholine,,EC50,=,620.0,6.2076,Homo sapiens,yes,yes,yes,,,,,,,cat=PAM_functional_calcium; standard_type=EC50; source_kind=primary_article; legacy pEC50=6.21 (generic negative-log potency)
ACT_19124313,MG00419,MG00419,1,1,single,single,6.7959,159.99,CM00773,PARENT0468,PMID_30580918,ASSY_CHEMBL4373344,calcium,PAM_functional_calcium,,acetylcholine,,EC50,=,160.0,6.7959,Homo sapiens,yes,yes,yes,,,,,,,cat=PAM_functional_calcium; standard_type=EC50; source_kind=primary_article; legacy pEC50=6.8 (generic negative-log potency)
ACT_19124314,MG00332,MG00332,1,1,single,single,7.3979,40.0,CM00618,PARENT0469,PMID_30580918,ASSY_CHEMBL4373344,calcium,PAM_functional_calcium,,acetylcholine,,EC50,=,40.0,7.3979,Homo sapiens,yes,yes,yes,,,,,,,cat=PAM_functional_calcium; standard_type=EC50; source_kind=primary_article; legacy pEC50=7.4 (generic negative-log potency)
ACT_19124315,MG00308,MG00308,1,1,single,single,6.9208,120.01,CM00570,PARENT0470,PMID_30580918,ASSY_CHEMBL4373344,calcium,PAM_functional_calcium,,acetylcholine,,EC50,=,120.0,6.9208,Homo sapiens,yes,yes,yes,,,,,,,cat=PAM_functional_calcium; standard_type=EC50; source_kind=primary_article; legacy pEC50=6.92 (generic negative-log potency)
ACT_19124316,MG00231,MG00231,1,1,single,single,6.6383,229.99,CM00418,PARENT0471,PMID_30580918,ASSY_CHEMBL4373344,calcium,PAM_functional_calcium,,acetylcholine,,EC50,=,230.0,6.6383,Homo sapiens,yes,yes,yes,,,,,,,cat=PAM_functional_calcium; standard_type=EC50; source_kind=primary_article; legacy pEC50=6.64 (generic negative-log potency)
ACT_19124320,MG00213,MG00213,1,1,single,single,5.9208,1200.05,CM00392,PARENT0475,PMID_30580918,ASSY_CHEMBL4373344,calcium,PAM_functional_calcium,,acetylcholine,,EC50,=,1200.0,5.9208,Homo sapiens,yes,yes,yes,,,,,,,cat=PAM_functional_calcium; standard_type=EC50; source_kind=primary_article; legacy pEC50=5.92 (generic negative-log potency)
ACT_19124321,MG00329,MG00329,1,1,single,single,5.4202,3800.14,CM00606,PARENT0476,PMID_30580918,ASSY_CHEMBL4373344,calcium,PAM_functional_calcium,,acetylcholine,,EC50,=,3800.0,5.4202,Homo sapiens,yes,yes,yes,,,,,,,cat=PAM_functional_calcium; standard_type=EC50; source_kind=primary_article; legacy pEC50=5.42 (generic negative-log potency)
ACT_19124322,MG00171,MG00171,1,1,single,single,5.699,1999.86,CM00322,PARENT0477,PMID_30580918,ASSY_CHEMBL4373344,calcium,PAM_functional_calcium,,acetylcholine,,EC50,=,2000.0,5.699,Homo sapiens,yes,yes,yes,,,,,,,cat=PAM_functional_calcium; standard_type=EC50; source_kind=primary_article; legacy pEC50=5.7 (generic negative-log potency)
ACT_19124323,MG00414,MG00414,1,1,single,single,5.9586,1100.02,CM00764,PARENT0478,PMID_30580918,ASSY_CHEMBL4373344,calcium,PAM_functional_calcium,,acetylcholine,,EC50,=,1100.0,5.9586,Homo sapiens,yes,yes,yes,,,,,,,cat=PAM_functional_calcium; standard_type=EC50; source_kind=primary_article; legacy pEC50=5.96 (generic negative-log potency)
ACT_19124324,MG00276,MG00276,1,1,single,single,6.0,1000.0,CM00502,PARENT0479,PMID_30580918,ASSY_CHEMBL4373344,calcium,PAM_functional_calcium,,acetylcholine,,EC50,=,1000.0,6.0,Homo sapiens,yes,yes,yes,,,,,,,cat=PAM_functional_calcium; standard_type=EC50; source_kind=primary_article; legacy pEC50=6 (generic negative-log potency)
ACT_19124325,MG00245,MG00245,1,1,single,single,5.6576,2199.89,CM00443,PARENT0480,PMID_30580918,ASSY_CHEMBL4373344,calcium,PAM_functional_calcium,,acetylcholine,,EC50,=,2200.0,5.6576,Homo sapiens,yes,yes,yes,,,,,,,cat=PAM_functional_calcium; standard_type=EC50; source_kind=primary_article; legacy pEC50=5.66 (generic negative-log potency)
ACT_19124327,MG00468,MG00468,1,1,single,single,5.2518,5600.15,CM00858,PARENT0482,PMID_30580918,ASSY_CHEMBL4373344,calcium,PAM_functional_calcium,,acetylcholine,,EC50,=,5600.0,5.2518,Homo sapiens,yes,yes,yes,,,,,,,cat=PAM_functional_calcium; standard_type=EC50; source_kind=primary_article; legacy pEC50=5.25 (generic negative-log potency)
ACT_19124328,MG00033,MG00033,1,1,single,single,5.6576,2199.89,CM00056,PARENT0483,PMID_30580918,ASSY_CHEMBL4373344,calcium,PAM_functional_calcium,,acetylcholine,,EC50,=,2200.0,5.6576,Homo sapiens,yes,yes,yes,,,,,,,cat=PAM_functional_calcium; standard_type=EC50; source_kind=primary_article; legacy pEC50=5.66 (generic negative-log potency)
ACT_19124329,MG00134,MG00134,1,1,single,single,5.6778,2099.91,CM00244,PARENT0484,PMID_30580918,ASSY_CHEMBL4373344,calcium,PAM_functional_calcium,,acetylcholine,,EC50,=,2100.0,5.6778,Homo sapiens,yes,yes,yes,,,,,,,cat=PAM_functional_calcium; standard_type=EC50; source_kind=primary_article; legacy pEC50=5.68 (generic negative-log potency)
ACT_19124330,MG00101,MG00101,1,1,single,single,5.8239,1500.03,CM00183,PARENT0485,PMID_30580918,ASSY_CHEMBL4373344,calcium,PAM_functional_calcium,,acetylcholine,,EC50,=,1500.0,5.8239,Homo sapiens,yes,yes,yes,,,,,,,cat=PAM_functional_calcium; standard_type=EC50; source_kind=primary_article; legacy pEC50=5.82 (generic negative-log potency)
ACT_19124331,MG00386,MG00386,1,1,single,single,7.0969,80.0,CM00707,PARENT0463,PMID_30580918,ASSY_CHEMBL4373344,calcium,PAM_functional_calcium,,acetylcholine,,EC50,=,80.0,7.0969,Homo sapiens,yes,yes,yes,,,,,,,cat=PAM_functional_calcium; standard_type=EC50; source_kind=primary_article; legacy pEC50=7.1 (generic negative-log potency)
ACT_19124332,MG00077,MG00077,1,1,single,single,5.5686,2700.23,CM00132,PARENT0462,PMID_30580918,ASSY_CHEMBL4373344,calcium,PAM_functional_calcium,,acetylcholine,,EC50,=,2700.0,5.5686,Homo sapiens,yes,yes,yes,,,,,,,cat=PAM_functional_calcium; standard_type=EC50; source_kind=primary_article; legacy pEC50=5.57 (generic negative-log potency)
ACT_19124333,MG00128,MG00128,1,1,single,single,5.1938,6400.3,CM00235,PARENT0461,PMID_30580918,ASSY_CHEMBL4373344,calcium,PAM_functional_calcium,,acetylcholine,,EC50,=,6400.0,5.1938,Homo sapiens,yes,yes,yes,,,,,,,cat=PAM_functional_calcium; standard_type=EC50; source_kind=primary_article; legacy pEC50=5.19 (generic negative-log potency)
ACT_19124334,MG00204,MG00204,1,1,single,single,5.8239,1500.03,CM00381,PARENT0486,PMID_30580918,ASSY_CHEMBL4373344,calcium,PAM_functional_calcium,,acetylcholine,,EC50,=,1500.0,5.8239,Homo sapiens,yes,yes,yes,,,,,,,cat=PAM_functional_calcium; standard_type=EC50; source_kind=primary_article; legacy pEC50=5.82 (generic negative-log potency)
ACT_19124335,MG00237,MG00237,1,1,single,single,5.6778,2099.91,CM00431,PARENT0487,PMID_30580918,ASSY_CHEMBL4373344,calcium,PAM_functional_calcium,,acetylcholine,,EC50,=,2100.0,5.6778,Homo sapiens,yes,yes,yes,,,,,,,cat=PAM_functional_calcium; standard_type=EC50; source_kind=primary_article; legacy pEC50=5.68 (generic negative-log potency)
ACT_19124336,MG00452,MG00452,1,1,single,single,5.2291,5900.65,CM00837,PARENT0488,PMID_30580918,ASSY_CHEMBL4373344,calcium,PAM_functional_calcium,,acetylcholine,,EC50,=,5900.0,5.2291,Homo sapiens,yes,yes,yes,,,,,,,cat=PAM_functional_calcium; standard_type=EC50; source_kind=primary_article; legacy pEC50=5.23 (generic negative-log potency)
ACT_19124338,MG00207,MG00207,1,1,single,single,5.5686,2700.23,CM00385,PARENT0490,PMID_30580918,ASSY_CHEMBL4373344,calcium,PAM_functional_calcium,,acetylcholine,,EC50,=,2700.0,5.5686,Homo sapiens,yes,yes,yes,,,,,,,cat=PAM_functional_calcium; standard_type=EC50; source_kind=primary_article; legacy pEC50=5.57 (generic negative-log potency)
ACT_19178811,MG00122,MG00122,1,1,single,single,6.585,260.02,CM00222,PARENT0491,PMID_31248774,ASSY_CHEMBL4386804,calcium,PAM_functional_calcium,CHO,acetylcholine,,EC50,=,260.0,6.585,Homo sapiens,yes,yes,yes,,,,,,,cat=PAM_functional_calcium; standard_type=EC50; source_kind=primary_article; legacy pEC50=6.58 (generic negative-log potency)
ACT_19178812,MG00111,MG00111,1,1,single,single,7.7959,16.0,CM00202,PARENT0492,PMID_31248774,ASSY_CHEMBL4386804,calcium,PAM_functional_calcium,CHO,acetylcholine,,EC50,=,16.0,7.7959,Homo sapiens,yes,yes,yes,,,,,,,cat=PAM_functional_calcium; standard_type=EC50; source_kind=primary_article; legacy pEC50=7.8 (generic negative-log potency)
ACT_19178813,MG00070,MG00070,1,1,single,single,7.9208,12.0,CM00123,PARENT0493,PMID_31248774,ASSY_CHEMBL4386804,calcium,PAM_functional_calcium,CHO,acetylcholine,,EC50,=,12.0,7.9208,Homo sapiens,yes,yes,yes,,,,,,,cat=PAM_functional_calcium; standard_type=EC50; source_kind=primary_article; legacy pEC50=7.92 (generic negative-log potency)
ACT_19178814,MG00455,MG00455,1,1,single,single,7.699,20.0,CM00841,PARENT0494,PMID_31248774,ASSY_CHEMBL4386804,calcium,PAM_functional_calcium,CHO,acetylcholine,,EC50,=,20.0,7.699,Homo sapiens,yes,yes,yes,,,,,,,cat=PAM_functional_calcium; standard_type=EC50; source_kind=primary_article; legacy pEC50=7.7 (generic negative-log potency)
ACT_19178815,MG00321,MG00321,1,1,single,single,7.6576,22.0,CM00594,PARENT0495,PMID_31248774,ASSY_CHEMBL4386804,calcium,PAM_functional_calcium,CHO,acetylcholine,,EC50,=,22.0,7.6576,Homo sapiens,yes,yes,yes,,,,,,,cat=PAM_functional_calcium; standard_type=EC50; source_kind=primary_article; legacy pEC50=7.66 (generic negative-log potency)
ACT_19178816,MG00266,MG00266,1,1,single,single,8.0969,8.0,CM00482,PARENT0496,PMID_31248774,ASSY_CHEMBL4386804,calcium,PAM_functional_calcium,CHO,acetylcholine,,EC50,=,8.0,8.0969,Homo sapiens,yes,yes,yes,,,,,,,cat=PAM_functional_calcium; standard_type=EC50; source_kind=primary_article; legacy pEC50=8.1 (generic negative-log potency)
ACT_19178817,MG00078,MG00078,1,1,single,single,6.9586,110.0,CM00134,PARENT0497,PMID_31248774,ASSY_CHEMBL4386804,calcium,PAM_functional_calcium,CHO,acetylcholine,,EC50,=,110.0,6.9586,Homo sapiens,yes,yes,yes,,,,,,,cat=PAM_functional_calcium; standard_type=EC50; source_kind=primary_article; legacy pEC50=6.96 (generic negative-log potency)
ACT_19178818,MG00410,MG00410,1,1,single,single,7.7696,17.0,CM00758,PARENT0498,PMID_31248774,ASSY_CHEMBL4386804,calcium,PAM_functional_calcium,CHO,acetylcholine,,EC50,=,17.0,7.7696,Homo sapiens,yes,yes,yes,,,,,,,cat=PAM_functional_calcium; standard_type=EC50; source_kind=primary_article; legacy pEC50=7.77 (generic negative-log potency)
ACT_19178819,MG00272,MG00272,1,1,single,single,6.6576,219.99,CM00493,PARENT0499,PMID_31248774,ASSY_CHEMBL4386804,calcium,PAM_functional_calcium,CHO,acetylcholine,,EC50,=,220.0,6.6576,Homo sapiens,yes,yes,yes,,,,,,,cat=PAM_functional_calcium; standard_type=EC50; source_kind=primary_article; legacy pEC50=6.66 (generic negative-log potency)
ACT_19178820,MG00243,MG00243,1,1,single,single,6.9208,120.01,CM00441,PARENT0500,PMID_31248774,ASSY_CHEMBL4386804,calcium,PAM_functional_calcium,CHO,acetylcholine,,EC50,=,120.0,6.9208,Homo sapiens,yes,yes,yes,,,,,,,cat=PAM_functional_calcium; standard_type=EC50; source_kind=primary_article; legacy pEC50=6.92 (generic negative-log potency)
ACT_19178821,MG00283,MG00283,1,1,single,single,7.0506,89.0,CM00518,PARENT0501,PMID_31248774,ASSY_CHEMBL4386804,calcium,PAM_functional_calcium,CHO,acetylcholine,,EC50,=,89.0,7.0506,Homo sapiens,yes,yes,yes,,,,,,,cat=PAM_functional_calcium; standard_type=EC50; source_kind=primary_article; legacy pEC50=7.05 (generic negative-log potency)
ACT_19178822,MG00198,MG00198,1,1,single,single,6.0044,989.92,CM00372,PARENT0502,PMID_31248774,ASSY_CHEMBL4386804,calcium,PAM_functional_calcium,CHO,acetylcholine,,EC50,=,990.0,6.0044,Homo sapiens,yes,yes,yes,,,,,,,cat=PAM_functional_calcium; standard_type=EC50; source_kind=primary_article; legacy pEC50=6 (generic negative-log potency)
ACT_19178823,MG00130,MG00130,1,1,single,single,7.9208,12.0,CM00240,PARENT0503,PMID_31248774,ASSY_CHEMBL4386804,calcium,PAM_functional_calcium,CHO,acetylcholine,,EC50,=,12.0,7.9208,Homo sapiens,yes,yes,yes,,,,,,,cat=PAM_functional_calcium; standard_type=EC50; source_kind=primary_article; legacy pEC50=7.92 (generic negative-log potency)
ACT_19178824,MG00273,MG00273,1,1,single,single,7.585,26.0,CM00497,PARENT0504,PMID_31248774,ASSY_CHEMBL4386804,calcium,PAM_functional_calcium,CHO,acetylcholine,,EC50,=,26.0,7.585,Homo sapiens,yes,yes,yes,,,,,,,cat=PAM_functional_calcium; standard_type=EC50; source_kind=primary_article; legacy pEC50=7.58 (generic negative-log potency)
ACT_19178825,MG00015,MG00015,1,1,single,single,6.8861,129.99,CM00033,PARENT0505,PMID_31248774,ASSY_CHEMBL4386804,calcium,PAM_functional_calcium,CHO,acetylcholine,,EC50,=,130.0,6.8861,Homo sapiens,yes,yes,yes,,,,,,,cat=PAM_functional_calcium; standard_type=EC50; source_kind=primary_article; legacy pEC50=6.89 (generic negative-log potency)
ACT_19178826,MG00046,MG00046,1,1,single,single,6.5686,270.02,CM00081,PARENT0506,PMID_31248774,ASSY_CHEMBL4386804,calcium,PAM_functional_calcium,CHO,acetylcholine,,EC50,=,270.0,6.5686,Homo sapiens,yes,yes,yes,,,,,,,cat=PAM_functional_calcium; standard_type=EC50; source_kind=primary_article; legacy pEC50=6.57 (generic negative-log potency)
ACT_19178827,MG00051,MG00051,1,1,single,single,6.6198,239.99,CM00091,PARENT0507,PMID_31248774,ASSY_CHEMBL4386804,calcium,PAM_functional_calcium,CHO,acetylcholine,,EC50,=,240.0,6.6198,Homo sapiens,yes,yes,yes,,,,,,,cat=PAM_functional_calcium; standard_type=EC50; source_kind=primary_article; legacy pEC50=6.62 (generic negative-log potency)
ACT_19178828,MG00206,MG00206,1,1,single,single,5.6778,2099.91,CM00384,PARENT0508,PMID_31248774,ASSY_CHEMBL4386804,calcium,PAM_functional_calcium,CHO,acetylcholine,,EC50,=,2100.0,5.6778,Homo sapiens,yes,yes,yes,,,,,,,cat=PAM_functional_calcium; standard_type=EC50; source_kind=primary_article; legacy pEC50=5.68 (generic negative-log potency)
ACT_19178829,MG00423,MG00423,1,1,single,single,6.5086,310.03,CM00785,PARENT0509,PMID_31248774,ASSY_CHEMBL4386804,calcium,PAM_functional_calcium,CHO,acetylcholine,,EC50,=,310.0,6.5086,Homo sapiens,yes,yes,yes,,,,,,,cat=PAM_functional_calcium; standard_type=EC50; source_kind=primary_article; legacy pEC50=6.51 (generic negative-log potency)
ACT_19178830,MG00311,MG00311,1,1,single,single,5.9208,1200.05,CM00579,PARENT0510,PMID_31248774,ASSY_CHEMBL4386804,calcium,PAM_functional_calcium,CHO,acetylcholine,,EC50,=,1200.0,5.9208,Homo sapiens,yes,yes,yes,,,,,,,cat=PAM_functional_calcium; standard_type=EC50; source_kind=primary_article; legacy pEC50=5.92 (generic negative-log potency)
ACT_19178831,MG00018,MG00018,1,1,single,single,6.5229,299.99,CM00037,PARENT0511,PMID_31248774,ASSY_CHEMBL4386804,calcium,PAM_functional_calcium,CHO,acetylcholine,,EC50,=,300.0,6.5229,Homo sapiens,yes,yes,yes,,,,,,,cat=PAM_functional_calcium; standard_type=EC50; source_kind=primary_article; legacy pEC50=6.52 (generic negative-log potency)
ACT_19178832,MG00082,MG00082,1,1,single,single,5.699,1999.86,CM00139,PARENT0512,PMID_31248774,ASSY_CHEMBL4386804,calcium,PAM_functional_calcium,CHO,acetylcholine,,EC50,=,2000.0,5.699,Homo sapiens,yes,yes,yes,,,,,,,cat=PAM_functional_calcium; standard_type=EC50; source_kind=primary_article; legacy pEC50=5.7 (generic negative-log potency)
ACT_19178833,MG00092,MG00092,1,1,single,single,7.4318,37.0,CM00163,PARENT0513,PMID_31248774,ASSY_CHEMBL4386804,calcium,PAM_functional_calcium,CHO,acetylcholine,,EC50,=,37.0,7.4318,Homo sapiens,yes,yes,yes,,,,,,,cat=PAM_functional_calcium; standard_type=EC50; source_kind=primary_article; legacy pEC50=7.43 (generic negative-log potency)
ACT_19178834,MG00341,MG00341,1,1,single,single,7.0655,86.0,CM00632,PARENT0514,PMID_31248774,ASSY_CHEMBL4386804,calcium,PAM_functional_calcium,CHO,acetylcholine,,EC50,=,86.0,7.0655,Homo sapiens,yes,yes,yes,,,,,,,cat=PAM_functional_calcium; standard_type=EC50; source_kind=primary_article; legacy pEC50=7.07 (generic negative-log potency)
ACT_19178835,MG00209,MG00209,1,1,single,single,7.0223,94.99,CM00387,PARENT0515,PMID_31248774,ASSY_CHEMBL4386804,calcium,PAM_functional_calcium,CHO,acetylcholine,,EC50,=,95.0,7.0223,Homo sapiens,yes,yes,yes,,,,,,,cat=PAM_functional_calcium; standard_type=EC50; source_kind=primary_article; legacy pEC50=7.02 (generic negative-log potency)
ACT_19178836,MG00269,MG00269,1,1,single,single,7.3372,46.0,CM00487,PARENT0516,PMID_31248774,ASSY_CHEMBL4386804,calcium,PAM_functional_calcium,CHO,acetylcholine,,EC50,=,46.0,7.3372,Homo sapiens,yes,yes,yes,,,,,,,cat=PAM_functional_calcium; standard_type=EC50; source_kind=primary_article; legacy pEC50=7.34 (generic negative-log potency)
ACT_19178837,MG00061,MG00061,1,1,single,single,7.2218,60.01,CM00109,PARENT0517,PMID_31248774,ASSY_CHEMBL4386804,calcium,PAM_functional_calcium,CHO,acetylcholine,,EC50,=,60.0,7.2218,Homo sapiens,yes,yes,yes,,,,,,,cat=PAM_functional_calcium; standard_type=EC50; source_kind=primary_article; legacy pEC50=7.22 (generic negative-log potency)
ACT_19178838,MG00280,MG00280,1,1,single,single,6.9208,120.01,CM00510,PARENT0518,PMID_31248774,ASSY_CHEMBL4386804,calcium,PAM_functional_calcium,CHO,acetylcholine,,EC50,=,120.0,6.9208,Homo sapiens,yes,yes,yes,,,,,,,cat=PAM_functional_calcium; standard_type=EC50; source_kind=primary_article; legacy pEC50=6.92 (generic negative-log potency)
ACT_19178839,MG00454,MG00454,1,1,single,single,7.0757,84.0,CM00840,PARENT0519,PMID_31248774,ASSY_CHEMBL4386804,calcium,PAM_functional_calcium,CHO,acetylcholine,,EC50,=,84.0,7.0757,Homo sapiens,yes,yes,yes,,,,,,,cat=PAM_functional_calcium; standard_type=EC50; source_kind=primary_article; legacy pEC50=7.08 (generic negative-log potency)
ACT_19178840,MG00322,MG00322,1,1,single,single,6.7959,159.99,CM00595,PARENT0520,PMID_31248774,ASSY_CHEMBL4386804,calcium,PAM_functional_calcium,CHO,acetylcholine,,EC50,=,160.0,6.7959,Homo sapiens,yes,yes,yes,,,,,,,cat=PAM_functional_calcium; standard_type=EC50; source_kind=primary_article; legacy pEC50=6.8 (generic negative-log potency)
ACT_19178841,MG00038,MG00038,1,1,single,single,5.7212,1900.2,CM00067,PARENT0521,PMID_31248774,ASSY_CHEMBL4386804,calcium,PAM_functional_calcium,CHO,acetylcholine,,EC50,=,1900.0,5.7212,Homo sapiens,yes,yes,yes,,,,,,,cat=PAM_functional_calcium; standard_type=EC50; source_kind=primary_article; legacy pEC50=5.72 (generic negative-log potency)
ACT_19178842,MG00405,MG00405,1,1,single,single,6.8539,139.99,CM00748,PARENT0522,PMID_31248774,ASSY_CHEMBL4386804,calcium,PAM_functional_calcium,CHO,acetylcholine,,EC50,=,140.0,6.8539,Homo sapiens,yes,yes,yes,,,,,,,cat=PAM_functional_calcium; standard_type=EC50; source_kind=primary_article; legacy pEC50=6.85 (generic negative-log potency)
ACT_19178843,MG00310,MG00310,1,1,single,single,6.6021,249.98,CM00573,PARENT0523,PMID_31248774,ASSY_CHEMBL4386804,calcium,PAM_functional_calcium,CHO,acetylcholine,,EC50,=,250.0,6.6021,Homo sapiens,yes,yes,yes,,,,,,,cat=PAM_functional_calcium; standard_type=EC50; source_kind=primary_article; legacy pEC50=6.6 (generic negative-log potency)
ACT_19178844,MG00202,MG00202,1,1,single,single,6.8539,139.99,CM00377,PARENT0524,PMID_31248774,ASSY_CHEMBL4386804,calcium,PAM_functional_calcium,CHO,acetylcholine,,EC50,=,140.0,6.8539,Homo sapiens,yes,yes,yes,,,,,,,cat=PAM_functional_calcium; standard_type=EC50; source_kind=primary_article; legacy pEC50=6.85 (generic negative-log potency)
ACT_19178845,MG00058,MG00058,1,1,single,single,6.7959,159.99,CM00103,PARENT0525,PMID_31248774,ASSY_CHEMBL4386804,calcium,PAM_functional_calcium,CHO,acetylcholine,,EC50,=,160.0,6.7959,Homo sapiens,yes,yes,yes,,,,,,,cat=PAM_functional_calcium; standard_type=EC50; source_kind=primary_article; legacy pEC50=6.8 (generic negative-log potency)
ACT_19178846,MG00035,MG00035,1,1,single,single,6.9208,120.01,CM00061,PARENT0526,PMID_31248774,ASSY_CHEMBL4386804,calcium,PAM_functional_calcium,CHO,acetylcholine,,EC50,=,120.0,6.9208,Homo sapiens,yes,yes,yes,,,,,,,cat=PAM_functional_calcium; standard_type=EC50; source_kind=primary_article; legacy pEC50=6.92 (generic negative-log potency)
ACT_19178847,MG00246,MG00246,1,1,single,single,6.5686,270.02,CM00449,PARENT0527,PMID_31248774,ASSY_CHEMBL4386804,calcium,PAM_functional_calcium,CHO,acetylcholine,,EC50,=,270.0,6.5686,Homo sapiens,yes,yes,yes,,,,,,,cat=PAM_functional_calcium; standard_type=EC50; source_kind=primary_article; legacy pEC50=6.57 (generic negative-log potency)
ACT_19178848,MG00006,MG00006,1,1,single,single,6.9586,110.0,CM00013,PARENT0528,PMID_31248774,ASSY_CHEMBL4386804,calcium,PAM_functional_calcium,CHO,acetylcholine,,EC50,=,110.0,6.9586,Homo sapiens,yes,yes,yes,,,,,,,cat=PAM_functional_calcium; standard_type=EC50; source_kind=primary_article; legacy pEC50=6.96 (generic negative-log potency)
ACT_19178849,MG00186,MG00186,1,1,single,single,6.3872,410.02,CM00350,PARENT0529,PMID_31248774,ASSY_CHEMBL4386804,calcium,PAM_functional_calcium,CHO,acetylcholine,,EC50,=,410.0,6.3872,Homo sapiens,yes,yes,yes,,,,,,,cat=PAM_functional_calcium; standard_type=EC50; source_kind=primary_article; legacy pEC50=6.39 (generic negative-log potency)
ACT_19178850,MG00408,MG00408,1,1,single,single,6.2076,620.01,CM00752,PARENT0530,PMID_31248774,ASSY_CHEMBL4386804,calcium,PAM_functional_calcium,CHO,acetylcholine,,EC50,=,620.0,6.2076,Homo sapiens,yes,yes,yes,,,,,,,cat=PAM_functional_calcium; standard_type=EC50; source_kind=primary_article; legacy pEC50=6.21 (generic negative-log potency)
ACT_19475622,MG00059,MG00059,2,2,rounding_or_pEC50_conversion_duplicate,log_mean_pEC50,6.4201,380.1,CM00104,PARENT0541,PMID_27476142,ASSY_CHEMBL4479482,calcium,PAM_functional_calcium,CHO,,EC20,EC50,=,380.19,6.42,Homo sapiens,yes,yes,yes,,,,,,,cat=PAM_functional_calcium; standard_type=EC50; source_kind=primary_article; legacy pEC50=6.42 (generic negative-log potency)
ACT_19475623,MG00262,MG00262,2,2,rounding_or_pEC50_conversion_duplicate,log_mean_pEC50,6.3198,478.85,CM00475,PARENT0542,PMID_27476142,ASSY_CHEMBL4479482,calcium,PAM_functional_calcium,CHO,,EC20,EC50,=,478.63,6.32,Homo sapiens,yes,yes,yes,,,,,,,cat=PAM_functional_calcium; standard_type=EC50; source_kind=primary_article; legacy pEC50=6.32 (generic negative-log potency)
ACT_19475625,MG00426,MG00426,2,2,rounding_or_pEC50_conversion_duplicate,log_mean_pEC50,6.0501,891.05,CM00788,PARENT0544,PMID_27476142,ASSY_CHEMBL4479482,calcium,PAM_functional_calcium,CHO,,EC20,EC50,=,891.25,6.05,Homo sapiens,yes,yes,yes,,,,,,,cat=PAM_functional_calcium; standard_type=EC50; source_kind=primary_article; legacy pEC50=6.05 (generic negative-log potency)
ACT_19475626,MG00127,MG00127,2,2,rounding_or_pEC50_conversion_duplicate,log_mean_pEC50,6.9794,104.86,CM00233,PARENT0545,PMID_27476142,ASSY_CHEMBL4479482,calcium,PAM_functional_calcium,CHO,,EC20,EC50,=,104.71,6.98,Homo sapiens,yes,yes,yes,,,,,,,cat=PAM_functional_calcium; standard_type=EC50; source_kind=primary_article; legacy pEC50=6.98 (generic negative-log potency)
ACT_19475627,MG00103,MG00103,2,2,rounding_or_pEC50_conversion_duplicate,log_mean_pEC50,6.4801,331.05,CM00186,PARENT0546,PMID_27476142,ASSY_CHEMBL4479482,calcium,PAM_functional_calcium,CHO,,EC20,EC50,=,331.13,6.48,Homo sapiens,yes,yes,yes,,,,,,,cat=PAM_functional_calcium; standard_type=EC50; source_kind=primary_article; legacy pEC50=6.48 (generic negative-log potency)
ACT_19475628,MG00465,MG00465,2,2,rounding_or_pEC50_conversion_duplicate,log_mean_pEC50,6.1899,645.8,CM00854,PARENT0531,PMID_27476142,ASSY_CHEMBL4479482,calcium,PAM_functional_calcium,CHO,,EC20,EC50,=,645.65,6.19,Homo sapiens,yes,yes,yes,,,,,,,cat=PAM_functional_calcium; standard_type=EC50; source_kind=primary_article; legacy pEC50=6.19 (generic negative-log potency)
ACT_19475629,MG00160,MG00160,2,2,rounding_or_pEC50_conversion_duplicate,log_mean_pEC50,6.9907,102.16,CM00300,PARENT0532,PMID_27476142,ASSY_CHEMBL4479482,calcium,PAM_functional_calcium,CHO,,EC20,EC50,=,102.33,6.99,Homo sapiens,yes,yes,yes,,,,,,,cat=PAM_functional_calcium; standard_type=EC50; source_kind=primary_article; legacy pEC50=6.99 (generic negative-log potency)
ACT_19475630,MG00474,MG00474,2,2,rounding_or_pEC50_conversion_duplicate,log_mean_pEC50,6.9794,104.86,CM00872,PARENT0533,PMID_27476142,ASSY_CHEMBL4479482,calcium,PAM_functional_calcium,CHO,,EC20,EC50,=,104.71,6.98,Homo sapiens,yes,yes,yes,,,,,,,cat=PAM_functional_calcium; standard_type=EC50; source_kind=primary_article; legacy pEC50=6.98 (generic negative-log potency)
ACT_19475631,MG00402,MG00402,2,2,rounding_or_pEC50_conversion_duplicate,log_mean_pEC50,6.4297,371.79,CM00738,PARENT0534,PMID_27476142,ASSY_CHEMBL4479482,calcium,PAM_functional_calcium,CHO,,EC20,EC50,=,371.54,6.43,Homo sapiens,yes,yes,yes,,,,,,,cat=PAM_functional_calcium; standard_type=EC50; source_kind=primary_article; legacy pEC50=6.43 (generic negative-log potency)
ACT_19475632,MG00267,MG00267,2,2,rounding_or_pEC50_conversion_duplicate,log_mean_pEC50,6.2299,588.98,CM00483,PARENT0535,PMID_27476142,ASSY_CHEMBL4479482,calcium,PAM_functional_calcium,CHO,,EC20,EC50,=,588.84,6.23,Homo sapiens,yes,yes,yes,,,,,,,cat=PAM_functional_calcium; standard_type=EC50; source_kind=primary_article; legacy pEC50=6.23 (generic negative-log potency)
ACT_19475633,MG00142,MG00142,2,2,rounding_or_pEC50_conversion_duplicate,log_mean_pEC50,6.2501,562.21,CM00266,PARENT0536,PMID_27476142,ASSY_CHEMBL4479482,calcium,PAM_functional_calcium,CHO,,EC20,EC50,=,562.34,6.25,Homo sapiens,yes,yes,yes,,,,,,,cat=PAM_functional_calcium; standard_type=EC50; source_kind=primary_article; legacy pEC50=6.25 (generic negative-log potency)
ACT_19475634,MG00395,MG00395,2,2,rounding_or_pEC50_conversion_duplicate,log_mean_pEC50,6.6199,239.94,CM00727,PARENT0537,PMID_27476142,ASSY_CHEMBL4479482,calcium,PAM_functional_calcium,CHO,,EC20,EC50,=,239.88,6.62,Homo sapiens,yes,yes,yes,,,,,,,cat=PAM_functional_calcium; standard_type=EC50; source_kind=primary_article; legacy pEC50=6.62 (generic negative-log potency)
ACT_19475635,MG00129,MG00129,2,2,rounding_or_pEC50_conversion_duplicate,log_mean_pEC50,6.3198,478.85,CM00239,PARENT0538,PMID_27476142,ASSY_CHEMBL4479482,calcium,PAM_functional_calcium,CHO,,EC20,EC50,=,478.63,6.32,Homo sapiens,yes,yes,yes,,,,,,,cat=PAM_functional_calcium; standard_type=EC50; source_kind=primary_article; legacy pEC50=6.32 (generic negative-log potency)
ACT_19475636,MG00275,MG00275,2,2,rounding_or_pEC50_conversion_duplicate,log_mean_pEC50,6.4499,354.9,CM00501,PARENT0539,PMID_27476142,ASSY_CHEMBL4479482,calcium,PAM_functional_calcium,CHO,,EC20,EC50,=,354.81,6.45,Homo sapiens,yes,yes,yes,,,,,,,cat=PAM_functional_calcium; standard_type=EC50; source_kind=primary_article; legacy pEC50=6.45 (generic negative-log potency)
ACT_19475637,MG00166,MG00166,2,2,rounding_or_pEC50_conversion_duplicate,log_mean_pEC50,6.0501,891.05,CM00317,PARENT0540,PMID_27476142,ASSY_CHEMBL4479482,calcium,PAM_functional_calcium,CHO,,EC20,EC50,=,891.25,6.05,Homo sapiens,yes,yes,yes,,,,,,,cat=PAM_functional_calcium; standard_type=EC50; source_kind=primary_article; legacy pEC50=6.05 (generic negative-log potency)
ACT_19475638,MG00373,MG00373,2,2,rounding_or_pEC50_conversion_duplicate,log_mean_pEC50,6.8904,128.71,CM00686,PARENT0547,PMID_27476142,ASSY_CHEMBL4479482,calcium,PAM_functional_calcium,CHO,,EC20,EC50,=,138.04,6.86,Homo sapiens,yes,yes,yes,,,,,,,cat=PAM_functional_calcium; standard_type=EC50; source_kind=primary_article; legacy pEC50=6.86 (generic negative-log potency)
ACT_19475639,MG00373,MG00373,2,2,rounding_or_pEC50_conversion_duplicate,log_mean_pEC50,6.8904,128.71,CM00686,PARENT0547,PMID_27476142,ASSY_CHEMBL4479482,calcium,PAM_functional_calcium,CHO,,EC20,EC50,=,120.0,6.9208,Homo sapiens,yes,yes,yes,,,,,,,cat=PAM_functional_calcium; standard_type=EC50; source_kind=primary_article; legacy pEC50=6.92 (generic negative-log potency)
ACT_19475656,MG00059,MG00059,2,2,rounding_or_pEC50_conversion_duplicate,log_mean_pEC50,6.4201,380.1,CM00104,PARENT0541,PMID_27476142,ASSY_CHEMBL4479482,calcium,PAM_functional_calcium,CHO,,EC20,EC50,=,380.0,6.4202,Homo sapiens,yes,yes,yes,,,,,,,cat=PAM_functional_calcium; standard_type=EC50; source_kind=primary_article; legacy pEC50=6.42 (generic negative-log potency)
ACT_19475657,MG00262,MG00262,2,2,rounding_or_pEC50_conversion_duplicate,log_mean_pEC50,6.3198,478.85,CM00475,PARENT0542,PMID_27476142,ASSY_CHEMBL4479482,calcium,PAM_functional_calcium,CHO,,EC20,EC50,=,479.0,6.3197,Homo sapiens,yes,yes,yes,,,,,,,cat=PAM_functional_calcium; standard_type=EC50; source_kind=primary_article; legacy pEC50=6.32 (generic negative-log potency)
ACT_19475658,MG00392,MG00392,1,1,single,single,6.5302,294.99,CM00715,PARENT0564,PMID_27476142,ASSY_CHEMBL4479482,calcium,PAM_functional_calcium,CHO,,EC20,EC50,=,295.0,6.5302,Homo sapiens,yes,yes,yes,,,,,,,cat=PAM_functional_calcium; standard_type=EC50; source_kind=primary_article; legacy pEC50=6.53 (generic negative-log potency)
ACT_19475659,MG00178,MG00178,1,1,single,single,7.1192,76.0,CM00332,PARENT0565,PMID_27476142,ASSY_CHEMBL4479482,calcium,PAM_functional_calcium,CHO,,EC20,EC50,=,76.0,7.1192,Homo sapiens,yes,yes,yes,,,,,,,cat=PAM_functional_calcium; standard_type=EC50; source_kind=primary_article; legacy pEC50=7.12 (generic negative-log potency)
ACT_19475661,MG00426,MG00426,2,2,rounding_or_pEC50_conversion_duplicate,log_mean_pEC50,6.0501,891.05,CM00788,PARENT0544,PMID_27476142,ASSY_CHEMBL4479482,calcium,PAM_functional_calcium,CHO,,EC20,EC50,=,891.0,6.0501,Homo sapiens,yes,yes,yes,,,,,,,cat=PAM_functional_calcium; standard_type=EC50; source_kind=primary_article; legacy pEC50=6.05 (generic negative-log potency)
ACT_19475662,MG00127,MG00127,2,2,rounding_or_pEC50_conversion_duplicate,log_mean_pEC50,6.9794,104.86,CM00233,PARENT0545,PMID_27476142,ASSY_CHEMBL4479482,calcium,PAM_functional_calcium,CHO,,EC20,EC50,=,105.0,6.9788,Homo sapiens,yes,yes,yes,,,,,,,cat=PAM_functional_calcium; standard_type=EC50; source_kind=primary_article; legacy pEC50=6.98 (generic negative-log potency)
ACT_19475663,MG00103,MG00103,2,2,rounding_or_pEC50_conversion_duplicate,log_mean_pEC50,6.4801,331.05,CM00186,PARENT0546,PMID_27476142,ASSY_CHEMBL4479482,calcium,PAM_functional_calcium,CHO,,EC20,EC50,=,331.0,6.4802,Homo sapiens,yes,yes,yes,,,,,,,cat=PAM_functional_calcium; standard_type=EC50; source_kind=primary_article; legacy pEC50=6.48 (generic negative-log potency)
ACT_19475664,MG00465,MG00465,2,2,rounding_or_pEC50_conversion_duplicate,log_mean_pEC50,6.1899,645.8,CM00854,PARENT0531,PMID_27476142,ASSY_CHEMBL4479482,calcium,PAM_functional_calcium,CHO,,EC20,EC50,=,646.0,6.1898,Homo sapiens,yes,yes,yes,,,,,,,cat=PAM_functional_calcium; standard_type=EC50; source_kind=primary_article; legacy pEC50=6.19 (generic negative-log potency)
ACT_19475665,MG00160,MG00160,2,2,rounding_or_pEC50_conversion_duplicate,log_mean_pEC50,6.9907,102.16,CM00300,PARENT0532,PMID_27476142,ASSY_CHEMBL4479482,calcium,PAM_functional_calcium,CHO,,EC20,EC50,=,102.0,6.9914,Homo sapiens,yes,yes,yes,,,,,,,cat=PAM_functional_calcium; standard_type=EC50; source_kind=primary_article; legacy pEC50=6.99 (generic negative-log potency)
ACT_19475666,MG00474,MG00474,2,2,rounding_or_pEC50_conversion_duplicate,log_mean_pEC50,6.9794,104.86,CM00872,PARENT0533,PMID_27476142,ASSY_CHEMBL4479482,calcium,PAM_functional_calcium,CHO,,EC20,EC50,=,105.0,6.9788,Homo sapiens,yes,yes,yes,,,,,,,cat=PAM_functional_calcium; standard_type=EC50; source_kind=primary_article; legacy pEC50=6.98 (generic negative-log potency)
ACT_19475667,MG00402,MG00402,2,2,rounding_or_pEC50_conversion_duplicate,log_mean_pEC50,6.4297,371.79,CM00738,PARENT0534,PMID_27476142,ASSY_CHEMBL4479482,calcium,PAM_functional_calcium,CHO,,EC20,EC50,=,372.0,6.4295,Homo sapiens,yes,yes,yes,,,,,,,cat=PAM_functional_calcium; standard_type=EC50; source_kind=primary_article; legacy pEC50=6.43 (generic negative-log potency)
ACT_19475668,MG00267,MG00267,2,2,rounding_or_pEC50_conversion_duplicate,log_mean_pEC50,6.2299,588.98,CM00483,PARENT0535,PMID_27476142,ASSY_CHEMBL4479482,calcium,PAM_functional_calcium,CHO,,EC20,EC50,=,589.0,6.2299,Homo sapiens,yes,yes,yes,,,,,,,cat=PAM_functional_calcium; standard_type=EC50; source_kind=primary_article; legacy pEC50=6.23 (generic negative-log potency)
ACT_19475669,MG00142,MG00142,2,2,rounding_or_pEC50_conversion_duplicate,log_mean_pEC50,6.2501,562.21,CM00266,PARENT0536,PMID_27476142,ASSY_CHEMBL4479482,calcium,PAM_functional_calcium,CHO,,EC20,EC50,=,562.0,6.2503,Homo sapiens,yes,yes,yes,,,,,,,cat=PAM_functional_calcium; standard_type=EC50; source_kind=primary_article; legacy pEC50=6.25 (generic negative-log potency)
ACT_19475670,MG00395,MG00395,2,2,rounding_or_pEC50_conversion_duplicate,log_mean_pEC50,6.6199,239.94,CM00727,PARENT0537,PMID_27476142,ASSY_CHEMBL4479482,calcium,PAM_functional_calcium,CHO,,EC20,EC50,=,240.0,6.6198,Homo sapiens,yes,yes,yes,,,,,,,cat=PAM_functional_calcium; standard_type=EC50; source_kind=primary_article; legacy pEC50=6.62 (generic negative-log potency)
ACT_19475671,MG00129,MG00129,2,2,rounding_or_pEC50_conversion_duplicate,log_mean_pEC50,6.3198,478.85,CM00239,PARENT0538,PMID_27476142,ASSY_CHEMBL4479482,calcium,PAM_functional_calcium,CHO,,EC20,EC50,=,479.0,6.3197,Homo sapiens,yes,yes,yes,,,,,,,cat=PAM_functional_calcium; standard_type=EC50; source_kind=primary_article; legacy pEC50=6.32 (generic negative-log potency)
ACT_19475672,MG00275,MG00275,2,2,rounding_or_pEC50_conversion_duplicate,log_mean_pEC50,6.4499,354.9,CM00501,PARENT0539,PMID_27476142,ASSY_CHEMBL4479482,calcium,PAM_functional_calcium,CHO,,EC20,EC50,=,355.0,6.4498,Homo sapiens,yes,yes,yes,,,,,,,cat=PAM_functional_calcium; standard_type=EC50; source_kind=primary_article; legacy pEC50=6.45 (generic negative-log potency)
ACT_19475673,MG00166,MG00166,2,2,rounding_or_pEC50_conversion_duplicate,log_mean_pEC50,6.0501,891.05,CM00317,PARENT0540,PMID_27476142,ASSY_CHEMBL4479482,calcium,PAM_functional_calcium,CHO,,EC20,EC50,=,891.0,6.0501,Homo sapiens,yes,yes,yes,,,,,,,cat=PAM_functional_calcium; standard_type=EC50; source_kind=primary_article; legacy pEC50=6.05 (generic negative-log potency)
ACT_20630001,MG00417,MG00417,1,1,single,single,6.3063,493.97,CM00767,PARENT0570,PMID_31784320,ASSY_CHEMBL4610613,calcium,PAM_functional_calcium,CHO,acetylcholine,,EC50,=,494.0,6.3063,Homo sapiens,yes,yes,yes,,,,,,,cat=PAM_functional_calcium; standard_type=EC50; source_kind=primary_article; legacy pEC50=6.31 (generic negative-log potency)
ACT_20630004,MG00365,MG00365,1,1,single,single,6.0711,848.98,CM00673,PARENT0573,PMID_31784320,ASSY_CHEMBL4610613,calcium,PAM_functional_calcium,CHO,acetylcholine,,EC50,=,849.0,6.0711,Homo sapiens,yes,yes,yes,,,,,,,cat=PAM_functional_calcium; standard_type=EC50; source_kind=primary_article; legacy pEC50=6.07 (generic negative-log potency)
ACT_20630005,MG00193,MG00193,1,1,single,single,6.1273,745.93,CM00365,PARENT0574,PMID_31784320,ASSY_CHEMBL4610613,calcium,PAM_functional_calcium,CHO,acetylcholine,,EC50,=,746.0,6.1273,Homo sapiens,yes,yes,yes,,,,,,,cat=PAM_functional_calcium; standard_type=EC50; source_kind=primary_article; legacy pEC50=6.13 (generic negative-log potency)
ACT_20630006,MG00278,MG00278,1,1,single,single,6.1844,654.03,CM00504,PARENT0575,PMID_31784320,ASSY_CHEMBL4610613,calcium,PAM_functional_calcium,CHO,acetylcholine,,EC50,=,654.0,6.1844,Homo sapiens,yes,yes,yes,,,,,,,cat=PAM_functional_calcium; standard_type=EC50; source_kind=primary_article; legacy pEC50=6.18 (generic negative-log potency)
ACT_20630007,MG00376,MG00376,1,1,single,single,6.3298,467.95,CM00690,PARENT0576,PMID_31784320,ASSY_CHEMBL4610613,calcium,PAM_functional_calcium,CHO,acetylcholine,,EC50,=,468.0,6.3298,Homo sapiens,yes,yes,yes,,,,,,,cat=PAM_functional_calcium; standard_type=EC50; source_kind=primary_article; legacy pEC50=6.33 (generic negative-log potency)
ACT_20630008,MG00257,MG00257,1,1,single,single,6.3768,419.95,CM00466,PARENT0577,PMID_31784320,ASSY_CHEMBL4610613,calcium,PAM_functional_calcium,CHO,acetylcholine,,EC50,=,420.0,6.3768,Homo sapiens,yes,yes,yes,,,,,,,cat=PAM_functional_calcium; standard_type=EC50; source_kind=primary_article; legacy pEC50=6.38 (generic negative-log potency)
ACT_20630009,MG00334,MG00334,1,1,single,single,6.426,374.97,CM00621,PARENT0578,PMID_31784320,ASSY_CHEMBL4610613,calcium,PAM_functional_calcium,CHO,acetylcholine,,EC50,=,375.0,6.426,Homo sapiens,yes,yes,yes,,,,,,,cat=PAM_functional_calcium; standard_type=EC50; source_kind=primary_article; legacy pEC50=6.43 (generic negative-log potency)
ACT_20630010,MG00374,MG00374,1,1,single,single,6.4318,370.0,CM00688,PARENT0579,PMID_31784320,ASSY_CHEMBL4610613,calcium,PAM_functional_calcium,CHO,acetylcholine,,EC50,=,370.0,6.4318,Homo sapiens,yes,yes,yes,,,,,,,cat=PAM_functional_calcium; standard_type=EC50; source_kind=primary_article; legacy pEC50=6.43 (generic negative-log potency)
ACT_20630011,MG00158,MG00158,1,1,single,single,6.6144,243.0,CM00297,PARENT0580,PMID_31784320,ASSY_CHEMBL4610613,calcium,PAM_functional_calcium,CHO,acetylcholine,,EC50,=,243.0,6.6144,Homo sapiens,yes,yes,yes,,,,,,,cat=PAM_functional_calcium; standard_type=EC50; source_kind=primary_article; legacy pEC50=6.61 (generic negative-log potency)
ACT_20630012,MG00052,MG00052,1,1,single,single,6.8794,132.01,CM00095,PARENT0581,PMID_31784320,ASSY_CHEMBL4610613,calcium,PAM_functional_calcium,CHO,acetylcholine,,EC50,=,132.0,6.8794,Homo sapiens,yes,yes,yes,,,,,,,cat=PAM_functional_calcium; standard_type=EC50; source_kind=primary_article; legacy pEC50=6.88 (generic negative-log potency)
ACT_20630013,MG00117,MG00117,1,1,single,single,6.5114,308.03,CM00212,PARENT0582,PMID_31784320,ASSY_CHEMBL4610613,calcium,PAM_functional_calcium,CHO,acetylcholine,,EC50,=,308.0,6.5114,Homo sapiens,yes,yes,yes,,,,,,,cat=PAM_functional_calcium; standard_type=EC50; source_kind=primary_article; legacy pEC50=6.51 (generic negative-log potency)
ACT_20630014,MG00404,MG00404,1,1,single,single,6.1314,738.92,CM00747,PARENT0583,PMID_31784320,ASSY_CHEMBL4610613,calcium,PAM_functional_calcium,CHO,acetylcholine,,EC50,=,739.0,6.1314,Homo sapiens,yes,yes,yes,,,,,,,cat=PAM_functional_calcium; standard_type=EC50; source_kind=primary_article; legacy pEC50=6.13 (generic negative-log potency)
ACT_20630015,MG00055,MG00055,1,1,single,single,5.5952,2539.8,CM00098,PARENT0584,PMID_31784320,ASSY_CHEMBL4610613,calcium,PAM_functional_calcium,CHO,acetylcholine,,EC50,=,2540.0,5.5952,Homo sapiens,yes,yes,yes,,,,,,,cat=PAM_functional_calcium; standard_type=EC50; source_kind=primary_article; legacy pEC50=5.59 (generic negative-log potency)
ACT_20630017,MG00214,MG00214,1,1,single,single,6.2336,583.98,CM00394,PARENT0586,PMID_31784320,ASSY_CHEMBL4610613,calcium,PAM_functional_calcium,CHO,acetylcholine,,EC50,=,584.0,6.2336,Homo sapiens,yes,yes,yes,,,,,,,cat=PAM_functional_calcium; standard_type=EC50; source_kind=primary_article; legacy pEC50=6.23 (generic negative-log potency)
ACT_20630021,MG00021,MG00021,1,1,single,single,6.1707,674.99,CM00042,PARENT0590,PMID_31784320,ASSY_CHEMBL4610613,calcium,PAM_functional_calcium,CHO,acetylcholine,,EC50,=,675.0,6.1707,Homo sapiens,yes,yes,yes,,,,,,,cat=PAM_functional_calcium; standard_type=EC50; source_kind=primary_article; legacy pEC50=6.17 (generic negative-log potency)
ACT_20630029,MG00396,MG00396,1,1,single,single,5.7371,1831.89,CM00729,PARENT0598,PMID_31784320,ASSY_CHEMBL4610613,calcium,PAM_functional_calcium,CHO,acetylcholine,,EC50,=,1832.0,5.7371,Homo sapiens,yes,yes,yes,,,,,,,cat=PAM_functional_calcium; standard_type=EC50; source_kind=primary_article; legacy pEC50=5.74 (generic negative-log potency)
ACT_20630031,MG00234,MG00234,1,1,single,single,5.8589,1383.88,CM00428,PARENT0600,PMID_31784320,ASSY_CHEMBL4610613,calcium,PAM_functional_calcium,CHO,acetylcholine,,EC50,=,1384.0,5.8589,Homo sapiens,yes,yes,yes,,,,,,,cat=PAM_functional_calcium; standard_type=EC50; source_kind=primary_article; legacy pEC50=5.86 (generic negative-log potency)
ACT_20630032,MG00148,MG00148,1,1,single,single,6.0269,939.94,CM00276,PARENT0601,PMID_31784320,ASSY_CHEMBL4610613,calcium,PAM_functional_calcium,CHO,acetylcholine,,EC50,=,940.0,6.0269,Homo sapiens,yes,yes,yes,,,,,,,cat=PAM_functional_calcium; standard_type=EC50; source_kind=primary_article; legacy pEC50=6.03 (generic negative-log potency)
ACT_20630033,MG00347,MG00347,1,1,single,single,5.4109,3882.4,CM00642,PARENT0602,PMID_31784320,ASSY_CHEMBL4610613,calcium,PAM_functional_calcium,CHO,acetylcholine,,EC50,=,3882.0,5.4109,Homo sapiens,yes,yes,yes,,,,,,,cat=PAM_functional_calcium; standard_type=EC50; source_kind=primary_article; legacy pEC50=5.41 (generic negative-log potency)
ACT_20630034,MG00057,MG00057,1,1,single,single,5.8471,1422.0,CM00100,PARENT0603,PMID_31784320,ASSY_CHEMBL4610613,calcium,PAM_functional_calcium,CHO,acetylcholine,,EC50,=,1422.0,5.8471,Homo sapiens,yes,yes,yes,,,,,,,cat=PAM_functional_calcium; standard_type=EC50; source_kind=primary_article; legacy pEC50=5.85 (generic negative-log potency)
ACT_20630035,MG00302,MG00302,1,1,single,single,6.3429,454.05,CM00556,PARENT0604,PMID_31784320,ASSY_CHEMBL4610613,calcium,PAM_functional_calcium,CHO,acetylcholine,,EC50,=,454.0,6.3429,Homo sapiens,yes,yes,yes,,,,,,,cat=PAM_functional_calcium; standard_type=EC50; source_kind=primary_article; legacy pEC50=6.34 (generic negative-log potency)
ACT_20630036,MG00403,MG00403,1,1,single,single,5.9382,1152.92,CM00742,PARENT0605,PMID_31784320,ASSY_CHEMBL4610613,calcium,PAM_functional_calcium,CHO,acetylcholine,,EC50,=,1153.0,5.9382,Homo sapiens,yes,yes,yes,,,,,,,cat=PAM_functional_calcium; standard_type=EC50; source_kind=primary_article; legacy pEC50=5.94 (generic negative-log potency)
ACT_20630037,MG00191,MG00191,1,1,single,single,6.3665,430.03,CM00357,PARENT0606,PMID_31784320,ASSY_CHEMBL4610613,calcium,PAM_functional_calcium,CHO,acetylcholine,,EC50,=,430.0,6.3665,Homo sapiens,yes,yes,yes,,,,,,,cat=PAM_functional_calcium; standard_type=EC50; source_kind=primary_article; legacy pEC50=6.37 (generic negative-log potency)
ACT_20630421,MG00098,MG00098,1,1,single,single,7.2007,62.99,CM00177,PARENT0607,PMID_31787491,ASSY_CHEMBL4610689,calcium,PAM_functional_calcium,CHO,acetylcholine,,EC50,=,63.0,7.2007,Homo sapiens,yes,yes,yes,,,,,,,cat=PAM_functional_calcium; standard_type=EC50; source_kind=primary_article; legacy pEC50=7.2 (generic negative-log potency)
ACT_20630422,MG00358,MG00358,1,1,single,single,6.2277,591.97,CM00665,PARENT0608,PMID_31787491,ASSY_CHEMBL4610689,calcium,PAM_functional_calcium,CHO,acetylcholine,,EC50,=,592.0,6.2277,Homo sapiens,yes,yes,yes,,,,,,,cat=PAM_functional_calcium; standard_type=EC50; source_kind=primary_article; legacy pEC50=6.23 (generic negative-log potency)
ACT_20630423,MG00431,MG00431,1,1,single,single,5.7647,1719.1,CM00801,PARENT0609,PMID_31787491,ASSY_CHEMBL4610689,calcium,PAM_functional_calcium,CHO,acetylcholine,,EC50,=,1719.0,5.7647,Homo sapiens,yes,yes,yes,,,,,,,cat=PAM_functional_calcium; standard_type=EC50; source_kind=primary_article; legacy pEC50=5.76 (generic negative-log potency)
ACT_20630424,MG00434,MG00434,1,1,single,single,6.0862,819.97,CM00806,PARENT0610,PMID_31787491,ASSY_CHEMBL4610689,calcium,PAM_functional_calcium,CHO,acetylcholine,,EC50,=,820.0,6.0862,Homo sapiens,yes,yes,yes,,,,,,,cat=PAM_functional_calcium; standard_type=EC50; source_kind=primary_article; legacy pEC50=6.09 (generic negative-log potency)
ACT_20630425,MG00240,MG00240,1,1,single,single,5.8259,1493.14,CM00436,PARENT0611,PMID_31787491,ASSY_CHEMBL4610689,calcium,PAM_functional_calcium,CHO,acetylcholine,,EC50,=,1493.0,5.8259,Homo sapiens,yes,yes,yes,,,,,,,cat=PAM_functional_calcium; standard_type=EC50; source_kind=primary_article; legacy pEC50=5.83 (generic negative-log potency)
ACT_20630426,MG00429,MG00429,1,1,single,single,7.041,90.99,CM00797,PARENT0612,PMID_31787491,ASSY_CHEMBL4610689,calcium,PAM_functional_calcium,CHO,acetylcholine,,EC50,=,91.0,7.041,Homo sapiens,yes,yes,yes,,,,,,,cat=PAM_functional_calcium; standard_type=EC50; source_kind=primary_article; legacy pEC50=7.04 (generic negative-log potency)
ACT_20630427,MG00141,MG00141,1,1,single,single,6.4389,364.0,CM00259,PARENT0613,PMID_31787491,ASSY_CHEMBL4610689,calcium,PAM_functional_calcium,CHO,acetylcholine,,EC50,=,364.0,6.4389,Homo sapiens,yes,yes,yes,,,,,,,cat=PAM_functional_calcium; standard_type=EC50; source_kind=primary_article; legacy pEC50=6.44 (generic negative-log potency)
ACT_20630428,MG00435,MG00435,1,1,single,single,6.4283,372.99,CM00808,PARENT0614,PMID_31787491,ASSY_CHEMBL4610689,calcium,PAM_functional_calcium,CHO,acetylcholine,,EC50,=,373.0,6.4283,Homo sapiens,yes,yes,yes,,,,,,,cat=PAM_functional_calcium; standard_type=EC50; source_kind=primary_article; legacy pEC50=6.43 (generic negative-log potency)
ACT_20630429,MG00446,MG00446,1,1,single,single,6.3354,461.96,CM00828,PARENT0615,PMID_31787491,ASSY_CHEMBL4610689,calcium,PAM_functional_calcium,CHO,acetylcholine,,EC50,=,462.0,6.3354,Homo sapiens,yes,yes,yes,,,,,,,cat=PAM_functional_calcium; standard_type=EC50; source_kind=primary_article; legacy pEC50=6.33 (generic negative-log potency)
ACT_20630430,MG00205,MG00205,1,1,single,single,6.0894,813.95,CM00383,PARENT0616,PMID_31787491,ASSY_CHEMBL4610689,calcium,PAM_functional_calcium,CHO,acetylcholine,,EC50,=,814.0,6.0894,Homo sapiens,yes,yes,yes,,,,,,,cat=PAM_functional_calcium; standard_type=EC50; source_kind=primary_article; legacy pEC50=6.09 (generic negative-log potency)
ACT_20630431,MG00466,MG00466,1,1,single,single,5.7637,1723.06,CM00855,PARENT0617,PMID_31787491,ASSY_CHEMBL4610689,calcium,PAM_functional_calcium,CHO,acetylcholine,,EC50,=,1723.0,5.7637,Homo sapiens,yes,yes,yes,,,,,,,cat=PAM_functional_calcium; standard_type=EC50; source_kind=primary_article; legacy pEC50=5.76 (generic negative-log potency)
ACT_20630432,MG00131,MG00131,1,1,single,single,5.6149,2427.17,CM00241,PARENT0618,PMID_31787491,ASSY_CHEMBL4610689,calcium,PAM_functional_calcium,CHO,acetylcholine,,EC50,=,2427.0,5.6149,Homo sapiens,yes,yes,yes,,,,,,,cat=PAM_functional_calcium; standard_type=EC50; source_kind=primary_article; legacy pEC50=5.62 (generic negative-log potency)
ACT_20630433,MG00442,MG00442,1,1,single,single,5.4435,3601.64,CM00823,PARENT0619,PMID_31787491,ASSY_CHEMBL4610689,calcium,PAM_functional_calcium,CHO,acetylcholine,,EC50,=,3602.0,5.4435,Homo sapiens,yes,yes,yes,,,,,,,cat=PAM_functional_calcium; standard_type=EC50; source_kind=primary_article; legacy pEC50=5.44 (generic negative-log potency)
ACT_20630434,MG00469,MG00469,1,1,single,single,5.3469,4498.83,CM00862,PARENT0620,PMID_31787491,ASSY_CHEMBL4610689,calcium,PAM_functional_calcium,CHO,acetylcholine,,EC50,=,4499.0,5.3469,Homo sapiens,yes,yes,yes,,,,,,,cat=PAM_functional_calcium; standard_type=EC50; source_kind=primary_article; legacy pEC50=5.35 (generic negative-log potency)
ACT_20630435,MG00022,MG00022,1,1,single,single,6.1707,674.99,CM00042,PARENT0590,PMID_31787491,ASSY_CHEMBL4610689,calcium,PAM_functional_calcium,CHO,acetylcholine,,EC50,=,675.0,6.1707,Homo sapiens,yes,yes,yes,,,,,,,cat=PAM_functional_calcium; standard_type=EC50; source_kind=primary_article; legacy pEC50=6.17 (generic negative-log potency)
ACT_20630436,MG00244,MG00244,1,1,single,single,6.5607,274.98,CM00442,PARENT0621,PMID_31787491,ASSY_CHEMBL4610689,calcium,PAM_functional_calcium,CHO,acetylcholine,,EC50,=,275.0,6.5607,Homo sapiens,yes,yes,yes,,,,,,,cat=PAM_functional_calcium; standard_type=EC50; source_kind=primary_article; legacy pEC50=6.56 (generic negative-log potency)
ACT_20630437,MG00167,MG00167,1,1,single,single,6.4214,378.97,CM00318,PARENT0622,PMID_31787491,ASSY_CHEMBL4610689,calcium,PAM_functional_calcium,CHO,acetylcholine,,EC50,=,379.0,6.4214,Homo sapiens,yes,yes,yes,,,,,,,cat=PAM_functional_calcium; standard_type=EC50; source_kind=primary_article; legacy pEC50=6.42 (generic negative-log potency)
ACT_20630438,MG00024,MG00024,1,1,single,single,6.6216,239.0,CM00044,PARENT0623,PMID_31787491,ASSY_CHEMBL4610689,calcium,PAM_functional_calcium,CHO,acetylcholine,,EC50,=,239.0,6.6216,Homo sapiens,yes,yes,yes,,,,,,,cat=PAM_functional_calcium; standard_type=EC50; source_kind=primary_article; legacy pEC50=6.62 (generic negative-log potency)
ACT_20630439,MG00436,MG00436,1,1,single,single,6.3233,475.01,CM00814,PARENT0624,PMID_31787491,ASSY_CHEMBL4610689,calcium,PAM_functional_calcium,CHO,acetylcholine,,EC50,=,475.0,6.3233,Homo sapiens,yes,yes,yes,,,,,,,cat=PAM_functional_calcium; standard_type=EC50; source_kind=primary_article; legacy pEC50=6.32 (generic negative-log potency)
ACT_20630440,MG00008,MG00008,1,1,single,single,6.0191,956.97,CM00016,PARENT0625,PMID_31787491,ASSY_CHEMBL4610689,calcium,PAM_functional_calcium,CHO,acetylcholine,,EC50,=,957.0,6.0191,Homo sapiens,yes,yes,yes,,,,,,,cat=PAM_functional_calcium; standard_type=EC50; source_kind=primary_article; legacy pEC50=6.02 (generic negative-log potency)
ACT_20630441,MG00013,MG00013,1,1,single,single,6.0526,885.93,CM00028,PARENT0626,PMID_31787491,ASSY_CHEMBL4610689,calcium,PAM_functional_calcium,CHO,acetylcholine,,EC50,=,886.0,6.0526,Homo sapiens,yes,yes,yes,,,,,,,cat=PAM_functional_calcium; standard_type=EC50; source_kind=primary_article; legacy pEC50=6.05 (generic negative-log potency)
ACT_20630442,MG00012,MG00012,1,1,single,single,6.2581,551.95,CM00027,PARENT0627,PMID_31787491,ASSY_CHEMBL4610689,calcium,PAM_functional_calcium,CHO,acetylcholine,,EC50,=,552.0,6.2581,Homo sapiens,yes,yes,yes,,,,,,,cat=PAM_functional_calcium; standard_type=EC50; source_kind=primary_article; legacy pEC50=6.26 (generic negative-log potency)
ACT_20630443,MG00433,MG00433,1,1,single,single,6.3279,470.0,CM00805,PARENT0628,PMID_31787491,ASSY_CHEMBL4610689,calcium,PAM_functional_calcium,CHO,acetylcholine,,EC50,=,470.0,6.3279,Homo sapiens,yes,yes,yes,,,,,,,cat=PAM_functional_calcium; standard_type=EC50; source_kind=primary_article; legacy pEC50=6.33 (generic negative-log potency)
ACT_20630444,MG00441,MG00441,1,1,single,single,6.2774,527.96,CM00822,PARENT0629,PMID_31787491,ASSY_CHEMBL4610689,calcium,PAM_functional_calcium,CHO,acetylcholine,,EC50,=,528.0,6.2774,Homo sapiens,yes,yes,yes,,,,,,,cat=PAM_functional_calcium; standard_type=EC50; source_kind=primary_article; legacy pEC50=6.28 (generic negative-log potency)
ACT_20630445,MG00263,MG00263,1,1,single,single,6.3307,466.98,CM00476,PARENT0630,PMID_31787491,ASSY_CHEMBL4610689,calcium,PAM_functional_calcium,CHO,acetylcholine,,EC50,=,467.0,6.3307,Homo sapiens,yes,yes,yes,,,,,,,cat=PAM_functional_calcium; standard_type=EC50; source_kind=primary_article; legacy pEC50=6.33 (generic negative-log potency)
ACT_20630446,MG00080,MG00080,1,1,single,single,6.0716,848.01,CM00137,PARENT0631,PMID_31787491,ASSY_CHEMBL4610689,calcium,PAM_functional_calcium,CHO,acetylcholine,,EC50,=,848.0,6.0716,Homo sapiens,yes,yes,yes,,,,,,,cat=PAM_functional_calcium; standard_type=EC50; source_kind=primary_article; legacy pEC50=6.07 (generic negative-log potency)
ACT_20630447,MG00007,MG00007,1,1,single,single,6.2048,624.02,CM00014,PARENT0632,PMID_31787491,ASSY_CHEMBL4610689,calcium,PAM_functional_calcium,CHO,acetylcholine,,EC50,=,624.0,6.2048,Homo sapiens,yes,yes,yes,,,,,,,cat=PAM_functional_calcium; standard_type=EC50; source_kind=primary_article; legacy pEC50=6.21 (generic negative-log potency)
ACT_20630448,MG00314,MG00314,1,1,single,single,5.8286,1483.88,CM00583,PARENT0633,PMID_31787491,ASSY_CHEMBL4610689,calcium,PAM_functional_calcium,CHO,acetylcholine,,EC50,=,1484.0,5.8286,Homo sapiens,yes,yes,yes,,,,,,,cat=PAM_functional_calcium; standard_type=EC50; source_kind=primary_article; legacy pEC50=5.83 (generic negative-log potency)
ACT_20630449,MG00458,MG00458,1,1,single,single,6.9031,125.0,CM00844,PARENT0634,PMID_31787491,ASSY_CHEMBL4610689,calcium,PAM_functional_calcium,CHO,acetylcholine,,EC50,=,125.0,6.9031,Homo sapiens,yes,yes,yes,,,,,,,cat=PAM_functional_calcium; standard_type=EC50; source_kind=primary_article; legacy pEC50=6.9 (generic negative-log potency)
ACT_20630450,MG00064,MG00064,1,1,single,single,6.8633,136.99,CM00114,PARENT0635,PMID_31787491,ASSY_CHEMBL4610689,calcium,PAM_functional_calcium,CHO,acetylcholine,,EC50,=,137.0,6.8633,Homo sapiens,yes,yes,yes,,,,,,,cat=PAM_functional_calcium; standard_type=EC50; source_kind=primary_article; legacy pEC50=6.86 (generic negative-log potency)
ACT_20630451,MG00274,MG00274,1,1,single,single,6.8297,148.01,CM00500,PARENT0636,PMID_31787491,ASSY_CHEMBL4610689,calcium,PAM_functional_calcium,CHO,acetylcholine,,EC50,=,148.0,6.8297,Homo sapiens,yes,yes,yes,,,,,,,cat=PAM_functional_calcium; standard_type=EC50; source_kind=primary_article; legacy pEC50=6.83 (generic negative-log potency)
ACT_20630452,MG00107,MG00107,1,1,single,single,6.8013,158.02,CM00195,PARENT0637,PMID_31787491,ASSY_CHEMBL4610689,calcium,PAM_functional_calcium,CHO,acetylcholine,,EC50,=,158.0,6.8013,Homo sapiens,yes,yes,yes,,,,,,,cat=PAM_functional_calcium; standard_type=EC50; source_kind=primary_article; legacy pEC50=6.8 (generic negative-log potency)
ACT_20630453,MG00196,MG00196,1,1,single,single,6.6126,244.01,CM00368,PARENT0638,PMID_31787491,ASSY_CHEMBL4610689,calcium,PAM_functional_calcium,CHO,acetylcholine,,EC50,=,244.0,6.6126,Homo sapiens,yes,yes,yes,,,,,,,cat=PAM_functional_calcium; standard_type=EC50; source_kind=primary_article; legacy pEC50=6.61 (generic negative-log potency)
ACT_20630454,MG00001,MG00001,1,1,single,single,6.2083,619.01,CM00003,PARENT0639,PMID_31787491,ASSY_CHEMBL4610689,calcium,PAM_functional_calcium,CHO,acetylcholine,,EC50,=,619.0,6.2083,Homo sapiens,yes,yes,yes,,,,,,,cat=PAM_functional_calcium; standard_type=EC50; source_kind=primary_article; legacy pEC50=6.21 (generic negative-log potency)
ACT_20630455,MG00444,MG00444,1,1,single,single,5.8374,1454.12,CM00826,PARENT0640,PMID_31787491,ASSY_CHEMBL4610689,calcium,PAM_functional_calcium,CHO,acetylcholine,,EC50,=,1454.0,5.8374,Homo sapiens,yes,yes,yes,,,,,,,cat=PAM_functional_calcium; standard_type=EC50; source_kind=primary_article; legacy pEC50=5.84 (generic negative-log potency)
ACT_20630456,MG00085,MG00085,1,1,single,single,5.4501,3547.32,CM00145,PARENT0641,PMID_31787491,ASSY_CHEMBL4610689,calcium,PAM_functional_calcium,CHO,acetylcholine,,EC50,=,3547.0,5.4501,Homo sapiens,yes,yes,yes,,,,,,,cat=PAM_functional_calcium; standard_type=EC50; source_kind=primary_article; legacy pEC50=5.45 (generic negative-log potency)
ACT_20630457,MG00309,MG00309,1,1,single,single,5.2066,6214.41,CM00572,PARENT0642,PMID_31787491,ASSY_CHEMBL4610689,calcium,PAM_functional_calcium,CHO,acetylcholine,,EC50,=,6214.0,5.2066,Homo sapiens,yes,yes,yes,,,,,,,cat=PAM_functional_calcium; standard_type=EC50; source_kind=primary_article; legacy pEC50=5.21 (generic negative-log potency)
ACT_20630458,MG00118,MG00118,1,1,single,single,6.5114,308.03,CM00212,PARENT0582,PMID_31787491,ASSY_CHEMBL4610689,calcium,PAM_functional_calcium,CHO,acetylcholine,,EC50,=,308.0,6.5114,Homo sapiens,yes,yes,yes,,,,,,,cat=PAM_functional_calcium; standard_type=EC50; source_kind=primary_article; legacy pEC50=6.51 (generic negative-log potency)
ACT_22392694,MG00208,MG00208,1,1,single,single,7.699,20.0,CM00386,PARENT0644,PMID_31113706,ASSY_CHEMBL4667426,calcium,PAM_functional_calcium,,,EC20,EC50,=,20.0,7.699,Homo sapiens,yes,yes,yes,,,,,,,cat=PAM_functional_calcium; standard_type=EC50; source_kind=primary_article; legacy pEC50=7.7 (generic negative-log potency)
ACT_22392695,MG00443,MG00443,1,1,single,single,8.0,10.0,CM00825,PARENT0645,PMID_31113706,ASSY_CHEMBL4667426,calcium,PAM_functional_calcium,,,EC20,EC50,=,10.0,8.0,Homo sapiens,yes,yes,yes,,,,,,,cat=PAM_functional_calcium; standard_type=EC50; source_kind=primary_article; legacy pEC50=8 (generic negative-log potency)
ACT_22392696,MG00409,MG00409,1,1,single,single,7.2218,60.01,CM00756,PARENT0646,PMID_31113706,ASSY_CHEMBL4667426,calcium,PAM_functional_calcium,,,EC20,EC50,=,60.0,7.2218,Homo sapiens,yes,yes,yes,,,,,,,cat=PAM_functional_calcium; standard_type=EC50; source_kind=primary_article; legacy pEC50=7.22 (generic negative-log potency)
ACT_22392697,MG00060,MG00060,1,1,single,single,7.699,20.0,CM00108,PARENT0647,PMID_31113706,ASSY_CHEMBL4667426,calcium,PAM_functional_calcium,,,EC20,EC50,=,20.0,7.699,Homo sapiens,yes,yes,yes,,,,,,,cat=PAM_functional_calcium; standard_type=EC50; source_kind=primary_article; legacy pEC50=7.7 (generic negative-log potency)
ACT_22392698,MG00071,MG00071,1,1,single,single,6.5376,290.0,CM00124,PARENT0648,PMID_31113706,ASSY_CHEMBL4667426,calcium,PAM_functional_calcium,,,EC20,EC50,=,290.0,6.5376,Homo sapiens,yes,yes,yes,,,,,,,cat=PAM_functional_calcium; standard_type=EC50; source_kind=primary_article; legacy pEC50=6.54 (generic negative-log potency)
ACT_22392699,MG00313,MG00313,1,1,single,single,7.699,20.0,CM00582,PARENT0649,PMID_31113706,ASSY_CHEMBL4667426,calcium,PAM_functional_calcium,,,EC20,EC50,=,20.0,7.699,Homo sapiens,yes,yes,yes,,,,,,,cat=PAM_functional_calcium; standard_type=EC50; source_kind=primary_article; legacy pEC50=7.7 (generic negative-log potency)
ACT_22392700,MG00164,MG00164,1,1,single,single,7.699,20.0,CM00311,PARENT0650,PMID_31113706,ASSY_CHEMBL4667426,calcium,PAM_functional_calcium,,,EC20,EC50,=,20.0,7.699,Homo sapiens,yes,yes,yes,,,,,,,cat=PAM_functional_calcium; standard_type=EC50; source_kind=primary_article; legacy pEC50=7.7 (generic negative-log potency)
ACT_22392701,MG00382,MG00382,1,1,single,single,7.5229,30.0,CM00704,PARENT0651,PMID_31113706,ASSY_CHEMBL4667426,calcium,PAM_functional_calcium,,,EC20,EC50,=,30.0,7.5229,Homo sapiens,yes,yes,yes,,,,,,,cat=PAM_functional_calcium; standard_type=EC50; source_kind=primary_article; legacy pEC50=7.52 (generic negative-log potency)
ACT_22392702,MG00451,MG00451,1,1,single,single,6.6576,219.99,CM00836,PARENT0652,PMID_31113706,ASSY_CHEMBL4667426,calcium,PAM_functional_calcium,,,EC20,EC50,=,220.0,6.6576,Homo sapiens,yes,yes,yes,,,,,,,cat=PAM_functional_calcium; standard_type=EC50; source_kind=primary_article; legacy pEC50=6.66 (generic negative-log potency)
ACT_22392703,MG00194,MG00194,1,1,single,single,8.0,10.0,CM00366,PARENT0653,PMID_31113706,ASSY_CHEMBL4667426,calcium,PAM_functional_calcium,,,EC20,EC50,=,10.0,8.0,Homo sapiens,yes,yes,yes,,,,,,,cat=PAM_functional_calcium; standard_type=EC50; source_kind=primary_article; legacy pEC50=8 (generic negative-log potency)
ACT_22392704,MG00114,MG00114,1,1,single,single,6.8239,150.0,CM00208,PARENT0654,PMID_31113706,ASSY_CHEMBL4667426,calcium,PAM_functional_calcium,,,EC20,EC50,=,150.0,6.8239,Homo sapiens,yes,yes,yes,,,,,,,cat=PAM_functional_calcium; standard_type=EC50; source_kind=primary_article; legacy pEC50=6.82 (generic negative-log potency)
ACT_22392705,MG00420,MG00420,1,1,single,single,7.0,100.0,CM00774,PARENT0655,PMID_31113706,ASSY_CHEMBL4667426,calcium,PAM_functional_calcium,,,EC20,EC50,=,100.0,7.0,Homo sapiens,yes,yes,yes,,,,,,,cat=PAM_functional_calcium; standard_type=EC50; source_kind=primary_article; legacy pEC50=7 (generic negative-log potency)
ACT_22392706,MG00025,MG00025,1,1,single,single,7.1549,70.0,CM00045,PARENT0656,PMID_31113706,ASSY_CHEMBL4667426,calcium,PAM_functional_calcium,,,EC20,EC50,=,70.0,7.1549,Homo sapiens,yes,yes,yes,,,,,,,cat=PAM_functional_calcium; standard_type=EC50; source_kind=primary_article; legacy pEC50=7.16 (generic negative-log potency)
ACT_22392707,MG00401,MG00401,1,1,single,single,6.8539,139.99,CM00737,PARENT0657,PMID_31113706,ASSY_CHEMBL4667426,calcium,PAM_functional_calcium,,,EC20,EC50,=,140.0,6.8539,Homo sapiens,yes,yes,yes,,,,,,,cat=PAM_functional_calcium; standard_type=EC50; source_kind=primary_article; legacy pEC50=6.85 (generic negative-log potency)
ACT_22392708,MG00453,MG00453,1,1,single,single,6.9208,120.01,CM00839,PARENT0658,PMID_31113706,ASSY_CHEMBL4667426,calcium,PAM_functional_calcium,,,EC20,EC50,=,120.0,6.9208,Homo sapiens,yes,yes,yes,,,,,,,cat=PAM_functional_calcium; standard_type=EC50; source_kind=primary_article; legacy pEC50=6.92 (generic negative-log potency)
ACT_22392709,MG00380,MG00380,1,1,single,single,6.6383,229.99,CM00699,PARENT0659,PMID_31113706,ASSY_CHEMBL4667426,calcium,PAM_functional_calcium,,,EC20,EC50,=,230.0,6.6383,Homo sapiens,yes,yes,yes,,,,,,,cat=PAM_functional_calcium; standard_type=EC50; source_kind=primary_article; legacy pEC50=6.64 (generic negative-log potency)
ACT_22392710,MG00328,MG00328,1,1,single,single,7.2218,60.01,CM00604,PARENT0660,PMID_31113706,ASSY_CHEMBL4667426,calcium,PAM_functional_calcium,,,EC20,EC50,=,60.0,7.2218,Homo sapiens,yes,yes,yes,,,,,,,cat=PAM_functional_calcium; standard_type=EC50; source_kind=primary_article; legacy pEC50=7.22 (generic negative-log potency)
ACT_22392711,MG00109,MG00109,1,1,single,single,7.0458,89.99,CM00200,PARENT0661,PMID_31113706,ASSY_CHEMBL4667426,calcium,PAM_functional_calcium,,,EC20,EC50,=,90.0,7.0458,Homo sapiens,yes,yes,yes,,,,,,,cat=PAM_functional_calcium; standard_type=EC50; source_kind=primary_article; legacy pEC50=7.05 (generic negative-log potency)
ACT_22392712,MG00424,MG00424,1,1,single,single,5.1726,6720.48,CM00786,PARENT0662,PMID_31113706,ASSY_CHEMBL4667426,calcium,PAM_functional_calcium,,,EC20,EC50,=,6720.0,5.1726,Homo sapiens,yes,yes,yes,,,,,,,cat=PAM_functional_calcium; standard_type=EC50; source_kind=primary_article; legacy pEC50=5.17 (generic negative-log potency)
ACT_22392713,MG00126,MG00126,1,1,single,single,5.9318,1170.04,CM00228,PARENT0663,PMID_31113706,ASSY_CHEMBL4667426,calcium,PAM_functional_calcium,,,EC20,EC50,=,1170.0,5.9318,Homo sapiens,yes,yes,yes,,,,,,,cat=PAM_functional_calcium; standard_type=EC50; source_kind=primary_article; legacy pEC50=5.93 (generic negative-log potency)
ACT_22392714,MG00472,MG00472,1,1,single,single,6.7696,169.98,CM00867,PARENT0664,PMID_31113706,ASSY_CHEMBL4667426,calcium,PAM_functional_calcium,,,EC20,EC50,=,170.0,6.7696,Homo sapiens,yes,yes,yes,,,,,,,cat=PAM_functional_calcium; standard_type=EC50; source_kind=primary_article; legacy pEC50=6.77 (generic negative-log potency)
ACT_22392715,MG00281,MG00281,1,1,single,single,6.8239,150.0,CM00512,PARENT0665,PMID_31113706,ASSY_CHEMBL4667426,calcium,PAM_functional_calcium,,,EC20,EC50,=,150.0,6.8239,Homo sapiens,yes,yes,yes,,,,,,,cat=PAM_functional_calcium; standard_type=EC50; source_kind=primary_article; legacy pEC50=6.82 (generic negative-log potency)
ACT_22392717,MG00390,MG00390,1,1,single,single,7.0458,89.99,CM00712,PARENT0667,PMID_31113706,ASSY_CHEMBL4667426,calcium,PAM_functional_calcium,,,EC20,EC50,=,90.0,7.0458,Homo sapiens,yes,yes,yes,,,,,,,cat=PAM_functional_calcium; standard_type=EC50; source_kind=primary_article; legacy pEC50=7.05 (generic negative-log potency)
ACT_22392718,MG00169,MG00169,1,1,single,single,6.7447,180.01,CM00320,PARENT0668,PMID_31113706,ASSY_CHEMBL4667426,calcium,PAM_functional_calcium,,,EC20,EC50,=,180.0,6.7447,Homo sapiens,yes,yes,yes,,,,,,,cat=PAM_functional_calcium; standard_type=EC50; source_kind=primary_article; legacy pEC50=6.75 (generic negative-log potency)
ACT_22392719,MG00177,MG00177,1,1,single,single,6.2924,510.04,CM00331,PARENT0669,PMID_31113706,ASSY_CHEMBL4667426,calcium,PAM_functional_calcium,,,EC20,EC50,=,510.0,6.2924,Homo sapiens,yes,yes,yes,,,,,,,cat=PAM_functional_calcium; standard_type=EC50; source_kind=primary_article; legacy pEC50=6.29 (generic negative-log potency)
ACT_22392720,MG00438,MG00438,1,1,single,single,6.2676,540.01,CM00817,PARENT0670,PMID_31113706,ASSY_CHEMBL4667426,calcium,PAM_functional_calcium,,,EC20,EC50,=,540.0,6.2676,Homo sapiens,yes,yes,yes,,,,,,,cat=PAM_functional_calcium; standard_type=EC50; source_kind=primary_article; legacy pEC50=6.27 (generic negative-log potency)
ACT_24343572,MG00010,MG00010,1,1,single,single,5.3969,4009.59,CM00020,PARENT0676,PMID_34710625,ASSY_CHEMBL5030006,calcium,PAM_functional_calcium,CHO,acetylcholine,EC20,EC50,=,4010.0,5.3969,Homo sapiens,yes,yes,yes,,,,,,,cat=PAM_functional_calcium; standard_type=EC50; source_kind=primary_article; legacy pEC50=5.4 (generic negative-log potency)
ACT_24343573,MG00336,MG00336,1,1,single,single,5.8069,1559.91,CM00624,PARENT0677,PMID_34710625,ASSY_CHEMBL5030006,calcium,PAM_functional_calcium,CHO,acetylcholine,EC20,EC50,=,1560.0,5.8069,Homo sapiens,yes,yes,yes,,,,,,,cat=PAM_functional_calcium; standard_type=EC50; source_kind=primary_article; legacy pEC50=5.81 (generic negative-log potency)
ACT_24343574,MG00422,MG00422,1,1,single,single,5.9547,1109.94,CM00782,PARENT0678,PMID_34710625,ASSY_CHEMBL5030006,calcium,PAM_functional_calcium,CHO,acetylcholine,EC20,EC50,=,1110.0,5.9547,Homo sapiens,yes,yes,yes,,,,,,,cat=PAM_functional_calcium; standard_type=EC50; source_kind=primary_article; legacy pEC50=5.96 (generic negative-log potency)
ACT_24343576,MG00432,MG00432,1,1,single,single,5.5918,2559.76,CM00802,PARENT0680,PMID_34710625,ASSY_CHEMBL5030006,calcium,PAM_functional_calcium,CHO,acetylcholine,EC20,EC50,=,2560.0,5.5918,Homo sapiens,yes,yes,yes,,,,,,,cat=PAM_functional_calcium; standard_type=EC50; source_kind=primary_article; legacy pEC50=5.59 (generic negative-log potency)
ACT_24343577,MG00346,MG00346,1,1,single,single,5.9431,1139.99,CM00641,PARENT0681,PMID_34710625,ASSY_CHEMBL5030006,calcium,PAM_functional_calcium,CHO,acetylcholine,EC20,EC50,=,1140.0,5.9431,Homo sapiens,yes,yes,yes,,,,,,,cat=PAM_functional_calcium; standard_type=EC50; source_kind=primary_article; legacy pEC50=5.94 (generic negative-log potency)
ACT_24343579,MG00232,MG00232,1,1,single,single,5.8539,1399.91,CM00422,PARENT0683,PMID_34710625,ASSY_CHEMBL5030006,calcium,PAM_functional_calcium,CHO,acetylcholine,EC20,EC50,=,1400.0,5.8539,Homo sapiens,yes,yes,yes,,,,,,,cat=PAM_functional_calcium; standard_type=EC50; source_kind=primary_article; legacy pEC50=5.85 (generic negative-log potency)
ACT_24343580,MG00299,MG00299,1,1,single,single,6.041,909.91,CM00553,PARENT0684,PMID_34710625,ASSY_CHEMBL5030006,calcium,PAM_functional_calcium,CHO,acetylcholine,EC20,EC50,=,910.0,6.041,Homo sapiens,yes,yes,yes,,,,,,,cat=PAM_functional_calcium; standard_type=EC50; source_kind=primary_article; legacy pEC50=6.04 (generic negative-log potency)
ACT_24343581,MG00195,MG00195,1,1,single,single,5.6345,2320.06,CM00367,PARENT0685,PMID_34710625,ASSY_CHEMBL5030006,calcium,PAM_functional_calcium,CHO,acetylcholine,EC20,EC50,=,2320.0,5.6345,Homo sapiens,yes,yes,yes,,,,,,,cat=PAM_functional_calcium; standard_type=EC50; source_kind=primary_article; legacy pEC50=5.63 (generic negative-log potency)
ACT_24343582,MG00153,MG00153,1,1,single,single,6.5331,293.02,CM00287,PARENT0686,PMID_34710625,ASSY_CHEMBL5030006,calcium,PAM_functional_calcium,CHO,acetylcholine,EC20,EC50,=,293.0,6.5331,Homo sapiens,yes,yes,yes,,,,,,,cat=PAM_functional_calcium; standard_type=EC50; source_kind=primary_article; legacy pEC50=6.53 (generic negative-log potency)
ACT_24343583,MG00150,MG00150,1,1,single,single,5.1838,6549.38,CM00278,PARENT0687,PMID_34710625,ASSY_CHEMBL5030006,calcium,PAM_functional_calcium,CHO,acetylcholine,EC20,EC50,=,6550.0,5.1838,Homo sapiens,yes,yes,yes,,,,,,,cat=PAM_functional_calcium; standard_type=EC50; source_kind=primary_article; legacy pEC50=5.18 (generic negative-log potency)
ACT_24343584,MG00448,MG00448,1,1,single,single,6.4672,341.04,CM00830,PARENT0688,PMID_34710625,ASSY_CHEMBL5030006,calcium,PAM_functional_calcium,CHO,acetylcholine,EC20,EC50,=,341.0,6.4672,Homo sapiens,yes,yes,yes,,,,,,,cat=PAM_functional_calcium; standard_type=EC50; source_kind=primary_article; legacy pEC50=6.47 (generic negative-log potency)
ACT_24343585,MG00210,MG00210,1,1,single,single,5.7852,1639.83,CM00388,PARENT0689,PMID_34710625,ASSY_CHEMBL5030006,calcium,PAM_functional_calcium,CHO,acetylcholine,EC20,EC50,=,1640.0,5.7852,Homo sapiens,yes,yes,yes,,,,,,,cat=PAM_functional_calcium; standard_type=EC50; source_kind=primary_article; legacy pEC50=5.79 (generic negative-log potency)
ACT_24343586,MG00271,MG00271,1,1,single,single,5.0585,8739.77,CM00491,PARENT0690,PMID_34710625,ASSY_CHEMBL5030006,calcium,PAM_functional_calcium,CHO,acetylcholine,EC20,EC50,=,8740.0,5.0585,Homo sapiens,yes,yes,yes,,,,,,,cat=PAM_functional_calcium; standard_type=EC50; source_kind=primary_article; legacy pEC50=5.06 (generic negative-log potency)
ACT_24343587,MG00330,MG00330,1,1,single,single,6.118,762.08,CM00607,PARENT0691,PMID_34710625,ASSY_CHEMBL5030006,calcium,PAM_functional_calcium,CHO,acetylcholine,EC20,EC50,=,762.0,6.118,Homo sapiens,yes,yes,yes,,,,,,,cat=PAM_functional_calcium; standard_type=EC50; source_kind=primary_article; legacy pEC50=6.12 (generic negative-log potency)
ACT_24343588,MG00287,MG00287,1,1,single,single,6.341,456.04,CM00525,PARENT0692,PMID_34710625,ASSY_CHEMBL5030006,calcium,PAM_functional_calcium,CHO,acetylcholine,EC20,EC50,=,456.0,6.341,Homo sapiens,yes,yes,yes,,,,,,,cat=PAM_functional_calcium; standard_type=EC50; source_kind=primary_article; legacy pEC50=6.34 (generic negative-log potency)
ACT_24343589,MG00072,MG00072,1,1,single,single,6.3439,453.0,CM00125,PARENT0693,PMID_34710625,ASSY_CHEMBL5030006,calcium,PAM_functional_calcium,CHO,acetylcholine,EC20,EC50,=,453.0,6.3439,Homo sapiens,yes,yes,yes,,,,,,,cat=PAM_functional_calcium; standard_type=EC50; source_kind=primary_article; legacy pEC50=6.34 (generic negative-log potency)
ACT_24343590,MG00440,MG00440,1,1,single,single,6.4449,359.0,CM00821,PARENT0694,PMID_34710625,ASSY_CHEMBL5030006,calcium,PAM_functional_calcium,CHO,acetylcholine,EC20,EC50,=,359.0,6.4449,Homo sapiens,yes,yes,yes,,,,,,,cat=PAM_functional_calcium; standard_type=EC50; source_kind=primary_article; legacy pEC50=6.45 (generic negative-log potency)
ACT_24343591,MG00048,MG00048,1,1,single,single,6.5575,277.01,CM00085,PARENT0695,PMID_34710625,ASSY_CHEMBL5030006,calcium,PAM_functional_calcium,CHO,acetylcholine,EC20,EC50,=,277.0,6.5575,Homo sapiens,yes,yes,yes,,,,,,,cat=PAM_functional_calcium; standard_type=EC50; source_kind=primary_article; legacy pEC50=6.56 (generic negative-log potency)
ACT_24343592,MG00023,MG00023,1,1,single,single,6.7645,171.99,CM00043,PARENT0696,PMID_34710625,ASSY_CHEMBL5030006,calcium,PAM_functional_calcium,CHO,acetylcholine,EC20,EC50,=,172.0,6.7645,Homo sapiens,yes,yes,yes,,,,,,,cat=PAM_functional_calcium; standard_type=EC50; source_kind=primary_article; legacy pEC50=6.76 (generic negative-log potency)
ACT_24343593,MG00144,MG00144,1,1,single,single,6.8416,144.01,CM00268,PARENT0697,PMID_34710625,ASSY_CHEMBL5030006,calcium,PAM_functional_calcium,CHO,acetylcholine,EC20,EC50,=,144.0,6.8416,Homo sapiens,yes,yes,yes,,,,,,,cat=PAM_functional_calcium; standard_type=EC50; source_kind=primary_article; legacy pEC50=6.84 (generic negative-log potency)
ACT_24343594,MG00331,MG00331,1,1,single,single,5.1681,6790.47,CM00615,PARENT0698,PMID_34710625,ASSY_CHEMBL5030006,calcium,PAM_functional_calcium,CHO,acetylcholine,EC20,EC50,=,6790.0,5.1681,Homo sapiens,yes,yes,yes,,,,,,,cat=PAM_functional_calcium; standard_type=EC50; source_kind=primary_article; legacy pEC50=5.17 (generic negative-log potency)
ACT_24343595,MG00086,MG00086,1,1,single,single,5.4089,3900.32,CM00151,PARENT0699,PMID_34710625,ASSY_CHEMBL5030006,calcium,PAM_functional_calcium,CHO,acetylcholine,EC20,EC50,=,3900.0,5.4089,Homo sapiens,yes,yes,yes,,,,,,,cat=PAM_functional_calcium; standard_type=EC50; source_kind=primary_article; legacy pEC50=5.41 (generic negative-log potency)
ACT_24343596,MG00222,MG00222,1,1,single,single,5.5498,2819.68,CM00413,PARENT0700,PMID_34710625,ASSY_CHEMBL5030006,calcium,PAM_functional_calcium,CHO,acetylcholine,EC20,EC50,=,2820.0,5.5498,Homo sapiens,yes,yes,yes,,,,,,,cat=PAM_functional_calcium; standard_type=EC50; source_kind=primary_article; legacy pEC50=5.55 (generic negative-log potency)
ACT_24343597,MG00298,MG00298,1,1,single,single,6.8182,151.98,CM00547,PARENT0701,PMID_34710625,ASSY_CHEMBL5030006,calcium,PAM_functional_calcium,CHO,acetylcholine,EC20,EC50,=,152.0,6.8182,Homo sapiens,yes,yes,yes,,,,,,,cat=PAM_functional_calcium; standard_type=EC50; source_kind=primary_article; legacy pEC50=6.82 (generic negative-log potency)
ACT_24343598,MG00155,MG00155,1,1,single,single,5.214,6109.42,CM00293,PARENT0702,PMID_34710625,ASSY_CHEMBL5030006,calcium,PAM_functional_calcium,CHO,acetylcholine,EC20,EC50,=,6110.0,5.214,Homo sapiens,yes,yes,yes,,,,,,,cat=PAM_functional_calcium; standard_type=EC50; source_kind=primary_article; legacy pEC50=5.21 (generic negative-log potency)
ACT_24343599,MG00421,MG00421,1,1,single,single,6.2076,620.01,CM00777,PARENT0703,PMID_34710625,ASSY_CHEMBL5030006,calcium,PAM_functional_calcium,CHO,acetylcholine,EC20,EC50,=,620.0,6.2076,Homo sapiens,yes,yes,yes,,,,,,,cat=PAM_functional_calcium; standard_type=EC50; source_kind=primary_article; legacy pEC50=6.21 (generic negative-log potency)
ACT_24343600,MG00156,MG00156,1,1,single,single,6.6308,233.99,CM00294,PARENT0704,PMID_34710625,ASSY_CHEMBL5030006,calcium,PAM_functional_calcium,CHO,acetylcholine,EC20,EC50,=,234.0,6.6308,Homo sapiens,yes,yes,yes,,,,,,,cat=PAM_functional_calcium; standard_type=EC50; source_kind=primary_article; legacy pEC50=6.63 (generic negative-log potency)
ACT_24343603,MG00413,MG00413,1,1,single,single,5.4672,3410.36,CM00763,PARENT0707,PMID_34710625,ASSY_CHEMBL5030006,calcium,PAM_functional_calcium,CHO,acetylcholine,EC20,EC50,=,3410.0,5.4672,Homo sapiens,yes,yes,yes,,,,,,,cat=PAM_functional_calcium; standard_type=EC50; source_kind=primary_article; legacy pEC50=5.47 (generic negative-log potency)
ACT_24343605,MG00034,MG00034,1,1,single,single,5.585,2600.16,CM00060,PARENT0709,PMID_34710625,ASSY_CHEMBL5030006,calcium,PAM_functional_calcium,CHO,acetylcholine,EC20,EC50,=,2600.0,5.585,Homo sapiens,yes,yes,yes,,,,,,,cat=PAM_functional_calcium; standard_type=EC50; source_kind=primary_article; legacy pEC50=5.58 (generic negative-log potency)
ACT_24343606,MG00449,MG00449,1,1,single,single,5.7986,1590.01,CM00834,PARENT0710,PMID_34710625,ASSY_CHEMBL5030006,calcium,PAM_functional_calcium,CHO,acetylcholine,EC20,EC50,=,1590.0,5.7986,Homo sapiens,yes,yes,yes,,,,,,,cat=PAM_functional_calcium; standard_type=EC50; source_kind=primary_article; legacy pEC50=5.8 (generic negative-log potency)
ACT_24343610,MG00108,MG00108,1,1,single,single,5.8268,1490.05,CM00197,PARENT0714,PMID_34710625,ASSY_CHEMBL5030006,calcium,PAM_functional_calcium,CHO,acetylcholine,EC20,EC50,=,1490.0,5.8268,Homo sapiens,yes,yes,yes,,,,,,,cat=PAM_functional_calcium; standard_type=EC50; source_kind=primary_article; legacy pEC50=5.83 (generic negative-log potency)
ACT_24343612,MG00372,MG00372,1,1,single,single,6.4855,326.96,CM00684,PARENT0716,PMID_34710625,ASSY_CHEMBL5030006,calcium,PAM_functional_calcium,CHO,acetylcholine,EC20,EC50,=,327.0,6.4855,Homo sapiens,yes,yes,yes,,,,,,,cat=PAM_functional_calcium; standard_type=EC50; source_kind=primary_article; legacy pEC50=6.49 (generic negative-log potency)
ACT_24343613,MG00149,MG00149,1,1,single,single,6.8239,150.0,CM00277,PARENT0717,PMID_34710625,ASSY_CHEMBL5030006,calcium,PAM_functional_calcium,CHO,acetylcholine,EC20,EC50,=,150.0,6.8239,Homo sapiens,yes,yes,yes,,,,,,,cat=PAM_functional_calcium; standard_type=EC50; source_kind=primary_article; legacy pEC50=6.82 (generic negative-log potency)
ACT_24343614,MG00014,MG00014,1,1,single,single,6.6326,233.02,CM00032,PARENT0718,PMID_34710625,ASSY_CHEMBL5030006,calcium,PAM_functional_calcium,CHO,acetylcholine,EC20,EC50,=,233.0,6.6326,Homo sapiens,yes,yes,yes,,,,,,,cat=PAM_functional_calcium; standard_type=EC50; source_kind=primary_article; legacy pEC50=6.63 (generic negative-log potency)
ACT_24343615,MG00027,MG00027,1,1,single,single,6.6946,202.02,CM00047,PARENT0719,PMID_34710625,ASSY_CHEMBL5030006,calcium,PAM_functional_calcium,CHO,acetylcholine,EC20,EC50,=,202.0,6.6946,Homo sapiens,yes,yes,yes,,,,,,,cat=PAM_functional_calcium; standard_type=EC50; source_kind=primary_article; legacy pEC50=6.7 (generic negative-log potency)
ACT_24343616,MG00305,MG00305,1,1,single,single,6.9066,123.99,CM00564,PARENT0720,PMID_34710625,ASSY_CHEMBL5030006,calcium,PAM_functional_calcium,CHO,acetylcholine,EC20,EC50,=,124.0,6.9066,Homo sapiens,yes,yes,yes,,,,,,,cat=PAM_functional_calcium; standard_type=EC50; source_kind=primary_article; legacy pEC50=6.91 (generic negative-log potency)
ACT_24343617,MG00406,MG00406,1,1,single,single,7.0706,85.0,CM00749,PARENT0721,PMID_34710625,ASSY_CHEMBL5030006,calcium,PAM_functional_calcium,CHO,acetylcholine,EC20,EC50,=,85.0,7.0706,Homo sapiens,yes,yes,yes,,,,,,,cat=PAM_functional_calcium; standard_type=EC50; source_kind=primary_article; legacy pEC50=7.07 (generic negative-log potency)
ACT_24343618,MG00228,MG00228,1,1,single,single,6.3054,494.99,CM00414,PARENT0232,PMID_34710625,ASSY_CHEMBL5030006,calcium,PAM_functional_calcium,CHO,acetylcholine,EC20,EC50,=,495.0,6.3054,Homo sapiens,yes,yes,yes,,,,,,,cat=PAM_functional_calcium; standard_type=EC50; source_kind=primary_article; legacy pEC50=6.3 (generic negative-log potency)
ACT_25073837,MG00044,MG00044,2,2,rounding_or_pEC50_conversion_duplicate,log_mean_pEC50,6.888,129.42,CM00077,PARENT0307,PMID_28197318,ASSY_CHEMBL5253757,calcium,PAM_functional_calcium,CHO,acetylcholine,EC20,EC50,=,130.0,6.8861,Homo sapiens,yes,yes,yes,,,,,,,cat=PAM_functional_calcium; standard_type=EC50; source_kind=primary_article; legacy pEC50=6.89 (generic negative-log potency)
ACT_25073838,MG00265,MG00265,2,2,rounding_or_pEC50_conversion_duplicate,log_mean_pEC50,7.0123,97.21,CM00479,PARENT0723,PMID_28197318,ASSY_CHEMBL5253757,calcium,PAM_functional_calcium,CHO,acetylcholine,EC20,EC50,=,96.7,7.0146,Homo sapiens,yes,yes,yes,,,,,,,cat=PAM_functional_calcium; standard_type=EC50; source_kind=primary_article; legacy pEC50=7.01 (generic negative-log potency)
ACT_25073839,MG00385,MG00385,2,2,rounding_or_pEC50_conversion_duplicate,log_mean_pEC50,7.1017,79.12,CM00707,PARENT0463,PMID_28197318,ASSY_CHEMBL5253757,calcium,PAM_functional_calcium,CHO,acetylcholine,EC20,EC50,=,78.8,7.1035,Homo sapiens,yes,yes,yes,,,,,,,cat=PAM_functional_calcium; standard_type=EC50; source_kind=primary_article; legacy pEC50=7.1 (generic negative-log potency)
ACT_25073840,MG00459,MG00459,2,2,rounding_or_pEC50_conversion_duplicate,log_mean_pEC50,7.0414,90.91,CM00845,PARENT0724,PMID_28197318,ASSY_CHEMBL5253757,calcium,PAM_functional_calcium,CHO,acetylcholine,EC20,EC50,=,90.6,7.0429,Homo sapiens,yes,yes,yes,,,,,,,cat=PAM_functional_calcium; standard_type=EC50; source_kind=primary_article; legacy pEC50=7.04 (generic negative-log potency)
ACT_25073841,MG00291,MG00291,2,2,rounding_or_pEC50_conversion_duplicate,log_mean_pEC50,7.3815,41.54,CM00534,PARENT0725,PMID_28197318,ASSY_CHEMBL5253757,calcium,PAM_functional_calcium,CHO,acetylcholine,EC20,EC50,=,41.4,7.383,Homo sapiens,yes,yes,yes,,,,,,,cat=PAM_functional_calcium; standard_type=EC50; source_kind=primary_article; legacy pEC50=7.38 (generic negative-log potency)
ACT_25073842,MG00116,MG00116,2,2,rounding_or_pEC50_conversion_duplicate,log_mean_pEC50,7.0726,84.61,CM00211,PARENT0726,PMID_28197318,ASSY_CHEMBL5253757,calcium,PAM_functional_calcium,CHO,acetylcholine,EC20,EC50,=,84.1,7.0752,Homo sapiens,yes,yes,yes,,,,,,,cat=PAM_functional_calcium; standard_type=EC50; source_kind=primary_article; legacy pEC50=7.08 (generic negative-log potency)
ACT_25073843,MG00102,MG00102,2,2,rounding_or_pEC50_conversion_duplicate,log_mean_pEC50,7.3613,43.52,CM00185,PARENT0727,PMID_28197318,ASSY_CHEMBL5253757,calcium,PAM_functional_calcium,CHO,acetylcholine,EC20,EC50,=,43.4,7.3625,Homo sapiens,yes,yes,yes,,,,,,,cat=PAM_functional_calcium; standard_type=EC50; source_kind=primary_article; legacy pEC50=7.36 (generic negative-log potency)
ACT_25073844,MG00470,MG00470,2,2,rounding_or_pEC50_conversion_duplicate,log_mean_pEC50,6.995,101.16,CM00864,PARENT0728,PMID_28197318,ASSY_CHEMBL5253757,calcium,PAM_functional_calcium,CHO,acetylcholine,EC20,EC50,=,100.0,7.0,Homo sapiens,yes,yes,yes,,,,,,,cat=PAM_functional_calcium; standard_type=EC50; source_kind=primary_article; legacy pEC50=7 (generic negative-log potency)
ACT_25073845,MG00175,MG00175,2,2,rounding_or_pEC50_conversion_duplicate,log_mean_pEC50,6.6208,239.44,CM00329,PARENT0729,PMID_28197318,ASSY_CHEMBL5253757,calcium,PAM_functional_calcium,CHO,acetylcholine,EC20,EC50,=,239.0,6.6216,Homo sapiens,yes,yes,yes,,,,,,,cat=PAM_functional_calcium; standard_type=EC50; source_kind=primary_article; legacy pEC50=6.62 (generic negative-log potency)
ACT_25073846,MG00137,MG00137,2,2,rounding_or_pEC50_conversion_duplicate,log_mean_pEC50,6.8489,141.61,CM00249,PARENT0730,PMID_28197318,ASSY_CHEMBL5253757,calcium,PAM_functional_calcium,CHO,acetylcholine,EC20,EC50,=,142.0,6.8477,Homo sapiens,yes,yes,yes,,,,,,,cat=PAM_functional_calcium; standard_type=EC50; source_kind=primary_article; legacy pEC50=6.85 (generic negative-log potency)
ACT_25073847,MG00115,MG00115,2,2,rounding_or_pEC50_conversion_duplicate,log_mean_pEC50,7.2242,59.68,CM00210,PARENT0731,PMID_28197318,ASSY_CHEMBL5253757,calcium,PAM_functional_calcium,CHO,acetylcholine,EC20,EC50,=,59.1,7.2284,Homo sapiens,yes,yes,yes,,,,,,,cat=PAM_functional_calcium; standard_type=EC50; source_kind=primary_article; legacy pEC50=7.23 (generic negative-log potency)
ACT_25073849,MG00325,MG00325,2,2,rounding_or_pEC50_conversion_duplicate,log_mean_pEC50,6.2921,510.39,CM00598,PARENT0733,PMID_28197318,ASSY_CHEMBL5253757,calcium,PAM_functional_calcium,CHO,acetylcholine,EC20,EC50,=,508.0,6.2941,Homo sapiens,yes,yes,yes,,,,,,,cat=PAM_functional_calcium; standard_type=EC50; source_kind=primary_article; legacy pEC50=6.29 (generic negative-log potency)
ACT_25073850,MG00384,MG00384,2,2,rounding_or_pEC50_conversion_duplicate,log_mean_pEC50,7.2521,55.96,CM00706,PARENT0734,PMID_28197318,ASSY_CHEMBL5253757,calcium,PAM_functional_calcium,CHO,acetylcholine,EC20,EC50,=,55.7,7.2541,Homo sapiens,yes,yes,yes,,,,,,,cat=PAM_functional_calcium; standard_type=EC50; source_kind=primary_article; legacy pEC50=7.25 (generic negative-log potency)
ACT_25073851,MG00044,MG00044,2,2,rounding_or_pEC50_conversion_duplicate,log_mean_pEC50,6.888,129.42,CM00077,PARENT0307,PMID_28197318,ASSY_CHEMBL5253757,calcium,PAM_functional_calcium,CHO,acetylcholine,EC20,EC50,=,128.82,6.89,Homo sapiens,yes,yes,yes,,,,,,,cat=PAM_functional_calcium; standard_type=EC50; source_kind=primary_article; legacy pEC50=6.89 (generic negative-log potency)
ACT_25073852,MG00265,MG00265,2,2,rounding_or_pEC50_conversion_duplicate,log_mean_pEC50,7.0123,97.21,CM00479,PARENT0723,PMID_28197318,ASSY_CHEMBL5253757,calcium,PAM_functional_calcium,CHO,acetylcholine,EC20,EC50,=,97.72,7.01,Homo sapiens,yes,yes,yes,,,,,,,cat=PAM_functional_calcium; standard_type=EC50; source_kind=primary_article; legacy pEC50=7.01 (generic negative-log potency)
ACT_25073853,MG00385,MG00385,2,2,rounding_or_pEC50_conversion_duplicate,log_mean_pEC50,7.1017,79.12,CM00707,PARENT0463,PMID_28197318,ASSY_CHEMBL5253757,calcium,PAM_functional_calcium,CHO,acetylcholine,EC20,EC50,=,79.43,7.1,Homo sapiens,yes,yes,yes,,,,,,,cat=PAM_functional_calcium; standard_type=EC50; source_kind=primary_article; legacy pEC50=7.1 (generic negative-log potency)
ACT_25073854,MG00459,MG00459,2,2,rounding_or_pEC50_conversion_duplicate,log_mean_pEC50,7.0414,90.91,CM00845,PARENT0724,PMID_28197318,ASSY_CHEMBL5253757,calcium,PAM_functional_calcium,CHO,acetylcholine,EC20,EC50,=,91.2,7.04,Homo sapiens,yes,yes,yes,,,,,,,cat=PAM_functional_calcium; standard_type=EC50; source_kind=primary_article; legacy pEC50=7.04 (generic negative-log potency)
ACT_25073855,MG00291,MG00291,2,2,rounding_or_pEC50_conversion_duplicate,log_mean_pEC50,7.3815,41.54,CM00534,PARENT0725,PMID_28197318,ASSY_CHEMBL5253757,calcium,PAM_functional_calcium,CHO,acetylcholine,EC20,EC50,=,41.69,7.38,Homo sapiens,yes,yes,yes,,,,,,,cat=PAM_functional_calcium; standard_type=EC50; source_kind=primary_article; legacy pEC50=7.38 (generic negative-log potency)
ACT_25073856,MG00116,MG00116,2,2,rounding_or_pEC50_conversion_duplicate,log_mean_pEC50,7.0726,84.61,CM00211,PARENT0726,PMID_28197318,ASSY_CHEMBL5253757,calcium,PAM_functional_calcium,CHO,acetylcholine,EC20,EC50,=,85.11,7.07,Homo sapiens,yes,yes,yes,,,,,,,cat=PAM_functional_calcium; standard_type=EC50; source_kind=primary_article; legacy pEC50=7.07 (generic negative-log potency)
ACT_25073857,MG00102,MG00102,2,2,rounding_or_pEC50_conversion_duplicate,log_mean_pEC50,7.3613,43.52,CM00185,PARENT0727,PMID_28197318,ASSY_CHEMBL5253757,calcium,PAM_functional_calcium,CHO,acetylcholine,EC20,EC50,=,43.65,7.36,Homo sapiens,yes,yes,yes,,,,,,,cat=PAM_functional_calcium; standard_type=EC50; source_kind=primary_article; legacy pEC50=7.36 (generic negative-log potency)
ACT_25073858,MG00470,MG00470,2,2,rounding_or_pEC50_conversion_duplicate,log_mean_pEC50,6.995,101.16,CM00864,PARENT0728,PMID_28197318,ASSY_CHEMBL5253757,calcium,PAM_functional_calcium,CHO,acetylcholine,EC20,EC50,=,102.33,6.99,Homo sapiens,yes,yes,yes,,,,,,,cat=PAM_functional_calcium; standard_type=EC50; source_kind=primary_article; legacy pEC50=6.99 (generic negative-log potency)
ACT_25073859,MG00175,MG00175,2,2,rounding_or_pEC50_conversion_duplicate,log_mean_pEC50,6.6208,239.44,CM00329,PARENT0729,PMID_28197318,ASSY_CHEMBL5253757,calcium,PAM_functional_calcium,CHO,acetylcholine,EC20,EC50,=,239.88,6.62,Homo sapiens,yes,yes,yes,,,,,,,cat=PAM_functional_calcium; standard_type=EC50; source_kind=primary_article; legacy pEC50=6.62 (generic negative-log potency)
ACT_25073860,MG00137,MG00137,2,2,rounding_or_pEC50_conversion_duplicate,log_mean_pEC50,6.8489,141.61,CM00249,PARENT0730,PMID_28197318,ASSY_CHEMBL5253757,calcium,PAM_functional_calcium,CHO,acetylcholine,EC20,EC50,=,141.25,6.85,Homo sapiens,yes,yes,yes,,,,,,,cat=PAM_functional_calcium; standard_type=EC50; source_kind=primary_article; legacy pEC50=6.85 (generic negative-log potency)
ACT_25073861,MG00115,MG00115,2,2,rounding_or_pEC50_conversion_duplicate,log_mean_pEC50,7.2242,59.68,CM00210,PARENT0731,PMID_28197318,ASSY_CHEMBL5253757,calcium,PAM_functional_calcium,CHO,acetylcholine,EC20,EC50,=,60.26,7.22,Homo sapiens,yes,yes,yes,,,,,,,cat=PAM_functional_calcium; standard_type=EC50; source_kind=primary_article; legacy pEC50=7.22 (generic negative-log potency)
ACT_25073863,MG00325,MG00325,2,2,rounding_or_pEC50_conversion_duplicate,log_mean_pEC50,6.2921,510.39,CM00598,PARENT0733,PMID_28197318,ASSY_CHEMBL5253757,calcium,PAM_functional_calcium,CHO,acetylcholine,EC20,EC50,=,512.86,6.29,Homo sapiens,yes,yes,yes,,,,,,,cat=PAM_functional_calcium; standard_type=EC50; source_kind=primary_article; legacy pEC50=6.29 (generic negative-log potency)
ACT_25073864,MG00384,MG00384,2,2,rounding_or_pEC50_conversion_duplicate,log_mean_pEC50,7.2521,55.96,CM00706,PARENT0734,PMID_28197318,ASSY_CHEMBL5253757,calcium,PAM_functional_calcium,CHO,acetylcholine,EC20,EC50,=,56.23,7.25,Homo sapiens,yes,yes,yes,,,,,,,cat=PAM_functional_calcium; standard_type=EC50; source_kind=primary_article; legacy pEC50=7.25 (generic negative-log potency)
ACT_25844091,MG00197,MG00197,1,1,single,single,6.0531,884.91,CM00370,PARENT0735,PMID_38888621,ASSY_CHEMBL5504408,cAMP,PAM_functional_cAMP,HEK293,acetylcholine,EC20,EC50,=,885.0,6.0531,Homo sapiens,yes,yes,yes,,,,,,,cat=PAM_functional_cAMP; standard_type=EC50; source_kind=primary_article; legacy pEC50=6.05 (generic negative-log potency)
ACT_25844092,MG00344,MG00344,1,1,single,single,7.3487,44.8,CM00639,PARENT0736,PMID_38888621,ASSY_CHEMBL5504408,cAMP,PAM_functional_cAMP,HEK293,acetylcholine,EC20,EC50,=,44.8,7.3487,Homo sapiens,yes,yes,yes,,,,,,,cat=PAM_functional_cAMP; standard_type=EC50; source_kind=primary_article; legacy pEC50=7.35 (generic negative-log potency)
ACT_25844093,MG00323,MG00323,1,1,single,single,7.6038,24.9,CM00596,PARENT0737,PMID_38888621,ASSY_CHEMBL5504408,cAMP,PAM_functional_cAMP,HEK293,acetylcholine,EC20,EC50,=,24.9,7.6038,Homo sapiens,yes,yes,yes,,,,,,,cat=PAM_functional_cAMP; standard_type=EC50; source_kind=primary_article; legacy pEC50=7.6 (generic negative-log potency)
ACT_25844094,MG00249,MG00249,1,1,single,single,6.7799,166.0,CM00453,PARENT0738,PMID_38888621,ASSY_CHEMBL5504408,cAMP,PAM_functional_cAMP,HEK293,acetylcholine,EC20,EC50,=,166.0,6.7799,Homo sapiens,yes,yes,yes,,,,,,,cat=PAM_functional_cAMP; standard_type=EC50; source_kind=primary_article; legacy pEC50=6.78 (generic negative-log potency)
ACT_25844095,MG00363,MG00363,1,1,single,single,7.2916,51.1,CM00670,PARENT0739,PMID_38888621,ASSY_CHEMBL5504408,cAMP,PAM_functional_cAMP,HEK293,acetylcholine,EC20,EC50,=,51.1,7.2916,Homo sapiens,yes,yes,yes,,,,,,,cat=PAM_functional_cAMP; standard_type=EC50; source_kind=primary_article; legacy pEC50=7.29 (generic negative-log potency)
ACT_25844096,MG00069,MG00069,1,1,single,single,7.4401,36.3,CM00120,PARENT0740,PMID_38888621,ASSY_CHEMBL5504408,cAMP,PAM_functional_cAMP,HEK293,acetylcholine,EC20,EC50,=,36.3,7.4401,Homo sapiens,yes,yes,yes,,,,,,,cat=PAM_functional_cAMP; standard_type=EC50; source_kind=primary_article; legacy pEC50=7.44 (generic negative-log potency)
ACT_25844097,MG00181,MG00181,1,1,single,single,7.2013,62.91,CM00336,PARENT0741,PMID_38888621,ASSY_CHEMBL5504408,cAMP,PAM_functional_cAMP,HEK293,acetylcholine,EC20,EC50,=,62.9,7.2013,Homo sapiens,yes,yes,yes,,,,,,,cat=PAM_functional_cAMP; standard_type=EC50; source_kind=primary_article; legacy pEC50=7.2 (generic negative-log potency)
ACT_25844098,MG00306,MG00306,1,1,single,single,7.0747,84.2,CM00565,PARENT0742,PMID_38888621,ASSY_CHEMBL5504408,cAMP,PAM_functional_cAMP,HEK293,acetylcholine,EC20,EC50,=,84.2,7.0747,Homo sapiens,yes,yes,yes,,,,,,,cat=PAM_functional_cAMP; standard_type=EC50; source_kind=primary_article; legacy pEC50=7.08 (generic negative-log potency)
ACT_25844099,MG00464,MG00464,1,1,single,single,7.0477,89.6,CM00853,PARENT0743,PMID_38888621,ASSY_CHEMBL5504408,cAMP,PAM_functional_cAMP,HEK293,acetylcholine,EC20,EC50,=,89.6,7.0477,Homo sapiens,yes,yes,yes,,,,,,,cat=PAM_functional_cAMP; standard_type=EC50; source_kind=primary_article; legacy pEC50=7.05 (generic negative-log potency)
ACT_25844100,MG00293,MG00293,1,1,single,single,5.9751,1059.01,CM00539,PARENT0744,PMID_38888621,ASSY_CHEMBL5504408,cAMP,PAM_functional_cAMP,HEK293,acetylcholine,EC20,EC50,=,1059.0,5.9751,Homo sapiens,yes,yes,yes,,,,,,,cat=PAM_functional_cAMP; standard_type=EC50; source_kind=primary_article; legacy pEC50=5.97 (generic negative-log potency)
ACT_25844101,MG00079,MG00079,1,1,single,single,7.9136,12.2,CM00135,PARENT0745,PMID_38888621,ASSY_CHEMBL5504408,cAMP,PAM_functional_cAMP,HEK293,acetylcholine,EC20,EC50,=,12.2,7.9136,Homo sapiens,yes,yes,yes,,,,,,,cat=PAM_functional_cAMP; standard_type=EC50; source_kind=primary_article; legacy pEC50=7.91 (generic negative-log potency)
ACT_25844102,MG00282,MG00282,1,1,single,single,7.7033,19.8,CM00514,PARENT0746,PMID_38888621,ASSY_CHEMBL5504408,cAMP,PAM_functional_cAMP,HEK293,acetylcholine,EC20,EC50,=,19.8,7.7033,Homo sapiens,yes,yes,yes,,,,,,,cat=PAM_functional_cAMP; standard_type=EC50; source_kind=primary_article; legacy pEC50=7.7 (generic negative-log potency)
ACT_25844103,MG00456,MG00456,1,1,single,single,7.6162,24.2,CM00842,PARENT0747,PMID_38888621,ASSY_CHEMBL5504408,cAMP,PAM_functional_cAMP,HEK293,acetylcholine,EC20,EC50,=,24.2,7.6162,Homo sapiens,yes,yes,yes,,,,,,,cat=PAM_functional_cAMP; standard_type=EC50; source_kind=primary_article; legacy pEC50=7.62 (generic negative-log potency)
ACT_25844104,MG00351,MG00351,1,1,single,single,7.3675,42.9,CM00648,PARENT0748,PMID_38888621,ASSY_CHEMBL5504408,cAMP,PAM_functional_cAMP,HEK293,acetylcholine,EC20,EC50,=,42.9,7.3675,Homo sapiens,yes,yes,yes,,,,,,,cat=PAM_functional_cAMP; standard_type=EC50; source_kind=primary_article; legacy pEC50=7.37 (generic negative-log potency)
ACT_25844105,MG00361,MG00361,1,1,single,single,7.0888,81.51,CM00668,PARENT0749,PMID_38888621,ASSY_CHEMBL5504408,cAMP,PAM_functional_cAMP,HEK293,acetylcholine,EC20,EC50,=,81.5,7.0888,Homo sapiens,yes,yes,yes,,,,,,,cat=PAM_functional_cAMP; standard_type=EC50; source_kind=primary_article; legacy pEC50=7.09 (generic negative-log potency)
ACT_25844106,MG00279,MG00279,1,1,single,single,6.5817,262.0,CM00508,PARENT0750,PMID_38888621,ASSY_CHEMBL5504408,cAMP,PAM_functional_cAMP,HEK293,acetylcholine,EC20,EC50,=,262.0,6.5817,Homo sapiens,yes,yes,yes,,,,,,,cat=PAM_functional_cAMP; standard_type=EC50; source_kind=primary_article; legacy pEC50=6.58 (generic negative-log potency)
ACT_25844107,MG00356,MG00356,1,1,single,single,7.5528,28.0,CM00659,PARENT0751,PMID_38888621,ASSY_CHEMBL5504408,cAMP,PAM_functional_cAMP,HEK293,acetylcholine,EC20,EC50,=,28.0,7.5528,Homo sapiens,yes,yes,yes,,,,,,,cat=PAM_functional_cAMP; standard_type=EC50; source_kind=primary_article; legacy pEC50=7.55 (generic negative-log potency)
ACT_25844108,MG00378,MG00378,1,1,single,single,6.9747,106.0,CM00694,PARENT0282,PMID_38888621,ASSY_CHEMBL5504408,cAMP,PAM_functional_cAMP,HEK293,acetylcholine,EC20,EC50,=,106.0,6.9747,Homo sapiens,yes,yes,yes,,,,,,,cat=PAM_functional_cAMP; standard_type=EC50; source_kind=primary_article; legacy pEC50=6.97 (generic negative-log potency)
ACT_25844109,MG00229,MG00229,1,1,single,single,6.2233,598.0,CM00414,PARENT0232,PMID_38888621,ASSY_CHEMBL5504408,cAMP,PAM_functional_cAMP,HEK293,acetylcholine,EC20,EC50,=,598.0,6.2233,Homo sapiens,yes,yes,yes,,,,,,,cat=PAM_functional_cAMP; standard_type=EC50; source_kind=primary_article; legacy pEC50=6.22 (generic negative-log potency)
ACT_25844282,MG00133,MG00133,1,1,single,single,7.7696,17.0,CM00243,PARENT0722,PMID_38888621,ASSY_CHEMBL5504461,calcium,PAM_functional_calcium,,acetylcholine,EC20,EC50,=,17.0,7.7696,Homo sapiens,yes,yes,yes,,,,,,,cat=PAM_functional_calcium; standard_type=EC50; source_kind=primary_article; legacy pEC50=7.77 (generic negative-log potency)
ACT_26030099,MG00159,MG00159,2,2,rounding_or_pEC50_conversion_duplicate,log_mean_pEC50,5.5825,2615.17,CM00298,PARENT0796,PMID_39140069,ASSY_CHEMBL5582321,calcium,PAM_functional_calcium,CHO,acetylcholine,,EC50,=,2600.0,5.585,Homo sapiens,yes,yes,yes,,,,,,,cat=PAM_functional_calcium; standard_type=EC50; source_kind=primary_article; legacy pEC50=5.58 (generic negative-log potency)
ACT_26030101,MG00439,MG00439,2,2,rounding_or_pEC50_conversion_duplicate,log_mean_pEC50,5.2296,5893.86,CM00820,PARENT0798,PMID_39140069,ASSY_CHEMBL5582321,calcium,PAM_functional_calcium,CHO,acetylcholine,,EC50,=,5900.0,5.2291,Homo sapiens,yes,yes,yes,,,,,,,cat=PAM_functional_calcium; standard_type=EC50; source_kind=primary_article; legacy pEC50=5.23 (generic negative-log potency)
ACT_26030102,MG00096,MG00096,2,2,rounding_or_pEC50_conversion_duplicate,log_mean_pEC50,5.5093,3095.28,CM00170,PARENT0799,PMID_39140069,ASSY_CHEMBL5582321,calcium,PAM_functional_calcium,CHO,acetylcholine,,EC50,=,3100.0,5.5086,Homo sapiens,yes,yes,yes,,,,,,,cat=PAM_functional_calcium; standard_type=EC50; source_kind=primary_article; legacy pEC50=5.51 (generic negative-log potency)
ACT_26030103,MG00467,MG00467,2,2,rounding_or_pEC50_conversion_duplicate,log_mean_pEC50,5.7206,1902.83,CM00857,PARENT0800,PMID_39140069,ASSY_CHEMBL5582321,calcium,PAM_functional_calcium,CHO,acetylcholine,,EC50,=,1900.0,5.7212,Homo sapiens,yes,yes,yes,,,,,,,cat=PAM_functional_calcium; standard_type=EC50; source_kind=primary_article; legacy pEC50=5.72 (generic negative-log potency)
ACT_26030104,MG00200,MG00200,2,2,rounding_or_pEC50_conversion_duplicate,log_mean_pEC50,5.822,1506.61,CM00375,PARENT0801,PMID_39140069,ASSY_CHEMBL5582321,calcium,PAM_functional_calcium,CHO,acetylcholine,,EC50,=,1500.0,5.8239,Homo sapiens,yes,yes,yes,,,,,,,cat=PAM_functional_calcium; standard_type=EC50; source_kind=primary_article; legacy pEC50=5.82 (generic negative-log potency)
ACT_26030105,MG00416,MG00416,2,2,rounding_or_pEC50_conversion_duplicate,log_mean_pEC50,5.9154,1215.07,CM00766,PARENT0802,PMID_39140069,ASSY_CHEMBL5582321,calcium,PAM_functional_calcium,CHO,acetylcholine,,EC50,=,1200.0,5.9208,Homo sapiens,yes,yes,yes,,,,,,,cat=PAM_functional_calcium; standard_type=EC50; source_kind=primary_article; legacy pEC50=5.92 (generic negative-log potency)
ACT_26030106,MG00335,MG00335,2,2,rounding_or_pEC50_conversion_duplicate,log_mean_pEC50,6.1304,740.63,CM00622,PARENT0803,PMID_39140069,ASSY_CHEMBL5582321,calcium,PAM_functional_calcium,CHO,acetylcholine,,EC50,=,740.0,6.1308,Homo sapiens,yes,yes,yes,,,,,,,cat=PAM_functional_calcium; standard_type=EC50; source_kind=primary_article; legacy pEC50=6.13 (generic negative-log potency)
ACT_26030107,MG00011,MG00011,2,2,rounding_or_pEC50_conversion_duplicate,log_mean_pEC50,6.1304,740.63,CM00023,PARENT0804,PMID_39140069,ASSY_CHEMBL5582321,calcium,PAM_functional_calcium,CHO,acetylcholine,,EC50,=,740.0,6.1308,Homo sapiens,yes,yes,yes,,,,,,,cat=PAM_functional_calcium; standard_type=EC50; source_kind=primary_article; legacy pEC50=6.13 (generic negative-log potency)
ACT_26030108,MG00113,MG00113,2,2,rounding_or_pEC50_conversion_duplicate,log_mean_pEC50,7.1413,72.23,CM00205,PARENT0805,PMID_39140069,ASSY_CHEMBL5582321,calcium,PAM_functional_calcium,CHO,acetylcholine,,EC50,=,72.0,7.1427,Homo sapiens,yes,yes,yes,,,PARENT0805:confirmed,human_identity_decisions.jsonl:PARENT0805,,,cat=PAM_functional_calcium; standard_type=EC50; source_kind=primary_article; legacy pEC50=7.14 (generic negative-log potency)
ACT_26030110,MG00338,MG00338,2,2,rounding_or_pEC50_conversion_duplicate,log_mean_pEC50,5.601,2506.11,CM00627,PARENT0807,PMID_39140069,ASSY_CHEMBL5582321,calcium,PAM_functional_calcium,CHO,acetylcholine,,EC50,=,2500.0,5.6021,Homo sapiens,yes,yes,yes,,,,,,,cat=PAM_functional_calcium; standard_type=EC50; source_kind=primary_article; legacy pEC50=5.6 (generic negative-log potency)
ACT_26030111,MG00154,MG00154,2,2,rounding_or_pEC50_conversion_duplicate,log_mean_pEC50,5.9254,1187.41,CM00292,PARENT0808,PMID_39140069,ASSY_CHEMBL5582321,calcium,PAM_functional_calcium,CHO,acetylcholine,,EC50,=,1200.0,5.9208,Homo sapiens,yes,yes,yes,,,,,,,cat=PAM_functional_calcium; standard_type=EC50; source_kind=primary_article; legacy pEC50=5.92 (generic negative-log potency)
ACT_26030112,MG00076,MG00076,2,2,rounding_or_pEC50_conversion_duplicate,log_mean_pEC50,5.817,1524.05,CM00131,PARENT0809,PMID_39140069,ASSY_CHEMBL5582321,calcium,PAM_functional_calcium,CHO,acetylcholine,,EC50,=,1500.0,5.8239,Homo sapiens,yes,yes,yes,,,,,,,cat=PAM_functional_calcium; standard_type=EC50; source_kind=primary_article; legacy pEC50=5.82 (generic negative-log potency)
ACT_26030113,MG00221,MG00221,2,2,rounding_or_pEC50_conversion_duplicate,log_mean_pEC50,5.8569,1390.27,CM00411,PARENT0810,PMID_39140069,ASSY_CHEMBL5582321,calcium,PAM_functional_calcium,CHO,acetylcholine,,EC50,=,1400.0,5.8539,Homo sapiens,yes,yes,yes,,,,,,,cat=PAM_functional_calcium; standard_type=EC50; source_kind=primary_article; legacy pEC50=5.85 (generic negative-log potency)
ACT_26030114,MG00163,MG00163,2,2,rounding_or_pEC50_conversion_duplicate,log_mean_pEC50,5.8704,1347.72,CM00310,PARENT0811,PMID_39140069,ASSY_CHEMBL5582321,calcium,PAM_functional_calcium,CHO,acetylcholine,,EC50,=,1200.0,5.9208,Homo sapiens,yes,yes,yes,,,,,,,cat=PAM_functional_calcium; standard_type=EC50; source_kind=primary_article; legacy pEC50=5.92 (generic negative-log potency)
ACT_26030115,MG00063,MG00063,2,2,rounding_or_pEC50_conversion_duplicate,log_mean_pEC50,6.1575,695.82,CM00113,PARENT0812,PMID_39140069,ASSY_CHEMBL5582321,calcium,PAM_functional_calcium,CHO,acetylcholine,,EC50,=,700.0,6.1549,Homo sapiens,yes,yes,yes,,,,,,,cat=PAM_functional_calcium; standard_type=EC50; source_kind=primary_article; legacy pEC50=6.16 (generic negative-log potency)
ACT_26030116,MG00268,MG00268,2,2,rounding_or_pEC50_conversion_duplicate,log_mean_pEC50,6.2209,601.31,CM00485,PARENT0813,PMID_39140069,ASSY_CHEMBL5582321,calcium,PAM_functional_calcium,CHO,acetylcholine,,EC50,=,600.0,6.2218,Homo sapiens,yes,yes,yes,,,,,,,cat=PAM_functional_calcium; standard_type=EC50; source_kind=primary_article; legacy pEC50=6.22 (generic negative-log potency)
ACT_26030117,MG00170,MG00170,2,2,rounding_or_pEC50_conversion_duplicate,log_mean_pEC50,6.2296,589.39,CM00321,PARENT0814,PMID_39140069,ASSY_CHEMBL5582321,calcium,PAM_functional_calcium,CHO,acetylcholine,,EC50,=,590.0,6.2291,Homo sapiens,yes,yes,yes,,,,,,,cat=PAM_functional_calcium; standard_type=EC50; source_kind=primary_article; legacy pEC50=6.23 (generic negative-log potency)
ACT_26030118,MG00183,MG00183,2,2,rounding_or_pEC50_conversion_duplicate,log_mean_pEC50,6.394,403.65,CM00340,PARENT0815,PMID_39140069,ASSY_CHEMBL5582321,calcium,PAM_functional_calcium,CHO,acetylcholine,,EC50,=,400.0,6.3979,Homo sapiens,yes,yes,yes,,,,,,,cat=PAM_functional_calcium; standard_type=EC50; source_kind=primary_article; legacy pEC50=6.4 (generic negative-log potency)
ACT_26030119,MG00168,MG00168,2,2,rounding_or_pEC50_conversion_duplicate,log_mean_pEC50,6.4418,361.58,CM00319,PARENT0816,PMID_39140069,ASSY_CHEMBL5582321,calcium,PAM_functional_calcium,CHO,acetylcholine,,EC50,=,360.0,6.4437,Homo sapiens,yes,yes,yes,,,,,,,cat=PAM_functional_calcium; standard_type=EC50; source_kind=primary_article; legacy pEC50=6.44 (generic negative-log potency)
ACT_26030120,MG00217,MG00217,2,2,rounding_or_pEC50_conversion_duplicate,log_mean_pEC50,6.4418,361.58,CM00405,PARENT0817,PMID_39140069,ASSY_CHEMBL5582321,calcium,PAM_functional_calcium,CHO,acetylcholine,,EC50,=,360.0,6.4437,Homo sapiens,yes,yes,yes,,,,,,,cat=PAM_functional_calcium; standard_type=EC50; source_kind=primary_article; legacy pEC50=6.44 (generic negative-log potency)
ACT_26030121,MG00143,MG00143,2,2,rounding_or_pEC50_conversion_duplicate,log_mean_pEC50,6.4469,357.36,CM00267,PARENT0818,PMID_39140069,ASSY_CHEMBL5582321,calcium,PAM_functional_calcium,CHO,acetylcholine,,EC50,=,360.0,6.4437,Homo sapiens,yes,yes,yes,,,,,,,cat=PAM_functional_calcium; standard_type=EC50; source_kind=primary_article; legacy pEC50=6.44 (generic negative-log potency)
ACT_26030122,MG00355,MG00355,2,2,rounding_or_pEC50_conversion_duplicate,log_mean_pEC50,6.4924,321.81,CM00657,PARENT0819,PMID_39140069,ASSY_CHEMBL5582321,calcium,PAM_functional_calcium,CHO,acetylcholine,,EC50,=,320.0,6.4949,Homo sapiens,yes,yes,yes,,,,,,,cat=PAM_functional_calcium; standard_type=EC50; source_kind=primary_article; legacy pEC50=6.5 (generic negative-log potency)
ACT_26030123,MG00388,MG00388,2,2,rounding_or_pEC50_conversion_duplicate,log_mean_pEC50,6.9154,121.51,CM00709,PARENT0820,PMID_39140069,ASSY_CHEMBL5582321,calcium,PAM_functional_calcium,CHO,acetylcholine,,EC50,=,120.0,6.9208,Homo sapiens,yes,yes,yes,,,PARENT0820:confirmed,human_identity_decisions.jsonl:PARENT0820,,,cat=PAM_functional_calcium; standard_type=EC50; source_kind=primary_article; legacy pEC50=6.92 (generic negative-log potency)
ACT_26030124,MG00135,MG00135,2,2,rounding_or_pEC50_conversion_duplicate,log_mean_pEC50,6.9593,109.82,CM00246,PARENT0821,PMID_39140069,ASSY_CHEMBL5582321,calcium,PAM_functional_calcium,CHO,acetylcholine,,EC50,=,110.0,6.9586,Homo sapiens,yes,yes,yes,,,,,,,cat=PAM_functional_calcium; standard_type=EC50; source_kind=primary_article; legacy pEC50=6.96 (generic negative-log potency)
ACT_26030125,MG00447,MG00447,2,2,rounding_or_pEC50_conversion_duplicate,log_mean_pEC50,5.2209,6013.12,CM00829,PARENT0822,PMID_39140069,ASSY_CHEMBL5582321,calcium,PAM_functional_calcium,CHO,acetylcholine,,EC50,=,6000.0,5.2218,Homo sapiens,yes,yes,yes,,,,,,,cat=PAM_functional_calcium; standard_type=EC50; source_kind=primary_article; legacy pEC50=5.22 (generic negative-log potency)
ACT_26030126,MG00387,MG00387,2,2,rounding_or_pEC50_conversion_duplicate,log_mean_pEC50,6.394,403.65,CM00708,PARENT0823,PMID_39140069,ASSY_CHEMBL5582321,calcium,PAM_functional_calcium,CHO,acetylcholine,,EC50,=,400.0,6.3979,Homo sapiens,yes,yes,yes,,,,,,,cat=PAM_functional_calcium; standard_type=EC50; source_kind=primary_article; legacy pEC50=6.4 (generic negative-log potency)
ACT_26030127,MG00040,MG00040,2,2,rounding_or_pEC50_conversion_duplicate,log_mean_pEC50,6.3434,453.52,CM00072,PARENT0824,PMID_39140069,ASSY_CHEMBL5582321,calcium,PAM_functional_calcium,CHO,acetylcholine,,EC50,=,450.0,6.3468,Homo sapiens,yes,yes,yes,,,,,,,cat=PAM_functional_calcium; standard_type=EC50; source_kind=primary_article; legacy pEC50=6.35 (generic negative-log potency)
ACT_26030128,MG00218,MG00218,2,2,rounding_or_pEC50_conversion_duplicate,log_mean_pEC50,6.4974,318.13,CM00407,PARENT0825,PMID_39140069,ASSY_CHEMBL5582321,calcium,PAM_functional_calcium,CHO,acetylcholine,,EC50,=,320.0,6.4949,Homo sapiens,yes,yes,yes,,,,,,,cat=PAM_functional_calcium; standard_type=EC50; source_kind=primary_article; legacy pEC50=6.5 (generic negative-log potency)
ACT_26030129,MG00473,MG00473,2,2,rounding_or_pEC50_conversion_duplicate,log_mean_pEC50,7.0908,81.13,CM00868,PARENT0826,PMID_39140069,ASSY_CHEMBL5582321,calcium,PAM_functional_calcium,CHO,acetylcholine,,EC50,=,81.0,7.0915,Homo sapiens,yes,yes,yes,,,,,,,cat=PAM_functional_calcium; standard_type=EC50; source_kind=primary_article; legacy pEC50=7.09 (generic negative-log potency)
ACT_26030130,MG00239,MG00239,2,2,rounding_or_pEC50_conversion_duplicate,log_mean_pEC50,6.6199,239.94,CM00435,PARENT0827,PMID_39140069,ASSY_CHEMBL5582321,calcium,PAM_functional_calcium,CHO,acetylcholine,,EC50,=,240.0,6.6198,Homo sapiens,yes,yes,yes,,,,,,,cat=PAM_functional_calcium; standard_type=EC50; source_kind=primary_article; legacy pEC50=6.62 (generic negative-log potency)
ACT_26030131,MG00145,MG00145,2,2,rounding_or_pEC50_conversion_duplicate,log_mean_pEC50,7.601,25.06,CM00271,PARENT0828,PMID_39140069,ASSY_CHEMBL5582321,calcium,PAM_functional_calcium,CHO,acetylcholine,,EC50,=,25.0,7.6021,Homo sapiens,yes,yes,yes,,,,,,,cat=PAM_functional_calcium; standard_type=EC50; source_kind=primary_article; legacy pEC50=7.6 (generic negative-log potency)
ACT_26030132,MG00045,MG00045,2,2,rounding_or_pEC50_conversion_duplicate,log_mean_pEC50,7.5388,28.92,CM00079,PARENT0829,PMID_39140069,ASSY_CHEMBL5582321,calcium,PAM_functional_calcium,CHO,acetylcholine,,EC50,=,29.0,7.5376,Homo sapiens,yes,yes,yes,,,,,,,cat=PAM_functional_calcium; standard_type=EC50; source_kind=primary_article; legacy pEC50=7.54 (generic negative-log potency)
ACT_26030133,MG00235,MG00235,2,2,rounding_or_pEC50_conversion_duplicate,log_mean_pEC50,5.883,1309.18,CM00429,PARENT0830,PMID_39140069,ASSY_CHEMBL5582321,calcium,PAM_functional_calcium,CHO,acetylcholine,,EC50,=,1300.0,5.8861,Homo sapiens,yes,yes,yes,,,,,,,cat=PAM_functional_calcium; standard_type=EC50; source_kind=primary_article; legacy pEC50=5.89 (generic negative-log potency)
ACT_26030134,MG00242,MG00242,2,2,rounding_or_pEC50_conversion_duplicate,log_mean_pEC50,6.0678,855.46,CM00440,PARENT0831,PMID_39140069,ASSY_CHEMBL5582321,calcium,PAM_functional_calcium,CHO,acetylcholine,,EC50,=,860.0,6.0655,Homo sapiens,yes,yes,yes,,,,,,,cat=PAM_functional_calcium; standard_type=EC50; source_kind=primary_article; legacy pEC50=6.07 (generic negative-log potency)
ACT_26030135,MG00261,MG00261,2,2,rounding_or_pEC50_conversion_duplicate,log_mean_pEC50,6.2912,511.45,CM00472,PARENT0832,PMID_39140069,ASSY_CHEMBL5582321,calcium,PAM_functional_calcium,CHO,acetylcholine,,EC50,=,510.0,6.2924,Homo sapiens,yes,yes,yes,,,,,,,cat=PAM_functional_calcium; standard_type=EC50; source_kind=primary_article; legacy pEC50=6.29 (generic negative-log potency)
ACT_26030136,MG00121,MG00121,2,2,rounding_or_pEC50_conversion_duplicate,log_mean_pEC50,6.3683,428.25,CM00218,PARENT0833,PMID_39140069,ASSY_CHEMBL5582321,calcium,PAM_functional_calcium,CHO,acetylcholine,,EC50,=,430.0,6.3665,Homo sapiens,yes,yes,yes,,,,,,,cat=PAM_functional_calcium; standard_type=EC50; source_kind=primary_article; legacy pEC50=6.37 (generic negative-log potency)
ACT_26030137,MG00462,MG00462,2,2,rounding_or_pEC50_conversion_duplicate,log_mean_pEC50,6.2688,538.52,CM00850,PARENT0834,PMID_39140069,ASSY_CHEMBL5582321,calcium,PAM_functional_calcium,CHO,acetylcholine,,EC50,=,540.0,6.2676,Homo sapiens,yes,yes,yes,,,,,,,cat=PAM_functional_calcium; standard_type=EC50; source_kind=primary_article; legacy pEC50=6.27 (generic negative-log potency)
ACT_26030138,MG00418,MG00418,2,2,rounding_or_pEC50_conversion_duplicate,log_mean_pEC50,6.399,399.02,CM00768,PARENT0835,PMID_39140069,ASSY_CHEMBL5582321,calcium,PAM_functional_calcium,CHO,acetylcholine,,EC50,=,400.0,6.3979,Homo sapiens,yes,yes,yes,,,,,,,cat=PAM_functional_calcium; standard_type=EC50; source_kind=primary_article; legacy pEC50=6.4 (generic negative-log potency)
ACT_26030139,MG00187,MG00187,2,2,rounding_or_pEC50_conversion_duplicate,log_mean_pEC50,6.7206,190.28,CM00351,PARENT0836,PMID_39140069,ASSY_CHEMBL5582321,calcium,PAM_functional_calcium,CHO,acetylcholine,,EC50,=,190.0,6.7212,Homo sapiens,yes,yes,yes,,,,,,,cat=PAM_functional_calcium; standard_type=EC50; source_kind=primary_article; legacy pEC50=6.72 (generic negative-log potency)
ACT_26030140,MG00062,MG00062,2,2,rounding_or_pEC50_conversion_duplicate,log_mean_pEC50,6.8219,150.7,CM00112,PARENT0837,PMID_39140069,ASSY_CHEMBL5582321,calcium,PAM_functional_calcium,CHO,acetylcholine,,EC50,=,150.0,6.8239,Homo sapiens,yes,yes,yes,,,,,,,cat=PAM_functional_calcium; standard_type=EC50; source_kind=primary_article; legacy pEC50=6.82 (generic negative-log potency)
ACT_26030141,MG00301,MG00301,2,2,rounding_or_pEC50_conversion_duplicate,log_mean_pEC50,7.1885,64.79,CM00555,PARENT0838,PMID_39140069,ASSY_CHEMBL5582321,calcium,PAM_functional_calcium,CHO,acetylcholine,,EC50,=,65.0,7.1871,Homo sapiens,yes,yes,yes,,,,,,,cat=PAM_functional_calcium; standard_type=EC50; source_kind=primary_article; legacy pEC50=7.19 (generic negative-log potency)
ACT_26030142,MG00383,MG00383,2,2,rounding_or_pEC50_conversion_duplicate,log_mean_pEC50,7.0805,83.08,CM00705,PARENT0839,PMID_39140069,ASSY_CHEMBL5582321,calcium,PAM_functional_calcium,CHO,acetylcholine,,EC50,=,83.0,7.0809,Homo sapiens,yes,yes,yes,,,,,,,cat=PAM_functional_calcium; standard_type=EC50; source_kind=primary_article; legacy pEC50=7.08 (generic negative-log potency)
ACT_26030143,MG00074,MG00074,2,2,rounding_or_pEC50_conversion_duplicate,log_mean_pEC50,7.4095,38.95,CM00127,PARENT0840,PMID_39140069,ASSY_CHEMBL5582321,calcium,PAM_functional_calcium,CHO,acetylcholine,,EC50,=,39.0,7.4089,Homo sapiens,yes,yes,yes,,,,,,,cat=PAM_functional_calcium; standard_type=EC50; source_kind=primary_article; legacy pEC50=7.41 (generic negative-log potency)
ACT_26030146,MG00159,MG00159,2,2,rounding_or_pEC50_conversion_duplicate,log_mean_pEC50,5.5825,2615.17,CM00298,PARENT0796,PMID_39140069,ASSY_CHEMBL5582321,calcium,PAM_functional_calcium,CHO,acetylcholine,,EC50,=,2630.27,5.58,Homo sapiens,yes,yes,yes,,,,,,,cat=PAM_functional_calcium; standard_type=EC50; source_kind=primary_article; legacy pEC50=5.58 (generic negative-log potency)
ACT_26030148,MG00439,MG00439,2,2,rounding_or_pEC50_conversion_duplicate,log_mean_pEC50,5.2296,5893.86,CM00820,PARENT0798,PMID_39140069,ASSY_CHEMBL5582321,calcium,PAM_functional_calcium,CHO,acetylcholine,,EC50,=,5888.44,5.23,Homo sapiens,yes,yes,yes,,,,,,,cat=PAM_functional_calcium; standard_type=EC50; source_kind=primary_article; legacy pEC50=5.23 (generic negative-log potency)
ACT_26030149,MG00096,MG00096,2,2,rounding_or_pEC50_conversion_duplicate,log_mean_pEC50,5.5093,3095.28,CM00170,PARENT0799,PMID_39140069,ASSY_CHEMBL5582321,calcium,PAM_functional_calcium,CHO,acetylcholine,,EC50,=,3090.3,5.51,Homo sapiens,yes,yes,yes,,,,,,,cat=PAM_functional_calcium; standard_type=EC50; source_kind=primary_article; legacy pEC50=5.51 (generic negative-log potency)
ACT_26030150,MG00467,MG00467,2,2,rounding_or_pEC50_conversion_duplicate,log_mean_pEC50,5.7206,1902.83,CM00857,PARENT0800,PMID_39140069,ASSY_CHEMBL5582321,calcium,PAM_functional_calcium,CHO,acetylcholine,,EC50,=,1905.46,5.72,Homo sapiens,yes,yes,yes,,,,,,,cat=PAM_functional_calcium; standard_type=EC50; source_kind=primary_article; legacy pEC50=5.72 (generic negative-log potency)
ACT_26030151,MG00200,MG00200,2,2,rounding_or_pEC50_conversion_duplicate,log_mean_pEC50,5.822,1506.61,CM00375,PARENT0801,PMID_39140069,ASSY_CHEMBL5582321,calcium,PAM_functional_calcium,CHO,acetylcholine,,EC50,=,1513.56,5.82,Homo sapiens,yes,yes,yes,,,,,,,cat=PAM_functional_calcium; standard_type=EC50; source_kind=primary_article; legacy pEC50=5.82 (generic negative-log potency)
ACT_26030152,MG00416,MG00416,2,2,rounding_or_pEC50_conversion_duplicate,log_mean_pEC50,5.9154,1215.07,CM00766,PARENT0802,PMID_39140069,ASSY_CHEMBL5582321,calcium,PAM_functional_calcium,CHO,acetylcholine,,EC50,=,1230.27,5.91,Homo sapiens,yes,yes,yes,,,,,,,cat=PAM_functional_calcium; standard_type=EC50; source_kind=primary_article; legacy pEC50=5.91 (generic negative-log potency)
ACT_26030153,MG00335,MG00335,2,2,rounding_or_pEC50_conversion_duplicate,log_mean_pEC50,6.1304,740.63,CM00622,PARENT0803,PMID_39140069,ASSY_CHEMBL5582321,calcium,PAM_functional_calcium,CHO,acetylcholine,,EC50,=,741.31,6.13,Homo sapiens,yes,yes,yes,,,,,,,cat=PAM_functional_calcium; standard_type=EC50; source_kind=primary_article; legacy pEC50=6.13 (generic negative-log potency)
ACT_26030154,MG00011,MG00011,2,2,rounding_or_pEC50_conversion_duplicate,log_mean_pEC50,6.1304,740.63,CM00023,PARENT0804,PMID_39140069,ASSY_CHEMBL5582321,calcium,PAM_functional_calcium,CHO,acetylcholine,,EC50,=,741.31,6.13,Homo sapiens,yes,yes,yes,,,,,,,cat=PAM_functional_calcium; standard_type=EC50; source_kind=primary_article; legacy pEC50=6.13 (generic negative-log potency)
ACT_26030155,MG00113,MG00113,2,2,rounding_or_pEC50_conversion_duplicate,log_mean_pEC50,7.1413,72.23,CM00205,PARENT0805,PMID_39140069,ASSY_CHEMBL5582321,calcium,PAM_functional_calcium,CHO,acetylcholine,,EC50,=,72.44,7.14,Homo sapiens,yes,yes,yes,,,PARENT0805:confirmed,human_identity_decisions.jsonl:PARENT0805,,,cat=PAM_functional_calcium; standard_type=EC50; source_kind=primary_article; legacy pEC50=7.14 (generic negative-log potency)
ACT_26030157,MG00338,MG00338,2,2,rounding_or_pEC50_conversion_duplicate,log_mean_pEC50,5.601,2506.11,CM00627,PARENT0807,PMID_39140069,ASSY_CHEMBL5582321,calcium,PAM_functional_calcium,CHO,acetylcholine,,EC50,=,2511.89,5.6,Homo sapiens,yes,yes,yes,,,,,,,cat=PAM_functional_calcium; standard_type=EC50; source_kind=primary_article; legacy pEC50=5.6 (generic negative-log potency)
ACT_26030158,MG00154,MG00154,2,2,rounding_or_pEC50_conversion_duplicate,log_mean_pEC50,5.9254,1187.41,CM00292,PARENT0808,PMID_39140069,ASSY_CHEMBL5582321,calcium,PAM_functional_calcium,CHO,acetylcholine,,EC50,=,1174.9,5.93,Homo sapiens,yes,yes,yes,,,,,,,cat=PAM_functional_calcium; standard_type=EC50; source_kind=primary_article; legacy pEC50=5.93 (generic negative-log potency)
ACT_26030159,MG00076,MG00076,2,2,rounding_or_pEC50_conversion_duplicate,log_mean_pEC50,5.817,1524.05,CM00131,PARENT0809,PMID_39140069,ASSY_CHEMBL5582321,calcium,PAM_functional_calcium,CHO,acetylcholine,,EC50,=,1548.82,5.81,Homo sapiens,yes,yes,yes,,,,,,,cat=PAM_functional_calcium; standard_type=EC50; source_kind=primary_article; legacy pEC50=5.81 (generic negative-log potency)
ACT_26030160,MG00221,MG00221,2,2,rounding_or_pEC50_conversion_duplicate,log_mean_pEC50,5.8569,1390.27,CM00411,PARENT0810,PMID_39140069,ASSY_CHEMBL5582321,calcium,PAM_functional_calcium,CHO,acetylcholine,,EC50,=,1380.38,5.86,Homo sapiens,yes,yes,yes,,,,,,,cat=PAM_functional_calcium; standard_type=EC50; source_kind=primary_article; legacy pEC50=5.86 (generic negative-log potency)
ACT_26030161,MG00163,MG00163,2,2,rounding_or_pEC50_conversion_duplicate,log_mean_pEC50,5.8704,1347.72,CM00310,PARENT0811,PMID_39140069,ASSY_CHEMBL5582321,calcium,PAM_functional_calcium,CHO,acetylcholine,,EC50,=,1513.56,5.82,Homo sapiens,yes,yes,yes,,,,,,,cat=PAM_functional_calcium; standard_type=EC50; source_kind=primary_article; legacy pEC50=5.82 (generic negative-log potency)
ACT_26030162,MG00063,MG00063,2,2,rounding_or_pEC50_conversion_duplicate,log_mean_pEC50,6.1575,695.82,CM00113,PARENT0812,PMID_39140069,ASSY_CHEMBL5582321,calcium,PAM_functional_calcium,CHO,acetylcholine,,EC50,=,691.83,6.16,Homo sapiens,yes,yes,yes,,,,,,,cat=PAM_functional_calcium; standard_type=EC50; source_kind=primary_article; legacy pEC50=6.16 (generic negative-log potency)
ACT_26030163,MG00268,MG00268,2,2,rounding_or_pEC50_conversion_duplicate,log_mean_pEC50,6.2209,601.31,CM00485,PARENT0813,PMID_39140069,ASSY_CHEMBL5582321,calcium,PAM_functional_calcium,CHO,acetylcholine,,EC50,=,602.56,6.22,Homo sapiens,yes,yes,yes,,,,,,,cat=PAM_functional_calcium; standard_type=EC50; source_kind=primary_article; legacy pEC50=6.22 (generic negative-log potency)
ACT_26030164,MG00170,MG00170,2,2,rounding_or_pEC50_conversion_duplicate,log_mean_pEC50,6.2296,589.39,CM00321,PARENT0814,PMID_39140069,ASSY_CHEMBL5582321,calcium,PAM_functional_calcium,CHO,acetylcholine,,EC50,=,588.84,6.23,Homo sapiens,yes,yes,yes,,,,,,,cat=PAM_functional_calcium; standard_type=EC50; source_kind=primary_article; legacy pEC50=6.23 (generic negative-log potency)
ACT_26030165,MG00183,MG00183,2,2,rounding_or_pEC50_conversion_duplicate,log_mean_pEC50,6.394,403.65,CM00340,PARENT0815,PMID_39140069,ASSY_CHEMBL5582321,calcium,PAM_functional_calcium,CHO,acetylcholine,,EC50,=,407.38,6.39,Homo sapiens,yes,yes,yes,,,,,,,cat=PAM_functional_calcium; standard_type=EC50; source_kind=primary_article; legacy pEC50=6.39 (generic negative-log potency)
ACT_26030166,MG00168,MG00168,2,2,rounding_or_pEC50_conversion_duplicate,log_mean_pEC50,6.4418,361.58,CM00319,PARENT0816,PMID_39140069,ASSY_CHEMBL5582321,calcium,PAM_functional_calcium,CHO,acetylcholine,,EC50,=,363.08,6.44,Homo sapiens,yes,yes,yes,,,,,,,cat=PAM_functional_calcium; standard_type=EC50; source_kind=primary_article; legacy pEC50=6.44 (generic negative-log potency)
ACT_26030167,MG00217,MG00217,2,2,rounding_or_pEC50_conversion_duplicate,log_mean_pEC50,6.4418,361.58,CM00405,PARENT0817,PMID_39140069,ASSY_CHEMBL5582321,calcium,PAM_functional_calcium,CHO,acetylcholine,,EC50,=,363.08,6.44,Homo sapiens,yes,yes,yes,,,,,,,cat=PAM_functional_calcium; standard_type=EC50; source_kind=primary_article; legacy pEC50=6.44 (generic negative-log potency)
ACT_26030168,MG00143,MG00143,2,2,rounding_or_pEC50_conversion_duplicate,log_mean_pEC50,6.4469,357.36,CM00267,PARENT0818,PMID_39140069,ASSY_CHEMBL5582321,calcium,PAM_functional_calcium,CHO,acetylcholine,,EC50,=,354.81,6.45,Homo sapiens,yes,yes,yes,,,,,,,cat=PAM_functional_calcium; standard_type=EC50; source_kind=primary_article; legacy pEC50=6.45 (generic negative-log potency)
ACT_26030169,MG00355,MG00355,2,2,rounding_or_pEC50_conversion_duplicate,log_mean_pEC50,6.4924,321.81,CM00657,PARENT0819,PMID_39140069,ASSY_CHEMBL5582321,calcium,PAM_functional_calcium,CHO,acetylcholine,,EC50,=,323.59,6.49,Homo sapiens,yes,yes,yes,,,,,,,cat=PAM_functional_calcium; standard_type=EC50; source_kind=primary_article; legacy pEC50=6.49 (generic negative-log potency)
ACT_26030170,MG00388,MG00388,2,2,rounding_or_pEC50_conversion_duplicate,log_mean_pEC50,6.9154,121.51,CM00709,PARENT0820,PMID_39140069,ASSY_CHEMBL5582321,calcium,PAM_functional_calcium,CHO,acetylcholine,,EC50,=,123.03,6.91,Homo sapiens,yes,yes,yes,,,PARENT0820:confirmed,human_identity_decisions.jsonl:PARENT0820,,,cat=PAM_functional_calcium; standard_type=EC50; source_kind=primary_article; legacy pEC50=6.91 (generic negative-log potency)
ACT_26030171,MG00135,MG00135,2,2,rounding_or_pEC50_conversion_duplicate,log_mean_pEC50,6.9593,109.82,CM00246,PARENT0821,PMID_39140069,ASSY_CHEMBL5582321,calcium,PAM_functional_calcium,CHO,acetylcholine,,EC50,=,109.65,6.96,Homo sapiens,yes,yes,yes,,,,,,,cat=PAM_functional_calcium; standard_type=EC50; source_kind=primary_article; legacy pEC50=6.96 (generic negative-log potency)
ACT_26030172,MG00447,MG00447,2,2,rounding_or_pEC50_conversion_duplicate,log_mean_pEC50,5.2209,6013.12,CM00829,PARENT0822,PMID_39140069,ASSY_CHEMBL5582321,calcium,PAM_functional_calcium,CHO,acetylcholine,,EC50,=,6025.6,5.22,Homo sapiens,yes,yes,yes,,,,,,,cat=PAM_functional_calcium; standard_type=EC50; source_kind=primary_article; legacy pEC50=5.22 (generic negative-log potency)
ACT_26030173,MG00387,MG00387,2,2,rounding_or_pEC50_conversion_duplicate,log_mean_pEC50,6.394,403.65,CM00708,PARENT0823,PMID_39140069,ASSY_CHEMBL5582321,calcium,PAM_functional_calcium,CHO,acetylcholine,,EC50,=,407.38,6.39,Homo sapiens,yes,yes,yes,,,,,,,cat=PAM_functional_calcium; standard_type=EC50; source_kind=primary_article; legacy pEC50=6.39 (generic negative-log potency)
ACT_26030174,MG00040,MG00040,2,2,rounding_or_pEC50_conversion_duplicate,log_mean_pEC50,6.3434,453.52,CM00072,PARENT0824,PMID_39140069,ASSY_CHEMBL5582321,calcium,PAM_functional_calcium,CHO,acetylcholine,,EC50,=,457.09,6.34,Homo sapiens,yes,yes,yes,,,,,,,cat=PAM_functional_calcium; standard_type=EC50; source_kind=primary_article; legacy pEC50=6.34 (generic negative-log potency)
ACT_26030175,MG00218,MG00218,2,2,rounding_or_pEC50_conversion_duplicate,log_mean_pEC50,6.4974,318.13,CM00407,PARENT0825,PMID_39140069,ASSY_CHEMBL5582321,calcium,PAM_functional_calcium,CHO,acetylcholine,,EC50,=,316.23,6.5,Homo sapiens,yes,yes,yes,,,,,,,cat=PAM_functional_calcium; standard_type=EC50; source_kind=primary_article; legacy pEC50=6.5 (generic negative-log potency)
ACT_26030176,MG00473,MG00473,2,2,rounding_or_pEC50_conversion_duplicate,log_mean_pEC50,7.0908,81.13,CM00868,PARENT0826,PMID_39140069,ASSY_CHEMBL5582321,calcium,PAM_functional_calcium,CHO,acetylcholine,,EC50,=,81.28,7.09,Homo sapiens,yes,yes,yes,,,,,,,cat=PAM_functional_calcium; standard_type=EC50; source_kind=primary_article; legacy pEC50=7.09 (generic negative-log potency)
ACT_26030177,MG00239,MG00239,2,2,rounding_or_pEC50_conversion_duplicate,log_mean_pEC50,6.6199,239.94,CM00435,PARENT0827,PMID_39140069,ASSY_CHEMBL5582321,calcium,PAM_functional_calcium,CHO,acetylcholine,,EC50,=,239.88,6.62,Homo sapiens,yes,yes,yes,,,,,,,cat=PAM_functional_calcium; standard_type=EC50; source_kind=primary_article; legacy pEC50=6.62 (generic negative-log potency)
ACT_26030178,MG00145,MG00145,2,2,rounding_or_pEC50_conversion_duplicate,log_mean_pEC50,7.601,25.06,CM00271,PARENT0828,PMID_39140069,ASSY_CHEMBL5582321,calcium,PAM_functional_calcium,CHO,acetylcholine,,EC50,=,25.12,7.6,Homo sapiens,yes,yes,yes,,,,,,,cat=PAM_functional_calcium; standard_type=EC50; source_kind=primary_article; legacy pEC50=7.6 (generic negative-log potency)
ACT_26030179,MG00045,MG00045,2,2,rounding_or_pEC50_conversion_duplicate,log_mean_pEC50,7.5388,28.92,CM00079,PARENT0829,PMID_39140069,ASSY_CHEMBL5582321,calcium,PAM_functional_calcium,CHO,acetylcholine,,EC50,=,28.84,7.54,Homo sapiens,yes,yes,yes,,,,,,,cat=PAM_functional_calcium; standard_type=EC50; source_kind=primary_article; legacy pEC50=7.54 (generic negative-log potency)
ACT_26030180,MG00235,MG00235,2,2,rounding_or_pEC50_conversion_duplicate,log_mean_pEC50,5.883,1309.18,CM00429,PARENT0830,PMID_39140069,ASSY_CHEMBL5582321,calcium,PAM_functional_calcium,CHO,acetylcholine,,EC50,=,1318.26,5.88,Homo sapiens,yes,yes,yes,,,,,,,cat=PAM_functional_calcium; standard_type=EC50; source_kind=primary_article; legacy pEC50=5.88 (generic negative-log potency)
ACT_26030181,MG00242,MG00242,2,2,rounding_or_pEC50_conversion_duplicate,log_mean_pEC50,6.0678,855.46,CM00440,PARENT0831,PMID_39140069,ASSY_CHEMBL5582321,calcium,PAM_functional_calcium,CHO,acetylcholine,,EC50,=,851.14,6.07,Homo sapiens,yes,yes,yes,,,,,,,cat=PAM_functional_calcium; standard_type=EC50; source_kind=primary_article; legacy pEC50=6.07 (generic negative-log potency)
ACT_26030182,MG00261,MG00261,2,2,rounding_or_pEC50_conversion_duplicate,log_mean_pEC50,6.2912,511.45,CM00472,PARENT0832,PMID_39140069,ASSY_CHEMBL5582321,calcium,PAM_functional_calcium,CHO,acetylcholine,,EC50,=,512.86,6.29,Homo sapiens,yes,yes,yes,,,,,,,cat=PAM_functional_calcium; standard_type=EC50; source_kind=primary_article; legacy pEC50=6.29 (generic negative-log potency)
ACT_26030183,MG00121,MG00121,2,2,rounding_or_pEC50_conversion_duplicate,log_mean_pEC50,6.3683,428.25,CM00218,PARENT0833,PMID_39140069,ASSY_CHEMBL5582321,calcium,PAM_functional_calcium,CHO,acetylcholine,,EC50,=,426.58,6.37,Homo sapiens,yes,yes,yes,,,,,,,cat=PAM_functional_calcium; standard_type=EC50; source_kind=primary_article; legacy pEC50=6.37 (generic negative-log potency)
ACT_26030184,MG00462,MG00462,2,2,rounding_or_pEC50_conversion_duplicate,log_mean_pEC50,6.2688,538.52,CM00850,PARENT0834,PMID_39140069,ASSY_CHEMBL5582321,calcium,PAM_functional_calcium,CHO,acetylcholine,,EC50,=,537.03,6.27,Homo sapiens,yes,yes,yes,,,,,,,cat=PAM_functional_calcium; standard_type=EC50; source_kind=primary_article; legacy pEC50=6.27 (generic negative-log potency)
ACT_26030185,MG00418,MG00418,2,2,rounding_or_pEC50_conversion_duplicate,log_mean_pEC50,6.399,399.02,CM00768,PARENT0835,PMID_39140069,ASSY_CHEMBL5582321,calcium,PAM_functional_calcium,CHO,acetylcholine,,EC50,=,398.11,6.4,Homo sapiens,yes,yes,yes,,,,,,,cat=PAM_functional_calcium; standard_type=EC50; source_kind=primary_article; legacy pEC50=6.4 (generic negative-log potency)
ACT_26030186,MG00187,MG00187,2,2,rounding_or_pEC50_conversion_duplicate,log_mean_pEC50,6.7206,190.28,CM00351,PARENT0836,PMID_39140069,ASSY_CHEMBL5582321,calcium,PAM_functional_calcium,CHO,acetylcholine,,EC50,=,190.55,6.72,Homo sapiens,yes,yes,yes,,,,,,,cat=PAM_functional_calcium; standard_type=EC50; source_kind=primary_article; legacy pEC50=6.72 (generic negative-log potency)
ACT_26030187,MG00062,MG00062,2,2,rounding_or_pEC50_conversion_duplicate,log_mean_pEC50,6.8219,150.7,CM00112,PARENT0837,PMID_39140069,ASSY_CHEMBL5582321,calcium,PAM_functional_calcium,CHO,acetylcholine,,EC50,=,151.36,6.82,Homo sapiens,yes,yes,yes,,,,,,,cat=PAM_functional_calcium; standard_type=EC50; source_kind=primary_article; legacy pEC50=6.82 (generic negative-log potency)
ACT_26030188,MG00301,MG00301,2,2,rounding_or_pEC50_conversion_duplicate,log_mean_pEC50,7.1885,64.79,CM00555,PARENT0838,PMID_39140069,ASSY_CHEMBL5582321,calcium,PAM_functional_calcium,CHO,acetylcholine,,EC50,=,64.57,7.19,Homo sapiens,yes,yes,yes,,,,,,,cat=PAM_functional_calcium; standard_type=EC50; source_kind=primary_article; legacy pEC50=7.19 (generic negative-log potency)
ACT_26030189,MG00383,MG00383,2,2,rounding_or_pEC50_conversion_duplicate,log_mean_pEC50,7.0805,83.08,CM00705,PARENT0839,PMID_39140069,ASSY_CHEMBL5582321,calcium,PAM_functional_calcium,CHO,acetylcholine,,EC50,=,83.18,7.08,Homo sapiens,yes,yes,yes,,,,,,,cat=PAM_functional_calcium; standard_type=EC50; source_kind=primary_article; legacy pEC50=7.08 (generic negative-log potency)
ACT_26030190,MG00074,MG00074,2,2,rounding_or_pEC50_conversion_duplicate,log_mean_pEC50,7.4095,38.95,CM00127,PARENT0840,PMID_39140069,ASSY_CHEMBL5582321,calcium,PAM_functional_calcium,CHO,acetylcholine,,EC50,=,38.9,7.4101,Homo sapiens,yes,yes,yes,,,,,,,cat=PAM_functional_calcium; standard_type=EC50; source_kind=primary_article; legacy pEC50=7.41 (generic negative-log potency)
