#"Step","Time (ps)","Potential Energy (kJ/mole)","Kinetic Energy (kJ/mole)","Temperature (K)","Box Volume (nm^3)","Density (g/mL)","Speed (ns/day)","Time Remaining"
5000,14.000000000001178,-802525.4260017574,207128.38817606904,300.211121125797,738.9161207307025,1.0167940008120047,0,--
10000,23.99999999999741,-805411.8774024579,207211.27102903722,300.33125122689415,734.596493932255,1.0227730255564558,366,39:15
15000,33.99999999999542,-806271.9963062527,206408.350614222,299.16750134196013,732.1740099408555,1.0261569906352572,369,38:53
20000,44.00000000000764,-808074.8103787005,206705.3945093618,299.5980356669204,730.0837982315269,1.029094852511703,369,38:51
25000,54.00000000001986,-808550.9837364112,207785.7784025027,301.1639400929731,727.9914794419349,1.0320525718765414,368,38:56
30000,64.00000000003207,-809706.960605884,206532.83680134633,299.347931161988,728.764319546084,1.0309581005972213,367,39:00
35000,74.00000000000877,-807860.3164214236,207184.01416001187,300.2917452215583,729.3582335640912,1.0301185947964426,367,38:55
40000,83.99999999998546,-806630.5897499188,206991.17388348505,300.0122432367067,729.3967229598231,1.030064236665952,367,38:52
45000,93.99999999996216,-807161.1804612596,208109.06471513788,301.63251008096694,728.600261244416,1.0311902405566362,367,38:51
50000,103.99999999993885,-809189.3946776334,205956.5741295121,298.5126981729337,727.4853433869717,1.0327706056101313,367,38:50
55000,113.99999999991554,-807454.4813108342,208026.97669393232,301.5135320060921,729.385223700745,1.030080476336211,360,39:34
60000,123.99999999989224,-808382.1588678462,207693.68794132685,301.03046451853334,730.2949864215577,1.0287972567684585,361,39:23
65000,133.99999999991155,-807299.485107644,207138.06037981767,300.2251399822015,730.4426492641677,1.028589279964863,362,39:15
70000,143.9999999999593,-806987.2542275665,206478.28274771257,299.26886071805916,729.2616010038676,1.030255093135327,363,39:07
75000,154.00000000000705,-808796.9001772213,206302.12736031055,299.01354174990615,727.6358219799013,1.0325570236741455,363,39:01
80000,164.0000000000548,-809870.7449340145,208317.01578409295,301.9339135925765,727.5839782360283,1.0326305981665351,364,38:56
85000,174.00000000010255,-809575.6240965016,206825.9838261186,299.7728173774244,727.504628217705,1.0327432287309435,364,38:50
90000,184.0000000001503,-805952.3692692714,207711.19764875184,301.0558430238311,729.3707593970087,1.0301009040770968,365,38:45
95000,194.00000000019804,-807700.2270978983,207011.10164675143,300.04112646321374,729.0178489095388,1.0305995659586196,365,38:39
100000,204.0000000002458,-807767.9636101392,207219.42164629055,300.34306470144986,730.236756255129,1.028879294593821,366,38:36
105000,214.00000000029354,-808019.5493062092,208198.7896044275,301.7625570042483,730.1531107959597,1.028997161764081,363,38:52
110000,224.0000000003413,-808287.8059655908,205509.81466874352,297.86516665988546,729.0729882991147,1.0305216222796243,363,38:46
115000,234.00000000038904,-808596.641927551,206562.0267434758,299.3902389563442,728.9154810533253,1.030744301899787,363,38:43
120000,244.00000000043678,-808353.553916709,206134.34458120106,298.7703580093015,728.1075881669226,1.03188799412706,364,38:37
125000,254.00000000048453,-808540.758877614,206095.3561015756,298.7138482508738,727.142981755327,1.0332568662748467,364,38:32
130000,264.0000000005323,-808467.0546335331,206560.65385297738,299.38824909392434,727.5056005486255,1.0327418484416735,365,38:28
135000,274.00000000058003,-810545.5480397525,206885.37828639697,299.8589034888737,726.4556874817988,1.034234422840941,365,38:22
140000,284.0000000006278,-810731.8164958428,207327.30411954835,300.4994291598988,725.9038093101814,1.0350207135243357,365,38:21
145000,294.0000000006755,-810036.6269039405,208415.25490408274,302.0763010104011,728.454232785409,1.0313969565244956,365,38:19
150000,304.0000000007233,-807988.1625687457,208707.51554580708,302.49990250552025,727.2589356183709,1.0330921242286604,365,38:14
155000,314.000000000771,-807678.7566329697,206848.236199318,299.8050698849861,728.8545809953592,1.0308304266074733,363,38:25
160000,324.0000000008188,-808078.5619229106,206442.72701586975,299.21732637159425,727.423848339224,1.0328579141000158,363,38:22
165000,334.0000000008665,-809838.6693689018,205632.5610031307,298.0430747437794,727.6100025510514,1.032593664226794,364,38:17
170000,344.00000000091427,-807362.2886141436,208005.51845063077,301.48243050747243,727.8139502404322,1.0323043113065613,364,38:12
175000,354.000000000962,-810055.0885696304,206271.8196965583,298.9696139339564,728.0542086049417,1.0319636502093803,364,38:09
180000,364.00000000100977,-809891.7047793153,208025.60411707067,301.51154259825626,727.159895665052,1.0332328324777917,364,38:05
185000,374.0000000010575,-808654.0295068221,207276.74005171092,300.4261417866525,728.4014524252127,1.0314716921015452,365,38:01
190000,384.00000000110526,-809422.454428155,207214.63745929318,300.3361305184786,728.9205197007868,1.0307371769019031,365,37:57
195000,394.000000001153,-809177.3839109866,207663.240245928,300.986333741232,728.0889465577126,1.0319144140484526,365,37:54
200000,404.00000000120076,-809420.8815446431,206337.11188295882,299.0642481878733,728.7867909055326,1.0309263121093617,365,37:51
205000,414.0000000012485,-809712.0059433165,206481.71915453952,299.27384143342726,725.3708466708222,1.0357811898707496,364,37:57
210000,424.00000000129626,-808095.7656241809,206812.89273981215,299.7538432052628,729.2572760056335,1.0302612032580574,364,37:54
215000,434.000000001344,-809341.271663032,207283.03748446406,300.43526926243544,730.8759442919912,1.0279794875313288,364,37:50
220000,444.00000000139175,-808589.5690808697,206697.19396227982,299.58614982425536,730.0668182882553,1.0291187872691514,364,37:47
225000,454.0000000014395,-808285.5075003766,207562.47782892874,300.8402890660377,726.9782326991427,1.0334910247212183,364,37:44
230000,464.00000000148725,-808267.4806306101,207562.7809012412,300.84072833792845,728.5286215772555,1.031291642373153,365,37:40
235000,474.000000001535,-808463.764766695,207020.23352181993,300.0543621692241,730.2475718967581,1.028864055940304,365,37:37
240000,484.00000000158275,-808098.4852019618,206296.92942231917,299.00600787777165,728.8062812224467,1.0308987422584208,365,37:34
245000,494.0000000016305,-809295.9967453475,208009.59815326048,301.4883436134021,726.7422934469806,1.033826550947898,365,37:30
250000,504.00000000167825,-808803.0197315654,207113.9438835183,300.1901856215008,728.2909573493996,1.0316281852471314,365,37:27
255000,514.0000000016692,-808862.9460648294,207285.1046284181,300.4382653732508,729.3136584943718,1.0301815548241995,364,37:33
260000,524.0000000014327,-809575.784697474,207067.3580218824,300.12266424563586,729.4475307187953,1.0299924902369653,364,37:29
265000,534.0000000011962,-808874.6507925089,207105.62373731754,300.1781264323145,728.2093510197205,1.0317437940204515,364,37:26
270000,544.0000000009597,-811085.8251339952,207356.3658341456,300.5415511017432,727.5398278384986,1.032693262847788,364,37:23
275000,554.0000000007233,-808541.9137408347,207570.17338197012,300.85144297220467,728.3608072534619,1.0315292519587809,364,37:20
280000,564.0000000004868,-808400.5404615258,207399.80873491775,300.60451708173565,729.1178532896297,1.0304582109359017,365,37:16
285000,574.0000000002503,-808458.6448135073,207117.70601114622,300.19563843539527,727.0604770627397,1.0333741172365,365,37:13
290000,584.0000000000139,-806859.9065374858,205642.04167592636,298.0568159959278,732.181663195032,1.026146264553645,365,37:10
295000,593.9999999997774,-807812.4544692677,207064.70863517432,300.11882423432246,728.5795712897879,1.0312195239460293,365,37:07
300000,603.9999999995409,-807252.1893127691,207650.60649970386,300.9680224360972,729.8262677395751,1.0294579845546936,365,37:05
305000,613.9999999993045,-807351.162243967,206747.91108258732,299.65965903118666,730.1055810385483,1.0290641493159447,364,37:09
310000,623.999999999068,-809180.3410842782,206300.238920827,299.0108046526906,728.9576142872745,1.0306847256089815,364,37:06
315000,633.9999999988315,-808010.0058907769,207881.74309595994,301.30303096537835,727.7667032513394,1.0323713290339716,364,37:03
320000,643.9999999985951,-809452.5390503118,207694.11538473726,301.0310840534343,728.6041102239434,1.0311847931125866,364,36:59
325000,653.9999999983586,-808754.7847819258,206033.8676763191,298.6247271543159,728.6985263427023,1.0310511844083428,364,36:57
330000,663.9999999981221,-809263.491359103,207157.4483195152,300.2532407904208,727.4674874354797,1.0327959553366206,365,36:53
335000,673.9999999978857,-807700.2425570539,207853.48166724434,301.26206895493624,730.0849432137912,1.029093238596274,365,36:50
340000,683.9999999976492,-809955.8096389915,207423.770460668,300.6392471185738,728.2579171286892,1.0316749890265755,365,36:47
345000,693.9999999974127,-808221.3338998486,206144.83747570045,298.7855663718502,729.3766507585636,1.0300925836889163,365,36:44
350000,703.9999999971762,-808835.9324295563,206910.97087413183,299.8959972910514,728.7188065022732,1.0310224903738827,365,36:41
355000,713.9999999969398,-809641.5764804692,206845.09722075422,299.8005202610446,728.1633413162546,1.0318089857478048,364,36:44
360000,723.9999999967033,-810183.6230717949,206794.7637290274,299.7275670839618,727.6670958985533,1.0325126460946947,364,36:41
365000,733.9999999964668,-810413.849352112,207023.455798259,300.0590325247986,725.2188838068364,1.0359982281740672,364,36:39
370000,743.9999999962304,-808261.5103157056,207079.4847683617,300.1402407072123,727.2738545608476,1.0330709318787938,364,36:37
375000,753.9999999959939,-807825.730956926,207317.37693800742,300.4850407396235,728.8318401138002,1.0308625903952615,364,36:35
380000,763.9999999957574,-807080.2030187114,208158.729302437,301.7044937504417,728.7285320649818,1.0310087304160342,364,36:33
385000,773.999999995521,-808455.8252754104,207264.6965165515,300.40868593125595,727.2160093351221,1.0331531058415202,364,36:29
390000,783.9999999952845,-808217.484384709,207704.6848804684,301.04640344152557,726.1344423677327,1.034691972759732,364,36:27
395000,793.999999995048,-809192.014254916,207784.7018147891,301.1623796907157,729.5363223473574,1.0298671301859117,364,36:23
400000,803.9999999948116,-808444.4259369154,207061.7226805757,300.11449640275106,728.1950770951851,1.0317640180421717,364,36:21
405000,813.9999999945751,-808935.3029447282,208588.45902955302,302.32734243040596,730.0977418753997,1.0290751985238713,364,36:23
410000,823.9999999943386,-809874.6594706923,206745.80732066673,299.65660984642585,729.0439034543643,1.030562734428363,364,36:19
415000,833.9999999941022,-808601.1120691998,206420.72278923195,299.18543352674277,727.8105989982835,1.0323090646060091,364,36:17
420000,843.9999999938657,-808962.7118510273,206622.93350241956,299.4785169878958,730.2670718832084,1.0288365826556352,364,36:14
425000,853.9999999936292,-808652.4894099482,207690.40146211104,301.0257011076913,727.5236450347272,1.0327162337471436,364,36:11
430000,863.9999999933927,-809509.0821151617,208148.2048209271,301.68923960579656,728.5612877298535,1.0312454028450173,364,36:08
435000,873.9999999931563,-805866.1619034731,207162.87832518917,300.2611110205976,728.3162443299861,1.0315923673423464,364,36:05
440000,883.9999999929198,-810503.8234559903,208061.08578515187,301.56296959697846,727.3780152014675,1.0329229959667625,364,36:02
445000,893.9999999926833,-810074.6638752376,207971.47892127192,301.43309373929014,727.8632141179627,1.0322344419792207,364,35:59
450000,903.9999999924469,-808739.8118192297,207302.58994823112,300.4636085312338,728.6687191096281,1.031093361027373,364,35:57
455000,913.9999999922104,-807759.6078562741,207564.85864911857,300.8437398180311,729.5877748222676,1.0297945012103376,364,35:58
460000,923.9999999919739,-810256.5041285246,207124.74106588593,300.2058350177623,726.9631457001035,1.03351247323369,364,35:55
465000,933.9999999917375,-810242.522567004,206796.71961475257,299.7304019375109,728.1611610585567,1.0318120751867976,364,35:52
470000,943.999999991501,-809253.2056057323,207855.86640408408,301.26552538370754,726.9705285315554,1.0335019772808365,364,35:49
475000,953.9999999912645,-812614.080887299,208583.44128503415,302.32006973002535,727.5401553103617,1.0326927980239784,364,35:46
480000,963.9999999910281,-810032.9468673682,207947.9214949914,301.39894969261076,726.987724707994,1.0334775308125579,364,35:43
485000,973.9999999907916,-809082.9996113661,206044.95242748313,298.6407933517293,727.4796792883797,1.0327786466794557,365,35:40
490000,983.9999999905551,-808424.5903844964,207043.72486071123,300.08841042908557,729.7067384754603,1.0296266144286454,365,35:37
495000,993.9999999903187,-809521.8024332738,207177.14629977528,300.28179097028686,730.4559236508691,1.0285705876777351,365,35:34
500000,1003.9999999900822,-808378.0706691779,206810.1355285222,299.74984691339847,729.1376917016635,1.0304301741812467,365,35:31
505000,1013.9999999898457,-809153.2040763097,206188.53495484116,298.8489013367902,729.8695002791954,1.0293970064167008,364,35:32
510000,1023.9999999896093,-809373.4707875797,207113.04512716224,300.1888829673564,727.3791364961247,1.032921403659562,364,35:29
515000,1033.9999999893728,-809319.4241975611,206834.76926306175,299.78555095729484,727.6463929906448,1.0325420230206745,364,35:26
520000,1043.9999999891363,-808875.8809160916,207574.53073561727,300.857758504494,727.9804686324686,1.032068181820376,365,35:23
525000,1053.9999999888998,-809997.4756907523,206019.25041867452,298.6035409550513,724.4342778417797,1.0371202766669065,365,35:21
530000,1063.9999999886634,-809877.0358493617,207245.76967107697,300.3812534313011,728.0158810449709,1.0320179795855942,365,35:18
535000,1073.999999988427,-809518.9931691838,207673.10300209993,301.00062878361535,727.0892823751875,1.0333331777466135,365,35:15
540000,1083.9999999881904,-810965.5314687793,207183.82632035084,300.29147296744713,726.8345666268433,1.033695304488714,365,35:12
545000,1093.999999987954,-808418.2088533947,205592.88250099702,297.9855648692758,727.9654812862967,1.0320894300299568,365,35:09
550000,1103.9999999877175,-809704.3249159288,206665.63581546256,299.5404095627678,727.8083167728088,1.0323123016699323,365,35:06
555000,1113.999999987481,-809694.732219209,206986.13013782905,300.0049328503739,726.5017614531728,1.0341688327904826,365,35:07
560000,1123.9999999872446,-810329.0718968343,208208.59849981446,301.7767739810087,726.3681841196318,1.0343590139109329,365,35:04
565000,1133.999999987008,-810465.419954529,207057.4382126776,300.10828651079737,725.9992951498576,1.0348845841608867,365,35:01
570000,1143.9999999867716,-810498.4034143654,206892.62460772254,299.86940628025025,728.1609093216941,1.0318124319007205,365,34:59
575000,1153.9999999865352,-808138.859124985,207888.652901255,301.3130460116628,727.5428706570383,1.032688943792056,365,34:56
580000,1163.9999999862987,-810172.5102734445,205880.38681428865,298.40227255952453,726.3697223260554,1.0343568234869234,365,34:53
585000,1173.9999999860622,-809895.9881361104,207905.8149823047,301.3379206685755,726.140854379387,1.0346828361618559,365,34:51
590000,1183.9999999858258,-809392.8407922499,206286.81909062754,298.99135400034413,727.1765693206385,1.0332091411638575,365,34:48
595000,1193.9999999855893,-811184.6854155301,207256.03269243363,300.3961286165655,727.3029211448035,1.033029645308782,365,34:45
600000,1203.9999999853528,-810899.4637966314,207454.56382447665,300.6838789063922,727.8139827111291,1.032304265251331,365,34:42
605000,1213.9999999851163,-810327.7923881668,206661.27776443647,299.5340930197001,725.4462311639448,1.0356735570281899,365,34:43
610000,1223.9999999848799,-810419.1472641681,206674.65928742295,299.5534881497135,726.3002096324745,1.034455819643018,365,34:40
615000,1233.9999999846434,-808813.6115124859,206981.98343910667,299.9989226405549,724.1924172332866,1.0374666466857385,365,34:37
620000,1243.999999984407,-809936.1001158068,206817.45880356684,299.7604612412114,727.8236141401685,1.0322906045716216,365,34:35
625000,1253.9999999841705,-809291.1812592517,207486.2846342635,300.72985493098724,725.6669799077371,1.0353585039211546,365,34:32
630000,1263.999999983934,-812985.7429967793,206356.986019663,299.0930536882391,726.6063943284429,1.034019910266081,365,34:30
635000,1273.9999999836975,-809738.229203064,206508.66468737554,299.31289618923967,726.831015381594,1.033700355051309,365,34:27
640000,1283.999999983461,-809663.1129588438,206809.94954123357,299.74957734410896,728.4204393887776,1.0314448058221697,365,34:25
645000,1293.9999999832246,-809262.4432687801,207218.05921728973,300.341090001886,727.4425281622483,1.0328313915882055,365,34:22
650000,1303.9999999829881,-809979.1633347478,205871.71591902646,298.38970499594353,726.5162512035606,1.0341482071703105,365,34:19
655000,1313.9999999827517,-809769.6406663717,207024.62674489451,300.0607296905291,727.6737681374459,1.0325031787051364,364,34:20
660000,1323.9999999825152,-809730.1512610265,207676.61774394804,301.0057230374739,726.847584037617,1.0336767916165672,364,34:17
665000,1333.9999999822787,-810020.5804994265,206854.0189640915,299.8134514028995,727.2210447277188,1.0331459521273392,364,34:15
670000,1343.9999999820423,-809847.7857540604,207094.42395027098,300.1618935023177,727.0664718647781,1.0333655968693751,365,34:12
675000,1353.9999999818058,-809893.9029303971,207845.5591465409,301.2505860826778,728.4963518628269,1.031337324807536,365,34:09
680000,1363.9999999815693,-808194.8621581146,206953.5419308033,299.9576996234231,728.3879553100749,1.031490805394246,365,34:06
685000,1373.9999999813328,-807855.419732587,208846.48073887068,302.70131814330153,728.7589359778441,1.0309657166043988,365,34:04
690000,1383.9999999810964,-810070.1268597087,208500.9517861923,302.20050975494667,726.1951007645933,1.0346055459079864,365,34:01
695000,1393.99999998086,-810805.6010788484,207672.93609565892,301.0003868700359,725.9994696434444,1.0348843354269266,365,33:59
700000,1403.9999999806234,-811176.9722532276,206971.11126489495,299.9831645513913,727.6509661341386,1.0325355336967346,365,33:56
705000,1413.999999980387,-811909.7494799239,205842.63971869132,298.3475620585241,725.7909839682388,1.0351816091106691,364,33:56
710000,1423.9999999801505,-811291.3946159012,206820.37555579242,299.76468877111876,724.8847454910775,1.0364757754051885,364,33:54
715000,1433.999999979914,-810975.1662202096,208501.85215582297,302.2018147473653,728.891958683576,1.0307775654696445,364,33:51
720000,1443.9999999796776,-809334.1642506812,207346.94736230723,300.52790000343265,728.1253935297901,1.0318627606434632,365,33:48
725000,1453.999999979441,-810564.3150781812,207082.39587686397,300.14446005712796,726.8467359377936,1.0336779977320536,365,33:46
730000,1463.9999999792046,-810065.9233446214,207891.7001011754,301.3174626119774,727.5064610628631,1.032740626886798,365,33:44
735000,1473.9999999789682,-810734.73359587,206907.4768732473,299.89093309906883,727.888694425849,1.0321983078125632,365,33:41
740000,1483.9999999787317,-810899.9614314861,208113.93067031645,301.6395627784382,728.0981613982566,1.0319013540968078,365,33:39
745000,1493.9999999784952,-809467.1767818346,206686.73446169018,299.57098986271615,727.911516140215,1.0321659460015085,365,33:36
750000,1503.9999999782588,-810053.985123103,207134.88916045363,300.22054362856306,727.4611969152908,1.0328048861549728,365,33:34
755000,1513.9999999780223,-808888.747043719,206514.52157185,299.32138513597397,726.941452703685,1.0335433147578554,364,33:34
760000,1523.9999999777858,-808379.7687340998,207156.78363882896,300.2522774046881,725.9253761328865,1.0349899636580842,364,33:31
765000,1533.9999999775494,-808308.8378566517,207453.05909970903,300.6816979638693,729.3270475552644,1.0301626426453434,364,33:28
770000,1543.9999999773129,-809465.752636556,207928.42341460325,301.37068924688106,727.5304506398924,1.0327065733144725,364,33:26
775000,1553.9999999770764,-810658.8949965117,205683.81209891103,298.1173578927897,724.752114191251,1.0366654528502608,364,33:23
780000,1563.99999997684,-810943.1213362599,208443.4062077892,302.1171034060615,727.0287213500908,1.0334192537360112,364,33:20
785000,1573.9999999766035,-809257.5709173768,206765.11597624415,299.6845957405342,728.0529072403384,1.031965494801927,365,33:18
790000,1583.999999976367,-810388.5347831692,207745.8734145636,301.1061019507793,725.798823441441,1.0351704279428,365,33:15
795000,1593.9999999761305,-808828.0394909638,208405.9929714617,302.0628767994543,729.7926350736511,1.0295054273690127,365,33:12
800000,1603.999999975894,-810426.5423894953,206936.7350264488,299.933339758301,727.8441328297678,1.0322615032166256,365,33:10
805000,1613.9999999756576,-808944.6392435837,208775.80561528908,302.59888188010757,727.8339569200697,1.0322759353542603,364,33:09
810000,1623.9999999754211,-810319.8224051003,206987.58302283485,300.00703865653736,726.655811756744,1.0339495900347544,364,33:06
815000,1633.9999999751847,-810079.2035651798,207348.7307034139,300.53048477144876,727.9838749406812,1.032063352671758,364,33:04
820000,1643.9999999749482,-808613.8243515631,207693.8659712303,301.0307225544181,727.3437287899873,1.032971687144627,364,33:01
825000,1653.9999999747117,-810496.0825704695,207870.26327733923,301.2863921586518,726.6454260138149,1.033964367991457,365,32:58
830000,1663.9999999744753,-808101.2892240616,208855.7555816167,302.7147610661358,726.9249019268204,1.0335668466863075,365,32:56
835000,1673.9999999742388,-808322.6581986491,206742.88234875773,299.65237040293965,729.9198756301814,1.029325962679938,365,32:53
840000,1683.9999999740023,-809579.8429896231,208153.48752154337,301.6968963325666,727.6109818918101,1.0325922743892468,365,32:51
845000,1693.9999999737659,-809303.5649984474,207354.32200364614,300.5385887813629,728.7427516515413,1.0309886128672112,365,32:48
850000,1703.9999999735294,-809492.1681634691,207289.22396616454,300.44423592617227,726.4955531477426,1.0341776703338819,365,32:45
855000,1713.999999973293,-807804.242296407,206921.9383971818,299.91189357846906,729.3000841755413,1.0302007293905844,364,32:45
860000,1723.9999999730564,-810464.6557215555,207161.41079031877,300.25898398097445,728.3752864456621,1.0315087464438666,364,32:42
865000,1733.99999997282,-808473.9448384535,207447.25814132392,300.6732900762025,728.1771958325846,1.0317893542425554,365,32:40
870000,1743.9999999725835,-810500.840716484,207521.4613115338,300.7808398771542,727.4765467273238,1.0327830938910976,365,32:37
875000,1753.999999972347,-808617.8034911985,206888.47413338677,299.86339059807113,727.344171868381,1.0329710578862188,365,32:35
880000,1763.9999999721106,-808629.1743322117,207417.69211324048,300.630437184253,725.7853746527135,1.0351896096304842,365,32:32
885000,1773.999999971874,-809474.9744928069,207752.86723315684,301.1162387656279,730.0410014195969,1.0291551806011878,365,32:29
890000,1783.9999999716376,-809956.7221702444,207608.4198369427,300.90687724284,726.8989420383851,1.0336037586674354,365,32:27
895000,1793.9999999714012,-808200.9219074515,206916.9401295244,299.90464910777945,728.3933269057082,1.0314831985816881,365,32:24
900000,1803.9999999711647,-809950.7081860127,207520.79385268604,300.7798724647645,727.0636233877448,1.033369645370875,365,32:22
905000,1813.9999999709282,-808039.5476743989,207099.80320056368,300.1696901678323,732.3640161205706,1.0258907621405648,364,32:21
910000,1823.9999999706918,-808677.9566747183,207139.7652909432,300.22761107409247,728.9899005022801,1.0306390776396046,364,32:19
915000,1833.9999999704553,-809639.3587280209,207227.10517832363,300.3542011844118,728.537123947086,1.031279606716138,365,32:16
920000,1843.9999999702188,-810286.4954615124,207686.96636981645,301.02072229760154,727.0770703931712,1.033350533604331,365,32:13
925000,1853.9999999699824,-808413.0252043954,207566.03953851905,300.8454513947684,728.4884535846732,1.031348506575787,365,32:11
930000,1863.9999999697459,-808630.9932492813,207432.30067789936,300.6516107839363,728.8064859065446,1.0308984527322116,365,32:08
935000,1873.9999999695094,-809052.7082693516,207709.59742930895,301.0535236716784,728.9803355182835,1.0306526007016183,365,32:05
940000,1883.999999969273,-810566.9408418122,208125.50608259946,301.65634013826593,727.5216890766764,1.0327190102274355,365,32:03
945000,1893.9999999690365,-809004.0098047545,205834.77456484037,298.33616233356986,728.4227577424108,1.0314415230392149,365,32:00
950000,1903.9999999688,-809657.2747469349,206942.68911670102,299.94196959473066,727.3769904420967,1.032924451192228,365,31:57
955000,1913.9999999685635,-809936.7301831809,205594.77262599146,297.9883044094646,728.8292277953653,1.0308662852818633,365,31:57
960000,1923.999999968327,-810417.6191514796,207127.4565348359,300.2097708084331,728.7988137656959,1.0309093051073537,365,31:54
965000,1933.9999999680906,-810481.0151325436,206489.06604522033,299.2844899896561,727.4290258397003,1.0328505626991888,365,31:52
970000,1943.9999999678541,-807649.5930437827,206882.90239124466,299.8553149355807,727.8783442213208,1.0322129853526827,365,31:49
975000,1953.9999999676177,-809833.3503807355,206385.7758917363,299.1347816225329,725.5155601507925,1.0355745898903952,365,31:46
980000,1963.9999999673812,-808962.4416019265,206221.2228678416,298.8962790772127,726.2950131266352,1.0344632209821572,365,31:44
985000,1973.9999999671447,-809019.7161330865,207218.432278115,300.34163071486887,727.7228481086328,1.0324335433674623,365,31:41
990000,1983.9999999669083,-810109.8502789186,207239.24980751672,300.37180356512755,726.201396854477,1.0345965759865026,365,31:39
995000,1993.9999999666718,-809652.9811304105,206034.8102261846,298.6260932826112,729.8791483086998,1.0293833991603316,365,31:36
1000000,2003.9999999664353,-808790.6569154421,207471.01700513388,300.70772608569337,728.0893055390367,1.0319139052674557,365,31:33
1005000,2013.9999999661989,-809256.6124486583,206300.13673618133,299.01065654664245,730.0890977902721,1.0290873825348992,365,31:33
1010000,2023.9999999659624,-808419.4882542975,207200.90239298472,300.31622296407954,727.8007006186823,1.0323231044207255,365,31:30
1015000,2033.999999965726,-810303.4547664071,207048.97755309864,300.09602366203944,726.4189123685242,1.034286781180468,365,31:28
1020000,2043.9999999654895,-809536.1708224854,208555.76333640088,302.2799534134604,727.9648906219859,1.0320902674582446,365,31:25
1025000,2053.999999965253,-809874.8844457935,206868.49841346632,299.8344378633667,727.6193364501569,1.0325804181177425,365,31:22
1030000,2063.9999999650167,-811615.8606497697,207790.59668269096,301.1709236904894,727.0567117959341,1.0333794688537785,365,31:20
1035000,2073.9999999647803,-809739.4526485391,205959.14319388475,298.51642176535063,727.2665348833118,1.0330813293682015,365,31:17
1040000,2083.999999964544,-809177.4497675556,206417.3175248438,299.1804979491105,730.1631508327026,1.0289830126396005,365,31:15
1045000,2093.9999999643073,-811178.3095987658,205994.96489814308,298.56834161125266,727.6650297659278,1.0325155778118682,365,31:12
1050000,2103.999999964071,-809309.8370277742,207591.68211229687,300.8826176465323,726.2987711787214,1.0344578684098826,365,31:09
1055000,2113.9999999638344,-809799.489595178,207530.72689542183,300.79426938023397,727.2951923854214,1.0330406230213347,365,31:09
1060000,2123.999999963598,-810201.3219909128,208127.51667671948,301.65925428596057,726.4243595566747,1.0342790254456489,365,31:06
1065000,2133.9999999633615,-810085.5521241678,208100.86090216742,301.6206195047352,726.1985574235315,1.0346006212514016,365,31:04
1070000,2143.999999963125,-811119.4626853731,207119.16204318032,300.19774880285,725.9225725977221,1.0349939608209597,365,31:01
1075000,2153.9999999628885,-809898.0571760042,207713.22978103586,301.0587883888611,727.4826591720768,1.0327744162552481,365,30:58
1080000,2163.999999962652,-811795.7919390583,208168.48704865662,301.71863659178786,726.4839078048905,1.0341942479255002,365,30:56
1085000,2173.9999999624156,-808809.6009912542,206296.5926087499,299.00551970142783,728.6180928878564,1.0311650039932454,365,30:53
1090000,2183.999999962179,-810689.330503155,205723.6223928436,298.17505878584006,727.550864645623,1.0326775970889874,365,30:51
1095000,2193.9999999619426,-808931.910620477,206518.19407760145,299.3267080522516,727.9316359867958,1.0321374171954327,365,30:48
1100000,2203.999999961706,-809718.7658181284,205528.98048266195,297.8929455198206,727.5415442034349,1.0326908265903394,365,30:46
1105000,2213.9999999614697,-810816.7429624517,206580.4915278558,299.4170017466545,725.9198991546813,1.0349977725326998,365,30:45
1110000,2223.9999999612332,-810136.1912088273,207158.57793644254,300.25487805302487,726.0765449234052,1.0347744792410496,365,30:42
1115000,2233.999999960997,-810248.2538479655,207060.7837873519,300.11313557437876,727.6193546666673,1.0325803922662968,365,30:40
1120000,2243.9999999607603,-809601.6286574067,206031.25508914527,298.62094048011164,727.6068932872973,1.0325980767826435,365,30:37
1125000,2253.999999960524,-809112.1133484221,208012.23077904357,301.49215933149276,728.9044971039525,1.0307598343094144,365,30:35
1130000,2263.9999999602874,-809615.0147312102,208511.44207411134,302.2157143395275,725.8613502902006,1.0350812567191738,365,30:32
1135000,2273.999999960051,-809679.714858972,206775.14783551075,299.6991358803186,725.5658661467611,1.0355027899152656,365,30:30
1140000,2283.9999999598144,-809392.1518431227,207326.9785451045,300.49895727350184,726.1586166059923,1.0346575272684815,365,30:27
1145000,2293.999999959578,-809858.8874799972,207126.9376339849,300.20901871545544,727.0350122956263,1.0334103116848985,365,30:25
1150000,2303.9999999593415,-809477.0466266796,206747.92501669104,299.6596792272251,727.5375196659073,1.0326965391520613,365,30:22
1155000,2313.999999959105,-809330.7264516046,207316.07855060365,300.48315886171395,728.352599678464,1.0315408759355493,365,30:21
1160000,2323.9999999588686,-809182.2032668963,205611.91638044265,298.0131525038732,726.4879677690436,1.0341884683506686,365,30:19
1165000,2333.999999958632,-809109.0824556537,206086.71529763617,298.70132430154496,728.9218949880532,1.0307352321671874,365,30:16
1170000,2343.9999999583956,-809833.5301273013,206360.2317844579,299.09775808774975,729.1308228451467,1.030439881461196,365,30:14
1175000,2353.999999958159,-810616.8308924064,206450.8645438327,299.2291208745808,724.7311598634166,1.0366954262099792,365,30:11
1180000,2363.9999999579227,-810071.6791851916,207504.07627495448,300.75564206931995,725.5967872778704,1.035458662215016,365,30:08
1185000,2373.999999957686,-808995.7682176474,206479.98410472384,299.27132665863,728.2076226491722,1.031746242821496,365,30:06
1190000,2383.9999999574497,-809341.8670203942,207499.2821092873,300.74869342330146,729.1142702758589,1.030463274814241,365,30:03
1195000,2393.9999999572133,-808675.4797468251,206205.49764660295,298.87348699960523,727.2453047889743,1.0331114875747052,365,30:01
1200000,2403.999999956977,-810492.0722742039,206535.74778266257,299.3521503275607,726.0186749577497,1.0348569597138535,365,29:58
1205000,2413.9999999567403,-808731.9470958468,208593.43693402794,302.334557386774,729.5880576276356,1.0297941020379417,365,29:57
1210000,2423.999999956504,-809268.3425849578,208208.54219119274,301.77669236750035,728.346601586517,1.0315493708979855,365,29:55
1215000,2433.9999999562674,-809580.2301840424,206768.36829254328,299.68930963577094,726.4973499141477,1.0341751126154055,365,29:52
1220000,2443.999999956031,-809656.1057187594,207186.10793936768,300.2947799376266,726.4006692852674,1.0343127566244041,365,29:50
1225000,2453.9999999557945,-811524.9793925346,206892.2264395507,299.868829176772,727.8315859492104,1.0322792980774624,365,29:47
1230000,2463.999999955558,-812016.0191339408,205422.53247448753,297.7386601697676,726.4115978734518,1.0342971957795555,365,29:45
1235000,2473.9999999553215,-809951.0770651344,207419.6211228692,300.6332330836872,727.5758264060727,1.0326421678596693,365,29:42
1240000,2483.999999955085,-810993.9757784437,208514.10319946613,302.2195713647921,726.0315966314099,1.0348385416670627,365,29:39
1245000,2493.9999999548486,-810909.9509977605,207656.13435707538,300.9760344921632,727.2981345027238,1.033036444093125,365,29:37
1250000,2503.999999954612,-809713.6083512106,207736.22917851928,301.0921236306622,726.051490038957,1.0348101876658142,365,29:34
1255000,2513.9999999543757,-809631.5870882035,206491.35172004945,299.2878028383149,728.1188026855393,1.0318721009416651,365,29:33
1260000,2523.999999954139,-810451.0533704553,206903.91698726115,299.88577341346326,727.5779227387068,1.0326391925612053,365,29:31
1265000,2533.9999999539027,-808952.186020738,206610.4966951405,299.460491125341,726.1438026012858,1.0346786352383128,365,29:28
1270000,2543.9999999536662,-809859.7484407816,208380.26412982948,302.02558551138077,726.8656915120972,1.0336510409499124,365,29:26
1275000,2553.99999995343,-810186.5985031016,205901.70080022194,298.43316497204717,727.2759272748632,1.0330679876584241,365,29:23
1280000,2563.9999999531933,-808729.3290214436,207168.946031211,300.26990553130435,726.6613374568898,1.0339417276439737,365,29:21
1285000,2573.999999952957,-810653.1407279973,207211.32029983556,300.33132263980735,729.5318139595273,1.0298734945970964,365,29:18
1290000,2583.9999999527204,-810063.9877958796,207764.58036611596,301.1332157372952,729.9023602631122,1.0293506632742255,365,29:16
1295000,2593.999999952484,-809693.0547010191,206625.65189490735,299.48245701593163,727.2349978220657,1.0331261296724414,365,29:13
1300000,2603.9999999522474,-808942.8246990731,207037.03951757337,300.07872071742315,727.7675202159899,1.0323701701324561,365,29:11
1305000,2613.999999952011,-809262.0998871913,207283.733418988,300.43627794736517,725.6588734315766,1.035370070112015,365,29:10
1310000,2623.9999999517745,-809569.0362420892,206634.63670311833,299.4954795637816,728.5279558907575,1.0312925847075087,365,29:08
1315000,2633.999999951538,-809175.9854496652,207132.8949475892,300.21765322379974,726.0277414143085,1.0348440366736793,365,29:06
1320000,2643.9999999513016,-807675.6125702481,206947.85182105564,299.9494523993621,728.5723858667893,1.0312296941756836,365,29:03
1325000,2653.999999951065,-808966.8995422516,207724.0822565158,301.07451792675556,730.1621536841631,1.0289844178739076,365,29:01
1330000,2663.9999999508286,-810482.0653120982,206667.98264932702,299.5438110551067,727.9186466137426,1.0321558352123588,365,28:58
1335000,2673.999999950592,-810168.9689444317,207637.01201174295,300.94831863543607,728.2178799440821,1.0317317101853494,365,28:56
1340000,2683.9999999503557,-808866.6237599766,206774.3671872724,299.69800441164404,729.3301200521773,1.0301583028114982,365,28:53
1345000,2693.999999950119,-809838.9605945521,207498.57324723544,300.74766600126054,727.3906344313103,1.032905076169505,365,28:51
1350000,2703.9999999498827,-809382.6064611427,207648.8133282544,300.9654234200185,727.8475081084094,1.0322567162658347,365,28:48
1355000,2713.9999999496463,-811645.2399464548,207847.0027044809,301.2526783702266,726.8249604765657,1.0337089664196824,365,28:47
1360000,2723.99999994941,-810101.4464661973,205997.32042589772,298.57175570448385,726.3259257251384,1.0344191939894753,365,28:44
1365000,2733.9999999491733,-808862.437455141,206689.55558493137,299.57507878832655,727.843808157589,1.0322619636816144,365,28:42
1370000,2743.999999948937,-809186.306026868,207085.54978890484,300.14903132559607,729.446776649266,1.0299935549972425,365,28:39
1375000,2753.9999999487004,-811073.4772417494,205537.48337569652,297.90526958159313,727.8696870037996,1.0322252624024102,365,28:37
1380000,2763.999999948464,-810050.8033687971,207663.464075095,300.98665815840025,727.6280216091224,1.0325680929669652,365,28:34
1385000,2773.9999999482275,-809492.0168899274,206251.17623108788,298.9396933713171,727.5674665869259,1.0326540330160472,365,28:32
1390000,2783.999999947991,-810172.2140284334,206185.76122161484,298.84488109809234,727.3488248298631,1.0329644498126502,365,28:29
1395000,2793.9999999477545,-810410.3237568294,208619.79877044543,302.37276613515235,726.8638936247531,1.033653597670835,365,28:27
1400000,2803.999999947518,-811441.0517768199,206974.11740866816,299.98752164507783,726.6763454258902,1.0339203737558302,365,28:24
1405000,2813.9999999472816,-808642.5711724027,207230.47147309035,300.35908027961864,727.7038596736448,1.032460483305951,365,28:23
1410000,2823.999999947045,-809289.5884964257,207361.77639993498,300.54939315582305,727.488724560313,1.0327658055681217,365,28:20
1415000,2833.9999999468087,-809650.264465021,206805.30056267692,299.7428391317525,728.1632899389884,1.031809058549504,365,28:18
1420000,2843.999999946572,-808813.9287575805,208168.70274984505,301.71894922829404,726.3294835053791,1.0344141270931804,365,28:16
1425000,2853.9999999463357,-810381.7583033442,207678.32236203775,301.0081937046399,727.0694319860228,1.0333613897230942,365,28:13
1430000,2863.9999999460993,-810747.9656085987,207867.34692053305,301.2821652018638,727.5660964490365,1.0326559776894235,365,28:11
1435000,2873.999999945863,-810823.1614250089,207193.43755021883,300.30540344853415,725.1855166564605,1.0360458964022303,365,28:08
1440000,2883.9999999456263,-809580.353086771,205950.57483701844,298.5040028205421,726.8427329923471,1.0336836905132376,365,28:06
1445000,2893.99999994539,-808503.6399908294,207215.9014372838,300.33796252351175,729.4302237599319,1.0300169285411067,365,28:03
1450000,2903.9999999451534,-810405.2441325635,208009.51466357615,301.48822260376187,726.2653539360389,1.0345054663428503,365,28:01
1455000,2913.999999944917,-809631.0621139025,207054.3770374311,300.1038496546966,727.7673607622052,1.032370396324698,365,27:59
1460000,2923.9999999446804,-808660.7880185465,207327.37315597147,300.4995292210356,728.8751240772261,1.0308013730245682,365,27:57
1465000,2933.999999944444,-808575.7610575333,206868.80464959663,299.8348817208834,728.7966835067082,1.0309123184358475,365,27:54
1470000,2943.9999999442075,-809636.5333484635,206479.87267960722,299.2711651594774,728.6484730225322,1.0311220107902752,365,27:52
1475000,2953.999999943971,-810238.6839209073,207095.39135881496,300.1632956606897,724.4905919400162,1.0370396621029727,365,27:49
1480000,2963.9999999437346,-811139.2617742699,206167.11368732652,298.8178534307396,727.4612023454359,1.0328048784455852,365,27:47
1485000,2973.999999943498,-809420.9789116024,206586.32164093733,299.4254518910307,726.7599709493937,1.0338014044455044,365,27:44
1490000,2983.9999999432616,-810243.7993328599,208064.04357751427,301.5672566103086,728.2076734327036,1.0317461708698816,365,27:42
1495000,2993.999999943025,-810581.2572103743,207304.1729630947,300.4659029471327,726.0433298088906,1.034821818224019,365,27:39
1500000,3003.9999999427887,-811284.4924139637,206478.09742247418,299.26859210834283,727.1885143595565,1.033192169328965,365,27:37
1505000,3013.999999942552,-810137.2393073249,206381.28071798052,299.128266334287,727.5636424971384,1.0326594606673358,365,27:36
1510000,3023.9999999423158,-810572.8445866411,208368.37973253056,302.0083603098117,727.7923174141803,1.0323349954169472,365,27:34
1515000,3033.9999999420793,-811005.7950233337,207681.3285056167,301.0125507980448,726.9414294104953,1.033543347875407,365,27:31
1520000,3043.999999941843,-811739.8859919198,207065.57673269563,300.12008245166487,727.0969664084524,1.0333222573785217,365,27:29
1525000,3053.9999999416063,-810662.2360552019,206968.47732291062,299.9793469256035,726.8998553890523,1.0336024599428923,365,27:26
1530000,3063.99999994137,-809458.3454193496,206930.46172467445,299.92424725786964,729.729759596482,1.0295941323233369,365,27:24
1535000,3073.9999999411334,-809534.6486790981,208609.9248274396,302.3584548786133,727.738467629874,1.0324113841462885,365,27:21
1540000,3083.999999940897,-809595.0000822591,206549.84413506486,299.37258152869026,729.5478028443929,1.0298509237269398,365,27:19
1545000,3093.9999999406605,-810000.603060462,208040.50760168303,301.53314365383125,727.6075742570441,1.032597110371523,365,27:16
1550000,3103.999999940424,-811032.0770619842,207238.2490654903,300.37035309332913,725.6834146203247,1.0353350559284153,365,27:14
1555000,3113.9999999401875,-812145.2262836737,206716.8919172127,299.61469996741226,726.0610128846391,1.0347966153384858,365,27:12
1560000,3123.999999939951,-810409.9457986136,206663.77727527585,299.53771580148276,726.3594751924718,1.0343714157004285,365,27:10
1565000,3133.9999999397146,-810332.0235511679,206840.8950247455,299.79442961366357,728.3813342178813,1.0315001817955873,365,27:07
1570000,3143.999999939478,-810666.69816211,206422.6194212102,299.18818249812983,728.2399403325916,1.0317004561973384,365,27:05
1575000,3153.9999999392417,-809496.3968467917,207440.89559615453,300.6640682267238,728.1631372819921,1.0318092748648646,365,27:02
1580000,3163.999999939005,-809017.1147080287,206851.36028581325,299.8095979244186,730.5096739674855,1.0284949062778574,365,27:00
1585000,3173.9999999387687,-810173.6235028468,207188.8868230622,300.2988076413941,727.1562937692271,1.0332379504930758,365,26:57
1590000,3183.9999999385323,-810575.9869957701,207329.44065952985,300.5025258530601,726.9944171621921,1.0334680169829102,365,26:55
1595000,3193.999999938296,-810864.2526771561,206871.9123482359,299.83938600781784,729.6974083535029,1.0296397795321162,365,26:52
1600000,3203.9999999380593,-810815.336796328,206962.04486397488,299.97002374337,728.1341660683637,1.0318503287919003,365,26:50
1605000,3213.999999937823,-810394.2145375586,208383.94853993546,302.0309256817859,728.9267575660849,1.030728356263066,365,26:48
1610000,3223.9999999375864,-809977.602232038,207041.57305845985,300.08529161484665,728.6170967249632,1.0311664137986403,365,26:46
1615000,3233.99999993735,-810241.5988592515,206572.30817424593,299.40514082414444,727.4295141987334,1.0328498692960586,365,26:43
1620000,3243.9999999371134,-808997.0826189863,207711.95598205435,301.05694214932004,728.4288793904959,1.0314328549012495,365,26:41
1625000,3253.999999936877,-809167.5073916558,206577.42774573213,299.4125611121556,726.3347231330127,1.0344066650447992,365,26:38
1630000,3263.9999999366405,-809694.6057445905,206983.4949104089,300.0011133614801,725.3251828356514,1.0358463988868523,365,26:36
1635000,3273.999999936404,-810179.8471472957,207567.93955120692,300.84820526614357,724.9489611170007,1.0363839648857702,365,26:33
1640000,3283.9999999361676,-810414.51680652,206746.8087986902,299.65806138497567,727.3246774086317,1.0329987445759952,365,26:31
1645000,3293.999999935931,-810116.0707163624,206837.5384624189,299.7895646246195,727.3066553436511,1.0330243414413103,365,26:28
1650000,3303.9999999356946,-810760.0557678351,207655.8937364249,300.9756857374808,727.2313710321607,1.033131281996127,365,26:26
1655000,3313.999999935458,-808359.3741713711,205490.81274785145,297.8376253458976,729.3764480756888,1.0300928699363359,365,26:24
1660000,3323.9999999352217,-811524.2253348986,208398.56664548186,302.0521131099963,726.8470100480471,1.0336776079089767,365,26:22
1665000,3333.999999934985,-810255.343708009,208605.99654385058,302.3527612388822,727.5820012966526,1.0326334039644884,365,26:19
1670000,3343.9999999347488,-810335.8462163103,206288.33992970776,298.99355829889225,726.9646135636299,1.0335103863986017,365,26:17
1675000,3353.9999999345123,-810187.840797733,207144.66181034996,300.2347080712431,726.471256626636,1.03421225796466,365,26:14
1680000,3363.999999934276,-812001.6728374618,207572.00545701635,300.8540983750129,726.1623374572575,1.0346522256897974,365,26:12
1685000,3373.9999999340394,-809811.2620569342,207755.3197256824,301.1197933992401,727.1716727503343,1.0332160985047278,365,26:09
1690000,3383.999999933803,-811472.0995560745,208359.37556426122,301.9953097015645,726.2467030665525,1.0345320336599264,365,26:07
1695000,3393.9999999335664,-809813.6074519125,206562.36112714995,299.39072361080696,726.6507869581808,1.0339567398080811,365,26:05
1700000,3403.99999993333,-810992.8821949363,206253.01117162243,298.9423529273535,726.4763556671236,1.0342049989669857,365,26:02
1705000,3413.9999999330935,-810769.6301158313,207198.73831655213,300.31308635968776,727.0032622034199,1.033455443356775,365,26:01
1710000,3423.999999932857,-808500.9731162977,206864.1396609365,299.82812030354205,726.7104375445355,1.0338718695177862,365,25:58
1715000,3433.9999999326205,-810338.7913671699,207675.59626304306,301.0042425068214,728.0882629959066,1.0319153828558298,365,25:56
1720000,3443.999999932384,-809615.9006185653,207838.31260240087,301.2400829683547,727.0381476150249,1.0334058551492855,365,25:53
1725000,3453.9999999321476,-810845.0938198967,207543.41282764304,300.8126563235602,728.2139750680096,1.03173724260385,365,25:51
1730000,3463.999999931911,-809116.3795524975,206671.69258713792,299.5491882252731,725.6603313188873,1.0353679900026003,365,25:48
1735000,3473.9999999316747,-807905.46109551,207853.193122631,301.26165073943895,727.6048572169534,1.0326009663212445,365,25:46
1740000,3483.999999931438,-809759.6851875451,208627.30411751004,302.38364435747883,727.125844969745,1.0332812179073612,365,25:43
1745000,3493.9999999312017,-809243.2208011867,207051.1658335615,300.09919534766345,728.3424937629252,1.0315551887966776,365,25:41
1750000,3503.9999999309653,-809445.0881875488,208318.34598545748,301.9358415815234,729.0302804510108,1.0305819920092396,365,25:38
1755000,3513.999999930729,-809532.2982269404,208745.15477908158,302.55445667126816,726.09144291588,1.0347532476695234,365,25:37
1760000,3523.9999999304923,-810606.4094756381,206012.04253111675,298.59309386943585,727.4570234414605,1.0328108114316907,365,25:34
1765000,3533.999999930256,-809184.264897848,206823.41222975162,299.7690901151442,729.1880524078309,1.0303590084633545,365,25:32
1770000,3543.9999999300194,-809317.8882524092,206635.98085266317,299.4974277691694,728.5063561259434,1.0313231618975318,365,25:30
1775000,3553.999999929783,-808511.4052253286,206793.8415560052,299.72623048978795,730.6266860779308,1.0283301896560053,365,25:27
1780000,3563.9999999295464,-809295.1747259782,207402.63054055834,300.6086069964133,728.4959136103059,1.0313379452450346,365,25:25
1785000,3573.99999992931,-809280.0957055176,206113.01415789768,298.7394417725153,728.2373507667613,1.0317041248587242,365,25:22
1790000,3583.9999999290735,-809177.662454959,206932.55369588724,299.9272793532221,727.266340442575,1.0330816055711323,365,25:20
1795000,3593.999999928837,-808426.3708806685,207822.11777739553,301.2166102487816,728.37536060099,1.031508641426765,365,25:17
1800000,3603.9999999286006,-810012.2925480013,206178.17301588767,298.83388278072624,728.7031338386487,1.0310446652046614,365,25:15
1805000,3613.999999928364,-808790.9495509085,207686.29872543886,301.01975461630553,728.5955990880486,1.031196838963423,365,25:13
1810000,3623.9999999281276,-811171.3053774862,207408.92282172054,300.6177270054993,727.4239430118892,1.0328577796757747,365,25:11
1815000,3633.999999927891,-810420.9476244594,208266.08999594918,301.86010194325377,727.0109349906872,1.0334445363904758,365,25:08
1820000,3643.9999999276547,-809734.5862862351,207012.8034854635,300.04359310195997,726.523370996289,1.034138072711903,365,25:06
1825000,3653.9999999274182,-810115.1038197768,207755.9724407568,301.1207394420592,726.2223645307837,1.0345667048517473,365,25:03
1830000,3663.9999999271818,-809746.6305987402,207183.67391627724,300.29125207354554,727.8366053404623,1.0322721791531873,365,25:01
1835000,3673.9999999269453,-809412.9246101552,207721.66144957487,301.0710092181127,726.4855439981072,1.0341919187096924,365,24:58
1840000,3683.999999926709,-809882.8355205655,206899.47647275007,299.8793373481248,727.4434056975266,1.0328301456548785,365,24:56
1845000,3693.9999999264724,-810821.3522348097,208019.18784667383,301.50224287963124,726.7044211620789,1.033880428938091,365,24:53
1850000,3703.999999926236,-810842.2042946415,207423.03942101868,300.638187552405,728.4981249364664,1.0313348146610282,365,24:51
1855000,3713.9999999259994,-810169.1567727411,208025.45996433013,301.5113336638063,726.6895668518346,1.0339015625573797,365,24:49
1860000,3723.999999925763,-810830.5162058063,207082.18632898247,300.14415633920214,725.6775212660106,1.035343464065831,365,24:47
1865000,3733.9999999255265,-810787.4508583415,206662.18792115204,299.5354121974834,727.1115664373083,1.0333015087953998,365,24:44
1870000,3743.99999992529,-810870.9287427878,207216.9173545016,300.3394349901766,726.1901431109075,1.0346126090939118,365,24:42
1875000,3753.9999999250535,-811265.0006461879,206344.71945926617,299.0752745808868,727.119959390964,1.033289581668983,365,24:39
1880000,3763.999999924817,-810885.5460979654,206729.55923344014,299.6330599287859,726.0919247581946,1.034752560996276,365,24:37
1885000,3773.9999999245806,-809965.9945702516,208007.24691905343,301.48493574322293,726.8154305351002,1.0337225203228173,365,24:34
1890000,3783.999999924344,-810979.0272522056,207341.49896483257,300.52000311624784,728.3865197623934,1.0314928383179673,365,24:32
1895000,3793.9999999241077,-811320.6248617354,207751.29898130434,301.1139657471827,727.6262055600549,1.0325706701065844,365,24:29
1900000,3803.999999923871,-808880.7656269991,206681.44164728108,299.56331847705206,727.8371704552465,1.032271377665858,365,24:27
1905000,3813.9999999236347,-809593.8208224489,207847.47089688515,301.25335696656873,724.6038683839693,1.0368775429503063,365,24:25
1910000,3823.9999999233983,-812415.9632511493,205871.24682520307,298.38902509308775,727.3253263754602,1.0329978228675178,365,24:23
1915000,3833.999999923162,-811058.6837491645,207122.545287286,300.20265246436617,727.5131044385622,1.0327311962883081,365,24:20
1920000,3843.9999999229253,-808706.2507841946,206565.09701263072,299.3946889931222,728.0937610475962,1.031907590557066,365,24:18
1925000,3853.999999922689,-809308.3869423787,206371.30544011042,299.11380820336973,728.239092135435,1.0317016578430653,365,24:15
1930000,3863.9999999224524,-810392.2806079146,207460.03214963074,300.69180467668207,726.6493952214599,1.0339587201242724,365,24:13
1935000,3873.999999922216,-808798.2686332539,206434.1239473242,299.20485711580596,728.3599200822955,1.0315305084021742,365,24:10
1940000,3883.9999999219795,-810806.818224784,206779.87174319173,299.70598269467126,727.7731973592478,1.0323621169183888,365,24:08
1945000,3893.999999921743,-810416.8945789374,207610.16932868198,300.909412949708,725.5773324139283,1.0354864259095131,365,24:06
1950000,3903.9999999215065,-809831.7724644998,206621.91907413988,299.4770466792924,729.4563771322993,1.029979999100058,365,24:03
1955000,3913.99999992127,-810894.61155893,207198.3648665017,300.31254508256336,725.7921640987189,1.035179925916182,365,24:02
1960000,3923.9999999210336,-810151.472723688,207556.60849613548,300.8317820767561,726.77110532931,1.033785566257235,365,23:59
1965000,3933.999999920797,-810530.7098964462,206978.68549485787,299.9941426123363,728.2315650494357,1.0317123216311748,365,23:57
1970000,3943.9999999205606,-809265.884631238,208001.40531935584,301.47646895018784,726.8819448339868,1.0336279281690688,365,23:54
1975000,3953.999999920324,-809429.348368186,207432.30657687376,300.651619333888,728.7249778773673,1.0310137589227704,365,23:52
1980000,3963.9999999200877,-809324.2599985539,207251.91001535233,300.39015322362434,726.8517998977388,1.0336707961209721,365,23:49
1985000,3973.9999999198512,-810437.7636961401,208106.50186265973,301.6287954920469,725.7533896670299,1.0352352319111586,365,23:47
1990000,3983.9999999196148,-810736.2061285069,207818.91073168934,301.2119619685751,727.9071605204363,1.0321721222320128,365,23:44
1995000,3993.9999999193783,-810185.575258093,207356.30711838824,300.54146599934126,728.1240029434218,1.0318647313164295,365,23:42
2000000,4003.999999919142,-809631.3657565978,207428.91508361412,300.64670371607855,728.032924298825,1.031993820040303,365,23:40
2005000,4013.9999999189054,-809369.4462712216,208369.04036731887,302.0093178314348,725.9105656353757,1.0350110801936547,365,23:38
2010000,4023.999999918669,-809492.9250688483,207765.38417763103,301.1343807787376,726.3793297671766,1.0343431425878769,365,23:35
2015000,4033.9999999184324,-809902.2776668314,206173.43603843072,298.82701702308856,727.745366896943,1.0324015965444868,365,23:33
2020000,4043.999999918196,-810610.125661687,207671.3515399514,300.99809022084344,727.2081687766035,1.0331642450142258,365,23:31
2025000,4053.9999999179595,-809441.7378200148,207291.2299640214,300.4471434120601,727.6113598789419,1.0325917379674512,365,23:28
2030000,4063.999999917723,-809957.8943638303,206912.70949119545,299.8985172362046,727.8141098378845,1.0323040849395042,365,23:26
2035000,4073.9999999174865,-809814.7631004094,207745.1639719702,301.1050736873037,727.8870901555434,1.0322005827877851,365,23:23
2040000,4083.99999991725,-809856.8545037406,206554.10342872504,299.3787549331965,726.5490174345648,1.034101568694123,365,23:21
2045000,4093.9999999170136,-810795.7271675267,205668.2561591679,298.09481117115695,726.9609510395163,1.0335155933587643,365,23:18
2050000,4103.999999918596,-809823.5192011078,207629.18407954843,300.9369728594133,726.8927146847768,1.033612613641445,365,23:16
2055000,4113.999999920633,-809509.9932926465,207187.83604990534,300.2972846546599,728.9482970096976,1.0306978996238219,365,23:14
2060000,4123.99999992267,-808468.6159077073,208429.96969826723,302.0976285787666,726.7150333548224,1.0338653312204409,365,23:12
2065000,4133.9999999247075,-811355.1490653693,207000.6792512866,300.0260202817054,725.9522616241812,1.0349516330196538,365,23:09
2070000,4143.999999926745,-810603.976094332,208235.12180956843,301.8152167682448,728.7811108980871,1.0309343469898504,365,23:07
2075000,4153.999999928782,-810764.1246226495,207030.75361800363,300.06960995779366,727.5134114861958,1.0327307604232576,365,23:04
2080000,4163.999999930819,-808477.2645749133,206576.14417526324,299.4107007098568,727.9037201868604,1.032177000646987,365,23:02
2085000,4173.999999932857,-808426.3742022989,207762.9215564601,301.1308114647041,726.1222056945464,1.0347094094768847,365,22:59
2090000,4183.999999934894,-809396.3993218113,206784.0194116563,299.71199431003106,728.2187852929179,1.0317304274978911,365,22:57
2095000,4193.999999936931,-810847.3323396961,206247.56897785972,298.9344650318058,727.6207365971359,1.03257843114255,365,22:55
2100000,4203.999999938968,-809039.3458877285,207564.22815782492,300.8428259862778,729.2250631579413,1.030306714100869,365,22:52
2105000,4213.999999941006,-810513.9054076369,207531.15633359272,300.7948918063334,727.5430728225543,1.0326886568343472,365,22:50
2110000,4223.999999943043,-809799.7734782868,206647.87520615198,299.51466740120344,730.0731247789265,1.0291098975732962,365,22:48
2115000,4233.99999994508,-810884.6617708416,207422.1937771631,300.6369618793228,725.9692618375358,1.034927397284757,365,22:45
2120000,4243.999999947117,-810922.381101823,207289.50876933444,300.44464871883525,726.3349799006811,1.0344062993702898,365,22:43
2125000,4253.999999949155,-809541.0716803712,207507.0161493449,300.7599031124077,727.4848468360817,1.0327713105363792,365,22:41
2130000,4263.999999951192,-808792.332109197,206374.35970051045,299.11823503711753,726.6232858001227,1.033995872888843,365,22:38
2135000,4273.999999953229,-811790.1887983312,207190.07960612868,300.300536456767,727.299951951492,1.0330338626398914,365,22:36
2140000,4283.9999999552665,-807379.5508880755,207546.12426272486,300.81658626755745,727.3796055325525,1.032920737600517,365,22:33
2145000,4293.999999957304,-809005.8718108833,207636.94095321433,300.94821564346705,728.2129522395793,1.0317386917543785,365,22:31
2150000,4303.999999959341,-809351.9408214297,207068.4189122106,300.12420189616086,727.5839580879763,1.0326306267618537,365,22:28
2155000,4313.999999961378,-809535.1767694158,205826.63129769856,298.32435951223863,728.1775469305112,1.0317888567552262,365,22:27
2160000,4323.999999963416,-809796.2004985786,207887.73303131585,301.31171275556903,727.9288180971049,1.0321414127088884,365,22:24
2165000,4333.999999965453,-810877.944592562,207689.20223860172,301.02396295756427,727.850208012621,1.0322528871891579,365,22:22
2170000,4343.99999996749,-810307.7757170647,207196.8258837961,300.31031448671166,728.8105643169434,1.0308926838435928,365,22:20
2175000,4353.999999969527,-809098.9263588563,207392.60039279237,300.59406933727155,726.3364357687581,1.0344042260072643,365,22:17
2180000,4363.999999971565,-810576.018620071,208607.4448580767,302.35486042017453,725.5368989498827,1.0355441325585233,365,22:15
2185000,4373.999999973602,-810221.9376150076,208581.0245897136,302.31656698074994,727.1083421606643,1.0333060908497207,365,22:12
2190000,4383.999999975639,-810577.1459838604,206963.56362912167,299.97222503596663,727.3481698264967,1.032965380034544,365,22:10
2195000,4393.999999977676,-810273.3355004792,207243.9986140095,300.3786864677261,725.3554926865614,1.0358031148003146,365,22:07
2200000,4403.999999979714,-810780.2296634559,207303.29002970184,300.4646232267328,727.3706914002114,1.032933396334587,365,22:05
2205000,4413.999999981751,-810329.2480135327,207790.4466548239,301.1707062406528,726.9666292285268,1.0335075207779214,365,22:03
2210000,4423.999999983788,-810707.826251687,206522.10318127388,299.3323738926824,727.0196328562496,1.0334321725405364,365,22:01
2215000,4433.9999999858255,-810323.9003685238,206401.54177947517,299.1576326420156,729.8961654990474,1.029359399564126,365,21:58
2220000,4443.999999987863,-808397.1731345374,207107.09525390234,300.1802592430198,727.8353185925555,1.0322740041183018,365,21:56
2225000,4453.9999999899,-812218.1896499018,207175.36767002073,300.2792130308871,727.2315594843496,1.0331310142741765,365,21:53
2230000,4463.999999991937,-809765.9848564579,206986.8170243189,300.0059284211164,728.8437151679395,1.0308457945461427,365,21:51
2235000,4473.999999993975,-809817.5262194034,206570.12438898976,299.4019756538565,727.1405479289731,1.0332603247091188,365,21:49
2240000,4483.999999996012,-810502.8463307153,207522.1806329032,300.78188245889135,727.2876591684915,1.0330513232154224,365,21:46
2245000,4493.999999998049,-808719.6670569726,207807.2713305213,301.19509186349364,729.0601100118981,1.0305398256530531,365,21:44
2250000,4504.000000000086,-811284.3546286826,206990.55439286324,300.01134534928656,726.7551334311829,1.0338082857634205,365,21:41
2255000,4514.000000002124,-811625.7001922117,207308.27556151396,300.4718492381352,728.544238554489,1.0312695357429065,365,21:39
2260000,4524.000000004161,-810165.0666725943,207318.97859596764,300.48736217675787,726.720420657426,1.0338576670001545,365,21:37
2265000,4534.000000006198,-811447.0782902623,208231.02587176862,301.8092801311196,727.654397594581,1.0325306644829277,365,21:35
2270000,4544.0000000082355,-810888.5782239898,207429.2318237936,300.6471627981253,728.1634643407622,1.0318088114218482,365,21:32
2275000,4554.000000010273,-810666.5014613713,206025.73369332496,298.6129377893941,728.3879702018555,1.0314907843055743,365,21:30
2280000,4564.00000001231,-808995.9009165755,206654.5853781785,299.52439309976535,727.4979216758105,1.0327527492196258,365,21:27
2285000,4574.000000014347,-811548.8527758229,206406.6988439491,299.1651072722247,725.5721477638562,1.0354938250837913,365,21:25
2290000,4584.000000016385,-810233.324309017,209144.2140531903,303.1328517098758,725.8963114771875,1.0350314043245679,365,21:22
2295000,4594.000000018422,-809655.6630892558,207271.85165567067,300.4190565634792,727.8626120571229,1.0322352958051002,365,21:20
2300000,4604.000000020459,-810030.5048674783,207038.76206465333,300.0812173708014,729.3615042538314,1.0301139754159303,365,21:18
2305000,4614.000000022496,-811719.6220680368,206915.92916766135,299.90318382338756,725.9401718479091,1.0349688690594552,365,21:16
2310000,4624.000000024534,-811074.1735513294,206557.08212347096,299.3830722423642,726.8954258843688,1.0336087584375233,365,21:13
2315000,4634.000000026571,-810288.5862043863,205828.37853182992,298.326891946938,726.4934357524523,1.034180684487652,365,21:11
2320000,4644.000000028608,-810074.5913055013,207192.0242607153,300.3033550319454,726.6950131617848,1.0338938138481335,365,21:08
2325000,4654.000000030645,-808873.4801734467,207466.03998902312,300.70051241691704,727.3515084758582,1.0329606385729997,365,21:06
2330000,4664.000000032683,-810406.0642556627,206789.6989493393,299.7202262109805,726.0930349804969,1.0347509788224838,365,21:04
2335000,4674.00000003472,-812335.0313651082,207064.05838567473,300.1178817650984,724.8284650527647,1.03655625418569,365,21:01
2340000,4684.000000036757,-810309.7868572632,207460.94825718767,300.6931324795929,726.4633183191567,1.0342235591476592,365,20:59
2345000,4694.0000000387945,-811161.6415397064,208066.73528082803,301.57115795515415,726.7299834888867,1.033844062763576,365,20:56
2350000,4704.000000040832,-811689.4999301527,206794.95477756046,299.7278439890003,726.7883885049007,1.0337609826263634,365,20:54
2355000,4714.000000042869,-808889.548085534,207509.56722835405,300.7636006369052,728.5534128250873,1.0312565495354244,365,20:52
2360000,4724.000000044906,-809993.5946050123,207051.0514601138,300.09902957521064,729.9109634210143,1.02933853074473,365,20:50
2365000,4734.000000046944,-811255.3491407516,207170.55276190426,300.27223432083923,726.8539935017789,1.0336676765612605,365,20:47
2370000,4744.000000048981,-809287.3209602484,207512.2798505073,300.7675323014394,727.4524278091686,1.0328173361452457,365,20:45
2375000,4754.000000051018,-809515.1054512067,207249.41952077017,300.38654350997155,729.0156176012539,1.0306027203291084,365,20:42
2380000,4764.000000053055,-810100.1794171021,206716.05437952233,299.61348604337593,726.9216495022376,1.03357147111622,365,20:40
2385000,4774.000000055093,-809450.3979703747,206220.68374495022,298.89549767448426,727.4152325116544,1.0328701477257278,365,20:37
2390000,4784.00000005713,-806779.4578604535,207126.04255816442,300.2077213958658,728.9828324655238,1.0306490704605036,365,20:35
2395000,4794.000000059167,-810171.8528996697,206930.8794299956,299.92485267842,727.3208705312213,1.03300415140501,365,20:33
2400000,4804.000000061204,-809292.6977390749,206733.78673751123,299.639187257579,728.4745461050043,1.0313681962937922,365,20:30
2405000,4814.000000063242,-808329.7973826774,207504.1755512574,300.75578596002686,732.2114560593716,1.0261045118110468,365,20:28
2410000,4824.000000065279,-808764.9946172428,206707.99310092413,299.6018020559371,727.9529380494658,1.0321072137924432,365,20:26
2415000,4834.000000067316,-809045.9589717486,207754.54934606893,301.1186768138725,727.6119780244034,1.0325908607253007,365,20:23
2420000,4844.0000000693535,-811901.9703200557,206592.34009007478,299.434175008991,728.8423885683786,1.0308476708359962,365,20:21
2425000,4854.000000071391,-811653.0669594575,208950.68393146398,302.85234986593883,727.185425734859,1.0331965576771611,365,20:19
2430000,4864.000000073428,-810020.2040155525,207332.8313594734,300.5074403210402,727.7179952408261,1.0324404282645485,365,20:16
2435000,4874.000000075465,-810830.1937410068,205980.46077296213,298.5473193857631,726.0184694699815,1.034857252613354,365,20:14
2440000,4884.000000077503,-809722.3075632704,208242.06828982756,301.82528497108666,724.9930224793236,1.036320978776985,365,20:11
2445000,4894.00000007954,-811058.488081038,207175.88352142007,300.2799607040008,725.7665679189023,1.0352164344200143,365,20:09
2450000,4904.000000081577,-810524.8625843436,207231.0371496065,300.3599001690728,727.0581151331664,1.0333774742678525,365,20:07
2455000,4914.000000083614,-810107.4938344769,207773.3075703069,301.1458649148296,728.1726221543532,1.0317958349483183,365,20:05
2460000,4924.000000085652,-810484.6479347334,208003.78719274126,301.479921228679,726.9242535190396,1.0335677686156313,365,20:03
2465000,4934.000000087689,-810789.1493716212,207557.57963093685,300.8331896359519,729.5704436736461,1.0298189642648716,365,20:00
2470000,4944.000000089726,-812547.6539786765,207448.01412773857,300.6743858001208,727.8135019247891,1.0323049471812324,365,19:58
2475000,4954.0000000917635,-811497.3487778069,207410.81333465184,300.62046710796244,727.365097646564,1.0329413400412235,365,19:56
2480000,4964.000000093801,-810042.6923499848,206549.36607507072,299.37188863029974,726.3781526310156,1.0343448187984177,365,19:53
2485000,4974.000000095838,-811694.2464917884,207291.72054044958,300.4478544517239,727.8919411047852,1.0321937038098057,365,19:51
2490000,4984.000000097875,-808856.7877939758,207036.51438360818,300.07795959019273,727.9611732574677,1.0320955378708445,365,19:48
2495000,4994.0000000999125,-810892.2236034162,206997.1577099178,300.0209161726467,726.712343341993,1.0338691581968646,365,19:46
2500000,5004.00000010195,-811795.8882383937,207887.44919464376,301.31130136374435,726.0724760241172,1.034780278101743,365,19:43
2505000,5014.000000103987,-809433.7756719734,208315.2918897521,301.93141498648333,727.8184741012954,1.0322978948699923,365,19:41
2510000,5024.000000106024,-809122.5165536515,208293.8748953124,301.9003732738118,726.8488419428867,1.033675002706125,365,19:39
2515000,5034.000000108062,-810408.7191917836,207262.29073727457,300.4051990036539,725.9228234606289,1.0349936031498892,365,19:37
2520000,5044.000000110099,-812509.514771835,207164.19284610072,300.26301628235376,726.5959534425667,1.034034768708143,365,19:34
2525000,5054.000000112136,-811791.5720852185,206507.4733078009,299.3111694080826,726.533117770815,1.034124199276024,365,19:32
2530000,5064.000000114173,-812415.2205361556,207693.84691394493,301.03069493285903,726.7773906587009,1.0337766258541803,365,19:29
2535000,5074.000000116211,-811504.6814576569,207537.73456551036,300.80442627138865,726.774007973856,1.0337814374468994,365,19:27
2540000,5084.000000118248,-810532.1670096018,207208.6573541999,300.32746297623436,726.366160004344,1.0343618962890064,365,19:25
2545000,5094.000000120285,-810348.5394752785,208250.36429264845,301.83730916694736,727.9147784209505,1.0321613201645543,365,19:22
2550000,5104.0000001223225,-811532.508165061,207233.94010201248,300.3641076975726,726.1440875943387,1.0346782291533112,365,19:20
2555000,5114.00000012436,-810109.7682405226,207230.03623593587,300.35844944849384,728.8848164959455,1.0307876658402535,365,19:18
2560000,5124.000000126397,-811439.1074469462,207091.9238970935,300.1582699344722,726.9024795277759,1.0335987286084751,365,19:16
2565000,5134.000000128434,-811139.3742275815,207366.33078426414,300.5559942636554,725.70838948313,1.035299425430885,365,19:13
2570000,5144.000000130472,-810323.9532719883,205953.42811764084,298.5081383549422,724.2464422541293,1.0373892570653818,365,19:11
2575000,5154.000000132509,-810333.8967131083,207842.04028590865,301.2454858590687,727.047093691659,1.033393139428317,365,19:08
2580000,5164.000000134546,-810192.2886586715,206906.4711677298,299.8894754332047,725.322789391622,1.0358498170069155,365,19:06
2585000,5174.000000136583,-809621.1384384315,207505.3319490681,300.7574620387444,728.5856101586038,1.0312109767014246,365,19:04
2590000,5184.000000138621,-811966.4244157337,208255.68473519397,301.8450205967303,724.88667235201,1.0364730202922097,365,19:01
2595000,5194.000000140658,-810488.7157487436,208438.52039474723,302.1100219266764,727.290849254838,1.0330467919843134,365,18:59
2600000,5204.000000142695,-810512.4803822641,206617.736750956,299.4709848355104,727.043797875131,1.0333978239799202,365,18:56
2605000,5214.000000144732,-810477.582171319,206678.31223048523,299.5587827119017,727.3252697251494,1.0329979033262207,365,18:54
2610000,5224.00000014677,-811002.7102687806,206647.65212853183,299.5143440733243,726.9717768559433,1.0335002025960904,365,18:52
2615000,5234.000000148807,-811177.1694637421,206819.2683122753,299.7630839364529,728.1961969103803,1.0317624314024307,365,18:49
2620000,5244.000000150844,-809970.6226399709,208236.62620713108,301.817397236518,727.9982927385722,1.0320429129523547,365,18:47
2625000,5254.0000001528815,-809416.4759225487,207852.91123524195,301.26124217289794,727.6371084499233,1.0325551981025225,365,18:45
2630000,5264.000000154919,-808686.4717889,206493.90213192263,299.2914993958681,728.1555375704265,1.0318200437905614,365,18:42
2635000,5274.000000156956,-811235.5490448042,207497.8297699092,300.7465884079688,726.2703137185332,1.0344984015874759,365,18:40
2640000,5284.000000158993,-810690.7543787621,207607.3588206959,300.905339409809,728.4222811969008,1.0314421978247608,365,18:37
2645000,5294.000000161031,-810401.1694793473,208018.2962832281,301.5009506508646,727.2971814925659,1.0330377977271687,365,18:35
2650000,5304.000000163068,-810233.4390050061,206227.92175792973,298.90598842377483,726.3322057268363,1.0344102502110728,365,18:33
2655000,5314.000000165105,-810809.4241623697,207577.9866358461,300.8627674735268,725.3993475404948,1.0357404941287394,365,18:31
2660000,5324.000000167142,-810530.6732286746,206619.777544462,299.4739427540836,726.2887425059977,1.0344721523148939,365,18:28
2665000,5334.00000016918,-808872.909053531,206738.38148332047,299.6458468651916,727.0786046144781,1.033348353113259,365,18:26
2670000,5344.000000171217,-811306.1243063412,206206.07442010572,298.8743229729908,727.890595461968,1.0321956120142148,365,18:23
2675000,5354.000000173254,-811643.3493384989,207079.92896732438,300.14088452754885,726.8113926534176,1.0337282632834697,365,18:21
2680000,5364.0000001752915,-810716.8390285061,207158.56834750832,300.254864154859,723.7405290933509,1.0381144187178004,365,18:19
2685000,5374.000000177329,-809185.4998633028,207237.73872110146,300.369613402056,727.2308673319048,1.0331319975714888,365,18:16
2690000,5384.000000179366,-810490.9510282706,205352.1109493171,297.6365914711746,725.9211710353859,1.0349959591213425,365,18:14
2695000,5394.000000181403,-809071.2921599471,207235.17311377494,300.3658948202689,725.9434022833561,1.0349642634660845,365,18:11
2700000,5404.0000001834405,-810925.356166691,207489.35203974188,300.7343008171631,727.312453197723,1.0330161065700962,365,18:09
2705000,5414.000000185478,-809950.2128570168,207929.03701375486,301.3715785952261,726.2186585225363,1.0345719844086623,365,18:07
2710000,5424.000000187515,-810530.0707944748,207405.6876188389,300.6130379143868,726.9964562129863,1.033465118352851,365,18:05
2715000,5434.000000189552,-810536.8170211716,207053.22726517596,300.10218317903485,728.7112625776898,1.0310331639510737,365,18:02
2720000,5444.00000019159,-811366.4517077282,205482.77476490673,297.8259751230929,726.7179378353675,1.0338611991609659,365,18:00
2725000,5454.000000193627,-812807.8080501882,206087.14634841162,298.70194906494754,725.4355140942018,1.0356888573347311,365,17:57
2730000,5464.000000195664,-810993.0517564537,207755.59546439338,301.1201930539098,727.6217939916905,1.0325769305789063,365,17:55
2735000,5474.000000197701,-810252.7199679748,207343.79065142712,300.5233246783373,725.5035410255807,1.0355917458378965,365,17:53
2740000,5484.000000199739,-810104.9915652908,207095.0931230234,300.16286339883453,727.5140907846381,1.0327297961362343,365,17:50
2745000,5494.000000201776,-811317.5872948458,207223.37650274351,300.3487968557919,725.8300420533967,1.0351259043187757,365,17:48
2750000,5504.000000203813,-810325.639655123,206100.5467934831,298.72137162056106,727.4823387699474,1.032774871115943,365,17:45
2755000,5514.0000002058505,-810093.5839166795,206358.22065059477,299.0948431577535,728.7243992019935,1.031014577644187,365,17:43
2760000,5524.000000207888,-810826.9651682065,206174.4463418933,298.8284813531973,727.8373330766136,1.0322711470245112,365,17:41
2765000,5534.000000209925,-810223.7858185424,207784.44135616085,301.16200218294154,729.7088896379888,1.0296235791165878,365,17:38
2770000,5544.000000211962,-810612.9123998964,206474.71251577378,299.263686037068,728.1701313388673,1.0317993643612033,365,17:36
2775000,5554.000000214,-809290.9721773914,208033.78150313417,301.5233948714266,728.3331786716976,1.0315683819766277,365,17:34
2780000,5564.000000216037,-809479.063715633,206188.03938249737,298.8481830560647,727.4188934328695,1.0328649495431261,365,17:31
2785000,5574.000000218074,-810526.8236148534,206634.74071079385,299.4956303121225,726.7417285007654,1.0338273546122183,365,17:29
2790000,5584.000000220111,-810270.9984022933,207268.4857045711,300.4141779663823,726.805150593396,1.0337371413078755,365,17:26
2795000,5594.000000222149,-812470.9629969224,205839.61915855456,298.34318406981345,727.1393735054457,1.0332619935573195,365,17:24
2800000,5604.000000224186,-809448.9511091849,205940.3670550335,298.4892076990193,729.5329645032504,1.0298718703874412,365,17:22
2805000,5614.000000226223,-808296.3334592446,207446.8471426657,300.6726943762646,727.7961790038504,1.0323295179848455,365,17:20
2810000,5624.00000022826,-809860.9063872588,206774.76571025237,299.6985820293799,729.0375116674,1.0305717698172783,365,17:17
2815000,5634.000000230298,-810423.8095787964,207349.8348950838,300.5320851827786,727.5556282752997,1.0326708356903307,365,17:15
2820000,5644.000000232335,-808688.7595646558,207065.39535591044,300.1198195648221,727.5023758066721,1.0327464261943742,365,17:12
2825000,5654.000000234372,-810917.0048867883,205161.6602637245,297.36055295060095,727.3799280797266,1.0329202795652426,365,17:10
2830000,5664.0000002364095,-810193.2107082051,208179.8126008597,301.7350518053383,726.6692536561845,1.0339304640756668,365,17:08
2835000,5674.000000238447,-808609.3474545963,206583.59030982445,299.4214931097995,727.3115344141152,1.0330174115380784,365,17:05
2840000,5684.000000240484,-809770.5548920021,206505.61049664946,299.30846945647704,727.0901192359438,1.0333319884085082,365,17:03
2845000,5694.000000242521,-809497.291218806,207872.67311338676,301.28988496612226,727.6451654541305,1.0325437649178189,365,17:00
2850000,5704.000000244559,-810342.7123155245,206362.27921650733,299.10072562820335,726.4734490756188,1.0342091367802373,365,16:58
2855000,5714.000000246596,-811191.8778412649,206623.4483646439,299.47926322730297,727.3423827393846,1.032973598805758,365,16:56
2860000,5724.000000248633,-809165.4315857566,207543.1844874151,300.8123253680768,726.5442872922144,1.0341083011778962,365,16:54
2865000,5734.00000025067,-810997.0163068986,207415.68153397553,300.62752305808925,727.1243415517589,1.0332833543419144,365,16:51
2870000,5744.000000252708,-811380.785998981,207843.09709231366,301.2470175903705,725.0560448200262,1.036230901086759,365,16:49
2875000,5754.000000254745,-810866.6218895963,206879.63965764586,299.8505859415482,726.0800403687701,1.03476949769982,365,16:46
2880000,5764.000000256782,-810241.9781940286,206120.84169619856,298.7507869776301,726.9782485774905,1.0334910021481496,365,16:44
2885000,5774.0000002588195,-809186.7915987419,206616.21775327067,299.46878320587325,725.2353157808582,1.0359747551087028,365,16:42
2890000,5784.000000260857,-809500.5591522525,207599.55812265983,300.89403310687493,727.8259180459419,1.032287336894249,365,16:39
2895000,5794.000000262894,-809323.9278048007,207199.32355822847,300.3139346068128,727.9399356284549,1.0321256492317774,365,16:37
2900000,5804.000000264931,-810233.8457878027,206825.37934930215,299.7719412509583,729.3407607825187,1.0301432732981368,365,16:34
2905000,5814.0000002669685,-809537.43262464,206913.47317486562,299.8996241164967,728.5415185914495,1.0312733859215846,365,16:32
2910000,5824.000000269006,-811062.7078941278,207909.0668773834,301.3426339532969,726.8222839166256,1.0337127731054025,365,16:30
2915000,5834.000000271043,-810134.4955097861,206295.43820625285,299.0038465147106,727.0991089594934,1.0333192124763193,365,16:27
2920000,5844.00000027308,-811708.0802952102,206323.58034415566,299.04463562548904,726.045151173818,1.0348192222585164,365,16:25
2925000,5854.000000275118,-810114.8691251124,206638.03145353618,299.50039990250417,726.2369803103041,1.0345458838260113,365,16:23
2930000,5864.000000277155,-810219.2513106856,206358.03113429307,299.09456847352544,728.5950751314556,1.0311975805308602,365,16:20
2935000,5874.000000279192,-810101.259928131,207657.60927116097,300.9781722271936,725.8798560958825,1.0350548680372988,365,16:18
2940000,5884.000000281229,-810762.2100911555,207413.38814401207,300.62419902714316,726.7009163045172,1.0338854153135832,365,16:16
2945000,5894.000000283267,-810768.929155054,207392.60513923454,300.59407621674734,728.7882713155942,1.0309242179569922,365,16:13
2950000,5904.000000285304,-809370.3032034868,205624.26191243352,298.0310460723623,726.8159810988599,1.033721737277078,365,16:11
2955000,5914.000000287341,-810146.0991755864,207333.81044709406,300.50885940702284,726.9334941896375,1.033554630055685,365,16:09
2960000,5924.0000002893785,-809518.0735380887,207700.25956554967,301.03998940642015,727.8344140967606,1.0322752869478546,365,16:06
2965000,5934.000000291416,-809807.0416178927,207516.361082524,300.7734476240569,728.7904003522588,1.0309212062879893,365,16:04
2970000,5944.000000293453,-810752.5215351111,207958.1245858746,301.4137380148681,728.5725984804975,1.0312293932398953,365,16:01
2975000,5954.00000029549,-810266.543990084,207149.1492403827,300.24121213576547,726.3736556424698,1.034351222440354,365,15:59
2980000,5964.000000297528,-808980.7544035935,207505.66919002755,300.7579508345459,726.9106593091067,1.0335870977271893,365,15:57
2985000,5974.000000299565,-811341.6495139217,206306.52017789078,299.0199086834891,726.4804739176144,1.0341991362970344,365,15:54
2990000,5984.000000301602,-810112.7018695609,207019.45827925974,300.0532385355195,729.6945736073326,1.029643779517216,365,15:52
2995000,5994.000000303639,-811018.3642576118,207049.51792602125,300.0968068765585,728.0893346088294,1.0319138640671224,365,15:49
3000000,6004.000000305677,-810100.0307658855,207050.5804565446,300.0983469043763,727.839903822769,1.0322675010206737,365,15:47
3005000,6014.000000307714,-811904.9169312264,207423.7992614806,300.6392888623653,726.7819445501908,1.033770148386469,365,15:45
3010000,6024.000000309751,-810208.2480567964,207837.5259614953,301.23894281393035,725.8532557709199,1.0350927996655241,365,15:42
3015000,6034.000000311788,-811860.3634774564,206575.77366767317,299.41016369752367,727.1574975617252,1.0332362399914339,365,15:40
3020000,6044.000000313826,-810609.958955741,208004.92015973947,301.4815633468634,724.9274360003706,1.0364147380150655,365,15:38
3025000,6054.000000315863,-810997.0118736196,206939.83745720013,299.9378364099781,727.3115432898232,1.0330173989317049,365,15:35
3030000,6064.0000003179,-811251.3475761334,208091.3693654086,301.6068625063987,726.617540277027,1.0340040489193394,365,15:33
3035000,6074.0000003199375,-808449.1420777217,207344.3600331856,300.524149938156,725.498420814581,1.0355990545350573,365,15:30
3040000,6084.000000321975,-810121.1046472983,207508.6798445943,300.76231446616,728.002934007287,1.032036333324361,365,15:28
3045000,6094.000000324012,-808611.44849711,207607.52469964468,300.905579834145,728.4562994533048,1.0313940303984128,365,15:26
3050000,6104.000000326049,-811771.3804422617,208467.71224275205,302.1523324834013,725.2476506826769,1.0359571354075165,365,15:23
3055000,6114.000000328087,-810372.5513231261,206105.1784348788,298.7280847045004,726.227916722846,1.0345587953333792,365,15:21
3060000,6124.000000330124,-810578.413348658,206777.61777434673,299.7027158005487,726.0254942588087,1.0348472396679087,365,15:19
3065000,6134.000000332161,-809758.457983919,206960.74019792647,299.9681327652161,728.1574521511266,1.0318173307746663,365,15:17
3070000,6144.000000334198,-809488.670619234,206850.5230945946,299.8083845025571,725.103459697829,1.036163141429991,365,15:14
3075000,6154.000000336236,-809102.3268058109,206471.40658716188,299.2588944363431,728.864028382379,1.0308170651935291,365,15:12
3080000,6164.000000338273,-809652.1730061397,206642.04890074983,299.5062227756636,727.5772538052195,1.0326401419682032,365,15:09
3085000,6174.00000034031,-810771.1722349776,206837.98173254565,299.79020709870474,727.5172839965131,1.0327252632885329,365,15:07
3090000,6184.000000342347,-809723.7820140999,207628.87943870592,300.9365313141009,730.000101232412,1.0292128417432311,365,15:05
3095000,6194.000000344385,-810312.7255228972,206851.10318852158,299.8092252885532,729.2765635998649,1.030233955350977,365,15:02
3100000,6204.000000346422,-811392.4979955852,206540.4998119515,299.3590379012681,724.8927852869372,1.0364642798380965,365,15:00
3105000,6214.000000348459,-810568.9458078155,205490.53367653314,297.8372208609592,728.9526478643453,1.0306917477609265,365,14:58
3110000,6224.0000003504965,-810585.7555281827,206738.4104403344,299.6458888353807,728.8897946423195,1.0307806258022139,365,14:55
3115000,6234.000000352534,-809492.5452038851,206986.56568909984,300.00556413677776,727.384513170011,1.0329137685210112,365,14:53
3120000,6244.000000354571,-810487.0323519707,207262.11342072272,300.4049420016982,729.3822333770462,1.0300846994635633,365,14:51
3125000,6254.000000356608,-810223.0186928464,207543.7071059074,300.8130828493901,728.2345729364786,1.0317080602650717,365,14:48
3130000,6264.000000358646,-810825.7962366324,207120.5780295551,300.1998011282739,726.940193104261,1.0335451056212253,365,14:46
3135000,6274.000000360683,-811098.3506190619,206864.78445166288,299.82905486084036,725.7073262687738,1.035300942220329,365,14:43
3140000,6284.00000036272,-808621.8286019647,208332.0869993206,301.9557577562861,727.9532731043299,1.0321067387447238,365,14:41
3145000,6294.000000364757,-810946.3354730941,206916.64190429574,299.9042168612341,726.5063054070167,1.0341623645528248,365,14:39
3150000,6304.000000366795,-810907.2202915512,207874.6144783305,301.2926987733044,726.9209467477419,1.0335724703266589,365,14:36
3155000,6314.000000368832,-810614.6762815178,208042.68070031234,301.5362933349617,727.5852229525644,1.0326288315935748,365,14:34
3160000,6324.000000370869,-810312.0988124972,206189.10858684988,298.84973275690584,729.74813088939,1.0295682124551242,365,14:32
3165000,6334.0000003729065,-810083.1215641405,209433.31159995723,303.55186862684155,724.9354954591141,1.0364032156908385,365,14:29
3170000,6344.000000374944,-809315.5909723756,206704.8143424982,299.5971947752102,728.8577143561307,1.0308259950654077,365,14:27
3175000,6354.000000376981,-809016.7782223518,207012.4381891792,300.0430636428742,727.9356949943565,1.0321316619431364,365,14:24
3180000,6364.000000379018,-810319.9467146634,207325.35356650595,300.49660203552037,728.7950240582946,1.0309146657979382,365,14:22
3185000,6374.0000003810555,-811118.4250362138,206123.68545228016,298.75490870719597,726.4670078745436,1.0342183065689976,365,14:20
3190000,6384.000000383093,-809835.2987060486,206432.43089677097,299.2024032145847,727.0198477058557,1.0334318671396647,365,14:17
3195000,6394.00000038513,-808859.421349254,208457.837045562,302.1380194090523,726.2932132763169,1.0344657845183758,365,14:15
3200000,6404.000000387167,-809805.236904942,206508.65994563504,299.3128893165785,727.439908442081,1.0328351111108691,365,14:12
3205000,6414.000000389205,-809793.5596579527,206872.35413633188,299.84002633385313,725.4850847690296,1.0356180911719974,365,14:10
3210000,6424.000000391242,-811430.9248679965,206343.26471350715,299.0731660777544,727.1223529947121,1.033286180197683,365,14:08
3215000,6434.000000393279,-809183.4024534798,207313.5583372563,300.4795060737927,726.0819125681488,1.0347668295507073,365,14:06
3220000,6444.000000395316,-810096.6079643909,206330.998123829,299.05538692796193,727.3642811289445,1.0329424995906074,365,14:03
3225000,6454.000000397354,-809486.890738158,206256.89010511193,298.9479750392325,729.1418177617468,1.0304243431937667,365,14:01
3230000,6464.000000399391,-810077.9802801865,207162.17893317156,300.26009732438933,728.0507676622967,1.0319685275172408,365,13:58
3235000,6474.000000401428,-810129.8183527295,206278.95268019094,298.9799524540993,726.7705709222515,1.0337863264177667,365,13:56
3240000,6484.0000004034655,-809422.3683558158,207317.42685721576,300.48511309233976,726.5144144001804,1.0341508217459954,365,13:54
3245000,6494.000000405503,-810725.0353887598,206746.0330455068,299.65693701117567,727.0419537123596,1.0334004452231447,365,13:51
3250000,6504.00000040754,-810585.3702307604,206582.14959228915,299.4194049391228,727.2615121578212,1.0330884641936255,365,13:49
3255000,6514.000000409577,-809475.6590587394,207777.47226088197,301.1519012019735,727.2921049884343,1.0330450083384382,365,13:47
3260000,6524.000000411615,-813171.620574078,206216.67111911994,298.88968178942,725.1207972984798,1.0361383668230257,365,13:44
3265000,6534.000000413652,-811191.8373360247,206510.43523667834,299.3154624168625,727.5591425875264,1.032665847604096,365,13:42
3270000,6544.000000415689,-810874.4739902439,208230.5463403921,301.8085851001128,727.4497146668189,1.032821188205942,365,13:40
3275000,6554.000000417726,-811974.7445395864,207127.33384104882,300.2095929765112,726.309110826724,1.0344431419937141,365,13:37
3280000,6564.000000419764,-811971.7845905134,208341.13839628355,301.96887681762746,727.8239586125251,1.032290115998014,365,13:35
3285000,6574.000000421801,-810319.9973035892,206888.76893133193,299.86381787712446,725.2657330805077,1.0359313068205536,365,13:32
3290000,6584.000000423838,-812093.1608644961,207885.5241762183,301.3085112491455,727.683509253728,1.0324893571283142,365,13:30
3295000,6594.000000425875,-810491.6008040886,208523.9288731721,302.2338126599861,729.0448611838618,1.0305613806017575,365,13:28
3300000,6604.000000427913,-810606.1900891806,207408.16554810147,300.6166294159117,726.8522814138101,1.0336701113475821,365,13:25
3305000,6614.00000042995,-809129.7945916103,208334.35694528825,301.9590478075913,727.7043274993364,1.0324598195589847,365,13:23
3310000,6624.000000431987,-809655.4810020127,207444.94669096713,300.669939868589,726.4108883044478,1.0342982060965025,365,13:21
3315000,6634.0000004340245,-811303.1739208987,207628.27322189684,300.9356526656959,726.4996679807531,1.034171812838546,365,13:18
3320000,6644.000000436062,-811082.9716974027,207782.82167011197,301.159654615962,725.780395326097,1.0351967117060012,365,13:16
3325000,6654.000000438099,-812089.2950910605,205659.7184736351,298.08243668126596,726.4964329817752,1.034176417878028,365,13:13
3330000,6664.000000440136,-810563.2317604921,207432.71580666973,300.6522124700435,725.8444239285901,1.035105394342981,365,13:11
3335000,6674.000000442174,-809654.4021574752,207689.7973469309,301.0248255053795,726.0643881028602,1.0347918049326201,365,13:09
3340000,6684.000000444211,-810002.3257473176,206852.0459599172,299.8105917379334,727.0472975460071,1.033392849678688,365,13:06
3345000,6694.000000446248,-809895.029642358,207352.46359324205,300.53589520818423,727.2277098265521,1.0331364832638907,365,13:04
3350000,6704.000000448285,-808965.0962609085,206973.39178617738,299.98646993051864,727.8281061982378,1.03228423341159,365,13:01
3355000,6714.000000450323,-809279.4426584463,206215.71146374877,298.888290868468,728.7141497585023,1.0310290789759584,365,12:59
3360000,6724.00000045236,-809916.2336027045,207324.58302801242,300.4954852198726,727.6270432710827,1.032569481316468,365,12:57
3365000,6734.000000454397,-810851.302596705,206552.15408486055,299.3759295613961,726.7225373497223,1.0338546557290753,365,12:55
3370000,6744.0000004564345,-809894.7268779124,207611.60749818542,300.9114974272767,726.0145912940701,1.0348627805442205,365,12:52
3375000,6754.000000458472,-808562.0569951665,207650.59009837842,300.9679986640767,729.1651603925866,1.0303913564078397,365,12:50
3380000,6764.000000460509,-810700.0201021745,207342.01648695063,300.5207532108951,727.6680381725592,1.0325113090704252,365,12:47
3385000,6774.000000462546,-810649.257756256,206134.46251844394,298.7705289471059,725.0523588800379,1.0362361689613733,365,12:45
3390000,6784.0000004645835,-809127.2043609819,206482.23152421255,299.2745840601397,725.9808188651097,1.0349109220774837,365,12:43
3395000,6794.000000466621,-809320.3650140543,206905.7904785496,299.88848884482,726.7375733617548,1.033833265544209,365,12:40
3400000,6804.000000468658,-811075.0678524482,206327.52268614862,299.0503496414189,726.2448919888031,1.0345346135306666,365,12:38
3405000,6814.000000470695,-810330.4131500274,206609.9694415609,299.45972692594927,727.0315332194248,1.0334152568806123,365,12:36
3410000,6824.000000472733,-808714.8270222764,206824.3355624129,299.77042839009454,728.6851340067371,1.0310701338601904,365,12:33
3415000,6834.00000047477,-809840.4535802566,207490.06861218502,300.73533941461665,726.0749759782872,1.0347767152420428,365,12:31
3420000,6844.000000476807,-811648.825013998,206897.72631551285,299.8768006766865,725.5647751436236,1.0355043469599725,365,12:28
3425000,6854.000000478844,-810612.8113204017,207925.419418433,301.3663352659224,725.7108223857141,1.0352959546508305,365,12:26
3430000,6864.000000480882,-810237.5408884743,207302.70936048136,300.4637816069084,727.8640201432779,1.032233298898826,365,12:24
3435000,6874.000000482919,-809230.8639273783,207061.14992305712,300.1136662501182,727.836875530017,1.0322717959503434,365,12:21
3440000,6884.000000484956,-812030.3503612587,207509.45748055534,300.7634415688509,725.2508385759346,1.035952581781941,365,12:19
3445000,6894.0000004869935,-811338.6068480508,207215.69044313993,300.33765670937856,726.3083013373421,1.0344442949073434,365,12:17
3450000,6904.000000489031,-810987.0137950182,205929.10151113418,298.4728794612828,726.700062951451,1.033886629389836,365,12:14
3455000,6914.000000491068,-811049.5864690049,207068.2248451084,300.12392061601946,726.0502367928199,1.0348119738671056,364,12:12
3460000,6924.000000493105,-808601.3997101625,206367.89031347475,299.1088583314323,728.8886104479086,1.0307823004677779,364,12:10
3465000,6934.000000495143,-811738.8549149432,206195.3862243813,298.8588315415675,726.7008538418888,1.0338855041798616,364,12:07
3470000,6944.00000049718,-810553.4240622502,205333.00083966914,297.6088933488034,726.6198576191853,1.0340007512649343,364,12:05
3475000,6954.000000499217,-811109.2729759542,206783.48013065205,299.7112126781344,726.75688634002,1.0338057922587645,364,12:03
3480000,6964.000000501254,-810032.1932381568,206655.16421175096,299.5252320590083,726.3522538632724,1.0343816993286095,364,12:00
3485000,6974.000000503292,-810290.0190066467,206828.0966039827,299.77587962986047,729.6708222177635,1.0296772952749795,365,11:58
3490000,6984.000000505329,-811102.3823633823,207654.2240810804,300.9732657451886,723.6506430732383,1.0382433648804457,365,11:55
3495000,6994.000000507366,-811098.5315037728,207720.35647511607,301.06911779294995,724.5315078276134,1.0369810981926528,365,11:53
3500000,7004.000000509403,-810699.5156531562,207848.7058099582,301.25514684501763,726.5970327409775,1.0340332327369894,365,11:51
3505000,7014.000000511441,-810615.9289915883,207595.65553477424,300.88837671040153,726.5112488671577,1.0341553277169377,364,11:48
3510000,7024.000000513478,-809947.0823387746,206408.62170644267,299.1678942620239,728.7384633105748,1.0309946798321474,364,11:46
3515000,7034.000000515515,-810328.4736716035,206680.59397515695,299.5620898642049,726.3649692410207,1.0343635919657823,364,11:44
3520000,7044.0000005175525,-810176.1062912648,207922.98408677796,301.3628055052125,726.7745057223201,1.0337807294375807,364,11:41
3525000,7054.00000051959,-810877.9422548274,207500.9647040769,300.75113216997755,728.5705855679646,1.031232242345543,365,11:39
3530000,7064.000000521627,-811557.6063925149,206384.63435088855,299.1331270774426,726.5954542106318,1.0340354791766373,365,11:36
3535000,7074.000000523664,-809308.6722583799,206498.5289362789,299.29820546902033,727.9677148204526,1.0320862633964003,365,11:34
3540000,7084.000000525702,-811341.8476881091,207084.5861824033,300.14763467789027,725.8722437674252,1.0350657228091882,365,11:32
3545000,7094.000000527739,-808447.7405799716,206810.99703774424,299.7510955816843,729.1104250093271,1.0304687093901392,365,11:29
3550000,7104.000000529776,-810538.3891418586,207235.19374878952,300.3659247285829,725.6041611210085,1.0354481395221204,365,11:27
3555000,7114.000000531813,-808848.3226010557,206260.93893882813,298.9538434038729,729.5522685660968,1.0298446198227231,364,11:25
3560000,7124.000000533851,-810463.0414940924,207403.5509822734,300.6099410812369,725.160307703448,1.03608191275895,364,11:22
3565000,7134.000000535888,-811403.7887207917,207413.8823219971,300.6249152868902,725.861471311807,1.0350810841418963,364,11:20
3570000,7144.000000537925,-810204.2136986139,208515.3263069585,302.221344132276,727.179834793057,1.033204501436803,364,11:17
3575000,7154.0000005399625,-809197.6193562713,206727.22696340302,299.62967954520457,726.7066754250131,1.0338772218142152,364,11:15
3580000,7164.000000542,-809931.6225856994,207925.2756385671,301.3661268719155,727.1476222304839,1.033250272286677,365,11:13
3585000,7174.000000544037,-810325.9313386828,206587.26607086678,299.42682074428365,727.1220878279613,1.033286557016299,365,11:10
3590000,7184.000000546074,-810830.0438105417,206369.1593915878,299.1106977285641,726.1910648267294,1.0346112959149738,365,11:08
3595000,7194.0000005481115,-809880.7325860262,207133.55186798592,300.21860536179753,727.709860159796,1.0324519699338353,365,11:06
3600000,7204.000000550149,-809870.4144275463,207042.32456544088,300.08638084629047,728.060765793684,1.031954355957104,365,11:03
3605000,7214.000000552186,-811259.9501154297,206127.39933453198,298.7602915944205,725.573885680202,1.0354913448379057,364,11:01
3610000,7224.000000554223,-811706.4162109471,207484.6237097856,300.727447593181,726.9451019115845,1.0335381264507617,364,10:59
3615000,7234.000000556261,-811361.0252631288,208425.28663178827,302.0908409595014,725.4353996492257,1.0356890207254157,364,10:56
3620000,7244.000000558298,-810776.779407566,206104.02932937403,298.7264191952242,725.8330884100272,1.035121559845215,364,10:54
3625000,7254.000000560335,-811078.701875139,207661.72114870005,300.98413196731815,726.8535969621986,1.0336682404852038,364,10:51
3630000,7264.000000562372,-810918.8039617576,206195.30778551925,298.85871785257046,725.5639021109638,1.0355055929275732,365,10:49
3635000,7274.00000056441,-809720.779359248,206554.5939304472,299.37946586458173,728.7444986535102,1.0309861413025685,365,10:47
3640000,7284.000000566447,-809732.9316808963,207523.61779393136,300.7839654747797,727.0980381110079,1.0333207343182935,365,10:44
3645000,7294.000000568484,-812089.9700279976,207446.33247324865,300.67194841631164,727.1226987912648,1.033285688799464,365,10:42
3650000,7304.0000005705215,-809847.7353112176,206587.68423406896,299.4274268284851,726.6468679540557,1.033962316217899,365,10:39
3655000,7314.000000572559,-808682.5403727805,206935.95908653236,299.9322151138508,727.4276727086144,1.0328524839653928,364,10:37
3660000,7324.000000574596,-811095.1343103307,207603.97636297208,300.90043688807185,727.4873559581529,1.0327677484823194,364,10:35
3665000,7334.000000576633,-810580.6942336392,208369.1949883941,302.00954193865044,726.0269174017315,1.0348452111817878,364,10:32
3670000,7344.000000578671,-809838.9662320414,207166.65883058705,300.2665904711641,728.5913789066448,1.031202811910468,365,10:30
3675000,7354.000000580708,-810822.2686961987,206953.52893627546,299.95768078920236,725.9871991635638,1.034901826819931,365,10:28
3680000,7364.000000582745,-811471.1558421375,207106.41565014163,300.17927422783805,725.9868309235501,1.034902351749925,365,10:25
3685000,7374.000000584782,-809879.851636528,206920.4726257011,299.9097690946964,728.9446976099498,1.0307029890274104,365,10:23
3690000,7384.00000058682,-810592.5738859884,206124.80415497156,298.7565301507467,724.7472219464613,1.0366724506296339,365,10:20
3695000,7394.000000588857,-810766.0821265476,207688.99912237725,301.0236685616584,727.9300992667676,1.0321395961220114,365,10:18
3700000,7404.000000590894,-808866.5456610974,207471.15965497567,300.70793284184737,727.3260270096297,1.0329968277792838,365,10:16
3705000,7414.000000592931,-809766.7360701207,207187.8396227213,300.29728983308615,727.0678945377995,1.0333635748555208,364,10:13
3710000,7424.000000594969,-810318.0803050813,207965.61384407227,301.4245929180502,727.9512045814888,1.0321096715461946,364,10:11
3715000,7434.000000597006,-811661.8705126746,206170.60102219117,298.82290796101756,726.5383559536851,1.0341167434664003,364,10:09
3720000,7444.000000599043,-809428.6668937332,206464.28326616564,299.24856992118964,728.6988417492154,1.0310507381330913,364,10:06
3725000,7454.0000006010805,-810166.829521759,206236.585845951,298.91854612096586,726.7838761911014,1.0337674008396724,365,10:04
3730000,7464.000000603118,-810200.1109883846,208395.40326819633,302.0475281226375,726.4592944804656,1.0342292876844186,365,10:02
3735000,7474.000000605155,-812504.7568505388,207573.38978122867,300.85610480941546,726.1016443642756,1.0347387097849998,365,9:59
3740000,7484.000000607192,-809794.0229853662,206386.22129316756,299.135427185723,728.7319365774515,1.0310039137174611,365,9:57
3745000,7494.00000060923,-809787.9802614567,205640.0679028274,298.0539552164851,728.1945350716863,1.031764786024237,365,9:54
3750000,7504.000000611267,-811964.9101112462,206581.04867124878,299.41780926823134,726.216448250803,1.034575133174046,365,9:52
3755000,7514.000000613304,-809492.4712831243,207918.44963154645,301.3562332825407,729.6972414955413,1.029640014977154,364,9:50
3760000,7524.000000615341,-808762.3422466898,206596.12716144545,299.43966397625417,726.9822102862464,1.0334853701116369,364,9:47
3765000,7534.000000617379,-810389.6813744116,207955.86123165,301.410457517611,727.2099175280159,1.0331617605219365,364,9:45
3770000,7544.000000619416,-809438.2987504085,208117.3569736468,301.64452884983564,728.2164926553125,1.0317336756857591,365,9:43
3775000,7554.000000621453,-810409.2007162948,207583.04616478013,300.8701007360845,726.5721997896657,1.0340685741620135,365,9:40
3780000,7564.00000062349,-810720.6592890136,206825.24796783875,299.7717508271503,727.8529670189181,1.0322489743216627,365,9:38
3785000,7574.000000625528,-810967.5640278719,207262.1977535386,300.40506423337024,725.5339401668631,1.0355483555868694,365,9:35
3790000,7584.000000627565,-810840.6087904084,206934.57432848576,299.93020805065044,728.7097487540884,1.0310353058221549,365,9:33
3795000,7594.000000629602,-811578.5023767063,206953.61935410523,299.95781184047104,729.0128218539026,1.0306066726667618,365,9:31
3800000,7604.0000006316395,-810953.619933974,207008.79917841614,300.03778927410906,725.1719542822793,1.0360652728301698,365,9:28
3805000,7614.000000633677,-811128.1918336493,208400.849596016,302.05542201007205,726.3820094645266,1.0343393267904837,364,9:26
3810000,7624.000000635714,-810165.9575385507,206875.51047148497,299.8446011143712,728.3684713797521,1.0315183978776807,364,9:24
3815000,7634.000000637751,-811385.5734751518,205989.10222479582,298.5598442741475,725.7003051911083,1.0353109586531049,365,9:21
3820000,7644.000000639789,-810781.9918852262,206388.16894441663,299.13825010425285,727.7401928496262,1.032408936656745,365,9:19
3825000,7654.000000641826,-811419.8440976269,207494.25198829971,300.74140278451273,725.9981841026449,1.034886167919163,365,9:16
3830000,7664.000000643863,-810140.9980277703,206674.6678199396,299.55350051671167,726.580592763281,1.0340566292926547,365,9:14
3835000,7674.0000006459,-811074.0398259833,207682.0210534655,301.01355457434005,726.3080018850331,1.0344447214023453,365,9:12
3840000,7684.000000647938,-810803.5452700434,207290.61965220966,300.44625882837335,728.9509597736677,1.0306941346171443,365,9:09
3845000,7694.000000649975,-810410.59973248,206734.91689508647,299.64082530379613,726.2752610101325,1.0344913547203631,365,9:07
3850000,7704.000000652012,-808681.9636618681,208120.31193959623,301.64881176657326,727.4368732274088,1.0328394205931055,365,9:05
3855000,7714.0000006540495,-811212.6894864114,208320.36516759865,301.93876817666415,726.8338192367362,1.0336963674189517,365,9:02
3860000,7724.000000656087,-810967.2694318662,207595.9970231771,300.8888716624319,725.8638131005046,1.035077744753515,365,9:00
3865000,7734.000000658124,-810931.0166892041,206675.7660284798,299.55509225611524,727.9615634281437,1.0320949846913445,365,8:58
3870000,7744.000000660161,-812049.2821901175,206331.5133334087,299.05613367082464,726.7302140274667,1.0338437348001344,365,8:55
3875000,7754.0000006621985,-810692.9064119933,208011.70793007757,301.4914015161317,728.8779063680103,1.0307974382240546,365,8:53
3880000,7764.000000664236,-810652.1284511243,207041.46509114956,300.08513512742576,727.0869508753033,1.0333364912652805,365,8:50
3885000,7774.000000666273,-810390.3820536816,206925.625445947,299.9172375733371,728.3612487886547,1.0315286266420605,365,8:48
3890000,7784.00000066831,-810348.550549156,208730.8337983832,302.53369989471554,725.2600448608814,1.0359394316370698,365,8:46
3895000,7794.000000670348,-810215.0555450753,208641.86905794704,302.40475472837596,727.4167566609432,1.0328679835629055,365,8:43
3900000,7804.000000672385,-809324.2408116027,206140.62506354798,298.7794609172282,727.4556859058999,1.0328127104081017,365,8:41
3905000,7814.000000674422,-811249.4015449663,206920.71295374076,299.9101174252698,727.8768287881245,1.0322151344110972,365,8:39
3910000,7824.000000676459,-812378.2411306472,206029.0044103167,298.61767835452673,724.8850916314555,1.036475280476929,365,8:36
3915000,7834.000000678497,-810512.3530660612,207439.25313729022,300.6616876529096,726.752163629124,1.0338125103204694,365,8:34
3920000,7844.000000680534,-810931.5569806402,206524.19831793747,299.3354105760276,725.9532984856137,1.0349501548234183,365,8:31
3925000,7854.000000682571,-810847.8818294602,206832.5991639047,299.78240562358843,726.7042585594264,1.0338806602725,365,8:29
3930000,7864.0000006846085,-810751.3034761143,206054.87078662618,298.65516898485373,726.8605269688646,1.0336583853238197,365,8:27
3935000,7874.000000686646,-808898.9727541739,206953.29942378754,299.95734813464975,728.2269732421621,1.031718827053683,365,8:24
3940000,7884.000000688683,-812138.6459059217,207368.64678662946,300.55935106893327,726.610983097156,1.0340133801167668,365,8:22
3945000,7894.00000069072,-811216.6476334119,207532.57480952944,300.7969477401192,728.5447046734258,1.0312688759422706,365,8:19
3950000,7904.000000692758,-809561.2444359842,207713.37944583135,301.05900531246317,728.2580943834191,1.0316747379215445,365,8:17
3955000,7914.000000694795,-809708.2704792735,207352.1527001424,300.53544460087346,727.4642795954833,1.032800509572844,365,8:15
3960000,7924.000000696832,-810705.2634810009,207287.87824956357,300.4422854494991,727.171620886276,1.0332161721967952,365,8:12
3965000,7934.000000698869,-809729.1618926125,205997.47622243594,298.5719815154112,728.3989595174543,1.0314752222600525,365,8:10
3970000,7944.000000700907,-809808.3839396681,206714.3244452681,299.6109786830546,727.5955409604256,1.0326141879188926,365,8:08
3975000,7954.000000702944,-810381.4857645896,207719.99034471822,301.06858712490305,726.0653111446003,1.034790489409053,365,8:05
3980000,7964.000000704981,-810618.9727385761,207500.54076182912,300.75051770964876,726.7315360606501,1.033841854084002,365,8:03
3985000,7974.000000707018,-810360.0273932917,206777.91167522152,299.70314177939156,725.9806495647683,1.0349111634210684,365,8:01
3990000,7984.000000709056,-810103.247237735,208486.97976600143,302.1802587604653,727.5545746822397,1.0326723311311725,365,7:58
3995000,7994.000000711093,-810640.4835220734,206410.93708389936,299.1712501615615,726.5591452832294,1.0340871538673886,365,7:56
4000000,8004.00000071313,-810908.6617481722,207647.0600479188,300.9628822219731,728.2427133682961,1.0316965276414478,365,7:53
4005000,8014.0000007151675,-810242.3468736084,207420.77191211272,300.6349010333681,726.8569045587097,1.0336635367292863,365,7:51
4010000,8024.000000717205,-811377.316239906,206464.85609706677,299.24940018018293,724.5395416228296,1.036969600001999,365,7:49
4015000,8034.000000719242,-810671.9162768857,206756.26513533355,299.6717673643948,727.7745384380926,1.0323602145723707,365,7:46
4020000,8044.000000721279,-810447.2848672853,207145.963448393,300.23659466061724,725.8632327004624,1.0350785724013964,365,7:44
4025000,8054.000000723317,-810656.9183439445,207001.91247502546,300.02780771163964,727.9414400324877,1.0321235161838374,365,7:42
4030000,8064.000000725354,-810611.3696352453,207197.31790277932,300.3110276172094,727.426660996469,1.032853920466773,365,7:39
4035000,8074.000000727391,-811975.2154122209,206442.52482226898,299.21703331293577,727.331787208594,1.0329886468261587,365,7:37
4040000,8084.000000729428,-810585.7380422344,207875.4347817729,301.2938877180853,726.9259556436932,1.0335653484775602,365,7:34
4045000,8094.000000731466,-810071.7741907169,206103.7348895301,298.7259924352015,727.7105714440914,1.0324509607869288,365,7:32
4050000,8104.000000733503,-810855.0955264461,207188.03187534868,300.2975684833345,726.6316986165166,1.033983901463089,365,7:30
4055000,8114.00000073554,-811340.6427309755,207028.81527892625,300.06680053629105,725.6020902720794,1.0354510946633744,365,7:27
4060000,8124.0000007375775,-810751.369836608,207558.27179771801,300.83419285992915,724.9286566838098,1.0364129928304944,365,7:25
4065000,8134.000000739615,-810936.1701052557,208106.69307938346,301.62907264086033,726.1825490088294,1.0346234286237608,365,7:23
4070000,8144.000000741652,-810241.1356567964,206978.21844206803,299.99346566774705,727.4987215432766,1.032751613732648,365,7:20
4075000,8154.000000743689,-812420.6138829528,206394.850767997,299.14793471468164,726.545643334146,1.0341063710937632,365,7:18
4080000,8164.0000007457265,-811931.5228718766,207899.74417301925,301.32912166001,723.6932866784368,1.038182186421329,365,7:16
4085000,8174.000000747764,-811262.0484263697,207690.36512427084,301.0256484397599,726.2368524328108,1.034546065991284,365,7:13
4090000,8184.000000749801,-810578.3250794755,206482.49805706428,299.274970371871,726.601333372849,1.03402711246708,365,7:11
4095000,8194.000000751837,-811377.5898743174,207612.20240584417,300.9123596842409,726.8441521598807,1.033681672239679,365,7:08
4100000,8204.000000753875,-812249.4363623573,207863.4175075686,301.2764699252201,726.6390298984487,1.0339734692853735,365,7:06
4105000,8214.000000755912,-809920.9527945393,207632.62125682808,300.94195469147274,727.4281227521739,1.0328518449625914,365,7:04
4110000,8224.00000075795,-810166.040370957,206896.81124180995,299.8754743722399,728.4445255592728,1.0314107008840752,365,7:01
4115000,8234.000000759987,-810535.8549699793,206485.65159195737,299.2795410937025,728.3265292365929,1.0315777999323614,365,6:59
4120000,8244.000000762024,-808838.0467897835,208942.8624897888,302.8410134972508,728.5660370742393,1.0312386804076332,365,6:57
4125000,8254.000000764061,-809413.2525609755,207299.6812524224,300.4593926782672,726.0873908747232,1.0347590222674568,365,6:54
4130000,8264.000000766098,-810329.6387913614,208923.58784879657,302.81307690375667,728.6784390523017,1.031079607130149,365,6:52
4135000,8274.000000768136,-810875.0403825343,207517.5828163946,300.7752184006184,725.2831535657355,1.03590642491624,365,6:49
4140000,8284.000000770173,-809930.349617173,207648.68224713113,300.96523343152245,726.9534752847883,1.0335262216992926,365,6:47
4145000,8294.00000077221,-811278.1000901558,208256.3895294458,301.8460421229168,726.4866069637899,1.0341904055221014,365,6:45
4150000,8304.000000774247,-809591.3830712046,207634.1633215114,300.94418975433155,728.6985497584933,1.0310511512768386,365,6:42
4155000,8314.000000776285,-810155.4767468278,207034.8156249316,300.07549741563855,726.744971400111,1.0338227414422843,365,6:40
4160000,8324.000000778322,-809830.8522679769,207138.4478406222,300.22570156646105,727.0085588949436,1.033447914016687,365,6:38
4165000,8334.00000078036,-809894.5699504185,207810.41474072664,301.1996479106401,729.0318368866056,1.0305797917836603,365,6:35
4170000,8344.000000782396,-810250.2754440447,207727.14995980676,301.0789642445798,728.0817082078703,1.031924673003529,365,6:33
4175000,8354.000000784434,-809325.7720849416,206940.7592761529,299.939172490965,727.537457547331,1.0326966273257192,365,6:31
4180000,8364.000000786471,-809666.8613937157,206796.12058744684,299.72953370954554,728.1656212203451,1.0318057551290298,365,6:28
4185000,8374.000000788508,-810423.7130255504,207708.58812547935,301.05206079043404,728.1681465279836,1.0318021767976135,365,6:26
4190000,8384.000000790546,-810849.0686043529,207781.2328348567,301.1573517640088,728.7744690576354,1.030943742628336,365,6:23
4195000,8394.000000792583,-808945.5636843783,207077.13649588602,300.1368371297556,729.9150393331417,1.0293327828245273,365,6:21
4200000,8404.00000079462,-810987.6412008945,206373.9318508163,299.11761491335045,727.6894774312999,1.0324808891209902,365,6:19
4205000,8414.000000796657,-811683.864600983,208065.50448212796,301.56937404006226,725.5006428430853,1.0355958827520397,365,6:16
4210000,8424.000000798695,-810034.8440856934,207237.93474143685,300.36989751320647,726.5382668125923,1.034116870345191,365,6:14
4215000,8434.000000800732,-810734.5778215267,205650.94620040094,298.06972218082666,727.5178802833943,1.0327244168481315,365,6:12
4220000,8444.00000080277,-811858.9076551767,206476.40209156147,299.2661349019769,727.3135640215818,1.033014528847647,365,6:09
4225000,8454.000000804806,-810575.5158982426,206348.84280255975,299.0812509394336,726.0234295938159,1.0348501825658671,365,6:07
4230000,8464.000000806844,-810578.5127902562,206383.33568236968,299.1312447920859,727.206576238531,1.0331665075809422,365,6:04
4235000,8474.000000808881,-810747.4151965394,207584.25377368333,300.87185103997047,725.7347602841177,1.0352618060737797,365,6:02
4240000,8484.000000810918,-811486.3613028186,206270.21362986532,298.967286106821,724.9547400067091,1.03637570347537,365,6:00
4245000,8494.000000812955,-810130.5438613216,207023.51401357667,300.0591169018651,727.9121408104911,1.032165060230616,365,5:57
4250000,8504.000000814993,-811556.2573792622,205956.18068200265,298.51212791156604,725.1321907003612,1.0361220868385355,365,5:55
4255000,8514.00000081703,-809770.0275481879,206858.00004434772,299.8192215659251,727.3910302051512,1.0329045141653117,365,5:53
4260000,8524.000000819067,-811461.806225081,205578.2273006366,297.96432367597885,727.9775037327609,1.0320723852176446,365,5:50
4265000,8534.000000821105,-812078.4009203585,206276.6243990038,298.9765778519424,727.8036860904614,1.0323188698014814,365,5:48
4270000,8544.000000823142,-809886.4046907253,206449.20548474378,299.22671624046245,726.2722691816267,1.034495616236127,365,5:46
4275000,8554.000000825179,-811901.2594237942,208126.0147643589,301.65707741973006,728.3357313153597,1.031564766574583,365,5:43
4280000,8564.000000827216,-810050.2320103664,206851.1671119323,299.8093179389087,727.432439468788,1.0328457158315862,365,5:41
4285000,8574.000000829254,-810597.7145203142,207851.8858665382,301.25975600728435,725.017076168738,1.0362865970447794,365,5:38
4290000,8584.00000083129,-809930.2924190299,206885.31242981015,299.8588080365799,724.7264696110838,1.036702135449044,365,5:36
4295000,8594.000000833328,-812218.1252168464,207662.146352384,300.9847482559679,726.241244026439,1.034539810072953,365,5:34
4300000,8604.000000835365,-812161.9876442105,208133.68340182086,301.6681923145556,726.6901568384847,1.0339007231513224,365,5:31
4305000,8614.000000837403,-810672.2465580544,205632.23532264365,298.0426027036839,727.3750471228769,1.0329272108441387,365,5:29
4310000,8624.00000083944,-811780.3726017168,207662.3321259993,300.98501751556,728.6335773875828,1.0311430902704664,365,5:27
4315000,8634.000000841477,-809975.7297557886,206211.9821384776,298.88288559818824,724.9327520792457,1.036407137775624,365,5:24
4320000,8644.000000843514,-809799.8881364875,206703.0979907416,299.5947071013108,726.7093314410586,1.033873443144572,365,5:22
4325000,8654.000000845552,-809041.4491947056,208006.49001274756,301.4838386860176,726.091193087474,1.0347536037002216,365,5:19
4330000,8664.000000847589,-810952.9124447214,206717.79215741064,299.6160047722315,727.8755716298863,1.0322169172127331,365,5:17
4335000,8674.000000849626,-811140.6267168527,207831.20788484102,301.2297854169534,726.3021464213896,1.0344530611181058,365,5:15
4340000,8684.000000851664,-811199.2458680551,207560.4715695188,300.8373812010558,726.8907379378918,1.0336154245047666,365,5:12
4345000,8694.0000008537,-811284.5053265505,206309.0957288194,299.02364167749636,725.2184462618062,1.0359988532214282,365,5:10
4350000,8704.000000855738,-811818.5444844081,206559.43329484604,299.38648002147494,727.6690379297306,1.0325098904851453,365,5:08
4355000,8714.000000857775,-811847.5865352415,207155.70173158427,300.2507092923219,727.1928557773084,1.033186001063161,365,5:05
4360000,8724.000000859813,-810861.4830570682,206982.96093280544,300.00033941631307,725.1538743155758,1.0360911046243573,365,5:03
4365000,8734.00000086185,-808914.7755036228,206920.33268564328,299.90956626609324,726.7490164684724,1.033816987208611,365,5:00
4370000,8744.000000863887,-808564.5126201911,207441.82089540752,300.66540935204495,726.5262624456522,1.0341339570205283,365,4:58
4375000,8754.000000865924,-810975.277099892,206982.63594930078,299.99986838642116,726.9286954259151,1.033561452986868,365,4:56
4380000,8764.000000867962,-810372.5573268323,207443.4516794102,300.66777300435774,726.5199665267246,1.0341429186786435,365,4:53
4385000,8774.000000869999,-810698.630435166,207231.5237659744,300.36060546903985,728.2756743903473,1.0316498340977889,365,4:51
4390000,8784.000000872036,-810201.7060613306,207099.57843247295,300.1693643897914,729.2227613463754,1.0303099662921564,365,4:49
4395000,8794.000000874074,-810259.3193227253,205789.06593241583,298.2699124104853,727.3456991336915,1.032968888875162,365,4:46
4400000,8804.00000087611,-810351.9120550673,207084.89280752165,300.1480790992048,726.0467951808677,1.034816879089856,365,4:44
4405000,8814.000000878148,-809820.716660378,207668.79141284197,300.9943795820628,726.1037638887714,1.0347356893433615,365,4:42
4410000,8824.000000880185,-809773.3596618809,207189.91948693898,300.30030438060464,727.6784938901519,1.0324964733335584,365,4:39
4415000,8834.000000882223,-811461.76541615,206796.0228133108,299.72939199607373,726.5073151010984,1.0341609272822052,365,4:37
4420000,8844.00000088426,-810057.3847084539,207296.6206781072,300.4549566931541,728.3821081321839,1.0314990858148723,365,4:34
4425000,8854.000000886297,-811133.3631066354,206833.60679910445,299.78386608632684,728.0144680776322,1.0320199825783398,365,4:32
4430000,8864.000000888334,-812654.5790560897,206381.35448037018,299.12837324522224,724.0133009270311,1.0377233093649736,365,4:30
4435000,8874.000000890372,-810272.4996523862,208352.7849690434,301.9857573171876,724.7970528745307,1.036601177781443,365,4:27
4440000,8884.000000892409,-810596.6321153082,207464.49887834943,300.6982787367962,726.1344917320857,1.034691902418906,365,4:25
4445000,8894.000000894446,-810843.1039853995,206217.9731161576,298.8915688991196,726.9633658575863,1.033512160239232,365,4:23
4450000,8904.000000896483,-810787.1052008951,207240.5426531149,300.3736774107645,724.1780887661683,1.0374871738281142,365,4:20
4455000,8914.00000089852,-811575.909473591,207304.45251949196,300.4663081351428,725.1601928407974,1.036082076870433,365,4:18
4460000,8924.000000900558,-809583.419370186,207873.483460596,301.2910594803756,725.9156442205415,1.035003839143045,365,4:15
4465000,8934.000000902595,-810174.859959471,208221.9950854509,301.7961909427714,725.9214126310635,1.0349956146618102,365,4:13
4470000,8944.000000904633,-810592.4943827558,206117.89986369025,298.74652309645353,724.6205649681139,1.0368536513938413,365,4:11
4475000,8954.00000090667,-810546.8050479488,208303.52735094927,301.914363507376,725.5112186989654,1.035580786758313,365,4:08
4480000,8964.000000908707,-808731.6254832307,207259.28243350465,300.4008387792761,727.0866142772772,1.0333369696388557,365,4:06
4485000,8974.000000910744,-812028.5236282935,205840.27226974693,298.34413068676446,726.3180077126833,1.034430470791062,365,4:04
4490000,8984.000000912782,-809435.3238312909,206637.1876966195,299.4991769643442,725.9724712702941,1.0349228220012265,365,4:01
4495000,8994.000000914819,-809270.5946757747,206368.27548447106,299.1094165968524,726.6191550755873,1.0340017510054493,365,3:59
4500000,9004.000000916856,-810683.842512148,206329.1215624852,299.0526670468783,726.4905164585925,1.034184840188592,365,3:56
4505000,9014.000000918893,-812150.8725710344,206481.8827474892,299.27407854444454,725.1224632392914,1.0361359863352058,365,3:54
4510000,9024.00000092093,-810268.0930391327,207426.33549220453,300.64296486581304,725.1884271927142,1.0360417382427385,365,3:52
4515000,9034.000000922968,-810850.3179424223,206162.6965204507,298.8114512053775,727.2918135512068,1.0330454222957624,365,3:49
4520000,9044.000000925005,-811468.9505398232,207375.9287695578,300.5699055481053,728.2464330862274,1.0316912579691235,365,3:47
4525000,9054.000000927042,-809862.3182678213,206504.568148295,299.3069586806203,727.4977468069126,1.0327529974627794,365,3:45
4530000,9064.00000092908,-811793.4836280928,207248.77267484186,300.3856059738711,724.8187088831428,1.036570206389896,365,3:42
4535000,9074.000000931117,-811503.5961167701,206381.85695981438,299.12910153707355,726.0549256952994,1.0348052909946968,365,3:40
4540000,9084.000000933154,-810478.1698193541,207632.8256549923,300.9422509454173,726.5979182697693,1.034031972526664,365,3:38
4545000,9094.000000935192,-810165.8982978226,207215.37210533896,300.3371953117451,726.8221730390009,1.0337129307995692,365,3:35
4550000,9104.000000937229,-810662.6251361617,207378.36476394668,300.5734362693791,726.7680528097917,1.033789908289891,365,3:33
4555000,9114.000000939266,-810694.8367084526,206436.98395231034,299.20900239647403,726.1745182432724,1.03463487052648,365,3:30
4560000,9124.000000941303,-811420.0363922021,206437.5895804593,299.2098801916772,725.430747041053,1.0356956631998655,365,3:28
4565000,9134.00000094334,-811410.5547122718,207177.1454784565,300.28178977987045,727.8943581813231,1.0321902762640967,365,3:26
4570000,9144.000000945378,-811066.7116541332,206584.40558329097,299.4226747641519,725.62678503333,1.0354158558627997,365,3:23
4575000,9154.000000947415,-809998.2109303484,207048.58311881934,300.0954519704513,726.3311351368662,1.0344117749002748,365,3:21
4580000,9164.000000949452,-810202.0096351351,207627.22550057503,300.93413410228015,726.8241490079108,1.0337101205123547,365,3:19
4585000,9174.00000095149,-810731.0244854079,207307.76658860123,300.47111153467455,726.3169477541895,1.0344319803983584,365,3:16
4590000,9184.000000953527,-811335.3291113167,206926.14817595854,299.917995216286,726.7672723700814,1.0337910184261438,365,3:14
4595000,9194.000000955564,-810779.8691087035,206460.93808331847,299.243721425521,726.0473076280955,1.0348161487117724,365,3:11
4600000,9204.000000957602,-810068.9525367897,205992.54362750924,298.56483223053505,727.2576826720227,1.0330939040778597,365,3:09
4605000,9214.000000959639,-810935.0924429349,207047.7749020189,300.09428054400456,727.7279014242872,1.0324263741870905,365,3:07
4610000,9224.000000961676,-808799.5497220489,207535.39469747298,300.80103487529385,726.4130463240781,1.0342951334151353,365,3:04
4615000,9234.000000963713,-809385.0716783684,207539.61850179418,300.80715684168314,727.4308506852752,1.0328479716724581,365,3:02
4620000,9244.00000096575,-810539.4746582466,205881.7839434622,298.40429755339056,728.0514211667537,1.031967601214493,365,3:00
4625000,9254.000000967788,-812045.5427154107,207876.50803715718,301.2954432904769,727.6916511447697,1.032477804960807,365,2:57
4630000,9264.000000969825,-811049.6109680412,206910.1846546439,299.89485774742826,725.9231718950883,1.034993106365311,365,2:55
4635000,9274.000000971862,-811714.0308182915,207327.38037367247,300.4995396823448,724.6640012073468,1.0367915025591037,365,2:52
4640000,9284.0000009739,-811578.2080089208,207288.17642937286,300.4427176302138,726.5235664686691,1.0341377944753258,365,2:50
4645000,9294.000000975937,-812011.6642725496,207898.5050301915,301.32732565097024,725.1641431390518,1.0360764328610617,365,2:48
4650000,9304.000000977974,-810321.9150659591,206935.8034604679,299.93198955000753,727.1163964170795,1.0332946449350748,365,2:45
4655000,9314.000000980011,-809505.6672279676,207688.37273735038,301.02276068151303,724.1084896384672,1.0375868939713424,365,2:43
4660000,9324.000000982049,-809150.060058176,207173.63103023462,300.2766959515926,726.8243344484615,1.0337098567735599,365,2:41
4665000,9334.000000984086,-811735.1733399373,208098.5953203819,301.6173357788595,726.1354089744477,1.0346905954130325,365,2:38
4670000,9344.000000986123,-811269.7428092537,206472.20015137712,299.26004462538685,727.2619549996222,1.0330878351290185,365,2:36
4675000,9354.00000098816,-812071.9636884425,207508.5499657226,300.76212622020284,729.4345145320035,1.030010869645096,365,2:34
4680000,9364.000000990198,-810093.643522752,206579.16874872416,299.4150845154647,727.522195093709,1.0327182919353852,365,2:31
4685000,9374.000000992235,-810959.4189810115,207722.73387094666,301.07256358168974,728.1908186032708,1.0317700518434998,365,2:29
4690000,9384.000000994272,-810485.416445219,207188.29480599647,300.2979495740447,728.2770128855358,1.0316479380358308,365,2:26
4695000,9394.00000099631,-811202.7678904808,207835.13836592628,301.2354822417274,725.9731410648644,1.03492186716468,365,2:24
4700000,9404.000000998347,-808923.1197642856,206626.01955117454,299.4829898955679,728.2863038706593,1.031634776967726,365,2:22
4705000,9414.000001000384,-811045.2114220327,205956.8051802964,298.5130330570874,724.9403424840673,1.0363962861933977,365,2:19
4710000,9424.000001002421,-811292.7897795909,207520.43445595718,300.77935155647253,727.7890300367521,1.0323396584094109,365,2:17
4715000,9434.000001004459,-809228.3790842067,206624.1903999289,299.4803387305055,727.5532055337426,1.0326742744691435,365,2:15
4720000,9444.000001006496,-811243.7244099975,206168.63686044217,298.82006111223,728.3389118249489,1.0315602619386521,365,2:12
4725000,9454.000001008533,-810528.8556301701,207788.76893618837,301.1682745614564,726.6145924178933,1.0340082438506164,365,2:10
4730000,9464.00000101057,-811233.6324480237,205785.4361065679,298.26465135430226,726.9120768125514,1.033585082196951,365,2:07
4735000,9474.000001012608,-812617.6234872751,206978.20653543505,299.99344841031717,726.9253610937218,1.0335661938274148,365,2:05
4740000,9484.000001014645,-811007.9645566056,207677.44913226707,301.0069280486341,727.3506805504758,1.0329618143666777,365,2:03
4745000,9494.000001016682,-811272.1162873195,207872.00509924488,301.28891674889127,725.8914325454382,1.0350383610778144,365,2:00
4750000,9504.00000101872,-809170.6171385106,207411.36543906044,300.6212673260539,727.0931628915539,1.0333276628187984,365,1:58
4755000,9514.000001020757,-810026.4844024191,207426.39560658747,300.6430519953778,727.7896311882112,1.0323388057007912,365,1:56
4760000,9524.000001022794,-810160.1961064418,207091.71211142425,300.15796297310504,727.9260194873532,1.0321453809157464,365,1:53
4765000,9534.000001024831,-810073.8964370252,207279.27874309092,300.4298213565661,726.872906040219,1.0336407815160538,365,1:51
4770000,9544.000001026869,-811864.6561167184,207718.38170290305,301.06625556539507,725.991021820511,1.034896377613895,365,1:48
4775000,9554.000001028906,-809497.3011876168,207114.40338594373,300.1908516226198,727.0305232605531,1.0334166924556993,365,1:46
4780000,9564.000001030943,-809834.1328301234,207266.8638568917,300.41182726634344,726.6009016822444,1.034027726806793,365,1:44
4785000,9574.00000103298,-811896.7615896696,206364.27392599985,299.1036167527775,727.1267452849833,1.0332799385171698,365,1:41
4790000,9584.000001035018,-810714.4153174479,207167.05472976583,300.26716428597217,725.6692896955517,1.0353552084000543,365,1:39
4795000,9594.000001037055,-808754.2597793075,206559.89597759594,299.3871506321445,729.0130322662535,1.0306063752065473,365,1:37
4800000,9604.000001039092,-811132.1123678619,206439.39112774387,299.2124913476604,729.6502147606486,1.029706376374766,365,1:34
4805000,9614.00000104113,-810506.258637323,207902.85553521098,301.3336312568839,729.0478560816756,1.0305571470991144,365,1:32
4810000,9624.000001043167,-809848.31270146,206904.4553298403,299.88655368520995,727.984305558892,1.0320627421843191,365,1:30
4815000,9634.000001045204,-810151.4279472474,206572.70056891657,299.4057095595314,727.2392495051819,1.0331200896726402,365,1:27
4820000,9644.000001047241,-811390.8956640069,208186.3864215793,301.74457987681933,727.5235681810971,1.0327163428405048,365,1:25
4825000,9654.000001049279,-808588.3786704186,206386.51303544804,299.1358500359072,730.4291789126062,1.0286082488938346,365,1:22
4830000,9664.000001051316,-808164.6693842467,207451.19780117096,300.6790002046399,728.96288609323,1.0306772717728832,365,1:20
4835000,9674.000001053353,-810177.9042593227,206716.61308553268,299.61429582980463,728.5882879450495,1.0312071866833556,365,1:18
4840000,9684.00000105539,-811186.8300860026,206634.90536330192,299.49586895885983,727.604621360056,1.032601301044325,365,1:15
4845000,9694.000001057428,-810011.9746464216,207696.96084306596,301.03520825023077,727.2040307721214,1.0331701240221736,365,1:13
4850000,9704.000001059465,-809614.1732876739,207412.52482888347,300.62294774138303,727.8941376154775,1.0321905890374925,365,1:11
4855000,9714.000001061502,-810674.8399916929,206949.1066767639,299.9512711825929,725.8808594104056,1.0350534373816096,365,1:08
4860000,9724.00000106354,-811736.2716346276,206442.62409465548,299.21717719796624,728.037436972428,1.0319874233208024,365,1:06
4865000,9734.000001065577,-810613.5468518357,207509.00840829063,300.76279068516834,726.8504608242389,1.0336727004482655,365,1:03
4870000,9744.000001067614,-810646.5261942269,207414.0530576115,300.6251627504594,728.0968617821277,1.0319031959886134,365,1:01
4875000,9754.000001069651,-811672.5318308938,207842.2165733902,301.2457413694936,725.3253630876342,1.0358461414666975,365,0:59
4880000,9764.000001071689,-810185.4842325188,208221.61339356093,301.7956377199552,726.9888592653092,1.0334759179412218,365,0:56
4885000,9774.000001073726,-810761.6451427042,206527.25411831262,299.3398396418096,726.0222394301675,1.034851878989202,365,0:54
4890000,9784.000001075763,-810511.1707264623,206473.49359971762,299.2619193446363,726.1363294805609,1.0346892837598627,365,0:52
4895000,9794.0000010778,-810408.505801667,208159.5928452799,301.70574536625014,726.8705872363773,1.0336440789533932,365,0:49
4900000,9804.000001079838,-808824.0276725278,205426.7147766597,297.74472198309536,727.3353036093074,1.0329836527030953,365,0:47
4905000,9814.000001081875,-810533.111964195,207777.92243617325,301.15255368437863,727.5909538528339,1.032620698049833,365,0:45
4910000,9824.000001083912,-811233.6199430083,207944.2285013607,301.39359708127654,726.6725385280916,1.0339257902659995,365,0:42
4915000,9834.00000108595,-810689.8038042407,207554.73431588412,300.8290656468191,727.7020910617736,1.0324629926045907,365,0:40
4920000,9844.000001087987,-810650.8833430437,207112.9362124898,300.18872510683224,726.1638558119882,1.0346500623087795,365,0:37
4925000,9854.000001090024,-809523.0489543551,207283.38880594404,300.4357784664915,728.8254458822826,1.030871634500545,365,0:35
4930000,9864.000001092061,-810857.2078704876,206995.05990264768,300.0178756185343,726.7507180633629,1.0338145666568874,365,0:33
4935000,9874.000001094098,-810858.1778801586,207410.31199667824,300.61974047055435,728.1825679346903,1.0317817423083968,365,0:30
4940000,9884.000001096136,-811352.8079915568,206909.99259081454,299.894579370823,728.3349884887517,1.0315658186643062,365,0:28
4945000,9894.000001098173,-810053.6286349096,207336.75026367998,300.51312036632896,726.7109635421016,1.0338711211953935,365,0:26
4950000,9904.00000110021,-809360.6657328713,206655.1520424516,299.5252144208708,726.7961130520223,1.0337499955898626,365,0:23
4955000,9914.000001102248,-810388.1656643935,207436.97528118285,300.6583861366772,727.1906485152365,1.033189137121467,365,0:21
4960000,9924.000001104285,-809204.4299713047,206519.29036672798,299.3282970096642,727.1234840072977,1.0332845729608102,365,0:18
4965000,9934.000001106322,-810629.5385175487,206965.4100195947,299.9749011875016,726.7413941593279,1.033827830230267,365,0:16
4970000,9944.00000110836,-810088.6665295153,207977.54730694735,301.44188923508426,726.1320980075808,1.034695313323573,365,0:14
4975000,9954.000001110397,-810970.6289739595,208415.7062156093,302.0769551396615,725.6343206160541,1.0354051032542007,365,0:11
4980000,9964.000001112434,-810783.879790477,205752.6271096368,298.2170981152777,726.9155313005065,1.0335801703370948,365,0:09
4985000,9974.000001114471,-810493.8142994824,207653.74849148537,300.9725764273854,727.0520463175822,1.0333861000290374,365,0:07
4990000,9984.000001116508,-810232.9399472163,208337.27291686216,301.96327420602506,728.3221258484358,1.0315840367845812,365,0:04
4995000,9994.000001118546,-810458.8517978867,208410.45064087582,302.0693377290458,725.4756495003307,1.035631560038894,365,0:02
5000000,10004.000001120583,-810088.4817097872,207271.4431887281,300.4184645330007,728.2503763411077,1.0316856716739151,365,0:00
